ISO-10303-21;
HEADER;
/* Generated by software containing ST-Developer
 * from STEP Tools, Inc. (www.steptools.com) 
 */

FILE_DESCRIPTION(
/* description */ (''),
/* implementation_level */ '2;1');

FILE_NAME(
/* name */ 'AL-BASE.step',
/* time_stamp */ '2026-06-02T00:16:04-06:00',
/* author */ (''),
/* organization */ (''),
/* preprocessor_version */ 'ST-DEVELOPER v20.1',
/* originating_system */ 'Autodesk Translation Framework v14.24.0.0',
/* authorisation */ '');

FILE_SCHEMA (('AUTOMOTIVE_DESIGN { 1 0 10303 214 3 1 1 }'));
ENDSEC;

DATA;
#10=MECHANICAL_DESIGN_GEOMETRIC_PRESENTATION_REPRESENTATION('',(#13),#6039);
#11=SHAPE_REPRESENTATION_RELATIONSHIP('SRR','None',#6046,#12);
#12=ADVANCED_BREP_SHAPE_REPRESENTATION('',(#14),#6038);
#13=STYLED_ITEM('',(#6056),#14);
#14=MANIFOLD_SOLID_BREP('Cuerpo1',#3519);
#15=CYLINDRICAL_SURFACE('',#3542,1.20000000000001);
#16=CYLINDRICAL_SURFACE('',#3553,1.20000000000001);
#17=CYLINDRICAL_SURFACE('',#3564,1.20000000000001);
#18=CYLINDRICAL_SURFACE('',#3575,1.20000000000001);
#19=CYLINDRICAL_SURFACE('',#3580,0.0100000000000001);
#20=CYLINDRICAL_SURFACE('',#3650,1.51);
#21=CYLINDRICAL_SURFACE('',#3655,0.0100000000000001);
#22=CYLINDRICAL_SURFACE('',#3666,1.51);
#23=CYLINDRICAL_SURFACE('',#3671,0.0100000000000001);
#24=CYLINDRICAL_SURFACE('',#3682,1.51);
#25=CYLINDRICAL_SURFACE('',#3685,1.51);
#26=CYLINDRICAL_SURFACE('',#3705,0.889999999999986);
#27=CYLINDRICAL_SURFACE('',#3708,0.889999999999986);
#28=CYLINDRICAL_SURFACE('',#3711,1.99999999999999);
#29=CYLINDRICAL_SURFACE('',#3714,1.69);
#30=CYLINDRICAL_SURFACE('',#3717,1.69);
#31=CYLINDRICAL_SURFACE('',#3720,1.99999999999999);
#32=CYLINDRICAL_SURFACE('',#3723,0.889999999999986);
#33=CYLINDRICAL_SURFACE('',#3726,0.889999999999986);
#34=CYLINDRICAL_SURFACE('',#3729,0.889999999999986);
#35=CYLINDRICAL_SURFACE('',#3732,0.889999999999986);
#36=CYLINDRICAL_SURFACE('',#3735,0.889999999999986);
#37=CYLINDRICAL_SURFACE('',#3738,0.889999999999986);
#38=CYLINDRICAL_SURFACE('',#3741,0.889999999999986);
#39=CYLINDRICAL_SURFACE('',#3744,0.889999999999986);
#40=CYLINDRICAL_SURFACE('',#3747,0.889999999999986);
#41=CYLINDRICAL_SURFACE('',#3750,0.889999999999986);
#42=CYLINDRICAL_SURFACE('',#3753,0.889999999999986);
#43=CYLINDRICAL_SURFACE('',#3756,0.889999999999986);
#44=CYLINDRICAL_SURFACE('',#3759,1.20000000000001);
#45=CYLINDRICAL_SURFACE('',#3760,1.20000000000001);
#46=CYLINDRICAL_SURFACE('',#3761,0.499999999999994);
#47=CYLINDRICAL_SURFACE('',#3763,5.49999999999999);
#48=CYLINDRICAL_SURFACE('',#3765,0.499999999999988);
#49=CYLINDRICAL_SURFACE('',#3767,1.59999999999999);
#50=CYLINDRICAL_SURFACE('',#3769,0.500000000000003);
#51=CYLINDRICAL_SURFACE('',#3771,5.50000000000001);
#52=CYLINDRICAL_SURFACE('',#3773,0.499999999999988);
#53=CYLINDRICAL_SURFACE('',#3775,1.59999999999999);
#54=CYLINDRICAL_SURFACE('',#3777,0.499999999999994);
#55=CYLINDRICAL_SURFACE('',#3779,5.49999999999999);
#56=CYLINDRICAL_SURFACE('',#3781,0.499999999999988);
#57=CYLINDRICAL_SURFACE('',#3783,1.59999999999999);
#58=CYLINDRICAL_SURFACE('',#3785,0.500000000000003);
#59=CYLINDRICAL_SURFACE('',#3787,5.50000000000001);
#60=CYLINDRICAL_SURFACE('',#3789,0.499999999999988);
#61=CYLINDRICAL_SURFACE('',#3791,1.59999999999999);
#62=CYLINDRICAL_SURFACE('',#3793,1.20000000000001);
#63=CYLINDRICAL_SURFACE('',#3794,1.20000000000001);
#64=CYLINDRICAL_SURFACE('',#3795,0.889999999999986);
#65=CYLINDRICAL_SURFACE('',#3798,0.889999999999986);
#66=CYLINDRICAL_SURFACE('',#3801,0.889999999999986);
#67=CYLINDRICAL_SURFACE('',#3804,0.889999999999986);
#68=CYLINDRICAL_SURFACE('',#3807,0.889999999999986);
#69=CYLINDRICAL_SURFACE('',#3810,0.889999999999986);
#70=CYLINDRICAL_SURFACE('',#3813,0.889999999999986);
#71=CYLINDRICAL_SURFACE('',#3816,0.889999999999986);
#72=CYLINDRICAL_SURFACE('',#3819,0.889999999999986);
#73=CYLINDRICAL_SURFACE('',#3822,0.889999999999986);
#74=CYLINDRICAL_SURFACE('',#3825,1.99999999999999);
#75=CYLINDRICAL_SURFACE('',#3828,1.69);
#76=CYLINDRICAL_SURFACE('',#3831,1.69);
#77=CYLINDRICAL_SURFACE('',#3834,1.99999999999999);
#78=CYLINDRICAL_SURFACE('',#3837,0.889999999999986);
#79=CYLINDRICAL_SURFACE('',#3840,0.889999999999986);
#80=CYLINDRICAL_SURFACE('',#3843,0.889999999999986);
#81=CYLINDRICAL_SURFACE('',#3846,0.889999999999986);
#82=CYLINDRICAL_SURFACE('',#3850,1.69);
#83=CYLINDRICAL_SURFACE('',#3852,1.69);
#84=CYLINDRICAL_SURFACE('',#3855,1.69);
#85=CYLINDRICAL_SURFACE('',#3858,1.68999999999999);
#86=CYLINDRICAL_SURFACE('',#3861,1.68999999999999);
#87=CYLINDRICAL_SURFACE('',#3864,1.68999999999999);
#88=CYLINDRICAL_SURFACE('',#3866,1.69);
#89=CYLINDRICAL_SURFACE('',#3868,1.69000000000002);
#90=CYLINDRICAL_SURFACE('',#3869,10.8);
#91=CYLINDRICAL_SURFACE('',#3871,1.69);
#92=CYLINDRICAL_SURFACE('',#3874,1.69);
#93=CYLINDRICAL_SURFACE('',#3877,10.8);
#94=CYLINDRICAL_SURFACE('',#3878,1.69);
#95=CYLINDRICAL_SURFACE('',#3880,1.68999999999999);
#96=CYLINDRICAL_SURFACE('',#3882,1.69);
#97=CYLINDRICAL_SURFACE('',#3884,1.69);
#98=CYLINDRICAL_SURFACE('',#3887,1.69);
#99=CYLINDRICAL_SURFACE('',#3890,1.68999999999999);
#100=CYLINDRICAL_SURFACE('',#3893,1.68999999999999);
#101=CYLINDRICAL_SURFACE('',#3896,1.68999999999999);
#102=CYLINDRICAL_SURFACE('',#3898,1.68999999999997);
#103=CYLINDRICAL_SURFACE('',#3900,1.68999999999997);
#104=CYLINDRICAL_SURFACE('',#3901,10.8);
#105=CYLINDRICAL_SURFACE('',#3903,1.69);
#106=CYLINDRICAL_SURFACE('',#3906,1.69);
#107=CYLINDRICAL_SURFACE('',#3909,10.8);
#108=CYLINDRICAL_SURFACE('',#3910,1.68999999999997);
#109=CYLINDRICAL_SURFACE('',#3912,1.68999999999999);
#110=CYLINDRICAL_SURFACE('',#3913,0.0100000000000001);
#111=FACE_BOUND('',#407,.T.);
#112=FACE_BOUND('',#408,.T.);
#113=FACE_BOUND('',#412,.T.);
#114=FACE_BOUND('',#413,.T.);
#115=FACE_BOUND('',#417,.T.);
#116=FACE_BOUND('',#418,.T.);
#117=FACE_BOUND('',#422,.T.);
#118=FACE_BOUND('',#423,.T.);
#119=FACE_BOUND('',#430,.T.);
#120=FACE_BOUND('',#431,.T.);
#121=FACE_BOUND('',#432,.T.);
#122=FACE_BOUND('',#440,.T.);
#123=FACE_BOUND('',#441,.T.);
#124=FACE_BOUND('',#449,.T.);
#125=FACE_BOUND('',#450,.T.);
#126=FACE_BOUND('',#457,.T.);
#127=FACE_BOUND('',#458,.T.);
#128=FACE_BOUND('',#461,.T.);
#129=FACE_BOUND('',#462,.T.);
#130=FACE_BOUND('',#610,.T.);
#131=FACE_BOUND('',#611,.T.);
#132=FACE_BOUND('',#612,.T.);
#133=PLANE('',#3536);
#134=PLANE('',#3547);
#135=PLANE('',#3558);
#136=PLANE('',#3569);
#137=PLANE('',#3577);
#138=PLANE('',#3582);
#139=PLANE('',#3583);
#140=PLANE('',#3584);
#141=PLANE('',#3649);
#142=PLANE('',#3652);
#143=PLANE('',#3657);
#144=PLANE('',#3658);
#145=PLANE('',#3659);
#146=PLANE('',#3665);
#147=PLANE('',#3668);
#148=PLANE('',#3673);
#149=PLANE('',#3674);
#150=PLANE('',#3675);
#151=PLANE('',#3681);
#152=PLANE('',#3684);
#153=PLANE('',#3688);
#154=PLANE('',#3690);
#155=PLANE('',#3696);
#156=PLANE('',#3697);
#157=PLANE('',#3703);
#158=PLANE('',#3707);
#159=PLANE('',#3710);
#160=PLANE('',#3713);
#161=PLANE('',#3716);
#162=PLANE('',#3719);
#163=PLANE('',#3722);
#164=PLANE('',#3725);
#165=PLANE('',#3728);
#166=PLANE('',#3731);
#167=PLANE('',#3734);
#168=PLANE('',#3737);
#169=PLANE('',#3740);
#170=PLANE('',#3743);
#171=PLANE('',#3746);
#172=PLANE('',#3749);
#173=PLANE('',#3752);
#174=PLANE('',#3755);
#175=PLANE('',#3758);
#176=PLANE('',#3797);
#177=PLANE('',#3800);
#178=PLANE('',#3803);
#179=PLANE('',#3806);
#180=PLANE('',#3809);
#181=PLANE('',#3812);
#182=PLANE('',#3815);
#183=PLANE('',#3818);
#184=PLANE('',#3821);
#185=PLANE('',#3824);
#186=PLANE('',#3827);
#187=PLANE('',#3830);
#188=PLANE('',#3833);
#189=PLANE('',#3836);
#190=PLANE('',#3839);
#191=PLANE('',#3842);
#192=PLANE('',#3845);
#193=PLANE('',#3848);
#194=PLANE('',#3849);
#195=PLANE('',#3851);
#196=PLANE('',#3854);
#197=PLANE('',#3857);
#198=PLANE('',#3860);
#199=PLANE('',#3863);
#200=PLANE('',#3865);
#201=PLANE('',#3867);
#202=PLANE('',#3870);
#203=PLANE('',#3873);
#204=PLANE('',#3876);
#205=PLANE('',#3879);
#206=PLANE('',#3881);
#207=PLANE('',#3883);
#208=PLANE('',#3886);
#209=PLANE('',#3889);
#210=PLANE('',#3892);
#211=PLANE('',#3895);
#212=PLANE('',#3897);
#213=PLANE('',#3899);
#214=PLANE('',#3902);
#215=PLANE('',#3905);
#216=PLANE('',#3908);
#217=PLANE('',#3911);
#218=PLANE('',#3914);
#219=FACE_OUTER_BOUND('',#405,.T.);
#220=FACE_OUTER_BOUND('',#406,.T.);
#221=FACE_OUTER_BOUND('',#409,.T.);
#222=FACE_OUTER_BOUND('',#410,.T.);
#223=FACE_OUTER_BOUND('',#411,.T.);
#224=FACE_OUTER_BOUND('',#414,.T.);
#225=FACE_OUTER_BOUND('',#415,.T.);
#226=FACE_OUTER_BOUND('',#416,.T.);
#227=FACE_OUTER_BOUND('',#419,.T.);
#228=FACE_OUTER_BOUND('',#420,.T.);
#229=FACE_OUTER_BOUND('',#421,.T.);
#230=FACE_OUTER_BOUND('',#424,.T.);
#231=FACE_OUTER_BOUND('',#425,.T.);
#232=FACE_OUTER_BOUND('',#426,.T.);
#233=FACE_OUTER_BOUND('',#427,.T.);
#234=FACE_OUTER_BOUND('',#428,.T.);
#235=FACE_OUTER_BOUND('',#429,.T.);
#236=FACE_OUTER_BOUND('',#433,.T.);
#237=FACE_OUTER_BOUND('',#434,.T.);
#238=FACE_OUTER_BOUND('',#435,.T.);
#239=FACE_OUTER_BOUND('',#436,.T.);
#240=FACE_OUTER_BOUND('',#437,.T.);
#241=FACE_OUTER_BOUND('',#438,.T.);
#242=FACE_OUTER_BOUND('',#439,.T.);
#243=FACE_OUTER_BOUND('',#442,.T.);
#244=FACE_OUTER_BOUND('',#443,.T.);
#245=FACE_OUTER_BOUND('',#444,.T.);
#246=FACE_OUTER_BOUND('',#445,.T.);
#247=FACE_OUTER_BOUND('',#446,.T.);
#248=FACE_OUTER_BOUND('',#447,.T.);
#249=FACE_OUTER_BOUND('',#448,.T.);
#250=FACE_OUTER_BOUND('',#451,.T.);
#251=FACE_OUTER_BOUND('',#452,.T.);
#252=FACE_OUTER_BOUND('',#453,.T.);
#253=FACE_OUTER_BOUND('',#454,.T.);
#254=FACE_OUTER_BOUND('',#455,.T.);
#255=FACE_OUTER_BOUND('',#456,.T.);
#256=FACE_OUTER_BOUND('',#459,.T.);
#257=FACE_OUTER_BOUND('',#460,.T.);
#258=FACE_OUTER_BOUND('',#463,.T.);
#259=FACE_OUTER_BOUND('',#464,.T.);
#260=FACE_OUTER_BOUND('',#465,.T.);
#261=FACE_OUTER_BOUND('',#466,.T.);
#262=FACE_OUTER_BOUND('',#467,.T.);
#263=FACE_OUTER_BOUND('',#468,.T.);
#264=FACE_OUTER_BOUND('',#469,.T.);
#265=FACE_OUTER_BOUND('',#470,.T.);
#266=FACE_OUTER_BOUND('',#471,.T.);
#267=FACE_OUTER_BOUND('',#472,.T.);
#268=FACE_OUTER_BOUND('',#473,.T.);
#269=FACE_OUTER_BOUND('',#474,.T.);
#270=FACE_OUTER_BOUND('',#475,.T.);
#271=FACE_OUTER_BOUND('',#476,.T.);
#272=FACE_OUTER_BOUND('',#477,.T.);
#273=FACE_OUTER_BOUND('',#478,.T.);
#274=FACE_OUTER_BOUND('',#479,.T.);
#275=FACE_OUTER_BOUND('',#480,.T.);
#276=FACE_OUTER_BOUND('',#481,.T.);
#277=FACE_OUTER_BOUND('',#482,.T.);
#278=FACE_OUTER_BOUND('',#483,.T.);
#279=FACE_OUTER_BOUND('',#484,.T.);
#280=FACE_OUTER_BOUND('',#485,.T.);
#281=FACE_OUTER_BOUND('',#486,.T.);
#282=FACE_OUTER_BOUND('',#487,.T.);
#283=FACE_OUTER_BOUND('',#488,.T.);
#284=FACE_OUTER_BOUND('',#489,.T.);
#285=FACE_OUTER_BOUND('',#490,.T.);
#286=FACE_OUTER_BOUND('',#491,.T.);
#287=FACE_OUTER_BOUND('',#492,.T.);
#288=FACE_OUTER_BOUND('',#493,.T.);
#289=FACE_OUTER_BOUND('',#494,.T.);
#290=FACE_OUTER_BOUND('',#495,.T.);
#291=FACE_OUTER_BOUND('',#496,.T.);
#292=FACE_OUTER_BOUND('',#497,.T.);
#293=FACE_OUTER_BOUND('',#498,.T.);
#294=FACE_OUTER_BOUND('',#499,.T.);
#295=FACE_OUTER_BOUND('',#500,.T.);
#296=FACE_OUTER_BOUND('',#501,.T.);
#297=FACE_OUTER_BOUND('',#502,.T.);
#298=FACE_OUTER_BOUND('',#503,.T.);
#299=FACE_OUTER_BOUND('',#504,.T.);
#300=FACE_OUTER_BOUND('',#505,.T.);
#301=FACE_OUTER_BOUND('',#506,.T.);
#302=FACE_OUTER_BOUND('',#507,.T.);
#303=FACE_OUTER_BOUND('',#508,.T.);
#304=FACE_OUTER_BOUND('',#509,.T.);
#305=FACE_OUTER_BOUND('',#510,.T.);
#306=FACE_OUTER_BOUND('',#511,.T.);
#307=FACE_OUTER_BOUND('',#512,.T.);
#308=FACE_OUTER_BOUND('',#513,.T.);
#309=FACE_OUTER_BOUND('',#514,.T.);
#310=FACE_OUTER_BOUND('',#515,.T.);
#311=FACE_OUTER_BOUND('',#516,.T.);
#312=FACE_OUTER_BOUND('',#517,.T.);
#313=FACE_OUTER_BOUND('',#518,.T.);
#314=FACE_OUTER_BOUND('',#519,.T.);
#315=FACE_OUTER_BOUND('',#520,.T.);
#316=FACE_OUTER_BOUND('',#521,.T.);
#317=FACE_OUTER_BOUND('',#522,.T.);
#318=FACE_OUTER_BOUND('',#523,.T.);
#319=FACE_OUTER_BOUND('',#524,.T.);
#320=FACE_OUTER_BOUND('',#525,.T.);
#321=FACE_OUTER_BOUND('',#526,.T.);
#322=FACE_OUTER_BOUND('',#527,.T.);
#323=FACE_OUTER_BOUND('',#528,.T.);
#324=FACE_OUTER_BOUND('',#529,.T.);
#325=FACE_OUTER_BOUND('',#530,.T.);
#326=FACE_OUTER_BOUND('',#531,.T.);
#327=FACE_OUTER_BOUND('',#532,.T.);
#328=FACE_OUTER_BOUND('',#533,.T.);
#329=FACE_OUTER_BOUND('',#534,.T.);
#330=FACE_OUTER_BOUND('',#535,.T.);
#331=FACE_OUTER_BOUND('',#536,.T.);
#332=FACE_OUTER_BOUND('',#537,.T.);
#333=FACE_OUTER_BOUND('',#538,.T.);
#334=FACE_OUTER_BOUND('',#539,.T.);
#335=FACE_OUTER_BOUND('',#540,.T.);
#336=FACE_OUTER_BOUND('',#541,.T.);
#337=FACE_OUTER_BOUND('',#542,.T.);
#338=FACE_OUTER_BOUND('',#543,.T.);
#339=FACE_OUTER_BOUND('',#544,.T.);
#340=FACE_OUTER_BOUND('',#545,.T.);
#341=FACE_OUTER_BOUND('',#546,.T.);
#342=FACE_OUTER_BOUND('',#547,.T.);
#343=FACE_OUTER_BOUND('',#548,.T.);
#344=FACE_OUTER_BOUND('',#549,.T.);
#345=FACE_OUTER_BOUND('',#550,.T.);
#346=FACE_OUTER_BOUND('',#551,.T.);
#347=FACE_OUTER_BOUND('',#552,.T.);
#348=FACE_OUTER_BOUND('',#553,.T.);
#349=FACE_OUTER_BOUND('',#554,.T.);
#350=FACE_OUTER_BOUND('',#555,.T.);
#351=FACE_OUTER_BOUND('',#556,.T.);
#352=FACE_OUTER_BOUND('',#557,.T.);
#353=FACE_OUTER_BOUND('',#558,.T.);
#354=FACE_OUTER_BOUND('',#559,.T.);
#355=FACE_OUTER_BOUND('',#560,.T.);
#356=FACE_OUTER_BOUND('',#561,.T.);
#357=FACE_OUTER_BOUND('',#562,.T.);
#358=FACE_OUTER_BOUND('',#563,.T.);
#359=FACE_OUTER_BOUND('',#564,.T.);
#360=FACE_OUTER_BOUND('',#565,.T.);
#361=FACE_OUTER_BOUND('',#566,.T.);
#362=FACE_OUTER_BOUND('',#567,.T.);
#363=FACE_OUTER_BOUND('',#568,.T.);
#364=FACE_OUTER_BOUND('',#569,.T.);
#365=FACE_OUTER_BOUND('',#570,.T.);
#366=FACE_OUTER_BOUND('',#571,.T.);
#367=FACE_OUTER_BOUND('',#572,.T.);
#368=FACE_OUTER_BOUND('',#573,.T.);
#369=FACE_OUTER_BOUND('',#574,.T.);
#370=FACE_OUTER_BOUND('',#575,.T.);
#371=FACE_OUTER_BOUND('',#576,.T.);
#372=FACE_OUTER_BOUND('',#577,.T.);
#373=FACE_OUTER_BOUND('',#578,.T.);
#374=FACE_OUTER_BOUND('',#579,.T.);
#375=FACE_OUTER_BOUND('',#580,.T.);
#376=FACE_OUTER_BOUND('',#581,.T.);
#377=FACE_OUTER_BOUND('',#582,.T.);
#378=FACE_OUTER_BOUND('',#583,.T.);
#379=FACE_OUTER_BOUND('',#584,.T.);
#380=FACE_OUTER_BOUND('',#585,.T.);
#381=FACE_OUTER_BOUND('',#586,.T.);
#382=FACE_OUTER_BOUND('',#587,.T.);
#383=FACE_OUTER_BOUND('',#588,.T.);
#384=FACE_OUTER_BOUND('',#589,.T.);
#385=FACE_OUTER_BOUND('',#590,.T.);
#386=FACE_OUTER_BOUND('',#591,.T.);
#387=FACE_OUTER_BOUND('',#592,.T.);
#388=FACE_OUTER_BOUND('',#593,.T.);
#389=FACE_OUTER_BOUND('',#594,.T.);
#390=FACE_OUTER_BOUND('',#595,.T.);
#391=FACE_OUTER_BOUND('',#596,.T.);
#392=FACE_OUTER_BOUND('',#597,.T.);
#393=FACE_OUTER_BOUND('',#598,.T.);
#394=FACE_OUTER_BOUND('',#599,.T.);
#395=FACE_OUTER_BOUND('',#600,.T.);
#396=FACE_OUTER_BOUND('',#601,.T.);
#397=FACE_OUTER_BOUND('',#602,.T.);
#398=FACE_OUTER_BOUND('',#603,.T.);
#399=FACE_OUTER_BOUND('',#604,.T.);
#400=FACE_OUTER_BOUND('',#605,.T.);
#401=FACE_OUTER_BOUND('',#606,.T.);
#402=FACE_OUTER_BOUND('',#607,.T.);
#403=FACE_OUTER_BOUND('',#608,.T.);
#404=FACE_OUTER_BOUND('',#609,.T.);
#405=EDGE_LOOP('',(#2297,#2298,#2299,#2300));
#406=EDGE_LOOP('',(#2301,#2302,#2303,#2304,#2305,#2306,#2307,#2308,#2309));
#407=EDGE_LOOP('',(#2310));
#408=EDGE_LOOP('',(#2311));
#409=EDGE_LOOP('',(#2312,#2313,#2314,#2315));
#410=EDGE_LOOP('',(#2316,#2317,#2318,#2319));
#411=EDGE_LOOP('',(#2320,#2321,#2322,#2323,#2324,#2325,#2326,#2327,#2328));
#412=EDGE_LOOP('',(#2329));
#413=EDGE_LOOP('',(#2330));
#414=EDGE_LOOP('',(#2331,#2332,#2333,#2334));
#415=EDGE_LOOP('',(#2335,#2336,#2337,#2338));
#416=EDGE_LOOP('',(#2339,#2340,#2341,#2342,#2343,#2344,#2345,#2346,#2347));
#417=EDGE_LOOP('',(#2348));
#418=EDGE_LOOP('',(#2349));
#419=EDGE_LOOP('',(#2350,#2351,#2352,#2353));
#420=EDGE_LOOP('',(#2354,#2355,#2356,#2357));
#421=EDGE_LOOP('',(#2358,#2359,#2360,#2361,#2362,#2363,#2364,#2365,#2366));
#422=EDGE_LOOP('',(#2367));
#423=EDGE_LOOP('',(#2368));
#424=EDGE_LOOP('',(#2369,#2370,#2371,#2372));
#425=EDGE_LOOP('',(#2373,#2374,#2375,#2376));
#426=EDGE_LOOP('',(#2377,#2378,#2379,#2380));
#427=EDGE_LOOP('',(#2381,#2382,#2383,#2384));
#428=EDGE_LOOP('',(#2385,#2386,#2387,#2388));
#429=EDGE_LOOP('',(#2389,#2390,#2391,#2392,#2393,#2394,#2395,#2396,#2397,
#2398,#2399,#2400,#2401,#2402,#2403,#2404,#2405,#2406,#2407,#2408,#2409,
#2410,#2411,#2412,#2413,#2414,#2415,#2416,#2417,#2418,#2419,#2420));
#430=EDGE_LOOP('',(#2421,#2422,#2423,#2424,#2425,#2426,#2427,#2428,#2429,
#2430,#2431,#2432,#2433,#2434,#2435,#2436,#2437,#2438,#2439,#2440,#2441,
#2442,#2443,#2444,#2445,#2446,#2447,#2448,#2449,#2450,#2451,#2452,#2453,
#2454,#2455,#2456));
#431=EDGE_LOOP('',(#2457,#2458,#2459,#2460,#2461,#2462,#2463,#2464,#2465,
#2466,#2467,#2468,#2469,#2470,#2471,#2472));
#432=EDGE_LOOP('',(#2473,#2474,#2475,#2476,#2477,#2478,#2479,#2480,#2481,
#2482,#2483,#2484,#2485,#2486,#2487,#2488,#2489,#2490,#2491,#2492,#2493,
#2494,#2495,#2496,#2497,#2498,#2499,#2500,#2501,#2502,#2503,#2504,#2505,
#2506,#2507,#2508));
#433=EDGE_LOOP('',(#2509,#2510,#2511,#2512));
#434=EDGE_LOOP('',(#2513,#2514,#2515,#2516));
#435=EDGE_LOOP('',(#2517,#2518,#2519,#2520));
#436=EDGE_LOOP('',(#2521,#2522,#2523,#2524));
#437=EDGE_LOOP('',(#2525,#2526,#2527,#2528));
#438=EDGE_LOOP('',(#2529,#2530,#2531,#2532));
#439=EDGE_LOOP('',(#2533,#2534,#2535,#2536,#2537,#2538,#2539,#2540,#2541));
#440=EDGE_LOOP('',(#2542));
#441=EDGE_LOOP('',(#2543));
#442=EDGE_LOOP('',(#2544,#2545,#2546,#2547));
#443=EDGE_LOOP('',(#2548,#2549,#2550,#2551));
#444=EDGE_LOOP('',(#2552,#2553,#2554,#2555));
#445=EDGE_LOOP('',(#2556,#2557,#2558,#2559));
#446=EDGE_LOOP('',(#2560,#2561,#2562,#2563));
#447=EDGE_LOOP('',(#2564,#2565,#2566,#2567));
#448=EDGE_LOOP('',(#2568,#2569,#2570,#2571,#2572,#2573,#2574,#2575,#2576));
#449=EDGE_LOOP('',(#2577));
#450=EDGE_LOOP('',(#2578));
#451=EDGE_LOOP('',(#2579,#2580,#2581,#2582));
#452=EDGE_LOOP('',(#2583,#2584,#2585,#2586));
#453=EDGE_LOOP('',(#2587,#2588,#2589,#2590));
#454=EDGE_LOOP('',(#2591,#2592,#2593,#2594));
#455=EDGE_LOOP('',(#2595,#2596,#2597,#2598));
#456=EDGE_LOOP('',(#2599,#2600,#2601,#2602,#2603,#2604,#2605,#2606,#2607));
#457=EDGE_LOOP('',(#2608));
#458=EDGE_LOOP('',(#2609));
#459=EDGE_LOOP('',(#2610,#2611,#2612,#2613));
#460=EDGE_LOOP('',(#2614,#2615,#2616,#2617,#2618,#2619,#2620,#2621,#2622));
#461=EDGE_LOOP('',(#2623));
#462=EDGE_LOOP('',(#2624));
#463=EDGE_LOOP('',(#2625,#2626,#2627,#2628));
#464=EDGE_LOOP('',(#2629,#2630,#2631,#2632));
#465=EDGE_LOOP('',(#2633,#2634,#2635,#2636));
#466=EDGE_LOOP('',(#2637,#2638,#2639,#2640));
#467=EDGE_LOOP('',(#2641,#2642,#2643,#2644));
#468=EDGE_LOOP('',(#2645,#2646,#2647,#2648));
#469=EDGE_LOOP('',(#2649,#2650,#2651,#2652));
#470=EDGE_LOOP('',(#2653,#2654,#2655,#2656));
#471=EDGE_LOOP('',(#2657,#2658,#2659,#2660));
#472=EDGE_LOOP('',(#2661,#2662,#2663,#2664));
#473=EDGE_LOOP('',(#2665,#2666,#2667,#2668));
#474=EDGE_LOOP('',(#2669,#2670,#2671,#2672));
#475=EDGE_LOOP('',(#2673,#2674,#2675,#2676));
#476=EDGE_LOOP('',(#2677,#2678,#2679,#2680));
#477=EDGE_LOOP('',(#2681,#2682,#2683,#2684));
#478=EDGE_LOOP('',(#2685,#2686,#2687,#2688));
#479=EDGE_LOOP('',(#2689,#2690,#2691,#2692));
#480=EDGE_LOOP('',(#2693,#2694,#2695,#2696));
#481=EDGE_LOOP('',(#2697,#2698,#2699,#2700));
#482=EDGE_LOOP('',(#2701,#2702,#2703,#2704));
#483=EDGE_LOOP('',(#2705,#2706,#2707,#2708));
#484=EDGE_LOOP('',(#2709,#2710,#2711,#2712));
#485=EDGE_LOOP('',(#2713,#2714,#2715,#2716));
#486=EDGE_LOOP('',(#2717,#2718,#2719,#2720));
#487=EDGE_LOOP('',(#2721,#2722,#2723,#2724));
#488=EDGE_LOOP('',(#2725,#2726,#2727,#2728));
#489=EDGE_LOOP('',(#2729,#2730,#2731,#2732));
#490=EDGE_LOOP('',(#2733,#2734,#2735,#2736));
#491=EDGE_LOOP('',(#2737,#2738,#2739,#2740));
#492=EDGE_LOOP('',(#2741,#2742,#2743,#2744));
#493=EDGE_LOOP('',(#2745,#2746,#2747,#2748));
#494=EDGE_LOOP('',(#2749,#2750,#2751,#2752));
#495=EDGE_LOOP('',(#2753,#2754,#2755,#2756));
#496=EDGE_LOOP('',(#2757,#2758,#2759,#2760));
#497=EDGE_LOOP('',(#2761,#2762,#2763,#2764));
#498=EDGE_LOOP('',(#2765,#2766,#2767,#2768));
#499=EDGE_LOOP('',(#2769,#2770,#2771,#2772));
#500=EDGE_LOOP('',(#2773,#2774,#2775,#2776));
#501=EDGE_LOOP('',(#2777,#2778,#2779,#2780));
#502=EDGE_LOOP('',(#2781,#2782,#2783,#2784));
#503=EDGE_LOOP('',(#2785,#2786,#2787,#2788));
#504=EDGE_LOOP('',(#2789,#2790,#2791,#2792));
#505=EDGE_LOOP('',(#2793,#2794,#2795,#2796));
#506=EDGE_LOOP('',(#2797,#2798,#2799,#2800));
#507=EDGE_LOOP('',(#2801,#2802,#2803,#2804));
#508=EDGE_LOOP('',(#2805,#2806,#2807,#2808));
#509=EDGE_LOOP('',(#2809,#2810,#2811,#2812));
#510=EDGE_LOOP('',(#2813,#2814,#2815,#2816));
#511=EDGE_LOOP('',(#2817,#2818,#2819,#2820));
#512=EDGE_LOOP('',(#2821,#2822,#2823,#2824));
#513=EDGE_LOOP('',(#2825,#2826,#2827,#2828));
#514=EDGE_LOOP('',(#2829,#2830,#2831,#2832));
#515=EDGE_LOOP('',(#2833,#2834,#2835,#2836));
#516=EDGE_LOOP('',(#2837,#2838,#2839,#2840));
#517=EDGE_LOOP('',(#2841,#2842,#2843,#2844));
#518=EDGE_LOOP('',(#2845,#2846,#2847,#2848));
#519=EDGE_LOOP('',(#2849,#2850,#2851,#2852));
#520=EDGE_LOOP('',(#2853,#2854,#2855,#2856));
#521=EDGE_LOOP('',(#2857,#2858,#2859,#2860));
#522=EDGE_LOOP('',(#2861,#2862,#2863,#2864));
#523=EDGE_LOOP('',(#2865,#2866,#2867,#2868));
#524=EDGE_LOOP('',(#2869,#2870,#2871,#2872));
#525=EDGE_LOOP('',(#2873,#2874,#2875,#2876));
#526=EDGE_LOOP('',(#2877,#2878,#2879,#2880));
#527=EDGE_LOOP('',(#2881,#2882,#2883,#2884));
#528=EDGE_LOOP('',(#2885,#2886,#2887,#2888));
#529=EDGE_LOOP('',(#2889,#2890,#2891,#2892));
#530=EDGE_LOOP('',(#2893,#2894,#2895,#2896));
#531=EDGE_LOOP('',(#2897,#2898,#2899,#2900));
#532=EDGE_LOOP('',(#2901,#2902,#2903,#2904));
#533=EDGE_LOOP('',(#2905,#2906,#2907,#2908));
#534=EDGE_LOOP('',(#2909,#2910,#2911,#2912));
#535=EDGE_LOOP('',(#2913,#2914,#2915,#2916));
#536=EDGE_LOOP('',(#2917,#2918,#2919,#2920));
#537=EDGE_LOOP('',(#2921,#2922,#2923,#2924));
#538=EDGE_LOOP('',(#2925,#2926,#2927,#2928));
#539=EDGE_LOOP('',(#2929,#2930,#2931,#2932));
#540=EDGE_LOOP('',(#2933,#2934,#2935,#2936));
#541=EDGE_LOOP('',(#2937,#2938,#2939,#2940));
#542=EDGE_LOOP('',(#2941,#2942,#2943,#2944));
#543=EDGE_LOOP('',(#2945,#2946,#2947,#2948));
#544=EDGE_LOOP('',(#2949,#2950,#2951,#2952));
#545=EDGE_LOOP('',(#2953,#2954,#2955,#2956));
#546=EDGE_LOOP('',(#2957,#2958,#2959,#2960));
#547=EDGE_LOOP('',(#2961,#2962,#2963,#2964));
#548=EDGE_LOOP('',(#2965,#2966,#2967,#2968));
#549=EDGE_LOOP('',(#2969,#2970,#2971,#2972));
#550=EDGE_LOOP('',(#2973,#2974,#2975,#2976));
#551=EDGE_LOOP('',(#2977,#2978,#2979,#2980));
#552=EDGE_LOOP('',(#2981,#2982,#2983,#2984));
#553=EDGE_LOOP('',(#2985,#2986,#2987,#2988));
#554=EDGE_LOOP('',(#2989,#2990,#2991,#2992));
#555=EDGE_LOOP('',(#2993,#2994,#2995,#2996));
#556=EDGE_LOOP('',(#2997,#2998,#2999,#3000));
#557=EDGE_LOOP('',(#3001,#3002,#3003,#3004));
#558=EDGE_LOOP('',(#3005,#3006,#3007,#3008));
#559=EDGE_LOOP('',(#3009,#3010,#3011,#3012));
#560=EDGE_LOOP('',(#3013,#3014,#3015,#3016));
#561=EDGE_LOOP('',(#3017,#3018,#3019,#3020));
#562=EDGE_LOOP('',(#3021,#3022,#3023,#3024));
#563=EDGE_LOOP('',(#3025,#3026,#3027,#3028));
#564=EDGE_LOOP('',(#3029,#3030,#3031,#3032));
#565=EDGE_LOOP('',(#3033,#3034,#3035,#3036));
#566=EDGE_LOOP('',(#3037,#3038,#3039,#3040));
#567=EDGE_LOOP('',(#3041,#3042,#3043,#3044));
#568=EDGE_LOOP('',(#3045,#3046,#3047,#3048));
#569=EDGE_LOOP('',(#3049,#3050,#3051,#3052));
#570=EDGE_LOOP('',(#3053,#3054,#3055,#3056));
#571=EDGE_LOOP('',(#3057,#3058,#3059,#3060));
#572=EDGE_LOOP('',(#3061,#3062,#3063,#3064));
#573=EDGE_LOOP('',(#3065,#3066,#3067,#3068));
#574=EDGE_LOOP('',(#3069,#3070,#3071,#3072));
#575=EDGE_LOOP('',(#3073,#3074,#3075,#3076));
#576=EDGE_LOOP('',(#3077,#3078,#3079,#3080));
#577=EDGE_LOOP('',(#3081,#3082,#3083,#3084));
#578=EDGE_LOOP('',(#3085,#3086,#3087,#3088));
#579=EDGE_LOOP('',(#3089,#3090,#3091,#3092));
#580=EDGE_LOOP('',(#3093,#3094,#3095,#3096));
#581=EDGE_LOOP('',(#3097,#3098,#3099,#3100));
#582=EDGE_LOOP('',(#3101,#3102,#3103,#3104));
#583=EDGE_LOOP('',(#3105,#3106,#3107,#3108));
#584=EDGE_LOOP('',(#3109,#3110,#3111,#3112));
#585=EDGE_LOOP('',(#3113,#3114,#3115,#3116));
#586=EDGE_LOOP('',(#3117,#3118,#3119,#3120));
#587=EDGE_LOOP('',(#3121,#3122,#3123,#3124));
#588=EDGE_LOOP('',(#3125,#3126,#3127,#3128));
#589=EDGE_LOOP('',(#3129,#3130,#3131,#3132));
#590=EDGE_LOOP('',(#3133,#3134,#3135,#3136));
#591=EDGE_LOOP('',(#3137,#3138,#3139,#3140));
#592=EDGE_LOOP('',(#3141,#3142,#3143,#3144));
#593=EDGE_LOOP('',(#3145,#3146,#3147,#3148));
#594=EDGE_LOOP('',(#3149,#3150,#3151,#3152));
#595=EDGE_LOOP('',(#3153,#3154,#3155,#3156));
#596=EDGE_LOOP('',(#3157,#3158,#3159,#3160));
#597=EDGE_LOOP('',(#3161,#3162,#3163,#3164));
#598=EDGE_LOOP('',(#3165,#3166,#3167,#3168));
#599=EDGE_LOOP('',(#3169,#3170,#3171,#3172));
#600=EDGE_LOOP('',(#3173,#3174,#3175,#3176));
#601=EDGE_LOOP('',(#3177,#3178,#3179,#3180));
#602=EDGE_LOOP('',(#3181,#3182,#3183,#3184));
#603=EDGE_LOOP('',(#3185,#3186,#3187,#3188));
#604=EDGE_LOOP('',(#3189,#3190,#3191,#3192));
#605=EDGE_LOOP('',(#3193,#3194,#3195,#3196));
#606=EDGE_LOOP('',(#3197,#3198,#3199,#3200));
#607=EDGE_LOOP('',(#3201,#3202,#3203,#3204));
#608=EDGE_LOOP('',(#3205,#3206,#3207,#3208));
#609=EDGE_LOOP('',(#3209,#3210,#3211,#3212,#3213,#3214,#3215,#3216,#3217,
#3218,#3219,#3220,#3221,#3222,#3223,#3224,#3225,#3226,#3227,#3228,#3229,
#3230,#3231,#3232,#3233,#3234,#3235,#3236,#3237,#3238,#3239,#3240));
#610=EDGE_LOOP('',(#3241,#3242,#3243,#3244,#3245,#3246,#3247,#3248,#3249,
#3250,#3251,#3252,#3253,#3254,#3255,#3256,#3257,#3258,#3259,#3260,#3261,
#3262,#3263,#3264,#3265,#3266,#3267,#3268,#3269,#3270,#3271,#3272,#3273,
#3274,#3275,#3276));
#611=EDGE_LOOP('',(#3277,#3278,#3279,#3280,#3281,#3282,#3283,#3284,#3285,
#3286,#3287,#3288,#3289,#3290,#3291,#3292));
#612=EDGE_LOOP('',(#3293,#3294,#3295,#3296,#3297,#3298,#3299,#3300,#3301,
#3302,#3303,#3304,#3305,#3306,#3307,#3308,#3309,#3310,#3311,#3312,#3313,
#3314,#3315,#3316,#3317,#3318,#3319,#3320,#3321,#3322,#3323,#3324,#3325,
#3326,#3327,#3328));
#613=LINE('',#5006,#933);
#614=LINE('',#5011,#934);
#615=LINE('',#5013,#935);
#616=LINE('',#5017,#936);
#617=LINE('',#5021,#937);
#618=LINE('',#5026,#938);
#619=LINE('',#5031,#939);
#620=LINE('',#5037,#940);
#621=LINE('',#5042,#941);
#622=LINE('',#5044,#942);
#623=LINE('',#5050,#943);
#624=LINE('',#5054,#944);
#625=LINE('',#5057,#945);
#626=LINE('',#5062,#946);
#627=LINE('',#5068,#947);
#628=LINE('',#5073,#948);
#629=LINE('',#5075,#949);
#630=LINE('',#5079,#950);
#631=LINE('',#5083,#951);
#632=LINE('',#5088,#952);
#633=LINE('',#5093,#953);
#634=LINE('',#5099,#954);
#635=LINE('',#5104,#955);
#636=LINE('',#5106,#956);
#637=LINE('',#5112,#957);
#638=LINE('',#5116,#958);
#639=LINE('',#5119,#959);
#640=LINE('',#5124,#960);
#641=LINE('',#5128,#961);
#642=LINE('',#5132,#962);
#643=LINE('',#5136,#963);
#644=LINE('',#5139,#964);
#645=LINE('',#5141,#965);
#646=LINE('',#5143,#966);
#647=LINE('',#5144,#967);
#648=LINE('',#5147,#968);
#649=LINE('',#5148,#969);
#650=LINE('',#5151,#970);
#651=LINE('',#5155,#971);
#652=LINE('',#5159,#972);
#653=LINE('',#5161,#973);
#654=LINE('',#5163,#974);
#655=LINE('',#5167,#975);
#656=LINE('',#5171,#976);
#657=LINE('',#5175,#977);
#658=LINE('',#5179,#978);
#659=LINE('',#5181,#979);
#660=LINE('',#5183,#980);
#661=LINE('',#5187,#981);
#662=LINE('',#5191,#982);
#663=LINE('',#5193,#983);
#664=LINE('',#5195,#984);
#665=LINE('',#5199,#985);
#666=LINE('',#5203,#986);
#667=LINE('',#5207,#987);
#668=LINE('',#5210,#988);
#669=LINE('',#5213,#989);
#670=LINE('',#5217,#990);
#671=LINE('',#5221,#991);
#672=LINE('',#5225,#992);
#673=LINE('',#5229,#993);
#674=LINE('',#5233,#994);
#675=LINE('',#5237,#995);
#676=LINE('',#5241,#996);
#677=LINE('',#5245,#997);
#678=LINE('',#5249,#998);
#679=LINE('',#5253,#999);
#680=LINE('',#5257,#1000);
#681=LINE('',#5261,#1001);
#682=LINE('',#5265,#1002);
#683=LINE('',#5269,#1003);
#684=LINE('',#5273,#1004);
#685=LINE('',#5277,#1005);
#686=LINE('',#5281,#1006);
#687=LINE('',#5317,#1007);
#688=LINE('',#5321,#1008);
#689=LINE('',#5325,#1009);
#690=LINE('',#5329,#1010);
#691=LINE('',#5333,#1011);
#692=LINE('',#5337,#1012);
#693=LINE('',#5341,#1013);
#694=LINE('',#5345,#1014);
#695=LINE('',#5349,#1015);
#696=LINE('',#5353,#1016);
#697=LINE('',#5357,#1017);
#698=LINE('',#5361,#1018);
#699=LINE('',#5365,#1019);
#700=LINE('',#5369,#1020);
#701=LINE('',#5373,#1021);
#702=LINE('',#5377,#1022);
#703=LINE('',#5381,#1023);
#704=LINE('',#5385,#1024);
#705=LINE('',#5389,#1025);
#706=LINE('',#5391,#1026);
#707=LINE('',#5392,#1027);
#708=LINE('',#5394,#1028);
#709=LINE('',#5398,#1029);
#710=LINE('',#5401,#1030);
#711=LINE('',#5405,#1031);
#712=LINE('',#5408,#1032);
#713=LINE('',#5410,#1033);
#714=LINE('',#5411,#1034);
#715=LINE('',#5414,#1035);
#716=LINE('',#5415,#1036);
#717=LINE('',#5420,#1037);
#718=LINE('',#5424,#1038);
#719=LINE('',#5432,#1039);
#720=LINE('',#5434,#1040);
#721=LINE('',#5435,#1041);
#722=LINE('',#5437,#1042);
#723=LINE('',#5441,#1043);
#724=LINE('',#5444,#1044);
#725=LINE('',#5448,#1045);
#726=LINE('',#5451,#1046);
#727=LINE('',#5453,#1047);
#728=LINE('',#5454,#1048);
#729=LINE('',#5457,#1049);
#730=LINE('',#5458,#1050);
#731=LINE('',#5465,#1051);
#732=LINE('',#5469,#1052);
#733=LINE('',#5475,#1053);
#734=LINE('',#5477,#1054);
#735=LINE('',#5478,#1055);
#736=LINE('',#5480,#1056);
#737=LINE('',#5484,#1057);
#738=LINE('',#5486,#1058);
#739=LINE('',#5487,#1059);
#740=LINE('',#5492,#1060);
#741=LINE('',#5496,#1061);
#742=LINE('',#5498,#1062);
#743=LINE('',#5500,#1063);
#744=LINE('',#5502,#1064);
#745=LINE('',#5506,#1065);
#746=LINE('',#5510,#1066);
#747=LINE('',#5518,#1067);
#748=LINE('',#5519,#1068);
#749=LINE('',#5526,#1069);
#750=LINE('',#5530,#1070);
#751=LINE('',#5535,#1071);
#752=LINE('',#5541,#1072);
#753=LINE('',#5542,#1073);
#754=LINE('',#5545,#1074);
#755=LINE('',#5546,#1075);
#756=LINE('',#5550,#1076);
#757=LINE('',#5553,#1077);
#758=LINE('',#5554,#1078);
#759=LINE('',#5558,#1079);
#760=LINE('',#5561,#1080);
#761=LINE('',#5562,#1081);
#762=LINE('',#5566,#1082);
#763=LINE('',#5569,#1083);
#764=LINE('',#5570,#1084);
#765=LINE('',#5574,#1085);
#766=LINE('',#5577,#1086);
#767=LINE('',#5578,#1087);
#768=LINE('',#5582,#1088);
#769=LINE('',#5585,#1089);
#770=LINE('',#5586,#1090);
#771=LINE('',#5590,#1091);
#772=LINE('',#5593,#1092);
#773=LINE('',#5594,#1093);
#774=LINE('',#5598,#1094);
#775=LINE('',#5601,#1095);
#776=LINE('',#5602,#1096);
#777=LINE('',#5606,#1097);
#778=LINE('',#5609,#1098);
#779=LINE('',#5610,#1099);
#780=LINE('',#5614,#1100);
#781=LINE('',#5617,#1101);
#782=LINE('',#5618,#1102);
#783=LINE('',#5622,#1103);
#784=LINE('',#5625,#1104);
#785=LINE('',#5626,#1105);
#786=LINE('',#5630,#1106);
#787=LINE('',#5633,#1107);
#788=LINE('',#5634,#1108);
#789=LINE('',#5638,#1109);
#790=LINE('',#5641,#1110);
#791=LINE('',#5642,#1111);
#792=LINE('',#5646,#1112);
#793=LINE('',#5649,#1113);
#794=LINE('',#5650,#1114);
#795=LINE('',#5654,#1115);
#796=LINE('',#5657,#1116);
#797=LINE('',#5658,#1117);
#798=LINE('',#5662,#1118);
#799=LINE('',#5665,#1119);
#800=LINE('',#5666,#1120);
#801=LINE('',#5670,#1121);
#802=LINE('',#5673,#1122);
#803=LINE('',#5674,#1123);
#804=LINE('',#5678,#1124);
#805=LINE('',#5680,#1125);
#806=LINE('',#5682,#1126);
#807=LINE('',#5684,#1127);
#808=LINE('',#5689,#1128);
#809=LINE('',#5690,#1129);
#810=LINE('',#5694,#1130);
#811=LINE('',#5698,#1131);
#812=LINE('',#5702,#1132);
#813=LINE('',#5706,#1133);
#814=LINE('',#5710,#1134);
#815=LINE('',#5714,#1135);
#816=LINE('',#5718,#1136);
#817=LINE('',#5722,#1137);
#818=LINE('',#5726,#1138);
#819=LINE('',#5730,#1139);
#820=LINE('',#5734,#1140);
#821=LINE('',#5738,#1141);
#822=LINE('',#5742,#1142);
#823=LINE('',#5746,#1143);
#824=LINE('',#5750,#1144);
#825=LINE('',#5752,#1145);
#826=LINE('',#5757,#1146);
#827=LINE('',#5758,#1147);
#828=LINE('',#5761,#1148);
#829=LINE('',#5762,#1149);
#830=LINE('',#5766,#1150);
#831=LINE('',#5769,#1151);
#832=LINE('',#5770,#1152);
#833=LINE('',#5774,#1153);
#834=LINE('',#5777,#1154);
#835=LINE('',#5778,#1155);
#836=LINE('',#5782,#1156);
#837=LINE('',#5785,#1157);
#838=LINE('',#5786,#1158);
#839=LINE('',#5790,#1159);
#840=LINE('',#5793,#1160);
#841=LINE('',#5794,#1161);
#842=LINE('',#5798,#1162);
#843=LINE('',#5801,#1163);
#844=LINE('',#5802,#1164);
#845=LINE('',#5806,#1165);
#846=LINE('',#5809,#1166);
#847=LINE('',#5810,#1167);
#848=LINE('',#5814,#1168);
#849=LINE('',#5817,#1169);
#850=LINE('',#5818,#1170);
#851=LINE('',#5822,#1171);
#852=LINE('',#5825,#1172);
#853=LINE('',#5826,#1173);
#854=LINE('',#5830,#1174);
#855=LINE('',#5833,#1175);
#856=LINE('',#5834,#1176);
#857=LINE('',#5838,#1177);
#858=LINE('',#5841,#1178);
#859=LINE('',#5842,#1179);
#860=LINE('',#5846,#1180);
#861=LINE('',#5849,#1181);
#862=LINE('',#5850,#1182);
#863=LINE('',#5854,#1183);
#864=LINE('',#5857,#1184);
#865=LINE('',#5858,#1185);
#866=LINE('',#5862,#1186);
#867=LINE('',#5865,#1187);
#868=LINE('',#5866,#1188);
#869=LINE('',#5870,#1189);
#870=LINE('',#5873,#1190);
#871=LINE('',#5874,#1191);
#872=LINE('',#5878,#1192);
#873=LINE('',#5881,#1193);
#874=LINE('',#5882,#1194);
#875=LINE('',#5886,#1195);
#876=LINE('',#5889,#1196);
#877=LINE('',#5890,#1197);
#878=LINE('',#5894,#1198);
#879=LINE('',#5896,#1199);
#880=LINE('',#5898,#1200);
#881=LINE('',#5899,#1201);
#882=LINE('',#5903,#1202);
#883=LINE('',#5904,#1203);
#884=LINE('',#5908,#1204);
#885=LINE('',#5911,#1205);
#886=LINE('',#5912,#1206);
#887=LINE('',#5916,#1207);
#888=LINE('',#5919,#1208);
#889=LINE('',#5920,#1209);
#890=LINE('',#5924,#1210);
#891=LINE('',#5927,#1211);
#892=LINE('',#5928,#1212);
#893=LINE('',#5933,#1213);
#894=LINE('',#5935,#1214);
#895=LINE('',#5937,#1215);
#896=LINE('',#5939,#1216);
#897=LINE('',#5941,#1217);
#898=LINE('',#5945,#1218);
#899=LINE('',#5946,#1219);
#900=LINE('',#5950,#1220);
#901=LINE('',#5953,#1221);
#902=LINE('',#5954,#1222);
#903=LINE('',#5958,#1223);
#904=LINE('',#5960,#1224);
#905=LINE('',#5962,#1225);
#906=LINE('',#5964,#1226);
#907=LINE('',#5966,#1227);
#908=LINE('',#5968,#1228);
#909=LINE('',#5970,#1229);
#910=LINE('',#5972,#1230);
#911=LINE('',#5977,#1231);
#912=LINE('',#5980,#1232);
#913=LINE('',#5981,#1233);
#914=LINE('',#5985,#1234);
#915=LINE('',#5988,#1235);
#916=LINE('',#5989,#1236);
#917=LINE('',#5993,#1237);
#918=LINE('',#5996,#1238);
#919=LINE('',#5997,#1239);
#920=LINE('',#6002,#1240);
#921=LINE('',#6004,#1241);
#922=LINE('',#6006,#1242);
#923=LINE('',#6008,#1243);
#924=LINE('',#6010,#1244);
#925=LINE('',#6014,#1245);
#926=LINE('',#6015,#1246);
#927=LINE('',#6019,#1247);
#928=LINE('',#6022,#1248);
#929=LINE('',#6023,#1249);
#930=LINE('',#6028,#1250);
#931=LINE('',#6030,#1251);
#932=LINE('',#6032,#1252);
#933=VECTOR('',#3921,1.70000000000002);
#934=VECTOR('',#3926,10.);
#935=VECTOR('',#3927,10.);
#936=VECTOR('',#3930,10.);
#937=VECTOR('',#3933,10.);
#938=VECTOR('',#3938,10.);
#939=VECTOR('',#3943,1.20000000000001);
#940=VECTOR('',#3950,1.70000000000002);
#941=VECTOR('',#3955,10.);
#942=VECTOR('',#3956,10.);
#943=VECTOR('',#3961,10.);
#944=VECTOR('',#3964,10.);
#945=VECTOR('',#3967,10.);
#946=VECTOR('',#3972,1.20000000000001);
#947=VECTOR('',#3979,1.70000000000002);
#948=VECTOR('',#3984,10.);
#949=VECTOR('',#3985,10.);
#950=VECTOR('',#3988,10.);
#951=VECTOR('',#3991,10.);
#952=VECTOR('',#3996,10.);
#953=VECTOR('',#4001,1.20000000000001);
#954=VECTOR('',#4008,1.70000000000002);
#955=VECTOR('',#4013,10.);
#956=VECTOR('',#4014,10.);
#957=VECTOR('',#4019,10.);
#958=VECTOR('',#4022,10.);
#959=VECTOR('',#4025,10.);
#960=VECTOR('',#4030,1.20000000000001);
#961=VECTOR('',#4035,10.);
#962=VECTOR('',#4038,10.);
#963=VECTOR('',#4043,10.);
#964=VECTOR('',#4046,10.);
#965=VECTOR('',#4049,10.);
#966=VECTOR('',#4050,10.);
#967=VECTOR('',#4051,10.);
#968=VECTOR('',#4054,10.);
#969=VECTOR('',#4055,10.);
#970=VECTOR('',#4058,10.);
#971=VECTOR('',#4061,10.);
#972=VECTOR('',#4064,10.);
#973=VECTOR('',#4065,10.);
#974=VECTOR('',#4066,10.);
#975=VECTOR('',#4069,10.);
#976=VECTOR('',#4072,10.);
#977=VECTOR('',#4075,10.);
#978=VECTOR('',#4078,10.);
#979=VECTOR('',#4079,10.);
#980=VECTOR('',#4080,10.);
#981=VECTOR('',#4083,10.);
#982=VECTOR('',#4086,10.);
#983=VECTOR('',#4087,10.);
#984=VECTOR('',#4088,10.);
#985=VECTOR('',#4091,10.);
#986=VECTOR('',#4094,10.);
#987=VECTOR('',#4097,10.);
#988=VECTOR('',#4100,10.);
#989=VECTOR('',#4101,10.);
#990=VECTOR('',#4104,10.);
#991=VECTOR('',#4107,10.);
#992=VECTOR('',#4110,10.);
#993=VECTOR('',#4113,10.);
#994=VECTOR('',#4116,10.);
#995=VECTOR('',#4119,10.);
#996=VECTOR('',#4122,10.);
#997=VECTOR('',#4125,10.);
#998=VECTOR('',#4128,10.);
#999=VECTOR('',#4131,10.);
#1000=VECTOR('',#4134,10.);
#1001=VECTOR('',#4137,10.);
#1002=VECTOR('',#4140,10.);
#1003=VECTOR('',#4143,10.);
#1004=VECTOR('',#4146,10.);
#1005=VECTOR('',#4149,10.);
#1006=VECTOR('',#4152,10.);
#1007=VECTOR('',#4187,10.);
#1008=VECTOR('',#4190,10.);
#1009=VECTOR('',#4193,10.);
#1010=VECTOR('',#4196,10.);
#1011=VECTOR('',#4199,10.);
#1012=VECTOR('',#4202,10.);
#1013=VECTOR('',#4205,10.);
#1014=VECTOR('',#4208,10.);
#1015=VECTOR('',#4211,10.);
#1016=VECTOR('',#4214,10.);
#1017=VECTOR('',#4217,10.);
#1018=VECTOR('',#4220,10.);
#1019=VECTOR('',#4223,10.);
#1020=VECTOR('',#4226,10.);
#1021=VECTOR('',#4229,10.);
#1022=VECTOR('',#4232,10.);
#1023=VECTOR('',#4235,10.);
#1024=VECTOR('',#4238,10.);
#1025=VECTOR('',#4243,10.);
#1026=VECTOR('',#4244,10.);
#1027=VECTOR('',#4245,10.);
#1028=VECTOR('',#4248,10.);
#1029=VECTOR('',#4253,10.);
#1030=VECTOR('',#4256,10.);
#1031=VECTOR('',#4261,10.);
#1032=VECTOR('',#4266,10.);
#1033=VECTOR('',#4267,10.);
#1034=VECTOR('',#4268,10.);
#1035=VECTOR('',#4271,10.);
#1036=VECTOR('',#4272,10.);
#1037=VECTOR('',#4277,10.);
#1038=VECTOR('',#4280,10.);
#1039=VECTOR('',#4289,10.);
#1040=VECTOR('',#4290,10.);
#1041=VECTOR('',#4291,10.);
#1042=VECTOR('',#4294,10.);
#1043=VECTOR('',#4299,10.);
#1044=VECTOR('',#4302,10.);
#1045=VECTOR('',#4307,10.);
#1046=VECTOR('',#4312,10.);
#1047=VECTOR('',#4313,10.);
#1048=VECTOR('',#4314,10.);
#1049=VECTOR('',#4317,10.);
#1050=VECTOR('',#4318,10.);
#1051=VECTOR('',#4325,10.);
#1052=VECTOR('',#4328,10.);
#1053=VECTOR('',#4335,10.);
#1054=VECTOR('',#4336,10.);
#1055=VECTOR('',#4337,10.);
#1056=VECTOR('',#4340,10.);
#1057=VECTOR('',#4345,10.);
#1058=VECTOR('',#4346,10.);
#1059=VECTOR('',#4347,10.);
#1060=VECTOR('',#4352,10.);
#1061=VECTOR('',#4357,10.);
#1062=VECTOR('',#4360,10.);
#1063=VECTOR('',#4363,10.);
#1064=VECTOR('',#4364,10.);
#1065=VECTOR('',#4367,10.);
#1066=VECTOR('',#4370,10.);
#1067=VECTOR('',#4379,10.);
#1068=VECTOR('',#4380,10.);
#1069=VECTOR('',#4387,10.);
#1070=VECTOR('',#4390,10.);
#1071=VECTOR('',#4397,10.);
#1072=VECTOR('',#4404,10.);
#1073=VECTOR('',#4405,10.);
#1074=VECTOR('',#4408,10.);
#1075=VECTOR('',#4409,10.);
#1076=VECTOR('',#4414,10.);
#1077=VECTOR('',#4417,10.);
#1078=VECTOR('',#4418,10.);
#1079=VECTOR('',#4423,10.);
#1080=VECTOR('',#4426,10.);
#1081=VECTOR('',#4427,10.);
#1082=VECTOR('',#4432,10.);
#1083=VECTOR('',#4435,10.);
#1084=VECTOR('',#4436,10.);
#1085=VECTOR('',#4441,10.);
#1086=VECTOR('',#4444,10.);
#1087=VECTOR('',#4445,10.);
#1088=VECTOR('',#4450,10.);
#1089=VECTOR('',#4453,10.);
#1090=VECTOR('',#4454,10.);
#1091=VECTOR('',#4459,10.);
#1092=VECTOR('',#4462,10.);
#1093=VECTOR('',#4463,10.);
#1094=VECTOR('',#4468,10.);
#1095=VECTOR('',#4471,10.);
#1096=VECTOR('',#4472,10.);
#1097=VECTOR('',#4477,10.);
#1098=VECTOR('',#4480,10.);
#1099=VECTOR('',#4481,10.);
#1100=VECTOR('',#4486,10.);
#1101=VECTOR('',#4489,10.);
#1102=VECTOR('',#4490,10.);
#1103=VECTOR('',#4495,10.);
#1104=VECTOR('',#4498,10.);
#1105=VECTOR('',#4499,10.);
#1106=VECTOR('',#4504,10.);
#1107=VECTOR('',#4507,10.);
#1108=VECTOR('',#4508,10.);
#1109=VECTOR('',#4513,10.);
#1110=VECTOR('',#4516,10.);
#1111=VECTOR('',#4517,10.);
#1112=VECTOR('',#4522,10.);
#1113=VECTOR('',#4525,10.);
#1114=VECTOR('',#4526,10.);
#1115=VECTOR('',#4531,10.);
#1116=VECTOR('',#4534,10.);
#1117=VECTOR('',#4535,10.);
#1118=VECTOR('',#4540,10.);
#1119=VECTOR('',#4543,10.);
#1120=VECTOR('',#4544,10.);
#1121=VECTOR('',#4549,10.);
#1122=VECTOR('',#4552,10.);
#1123=VECTOR('',#4553,10.);
#1124=VECTOR('',#4558,10.);
#1125=VECTOR('',#4561,10.);
#1126=VECTOR('',#4564,1.20000000000001);
#1127=VECTOR('',#4567,1.20000000000001);
#1128=VECTOR('',#4572,10.);
#1129=VECTOR('',#4573,10.);
#1130=VECTOR('',#4578,10.);
#1131=VECTOR('',#4583,10.);
#1132=VECTOR('',#4588,10.);
#1133=VECTOR('',#4593,10.);
#1134=VECTOR('',#4598,10.);
#1135=VECTOR('',#4603,10.);
#1136=VECTOR('',#4608,10.);
#1137=VECTOR('',#4613,10.);
#1138=VECTOR('',#4618,10.);
#1139=VECTOR('',#4623,10.);
#1140=VECTOR('',#4628,10.);
#1141=VECTOR('',#4633,10.);
#1142=VECTOR('',#4638,10.);
#1143=VECTOR('',#4643,10.);
#1144=VECTOR('',#4650,1.20000000000001);
#1145=VECTOR('',#4653,1.20000000000001);
#1146=VECTOR('',#4658,10.);
#1147=VECTOR('',#4659,10.);
#1148=VECTOR('',#4662,10.);
#1149=VECTOR('',#4663,10.);
#1150=VECTOR('',#4668,10.);
#1151=VECTOR('',#4671,10.);
#1152=VECTOR('',#4672,10.);
#1153=VECTOR('',#4677,10.);
#1154=VECTOR('',#4680,10.);
#1155=VECTOR('',#4681,10.);
#1156=VECTOR('',#4686,10.);
#1157=VECTOR('',#4689,10.);
#1158=VECTOR('',#4690,10.);
#1159=VECTOR('',#4695,10.);
#1160=VECTOR('',#4698,10.);
#1161=VECTOR('',#4699,10.);
#1162=VECTOR('',#4704,10.);
#1163=VECTOR('',#4707,10.);
#1164=VECTOR('',#4708,10.);
#1165=VECTOR('',#4713,10.);
#1166=VECTOR('',#4716,10.);
#1167=VECTOR('',#4717,10.);
#1168=VECTOR('',#4722,10.);
#1169=VECTOR('',#4725,10.);
#1170=VECTOR('',#4726,10.);
#1171=VECTOR('',#4731,10.);
#1172=VECTOR('',#4734,10.);
#1173=VECTOR('',#4735,10.);
#1174=VECTOR('',#4740,10.);
#1175=VECTOR('',#4743,10.);
#1176=VECTOR('',#4744,10.);
#1177=VECTOR('',#4749,10.);
#1178=VECTOR('',#4752,10.);
#1179=VECTOR('',#4753,10.);
#1180=VECTOR('',#4758,10.);
#1181=VECTOR('',#4761,10.);
#1182=VECTOR('',#4762,10.);
#1183=VECTOR('',#4767,10.);
#1184=VECTOR('',#4770,10.);
#1185=VECTOR('',#4771,10.);
#1186=VECTOR('',#4776,10.);
#1187=VECTOR('',#4779,10.);
#1188=VECTOR('',#4780,10.);
#1189=VECTOR('',#4785,10.);
#1190=VECTOR('',#4788,10.);
#1191=VECTOR('',#4789,10.);
#1192=VECTOR('',#4794,10.);
#1193=VECTOR('',#4797,10.);
#1194=VECTOR('',#4798,10.);
#1195=VECTOR('',#4803,10.);
#1196=VECTOR('',#4806,10.);
#1197=VECTOR('',#4807,10.);
#1198=VECTOR('',#4812,10.);
#1199=VECTOR('',#4815,10.);
#1200=VECTOR('',#4818,10.);
#1201=VECTOR('',#4819,10.);
#1202=VECTOR('',#4824,10.);
#1203=VECTOR('',#4825,10.);
#1204=VECTOR('',#4830,10.);
#1205=VECTOR('',#4833,10.);
#1206=VECTOR('',#4834,10.);
#1207=VECTOR('',#4839,10.);
#1208=VECTOR('',#4842,10.);
#1209=VECTOR('',#4843,10.);
#1210=VECTOR('',#4848,10.);
#1211=VECTOR('',#4851,10.);
#1212=VECTOR('',#4852,10.);
#1213=VECTOR('',#4861,10.);
#1214=VECTOR('',#4864,10.);
#1215=VECTOR('',#4867,10.);
#1216=VECTOR('',#4870,10.);
#1217=VECTOR('',#4873,10.);
#1218=VECTOR('',#4878,10.);
#1219=VECTOR('',#4879,10.);
#1220=VECTOR('',#4884,10.);
#1221=VECTOR('',#4887,10.);
#1222=VECTOR('',#4888,10.);
#1223=VECTOR('',#4893,10.);
#1224=VECTOR('',#4896,10.);
#1225=VECTOR('',#4899,10.);
#1226=VECTOR('',#4902,10.);
#1227=VECTOR('',#4905,10.);
#1228=VECTOR('',#4908,10.);
#1229=VECTOR('',#4911,10.);
#1230=VECTOR('',#4914,10.);
#1231=VECTOR('',#4921,10.);
#1232=VECTOR('',#4924,10.);
#1233=VECTOR('',#4925,10.);
#1234=VECTOR('',#4930,10.);
#1235=VECTOR('',#4933,10.);
#1236=VECTOR('',#4934,10.);
#1237=VECTOR('',#4939,10.);
#1238=VECTOR('',#4942,10.);
#1239=VECTOR('',#4943,10.);
#1240=VECTOR('',#4952,10.);
#1241=VECTOR('',#4955,10.);
#1242=VECTOR('',#4958,10.);
#1243=VECTOR('',#4961,10.);
#1244=VECTOR('',#4964,10.);
#1245=VECTOR('',#4969,10.);
#1246=VECTOR('',#4970,10.);
#1247=VECTOR('',#4975,10.);
#1248=VECTOR('',#4978,10.);
#1249=VECTOR('',#4979,10.);
#1250=VECTOR('',#4988,10.);
#1251=VECTOR('',#4991,10.);
#1252=VECTOR('',#4994,10.);
#1253=CIRCLE('',#3534,1.20000000000001);
#1254=CIRCLE('',#3535,2.20000000000002);
#1255=CIRCLE('',#3537,1.68999999999999);
#1256=CIRCLE('',#3538,1.69);
#1257=CIRCLE('',#3539,1.69000000000002);
#1258=CIRCLE('',#3540,10.8);
#1259=CIRCLE('',#3541,1.20000000000001);
#1260=CIRCLE('',#3543,1.20000000000001);
#1261=CIRCLE('',#3545,1.20000000000001);
#1262=CIRCLE('',#3546,2.20000000000002);
#1263=CIRCLE('',#3548,10.8);
#1264=CIRCLE('',#3549,1.69);
#1265=CIRCLE('',#3550,1.68999999999999);
#1266=CIRCLE('',#3551,1.69);
#1267=CIRCLE('',#3552,1.20000000000001);
#1268=CIRCLE('',#3554,1.20000000000001);
#1269=CIRCLE('',#3556,1.20000000000001);
#1270=CIRCLE('',#3557,2.20000000000002);
#1271=CIRCLE('',#3559,1.68999999999999);
#1272=CIRCLE('',#3560,1.68999999999997);
#1273=CIRCLE('',#3561,1.68999999999997);
#1274=CIRCLE('',#3562,10.8);
#1275=CIRCLE('',#3563,1.20000000000001);
#1276=CIRCLE('',#3565,1.20000000000001);
#1277=CIRCLE('',#3567,1.20000000000001);
#1278=CIRCLE('',#3568,2.20000000000002);
#1279=CIRCLE('',#3570,10.8);
#1280=CIRCLE('',#3571,1.68999999999997);
#1281=CIRCLE('',#3572,1.68999999999999);
#1282=CIRCLE('',#3573,1.69);
#1283=CIRCLE('',#3574,1.20000000000001);
#1284=CIRCLE('',#3576,1.20000000000001);
#1285=CIRCLE('',#3578,0.01);
#1286=CIRCLE('',#3579,1.51);
#1287=CIRCLE('',#3581,0.0100000000000122);
#1288=CIRCLE('',#3585,1.69);
#1289=CIRCLE('',#3586,1.69);
#1290=CIRCLE('',#3587,1.68999999999999);
#1291=CIRCLE('',#3588,1.68999999999999);
#1292=CIRCLE('',#3589,1.69);
#1293=CIRCLE('',#3590,1.69);
#1294=CIRCLE('',#3591,1.69);
#1295=CIRCLE('',#3592,1.69);
#1296=CIRCLE('',#3593,1.68999999999999);
#1297=CIRCLE('',#3594,1.68999999999999);
#1298=CIRCLE('',#3595,1.69);
#1299=CIRCLE('',#3596,1.69);
#1300=CIRCLE('',#3597,0.889999999999986);
#1301=CIRCLE('',#3598,0.889999999999986);
#1302=CIRCLE('',#3599,0.889999999999986);
#1303=CIRCLE('',#3600,0.889999999999986);
#1304=CIRCLE('',#3601,1.99999999999999);
#1305=CIRCLE('',#3602,1.69);
#1306=CIRCLE('',#3603,1.69);
#1307=CIRCLE('',#3604,1.99999999999999);
#1308=CIRCLE('',#3605,0.889999999999986);
#1309=CIRCLE('',#3606,0.889999999999986);
#1310=CIRCLE('',#3607,0.889999999999986);
#1311=CIRCLE('',#3608,0.889999999999986);
#1312=CIRCLE('',#3609,0.889999999999986);
#1313=CIRCLE('',#3610,0.889999999999986);
#1314=CIRCLE('',#3611,0.889999999999986);
#1315=CIRCLE('',#3612,0.889999999999986);
#1316=CIRCLE('',#3613,0.889999999999986);
#1317=CIRCLE('',#3614,0.889999999999986);
#1318=CIRCLE('',#3615,1.59999999999999);
#1319=CIRCLE('',#3616,0.499999999999988);
#1320=CIRCLE('',#3617,5.50000000000001);
#1321=CIRCLE('',#3618,0.500000000000003);
#1322=CIRCLE('',#3619,1.59999999999999);
#1323=CIRCLE('',#3620,0.499999999999988);
#1324=CIRCLE('',#3621,5.49999999999999);
#1325=CIRCLE('',#3622,0.499999999999994);
#1326=CIRCLE('',#3623,1.59999999999999);
#1327=CIRCLE('',#3624,0.499999999999988);
#1328=CIRCLE('',#3625,5.50000000000001);
#1329=CIRCLE('',#3626,0.500000000000003);
#1330=CIRCLE('',#3627,1.59999999999999);
#1331=CIRCLE('',#3628,0.499999999999988);
#1332=CIRCLE('',#3629,5.49999999999999);
#1333=CIRCLE('',#3630,0.499999999999994);
#1334=CIRCLE('',#3631,0.889999999999986);
#1335=CIRCLE('',#3632,0.889999999999986);
#1336=CIRCLE('',#3633,0.889999999999986);
#1337=CIRCLE('',#3634,0.889999999999986);
#1338=CIRCLE('',#3635,0.889999999999986);
#1339=CIRCLE('',#3636,0.889999999999986);
#1340=CIRCLE('',#3637,0.889999999999986);
#1341=CIRCLE('',#3638,0.889999999999986);
#1342=CIRCLE('',#3639,0.889999999999986);
#1343=CIRCLE('',#3640,0.889999999999986);
#1344=CIRCLE('',#3641,0.889999999999986);
#1345=CIRCLE('',#3642,0.889999999999986);
#1346=CIRCLE('',#3643,1.99999999999999);
#1347=CIRCLE('',#3644,1.69);
#1348=CIRCLE('',#3645,1.69);
#1349=CIRCLE('',#3646,1.99999999999999);
#1350=CIRCLE('',#3647,0.889999999999986);
#1351=CIRCLE('',#3648,0.889999999999986);
#1352=CIRCLE('',#3651,1.51);
#1353=CIRCLE('',#3653,0.01);
#1354=CIRCLE('',#3654,1.51);
#1355=CIRCLE('',#3656,0.0100000000000122);
#1356=CIRCLE('',#3660,1.69);
#1357=CIRCLE('',#3661,1.68999999999999);
#1358=CIRCLE('',#3662,1.68999999999997);
#1359=CIRCLE('',#3663,10.8);
#1360=CIRCLE('',#3664,1.20000000000001);
#1361=CIRCLE('',#3667,1.51);
#1362=CIRCLE('',#3669,0.01);
#1363=CIRCLE('',#3670,1.51);
#1364=CIRCLE('',#3672,0.0100000000000122);
#1365=CIRCLE('',#3676,10.8);
#1366=CIRCLE('',#3677,1.68999999999997);
#1367=CIRCLE('',#3678,1.68999999999997);
#1368=CIRCLE('',#3679,1.68999999999999);
#1369=CIRCLE('',#3680,1.20000000000001);
#1370=CIRCLE('',#3683,1.51);
#1371=CIRCLE('',#3686,1.51);
#1372=CIRCLE('',#3687,1.51);
#1373=CIRCLE('',#3689,0.01);
#1374=CIRCLE('',#3691,1.69);
#1375=CIRCLE('',#3692,1.68999999999999);
#1376=CIRCLE('',#3693,1.69);
#1377=CIRCLE('',#3694,10.8);
#1378=CIRCLE('',#3695,1.20000000000001);
#1379=CIRCLE('',#3698,10.8);
#1380=CIRCLE('',#3699,1.69000000000002);
#1381=CIRCLE('',#3700,1.69);
#1382=CIRCLE('',#3701,1.68999999999999);
#1383=CIRCLE('',#3702,1.20000000000001);
#1384=CIRCLE('',#3704,0.0100000000000122);
#1385=CIRCLE('',#3706,0.889999999999986);
#1386=CIRCLE('',#3709,0.889999999999986);
#1387=CIRCLE('',#3712,1.99999999999999);
#1388=CIRCLE('',#3715,1.69);
#1389=CIRCLE('',#3718,1.69);
#1390=CIRCLE('',#3721,1.99999999999999);
#1391=CIRCLE('',#3724,0.889999999999986);
#1392=CIRCLE('',#3727,0.889999999999986);
#1393=CIRCLE('',#3730,0.889999999999986);
#1394=CIRCLE('',#3733,0.889999999999986);
#1395=CIRCLE('',#3736,0.889999999999986);
#1396=CIRCLE('',#3739,0.889999999999986);
#1397=CIRCLE('',#3742,0.889999999999986);
#1398=CIRCLE('',#3745,0.889999999999986);
#1399=CIRCLE('',#3748,0.889999999999986);
#1400=CIRCLE('',#3751,0.889999999999986);
#1401=CIRCLE('',#3754,0.889999999999986);
#1402=CIRCLE('',#3757,0.889999999999986);
#1403=CIRCLE('',#3762,0.499999999999994);
#1404=CIRCLE('',#3764,5.49999999999999);
#1405=CIRCLE('',#3766,0.499999999999988);
#1406=CIRCLE('',#3768,1.59999999999999);
#1407=CIRCLE('',#3770,0.500000000000003);
#1408=CIRCLE('',#3772,5.50000000000001);
#1409=CIRCLE('',#3774,0.499999999999988);
#1410=CIRCLE('',#3776,1.59999999999999);
#1411=CIRCLE('',#3778,0.499999999999994);
#1412=CIRCLE('',#3780,5.49999999999999);
#1413=CIRCLE('',#3782,0.499999999999988);
#1414=CIRCLE('',#3784,1.59999999999999);
#1415=CIRCLE('',#3786,0.500000000000003);
#1416=CIRCLE('',#3788,5.50000000000001);
#1417=CIRCLE('',#3790,0.499999999999988);
#1418=CIRCLE('',#3792,1.59999999999999);
#1419=CIRCLE('',#3796,0.889999999999986);
#1420=CIRCLE('',#3799,0.889999999999986);
#1421=CIRCLE('',#3802,0.889999999999986);
#1422=CIRCLE('',#3805,0.889999999999986);
#1423=CIRCLE('',#3808,0.889999999999986);
#1424=CIRCLE('',#3811,0.889999999999986);
#1425=CIRCLE('',#3814,0.889999999999986);
#1426=CIRCLE('',#3817,0.889999999999986);
#1427=CIRCLE('',#3820,0.889999999999986);
#1428=CIRCLE('',#3823,0.889999999999986);
#1429=CIRCLE('',#3826,1.99999999999999);
#1430=CIRCLE('',#3829,1.69);
#1431=CIRCLE('',#3832,1.69);
#1432=CIRCLE('',#3835,1.99999999999999);
#1433=CIRCLE('',#3838,0.889999999999986);
#1434=CIRCLE('',#3841,0.889999999999986);
#1435=CIRCLE('',#3844,0.889999999999986);
#1436=CIRCLE('',#3847,0.889999999999986);
#1437=CIRCLE('',#3853,1.69);
#1438=CIRCLE('',#3856,1.69);
#1439=CIRCLE('',#3859,1.68999999999999);
#1440=CIRCLE('',#3862,1.68999999999999);
#1441=CIRCLE('',#3872,1.69);
#1442=CIRCLE('',#3875,1.69);
#1443=CIRCLE('',#3885,1.69);
#1444=CIRCLE('',#3888,1.69);
#1445=CIRCLE('',#3891,1.68999999999999);
#1446=CIRCLE('',#3894,1.68999999999999);
#1447=CIRCLE('',#3904,1.69);
#1448=CIRCLE('',#3907,1.69);
#1449=VERTEX_POINT('',#5003);
#1450=VERTEX_POINT('',#5005);
#1451=VERTEX_POINT('',#5009);
#1452=VERTEX_POINT('',#5010);
#1453=VERTEX_POINT('',#5012);
#1454=VERTEX_POINT('',#5014);
#1455=VERTEX_POINT('',#5016);
#1456=VERTEX_POINT('',#5018);
#1457=VERTEX_POINT('',#5020);
#1458=VERTEX_POINT('',#5022);
#1459=VERTEX_POINT('',#5024);
#1460=VERTEX_POINT('',#5027);
#1461=VERTEX_POINT('',#5030);
#1462=VERTEX_POINT('',#5034);
#1463=VERTEX_POINT('',#5036);
#1464=VERTEX_POINT('',#5040);
#1465=VERTEX_POINT('',#5041);
#1466=VERTEX_POINT('',#5043);
#1467=VERTEX_POINT('',#5045);
#1468=VERTEX_POINT('',#5047);
#1469=VERTEX_POINT('',#5049);
#1470=VERTEX_POINT('',#5051);
#1471=VERTEX_POINT('',#5053);
#1472=VERTEX_POINT('',#5055);
#1473=VERTEX_POINT('',#5058);
#1474=VERTEX_POINT('',#5061);
#1475=VERTEX_POINT('',#5065);
#1476=VERTEX_POINT('',#5067);
#1477=VERTEX_POINT('',#5071);
#1478=VERTEX_POINT('',#5072);
#1479=VERTEX_POINT('',#5074);
#1480=VERTEX_POINT('',#5076);
#1481=VERTEX_POINT('',#5078);
#1482=VERTEX_POINT('',#5080);
#1483=VERTEX_POINT('',#5082);
#1484=VERTEX_POINT('',#5084);
#1485=VERTEX_POINT('',#5086);
#1486=VERTEX_POINT('',#5089);
#1487=VERTEX_POINT('',#5092);
#1488=VERTEX_POINT('',#5096);
#1489=VERTEX_POINT('',#5098);
#1490=VERTEX_POINT('',#5102);
#1491=VERTEX_POINT('',#5103);
#1492=VERTEX_POINT('',#5105);
#1493=VERTEX_POINT('',#5107);
#1494=VERTEX_POINT('',#5109);
#1495=VERTEX_POINT('',#5111);
#1496=VERTEX_POINT('',#5113);
#1497=VERTEX_POINT('',#5115);
#1498=VERTEX_POINT('',#5117);
#1499=VERTEX_POINT('',#5120);
#1500=VERTEX_POINT('',#5123);
#1501=VERTEX_POINT('',#5127);
#1502=VERTEX_POINT('',#5129);
#1503=VERTEX_POINT('',#5131);
#1504=VERTEX_POINT('',#5135);
#1505=VERTEX_POINT('',#5137);
#1506=VERTEX_POINT('',#5142);
#1507=VERTEX_POINT('',#5146);
#1508=VERTEX_POINT('',#5150);
#1509=VERTEX_POINT('',#5152);
#1510=VERTEX_POINT('',#5154);
#1511=VERTEX_POINT('',#5156);
#1512=VERTEX_POINT('',#5158);
#1513=VERTEX_POINT('',#5160);
#1514=VERTEX_POINT('',#5162);
#1515=VERTEX_POINT('',#5164);
#1516=VERTEX_POINT('',#5166);
#1517=VERTEX_POINT('',#5168);
#1518=VERTEX_POINT('',#5170);
#1519=VERTEX_POINT('',#5172);
#1520=VERTEX_POINT('',#5174);
#1521=VERTEX_POINT('',#5176);
#1522=VERTEX_POINT('',#5178);
#1523=VERTEX_POINT('',#5180);
#1524=VERTEX_POINT('',#5182);
#1525=VERTEX_POINT('',#5184);
#1526=VERTEX_POINT('',#5186);
#1527=VERTEX_POINT('',#5188);
#1528=VERTEX_POINT('',#5190);
#1529=VERTEX_POINT('',#5192);
#1530=VERTEX_POINT('',#5194);
#1531=VERTEX_POINT('',#5196);
#1532=VERTEX_POINT('',#5198);
#1533=VERTEX_POINT('',#5200);
#1534=VERTEX_POINT('',#5202);
#1535=VERTEX_POINT('',#5204);
#1536=VERTEX_POINT('',#5206);
#1537=VERTEX_POINT('',#5208);
#1538=VERTEX_POINT('',#5211);
#1539=VERTEX_POINT('',#5212);
#1540=VERTEX_POINT('',#5214);
#1541=VERTEX_POINT('',#5216);
#1542=VERTEX_POINT('',#5218);
#1543=VERTEX_POINT('',#5220);
#1544=VERTEX_POINT('',#5222);
#1545=VERTEX_POINT('',#5224);
#1546=VERTEX_POINT('',#5226);
#1547=VERTEX_POINT('',#5228);
#1548=VERTEX_POINT('',#5230);
#1549=VERTEX_POINT('',#5232);
#1550=VERTEX_POINT('',#5234);
#1551=VERTEX_POINT('',#5236);
#1552=VERTEX_POINT('',#5238);
#1553=VERTEX_POINT('',#5240);
#1554=VERTEX_POINT('',#5242);
#1555=VERTEX_POINT('',#5244);
#1556=VERTEX_POINT('',#5246);
#1557=VERTEX_POINT('',#5248);
#1558=VERTEX_POINT('',#5250);
#1559=VERTEX_POINT('',#5252);
#1560=VERTEX_POINT('',#5254);
#1561=VERTEX_POINT('',#5256);
#1562=VERTEX_POINT('',#5258);
#1563=VERTEX_POINT('',#5260);
#1564=VERTEX_POINT('',#5262);
#1565=VERTEX_POINT('',#5264);
#1566=VERTEX_POINT('',#5266);
#1567=VERTEX_POINT('',#5268);
#1568=VERTEX_POINT('',#5270);
#1569=VERTEX_POINT('',#5272);
#1570=VERTEX_POINT('',#5274);
#1571=VERTEX_POINT('',#5276);
#1572=VERTEX_POINT('',#5278);
#1573=VERTEX_POINT('',#5280);
#1574=VERTEX_POINT('',#5283);
#1575=VERTEX_POINT('',#5284);
#1576=VERTEX_POINT('',#5286);
#1577=VERTEX_POINT('',#5288);
#1578=VERTEX_POINT('',#5290);
#1579=VERTEX_POINT('',#5292);
#1580=VERTEX_POINT('',#5294);
#1581=VERTEX_POINT('',#5296);
#1582=VERTEX_POINT('',#5298);
#1583=VERTEX_POINT('',#5300);
#1584=VERTEX_POINT('',#5302);
#1585=VERTEX_POINT('',#5304);
#1586=VERTEX_POINT('',#5306);
#1587=VERTEX_POINT('',#5308);
#1588=VERTEX_POINT('',#5310);
#1589=VERTEX_POINT('',#5312);
#1590=VERTEX_POINT('',#5315);
#1591=VERTEX_POINT('',#5316);
#1592=VERTEX_POINT('',#5318);
#1593=VERTEX_POINT('',#5320);
#1594=VERTEX_POINT('',#5322);
#1595=VERTEX_POINT('',#5324);
#1596=VERTEX_POINT('',#5326);
#1597=VERTEX_POINT('',#5328);
#1598=VERTEX_POINT('',#5330);
#1599=VERTEX_POINT('',#5332);
#1600=VERTEX_POINT('',#5334);
#1601=VERTEX_POINT('',#5336);
#1602=VERTEX_POINT('',#5338);
#1603=VERTEX_POINT('',#5340);
#1604=VERTEX_POINT('',#5342);
#1605=VERTEX_POINT('',#5344);
#1606=VERTEX_POINT('',#5346);
#1607=VERTEX_POINT('',#5348);
#1608=VERTEX_POINT('',#5350);
#1609=VERTEX_POINT('',#5352);
#1610=VERTEX_POINT('',#5354);
#1611=VERTEX_POINT('',#5356);
#1612=VERTEX_POINT('',#5358);
#1613=VERTEX_POINT('',#5360);
#1614=VERTEX_POINT('',#5362);
#1615=VERTEX_POINT('',#5364);
#1616=VERTEX_POINT('',#5366);
#1617=VERTEX_POINT('',#5368);
#1618=VERTEX_POINT('',#5370);
#1619=VERTEX_POINT('',#5372);
#1620=VERTEX_POINT('',#5374);
#1621=VERTEX_POINT('',#5376);
#1622=VERTEX_POINT('',#5378);
#1623=VERTEX_POINT('',#5380);
#1624=VERTEX_POINT('',#5382);
#1625=VERTEX_POINT('',#5384);
#1626=VERTEX_POINT('',#5388);
#1627=VERTEX_POINT('',#5390);
#1628=VERTEX_POINT('',#5397);
#1629=VERTEX_POINT('',#5400);
#1630=VERTEX_POINT('',#5404);
#1631=VERTEX_POINT('',#5409);
#1632=VERTEX_POINT('',#5413);
#1633=VERTEX_POINT('',#5417);
#1634=VERTEX_POINT('',#5419);
#1635=VERTEX_POINT('',#5421);
#1636=VERTEX_POINT('',#5423);
#1637=VERTEX_POINT('',#5425);
#1638=VERTEX_POINT('',#5428);
#1639=VERTEX_POINT('',#5431);
#1640=VERTEX_POINT('',#5433);
#1641=VERTEX_POINT('',#5440);
#1642=VERTEX_POINT('',#5443);
#1643=VERTEX_POINT('',#5447);
#1644=VERTEX_POINT('',#5452);
#1645=VERTEX_POINT('',#5456);
#1646=VERTEX_POINT('',#5460);
#1647=VERTEX_POINT('',#5462);
#1648=VERTEX_POINT('',#5464);
#1649=VERTEX_POINT('',#5466);
#1650=VERTEX_POINT('',#5468);
#1651=VERTEX_POINT('',#5471);
#1652=VERTEX_POINT('',#5474);
#1653=VERTEX_POINT('',#5476);
#1654=VERTEX_POINT('',#5483);
#1655=VERTEX_POINT('',#5485);
#1656=VERTEX_POINT('',#5489);
#1657=VERTEX_POINT('',#5491);
#1658=VERTEX_POINT('',#5495);
#1659=VERTEX_POINT('',#5501);
#1660=VERTEX_POINT('',#5503);
#1661=VERTEX_POINT('',#5505);
#1662=VERTEX_POINT('',#5507);
#1663=VERTEX_POINT('',#5509);
#1664=VERTEX_POINT('',#5511);
#1665=VERTEX_POINT('',#5514);
#1666=VERTEX_POINT('',#5517);
#1667=VERTEX_POINT('',#5521);
#1668=VERTEX_POINT('',#5523);
#1669=VERTEX_POINT('',#5525);
#1670=VERTEX_POINT('',#5527);
#1671=VERTEX_POINT('',#5529);
#1672=VERTEX_POINT('',#5532);
#1673=VERTEX_POINT('',#5538);
#1674=VERTEX_POINT('',#5539);
#1675=VERTEX_POINT('',#5544);
#1676=VERTEX_POINT('',#5548);
#1677=VERTEX_POINT('',#5552);
#1678=VERTEX_POINT('',#5556);
#1679=VERTEX_POINT('',#5560);
#1680=VERTEX_POINT('',#5564);
#1681=VERTEX_POINT('',#5568);
#1682=VERTEX_POINT('',#5572);
#1683=VERTEX_POINT('',#5576);
#1684=VERTEX_POINT('',#5580);
#1685=VERTEX_POINT('',#5584);
#1686=VERTEX_POINT('',#5588);
#1687=VERTEX_POINT('',#5592);
#1688=VERTEX_POINT('',#5596);
#1689=VERTEX_POINT('',#5600);
#1690=VERTEX_POINT('',#5604);
#1691=VERTEX_POINT('',#5608);
#1692=VERTEX_POINT('',#5612);
#1693=VERTEX_POINT('',#5616);
#1694=VERTEX_POINT('',#5620);
#1695=VERTEX_POINT('',#5624);
#1696=VERTEX_POINT('',#5628);
#1697=VERTEX_POINT('',#5632);
#1698=VERTEX_POINT('',#5636);
#1699=VERTEX_POINT('',#5640);
#1700=VERTEX_POINT('',#5644);
#1701=VERTEX_POINT('',#5648);
#1702=VERTEX_POINT('',#5652);
#1703=VERTEX_POINT('',#5656);
#1704=VERTEX_POINT('',#5660);
#1705=VERTEX_POINT('',#5664);
#1706=VERTEX_POINT('',#5668);
#1707=VERTEX_POINT('',#5672);
#1708=VERTEX_POINT('',#5676);
#1709=VERTEX_POINT('',#5686);
#1710=VERTEX_POINT('',#5687);
#1711=VERTEX_POINT('',#5692);
#1712=VERTEX_POINT('',#5696);
#1713=VERTEX_POINT('',#5700);
#1714=VERTEX_POINT('',#5704);
#1715=VERTEX_POINT('',#5708);
#1716=VERTEX_POINT('',#5712);
#1717=VERTEX_POINT('',#5716);
#1718=VERTEX_POINT('',#5720);
#1719=VERTEX_POINT('',#5724);
#1720=VERTEX_POINT('',#5728);
#1721=VERTEX_POINT('',#5732);
#1722=VERTEX_POINT('',#5736);
#1723=VERTEX_POINT('',#5740);
#1724=VERTEX_POINT('',#5744);
#1725=VERTEX_POINT('',#5754);
#1726=VERTEX_POINT('',#5755);
#1727=VERTEX_POINT('',#5760);
#1728=VERTEX_POINT('',#5764);
#1729=VERTEX_POINT('',#5768);
#1730=VERTEX_POINT('',#5772);
#1731=VERTEX_POINT('',#5776);
#1732=VERTEX_POINT('',#5780);
#1733=VERTEX_POINT('',#5784);
#1734=VERTEX_POINT('',#5788);
#1735=VERTEX_POINT('',#5792);
#1736=VERTEX_POINT('',#5796);
#1737=VERTEX_POINT('',#5800);
#1738=VERTEX_POINT('',#5804);
#1739=VERTEX_POINT('',#5808);
#1740=VERTEX_POINT('',#5812);
#1741=VERTEX_POINT('',#5816);
#1742=VERTEX_POINT('',#5820);
#1743=VERTEX_POINT('',#5824);
#1744=VERTEX_POINT('',#5828);
#1745=VERTEX_POINT('',#5832);
#1746=VERTEX_POINT('',#5836);
#1747=VERTEX_POINT('',#5840);
#1748=VERTEX_POINT('',#5844);
#1749=VERTEX_POINT('',#5848);
#1750=VERTEX_POINT('',#5852);
#1751=VERTEX_POINT('',#5856);
#1752=VERTEX_POINT('',#5860);
#1753=VERTEX_POINT('',#5864);
#1754=VERTEX_POINT('',#5868);
#1755=VERTEX_POINT('',#5872);
#1756=VERTEX_POINT('',#5876);
#1757=VERTEX_POINT('',#5880);
#1758=VERTEX_POINT('',#5884);
#1759=VERTEX_POINT('',#5888);
#1760=VERTEX_POINT('',#5892);
#1761=VERTEX_POINT('',#5902);
#1762=VERTEX_POINT('',#5906);
#1763=VERTEX_POINT('',#5910);
#1764=VERTEX_POINT('',#5914);
#1765=VERTEX_POINT('',#5918);
#1766=VERTEX_POINT('',#5922);
#1767=VERTEX_POINT('',#5926);
#1768=VERTEX_POINT('',#5944);
#1769=VERTEX_POINT('',#5948);
#1770=VERTEX_POINT('',#5952);
#1771=VERTEX_POINT('',#5956);
#1772=VERTEX_POINT('',#5975);
#1773=VERTEX_POINT('',#5979);
#1774=VERTEX_POINT('',#5983);
#1775=VERTEX_POINT('',#5987);
#1776=VERTEX_POINT('',#5991);
#1777=VERTEX_POINT('',#5995);
#1778=VERTEX_POINT('',#6013);
#1779=VERTEX_POINT('',#6017);
#1780=VERTEX_POINT('',#6021);
#1781=EDGE_CURVE('',#1449,#1449,#1253,.T.);
#1782=EDGE_CURVE('',#1449,#1450,#613,.T.);
#1783=EDGE_CURVE('',#1450,#1450,#1254,.T.);
#1784=EDGE_CURVE('',#1451,#1452,#614,.T.);
#1785=EDGE_CURVE('',#1453,#1452,#615,.T.);
#1786=EDGE_CURVE('',#1454,#1453,#1255,.T.);
#1787=EDGE_CURVE('',#1455,#1454,#616,.T.);
#1788=EDGE_CURVE('',#1456,#1455,#1256,.T.);
#1789=EDGE_CURVE('',#1457,#1456,#617,.T.);
#1790=EDGE_CURVE('',#1458,#1457,#1257,.T.);
#1791=EDGE_CURVE('',#1458,#1459,#1258,.T.);
#1792=EDGE_CURVE('',#1451,#1459,#618,.T.);
#1793=EDGE_CURVE('',#1460,#1460,#1259,.T.);
#1794=EDGE_CURVE('',#1449,#1461,#619,.T.);
#1795=EDGE_CURVE('',#1461,#1461,#1260,.T.);
#1796=EDGE_CURVE('',#1462,#1462,#1261,.T.);
#1797=EDGE_CURVE('',#1462,#1463,#620,.T.);
#1798=EDGE_CURVE('',#1463,#1463,#1262,.T.);
#1799=EDGE_CURVE('',#1464,#1465,#621,.T.);
#1800=EDGE_CURVE('',#1465,#1466,#622,.T.);
#1801=EDGE_CURVE('',#1466,#1467,#1263,.T.);
#1802=EDGE_CURVE('',#1468,#1467,#1264,.T.);
#1803=EDGE_CURVE('',#1468,#1469,#623,.T.);
#1804=EDGE_CURVE('',#1470,#1469,#1265,.T.);
#1805=EDGE_CURVE('',#1470,#1471,#624,.T.);
#1806=EDGE_CURVE('',#1472,#1471,#1266,.T.);
#1807=EDGE_CURVE('',#1472,#1464,#625,.T.);
#1808=EDGE_CURVE('',#1473,#1473,#1267,.T.);
#1809=EDGE_CURVE('',#1462,#1474,#626,.T.);
#1810=EDGE_CURVE('',#1474,#1474,#1268,.T.);
#1811=EDGE_CURVE('',#1475,#1475,#1269,.T.);
#1812=EDGE_CURVE('',#1475,#1476,#627,.T.);
#1813=EDGE_CURVE('',#1476,#1476,#1270,.T.);
#1814=EDGE_CURVE('',#1477,#1478,#628,.T.);
#1815=EDGE_CURVE('',#1479,#1478,#629,.T.);
#1816=EDGE_CURVE('',#1480,#1479,#1271,.T.);
#1817=EDGE_CURVE('',#1481,#1480,#630,.T.);
#1818=EDGE_CURVE('',#1482,#1481,#1272,.T.);
#1819=EDGE_CURVE('',#1483,#1482,#631,.T.);
#1820=EDGE_CURVE('',#1484,#1483,#1273,.T.);
#1821=EDGE_CURVE('',#1484,#1485,#1274,.T.);
#1822=EDGE_CURVE('',#1477,#1485,#632,.T.);
#1823=EDGE_CURVE('',#1486,#1486,#1275,.T.);
#1824=EDGE_CURVE('',#1475,#1487,#633,.T.);
#1825=EDGE_CURVE('',#1487,#1487,#1276,.T.);
#1826=EDGE_CURVE('',#1488,#1488,#1277,.T.);
#1827=EDGE_CURVE('',#1488,#1489,#634,.T.);
#1828=EDGE_CURVE('',#1489,#1489,#1278,.T.);
#1829=EDGE_CURVE('',#1490,#1491,#635,.T.);
#1830=EDGE_CURVE('',#1491,#1492,#636,.T.);
#1831=EDGE_CURVE('',#1492,#1493,#1279,.T.);
#1832=EDGE_CURVE('',#1494,#1493,#1280,.T.);
#1833=EDGE_CURVE('',#1494,#1495,#637,.T.);
#1834=EDGE_CURVE('',#1496,#1495,#1281,.T.);
#1835=EDGE_CURVE('',#1496,#1497,#638,.T.);
#1836=EDGE_CURVE('',#1498,#1497,#1282,.T.);
#1837=EDGE_CURVE('',#1498,#1490,#639,.T.);
#1838=EDGE_CURVE('',#1499,#1499,#1283,.T.);
#1839=EDGE_CURVE('',#1488,#1500,#640,.T.);
#1840=EDGE_CURVE('',#1500,#1500,#1284,.T.);
#1841=EDGE_CURVE('',#1501,#1490,#641,.T.);
#1842=EDGE_CURVE('',#1502,#1501,#1285,.T.);
#1843=EDGE_CURVE('',#1502,#1503,#642,.T.);
#1844=EDGE_CURVE('',#1490,#1503,#1286,.T.);
#1845=EDGE_CURVE('',#1504,#1501,#643,.T.);
#1846=EDGE_CURVE('',#1504,#1505,#1287,.T.);
#1847=EDGE_CURVE('',#1505,#1502,#644,.T.);
#1848=EDGE_CURVE('',#1491,#1504,#645,.T.);
#1849=EDGE_CURVE('',#1506,#1504,#646,.T.);
#1850=EDGE_CURVE('',#1492,#1506,#647,.T.);
#1851=EDGE_CURVE('',#1498,#1507,#648,.T.);
#1852=EDGE_CURVE('',#1501,#1507,#649,.T.);
#1853=EDGE_CURVE('',#1505,#1508,#650,.T.);
#1854=EDGE_CURVE('',#1508,#1509,#1288,.T.);
#1855=EDGE_CURVE('',#1509,#1510,#651,.T.);
#1856=EDGE_CURVE('',#1510,#1511,#1289,.T.);
#1857=EDGE_CURVE('',#1511,#1512,#652,.T.);
#1858=EDGE_CURVE('',#1513,#1512,#653,.T.);
#1859=EDGE_CURVE('',#1513,#1514,#654,.T.);
#1860=EDGE_CURVE('',#1514,#1515,#1290,.T.);
#1861=EDGE_CURVE('',#1515,#1516,#655,.T.);
#1862=EDGE_CURVE('',#1516,#1517,#1291,.T.);
#1863=EDGE_CURVE('',#1517,#1518,#656,.T.);
#1864=EDGE_CURVE('',#1518,#1519,#1292,.T.);
#1865=EDGE_CURVE('',#1519,#1520,#657,.T.);
#1866=EDGE_CURVE('',#1520,#1521,#1293,.T.);
#1867=EDGE_CURVE('',#1521,#1522,#658,.T.);
#1868=EDGE_CURVE('',#1523,#1522,#659,.T.);
#1869=EDGE_CURVE('',#1523,#1524,#660,.T.);
#1870=EDGE_CURVE('',#1524,#1525,#1294,.T.);
#1871=EDGE_CURVE('',#1525,#1526,#661,.T.);
#1872=EDGE_CURVE('',#1526,#1527,#1295,.T.);
#1873=EDGE_CURVE('',#1527,#1528,#662,.T.);
#1874=EDGE_CURVE('',#1529,#1528,#663,.T.);
#1875=EDGE_CURVE('',#1529,#1530,#664,.T.);
#1876=EDGE_CURVE('',#1530,#1531,#1296,.T.);
#1877=EDGE_CURVE('',#1531,#1532,#665,.T.);
#1878=EDGE_CURVE('',#1532,#1533,#1297,.T.);
#1879=EDGE_CURVE('',#1533,#1534,#666,.T.);
#1880=EDGE_CURVE('',#1534,#1535,#1298,.T.);
#1881=EDGE_CURVE('',#1535,#1536,#667,.T.);
#1882=EDGE_CURVE('',#1536,#1537,#1299,.T.);
#1883=EDGE_CURVE('',#1537,#1502,#668,.T.);
#1884=EDGE_CURVE('',#1538,#1539,#669,.T.);
#1885=EDGE_CURVE('',#1539,#1540,#1300,.T.);
#1886=EDGE_CURVE('',#1540,#1541,#670,.T.);
#1887=EDGE_CURVE('',#1541,#1542,#1301,.T.);
#1888=EDGE_CURVE('',#1542,#1543,#671,.T.);
#1889=EDGE_CURVE('',#1543,#1544,#1302,.T.);
#1890=EDGE_CURVE('',#1544,#1545,#672,.T.);
#1891=EDGE_CURVE('',#1545,#1546,#1303,.T.);
#1892=EDGE_CURVE('',#1546,#1547,#673,.T.);
#1893=EDGE_CURVE('',#1547,#1548,#1304,.T.);
#1894=EDGE_CURVE('',#1548,#1549,#674,.T.);
#1895=EDGE_CURVE('',#1549,#1550,#1305,.T.);
#1896=EDGE_CURVE('',#1550,#1551,#675,.T.);
#1897=EDGE_CURVE('',#1551,#1552,#1306,.T.);
#1898=EDGE_CURVE('',#1552,#1553,#676,.T.);
#1899=EDGE_CURVE('',#1553,#1554,#1307,.T.);
#1900=EDGE_CURVE('',#1554,#1555,#677,.T.);
#1901=EDGE_CURVE('',#1555,#1556,#1308,.T.);
#1902=EDGE_CURVE('',#1556,#1557,#678,.T.);
#1903=EDGE_CURVE('',#1557,#1558,#1309,.T.);
#1904=EDGE_CURVE('',#1558,#1559,#679,.T.);
#1905=EDGE_CURVE('',#1559,#1560,#1310,.T.);
#1906=EDGE_CURVE('',#1560,#1561,#680,.T.);
#1907=EDGE_CURVE('',#1561,#1562,#1311,.T.);
#1908=EDGE_CURVE('',#1562,#1563,#681,.T.);
#1909=EDGE_CURVE('',#1563,#1564,#1312,.T.);
#1910=EDGE_CURVE('',#1564,#1565,#682,.T.);
#1911=EDGE_CURVE('',#1565,#1566,#1313,.T.);
#1912=EDGE_CURVE('',#1566,#1567,#683,.T.);
#1913=EDGE_CURVE('',#1567,#1568,#1314,.T.);
#1914=EDGE_CURVE('',#1568,#1569,#684,.T.);
#1915=EDGE_CURVE('',#1569,#1570,#1315,.T.);
#1916=EDGE_CURVE('',#1570,#1571,#685,.T.);
#1917=EDGE_CURVE('',#1571,#1572,#1316,.T.);
#1918=EDGE_CURVE('',#1572,#1573,#686,.T.);
#1919=EDGE_CURVE('',#1573,#1538,#1317,.T.);
#1920=EDGE_CURVE('',#1574,#1575,#1318,.T.);
#1921=EDGE_CURVE('',#1575,#1576,#1319,.T.);
#1922=EDGE_CURVE('',#1576,#1577,#1320,.T.);
#1923=EDGE_CURVE('',#1577,#1578,#1321,.T.);
#1924=EDGE_CURVE('',#1578,#1579,#1322,.T.);
#1925=EDGE_CURVE('',#1579,#1580,#1323,.T.);
#1926=EDGE_CURVE('',#1580,#1581,#1324,.T.);
#1927=EDGE_CURVE('',#1581,#1582,#1325,.T.);
#1928=EDGE_CURVE('',#1582,#1583,#1326,.T.);
#1929=EDGE_CURVE('',#1583,#1584,#1327,.T.);
#1930=EDGE_CURVE('',#1584,#1585,#1328,.T.);
#1931=EDGE_CURVE('',#1585,#1586,#1329,.T.);
#1932=EDGE_CURVE('',#1586,#1587,#1330,.T.);
#1933=EDGE_CURVE('',#1587,#1588,#1331,.T.);
#1934=EDGE_CURVE('',#1588,#1589,#1332,.T.);
#1935=EDGE_CURVE('',#1589,#1574,#1333,.T.);
#1936=EDGE_CURVE('',#1590,#1591,#687,.T.);
#1937=EDGE_CURVE('',#1591,#1592,#1334,.T.);
#1938=EDGE_CURVE('',#1592,#1593,#688,.T.);
#1939=EDGE_CURVE('',#1593,#1594,#1335,.T.);
#1940=EDGE_CURVE('',#1594,#1595,#689,.T.);
#1941=EDGE_CURVE('',#1595,#1596,#1336,.T.);
#1942=EDGE_CURVE('',#1596,#1597,#690,.T.);
#1943=EDGE_CURVE('',#1597,#1598,#1337,.T.);
#1944=EDGE_CURVE('',#1598,#1599,#691,.T.);
#1945=EDGE_CURVE('',#1599,#1600,#1338,.T.);
#1946=EDGE_CURVE('',#1600,#1601,#692,.T.);
#1947=EDGE_CURVE('',#1601,#1602,#1339,.T.);
#1948=EDGE_CURVE('',#1602,#1603,#693,.T.);
#1949=EDGE_CURVE('',#1603,#1604,#1340,.T.);
#1950=EDGE_CURVE('',#1604,#1605,#694,.T.);
#1951=EDGE_CURVE('',#1605,#1606,#1341,.T.);
#1952=EDGE_CURVE('',#1606,#1607,#695,.T.);
#1953=EDGE_CURVE('',#1607,#1608,#1342,.T.);
#1954=EDGE_CURVE('',#1608,#1609,#696,.T.);
#1955=EDGE_CURVE('',#1609,#1610,#1343,.T.);
#1956=EDGE_CURVE('',#1610,#1611,#697,.T.);
#1957=EDGE_CURVE('',#1611,#1612,#1344,.T.);
#1958=EDGE_CURVE('',#1612,#1613,#698,.T.);
#1959=EDGE_CURVE('',#1613,#1614,#1345,.T.);
#1960=EDGE_CURVE('',#1614,#1615,#699,.T.);
#1961=EDGE_CURVE('',#1615,#1616,#1346,.T.);
#1962=EDGE_CURVE('',#1616,#1617,#700,.T.);
#1963=EDGE_CURVE('',#1617,#1618,#1347,.T.);
#1964=EDGE_CURVE('',#1618,#1619,#701,.T.);
#1965=EDGE_CURVE('',#1619,#1620,#1348,.T.);
#1966=EDGE_CURVE('',#1620,#1621,#702,.T.);
#1967=EDGE_CURVE('',#1621,#1622,#1349,.T.);
#1968=EDGE_CURVE('',#1622,#1623,#703,.T.);
#1969=EDGE_CURVE('',#1623,#1624,#1350,.T.);
#1970=EDGE_CURVE('',#1624,#1625,#704,.T.);
#1971=EDGE_CURVE('',#1625,#1590,#1351,.T.);
#1972=EDGE_CURVE('',#1626,#1505,#705,.T.);
#1973=EDGE_CURVE('',#1627,#1626,#706,.T.);
#1974=EDGE_CURVE('',#1627,#1508,#707,.T.);
#1975=EDGE_CURVE('',#1503,#1626,#708,.T.);
#1976=EDGE_CURVE('',#1626,#1491,#1352,.T.);
#1977=EDGE_CURVE('',#1628,#1477,#709,.T.);
#1978=EDGE_CURVE('',#1512,#1628,#1353,.T.);
#1979=EDGE_CURVE('',#1512,#1629,#710,.T.);
#1980=EDGE_CURVE('',#1629,#1477,#1354,.T.);
#1981=EDGE_CURVE('',#1630,#1628,#711,.T.);
#1982=EDGE_CURVE('',#1630,#1513,#1355,.T.);
#1983=EDGE_CURVE('',#1478,#1630,#712,.T.);
#1984=EDGE_CURVE('',#1631,#1630,#713,.T.);
#1985=EDGE_CURVE('',#1479,#1631,#714,.T.);
#1986=EDGE_CURVE('',#1485,#1632,#715,.T.);
#1987=EDGE_CURVE('',#1628,#1632,#716,.T.);
#1988=EDGE_CURVE('',#1507,#1633,#1356,.T.);
#1989=EDGE_CURVE('',#1633,#1634,#717,.T.);
#1990=EDGE_CURVE('',#1634,#1635,#1357,.T.);
#1991=EDGE_CURVE('',#1635,#1636,#718,.T.);
#1992=EDGE_CURVE('',#1636,#1637,#1358,.T.);
#1993=EDGE_CURVE('',#1637,#1506,#1359,.T.);
#1994=EDGE_CURVE('',#1638,#1638,#1360,.T.);
#1995=EDGE_CURVE('',#1639,#1513,#719,.T.);
#1996=EDGE_CURVE('',#1639,#1640,#720,.T.);
#1997=EDGE_CURVE('',#1640,#1514,#721,.T.);
#1998=EDGE_CURVE('',#1629,#1639,#722,.T.);
#1999=EDGE_CURVE('',#1478,#1639,#1361,.T.);
#2000=EDGE_CURVE('',#1641,#1451,#723,.T.);
#2001=EDGE_CURVE('',#1528,#1641,#1362,.T.);
#2002=EDGE_CURVE('',#1528,#1642,#724,.T.);
#2003=EDGE_CURVE('',#1642,#1451,#1363,.T.);
#2004=EDGE_CURVE('',#1643,#1641,#725,.T.);
#2005=EDGE_CURVE('',#1643,#1529,#1364,.T.);
#2006=EDGE_CURVE('',#1452,#1643,#726,.T.);
#2007=EDGE_CURVE('',#1644,#1643,#727,.T.);
#2008=EDGE_CURVE('',#1453,#1644,#728,.T.);
#2009=EDGE_CURVE('',#1459,#1645,#729,.T.);
#2010=EDGE_CURVE('',#1641,#1645,#730,.T.);
#2011=EDGE_CURVE('',#1632,#1646,#1365,.T.);
#2012=EDGE_CURVE('',#1646,#1647,#1366,.T.);
#2013=EDGE_CURVE('',#1647,#1648,#731,.T.);
#2014=EDGE_CURVE('',#1648,#1649,#1367,.T.);
#2015=EDGE_CURVE('',#1649,#1650,#732,.T.);
#2016=EDGE_CURVE('',#1650,#1631,#1368,.T.);
#2017=EDGE_CURVE('',#1651,#1651,#1369,.T.);
#2018=EDGE_CURVE('',#1652,#1529,#733,.T.);
#2019=EDGE_CURVE('',#1652,#1653,#734,.T.);
#2020=EDGE_CURVE('',#1653,#1530,#735,.T.);
#2021=EDGE_CURVE('',#1642,#1652,#736,.T.);
#2022=EDGE_CURVE('',#1452,#1652,#1370,.T.);
#2023=EDGE_CURVE('',#1465,#1654,#737,.T.);
#2024=EDGE_CURVE('',#1655,#1654,#738,.T.);
#2025=EDGE_CURVE('',#1466,#1655,#739,.T.);
#2026=EDGE_CURVE('',#1464,#1656,#1371,.T.);
#2027=EDGE_CURVE('',#1656,#1657,#740,.T.);
#2028=EDGE_CURVE('',#1657,#1465,#1372,.T.);
#2029=EDGE_CURVE('',#1658,#1464,#741,.T.);
#2030=EDGE_CURVE('',#1522,#1658,#1373,.T.);
#2031=EDGE_CURVE('',#1522,#1656,#742,.T.);
#2032=EDGE_CURVE('',#1654,#1658,#743,.T.);
#2033=EDGE_CURVE('',#1658,#1659,#744,.T.);
#2034=EDGE_CURVE('',#1659,#1660,#1374,.T.);
#2035=EDGE_CURVE('',#1660,#1661,#745,.T.);
#2036=EDGE_CURVE('',#1661,#1662,#1375,.T.);
#2037=EDGE_CURVE('',#1662,#1663,#746,.T.);
#2038=EDGE_CURVE('',#1663,#1664,#1376,.T.);
#2039=EDGE_CURVE('',#1664,#1655,#1377,.T.);
#2040=EDGE_CURVE('',#1665,#1665,#1378,.T.);
#2041=EDGE_CURVE('',#1666,#1521,#747,.T.);
#2042=EDGE_CURVE('',#1656,#1666,#748,.T.);
#2043=EDGE_CURVE('',#1645,#1667,#1379,.T.);
#2044=EDGE_CURVE('',#1667,#1668,#1380,.T.);
#2045=EDGE_CURVE('',#1668,#1669,#749,.T.);
#2046=EDGE_CURVE('',#1669,#1670,#1381,.T.);
#2047=EDGE_CURVE('',#1670,#1671,#750,.T.);
#2048=EDGE_CURVE('',#1671,#1644,#1382,.T.);
#2049=EDGE_CURVE('',#1672,#1672,#1383,.T.);
#2050=EDGE_CURVE('',#1657,#1523,#751,.T.);
#2051=EDGE_CURVE('',#1654,#1523,#1384,.T.);
#2052=EDGE_CURVE('',#1673,#1674,#1385,.T.);
#2053=EDGE_CURVE('',#1674,#1590,#752,.T.);
#2054=EDGE_CURVE('',#1673,#1625,#753,.T.);
#2055=EDGE_CURVE('',#1675,#1673,#754,.T.);
#2056=EDGE_CURVE('',#1675,#1624,#755,.T.);
#2057=EDGE_CURVE('',#1676,#1675,#1386,.T.);
#2058=EDGE_CURVE('',#1676,#1623,#756,.T.);
#2059=EDGE_CURVE('',#1677,#1676,#757,.T.);
#2060=EDGE_CURVE('',#1677,#1622,#758,.T.);
#2061=EDGE_CURVE('',#1678,#1677,#1387,.T.);
#2062=EDGE_CURVE('',#1678,#1621,#759,.T.);
#2063=EDGE_CURVE('',#1679,#1678,#760,.T.);
#2064=EDGE_CURVE('',#1679,#1620,#761,.T.);
#2065=EDGE_CURVE('',#1680,#1679,#1388,.T.);
#2066=EDGE_CURVE('',#1680,#1619,#762,.T.);
#2067=EDGE_CURVE('',#1681,#1680,#763,.T.);
#2068=EDGE_CURVE('',#1681,#1618,#764,.T.);
#2069=EDGE_CURVE('',#1682,#1681,#1389,.T.);
#2070=EDGE_CURVE('',#1682,#1617,#765,.T.);
#2071=EDGE_CURVE('',#1683,#1682,#766,.T.);
#2072=EDGE_CURVE('',#1683,#1616,#767,.T.);
#2073=EDGE_CURVE('',#1684,#1683,#1390,.T.);
#2074=EDGE_CURVE('',#1684,#1615,#768,.T.);
#2075=EDGE_CURVE('',#1685,#1684,#769,.T.);
#2076=EDGE_CURVE('',#1685,#1614,#770,.T.);
#2077=EDGE_CURVE('',#1686,#1685,#1391,.T.);
#2078=EDGE_CURVE('',#1686,#1613,#771,.T.);
#2079=EDGE_CURVE('',#1687,#1686,#772,.T.);
#2080=EDGE_CURVE('',#1687,#1612,#773,.T.);
#2081=EDGE_CURVE('',#1688,#1687,#1392,.T.);
#2082=EDGE_CURVE('',#1688,#1611,#774,.T.);
#2083=EDGE_CURVE('',#1689,#1688,#775,.T.);
#2084=EDGE_CURVE('',#1689,#1610,#776,.T.);
#2085=EDGE_CURVE('',#1690,#1689,#1393,.T.);
#2086=EDGE_CURVE('',#1690,#1609,#777,.T.);
#2087=EDGE_CURVE('',#1691,#1690,#778,.T.);
#2088=EDGE_CURVE('',#1691,#1608,#779,.T.);
#2089=EDGE_CURVE('',#1692,#1691,#1394,.T.);
#2090=EDGE_CURVE('',#1692,#1607,#780,.T.);
#2091=EDGE_CURVE('',#1693,#1692,#781,.T.);
#2092=EDGE_CURVE('',#1693,#1606,#782,.T.);
#2093=EDGE_CURVE('',#1694,#1693,#1395,.T.);
#2094=EDGE_CURVE('',#1694,#1605,#783,.T.);
#2095=EDGE_CURVE('',#1695,#1694,#784,.T.);
#2096=EDGE_CURVE('',#1695,#1604,#785,.T.);
#2097=EDGE_CURVE('',#1696,#1695,#1396,.T.);
#2098=EDGE_CURVE('',#1696,#1603,#786,.T.);
#2099=EDGE_CURVE('',#1697,#1696,#787,.T.);
#2100=EDGE_CURVE('',#1697,#1602,#788,.T.);
#2101=EDGE_CURVE('',#1698,#1697,#1397,.T.);
#2102=EDGE_CURVE('',#1698,#1601,#789,.T.);
#2103=EDGE_CURVE('',#1699,#1698,#790,.T.);
#2104=EDGE_CURVE('',#1699,#1600,#791,.T.);
#2105=EDGE_CURVE('',#1700,#1699,#1398,.T.);
#2106=EDGE_CURVE('',#1700,#1599,#792,.T.);
#2107=EDGE_CURVE('',#1701,#1700,#793,.T.);
#2108=EDGE_CURVE('',#1701,#1598,#794,.T.);
#2109=EDGE_CURVE('',#1702,#1701,#1399,.T.);
#2110=EDGE_CURVE('',#1702,#1597,#795,.T.);
#2111=EDGE_CURVE('',#1703,#1702,#796,.T.);
#2112=EDGE_CURVE('',#1703,#1596,#797,.T.);
#2113=EDGE_CURVE('',#1704,#1703,#1400,.T.);
#2114=EDGE_CURVE('',#1704,#1595,#798,.T.);
#2115=EDGE_CURVE('',#1705,#1704,#799,.T.);
#2116=EDGE_CURVE('',#1705,#1594,#800,.T.);
#2117=EDGE_CURVE('',#1706,#1705,#1401,.T.);
#2118=EDGE_CURVE('',#1706,#1593,#801,.T.);
#2119=EDGE_CURVE('',#1707,#1706,#802,.T.);
#2120=EDGE_CURVE('',#1707,#1592,#803,.T.);
#2121=EDGE_CURVE('',#1708,#1707,#1402,.T.);
#2122=EDGE_CURVE('',#1708,#1591,#804,.T.);
#2123=EDGE_CURVE('',#1674,#1708,#805,.T.);
#2124=EDGE_CURVE('',#1473,#1665,#806,.T.);
#2125=EDGE_CURVE('',#1460,#1672,#807,.T.);
#2126=EDGE_CURVE('',#1709,#1710,#1403,.T.);
#2127=EDGE_CURVE('',#1710,#1574,#808,.T.);
#2128=EDGE_CURVE('',#1709,#1589,#809,.T.);
#2129=EDGE_CURVE('',#1711,#1709,#1404,.T.);
#2130=EDGE_CURVE('',#1711,#1588,#810,.T.);
#2131=EDGE_CURVE('',#1712,#1711,#1405,.T.);
#2132=EDGE_CURVE('',#1712,#1587,#811,.T.);
#2133=EDGE_CURVE('',#1713,#1712,#1406,.T.);
#2134=EDGE_CURVE('',#1713,#1586,#812,.T.);
#2135=EDGE_CURVE('',#1714,#1713,#1407,.T.);
#2136=EDGE_CURVE('',#1714,#1585,#813,.T.);
#2137=EDGE_CURVE('',#1715,#1714,#1408,.T.);
#2138=EDGE_CURVE('',#1715,#1584,#814,.T.);
#2139=EDGE_CURVE('',#1716,#1715,#1409,.T.);
#2140=EDGE_CURVE('',#1716,#1583,#815,.T.);
#2141=EDGE_CURVE('',#1717,#1716,#1410,.T.);
#2142=EDGE_CURVE('',#1717,#1582,#816,.T.);
#2143=EDGE_CURVE('',#1718,#1717,#1411,.T.);
#2144=EDGE_CURVE('',#1718,#1581,#817,.T.);
#2145=EDGE_CURVE('',#1719,#1718,#1412,.T.);
#2146=EDGE_CURVE('',#1719,#1580,#818,.T.);
#2147=EDGE_CURVE('',#1720,#1719,#1413,.T.);
#2148=EDGE_CURVE('',#1720,#1579,#819,.T.);
#2149=EDGE_CURVE('',#1721,#1720,#1414,.T.);
#2150=EDGE_CURVE('',#1721,#1578,#820,.T.);
#2151=EDGE_CURVE('',#1722,#1721,#1415,.T.);
#2152=EDGE_CURVE('',#1722,#1577,#821,.T.);
#2153=EDGE_CURVE('',#1723,#1722,#1416,.T.);
#2154=EDGE_CURVE('',#1723,#1576,#822,.T.);
#2155=EDGE_CURVE('',#1724,#1723,#1417,.T.);
#2156=EDGE_CURVE('',#1724,#1575,#823,.T.);
#2157=EDGE_CURVE('',#1710,#1724,#1418,.T.);
#2158=EDGE_CURVE('',#1486,#1651,#824,.T.);
#2159=EDGE_CURVE('',#1499,#1638,#825,.T.);
#2160=EDGE_CURVE('',#1725,#1726,#1419,.T.);
#2161=EDGE_CURVE('',#1726,#1538,#826,.T.);
#2162=EDGE_CURVE('',#1725,#1573,#827,.T.);
#2163=EDGE_CURVE('',#1727,#1725,#828,.T.);
#2164=EDGE_CURVE('',#1727,#1572,#829,.T.);
#2165=EDGE_CURVE('',#1728,#1727,#1420,.T.);
#2166=EDGE_CURVE('',#1728,#1571,#830,.T.);
#2167=EDGE_CURVE('',#1729,#1728,#831,.T.);
#2168=EDGE_CURVE('',#1729,#1570,#832,.T.);
#2169=EDGE_CURVE('',#1730,#1729,#1421,.T.);
#2170=EDGE_CURVE('',#1730,#1569,#833,.T.);
#2171=EDGE_CURVE('',#1731,#1730,#834,.T.);
#2172=EDGE_CURVE('',#1731,#1568,#835,.T.);
#2173=EDGE_CURVE('',#1732,#1731,#1422,.T.);
#2174=EDGE_CURVE('',#1732,#1567,#836,.T.);
#2175=EDGE_CURVE('',#1733,#1732,#837,.T.);
#2176=EDGE_CURVE('',#1733,#1566,#838,.T.);
#2177=EDGE_CURVE('',#1734,#1733,#1423,.T.);
#2178=EDGE_CURVE('',#1734,#1565,#839,.T.);
#2179=EDGE_CURVE('',#1735,#1734,#840,.T.);
#2180=EDGE_CURVE('',#1735,#1564,#841,.T.);
#2181=EDGE_CURVE('',#1736,#1735,#1424,.T.);
#2182=EDGE_CURVE('',#1736,#1563,#842,.T.);
#2183=EDGE_CURVE('',#1737,#1736,#843,.T.);
#2184=EDGE_CURVE('',#1737,#1562,#844,.T.);
#2185=EDGE_CURVE('',#1738,#1737,#1425,.T.);
#2186=EDGE_CURVE('',#1738,#1561,#845,.T.);
#2187=EDGE_CURVE('',#1739,#1738,#846,.T.);
#2188=EDGE_CURVE('',#1739,#1560,#847,.T.);
#2189=EDGE_CURVE('',#1740,#1739,#1426,.T.);
#2190=EDGE_CURVE('',#1740,#1559,#848,.T.);
#2191=EDGE_CURVE('',#1741,#1740,#849,.T.);
#2192=EDGE_CURVE('',#1741,#1558,#850,.T.);
#2193=EDGE_CURVE('',#1742,#1741,#1427,.T.);
#2194=EDGE_CURVE('',#1742,#1557,#851,.T.);
#2195=EDGE_CURVE('',#1743,#1742,#852,.T.);
#2196=EDGE_CURVE('',#1743,#1556,#853,.T.);
#2197=EDGE_CURVE('',#1744,#1743,#1428,.T.);
#2198=EDGE_CURVE('',#1744,#1555,#854,.T.);
#2199=EDGE_CURVE('',#1745,#1744,#855,.T.);
#2200=EDGE_CURVE('',#1745,#1554,#856,.T.);
#2201=EDGE_CURVE('',#1746,#1745,#1429,.T.);
#2202=EDGE_CURVE('',#1746,#1553,#857,.T.);
#2203=EDGE_CURVE('',#1747,#1746,#858,.T.);
#2204=EDGE_CURVE('',#1747,#1552,#859,.T.);
#2205=EDGE_CURVE('',#1748,#1747,#1430,.T.);
#2206=EDGE_CURVE('',#1748,#1551,#860,.T.);
#2207=EDGE_CURVE('',#1749,#1748,#861,.T.);
#2208=EDGE_CURVE('',#1749,#1550,#862,.T.);
#2209=EDGE_CURVE('',#1750,#1749,#1431,.T.);
#2210=EDGE_CURVE('',#1750,#1549,#863,.T.);
#2211=EDGE_CURVE('',#1751,#1750,#864,.T.);
#2212=EDGE_CURVE('',#1751,#1548,#865,.T.);
#2213=EDGE_CURVE('',#1752,#1751,#1432,.T.);
#2214=EDGE_CURVE('',#1752,#1547,#866,.T.);
#2215=EDGE_CURVE('',#1753,#1752,#867,.T.);
#2216=EDGE_CURVE('',#1753,#1546,#868,.T.);
#2217=EDGE_CURVE('',#1754,#1753,#1433,.T.);
#2218=EDGE_CURVE('',#1754,#1545,#869,.T.);
#2219=EDGE_CURVE('',#1755,#1754,#870,.T.);
#2220=EDGE_CURVE('',#1755,#1544,#871,.T.);
#2221=EDGE_CURVE('',#1756,#1755,#1434,.T.);
#2222=EDGE_CURVE('',#1756,#1543,#872,.T.);
#2223=EDGE_CURVE('',#1757,#1756,#873,.T.);
#2224=EDGE_CURVE('',#1757,#1542,#874,.T.);
#2225=EDGE_CURVE('',#1758,#1757,#1435,.T.);
#2226=EDGE_CURVE('',#1758,#1541,#875,.T.);
#2227=EDGE_CURVE('',#1759,#1758,#876,.T.);
#2228=EDGE_CURVE('',#1759,#1540,#877,.T.);
#2229=EDGE_CURVE('',#1760,#1759,#1436,.T.);
#2230=EDGE_CURVE('',#1760,#1539,#878,.T.);
#2231=EDGE_CURVE('',#1726,#1760,#879,.T.);
#2232=EDGE_CURVE('',#1496,#1634,#880,.T.);
#2233=EDGE_CURVE('',#1497,#1633,#881,.T.);
#2234=EDGE_CURVE('',#1761,#1537,#882,.T.);
#2235=EDGE_CURVE('',#1503,#1761,#883,.T.);
#2236=EDGE_CURVE('',#1761,#1762,#1437,.T.);
#2237=EDGE_CURVE('',#1762,#1536,#884,.T.);
#2238=EDGE_CURVE('',#1762,#1763,#885,.T.);
#2239=EDGE_CURVE('',#1763,#1535,#886,.T.);
#2240=EDGE_CURVE('',#1764,#1763,#1438,.T.);
#2241=EDGE_CURVE('',#1764,#1534,#887,.T.);
#2242=EDGE_CURVE('',#1764,#1765,#888,.T.);
#2243=EDGE_CURVE('',#1765,#1533,#889,.T.);
#2244=EDGE_CURVE('',#1766,#1765,#1439,.T.);
#2245=EDGE_CURVE('',#1766,#1532,#890,.T.);
#2246=EDGE_CURVE('',#1767,#1766,#891,.T.);
#2247=EDGE_CURVE('',#1767,#1531,#892,.T.);
#2248=EDGE_CURVE('',#1767,#1653,#1440,.T.);
#2249=EDGE_CURVE('',#1454,#1671,#893,.T.);
#2250=EDGE_CURVE('',#1455,#1670,#894,.T.);
#2251=EDGE_CURVE('',#1456,#1669,#895,.T.);
#2252=EDGE_CURVE('',#1457,#1668,#896,.T.);
#2253=EDGE_CURVE('',#1458,#1667,#897,.T.);
#2254=EDGE_CURVE('',#1768,#1527,#898,.T.);
#2255=EDGE_CURVE('',#1768,#1642,#899,.T.);
#2256=EDGE_CURVE('',#1768,#1769,#1441,.T.);
#2257=EDGE_CURVE('',#1769,#1526,#900,.T.);
#2258=EDGE_CURVE('',#1770,#1769,#901,.T.);
#2259=EDGE_CURVE('',#1770,#1525,#902,.T.);
#2260=EDGE_CURVE('',#1770,#1771,#1442,.T.);
#2261=EDGE_CURVE('',#1771,#1524,#903,.T.);
#2262=EDGE_CURVE('',#1771,#1657,#904,.T.);
#2263=EDGE_CURVE('',#1467,#1664,#905,.T.);
#2264=EDGE_CURVE('',#1468,#1663,#906,.T.);
#2265=EDGE_CURVE('',#1469,#1662,#907,.T.);
#2266=EDGE_CURVE('',#1470,#1661,#908,.T.);
#2267=EDGE_CURVE('',#1471,#1660,#909,.T.);
#2268=EDGE_CURVE('',#1472,#1659,#910,.T.);
#2269=EDGE_CURVE('',#1666,#1772,#1443,.T.);
#2270=EDGE_CURVE('',#1772,#1520,#911,.T.);
#2271=EDGE_CURVE('',#1772,#1773,#912,.T.);
#2272=EDGE_CURVE('',#1773,#1519,#913,.T.);
#2273=EDGE_CURVE('',#1774,#1773,#1444,.T.);
#2274=EDGE_CURVE('',#1774,#1518,#914,.T.);
#2275=EDGE_CURVE('',#1775,#1774,#915,.T.);
#2276=EDGE_CURVE('',#1775,#1517,#916,.T.);
#2277=EDGE_CURVE('',#1776,#1775,#1445,.T.);
#2278=EDGE_CURVE('',#1776,#1516,#917,.T.);
#2279=EDGE_CURVE('',#1777,#1776,#918,.T.);
#2280=EDGE_CURVE('',#1777,#1515,#919,.T.);
#2281=EDGE_CURVE('',#1777,#1640,#1446,.T.);
#2282=EDGE_CURVE('',#1480,#1650,#920,.T.);
#2283=EDGE_CURVE('',#1481,#1649,#921,.T.);
#2284=EDGE_CURVE('',#1482,#1648,#922,.T.);
#2285=EDGE_CURVE('',#1483,#1647,#923,.T.);
#2286=EDGE_CURVE('',#1484,#1646,#924,.T.);
#2287=EDGE_CURVE('',#1778,#1511,#925,.T.);
#2288=EDGE_CURVE('',#1778,#1629,#926,.T.);
#2289=EDGE_CURVE('',#1778,#1779,#1447,.T.);
#2290=EDGE_CURVE('',#1779,#1510,#927,.T.);
#2291=EDGE_CURVE('',#1779,#1780,#928,.T.);
#2292=EDGE_CURVE('',#1780,#1509,#929,.T.);
#2293=EDGE_CURVE('',#1780,#1627,#1448,.T.);
#2294=EDGE_CURVE('',#1493,#1637,#930,.T.);
#2295=EDGE_CURVE('',#1494,#1636,#931,.T.);
#2296=EDGE_CURVE('',#1495,#1635,#932,.T.);
#2297=ORIENTED_EDGE('',*,*,#1781,.T.);
#2298=ORIENTED_EDGE('',*,*,#1782,.T.);
#2299=ORIENTED_EDGE('',*,*,#1783,.T.);
#2300=ORIENTED_EDGE('',*,*,#1782,.F.);
#2301=ORIENTED_EDGE('',*,*,#1784,.T.);
#2302=ORIENTED_EDGE('',*,*,#1785,.F.);
#2303=ORIENTED_EDGE('',*,*,#1786,.F.);
#2304=ORIENTED_EDGE('',*,*,#1787,.F.);
#2305=ORIENTED_EDGE('',*,*,#1788,.F.);
#2306=ORIENTED_EDGE('',*,*,#1789,.F.);
#2307=ORIENTED_EDGE('',*,*,#1790,.F.);
#2308=ORIENTED_EDGE('',*,*,#1791,.T.);
#2309=ORIENTED_EDGE('',*,*,#1792,.F.);
#2310=ORIENTED_EDGE('',*,*,#1793,.F.);
#2311=ORIENTED_EDGE('',*,*,#1783,.F.);
#2312=ORIENTED_EDGE('',*,*,#1781,.F.);
#2313=ORIENTED_EDGE('',*,*,#1794,.T.);
#2314=ORIENTED_EDGE('',*,*,#1795,.F.);
#2315=ORIENTED_EDGE('',*,*,#1794,.F.);
#2316=ORIENTED_EDGE('',*,*,#1796,.T.);
#2317=ORIENTED_EDGE('',*,*,#1797,.T.);
#2318=ORIENTED_EDGE('',*,*,#1798,.T.);
#2319=ORIENTED_EDGE('',*,*,#1797,.F.);
#2320=ORIENTED_EDGE('',*,*,#1799,.T.);
#2321=ORIENTED_EDGE('',*,*,#1800,.T.);
#2322=ORIENTED_EDGE('',*,*,#1801,.T.);
#2323=ORIENTED_EDGE('',*,*,#1802,.F.);
#2324=ORIENTED_EDGE('',*,*,#1803,.T.);
#2325=ORIENTED_EDGE('',*,*,#1804,.F.);
#2326=ORIENTED_EDGE('',*,*,#1805,.T.);
#2327=ORIENTED_EDGE('',*,*,#1806,.F.);
#2328=ORIENTED_EDGE('',*,*,#1807,.T.);
#2329=ORIENTED_EDGE('',*,*,#1808,.F.);
#2330=ORIENTED_EDGE('',*,*,#1798,.F.);
#2331=ORIENTED_EDGE('',*,*,#1796,.F.);
#2332=ORIENTED_EDGE('',*,*,#1809,.T.);
#2333=ORIENTED_EDGE('',*,*,#1810,.F.);
#2334=ORIENTED_EDGE('',*,*,#1809,.F.);
#2335=ORIENTED_EDGE('',*,*,#1811,.T.);
#2336=ORIENTED_EDGE('',*,*,#1812,.T.);
#2337=ORIENTED_EDGE('',*,*,#1813,.T.);
#2338=ORIENTED_EDGE('',*,*,#1812,.F.);
#2339=ORIENTED_EDGE('',*,*,#1814,.T.);
#2340=ORIENTED_EDGE('',*,*,#1815,.F.);
#2341=ORIENTED_EDGE('',*,*,#1816,.F.);
#2342=ORIENTED_EDGE('',*,*,#1817,.F.);
#2343=ORIENTED_EDGE('',*,*,#1818,.F.);
#2344=ORIENTED_EDGE('',*,*,#1819,.F.);
#2345=ORIENTED_EDGE('',*,*,#1820,.F.);
#2346=ORIENTED_EDGE('',*,*,#1821,.T.);
#2347=ORIENTED_EDGE('',*,*,#1822,.F.);
#2348=ORIENTED_EDGE('',*,*,#1823,.F.);
#2349=ORIENTED_EDGE('',*,*,#1813,.F.);
#2350=ORIENTED_EDGE('',*,*,#1811,.F.);
#2351=ORIENTED_EDGE('',*,*,#1824,.T.);
#2352=ORIENTED_EDGE('',*,*,#1825,.F.);
#2353=ORIENTED_EDGE('',*,*,#1824,.F.);
#2354=ORIENTED_EDGE('',*,*,#1826,.T.);
#2355=ORIENTED_EDGE('',*,*,#1827,.T.);
#2356=ORIENTED_EDGE('',*,*,#1828,.T.);
#2357=ORIENTED_EDGE('',*,*,#1827,.F.);
#2358=ORIENTED_EDGE('',*,*,#1829,.T.);
#2359=ORIENTED_EDGE('',*,*,#1830,.T.);
#2360=ORIENTED_EDGE('',*,*,#1831,.T.);
#2361=ORIENTED_EDGE('',*,*,#1832,.F.);
#2362=ORIENTED_EDGE('',*,*,#1833,.T.);
#2363=ORIENTED_EDGE('',*,*,#1834,.F.);
#2364=ORIENTED_EDGE('',*,*,#1835,.T.);
#2365=ORIENTED_EDGE('',*,*,#1836,.F.);
#2366=ORIENTED_EDGE('',*,*,#1837,.T.);
#2367=ORIENTED_EDGE('',*,*,#1838,.F.);
#2368=ORIENTED_EDGE('',*,*,#1828,.F.);
#2369=ORIENTED_EDGE('',*,*,#1826,.F.);
#2370=ORIENTED_EDGE('',*,*,#1839,.T.);
#2371=ORIENTED_EDGE('',*,*,#1840,.F.);
#2372=ORIENTED_EDGE('',*,*,#1839,.F.);
#2373=ORIENTED_EDGE('',*,*,#1841,.F.);
#2374=ORIENTED_EDGE('',*,*,#1842,.F.);
#2375=ORIENTED_EDGE('',*,*,#1843,.T.);
#2376=ORIENTED_EDGE('',*,*,#1844,.F.);
#2377=ORIENTED_EDGE('',*,*,#1845,.F.);
#2378=ORIENTED_EDGE('',*,*,#1846,.T.);
#2379=ORIENTED_EDGE('',*,*,#1847,.T.);
#2380=ORIENTED_EDGE('',*,*,#1842,.T.);
#2381=ORIENTED_EDGE('',*,*,#1848,.T.);
#2382=ORIENTED_EDGE('',*,*,#1849,.F.);
#2383=ORIENTED_EDGE('',*,*,#1850,.F.);
#2384=ORIENTED_EDGE('',*,*,#1830,.F.);
#2385=ORIENTED_EDGE('',*,*,#1841,.T.);
#2386=ORIENTED_EDGE('',*,*,#1837,.F.);
#2387=ORIENTED_EDGE('',*,*,#1851,.T.);
#2388=ORIENTED_EDGE('',*,*,#1852,.F.);
#2389=ORIENTED_EDGE('',*,*,#1847,.F.);
#2390=ORIENTED_EDGE('',*,*,#1853,.T.);
#2391=ORIENTED_EDGE('',*,*,#1854,.T.);
#2392=ORIENTED_EDGE('',*,*,#1855,.T.);
#2393=ORIENTED_EDGE('',*,*,#1856,.T.);
#2394=ORIENTED_EDGE('',*,*,#1857,.T.);
#2395=ORIENTED_EDGE('',*,*,#1858,.F.);
#2396=ORIENTED_EDGE('',*,*,#1859,.T.);
#2397=ORIENTED_EDGE('',*,*,#1860,.T.);
#2398=ORIENTED_EDGE('',*,*,#1861,.T.);
#2399=ORIENTED_EDGE('',*,*,#1862,.T.);
#2400=ORIENTED_EDGE('',*,*,#1863,.T.);
#2401=ORIENTED_EDGE('',*,*,#1864,.T.);
#2402=ORIENTED_EDGE('',*,*,#1865,.T.);
#2403=ORIENTED_EDGE('',*,*,#1866,.T.);
#2404=ORIENTED_EDGE('',*,*,#1867,.T.);
#2405=ORIENTED_EDGE('',*,*,#1868,.F.);
#2406=ORIENTED_EDGE('',*,*,#1869,.T.);
#2407=ORIENTED_EDGE('',*,*,#1870,.T.);
#2408=ORIENTED_EDGE('',*,*,#1871,.T.);
#2409=ORIENTED_EDGE('',*,*,#1872,.T.);
#2410=ORIENTED_EDGE('',*,*,#1873,.T.);
#2411=ORIENTED_EDGE('',*,*,#1874,.F.);
#2412=ORIENTED_EDGE('',*,*,#1875,.T.);
#2413=ORIENTED_EDGE('',*,*,#1876,.T.);
#2414=ORIENTED_EDGE('',*,*,#1877,.T.);
#2415=ORIENTED_EDGE('',*,*,#1878,.T.);
#2416=ORIENTED_EDGE('',*,*,#1879,.T.);
#2417=ORIENTED_EDGE('',*,*,#1880,.T.);
#2418=ORIENTED_EDGE('',*,*,#1881,.T.);
#2419=ORIENTED_EDGE('',*,*,#1882,.T.);
#2420=ORIENTED_EDGE('',*,*,#1883,.T.);
#2421=ORIENTED_EDGE('',*,*,#1884,.T.);
#2422=ORIENTED_EDGE('',*,*,#1885,.T.);
#2423=ORIENTED_EDGE('',*,*,#1886,.T.);
#2424=ORIENTED_EDGE('',*,*,#1887,.T.);
#2425=ORIENTED_EDGE('',*,*,#1888,.T.);
#2426=ORIENTED_EDGE('',*,*,#1889,.T.);
#2427=ORIENTED_EDGE('',*,*,#1890,.T.);
#2428=ORIENTED_EDGE('',*,*,#1891,.T.);
#2429=ORIENTED_EDGE('',*,*,#1892,.T.);
#2430=ORIENTED_EDGE('',*,*,#1893,.T.);
#2431=ORIENTED_EDGE('',*,*,#1894,.T.);
#2432=ORIENTED_EDGE('',*,*,#1895,.T.);
#2433=ORIENTED_EDGE('',*,*,#1896,.T.);
#2434=ORIENTED_EDGE('',*,*,#1897,.T.);
#2435=ORIENTED_EDGE('',*,*,#1898,.T.);
#2436=ORIENTED_EDGE('',*,*,#1899,.T.);
#2437=ORIENTED_EDGE('',*,*,#1900,.T.);
#2438=ORIENTED_EDGE('',*,*,#1901,.T.);
#2439=ORIENTED_EDGE('',*,*,#1902,.T.);
#2440=ORIENTED_EDGE('',*,*,#1903,.T.);
#2441=ORIENTED_EDGE('',*,*,#1904,.T.);
#2442=ORIENTED_EDGE('',*,*,#1905,.T.);
#2443=ORIENTED_EDGE('',*,*,#1906,.T.);
#2444=ORIENTED_EDGE('',*,*,#1907,.T.);
#2445=ORIENTED_EDGE('',*,*,#1908,.T.);
#2446=ORIENTED_EDGE('',*,*,#1909,.T.);
#2447=ORIENTED_EDGE('',*,*,#1910,.T.);
#2448=ORIENTED_EDGE('',*,*,#1911,.T.);
#2449=ORIENTED_EDGE('',*,*,#1912,.T.);
#2450=ORIENTED_EDGE('',*,*,#1913,.T.);
#2451=ORIENTED_EDGE('',*,*,#1914,.T.);
#2452=ORIENTED_EDGE('',*,*,#1915,.T.);
#2453=ORIENTED_EDGE('',*,*,#1916,.T.);
#2454=ORIENTED_EDGE('',*,*,#1917,.T.);
#2455=ORIENTED_EDGE('',*,*,#1918,.T.);
#2456=ORIENTED_EDGE('',*,*,#1919,.T.);
#2457=ORIENTED_EDGE('',*,*,#1920,.T.);
#2458=ORIENTED_EDGE('',*,*,#1921,.T.);
#2459=ORIENTED_EDGE('',*,*,#1922,.T.);
#2460=ORIENTED_EDGE('',*,*,#1923,.T.);
#2461=ORIENTED_EDGE('',*,*,#1924,.T.);
#2462=ORIENTED_EDGE('',*,*,#1925,.T.);
#2463=ORIENTED_EDGE('',*,*,#1926,.T.);
#2464=ORIENTED_EDGE('',*,*,#1927,.T.);
#2465=ORIENTED_EDGE('',*,*,#1928,.T.);
#2466=ORIENTED_EDGE('',*,*,#1929,.T.);
#2467=ORIENTED_EDGE('',*,*,#1930,.T.);
#2468=ORIENTED_EDGE('',*,*,#1931,.T.);
#2469=ORIENTED_EDGE('',*,*,#1932,.T.);
#2470=ORIENTED_EDGE('',*,*,#1933,.T.);
#2471=ORIENTED_EDGE('',*,*,#1934,.T.);
#2472=ORIENTED_EDGE('',*,*,#1935,.T.);
#2473=ORIENTED_EDGE('',*,*,#1936,.T.);
#2474=ORIENTED_EDGE('',*,*,#1937,.T.);
#2475=ORIENTED_EDGE('',*,*,#1938,.T.);
#2476=ORIENTED_EDGE('',*,*,#1939,.T.);
#2477=ORIENTED_EDGE('',*,*,#1940,.T.);
#2478=ORIENTED_EDGE('',*,*,#1941,.T.);
#2479=ORIENTED_EDGE('',*,*,#1942,.T.);
#2480=ORIENTED_EDGE('',*,*,#1943,.T.);
#2481=ORIENTED_EDGE('',*,*,#1944,.T.);
#2482=ORIENTED_EDGE('',*,*,#1945,.T.);
#2483=ORIENTED_EDGE('',*,*,#1946,.T.);
#2484=ORIENTED_EDGE('',*,*,#1947,.T.);
#2485=ORIENTED_EDGE('',*,*,#1948,.T.);
#2486=ORIENTED_EDGE('',*,*,#1949,.T.);
#2487=ORIENTED_EDGE('',*,*,#1950,.T.);
#2488=ORIENTED_EDGE('',*,*,#1951,.T.);
#2489=ORIENTED_EDGE('',*,*,#1952,.T.);
#2490=ORIENTED_EDGE('',*,*,#1953,.T.);
#2491=ORIENTED_EDGE('',*,*,#1954,.T.);
#2492=ORIENTED_EDGE('',*,*,#1955,.T.);
#2493=ORIENTED_EDGE('',*,*,#1956,.T.);
#2494=ORIENTED_EDGE('',*,*,#1957,.T.);
#2495=ORIENTED_EDGE('',*,*,#1958,.T.);
#2496=ORIENTED_EDGE('',*,*,#1959,.T.);
#2497=ORIENTED_EDGE('',*,*,#1960,.T.);
#2498=ORIENTED_EDGE('',*,*,#1961,.T.);
#2499=ORIENTED_EDGE('',*,*,#1962,.T.);
#2500=ORIENTED_EDGE('',*,*,#1963,.T.);
#2501=ORIENTED_EDGE('',*,*,#1964,.T.);
#2502=ORIENTED_EDGE('',*,*,#1965,.T.);
#2503=ORIENTED_EDGE('',*,*,#1966,.T.);
#2504=ORIENTED_EDGE('',*,*,#1967,.T.);
#2505=ORIENTED_EDGE('',*,*,#1968,.T.);
#2506=ORIENTED_EDGE('',*,*,#1969,.T.);
#2507=ORIENTED_EDGE('',*,*,#1970,.T.);
#2508=ORIENTED_EDGE('',*,*,#1971,.T.);
#2509=ORIENTED_EDGE('',*,*,#1972,.F.);
#2510=ORIENTED_EDGE('',*,*,#1973,.F.);
#2511=ORIENTED_EDGE('',*,*,#1974,.T.);
#2512=ORIENTED_EDGE('',*,*,#1853,.F.);
#2513=ORIENTED_EDGE('',*,*,#1829,.F.);
#2514=ORIENTED_EDGE('',*,*,#1844,.T.);
#2515=ORIENTED_EDGE('',*,*,#1975,.T.);
#2516=ORIENTED_EDGE('',*,*,#1976,.T.);
#2517=ORIENTED_EDGE('',*,*,#1977,.F.);
#2518=ORIENTED_EDGE('',*,*,#1978,.F.);
#2519=ORIENTED_EDGE('',*,*,#1979,.T.);
#2520=ORIENTED_EDGE('',*,*,#1980,.T.);
#2521=ORIENTED_EDGE('',*,*,#1981,.F.);
#2522=ORIENTED_EDGE('',*,*,#1982,.T.);
#2523=ORIENTED_EDGE('',*,*,#1858,.T.);
#2524=ORIENTED_EDGE('',*,*,#1978,.T.);
#2525=ORIENTED_EDGE('',*,*,#1983,.T.);
#2526=ORIENTED_EDGE('',*,*,#1984,.F.);
#2527=ORIENTED_EDGE('',*,*,#1985,.F.);
#2528=ORIENTED_EDGE('',*,*,#1815,.T.);
#2529=ORIENTED_EDGE('',*,*,#1977,.T.);
#2530=ORIENTED_EDGE('',*,*,#1822,.T.);
#2531=ORIENTED_EDGE('',*,*,#1986,.T.);
#2532=ORIENTED_EDGE('',*,*,#1987,.F.);
#2533=ORIENTED_EDGE('',*,*,#1845,.T.);
#2534=ORIENTED_EDGE('',*,*,#1852,.T.);
#2535=ORIENTED_EDGE('',*,*,#1988,.T.);
#2536=ORIENTED_EDGE('',*,*,#1989,.T.);
#2537=ORIENTED_EDGE('',*,*,#1990,.T.);
#2538=ORIENTED_EDGE('',*,*,#1991,.T.);
#2539=ORIENTED_EDGE('',*,*,#1992,.T.);
#2540=ORIENTED_EDGE('',*,*,#1993,.T.);
#2541=ORIENTED_EDGE('',*,*,#1849,.T.);
#2542=ORIENTED_EDGE('',*,*,#1994,.T.);
#2543=ORIENTED_EDGE('',*,*,#1840,.T.);
#2544=ORIENTED_EDGE('',*,*,#1995,.F.);
#2545=ORIENTED_EDGE('',*,*,#1996,.T.);
#2546=ORIENTED_EDGE('',*,*,#1997,.T.);
#2547=ORIENTED_EDGE('',*,*,#1859,.F.);
#2548=ORIENTED_EDGE('',*,*,#1814,.F.);
#2549=ORIENTED_EDGE('',*,*,#1980,.F.);
#2550=ORIENTED_EDGE('',*,*,#1998,.T.);
#2551=ORIENTED_EDGE('',*,*,#1999,.F.);
#2552=ORIENTED_EDGE('',*,*,#2000,.F.);
#2553=ORIENTED_EDGE('',*,*,#2001,.F.);
#2554=ORIENTED_EDGE('',*,*,#2002,.T.);
#2555=ORIENTED_EDGE('',*,*,#2003,.T.);
#2556=ORIENTED_EDGE('',*,*,#2004,.F.);
#2557=ORIENTED_EDGE('',*,*,#2005,.T.);
#2558=ORIENTED_EDGE('',*,*,#1874,.T.);
#2559=ORIENTED_EDGE('',*,*,#2001,.T.);
#2560=ORIENTED_EDGE('',*,*,#2006,.T.);
#2561=ORIENTED_EDGE('',*,*,#2007,.F.);
#2562=ORIENTED_EDGE('',*,*,#2008,.F.);
#2563=ORIENTED_EDGE('',*,*,#1785,.T.);
#2564=ORIENTED_EDGE('',*,*,#2000,.T.);
#2565=ORIENTED_EDGE('',*,*,#1792,.T.);
#2566=ORIENTED_EDGE('',*,*,#2009,.T.);
#2567=ORIENTED_EDGE('',*,*,#2010,.F.);
#2568=ORIENTED_EDGE('',*,*,#1981,.T.);
#2569=ORIENTED_EDGE('',*,*,#1987,.T.);
#2570=ORIENTED_EDGE('',*,*,#2011,.T.);
#2571=ORIENTED_EDGE('',*,*,#2012,.T.);
#2572=ORIENTED_EDGE('',*,*,#2013,.T.);
#2573=ORIENTED_EDGE('',*,*,#2014,.T.);
#2574=ORIENTED_EDGE('',*,*,#2015,.T.);
#2575=ORIENTED_EDGE('',*,*,#2016,.T.);
#2576=ORIENTED_EDGE('',*,*,#1984,.T.);
#2577=ORIENTED_EDGE('',*,*,#1825,.T.);
#2578=ORIENTED_EDGE('',*,*,#2017,.T.);
#2579=ORIENTED_EDGE('',*,*,#2018,.F.);
#2580=ORIENTED_EDGE('',*,*,#2019,.T.);
#2581=ORIENTED_EDGE('',*,*,#2020,.T.);
#2582=ORIENTED_EDGE('',*,*,#1875,.F.);
#2583=ORIENTED_EDGE('',*,*,#1784,.F.);
#2584=ORIENTED_EDGE('',*,*,#2003,.F.);
#2585=ORIENTED_EDGE('',*,*,#2021,.T.);
#2586=ORIENTED_EDGE('',*,*,#2022,.F.);
#2587=ORIENTED_EDGE('',*,*,#2023,.T.);
#2588=ORIENTED_EDGE('',*,*,#2024,.F.);
#2589=ORIENTED_EDGE('',*,*,#2025,.F.);
#2590=ORIENTED_EDGE('',*,*,#1800,.F.);
#2591=ORIENTED_EDGE('',*,*,#1799,.F.);
#2592=ORIENTED_EDGE('',*,*,#2026,.T.);
#2593=ORIENTED_EDGE('',*,*,#2027,.T.);
#2594=ORIENTED_EDGE('',*,*,#2028,.T.);
#2595=ORIENTED_EDGE('',*,*,#2029,.F.);
#2596=ORIENTED_EDGE('',*,*,#2030,.F.);
#2597=ORIENTED_EDGE('',*,*,#2031,.T.);
#2598=ORIENTED_EDGE('',*,*,#2026,.F.);
#2599=ORIENTED_EDGE('',*,*,#2032,.T.);
#2600=ORIENTED_EDGE('',*,*,#2033,.T.);
#2601=ORIENTED_EDGE('',*,*,#2034,.T.);
#2602=ORIENTED_EDGE('',*,*,#2035,.T.);
#2603=ORIENTED_EDGE('',*,*,#2036,.T.);
#2604=ORIENTED_EDGE('',*,*,#2037,.T.);
#2605=ORIENTED_EDGE('',*,*,#2038,.T.);
#2606=ORIENTED_EDGE('',*,*,#2039,.T.);
#2607=ORIENTED_EDGE('',*,*,#2024,.T.);
#2608=ORIENTED_EDGE('',*,*,#2040,.T.);
#2609=ORIENTED_EDGE('',*,*,#1810,.T.);
#2610=ORIENTED_EDGE('',*,*,#2031,.F.);
#2611=ORIENTED_EDGE('',*,*,#1867,.F.);
#2612=ORIENTED_EDGE('',*,*,#2041,.F.);
#2613=ORIENTED_EDGE('',*,*,#2042,.F.);
#2614=ORIENTED_EDGE('',*,*,#2004,.T.);
#2615=ORIENTED_EDGE('',*,*,#2010,.T.);
#2616=ORIENTED_EDGE('',*,*,#2043,.T.);
#2617=ORIENTED_EDGE('',*,*,#2044,.T.);
#2618=ORIENTED_EDGE('',*,*,#2045,.T.);
#2619=ORIENTED_EDGE('',*,*,#2046,.T.);
#2620=ORIENTED_EDGE('',*,*,#2047,.T.);
#2621=ORIENTED_EDGE('',*,*,#2048,.T.);
#2622=ORIENTED_EDGE('',*,*,#2007,.T.);
#2623=ORIENTED_EDGE('',*,*,#2049,.T.);
#2624=ORIENTED_EDGE('',*,*,#1795,.T.);
#2625=ORIENTED_EDGE('',*,*,#2023,.F.);
#2626=ORIENTED_EDGE('',*,*,#2028,.F.);
#2627=ORIENTED_EDGE('',*,*,#2050,.T.);
#2628=ORIENTED_EDGE('',*,*,#2051,.F.);
#2629=ORIENTED_EDGE('',*,*,#2052,.T.);
#2630=ORIENTED_EDGE('',*,*,#2053,.T.);
#2631=ORIENTED_EDGE('',*,*,#1971,.F.);
#2632=ORIENTED_EDGE('',*,*,#2054,.F.);
#2633=ORIENTED_EDGE('',*,*,#2055,.T.);
#2634=ORIENTED_EDGE('',*,*,#2054,.T.);
#2635=ORIENTED_EDGE('',*,*,#1970,.F.);
#2636=ORIENTED_EDGE('',*,*,#2056,.F.);
#2637=ORIENTED_EDGE('',*,*,#2057,.T.);
#2638=ORIENTED_EDGE('',*,*,#2056,.T.);
#2639=ORIENTED_EDGE('',*,*,#1969,.F.);
#2640=ORIENTED_EDGE('',*,*,#2058,.F.);
#2641=ORIENTED_EDGE('',*,*,#2059,.T.);
#2642=ORIENTED_EDGE('',*,*,#2058,.T.);
#2643=ORIENTED_EDGE('',*,*,#1968,.F.);
#2644=ORIENTED_EDGE('',*,*,#2060,.F.);
#2645=ORIENTED_EDGE('',*,*,#2061,.T.);
#2646=ORIENTED_EDGE('',*,*,#2060,.T.);
#2647=ORIENTED_EDGE('',*,*,#1967,.F.);
#2648=ORIENTED_EDGE('',*,*,#2062,.F.);
#2649=ORIENTED_EDGE('',*,*,#2063,.T.);
#2650=ORIENTED_EDGE('',*,*,#2062,.T.);
#2651=ORIENTED_EDGE('',*,*,#1966,.F.);
#2652=ORIENTED_EDGE('',*,*,#2064,.F.);
#2653=ORIENTED_EDGE('',*,*,#2065,.T.);
#2654=ORIENTED_EDGE('',*,*,#2064,.T.);
#2655=ORIENTED_EDGE('',*,*,#1965,.F.);
#2656=ORIENTED_EDGE('',*,*,#2066,.F.);
#2657=ORIENTED_EDGE('',*,*,#2067,.T.);
#2658=ORIENTED_EDGE('',*,*,#2066,.T.);
#2659=ORIENTED_EDGE('',*,*,#1964,.F.);
#2660=ORIENTED_EDGE('',*,*,#2068,.F.);
#2661=ORIENTED_EDGE('',*,*,#2069,.T.);
#2662=ORIENTED_EDGE('',*,*,#2068,.T.);
#2663=ORIENTED_EDGE('',*,*,#1963,.F.);
#2664=ORIENTED_EDGE('',*,*,#2070,.F.);
#2665=ORIENTED_EDGE('',*,*,#2071,.T.);
#2666=ORIENTED_EDGE('',*,*,#2070,.T.);
#2667=ORIENTED_EDGE('',*,*,#1962,.F.);
#2668=ORIENTED_EDGE('',*,*,#2072,.F.);
#2669=ORIENTED_EDGE('',*,*,#2073,.T.);
#2670=ORIENTED_EDGE('',*,*,#2072,.T.);
#2671=ORIENTED_EDGE('',*,*,#1961,.F.);
#2672=ORIENTED_EDGE('',*,*,#2074,.F.);
#2673=ORIENTED_EDGE('',*,*,#2075,.T.);
#2674=ORIENTED_EDGE('',*,*,#2074,.T.);
#2675=ORIENTED_EDGE('',*,*,#1960,.F.);
#2676=ORIENTED_EDGE('',*,*,#2076,.F.);
#2677=ORIENTED_EDGE('',*,*,#2077,.T.);
#2678=ORIENTED_EDGE('',*,*,#2076,.T.);
#2679=ORIENTED_EDGE('',*,*,#1959,.F.);
#2680=ORIENTED_EDGE('',*,*,#2078,.F.);
#2681=ORIENTED_EDGE('',*,*,#2079,.T.);
#2682=ORIENTED_EDGE('',*,*,#2078,.T.);
#2683=ORIENTED_EDGE('',*,*,#1958,.F.);
#2684=ORIENTED_EDGE('',*,*,#2080,.F.);
#2685=ORIENTED_EDGE('',*,*,#2081,.T.);
#2686=ORIENTED_EDGE('',*,*,#2080,.T.);
#2687=ORIENTED_EDGE('',*,*,#1957,.F.);
#2688=ORIENTED_EDGE('',*,*,#2082,.F.);
#2689=ORIENTED_EDGE('',*,*,#2083,.T.);
#2690=ORIENTED_EDGE('',*,*,#2082,.T.);
#2691=ORIENTED_EDGE('',*,*,#1956,.F.);
#2692=ORIENTED_EDGE('',*,*,#2084,.F.);
#2693=ORIENTED_EDGE('',*,*,#2085,.T.);
#2694=ORIENTED_EDGE('',*,*,#2084,.T.);
#2695=ORIENTED_EDGE('',*,*,#1955,.F.);
#2696=ORIENTED_EDGE('',*,*,#2086,.F.);
#2697=ORIENTED_EDGE('',*,*,#2087,.T.);
#2698=ORIENTED_EDGE('',*,*,#2086,.T.);
#2699=ORIENTED_EDGE('',*,*,#1954,.F.);
#2700=ORIENTED_EDGE('',*,*,#2088,.F.);
#2701=ORIENTED_EDGE('',*,*,#2089,.T.);
#2702=ORIENTED_EDGE('',*,*,#2088,.T.);
#2703=ORIENTED_EDGE('',*,*,#1953,.F.);
#2704=ORIENTED_EDGE('',*,*,#2090,.F.);
#2705=ORIENTED_EDGE('',*,*,#2091,.T.);
#2706=ORIENTED_EDGE('',*,*,#2090,.T.);
#2707=ORIENTED_EDGE('',*,*,#1952,.F.);
#2708=ORIENTED_EDGE('',*,*,#2092,.F.);
#2709=ORIENTED_EDGE('',*,*,#2093,.T.);
#2710=ORIENTED_EDGE('',*,*,#2092,.T.);
#2711=ORIENTED_EDGE('',*,*,#1951,.F.);
#2712=ORIENTED_EDGE('',*,*,#2094,.F.);
#2713=ORIENTED_EDGE('',*,*,#2095,.T.);
#2714=ORIENTED_EDGE('',*,*,#2094,.T.);
#2715=ORIENTED_EDGE('',*,*,#1950,.F.);
#2716=ORIENTED_EDGE('',*,*,#2096,.F.);
#2717=ORIENTED_EDGE('',*,*,#2097,.T.);
#2718=ORIENTED_EDGE('',*,*,#2096,.T.);
#2719=ORIENTED_EDGE('',*,*,#1949,.F.);
#2720=ORIENTED_EDGE('',*,*,#2098,.F.);
#2721=ORIENTED_EDGE('',*,*,#2099,.T.);
#2722=ORIENTED_EDGE('',*,*,#2098,.T.);
#2723=ORIENTED_EDGE('',*,*,#1948,.F.);
#2724=ORIENTED_EDGE('',*,*,#2100,.F.);
#2725=ORIENTED_EDGE('',*,*,#2101,.T.);
#2726=ORIENTED_EDGE('',*,*,#2100,.T.);
#2727=ORIENTED_EDGE('',*,*,#1947,.F.);
#2728=ORIENTED_EDGE('',*,*,#2102,.F.);
#2729=ORIENTED_EDGE('',*,*,#2103,.T.);
#2730=ORIENTED_EDGE('',*,*,#2102,.T.);
#2731=ORIENTED_EDGE('',*,*,#1946,.F.);
#2732=ORIENTED_EDGE('',*,*,#2104,.F.);
#2733=ORIENTED_EDGE('',*,*,#2105,.T.);
#2734=ORIENTED_EDGE('',*,*,#2104,.T.);
#2735=ORIENTED_EDGE('',*,*,#1945,.F.);
#2736=ORIENTED_EDGE('',*,*,#2106,.F.);
#2737=ORIENTED_EDGE('',*,*,#2107,.T.);
#2738=ORIENTED_EDGE('',*,*,#2106,.T.);
#2739=ORIENTED_EDGE('',*,*,#1944,.F.);
#2740=ORIENTED_EDGE('',*,*,#2108,.F.);
#2741=ORIENTED_EDGE('',*,*,#2109,.T.);
#2742=ORIENTED_EDGE('',*,*,#2108,.T.);
#2743=ORIENTED_EDGE('',*,*,#1943,.F.);
#2744=ORIENTED_EDGE('',*,*,#2110,.F.);
#2745=ORIENTED_EDGE('',*,*,#2111,.T.);
#2746=ORIENTED_EDGE('',*,*,#2110,.T.);
#2747=ORIENTED_EDGE('',*,*,#1942,.F.);
#2748=ORIENTED_EDGE('',*,*,#2112,.F.);
#2749=ORIENTED_EDGE('',*,*,#2113,.T.);
#2750=ORIENTED_EDGE('',*,*,#2112,.T.);
#2751=ORIENTED_EDGE('',*,*,#1941,.F.);
#2752=ORIENTED_EDGE('',*,*,#2114,.F.);
#2753=ORIENTED_EDGE('',*,*,#2115,.T.);
#2754=ORIENTED_EDGE('',*,*,#2114,.T.);
#2755=ORIENTED_EDGE('',*,*,#1940,.F.);
#2756=ORIENTED_EDGE('',*,*,#2116,.F.);
#2757=ORIENTED_EDGE('',*,*,#2117,.T.);
#2758=ORIENTED_EDGE('',*,*,#2116,.T.);
#2759=ORIENTED_EDGE('',*,*,#1939,.F.);
#2760=ORIENTED_EDGE('',*,*,#2118,.F.);
#2761=ORIENTED_EDGE('',*,*,#2119,.T.);
#2762=ORIENTED_EDGE('',*,*,#2118,.T.);
#2763=ORIENTED_EDGE('',*,*,#1938,.F.);
#2764=ORIENTED_EDGE('',*,*,#2120,.F.);
#2765=ORIENTED_EDGE('',*,*,#2121,.T.);
#2766=ORIENTED_EDGE('',*,*,#2120,.T.);
#2767=ORIENTED_EDGE('',*,*,#1937,.F.);
#2768=ORIENTED_EDGE('',*,*,#2122,.F.);
#2769=ORIENTED_EDGE('',*,*,#2123,.T.);
#2770=ORIENTED_EDGE('',*,*,#2122,.T.);
#2771=ORIENTED_EDGE('',*,*,#1936,.F.);
#2772=ORIENTED_EDGE('',*,*,#2053,.F.);
#2773=ORIENTED_EDGE('',*,*,#1808,.T.);
#2774=ORIENTED_EDGE('',*,*,#2124,.T.);
#2775=ORIENTED_EDGE('',*,*,#2040,.F.);
#2776=ORIENTED_EDGE('',*,*,#2124,.F.);
#2777=ORIENTED_EDGE('',*,*,#1793,.T.);
#2778=ORIENTED_EDGE('',*,*,#2125,.T.);
#2779=ORIENTED_EDGE('',*,*,#2049,.F.);
#2780=ORIENTED_EDGE('',*,*,#2125,.F.);
#2781=ORIENTED_EDGE('',*,*,#2126,.T.);
#2782=ORIENTED_EDGE('',*,*,#2127,.T.);
#2783=ORIENTED_EDGE('',*,*,#1935,.F.);
#2784=ORIENTED_EDGE('',*,*,#2128,.F.);
#2785=ORIENTED_EDGE('',*,*,#2129,.T.);
#2786=ORIENTED_EDGE('',*,*,#2128,.T.);
#2787=ORIENTED_EDGE('',*,*,#1934,.F.);
#2788=ORIENTED_EDGE('',*,*,#2130,.F.);
#2789=ORIENTED_EDGE('',*,*,#2131,.T.);
#2790=ORIENTED_EDGE('',*,*,#2130,.T.);
#2791=ORIENTED_EDGE('',*,*,#1933,.F.);
#2792=ORIENTED_EDGE('',*,*,#2132,.F.);
#2793=ORIENTED_EDGE('',*,*,#2133,.T.);
#2794=ORIENTED_EDGE('',*,*,#2132,.T.);
#2795=ORIENTED_EDGE('',*,*,#1932,.F.);
#2796=ORIENTED_EDGE('',*,*,#2134,.F.);
#2797=ORIENTED_EDGE('',*,*,#2135,.T.);
#2798=ORIENTED_EDGE('',*,*,#2134,.T.);
#2799=ORIENTED_EDGE('',*,*,#1931,.F.);
#2800=ORIENTED_EDGE('',*,*,#2136,.F.);
#2801=ORIENTED_EDGE('',*,*,#2137,.T.);
#2802=ORIENTED_EDGE('',*,*,#2136,.T.);
#2803=ORIENTED_EDGE('',*,*,#1930,.F.);
#2804=ORIENTED_EDGE('',*,*,#2138,.F.);
#2805=ORIENTED_EDGE('',*,*,#2139,.T.);
#2806=ORIENTED_EDGE('',*,*,#2138,.T.);
#2807=ORIENTED_EDGE('',*,*,#1929,.F.);
#2808=ORIENTED_EDGE('',*,*,#2140,.F.);
#2809=ORIENTED_EDGE('',*,*,#2141,.T.);
#2810=ORIENTED_EDGE('',*,*,#2140,.T.);
#2811=ORIENTED_EDGE('',*,*,#1928,.F.);
#2812=ORIENTED_EDGE('',*,*,#2142,.F.);
#2813=ORIENTED_EDGE('',*,*,#2143,.T.);
#2814=ORIENTED_EDGE('',*,*,#2142,.T.);
#2815=ORIENTED_EDGE('',*,*,#1927,.F.);
#2816=ORIENTED_EDGE('',*,*,#2144,.F.);
#2817=ORIENTED_EDGE('',*,*,#2145,.T.);
#2818=ORIENTED_EDGE('',*,*,#2144,.T.);
#2819=ORIENTED_EDGE('',*,*,#1926,.F.);
#2820=ORIENTED_EDGE('',*,*,#2146,.F.);
#2821=ORIENTED_EDGE('',*,*,#2147,.T.);
#2822=ORIENTED_EDGE('',*,*,#2146,.T.);
#2823=ORIENTED_EDGE('',*,*,#1925,.F.);
#2824=ORIENTED_EDGE('',*,*,#2148,.F.);
#2825=ORIENTED_EDGE('',*,*,#2149,.T.);
#2826=ORIENTED_EDGE('',*,*,#2148,.T.);
#2827=ORIENTED_EDGE('',*,*,#1924,.F.);
#2828=ORIENTED_EDGE('',*,*,#2150,.F.);
#2829=ORIENTED_EDGE('',*,*,#2151,.T.);
#2830=ORIENTED_EDGE('',*,*,#2150,.T.);
#2831=ORIENTED_EDGE('',*,*,#1923,.F.);
#2832=ORIENTED_EDGE('',*,*,#2152,.F.);
#2833=ORIENTED_EDGE('',*,*,#2153,.T.);
#2834=ORIENTED_EDGE('',*,*,#2152,.T.);
#2835=ORIENTED_EDGE('',*,*,#1922,.F.);
#2836=ORIENTED_EDGE('',*,*,#2154,.F.);
#2837=ORIENTED_EDGE('',*,*,#2155,.T.);
#2838=ORIENTED_EDGE('',*,*,#2154,.T.);
#2839=ORIENTED_EDGE('',*,*,#1921,.F.);
#2840=ORIENTED_EDGE('',*,*,#2156,.F.);
#2841=ORIENTED_EDGE('',*,*,#2157,.T.);
#2842=ORIENTED_EDGE('',*,*,#2156,.T.);
#2843=ORIENTED_EDGE('',*,*,#1920,.F.);
#2844=ORIENTED_EDGE('',*,*,#2127,.F.);
#2845=ORIENTED_EDGE('',*,*,#1823,.T.);
#2846=ORIENTED_EDGE('',*,*,#2158,.T.);
#2847=ORIENTED_EDGE('',*,*,#2017,.F.);
#2848=ORIENTED_EDGE('',*,*,#2158,.F.);
#2849=ORIENTED_EDGE('',*,*,#1838,.T.);
#2850=ORIENTED_EDGE('',*,*,#2159,.T.);
#2851=ORIENTED_EDGE('',*,*,#1994,.F.);
#2852=ORIENTED_EDGE('',*,*,#2159,.F.);
#2853=ORIENTED_EDGE('',*,*,#2160,.T.);
#2854=ORIENTED_EDGE('',*,*,#2161,.T.);
#2855=ORIENTED_EDGE('',*,*,#1919,.F.);
#2856=ORIENTED_EDGE('',*,*,#2162,.F.);
#2857=ORIENTED_EDGE('',*,*,#2163,.T.);
#2858=ORIENTED_EDGE('',*,*,#2162,.T.);
#2859=ORIENTED_EDGE('',*,*,#1918,.F.);
#2860=ORIENTED_EDGE('',*,*,#2164,.F.);
#2861=ORIENTED_EDGE('',*,*,#2165,.T.);
#2862=ORIENTED_EDGE('',*,*,#2164,.T.);
#2863=ORIENTED_EDGE('',*,*,#1917,.F.);
#2864=ORIENTED_EDGE('',*,*,#2166,.F.);
#2865=ORIENTED_EDGE('',*,*,#2167,.T.);
#2866=ORIENTED_EDGE('',*,*,#2166,.T.);
#2867=ORIENTED_EDGE('',*,*,#1916,.F.);
#2868=ORIENTED_EDGE('',*,*,#2168,.F.);
#2869=ORIENTED_EDGE('',*,*,#2169,.T.);
#2870=ORIENTED_EDGE('',*,*,#2168,.T.);
#2871=ORIENTED_EDGE('',*,*,#1915,.F.);
#2872=ORIENTED_EDGE('',*,*,#2170,.F.);
#2873=ORIENTED_EDGE('',*,*,#2171,.T.);
#2874=ORIENTED_EDGE('',*,*,#2170,.T.);
#2875=ORIENTED_EDGE('',*,*,#1914,.F.);
#2876=ORIENTED_EDGE('',*,*,#2172,.F.);
#2877=ORIENTED_EDGE('',*,*,#2173,.T.);
#2878=ORIENTED_EDGE('',*,*,#2172,.T.);
#2879=ORIENTED_EDGE('',*,*,#1913,.F.);
#2880=ORIENTED_EDGE('',*,*,#2174,.F.);
#2881=ORIENTED_EDGE('',*,*,#2175,.T.);
#2882=ORIENTED_EDGE('',*,*,#2174,.T.);
#2883=ORIENTED_EDGE('',*,*,#1912,.F.);
#2884=ORIENTED_EDGE('',*,*,#2176,.F.);
#2885=ORIENTED_EDGE('',*,*,#2177,.T.);
#2886=ORIENTED_EDGE('',*,*,#2176,.T.);
#2887=ORIENTED_EDGE('',*,*,#1911,.F.);
#2888=ORIENTED_EDGE('',*,*,#2178,.F.);
#2889=ORIENTED_EDGE('',*,*,#2179,.T.);
#2890=ORIENTED_EDGE('',*,*,#2178,.T.);
#2891=ORIENTED_EDGE('',*,*,#1910,.F.);
#2892=ORIENTED_EDGE('',*,*,#2180,.F.);
#2893=ORIENTED_EDGE('',*,*,#2181,.T.);
#2894=ORIENTED_EDGE('',*,*,#2180,.T.);
#2895=ORIENTED_EDGE('',*,*,#1909,.F.);
#2896=ORIENTED_EDGE('',*,*,#2182,.F.);
#2897=ORIENTED_EDGE('',*,*,#2183,.T.);
#2898=ORIENTED_EDGE('',*,*,#2182,.T.);
#2899=ORIENTED_EDGE('',*,*,#1908,.F.);
#2900=ORIENTED_EDGE('',*,*,#2184,.F.);
#2901=ORIENTED_EDGE('',*,*,#2185,.T.);
#2902=ORIENTED_EDGE('',*,*,#2184,.T.);
#2903=ORIENTED_EDGE('',*,*,#1907,.F.);
#2904=ORIENTED_EDGE('',*,*,#2186,.F.);
#2905=ORIENTED_EDGE('',*,*,#2187,.T.);
#2906=ORIENTED_EDGE('',*,*,#2186,.T.);
#2907=ORIENTED_EDGE('',*,*,#1906,.F.);
#2908=ORIENTED_EDGE('',*,*,#2188,.F.);
#2909=ORIENTED_EDGE('',*,*,#2189,.T.);
#2910=ORIENTED_EDGE('',*,*,#2188,.T.);
#2911=ORIENTED_EDGE('',*,*,#1905,.F.);
#2912=ORIENTED_EDGE('',*,*,#2190,.F.);
#2913=ORIENTED_EDGE('',*,*,#2191,.T.);
#2914=ORIENTED_EDGE('',*,*,#2190,.T.);
#2915=ORIENTED_EDGE('',*,*,#1904,.F.);
#2916=ORIENTED_EDGE('',*,*,#2192,.F.);
#2917=ORIENTED_EDGE('',*,*,#2193,.T.);
#2918=ORIENTED_EDGE('',*,*,#2192,.T.);
#2919=ORIENTED_EDGE('',*,*,#1903,.F.);
#2920=ORIENTED_EDGE('',*,*,#2194,.F.);
#2921=ORIENTED_EDGE('',*,*,#2195,.T.);
#2922=ORIENTED_EDGE('',*,*,#2194,.T.);
#2923=ORIENTED_EDGE('',*,*,#1902,.F.);
#2924=ORIENTED_EDGE('',*,*,#2196,.F.);
#2925=ORIENTED_EDGE('',*,*,#2197,.T.);
#2926=ORIENTED_EDGE('',*,*,#2196,.T.);
#2927=ORIENTED_EDGE('',*,*,#1901,.F.);
#2928=ORIENTED_EDGE('',*,*,#2198,.F.);
#2929=ORIENTED_EDGE('',*,*,#2199,.T.);
#2930=ORIENTED_EDGE('',*,*,#2198,.T.);
#2931=ORIENTED_EDGE('',*,*,#1900,.F.);
#2932=ORIENTED_EDGE('',*,*,#2200,.F.);
#2933=ORIENTED_EDGE('',*,*,#2201,.T.);
#2934=ORIENTED_EDGE('',*,*,#2200,.T.);
#2935=ORIENTED_EDGE('',*,*,#1899,.F.);
#2936=ORIENTED_EDGE('',*,*,#2202,.F.);
#2937=ORIENTED_EDGE('',*,*,#2203,.T.);
#2938=ORIENTED_EDGE('',*,*,#2202,.T.);
#2939=ORIENTED_EDGE('',*,*,#1898,.F.);
#2940=ORIENTED_EDGE('',*,*,#2204,.F.);
#2941=ORIENTED_EDGE('',*,*,#2205,.T.);
#2942=ORIENTED_EDGE('',*,*,#2204,.T.);
#2943=ORIENTED_EDGE('',*,*,#1897,.F.);
#2944=ORIENTED_EDGE('',*,*,#2206,.F.);
#2945=ORIENTED_EDGE('',*,*,#2207,.T.);
#2946=ORIENTED_EDGE('',*,*,#2206,.T.);
#2947=ORIENTED_EDGE('',*,*,#1896,.F.);
#2948=ORIENTED_EDGE('',*,*,#2208,.F.);
#2949=ORIENTED_EDGE('',*,*,#2209,.T.);
#2950=ORIENTED_EDGE('',*,*,#2208,.T.);
#2951=ORIENTED_EDGE('',*,*,#1895,.F.);
#2952=ORIENTED_EDGE('',*,*,#2210,.F.);
#2953=ORIENTED_EDGE('',*,*,#2211,.T.);
#2954=ORIENTED_EDGE('',*,*,#2210,.T.);
#2955=ORIENTED_EDGE('',*,*,#1894,.F.);
#2956=ORIENTED_EDGE('',*,*,#2212,.F.);
#2957=ORIENTED_EDGE('',*,*,#2213,.T.);
#2958=ORIENTED_EDGE('',*,*,#2212,.T.);
#2959=ORIENTED_EDGE('',*,*,#1893,.F.);
#2960=ORIENTED_EDGE('',*,*,#2214,.F.);
#2961=ORIENTED_EDGE('',*,*,#2215,.T.);
#2962=ORIENTED_EDGE('',*,*,#2214,.T.);
#2963=ORIENTED_EDGE('',*,*,#1892,.F.);
#2964=ORIENTED_EDGE('',*,*,#2216,.F.);
#2965=ORIENTED_EDGE('',*,*,#2217,.T.);
#2966=ORIENTED_EDGE('',*,*,#2216,.T.);
#2967=ORIENTED_EDGE('',*,*,#1891,.F.);
#2968=ORIENTED_EDGE('',*,*,#2218,.F.);
#2969=ORIENTED_EDGE('',*,*,#2219,.T.);
#2970=ORIENTED_EDGE('',*,*,#2218,.T.);
#2971=ORIENTED_EDGE('',*,*,#1890,.F.);
#2972=ORIENTED_EDGE('',*,*,#2220,.F.);
#2973=ORIENTED_EDGE('',*,*,#2221,.T.);
#2974=ORIENTED_EDGE('',*,*,#2220,.T.);
#2975=ORIENTED_EDGE('',*,*,#1889,.F.);
#2976=ORIENTED_EDGE('',*,*,#2222,.F.);
#2977=ORIENTED_EDGE('',*,*,#2223,.T.);
#2978=ORIENTED_EDGE('',*,*,#2222,.T.);
#2979=ORIENTED_EDGE('',*,*,#1888,.F.);
#2980=ORIENTED_EDGE('',*,*,#2224,.F.);
#2981=ORIENTED_EDGE('',*,*,#2225,.T.);
#2982=ORIENTED_EDGE('',*,*,#2224,.T.);
#2983=ORIENTED_EDGE('',*,*,#1887,.F.);
#2984=ORIENTED_EDGE('',*,*,#2226,.F.);
#2985=ORIENTED_EDGE('',*,*,#2227,.T.);
#2986=ORIENTED_EDGE('',*,*,#2226,.T.);
#2987=ORIENTED_EDGE('',*,*,#1886,.F.);
#2988=ORIENTED_EDGE('',*,*,#2228,.F.);
#2989=ORIENTED_EDGE('',*,*,#2229,.T.);
#2990=ORIENTED_EDGE('',*,*,#2228,.T.);
#2991=ORIENTED_EDGE('',*,*,#1885,.F.);
#2992=ORIENTED_EDGE('',*,*,#2230,.F.);
#2993=ORIENTED_EDGE('',*,*,#2231,.T.);
#2994=ORIENTED_EDGE('',*,*,#2230,.T.);
#2995=ORIENTED_EDGE('',*,*,#1884,.F.);
#2996=ORIENTED_EDGE('',*,*,#2161,.F.);
#2997=ORIENTED_EDGE('',*,*,#1835,.F.);
#2998=ORIENTED_EDGE('',*,*,#2232,.T.);
#2999=ORIENTED_EDGE('',*,*,#1989,.F.);
#3000=ORIENTED_EDGE('',*,*,#2233,.F.);
#3001=ORIENTED_EDGE('',*,*,#1836,.T.);
#3002=ORIENTED_EDGE('',*,*,#2233,.T.);
#3003=ORIENTED_EDGE('',*,*,#1988,.F.);
#3004=ORIENTED_EDGE('',*,*,#1851,.F.);
#3005=ORIENTED_EDGE('',*,*,#1843,.F.);
#3006=ORIENTED_EDGE('',*,*,#1883,.F.);
#3007=ORIENTED_EDGE('',*,*,#2234,.F.);
#3008=ORIENTED_EDGE('',*,*,#2235,.F.);
#3009=ORIENTED_EDGE('',*,*,#2236,.F.);
#3010=ORIENTED_EDGE('',*,*,#2234,.T.);
#3011=ORIENTED_EDGE('',*,*,#1882,.F.);
#3012=ORIENTED_EDGE('',*,*,#2237,.F.);
#3013=ORIENTED_EDGE('',*,*,#2238,.F.);
#3014=ORIENTED_EDGE('',*,*,#2237,.T.);
#3015=ORIENTED_EDGE('',*,*,#1881,.F.);
#3016=ORIENTED_EDGE('',*,*,#2239,.F.);
#3017=ORIENTED_EDGE('',*,*,#2240,.T.);
#3018=ORIENTED_EDGE('',*,*,#2239,.T.);
#3019=ORIENTED_EDGE('',*,*,#1880,.F.);
#3020=ORIENTED_EDGE('',*,*,#2241,.F.);
#3021=ORIENTED_EDGE('',*,*,#2242,.F.);
#3022=ORIENTED_EDGE('',*,*,#2241,.T.);
#3023=ORIENTED_EDGE('',*,*,#1879,.F.);
#3024=ORIENTED_EDGE('',*,*,#2243,.F.);
#3025=ORIENTED_EDGE('',*,*,#2244,.T.);
#3026=ORIENTED_EDGE('',*,*,#2243,.T.);
#3027=ORIENTED_EDGE('',*,*,#1878,.F.);
#3028=ORIENTED_EDGE('',*,*,#2245,.F.);
#3029=ORIENTED_EDGE('',*,*,#2246,.T.);
#3030=ORIENTED_EDGE('',*,*,#2245,.T.);
#3031=ORIENTED_EDGE('',*,*,#1877,.F.);
#3032=ORIENTED_EDGE('',*,*,#2247,.F.);
#3033=ORIENTED_EDGE('',*,*,#2248,.F.);
#3034=ORIENTED_EDGE('',*,*,#2247,.T.);
#3035=ORIENTED_EDGE('',*,*,#1876,.F.);
#3036=ORIENTED_EDGE('',*,*,#2020,.F.);
#3037=ORIENTED_EDGE('',*,*,#2006,.F.);
#3038=ORIENTED_EDGE('',*,*,#2022,.T.);
#3039=ORIENTED_EDGE('',*,*,#2018,.T.);
#3040=ORIENTED_EDGE('',*,*,#2005,.F.);
#3041=ORIENTED_EDGE('',*,*,#1786,.T.);
#3042=ORIENTED_EDGE('',*,*,#2008,.T.);
#3043=ORIENTED_EDGE('',*,*,#2048,.F.);
#3044=ORIENTED_EDGE('',*,*,#2249,.F.);
#3045=ORIENTED_EDGE('',*,*,#1787,.T.);
#3046=ORIENTED_EDGE('',*,*,#2249,.T.);
#3047=ORIENTED_EDGE('',*,*,#2047,.F.);
#3048=ORIENTED_EDGE('',*,*,#2250,.F.);
#3049=ORIENTED_EDGE('',*,*,#1788,.T.);
#3050=ORIENTED_EDGE('',*,*,#2250,.T.);
#3051=ORIENTED_EDGE('',*,*,#2046,.F.);
#3052=ORIENTED_EDGE('',*,*,#2251,.F.);
#3053=ORIENTED_EDGE('',*,*,#1789,.T.);
#3054=ORIENTED_EDGE('',*,*,#2251,.T.);
#3055=ORIENTED_EDGE('',*,*,#2045,.F.);
#3056=ORIENTED_EDGE('',*,*,#2252,.F.);
#3057=ORIENTED_EDGE('',*,*,#1790,.T.);
#3058=ORIENTED_EDGE('',*,*,#2252,.T.);
#3059=ORIENTED_EDGE('',*,*,#2044,.F.);
#3060=ORIENTED_EDGE('',*,*,#2253,.F.);
#3061=ORIENTED_EDGE('',*,*,#1791,.F.);
#3062=ORIENTED_EDGE('',*,*,#2253,.T.);
#3063=ORIENTED_EDGE('',*,*,#2043,.F.);
#3064=ORIENTED_EDGE('',*,*,#2009,.F.);
#3065=ORIENTED_EDGE('',*,*,#2002,.F.);
#3066=ORIENTED_EDGE('',*,*,#1873,.F.);
#3067=ORIENTED_EDGE('',*,*,#2254,.F.);
#3068=ORIENTED_EDGE('',*,*,#2255,.T.);
#3069=ORIENTED_EDGE('',*,*,#2256,.F.);
#3070=ORIENTED_EDGE('',*,*,#2254,.T.);
#3071=ORIENTED_EDGE('',*,*,#1872,.F.);
#3072=ORIENTED_EDGE('',*,*,#2257,.F.);
#3073=ORIENTED_EDGE('',*,*,#2258,.T.);
#3074=ORIENTED_EDGE('',*,*,#2257,.T.);
#3075=ORIENTED_EDGE('',*,*,#1871,.F.);
#3076=ORIENTED_EDGE('',*,*,#2259,.F.);
#3077=ORIENTED_EDGE('',*,*,#2260,.F.);
#3078=ORIENTED_EDGE('',*,*,#2259,.T.);
#3079=ORIENTED_EDGE('',*,*,#1870,.F.);
#3080=ORIENTED_EDGE('',*,*,#2261,.F.);
#3081=ORIENTED_EDGE('',*,*,#2050,.F.);
#3082=ORIENTED_EDGE('',*,*,#2262,.F.);
#3083=ORIENTED_EDGE('',*,*,#2261,.T.);
#3084=ORIENTED_EDGE('',*,*,#1869,.F.);
#3085=ORIENTED_EDGE('',*,*,#1801,.F.);
#3086=ORIENTED_EDGE('',*,*,#2025,.T.);
#3087=ORIENTED_EDGE('',*,*,#2039,.F.);
#3088=ORIENTED_EDGE('',*,*,#2263,.F.);
#3089=ORIENTED_EDGE('',*,*,#1802,.T.);
#3090=ORIENTED_EDGE('',*,*,#2263,.T.);
#3091=ORIENTED_EDGE('',*,*,#2038,.F.);
#3092=ORIENTED_EDGE('',*,*,#2264,.F.);
#3093=ORIENTED_EDGE('',*,*,#1803,.F.);
#3094=ORIENTED_EDGE('',*,*,#2264,.T.);
#3095=ORIENTED_EDGE('',*,*,#2037,.F.);
#3096=ORIENTED_EDGE('',*,*,#2265,.F.);
#3097=ORIENTED_EDGE('',*,*,#1804,.T.);
#3098=ORIENTED_EDGE('',*,*,#2265,.T.);
#3099=ORIENTED_EDGE('',*,*,#2036,.F.);
#3100=ORIENTED_EDGE('',*,*,#2266,.F.);
#3101=ORIENTED_EDGE('',*,*,#1805,.F.);
#3102=ORIENTED_EDGE('',*,*,#2266,.T.);
#3103=ORIENTED_EDGE('',*,*,#2035,.F.);
#3104=ORIENTED_EDGE('',*,*,#2267,.F.);
#3105=ORIENTED_EDGE('',*,*,#1806,.T.);
#3106=ORIENTED_EDGE('',*,*,#2267,.T.);
#3107=ORIENTED_EDGE('',*,*,#2034,.F.);
#3108=ORIENTED_EDGE('',*,*,#2268,.F.);
#3109=ORIENTED_EDGE('',*,*,#2029,.T.);
#3110=ORIENTED_EDGE('',*,*,#1807,.F.);
#3111=ORIENTED_EDGE('',*,*,#2268,.T.);
#3112=ORIENTED_EDGE('',*,*,#2033,.F.);
#3113=ORIENTED_EDGE('',*,*,#2269,.F.);
#3114=ORIENTED_EDGE('',*,*,#2041,.T.);
#3115=ORIENTED_EDGE('',*,*,#1866,.F.);
#3116=ORIENTED_EDGE('',*,*,#2270,.F.);
#3117=ORIENTED_EDGE('',*,*,#2271,.F.);
#3118=ORIENTED_EDGE('',*,*,#2270,.T.);
#3119=ORIENTED_EDGE('',*,*,#1865,.F.);
#3120=ORIENTED_EDGE('',*,*,#2272,.F.);
#3121=ORIENTED_EDGE('',*,*,#2273,.T.);
#3122=ORIENTED_EDGE('',*,*,#2272,.T.);
#3123=ORIENTED_EDGE('',*,*,#1864,.F.);
#3124=ORIENTED_EDGE('',*,*,#2274,.F.);
#3125=ORIENTED_EDGE('',*,*,#2275,.T.);
#3126=ORIENTED_EDGE('',*,*,#2274,.T.);
#3127=ORIENTED_EDGE('',*,*,#1863,.F.);
#3128=ORIENTED_EDGE('',*,*,#2276,.F.);
#3129=ORIENTED_EDGE('',*,*,#2277,.T.);
#3130=ORIENTED_EDGE('',*,*,#2276,.T.);
#3131=ORIENTED_EDGE('',*,*,#1862,.F.);
#3132=ORIENTED_EDGE('',*,*,#2278,.F.);
#3133=ORIENTED_EDGE('',*,*,#2279,.T.);
#3134=ORIENTED_EDGE('',*,*,#2278,.T.);
#3135=ORIENTED_EDGE('',*,*,#1861,.F.);
#3136=ORIENTED_EDGE('',*,*,#2280,.F.);
#3137=ORIENTED_EDGE('',*,*,#2281,.F.);
#3138=ORIENTED_EDGE('',*,*,#2280,.T.);
#3139=ORIENTED_EDGE('',*,*,#1860,.F.);
#3140=ORIENTED_EDGE('',*,*,#1997,.F.);
#3141=ORIENTED_EDGE('',*,*,#1983,.F.);
#3142=ORIENTED_EDGE('',*,*,#1999,.T.);
#3143=ORIENTED_EDGE('',*,*,#1995,.T.);
#3144=ORIENTED_EDGE('',*,*,#1982,.F.);
#3145=ORIENTED_EDGE('',*,*,#1816,.T.);
#3146=ORIENTED_EDGE('',*,*,#1985,.T.);
#3147=ORIENTED_EDGE('',*,*,#2016,.F.);
#3148=ORIENTED_EDGE('',*,*,#2282,.F.);
#3149=ORIENTED_EDGE('',*,*,#1817,.T.);
#3150=ORIENTED_EDGE('',*,*,#2282,.T.);
#3151=ORIENTED_EDGE('',*,*,#2015,.F.);
#3152=ORIENTED_EDGE('',*,*,#2283,.F.);
#3153=ORIENTED_EDGE('',*,*,#1818,.T.);
#3154=ORIENTED_EDGE('',*,*,#2283,.T.);
#3155=ORIENTED_EDGE('',*,*,#2014,.F.);
#3156=ORIENTED_EDGE('',*,*,#2284,.F.);
#3157=ORIENTED_EDGE('',*,*,#1819,.T.);
#3158=ORIENTED_EDGE('',*,*,#2284,.T.);
#3159=ORIENTED_EDGE('',*,*,#2013,.F.);
#3160=ORIENTED_EDGE('',*,*,#2285,.F.);
#3161=ORIENTED_EDGE('',*,*,#1820,.T.);
#3162=ORIENTED_EDGE('',*,*,#2285,.T.);
#3163=ORIENTED_EDGE('',*,*,#2012,.F.);
#3164=ORIENTED_EDGE('',*,*,#2286,.F.);
#3165=ORIENTED_EDGE('',*,*,#1821,.F.);
#3166=ORIENTED_EDGE('',*,*,#2286,.T.);
#3167=ORIENTED_EDGE('',*,*,#2011,.F.);
#3168=ORIENTED_EDGE('',*,*,#1986,.F.);
#3169=ORIENTED_EDGE('',*,*,#1979,.F.);
#3170=ORIENTED_EDGE('',*,*,#1857,.F.);
#3171=ORIENTED_EDGE('',*,*,#2287,.F.);
#3172=ORIENTED_EDGE('',*,*,#2288,.T.);
#3173=ORIENTED_EDGE('',*,*,#2289,.F.);
#3174=ORIENTED_EDGE('',*,*,#2287,.T.);
#3175=ORIENTED_EDGE('',*,*,#1856,.F.);
#3176=ORIENTED_EDGE('',*,*,#2290,.F.);
#3177=ORIENTED_EDGE('',*,*,#2291,.F.);
#3178=ORIENTED_EDGE('',*,*,#2290,.T.);
#3179=ORIENTED_EDGE('',*,*,#1855,.F.);
#3180=ORIENTED_EDGE('',*,*,#2292,.F.);
#3181=ORIENTED_EDGE('',*,*,#2293,.F.);
#3182=ORIENTED_EDGE('',*,*,#2292,.T.);
#3183=ORIENTED_EDGE('',*,*,#1854,.F.);
#3184=ORIENTED_EDGE('',*,*,#1974,.F.);
#3185=ORIENTED_EDGE('',*,*,#1848,.F.);
#3186=ORIENTED_EDGE('',*,*,#1976,.F.);
#3187=ORIENTED_EDGE('',*,*,#1972,.T.);
#3188=ORIENTED_EDGE('',*,*,#1846,.F.);
#3189=ORIENTED_EDGE('',*,*,#1831,.F.);
#3190=ORIENTED_EDGE('',*,*,#1850,.T.);
#3191=ORIENTED_EDGE('',*,*,#1993,.F.);
#3192=ORIENTED_EDGE('',*,*,#2294,.F.);
#3193=ORIENTED_EDGE('',*,*,#1832,.T.);
#3194=ORIENTED_EDGE('',*,*,#2294,.T.);
#3195=ORIENTED_EDGE('',*,*,#1992,.F.);
#3196=ORIENTED_EDGE('',*,*,#2295,.F.);
#3197=ORIENTED_EDGE('',*,*,#1833,.F.);
#3198=ORIENTED_EDGE('',*,*,#2295,.T.);
#3199=ORIENTED_EDGE('',*,*,#1991,.F.);
#3200=ORIENTED_EDGE('',*,*,#2296,.F.);
#3201=ORIENTED_EDGE('',*,*,#1834,.T.);
#3202=ORIENTED_EDGE('',*,*,#2296,.T.);
#3203=ORIENTED_EDGE('',*,*,#1990,.F.);
#3204=ORIENTED_EDGE('',*,*,#2232,.F.);
#3205=ORIENTED_EDGE('',*,*,#2032,.F.);
#3206=ORIENTED_EDGE('',*,*,#2051,.T.);
#3207=ORIENTED_EDGE('',*,*,#1868,.T.);
#3208=ORIENTED_EDGE('',*,*,#2030,.T.);
#3209=ORIENTED_EDGE('',*,*,#1975,.F.);
#3210=ORIENTED_EDGE('',*,*,#2235,.T.);
#3211=ORIENTED_EDGE('',*,*,#2236,.T.);
#3212=ORIENTED_EDGE('',*,*,#2238,.T.);
#3213=ORIENTED_EDGE('',*,*,#2240,.F.);
#3214=ORIENTED_EDGE('',*,*,#2242,.T.);
#3215=ORIENTED_EDGE('',*,*,#2244,.F.);
#3216=ORIENTED_EDGE('',*,*,#2246,.F.);
#3217=ORIENTED_EDGE('',*,*,#2248,.T.);
#3218=ORIENTED_EDGE('',*,*,#2019,.F.);
#3219=ORIENTED_EDGE('',*,*,#2021,.F.);
#3220=ORIENTED_EDGE('',*,*,#2255,.F.);
#3221=ORIENTED_EDGE('',*,*,#2256,.T.);
#3222=ORIENTED_EDGE('',*,*,#2258,.F.);
#3223=ORIENTED_EDGE('',*,*,#2260,.T.);
#3224=ORIENTED_EDGE('',*,*,#2262,.T.);
#3225=ORIENTED_EDGE('',*,*,#2027,.F.);
#3226=ORIENTED_EDGE('',*,*,#2042,.T.);
#3227=ORIENTED_EDGE('',*,*,#2269,.T.);
#3228=ORIENTED_EDGE('',*,*,#2271,.T.);
#3229=ORIENTED_EDGE('',*,*,#2273,.F.);
#3230=ORIENTED_EDGE('',*,*,#2275,.F.);
#3231=ORIENTED_EDGE('',*,*,#2277,.F.);
#3232=ORIENTED_EDGE('',*,*,#2279,.F.);
#3233=ORIENTED_EDGE('',*,*,#2281,.T.);
#3234=ORIENTED_EDGE('',*,*,#1996,.F.);
#3235=ORIENTED_EDGE('',*,*,#1998,.F.);
#3236=ORIENTED_EDGE('',*,*,#2288,.F.);
#3237=ORIENTED_EDGE('',*,*,#2289,.T.);
#3238=ORIENTED_EDGE('',*,*,#2291,.T.);
#3239=ORIENTED_EDGE('',*,*,#2293,.T.);
#3240=ORIENTED_EDGE('',*,*,#1973,.T.);
#3241=ORIENTED_EDGE('',*,*,#2231,.F.);
#3242=ORIENTED_EDGE('',*,*,#2160,.F.);
#3243=ORIENTED_EDGE('',*,*,#2163,.F.);
#3244=ORIENTED_EDGE('',*,*,#2165,.F.);
#3245=ORIENTED_EDGE('',*,*,#2167,.F.);
#3246=ORIENTED_EDGE('',*,*,#2169,.F.);
#3247=ORIENTED_EDGE('',*,*,#2171,.F.);
#3248=ORIENTED_EDGE('',*,*,#2173,.F.);
#3249=ORIENTED_EDGE('',*,*,#2175,.F.);
#3250=ORIENTED_EDGE('',*,*,#2177,.F.);
#3251=ORIENTED_EDGE('',*,*,#2179,.F.);
#3252=ORIENTED_EDGE('',*,*,#2181,.F.);
#3253=ORIENTED_EDGE('',*,*,#2183,.F.);
#3254=ORIENTED_EDGE('',*,*,#2185,.F.);
#3255=ORIENTED_EDGE('',*,*,#2187,.F.);
#3256=ORIENTED_EDGE('',*,*,#2189,.F.);
#3257=ORIENTED_EDGE('',*,*,#2191,.F.);
#3258=ORIENTED_EDGE('',*,*,#2193,.F.);
#3259=ORIENTED_EDGE('',*,*,#2195,.F.);
#3260=ORIENTED_EDGE('',*,*,#2197,.F.);
#3261=ORIENTED_EDGE('',*,*,#2199,.F.);
#3262=ORIENTED_EDGE('',*,*,#2201,.F.);
#3263=ORIENTED_EDGE('',*,*,#2203,.F.);
#3264=ORIENTED_EDGE('',*,*,#2205,.F.);
#3265=ORIENTED_EDGE('',*,*,#2207,.F.);
#3266=ORIENTED_EDGE('',*,*,#2209,.F.);
#3267=ORIENTED_EDGE('',*,*,#2211,.F.);
#3268=ORIENTED_EDGE('',*,*,#2213,.F.);
#3269=ORIENTED_EDGE('',*,*,#2215,.F.);
#3270=ORIENTED_EDGE('',*,*,#2217,.F.);
#3271=ORIENTED_EDGE('',*,*,#2219,.F.);
#3272=ORIENTED_EDGE('',*,*,#2221,.F.);
#3273=ORIENTED_EDGE('',*,*,#2223,.F.);
#3274=ORIENTED_EDGE('',*,*,#2225,.F.);
#3275=ORIENTED_EDGE('',*,*,#2227,.F.);
#3276=ORIENTED_EDGE('',*,*,#2229,.F.);
#3277=ORIENTED_EDGE('',*,*,#2157,.F.);
#3278=ORIENTED_EDGE('',*,*,#2126,.F.);
#3279=ORIENTED_EDGE('',*,*,#2129,.F.);
#3280=ORIENTED_EDGE('',*,*,#2131,.F.);
#3281=ORIENTED_EDGE('',*,*,#2133,.F.);
#3282=ORIENTED_EDGE('',*,*,#2135,.F.);
#3283=ORIENTED_EDGE('',*,*,#2137,.F.);
#3284=ORIENTED_EDGE('',*,*,#2139,.F.);
#3285=ORIENTED_EDGE('',*,*,#2141,.F.);
#3286=ORIENTED_EDGE('',*,*,#2143,.F.);
#3287=ORIENTED_EDGE('',*,*,#2145,.F.);
#3288=ORIENTED_EDGE('',*,*,#2147,.F.);
#3289=ORIENTED_EDGE('',*,*,#2149,.F.);
#3290=ORIENTED_EDGE('',*,*,#2151,.F.);
#3291=ORIENTED_EDGE('',*,*,#2153,.F.);
#3292=ORIENTED_EDGE('',*,*,#2155,.F.);
#3293=ORIENTED_EDGE('',*,*,#2123,.F.);
#3294=ORIENTED_EDGE('',*,*,#2052,.F.);
#3295=ORIENTED_EDGE('',*,*,#2055,.F.);
#3296=ORIENTED_EDGE('',*,*,#2057,.F.);
#3297=ORIENTED_EDGE('',*,*,#2059,.F.);
#3298=ORIENTED_EDGE('',*,*,#2061,.F.);
#3299=ORIENTED_EDGE('',*,*,#2063,.F.);
#3300=ORIENTED_EDGE('',*,*,#2065,.F.);
#3301=ORIENTED_EDGE('',*,*,#2067,.F.);
#3302=ORIENTED_EDGE('',*,*,#2069,.F.);
#3303=ORIENTED_EDGE('',*,*,#2071,.F.);
#3304=ORIENTED_EDGE('',*,*,#2073,.F.);
#3305=ORIENTED_EDGE('',*,*,#2075,.F.);
#3306=ORIENTED_EDGE('',*,*,#2077,.F.);
#3307=ORIENTED_EDGE('',*,*,#2079,.F.);
#3308=ORIENTED_EDGE('',*,*,#2081,.F.);
#3309=ORIENTED_EDGE('',*,*,#2083,.F.);
#3310=ORIENTED_EDGE('',*,*,#2085,.F.);
#3311=ORIENTED_EDGE('',*,*,#2087,.F.);
#3312=ORIENTED_EDGE('',*,*,#2089,.F.);
#3313=ORIENTED_EDGE('',*,*,#2091,.F.);
#3314=ORIENTED_EDGE('',*,*,#2093,.F.);
#3315=ORIENTED_EDGE('',*,*,#2095,.F.);
#3316=ORIENTED_EDGE('',*,*,#2097,.F.);
#3317=ORIENTED_EDGE('',*,*,#2099,.F.);
#3318=ORIENTED_EDGE('',*,*,#2101,.F.);
#3319=ORIENTED_EDGE('',*,*,#2103,.F.);
#3320=ORIENTED_EDGE('',*,*,#2105,.F.);
#3321=ORIENTED_EDGE('',*,*,#2107,.F.);
#3322=ORIENTED_EDGE('',*,*,#2109,.F.);
#3323=ORIENTED_EDGE('',*,*,#2111,.F.);
#3324=ORIENTED_EDGE('',*,*,#2113,.F.);
#3325=ORIENTED_EDGE('',*,*,#2115,.F.);
#3326=ORIENTED_EDGE('',*,*,#2117,.F.);
#3327=ORIENTED_EDGE('',*,*,#2119,.F.);
#3328=ORIENTED_EDGE('',*,*,#2121,.F.);
#3329=CONICAL_SURFACE('',#3533,1.70000000000002,0.785398163397448);
#3330=CONICAL_SURFACE('',#3544,1.70000000000002,0.785398163397448);
#3331=CONICAL_SURFACE('',#3555,1.70000000000002,0.785398163397448);
#3332=CONICAL_SURFACE('',#3566,1.70000000000002,0.785398163397448);
#3333=ADVANCED_FACE('',(#219),#3329,.F.);
#3334=ADVANCED_FACE('',(#220,#111,#112),#133,.F.);
#3335=ADVANCED_FACE('',(#221),#15,.F.);
#3336=ADVANCED_FACE('',(#222),#3330,.F.);
#3337=ADVANCED_FACE('',(#223,#113,#114),#134,.F.);
#3338=ADVANCED_FACE('',(#224),#16,.F.);
#3339=ADVANCED_FACE('',(#225),#3331,.F.);
#3340=ADVANCED_FACE('',(#226,#115,#116),#135,.F.);
#3341=ADVANCED_FACE('',(#227),#17,.F.);
#3342=ADVANCED_FACE('',(#228),#3332,.F.);
#3343=ADVANCED_FACE('',(#229,#117,#118),#136,.F.);
#3344=ADVANCED_FACE('',(#230),#18,.F.);
#3345=ADVANCED_FACE('',(#231),#137,.T.);
#3346=ADVANCED_FACE('',(#232),#19,.F.);
#3347=ADVANCED_FACE('',(#233),#138,.T.);
#3348=ADVANCED_FACE('',(#234),#139,.T.);
#3349=ADVANCED_FACE('',(#235,#119,#120,#121),#140,.T.);
#3350=ADVANCED_FACE('',(#236),#141,.T.);
#3351=ADVANCED_FACE('',(#237),#20,.T.);
#3352=ADVANCED_FACE('',(#238),#142,.T.);
#3353=ADVANCED_FACE('',(#239),#21,.F.);
#3354=ADVANCED_FACE('',(#240),#143,.T.);
#3355=ADVANCED_FACE('',(#241),#144,.T.);
#3356=ADVANCED_FACE('',(#242,#122,#123),#145,.T.);
#3357=ADVANCED_FACE('',(#243),#146,.T.);
#3358=ADVANCED_FACE('',(#244),#22,.T.);
#3359=ADVANCED_FACE('',(#245),#147,.T.);
#3360=ADVANCED_FACE('',(#246),#23,.F.);
#3361=ADVANCED_FACE('',(#247),#148,.T.);
#3362=ADVANCED_FACE('',(#248),#149,.T.);
#3363=ADVANCED_FACE('',(#249,#124,#125),#150,.T.);
#3364=ADVANCED_FACE('',(#250),#151,.T.);
#3365=ADVANCED_FACE('',(#251),#24,.T.);
#3366=ADVANCED_FACE('',(#252),#152,.T.);
#3367=ADVANCED_FACE('',(#253),#25,.T.);
#3368=ADVANCED_FACE('',(#254),#153,.T.);
#3369=ADVANCED_FACE('',(#255,#126,#127),#154,.T.);
#3370=ADVANCED_FACE('',(#256),#155,.T.);
#3371=ADVANCED_FACE('',(#257,#128,#129),#156,.T.);
#3372=ADVANCED_FACE('',(#258),#157,.T.);
#3373=ADVANCED_FACE('',(#259),#26,.T.);
#3374=ADVANCED_FACE('',(#260),#158,.T.);
#3375=ADVANCED_FACE('',(#261),#27,.F.);
#3376=ADVANCED_FACE('',(#262),#159,.T.);
#3377=ADVANCED_FACE('',(#263),#28,.F.);
#3378=ADVANCED_FACE('',(#264),#160,.T.);
#3379=ADVANCED_FACE('',(#265),#29,.F.);
#3380=ADVANCED_FACE('',(#266),#161,.T.);
#3381=ADVANCED_FACE('',(#267),#30,.F.);
#3382=ADVANCED_FACE('',(#268),#162,.T.);
#3383=ADVANCED_FACE('',(#269),#31,.F.);
#3384=ADVANCED_FACE('',(#270),#163,.T.);
#3385=ADVANCED_FACE('',(#271),#32,.F.);
#3386=ADVANCED_FACE('',(#272),#164,.T.);
#3387=ADVANCED_FACE('',(#273),#33,.T.);
#3388=ADVANCED_FACE('',(#274),#165,.T.);
#3389=ADVANCED_FACE('',(#275),#34,.T.);
#3390=ADVANCED_FACE('',(#276),#166,.T.);
#3391=ADVANCED_FACE('',(#277),#35,.T.);
#3392=ADVANCED_FACE('',(#278),#167,.T.);
#3393=ADVANCED_FACE('',(#279),#36,.T.);
#3394=ADVANCED_FACE('',(#280),#168,.T.);
#3395=ADVANCED_FACE('',(#281),#37,.F.);
#3396=ADVANCED_FACE('',(#282),#169,.T.);
#3397=ADVANCED_FACE('',(#283),#38,.F.);
#3398=ADVANCED_FACE('',(#284),#170,.T.);
#3399=ADVANCED_FACE('',(#285),#39,.F.);
#3400=ADVANCED_FACE('',(#286),#171,.T.);
#3401=ADVANCED_FACE('',(#287),#40,.F.);
#3402=ADVANCED_FACE('',(#288),#172,.T.);
#3403=ADVANCED_FACE('',(#289),#41,.T.);
#3404=ADVANCED_FACE('',(#290),#173,.T.);
#3405=ADVANCED_FACE('',(#291),#42,.T.);
#3406=ADVANCED_FACE('',(#292),#174,.T.);
#3407=ADVANCED_FACE('',(#293),#43,.T.);
#3408=ADVANCED_FACE('',(#294),#175,.T.);
#3409=ADVANCED_FACE('',(#295),#44,.F.);
#3410=ADVANCED_FACE('',(#296),#45,.F.);
#3411=ADVANCED_FACE('',(#297),#46,.T.);
#3412=ADVANCED_FACE('',(#298),#47,.F.);
#3413=ADVANCED_FACE('',(#299),#48,.T.);
#3414=ADVANCED_FACE('',(#300),#49,.F.);
#3415=ADVANCED_FACE('',(#301),#50,.T.);
#3416=ADVANCED_FACE('',(#302),#51,.F.);
#3417=ADVANCED_FACE('',(#303),#52,.T.);
#3418=ADVANCED_FACE('',(#304),#53,.F.);
#3419=ADVANCED_FACE('',(#305),#54,.T.);
#3420=ADVANCED_FACE('',(#306),#55,.F.);
#3421=ADVANCED_FACE('',(#307),#56,.T.);
#3422=ADVANCED_FACE('',(#308),#57,.F.);
#3423=ADVANCED_FACE('',(#309),#58,.T.);
#3424=ADVANCED_FACE('',(#310),#59,.F.);
#3425=ADVANCED_FACE('',(#311),#60,.T.);
#3426=ADVANCED_FACE('',(#312),#61,.F.);
#3427=ADVANCED_FACE('',(#313),#62,.F.);
#3428=ADVANCED_FACE('',(#314),#63,.F.);
#3429=ADVANCED_FACE('',(#315),#64,.T.);
#3430=ADVANCED_FACE('',(#316),#176,.T.);
#3431=ADVANCED_FACE('',(#317),#65,.F.);
#3432=ADVANCED_FACE('',(#318),#177,.T.);
#3433=ADVANCED_FACE('',(#319),#66,.F.);
#3434=ADVANCED_FACE('',(#320),#178,.T.);
#3435=ADVANCED_FACE('',(#321),#67,.F.);
#3436=ADVANCED_FACE('',(#322),#179,.T.);
#3437=ADVANCED_FACE('',(#323),#68,.F.);
#3438=ADVANCED_FACE('',(#324),#180,.T.);
#3439=ADVANCED_FACE('',(#325),#69,.T.);
#3440=ADVANCED_FACE('',(#326),#181,.T.);
#3441=ADVANCED_FACE('',(#327),#70,.T.);
#3442=ADVANCED_FACE('',(#328),#182,.T.);
#3443=ADVANCED_FACE('',(#329),#71,.T.);
#3444=ADVANCED_FACE('',(#330),#183,.T.);
#3445=ADVANCED_FACE('',(#331),#72,.T.);
#3446=ADVANCED_FACE('',(#332),#184,.T.);
#3447=ADVANCED_FACE('',(#333),#73,.F.);
#3448=ADVANCED_FACE('',(#334),#185,.T.);
#3449=ADVANCED_FACE('',(#335),#74,.F.);
#3450=ADVANCED_FACE('',(#336),#186,.T.);
#3451=ADVANCED_FACE('',(#337),#75,.F.);
#3452=ADVANCED_FACE('',(#338),#187,.T.);
#3453=ADVANCED_FACE('',(#339),#76,.F.);
#3454=ADVANCED_FACE('',(#340),#188,.T.);
#3455=ADVANCED_FACE('',(#341),#77,.F.);
#3456=ADVANCED_FACE('',(#342),#189,.T.);
#3457=ADVANCED_FACE('',(#343),#78,.F.);
#3458=ADVANCED_FACE('',(#344),#190,.T.);
#3459=ADVANCED_FACE('',(#345),#79,.T.);
#3460=ADVANCED_FACE('',(#346),#191,.T.);
#3461=ADVANCED_FACE('',(#347),#80,.T.);
#3462=ADVANCED_FACE('',(#348),#192,.T.);
#3463=ADVANCED_FACE('',(#349),#81,.T.);
#3464=ADVANCED_FACE('',(#350),#193,.T.);
#3465=ADVANCED_FACE('',(#351),#194,.T.);
#3466=ADVANCED_FACE('',(#352),#82,.T.);
#3467=ADVANCED_FACE('',(#353),#195,.T.);
#3468=ADVANCED_FACE('',(#354),#83,.F.);
#3469=ADVANCED_FACE('',(#355),#196,.T.);
#3470=ADVANCED_FACE('',(#356),#84,.T.);
#3471=ADVANCED_FACE('',(#357),#197,.T.);
#3472=ADVANCED_FACE('',(#358),#85,.T.);
#3473=ADVANCED_FACE('',(#359),#198,.T.);
#3474=ADVANCED_FACE('',(#360),#86,.F.);
#3475=ADVANCED_FACE('',(#361),#199,.T.);
#3476=ADVANCED_FACE('',(#362),#87,.T.);
#3477=ADVANCED_FACE('',(#363),#200,.T.);
#3478=ADVANCED_FACE('',(#364),#88,.T.);
#3479=ADVANCED_FACE('',(#365),#201,.T.);
#3480=ADVANCED_FACE('',(#366),#89,.T.);
#3481=ADVANCED_FACE('',(#367),#90,.F.);
#3482=ADVANCED_FACE('',(#368),#202,.T.);
#3483=ADVANCED_FACE('',(#369),#91,.F.);
#3484=ADVANCED_FACE('',(#370),#203,.T.);
#3485=ADVANCED_FACE('',(#371),#92,.F.);
#3486=ADVANCED_FACE('',(#372),#204,.T.);
#3487=ADVANCED_FACE('',(#373),#93,.F.);
#3488=ADVANCED_FACE('',(#374),#94,.T.);
#3489=ADVANCED_FACE('',(#375),#205,.T.);
#3490=ADVANCED_FACE('',(#376),#95,.T.);
#3491=ADVANCED_FACE('',(#377),#206,.T.);
#3492=ADVANCED_FACE('',(#378),#96,.T.);
#3493=ADVANCED_FACE('',(#379),#207,.T.);
#3494=ADVANCED_FACE('',(#380),#97,.F.);
#3495=ADVANCED_FACE('',(#381),#208,.T.);
#3496=ADVANCED_FACE('',(#382),#98,.T.);
#3497=ADVANCED_FACE('',(#383),#209,.T.);
#3498=ADVANCED_FACE('',(#384),#99,.T.);
#3499=ADVANCED_FACE('',(#385),#210,.T.);
#3500=ADVANCED_FACE('',(#386),#100,.F.);
#3501=ADVANCED_FACE('',(#387),#211,.T.);
#3502=ADVANCED_FACE('',(#388),#101,.T.);
#3503=ADVANCED_FACE('',(#389),#212,.T.);
#3504=ADVANCED_FACE('',(#390),#102,.T.);
#3505=ADVANCED_FACE('',(#391),#213,.T.);
#3506=ADVANCED_FACE('',(#392),#103,.T.);
#3507=ADVANCED_FACE('',(#393),#104,.F.);
#3508=ADVANCED_FACE('',(#394),#214,.T.);
#3509=ADVANCED_FACE('',(#395),#105,.F.);
#3510=ADVANCED_FACE('',(#396),#215,.T.);
#3511=ADVANCED_FACE('',(#397),#106,.F.);
#3512=ADVANCED_FACE('',(#398),#216,.T.);
#3513=ADVANCED_FACE('',(#399),#107,.F.);
#3514=ADVANCED_FACE('',(#400),#108,.T.);
#3515=ADVANCED_FACE('',(#401),#217,.T.);
#3516=ADVANCED_FACE('',(#402),#109,.T.);
#3517=ADVANCED_FACE('',(#403),#110,.F.);
#3518=ADVANCED_FACE('',(#404,#130,#131,#132),#218,.F.);
#3519=CLOSED_SHELL('',(#3333,#3334,#3335,#3336,#3337,#3338,#3339,#3340,
#3341,#3342,#3343,#3344,#3345,#3346,#3347,#3348,#3349,#3350,#3351,#3352,
#3353,#3354,#3355,#3356,#3357,#3358,#3359,#3360,#3361,#3362,#3363,#3364,
#3365,#3366,#3367,#3368,#3369,#3370,#3371,#3372,#3373,#3374,#3375,#3376,
#3377,#3378,#3379,#3380,#3381,#3382,#3383,#3384,#3385,#3386,#3387,#3388,
#3389,#3390,#3391,#3392,#3393,#3394,#3395,#3396,#3397,#3398,#3399,#3400,
#3401,#3402,#3403,#3404,#3405,#3406,#3407,#3408,#3409,#3410,#3411,#3412,
#3413,#3414,#3415,#3416,#3417,#3418,#3419,#3420,#3421,#3422,#3423,#3424,
#3425,#3426,#3427,#3428,#3429,#3430,#3431,#3432,#3433,#3434,#3435,#3436,
#3437,#3438,#3439,#3440,#3441,#3442,#3443,#3444,#3445,#3446,#3447,#3448,
#3449,#3450,#3451,#3452,#3453,#3454,#3455,#3456,#3457,#3458,#3459,#3460,
#3461,#3462,#3463,#3464,#3465,#3466,#3467,#3468,#3469,#3470,#3471,#3472,
#3473,#3474,#3475,#3476,#3477,#3478,#3479,#3480,#3481,#3482,#3483,#3484,
#3485,#3486,#3487,#3488,#3489,#3490,#3491,#3492,#3493,#3494,#3495,#3496,
#3497,#3498,#3499,#3500,#3501,#3502,#3503,#3504,#3505,#3506,#3507,#3508,
#3509,#3510,#3511,#3512,#3513,#3514,#3515,#3516,#3517,#3518));
#3520=DERIVED_UNIT_ELEMENT(#3522,1.);
#3521=DERIVED_UNIT_ELEMENT(#6041,-3.);
#3522=(
MASS_UNIT()
NAMED_UNIT(*)
SI_UNIT(.KILO.,.GRAM.)
);
#3523=DERIVED_UNIT((#3520,#3521));
#3524=MEASURE_REPRESENTATION_ITEM('density measure',
POSITIVE_RATIO_MEASURE(7850.),#3523);
#3525=PROPERTY_DEFINITION_REPRESENTATION(#3530,#3527);
#3526=PROPERTY_DEFINITION_REPRESENTATION(#3531,#3528);
#3527=REPRESENTATION('material name',(#3529),#6038);
#3528=REPRESENTATION('density',(#3524),#6038);
#3529=DESCRIPTIVE_REPRESENTATION_ITEM('\X2\94A2\X0\','\X2\94A2\X0\');
#3530=PROPERTY_DEFINITION('material property','material name',#6048);
#3531=PROPERTY_DEFINITION('material property','density of part',#6048);
#3532=AXIS2_PLACEMENT_3D('',#5001,#3915,#3916);
#3533=AXIS2_PLACEMENT_3D('',#5002,#3917,#3918);
#3534=AXIS2_PLACEMENT_3D('',#5004,#3919,#3920);
#3535=AXIS2_PLACEMENT_3D('',#5007,#3922,#3923);
#3536=AXIS2_PLACEMENT_3D('',#5008,#3924,#3925);
#3537=AXIS2_PLACEMENT_3D('',#5015,#3928,#3929);
#3538=AXIS2_PLACEMENT_3D('',#5019,#3931,#3932);
#3539=AXIS2_PLACEMENT_3D('',#5023,#3934,#3935);
#3540=AXIS2_PLACEMENT_3D('',#5025,#3936,#3937);
#3541=AXIS2_PLACEMENT_3D('',#5028,#3939,#3940);
#3542=AXIS2_PLACEMENT_3D('',#5029,#3941,#3942);
#3543=AXIS2_PLACEMENT_3D('',#5032,#3944,#3945);
#3544=AXIS2_PLACEMENT_3D('',#5033,#3946,#3947);
#3545=AXIS2_PLACEMENT_3D('',#5035,#3948,#3949);
#3546=AXIS2_PLACEMENT_3D('',#5038,#3951,#3952);
#3547=AXIS2_PLACEMENT_3D('',#5039,#3953,#3954);
#3548=AXIS2_PLACEMENT_3D('',#5046,#3957,#3958);
#3549=AXIS2_PLACEMENT_3D('',#5048,#3959,#3960);
#3550=AXIS2_PLACEMENT_3D('',#5052,#3962,#3963);
#3551=AXIS2_PLACEMENT_3D('',#5056,#3965,#3966);
#3552=AXIS2_PLACEMENT_3D('',#5059,#3968,#3969);
#3553=AXIS2_PLACEMENT_3D('',#5060,#3970,#3971);
#3554=AXIS2_PLACEMENT_3D('',#5063,#3973,#3974);
#3555=AXIS2_PLACEMENT_3D('',#5064,#3975,#3976);
#3556=AXIS2_PLACEMENT_3D('',#5066,#3977,#3978);
#3557=AXIS2_PLACEMENT_3D('',#5069,#3980,#3981);
#3558=AXIS2_PLACEMENT_3D('',#5070,#3982,#3983);
#3559=AXIS2_PLACEMENT_3D('',#5077,#3986,#3987);
#3560=AXIS2_PLACEMENT_3D('',#5081,#3989,#3990);
#3561=AXIS2_PLACEMENT_3D('',#5085,#3992,#3993);
#3562=AXIS2_PLACEMENT_3D('',#5087,#3994,#3995);
#3563=AXIS2_PLACEMENT_3D('',#5090,#3997,#3998);
#3564=AXIS2_PLACEMENT_3D('',#5091,#3999,#4000);
#3565=AXIS2_PLACEMENT_3D('',#5094,#4002,#4003);
#3566=AXIS2_PLACEMENT_3D('',#5095,#4004,#4005);
#3567=AXIS2_PLACEMENT_3D('',#5097,#4006,#4007);
#3568=AXIS2_PLACEMENT_3D('',#5100,#4009,#4010);
#3569=AXIS2_PLACEMENT_3D('',#5101,#4011,#4012);
#3570=AXIS2_PLACEMENT_3D('',#5108,#4015,#4016);
#3571=AXIS2_PLACEMENT_3D('',#5110,#4017,#4018);
#3572=AXIS2_PLACEMENT_3D('',#5114,#4020,#4021);
#3573=AXIS2_PLACEMENT_3D('',#5118,#4023,#4024);
#3574=AXIS2_PLACEMENT_3D('',#5121,#4026,#4027);
#3575=AXIS2_PLACEMENT_3D('',#5122,#4028,#4029);
#3576=AXIS2_PLACEMENT_3D('',#5125,#4031,#4032);
#3577=AXIS2_PLACEMENT_3D('',#5126,#4033,#4034);
#3578=AXIS2_PLACEMENT_3D('',#5130,#4036,#4037);
#3579=AXIS2_PLACEMENT_3D('',#5133,#4039,#4040);
#3580=AXIS2_PLACEMENT_3D('',#5134,#4041,#4042);
#3581=AXIS2_PLACEMENT_3D('',#5138,#4044,#4045);
#3582=AXIS2_PLACEMENT_3D('',#5140,#4047,#4048);
#3583=AXIS2_PLACEMENT_3D('',#5145,#4052,#4053);
#3584=AXIS2_PLACEMENT_3D('',#5149,#4056,#4057);
#3585=AXIS2_PLACEMENT_3D('',#5153,#4059,#4060);
#3586=AXIS2_PLACEMENT_3D('',#5157,#4062,#4063);
#3587=AXIS2_PLACEMENT_3D('',#5165,#4067,#4068);
#3588=AXIS2_PLACEMENT_3D('',#5169,#4070,#4071);
#3589=AXIS2_PLACEMENT_3D('',#5173,#4073,#4074);
#3590=AXIS2_PLACEMENT_3D('',#5177,#4076,#4077);
#3591=AXIS2_PLACEMENT_3D('',#5185,#4081,#4082);
#3592=AXIS2_PLACEMENT_3D('',#5189,#4084,#4085);
#3593=AXIS2_PLACEMENT_3D('',#5197,#4089,#4090);
#3594=AXIS2_PLACEMENT_3D('',#5201,#4092,#4093);
#3595=AXIS2_PLACEMENT_3D('',#5205,#4095,#4096);
#3596=AXIS2_PLACEMENT_3D('',#5209,#4098,#4099);
#3597=AXIS2_PLACEMENT_3D('',#5215,#4102,#4103);
#3598=AXIS2_PLACEMENT_3D('',#5219,#4105,#4106);
#3599=AXIS2_PLACEMENT_3D('',#5223,#4108,#4109);
#3600=AXIS2_PLACEMENT_3D('',#5227,#4111,#4112);
#3601=AXIS2_PLACEMENT_3D('',#5231,#4114,#4115);
#3602=AXIS2_PLACEMENT_3D('',#5235,#4117,#4118);
#3603=AXIS2_PLACEMENT_3D('',#5239,#4120,#4121);
#3604=AXIS2_PLACEMENT_3D('',#5243,#4123,#4124);
#3605=AXIS2_PLACEMENT_3D('',#5247,#4126,#4127);
#3606=AXIS2_PLACEMENT_3D('',#5251,#4129,#4130);
#3607=AXIS2_PLACEMENT_3D('',#5255,#4132,#4133);
#3608=AXIS2_PLACEMENT_3D('',#5259,#4135,#4136);
#3609=AXIS2_PLACEMENT_3D('',#5263,#4138,#4139);
#3610=AXIS2_PLACEMENT_3D('',#5267,#4141,#4142);
#3611=AXIS2_PLACEMENT_3D('',#5271,#4144,#4145);
#3612=AXIS2_PLACEMENT_3D('',#5275,#4147,#4148);
#3613=AXIS2_PLACEMENT_3D('',#5279,#4150,#4151);
#3614=AXIS2_PLACEMENT_3D('',#5282,#4153,#4154);
#3615=AXIS2_PLACEMENT_3D('',#5285,#4155,#4156);
#3616=AXIS2_PLACEMENT_3D('',#5287,#4157,#4158);
#3617=AXIS2_PLACEMENT_3D('',#5289,#4159,#4160);
#3618=AXIS2_PLACEMENT_3D('',#5291,#4161,#4162);
#3619=AXIS2_PLACEMENT_3D('',#5293,#4163,#4164);
#3620=AXIS2_PLACEMENT_3D('',#5295,#4165,#4166);
#3621=AXIS2_PLACEMENT_3D('',#5297,#4167,#4168);
#3622=AXIS2_PLACEMENT_3D('',#5299,#4169,#4170);
#3623=AXIS2_PLACEMENT_3D('',#5301,#4171,#4172);
#3624=AXIS2_PLACEMENT_3D('',#5303,#4173,#4174);
#3625=AXIS2_PLACEMENT_3D('',#5305,#4175,#4176);
#3626=AXIS2_PLACEMENT_3D('',#5307,#4177,#4178);
#3627=AXIS2_PLACEMENT_3D('',#5309,#4179,#4180);
#3628=AXIS2_PLACEMENT_3D('',#5311,#4181,#4182);
#3629=AXIS2_PLACEMENT_3D('',#5313,#4183,#4184);
#3630=AXIS2_PLACEMENT_3D('',#5314,#4185,#4186);
#3631=AXIS2_PLACEMENT_3D('',#5319,#4188,#4189);
#3632=AXIS2_PLACEMENT_3D('',#5323,#4191,#4192);
#3633=AXIS2_PLACEMENT_3D('',#5327,#4194,#4195);
#3634=AXIS2_PLACEMENT_3D('',#5331,#4197,#4198);
#3635=AXIS2_PLACEMENT_3D('',#5335,#4200,#4201);
#3636=AXIS2_PLACEMENT_3D('',#5339,#4203,#4204);
#3637=AXIS2_PLACEMENT_3D('',#5343,#4206,#4207);
#3638=AXIS2_PLACEMENT_3D('',#5347,#4209,#4210);
#3639=AXIS2_PLACEMENT_3D('',#5351,#4212,#4213);
#3640=AXIS2_PLACEMENT_3D('',#5355,#4215,#4216);
#3641=AXIS2_PLACEMENT_3D('',#5359,#4218,#4219);
#3642=AXIS2_PLACEMENT_3D('',#5363,#4221,#4222);
#3643=AXIS2_PLACEMENT_3D('',#5367,#4224,#4225);
#3644=AXIS2_PLACEMENT_3D('',#5371,#4227,#4228);
#3645=AXIS2_PLACEMENT_3D('',#5375,#4230,#4231);
#3646=AXIS2_PLACEMENT_3D('',#5379,#4233,#4234);
#3647=AXIS2_PLACEMENT_3D('',#5383,#4236,#4237);
#3648=AXIS2_PLACEMENT_3D('',#5386,#4239,#4240);
#3649=AXIS2_PLACEMENT_3D('',#5387,#4241,#4242);
#3650=AXIS2_PLACEMENT_3D('',#5393,#4246,#4247);
#3651=AXIS2_PLACEMENT_3D('',#5395,#4249,#4250);
#3652=AXIS2_PLACEMENT_3D('',#5396,#4251,#4252);
#3653=AXIS2_PLACEMENT_3D('',#5399,#4254,#4255);
#3654=AXIS2_PLACEMENT_3D('',#5402,#4257,#4258);
#3655=AXIS2_PLACEMENT_3D('',#5403,#4259,#4260);
#3656=AXIS2_PLACEMENT_3D('',#5406,#4262,#4263);
#3657=AXIS2_PLACEMENT_3D('',#5407,#4264,#4265);
#3658=AXIS2_PLACEMENT_3D('',#5412,#4269,#4270);
#3659=AXIS2_PLACEMENT_3D('',#5416,#4273,#4274);
#3660=AXIS2_PLACEMENT_3D('',#5418,#4275,#4276);
#3661=AXIS2_PLACEMENT_3D('',#5422,#4278,#4279);
#3662=AXIS2_PLACEMENT_3D('',#5426,#4281,#4282);
#3663=AXIS2_PLACEMENT_3D('',#5427,#4283,#4284);
#3664=AXIS2_PLACEMENT_3D('',#5429,#4285,#4286);
#3665=AXIS2_PLACEMENT_3D('',#5430,#4287,#4288);
#3666=AXIS2_PLACEMENT_3D('',#5436,#4292,#4293);
#3667=AXIS2_PLACEMENT_3D('',#5438,#4295,#4296);
#3668=AXIS2_PLACEMENT_3D('',#5439,#4297,#4298);
#3669=AXIS2_PLACEMENT_3D('',#5442,#4300,#4301);
#3670=AXIS2_PLACEMENT_3D('',#5445,#4303,#4304);
#3671=AXIS2_PLACEMENT_3D('',#5446,#4305,#4306);
#3672=AXIS2_PLACEMENT_3D('',#5449,#4308,#4309);
#3673=AXIS2_PLACEMENT_3D('',#5450,#4310,#4311);
#3674=AXIS2_PLACEMENT_3D('',#5455,#4315,#4316);
#3675=AXIS2_PLACEMENT_3D('',#5459,#4319,#4320);
#3676=AXIS2_PLACEMENT_3D('',#5461,#4321,#4322);
#3677=AXIS2_PLACEMENT_3D('',#5463,#4323,#4324);
#3678=AXIS2_PLACEMENT_3D('',#5467,#4326,#4327);
#3679=AXIS2_PLACEMENT_3D('',#5470,#4329,#4330);
#3680=AXIS2_PLACEMENT_3D('',#5472,#4331,#4332);
#3681=AXIS2_PLACEMENT_3D('',#5473,#4333,#4334);
#3682=AXIS2_PLACEMENT_3D('',#5479,#4338,#4339);
#3683=AXIS2_PLACEMENT_3D('',#5481,#4341,#4342);
#3684=AXIS2_PLACEMENT_3D('',#5482,#4343,#4344);
#3685=AXIS2_PLACEMENT_3D('',#5488,#4348,#4349);
#3686=AXIS2_PLACEMENT_3D('',#5490,#4350,#4351);
#3687=AXIS2_PLACEMENT_3D('',#5493,#4353,#4354);
#3688=AXIS2_PLACEMENT_3D('',#5494,#4355,#4356);
#3689=AXIS2_PLACEMENT_3D('',#5497,#4358,#4359);
#3690=AXIS2_PLACEMENT_3D('',#5499,#4361,#4362);
#3691=AXIS2_PLACEMENT_3D('',#5504,#4365,#4366);
#3692=AXIS2_PLACEMENT_3D('',#5508,#4368,#4369);
#3693=AXIS2_PLACEMENT_3D('',#5512,#4371,#4372);
#3694=AXIS2_PLACEMENT_3D('',#5513,#4373,#4374);
#3695=AXIS2_PLACEMENT_3D('',#5515,#4375,#4376);
#3696=AXIS2_PLACEMENT_3D('',#5516,#4377,#4378);
#3697=AXIS2_PLACEMENT_3D('',#5520,#4381,#4382);
#3698=AXIS2_PLACEMENT_3D('',#5522,#4383,#4384);
#3699=AXIS2_PLACEMENT_3D('',#5524,#4385,#4386);
#3700=AXIS2_PLACEMENT_3D('',#5528,#4388,#4389);
#3701=AXIS2_PLACEMENT_3D('',#5531,#4391,#4392);
#3702=AXIS2_PLACEMENT_3D('',#5533,#4393,#4394);
#3703=AXIS2_PLACEMENT_3D('',#5534,#4395,#4396);
#3704=AXIS2_PLACEMENT_3D('',#5536,#4398,#4399);
#3705=AXIS2_PLACEMENT_3D('',#5537,#4400,#4401);
#3706=AXIS2_PLACEMENT_3D('',#5540,#4402,#4403);
#3707=AXIS2_PLACEMENT_3D('',#5543,#4406,#4407);
#3708=AXIS2_PLACEMENT_3D('',#5547,#4410,#4411);
#3709=AXIS2_PLACEMENT_3D('',#5549,#4412,#4413);
#3710=AXIS2_PLACEMENT_3D('',#5551,#4415,#4416);
#3711=AXIS2_PLACEMENT_3D('',#5555,#4419,#4420);
#3712=AXIS2_PLACEMENT_3D('',#5557,#4421,#4422);
#3713=AXIS2_PLACEMENT_3D('',#5559,#4424,#4425);
#3714=AXIS2_PLACEMENT_3D('',#5563,#4428,#4429);
#3715=AXIS2_PLACEMENT_3D('',#5565,#4430,#4431);
#3716=AXIS2_PLACEMENT_3D('',#5567,#4433,#4434);
#3717=AXIS2_PLACEMENT_3D('',#5571,#4437,#4438);
#3718=AXIS2_PLACEMENT_3D('',#5573,#4439,#4440);
#3719=AXIS2_PLACEMENT_3D('',#5575,#4442,#4443);
#3720=AXIS2_PLACEMENT_3D('',#5579,#4446,#4447);
#3721=AXIS2_PLACEMENT_3D('',#5581,#4448,#4449);
#3722=AXIS2_PLACEMENT_3D('',#5583,#4451,#4452);
#3723=AXIS2_PLACEMENT_3D('',#5587,#4455,#4456);
#3724=AXIS2_PLACEMENT_3D('',#5589,#4457,#4458);
#3725=AXIS2_PLACEMENT_3D('',#5591,#4460,#4461);
#3726=AXIS2_PLACEMENT_3D('',#5595,#4464,#4465);
#3727=AXIS2_PLACEMENT_3D('',#5597,#4466,#4467);
#3728=AXIS2_PLACEMENT_3D('',#5599,#4469,#4470);
#3729=AXIS2_PLACEMENT_3D('',#5603,#4473,#4474);
#3730=AXIS2_PLACEMENT_3D('',#5605,#4475,#4476);
#3731=AXIS2_PLACEMENT_3D('',#5607,#4478,#4479);
#3732=AXIS2_PLACEMENT_3D('',#5611,#4482,#4483);
#3733=AXIS2_PLACEMENT_3D('',#5613,#4484,#4485);
#3734=AXIS2_PLACEMENT_3D('',#5615,#4487,#4488);
#3735=AXIS2_PLACEMENT_3D('',#5619,#4491,#4492);
#3736=AXIS2_PLACEMENT_3D('',#5621,#4493,#4494);
#3737=AXIS2_PLACEMENT_3D('',#5623,#4496,#4497);
#3738=AXIS2_PLACEMENT_3D('',#5627,#4500,#4501);
#3739=AXIS2_PLACEMENT_3D('',#5629,#4502,#4503);
#3740=AXIS2_PLACEMENT_3D('',#5631,#4505,#4506);
#3741=AXIS2_PLACEMENT_3D('',#5635,#4509,#4510);
#3742=AXIS2_PLACEMENT_3D('',#5637,#4511,#4512);
#3743=AXIS2_PLACEMENT_3D('',#5639,#4514,#4515);
#3744=AXIS2_PLACEMENT_3D('',#5643,#4518,#4519);
#3745=AXIS2_PLACEMENT_3D('',#5645,#4520,#4521);
#3746=AXIS2_PLACEMENT_3D('',#5647,#4523,#4524);
#3747=AXIS2_PLACEMENT_3D('',#5651,#4527,#4528);
#3748=AXIS2_PLACEMENT_3D('',#5653,#4529,#4530);
#3749=AXIS2_PLACEMENT_3D('',#5655,#4532,#4533);
#3750=AXIS2_PLACEMENT_3D('',#5659,#4536,#4537);
#3751=AXIS2_PLACEMENT_3D('',#5661,#4538,#4539);
#3752=AXIS2_PLACEMENT_3D('',#5663,#4541,#4542);
#3753=AXIS2_PLACEMENT_3D('',#5667,#4545,#4546);
#3754=AXIS2_PLACEMENT_3D('',#5669,#4547,#4548);
#3755=AXIS2_PLACEMENT_3D('',#5671,#4550,#4551);
#3756=AXIS2_PLACEMENT_3D('',#5675,#4554,#4555);
#3757=AXIS2_PLACEMENT_3D('',#5677,#4556,#4557);
#3758=AXIS2_PLACEMENT_3D('',#5679,#4559,#4560);
#3759=AXIS2_PLACEMENT_3D('',#5681,#4562,#4563);
#3760=AXIS2_PLACEMENT_3D('',#5683,#4565,#4566);
#3761=AXIS2_PLACEMENT_3D('',#5685,#4568,#4569);
#3762=AXIS2_PLACEMENT_3D('',#5688,#4570,#4571);
#3763=AXIS2_PLACEMENT_3D('',#5691,#4574,#4575);
#3764=AXIS2_PLACEMENT_3D('',#5693,#4576,#4577);
#3765=AXIS2_PLACEMENT_3D('',#5695,#4579,#4580);
#3766=AXIS2_PLACEMENT_3D('',#5697,#4581,#4582);
#3767=AXIS2_PLACEMENT_3D('',#5699,#4584,#4585);
#3768=AXIS2_PLACEMENT_3D('',#5701,#4586,#4587);
#3769=AXIS2_PLACEMENT_3D('',#5703,#4589,#4590);
#3770=AXIS2_PLACEMENT_3D('',#5705,#4591,#4592);
#3771=AXIS2_PLACEMENT_3D('',#5707,#4594,#4595);
#3772=AXIS2_PLACEMENT_3D('',#5709,#4596,#4597);
#3773=AXIS2_PLACEMENT_3D('',#5711,#4599,#4600);
#3774=AXIS2_PLACEMENT_3D('',#5713,#4601,#4602);
#3775=AXIS2_PLACEMENT_3D('',#5715,#4604,#4605);
#3776=AXIS2_PLACEMENT_3D('',#5717,#4606,#4607);
#3777=AXIS2_PLACEMENT_3D('',#5719,#4609,#4610);
#3778=AXIS2_PLACEMENT_3D('',#5721,#4611,#4612);
#3779=AXIS2_PLACEMENT_3D('',#5723,#4614,#4615);
#3780=AXIS2_PLACEMENT_3D('',#5725,#4616,#4617);
#3781=AXIS2_PLACEMENT_3D('',#5727,#4619,#4620);
#3782=AXIS2_PLACEMENT_3D('',#5729,#4621,#4622);
#3783=AXIS2_PLACEMENT_3D('',#5731,#4624,#4625);
#3784=AXIS2_PLACEMENT_3D('',#5733,#4626,#4627);
#3785=AXIS2_PLACEMENT_3D('',#5735,#4629,#4630);
#3786=AXIS2_PLACEMENT_3D('',#5737,#4631,#4632);
#3787=AXIS2_PLACEMENT_3D('',#5739,#4634,#4635);
#3788=AXIS2_PLACEMENT_3D('',#5741,#4636,#4637);
#3789=AXIS2_PLACEMENT_3D('',#5743,#4639,#4640);
#3790=AXIS2_PLACEMENT_3D('',#5745,#4641,#4642);
#3791=AXIS2_PLACEMENT_3D('',#5747,#4644,#4645);
#3792=AXIS2_PLACEMENT_3D('',#5748,#4646,#4647);
#3793=AXIS2_PLACEMENT_3D('',#5749,#4648,#4649);
#3794=AXIS2_PLACEMENT_3D('',#5751,#4651,#4652);
#3795=AXIS2_PLACEMENT_3D('',#5753,#4654,#4655);
#3796=AXIS2_PLACEMENT_3D('',#5756,#4656,#4657);
#3797=AXIS2_PLACEMENT_3D('',#5759,#4660,#4661);
#3798=AXIS2_PLACEMENT_3D('',#5763,#4664,#4665);
#3799=AXIS2_PLACEMENT_3D('',#5765,#4666,#4667);
#3800=AXIS2_PLACEMENT_3D('',#5767,#4669,#4670);
#3801=AXIS2_PLACEMENT_3D('',#5771,#4673,#4674);
#3802=AXIS2_PLACEMENT_3D('',#5773,#4675,#4676);
#3803=AXIS2_PLACEMENT_3D('',#5775,#4678,#4679);
#3804=AXIS2_PLACEMENT_3D('',#5779,#4682,#4683);
#3805=AXIS2_PLACEMENT_3D('',#5781,#4684,#4685);
#3806=AXIS2_PLACEMENT_3D('',#5783,#4687,#4688);
#3807=AXIS2_PLACEMENT_3D('',#5787,#4691,#4692);
#3808=AXIS2_PLACEMENT_3D('',#5789,#4693,#4694);
#3809=AXIS2_PLACEMENT_3D('',#5791,#4696,#4697);
#3810=AXIS2_PLACEMENT_3D('',#5795,#4700,#4701);
#3811=AXIS2_PLACEMENT_3D('',#5797,#4702,#4703);
#3812=AXIS2_PLACEMENT_3D('',#5799,#4705,#4706);
#3813=AXIS2_PLACEMENT_3D('',#5803,#4709,#4710);
#3814=AXIS2_PLACEMENT_3D('',#5805,#4711,#4712);
#3815=AXIS2_PLACEMENT_3D('',#5807,#4714,#4715);
#3816=AXIS2_PLACEMENT_3D('',#5811,#4718,#4719);
#3817=AXIS2_PLACEMENT_3D('',#5813,#4720,#4721);
#3818=AXIS2_PLACEMENT_3D('',#5815,#4723,#4724);
#3819=AXIS2_PLACEMENT_3D('',#5819,#4727,#4728);
#3820=AXIS2_PLACEMENT_3D('',#5821,#4729,#4730);
#3821=AXIS2_PLACEMENT_3D('',#5823,#4732,#4733);
#3822=AXIS2_PLACEMENT_3D('',#5827,#4736,#4737);
#3823=AXIS2_PLACEMENT_3D('',#5829,#4738,#4739);
#3824=AXIS2_PLACEMENT_3D('',#5831,#4741,#4742);
#3825=AXIS2_PLACEMENT_3D('',#5835,#4745,#4746);
#3826=AXIS2_PLACEMENT_3D('',#5837,#4747,#4748);
#3827=AXIS2_PLACEMENT_3D('',#5839,#4750,#4751);
#3828=AXIS2_PLACEMENT_3D('',#5843,#4754,#4755);
#3829=AXIS2_PLACEMENT_3D('',#5845,#4756,#4757);
#3830=AXIS2_PLACEMENT_3D('',#5847,#4759,#4760);
#3831=AXIS2_PLACEMENT_3D('',#5851,#4763,#4764);
#3832=AXIS2_PLACEMENT_3D('',#5853,#4765,#4766);
#3833=AXIS2_PLACEMENT_3D('',#5855,#4768,#4769);
#3834=AXIS2_PLACEMENT_3D('',#5859,#4772,#4773);
#3835=AXIS2_PLACEMENT_3D('',#5861,#4774,#4775);
#3836=AXIS2_PLACEMENT_3D('',#5863,#4777,#4778);
#3837=AXIS2_PLACEMENT_3D('',#5867,#4781,#4782);
#3838=AXIS2_PLACEMENT_3D('',#5869,#4783,#4784);
#3839=AXIS2_PLACEMENT_3D('',#5871,#4786,#4787);
#3840=AXIS2_PLACEMENT_3D('',#5875,#4790,#4791);
#3841=AXIS2_PLACEMENT_3D('',#5877,#4792,#4793);
#3842=AXIS2_PLACEMENT_3D('',#5879,#4795,#4796);
#3843=AXIS2_PLACEMENT_3D('',#5883,#4799,#4800);
#3844=AXIS2_PLACEMENT_3D('',#5885,#4801,#4802);
#3845=AXIS2_PLACEMENT_3D('',#5887,#4804,#4805);
#3846=AXIS2_PLACEMENT_3D('',#5891,#4808,#4809);
#3847=AXIS2_PLACEMENT_3D('',#5893,#4810,#4811);
#3848=AXIS2_PLACEMENT_3D('',#5895,#4813,#4814);
#3849=AXIS2_PLACEMENT_3D('',#5897,#4816,#4817);
#3850=AXIS2_PLACEMENT_3D('',#5900,#4820,#4821);
#3851=AXIS2_PLACEMENT_3D('',#5901,#4822,#4823);
#3852=AXIS2_PLACEMENT_3D('',#5905,#4826,#4827);
#3853=AXIS2_PLACEMENT_3D('',#5907,#4828,#4829);
#3854=AXIS2_PLACEMENT_3D('',#5909,#4831,#4832);
#3855=AXIS2_PLACEMENT_3D('',#5913,#4835,#4836);
#3856=AXIS2_PLACEMENT_3D('',#5915,#4837,#4838);
#3857=AXIS2_PLACEMENT_3D('',#5917,#4840,#4841);
#3858=AXIS2_PLACEMENT_3D('',#5921,#4844,#4845);
#3859=AXIS2_PLACEMENT_3D('',#5923,#4846,#4847);
#3860=AXIS2_PLACEMENT_3D('',#5925,#4849,#4850);
#3861=AXIS2_PLACEMENT_3D('',#5929,#4853,#4854);
#3862=AXIS2_PLACEMENT_3D('',#5930,#4855,#4856);
#3863=AXIS2_PLACEMENT_3D('',#5931,#4857,#4858);
#3864=AXIS2_PLACEMENT_3D('',#5932,#4859,#4860);
#3865=AXIS2_PLACEMENT_3D('',#5934,#4862,#4863);
#3866=AXIS2_PLACEMENT_3D('',#5936,#4865,#4866);
#3867=AXIS2_PLACEMENT_3D('',#5938,#4868,#4869);
#3868=AXIS2_PLACEMENT_3D('',#5940,#4871,#4872);
#3869=AXIS2_PLACEMENT_3D('',#5942,#4874,#4875);
#3870=AXIS2_PLACEMENT_3D('',#5943,#4876,#4877);
#3871=AXIS2_PLACEMENT_3D('',#5947,#4880,#4881);
#3872=AXIS2_PLACEMENT_3D('',#5949,#4882,#4883);
#3873=AXIS2_PLACEMENT_3D('',#5951,#4885,#4886);
#3874=AXIS2_PLACEMENT_3D('',#5955,#4889,#4890);
#3875=AXIS2_PLACEMENT_3D('',#5957,#4891,#4892);
#3876=AXIS2_PLACEMENT_3D('',#5959,#4894,#4895);
#3877=AXIS2_PLACEMENT_3D('',#5961,#4897,#4898);
#3878=AXIS2_PLACEMENT_3D('',#5963,#4900,#4901);
#3879=AXIS2_PLACEMENT_3D('',#5965,#4903,#4904);
#3880=AXIS2_PLACEMENT_3D('',#5967,#4906,#4907);
#3881=AXIS2_PLACEMENT_3D('',#5969,#4909,#4910);
#3882=AXIS2_PLACEMENT_3D('',#5971,#4912,#4913);
#3883=AXIS2_PLACEMENT_3D('',#5973,#4915,#4916);
#3884=AXIS2_PLACEMENT_3D('',#5974,#4917,#4918);
#3885=AXIS2_PLACEMENT_3D('',#5976,#4919,#4920);
#3886=AXIS2_PLACEMENT_3D('',#5978,#4922,#4923);
#3887=AXIS2_PLACEMENT_3D('',#5982,#4926,#4927);
#3888=AXIS2_PLACEMENT_3D('',#5984,#4928,#4929);
#3889=AXIS2_PLACEMENT_3D('',#5986,#4931,#4932);
#3890=AXIS2_PLACEMENT_3D('',#5990,#4935,#4936);
#3891=AXIS2_PLACEMENT_3D('',#5992,#4937,#4938);
#3892=AXIS2_PLACEMENT_3D('',#5994,#4940,#4941);
#3893=AXIS2_PLACEMENT_3D('',#5998,#4944,#4945);
#3894=AXIS2_PLACEMENT_3D('',#5999,#4946,#4947);
#3895=AXIS2_PLACEMENT_3D('',#6000,#4948,#4949);
#3896=AXIS2_PLACEMENT_3D('',#6001,#4950,#4951);
#3897=AXIS2_PLACEMENT_3D('',#6003,#4953,#4954);
#3898=AXIS2_PLACEMENT_3D('',#6005,#4956,#4957);
#3899=AXIS2_PLACEMENT_3D('',#6007,#4959,#4960);
#3900=AXIS2_PLACEMENT_3D('',#6009,#4962,#4963);
#3901=AXIS2_PLACEMENT_3D('',#6011,#4965,#4966);
#3902=AXIS2_PLACEMENT_3D('',#6012,#4967,#4968);
#3903=AXIS2_PLACEMENT_3D('',#6016,#4971,#4972);
#3904=AXIS2_PLACEMENT_3D('',#6018,#4973,#4974);
#3905=AXIS2_PLACEMENT_3D('',#6020,#4976,#4977);
#3906=AXIS2_PLACEMENT_3D('',#6024,#4980,#4981);
#3907=AXIS2_PLACEMENT_3D('',#6025,#4982,#4983);
#3908=AXIS2_PLACEMENT_3D('',#6026,#4984,#4985);
#3909=AXIS2_PLACEMENT_3D('',#6027,#4986,#4987);
#3910=AXIS2_PLACEMENT_3D('',#6029,#4989,#4990);
#3911=AXIS2_PLACEMENT_3D('',#6031,#4992,#4993);
#3912=AXIS2_PLACEMENT_3D('',#6033,#4995,#4996);
#3913=AXIS2_PLACEMENT_3D('',#6034,#4997,#4998);
#3914=AXIS2_PLACEMENT_3D('',#6035,#4999,#5000);
#3915=DIRECTION('axis',(0.,0.,1.));
#3916=DIRECTION('refdir',(1.,0.,0.));
#3917=DIRECTION('center_axis',(0.,-1.,-4.44089209850056E-15));
#3918=DIRECTION('ref_axis',(1.,0.,0.));
#3919=DIRECTION('center_axis',(0.,1.,5.39030285815812E-15));
#3920=DIRECTION('ref_axis',(1.,0.,0.));
#3921=DIRECTION('',(-0.707106781186547,-0.707106781186548,-3.22678052299105E-15));
#3922=DIRECTION('center_axis',(0.,-1.,-5.39030285815812E-15));
#3923=DIRECTION('ref_axis',(1.,0.,0.));
#3924=DIRECTION('center_axis',(0.,1.,5.39030285815812E-15));
#3925=DIRECTION('ref_axis',(1.,0.,0.));
#3926=DIRECTION('',(1.,0.,0.));
#3927=DIRECTION('',(0.,5.39030285815812E-15,-1.));
#3928=DIRECTION('center_axis',(0.,1.,5.39030285815812E-15));
#3929=DIRECTION('ref_axis',(0.707106781186558,-3.81151970365278E-15,0.707106781186537));
#3930=DIRECTION('',(0.707106781185733,3.81151970365723E-15,-0.707106781187362));
#3931=DIRECTION('center_axis',(0.,1.,5.39030285815812E-15));
#3932=DIRECTION('ref_axis',(0.,-5.39030285815812E-15,1.));
#3933=DIRECTION('',(1.,0.,0.));
#3934=DIRECTION('center_axis',(0.,1.,5.39030285815812E-15));
#3935=DIRECTION('ref_axis',(-0.897723460865326,-2.37474861064917E-15,0.440559403272682));
#3936=DIRECTION('center_axis',(0.,1.,5.39030285815812E-15));
#3937=DIRECTION('ref_axis',(0.897723460863915,2.37474861066467E-15,-0.440559403275557));
#3938=DIRECTION('',(-3.7703429446216E-14,-5.39030285815812E-15,1.));
#3939=DIRECTION('center_axis',(0.,-1.,-5.39030285815812E-15));
#3940=DIRECTION('ref_axis',(1.,0.,0.));
#3941=DIRECTION('center_axis',(0.,1.,5.39030285815812E-15));
#3942=DIRECTION('ref_axis',(1.,0.,0.));
#3943=DIRECTION('',(0.,1.,5.39030285815812E-15));
#3944=DIRECTION('center_axis',(0.,-1.,-5.39030285815812E-15));
#3945=DIRECTION('ref_axis',(1.,0.,0.));
#3946=DIRECTION('center_axis',(0.,-1.,-4.44089209850056E-15));
#3947=DIRECTION('ref_axis',(1.,0.,0.));
#3948=DIRECTION('center_axis',(0.,1.,5.39030285815812E-15));
#3949=DIRECTION('ref_axis',(1.,0.,0.));
#3950=DIRECTION('',(-0.707106781186547,-0.707106781186548,-3.22678052299105E-15));
#3951=DIRECTION('center_axis',(0.,-1.,-5.39030285815812E-15));
#3952=DIRECTION('ref_axis',(1.,0.,0.));
#3953=DIRECTION('center_axis',(0.,1.,5.39030285815812E-15));
#3954=DIRECTION('ref_axis',(1.,0.,0.));
#3955=DIRECTION('',(1.,0.,0.));
#3956=DIRECTION('',(0.,-5.39030285815812E-15,1.));
#3957=DIRECTION('center_axis',(0.,1.,5.39030285815812E-15));
#3958=DIRECTION('ref_axis',(-0.666666712964381,4.01769431350555E-15,-0.745355951089993));
#3959=DIRECTION('center_axis',(0.,1.,5.39030285815812E-15));
#3960=DIRECTION('ref_axis',(0.,-5.39030285815812E-15,1.));
#3961=DIRECTION('',(-1.,0.,0.));
#3962=DIRECTION('center_axis',(0.,1.,5.39030285815812E-15));
#3963=DIRECTION('ref_axis',(-0.707106781188366,-3.81151970364303E-15,0.707106781184729));
#3964=DIRECTION('',(-0.707106781185749,3.81151970365714E-15,-0.707106781187346));
#3965=DIRECTION('center_axis',(0.,1.,5.39030285815812E-15));
#3966=DIRECTION('ref_axis',(-1.,0.,0.));
#3967=DIRECTION('',(0.,5.39030285815812E-15,-1.));
#3968=DIRECTION('center_axis',(0.,-1.,-5.39030285815812E-15));
#3969=DIRECTION('ref_axis',(1.,0.,0.));
#3970=DIRECTION('center_axis',(0.,1.,5.39030285815812E-15));
#3971=DIRECTION('ref_axis',(1.,0.,0.));
#3972=DIRECTION('',(0.,1.,5.39030285815812E-15));
#3973=DIRECTION('center_axis',(0.,-1.,-5.39030285815812E-15));
#3974=DIRECTION('ref_axis',(1.,0.,0.));
#3975=DIRECTION('center_axis',(0.,1.,-4.44089209850056E-15));
#3976=DIRECTION('ref_axis',(1.,0.,0.));
#3977=DIRECTION('center_axis',(0.,-1.,5.39030285815812E-15));
#3978=DIRECTION('ref_axis',(1.,0.,0.));
#3979=DIRECTION('',(-0.707106781186547,0.707106781186548,-3.05358931174396E-15));
#3980=DIRECTION('center_axis',(0.,1.,-5.39030285815812E-15));
#3981=DIRECTION('ref_axis',(1.,0.,0.));
#3982=DIRECTION('center_axis',(0.,-1.,5.39030285815812E-15));
#3983=DIRECTION('ref_axis',(1.,0.,0.));
#3984=DIRECTION('',(-1.,0.,0.));
#3985=DIRECTION('',(-4.56893182372889E-14,-5.39030285815812E-15,-1.));
#3986=DIRECTION('center_axis',(0.,-1.,5.39030285815812E-15));
#3987=DIRECTION('ref_axis',(-0.707106781188366,3.81151970364303E-15,0.707106781184729));
#3988=DIRECTION('',(-0.707106781184957,-3.81151970366141E-15,-0.707106781188138));
#3989=DIRECTION('center_axis',(0.,-1.,5.39030285815812E-15));
#3990=DIRECTION('ref_axis',(0.,5.39030285815812E-15,1.));
#3991=DIRECTION('',(-1.,0.,0.));
#3992=DIRECTION('center_axis',(0.,-1.,5.39030285815812E-15));
#3993=DIRECTION('ref_axis',(0.897723460855406,2.37474861075813E-15,0.440559403292895));
#3994=DIRECTION('center_axis',(0.,-1.,5.39030285815812E-15));
#3995=DIRECTION('ref_axis',(-0.897723460865329,-2.37474861064914E-15,-0.440559403272676));
#3996=DIRECTION('',(0.,5.39030285815812E-15,1.));
#3997=DIRECTION('center_axis',(0.,1.,-5.39030285815812E-15));
#3998=DIRECTION('ref_axis',(1.,0.,0.));
#3999=DIRECTION('center_axis',(0.,-1.,5.39030285815812E-15));
#4000=DIRECTION('ref_axis',(1.,0.,0.));
#4001=DIRECTION('',(0.,-1.,5.39030285815812E-15));
#4002=DIRECTION('center_axis',(0.,1.,-5.39030285815812E-15));
#4003=DIRECTION('ref_axis',(1.,0.,0.));
#4004=DIRECTION('center_axis',(0.,1.,-4.44089209850056E-15));
#4005=DIRECTION('ref_axis',(1.,0.,0.));
#4006=DIRECTION('center_axis',(0.,-1.,5.39030285815812E-15));
#4007=DIRECTION('ref_axis',(1.,0.,0.));
#4008=DIRECTION('',(-0.707106781186547,0.707106781186548,-3.05358931174396E-15));
#4009=DIRECTION('center_axis',(0.,1.,-5.39030285815812E-15));
#4010=DIRECTION('ref_axis',(1.,0.,0.));
#4011=DIRECTION('center_axis',(0.,-1.,5.39030285815812E-15));
#4012=DIRECTION('ref_axis',(1.,0.,0.));
#4013=DIRECTION('',(-1.,0.,0.));
#4014=DIRECTION('',(0.,5.39030285815812E-15,1.));
#4015=DIRECTION('center_axis',(0.,-1.,5.39030285815812E-15));
#4016=DIRECTION('ref_axis',(0.666666666668333,-4.01769453670962E-15,-0.74535599249844));
#4017=DIRECTION('center_axis',(0.,-1.,5.39030285815812E-15));
#4018=DIRECTION('ref_axis',(0.,5.39030285815812E-15,1.));
#4019=DIRECTION('',(1.,0.,0.));
#4020=DIRECTION('center_axis',(0.,-1.,5.39030285815812E-15));
#4021=DIRECTION('ref_axis',(0.707106781187609,3.81151970364711E-15,0.707106781185486));
#4022=DIRECTION('',(0.707106781184942,-3.81151970366149E-15,-0.707106781188153));
#4023=DIRECTION('center_axis',(0.,-1.,5.39030285815812E-15));
#4024=DIRECTION('ref_axis',(1.,0.,0.));
#4025=DIRECTION('',(-5.20155315316828E-14,-5.39030285815812E-15,-1.));
#4026=DIRECTION('center_axis',(0.,1.,-5.39030285815812E-15));
#4027=DIRECTION('ref_axis',(1.,0.,0.));
#4028=DIRECTION('center_axis',(0.,-1.,5.39030285815812E-15));
#4029=DIRECTION('ref_axis',(1.,0.,0.));
#4030=DIRECTION('',(0.,-1.,5.39030285815812E-15));
#4031=DIRECTION('center_axis',(0.,1.,-5.39030285815812E-15));
#4032=DIRECTION('ref_axis',(1.,0.,0.));
#4033=DIRECTION('center_axis',(1.,0.,0.));
#4034=DIRECTION('ref_axis',(0.,0.,-1.));
#4035=DIRECTION('',(0.,1.,-5.39030285815812E-15));
#4036=DIRECTION('center_axis',(1.,0.,0.));
#4037=DIRECTION('ref_axis',(0.,0.,-1.));
#4038=DIRECTION('',(0.,0.,-1.));
#4039=DIRECTION('center_axis',(-1.,0.,0.));
#4040=DIRECTION('ref_axis',(0.,1.,-5.33054101227311E-15));
#4041=DIRECTION('center_axis',(1.,0.,0.));
#4042=DIRECTION('ref_axis',(0.,0.,-1.));
#4043=DIRECTION('',(1.,0.,0.));
#4044=DIRECTION('center_axis',(-1.,0.,0.));
#4045=DIRECTION('ref_axis',(0.,1.,0.));
#4046=DIRECTION('',(1.,0.,0.));
#4047=DIRECTION('center_axis',(-1.,0.,0.));
#4048=DIRECTION('ref_axis',(0.,-5.39030285815812E-15,-1.));
#4049=DIRECTION('',(0.,-1.,5.39030285815812E-15));
#4050=DIRECTION('',(0.,-5.39030285815812E-15,-1.));
#4051=DIRECTION('',(0.,-1.,5.39030285815812E-15));
#4052=DIRECTION('center_axis',(1.,-2.80379468283843E-28,-5.20155315316828E-14));
#4053=DIRECTION('ref_axis',(5.20155315316828E-14,5.39030285815812E-15,1.));
#4054=DIRECTION('',(0.,-1.,5.39030285815812E-15));
#4055=DIRECTION('',(5.20155315316828E-14,5.39030285815812E-15,1.));
#4056=DIRECTION('center_axis',(0.,0.,1.));
#4057=DIRECTION('ref_axis',(1.,0.,0.));
#4058=DIRECTION('',(0.,-1.,0.));
#4059=DIRECTION('center_axis',(0.,0.,-1.));
#4060=DIRECTION('ref_axis',(0.,-1.,0.));
#4061=DIRECTION('',(-1.,0.,0.));
#4062=DIRECTION('center_axis',(0.,0.,-1.));
#4063=DIRECTION('ref_axis',(-1.,0.,0.));
#4064=DIRECTION('',(0.,1.,0.));
#4065=DIRECTION('',(1.,0.,0.));
#4066=DIRECTION('',(-4.56893182372889E-14,-1.,0.));
#4067=DIRECTION('center_axis',(0.,0.,-1.));
#4068=DIRECTION('ref_axis',(0.7071067811866,-0.707106781186495,0.));
#4069=DIRECTION('',(-0.707106781186544,-0.707106781186551,0.));
#4070=DIRECTION('center_axis',(0.,0.,1.));
#4071=DIRECTION('ref_axis',(-0.707106781186505,0.70710678118659,0.));
#4072=DIRECTION('',(1.19374280818212E-13,-1.,0.));
#4073=DIRECTION('center_axis',(0.,0.,1.));
#4074=DIRECTION('ref_axis',(-1.,0.,0.));
#4075=DIRECTION('',(0.707106781186831,-0.707106781186264,0.));
#4076=DIRECTION('center_axis',(0.,0.,-1.));
#4077=DIRECTION('ref_axis',(1.,0.,0.));
#4078=DIRECTION('',(0.,-1.,0.));
#4079=DIRECTION('',(-1.,0.,0.));
#4080=DIRECTION('',(0.,1.,0.));
#4081=DIRECTION('center_axis',(0.,0.,-1.));
#4082=DIRECTION('ref_axis',(0.,1.,0.));
#4083=DIRECTION('',(1.,0.,0.));
#4084=DIRECTION('center_axis',(0.,0.,-1.));
#4085=DIRECTION('ref_axis',(1.,0.,0.));
#4086=DIRECTION('',(-3.7703429446216E-14,-1.,0.));
#4087=DIRECTION('',(-1.,0.,0.));
#4088=DIRECTION('',(0.,1.,0.));
#4089=DIRECTION('center_axis',(0.,0.,-1.));
#4090=DIRECTION('ref_axis',(-0.707106781187609,0.707106781185486,0.));
#4091=DIRECTION('',(0.707106781187183,0.707106781185912,0.));
#4092=DIRECTION('center_axis',(0.,0.,1.));
#4093=DIRECTION('ref_axis',(0.707106781188366,-0.707106781184729,0.));
#4094=DIRECTION('',(-6.94865216703027E-14,1.,0.));
#4095=DIRECTION('center_axis',(0.,0.,1.));
#4096=DIRECTION('ref_axis',(1.,0.,0.));
#4097=DIRECTION('',(-0.707106781186203,0.707106781186893,0.));
#4098=DIRECTION('center_axis',(0.,0.,-1.));
#4099=DIRECTION('ref_axis',(-1.,0.,0.));
#4100=DIRECTION('',(5.20155315316828E-14,1.,0.));
#4101=DIRECTION('',(-1.,0.,0.));
#4102=DIRECTION('center_axis',(0.,0.,1.));
#4103=DIRECTION('ref_axis',(0.,1.,0.));
#4104=DIRECTION('',(0.,-1.,0.));
#4105=DIRECTION('center_axis',(0.,0.,1.));
#4106=DIRECTION('ref_axis',(-1.,0.,0.));
#4107=DIRECTION('',(1.,0.,0.));
#4108=DIRECTION('center_axis',(0.,0.,1.));
#4109=DIRECTION('ref_axis',(0.,-1.,0.));
#4110=DIRECTION('',(-7.70468026732913E-13,1.,0.));
#4111=DIRECTION('center_axis',(0.,0.,-1.));
#4112=DIRECTION('ref_axis',(0.,1.,0.));
#4113=DIRECTION('',(1.,-2.09754313139581E-13,0.));
#4114=DIRECTION('center_axis',(0.,0.,-1.));
#4115=DIRECTION('ref_axis',(0.,-1.,0.));
#4116=DIRECTION('',(-1.,0.,0.));
#4117=DIRECTION('center_axis',(0.,0.,-1.));
#4118=DIRECTION('ref_axis',(-1.,0.,0.));
#4119=DIRECTION('',(0.,1.,0.));
#4120=DIRECTION('center_axis',(0.,0.,-1.));
#4121=DIRECTION('ref_axis',(2.14424139193876E-12,1.,0.));
#4122=DIRECTION('',(1.,0.,0.));
#4123=DIRECTION('center_axis',(0.,0.,-1.));
#4124=DIRECTION('ref_axis',(0.,-1.,0.));
#4125=DIRECTION('',(-1.,2.45150353481885E-12,0.));
#4126=DIRECTION('center_axis',(0.,0.,-1.));
#4127=DIRECTION('ref_axis',(-1.,0.,0.));
#4128=DIRECTION('',(7.70468026732946E-13,1.,0.));
#4129=DIRECTION('center_axis',(0.,0.,1.));
#4130=DIRECTION('ref_axis',(1.,0.,0.));
#4131=DIRECTION('',(-1.,-8.88178419700815E-13,0.));
#4132=DIRECTION('center_axis',(0.,0.,1.));
#4133=DIRECTION('ref_axis',(0.,1.,0.));
#4134=DIRECTION('',(-7.64024447054382E-14,-1.,0.));
#4135=DIRECTION('center_axis',(0.,0.,1.));
#4136=DIRECTION('ref_axis',(-1.,0.,0.));
#4137=DIRECTION('',(1.,0.,0.));
#4138=DIRECTION('center_axis',(0.,0.,1.));
#4139=DIRECTION('ref_axis',(0.,-1.,0.));
#4140=DIRECTION('',(-6.84860468207092E-13,1.,0.));
#4141=DIRECTION('center_axis',(0.,0.,-1.));
#4142=DIRECTION('ref_axis',(0.,1.,0.));
#4143=DIRECTION('',(1.,1.39504463827255E-13,0.));
#4144=DIRECTION('center_axis',(0.,0.,-1.));
#4145=DIRECTION('ref_axis',(1.,0.,0.));
#4146=DIRECTION('',(0.,-1.,0.));
#4147=DIRECTION('center_axis',(0.,0.,-1.));
#4148=DIRECTION('ref_axis',(0.,-1.,0.));
#4149=DIRECTION('',(-1.,2.0460654694664E-12,0.));
#4150=DIRECTION('center_axis',(0.,0.,-1.));
#4151=DIRECTION('ref_axis',(-1.,0.,0.));
#4152=DIRECTION('',(1.45532849493988E-12,1.,0.));
#4153=DIRECTION('center_axis',(0.,0.,1.));
#4154=DIRECTION('ref_axis',(1.,0.,0.));
#4155=DIRECTION('center_axis',(0.,0.,-1.));
#4156=DIRECTION('ref_axis',(-0.151060990105424,0.988524444446554,0.));
#4157=DIRECTION('center_axis',(0.,0.,1.));
#4158=DIRECTION('ref_axis',(0.151060990118099,-0.988524444444618,0.));
#4159=DIRECTION('center_axis',(0.,0.,-1.));
#4160=DIRECTION('ref_axis',(-0.877829022217946,0.478974120127472,0.));
#4161=DIRECTION('center_axis',(0.,0.,1.));
#4162=DIRECTION('ref_axis',(0.877829022224083,-0.478974120116223,0.));
#4163=DIRECTION('center_axis',(0.,0.,-1.));
#4164=DIRECTION('ref_axis',(0.988524444445943,0.151060990109422,0.));
#4165=DIRECTION('center_axis',(0.,0.,1.));
#4166=DIRECTION('ref_axis',(-0.98852444444655,-0.151060990105453,0.));
#4167=DIRECTION('center_axis',(0.,0.,-1.));
#4168=DIRECTION('ref_axis',(0.478974120123133,0.877829022220313,0.));
#4169=DIRECTION('center_axis',(0.,0.,1.));
#4170=DIRECTION('ref_axis',(-0.478974120151756,-0.877829022204695,0.));
#4171=DIRECTION('center_axis',(0.,0.,-1.));
#4172=DIRECTION('ref_axis',(0.15106099010489,-0.988524444446636,0.));
#4173=DIRECTION('center_axis',(0.,0.,1.));
#4174=DIRECTION('ref_axis',(-0.151060990105453,0.98852444444655,0.));
#4175=DIRECTION('center_axis',(0.,0.,-1.));
#4176=DIRECTION('ref_axis',(0.877829022219359,-0.478974120124881,0.));
#4177=DIRECTION('center_axis',(0.,0.,1.));
#4178=DIRECTION('ref_axis',(-0.877829022217961,0.478974120127444,0.));
#4179=DIRECTION('center_axis',(0.,0.,-1.));
#4180=DIRECTION('ref_axis',(-0.988524444446554,-0.151060990105424,0.));
#4181=DIRECTION('center_axis',(0.,0.,1.));
#4182=DIRECTION('ref_axis',(0.988524444446788,0.151060990103894,0.));
#4183=DIRECTION('center_axis',(0.,0.,-1.));
#4184=DIRECTION('ref_axis',(-0.478974120123133,-0.877829022220313,0.));
#4185=DIRECTION('center_axis',(0.,0.,1.));
#4186=DIRECTION('ref_axis',(0.478974120152677,0.877829022204193,0.));
#4187=DIRECTION('',(1.,-9.43689570932377E-13,0.));
#4188=DIRECTION('center_axis',(0.,0.,1.));
#4189=DIRECTION('ref_axis',(0.,-1.,0.));
#4190=DIRECTION('',(0.,1.,0.));
#4191=DIRECTION('center_axis',(0.,0.,1.));
#4192=DIRECTION('ref_axis',(1.,0.,0.));
#4193=DIRECTION('',(-1.,0.,0.));
#4194=DIRECTION('center_axis',(0.,0.,1.));
#4195=DIRECTION('ref_axis',(0.,1.,0.));
#4196=DIRECTION('',(1.36972093641401E-12,-1.,0.));
#4197=DIRECTION('center_axis',(0.,0.,-1.));
#4198=DIRECTION('ref_axis',(0.,-1.,0.));
#4199=DIRECTION('',(-1.,-1.74845594663489E-12,0.));
#4200=DIRECTION('center_axis',(0.,0.,-1.));
#4201=DIRECTION('ref_axis',(-1.,0.,0.));
#4202=DIRECTION('',(0.,1.,0.));
#4203=DIRECTION('center_axis',(0.,0.,-1.));
#4204=DIRECTION('ref_axis',(0.,1.,0.));
#4205=DIRECTION('',(1.,1.39504463827252E-13,0.));
#4206=DIRECTION('center_axis',(0.,0.,-1.));
#4207=DIRECTION('ref_axis',(1.,0.,0.));
#4208=DIRECTION('',(-1.36972093641418E-12,-1.,0.));
#4209=DIRECTION('center_axis',(0.,0.,1.));
#4210=DIRECTION('ref_axis',(-1.,0.,0.));
#4211=DIRECTION('',(1.,0.,0.));
#4212=DIRECTION('center_axis',(0.,0.,1.));
#4213=DIRECTION('ref_axis',(0.,-1.,0.));
#4214=DIRECTION('',(0.,1.,0.));
#4215=DIRECTION('center_axis',(0.,0.,1.));
#4216=DIRECTION('ref_axis',(1.,0.,0.));
#4217=DIRECTION('',(-1.,0.,0.));
#4218=DIRECTION('center_axis',(0.,0.,1.));
#4219=DIRECTION('ref_axis',(0.,1.,0.));
#4220=DIRECTION('',(6.42056688944122E-13,-1.,0.));
#4221=DIRECTION('center_axis',(0.,0.,-1.));
#4222=DIRECTION('ref_axis',(0.,-1.,0.));
#4223=DIRECTION('',(-1.,-2.45150353481892E-12,0.));
#4224=DIRECTION('center_axis',(0.,0.,-1.));
#4225=DIRECTION('ref_axis',(0.,1.,0.));
#4226=DIRECTION('',(1.,-3.27780131079758E-13,0.));
#4227=DIRECTION('center_axis',(0.,0.,-1.));
#4228=DIRECTION('ref_axis',(1.,0.,0.));
#4229=DIRECTION('',(0.,-1.,0.));
#4230=DIRECTION('center_axis',(0.,0.,-1.));
#4231=DIRECTION('ref_axis',(0.,-1.,0.));
#4232=DIRECTION('',(-1.,-3.43640460003717E-13,0.));
#4233=DIRECTION('center_axis',(0.,0.,-1.));
#4234=DIRECTION('ref_axis',(0.,1.,0.));
#4235=DIRECTION('',(1.,2.09754313139587E-13,0.));
#4236=DIRECTION('center_axis',(0.,0.,-1.));
#4237=DIRECTION('ref_axis',(1.,0.,0.));
#4238=DIRECTION('',(0.,-1.,0.));
#4239=DIRECTION('center_axis',(0.,0.,1.));
#4240=DIRECTION('ref_axis',(-1.,0.,0.));
#4241=DIRECTION('center_axis',(-1.,0.,0.));
#4242=DIRECTION('ref_axis',(0.,-1.,0.));
#4243=DIRECTION('',(0.,0.,1.));
#4244=DIRECTION('',(0.,1.,0.));
#4245=DIRECTION('',(0.,0.,1.));
#4246=DIRECTION('center_axis',(1.,0.,0.));
#4247=DIRECTION('ref_axis',(0.,0.,-1.));
#4248=DIRECTION('',(-1.,0.,0.));
#4249=DIRECTION('center_axis',(1.,0.,0.));
#4250=DIRECTION('ref_axis',(0.,0.,-1.));
#4251=DIRECTION('center_axis',(1.,0.,0.));
#4252=DIRECTION('ref_axis',(0.,0.,-1.));
#4253=DIRECTION('',(0.,1.,-5.39030285815812E-15));
#4254=DIRECTION('center_axis',(1.,0.,0.));
#4255=DIRECTION('ref_axis',(0.,0.,-1.));
#4256=DIRECTION('',(0.,0.,-1.));
#4257=DIRECTION('center_axis',(1.,0.,0.));
#4258=DIRECTION('ref_axis',(0.,0.,-1.));
#4259=DIRECTION('center_axis',(1.,0.,0.));
#4260=DIRECTION('ref_axis',(0.,0.,-1.));
#4261=DIRECTION('',(1.,0.,0.));
#4262=DIRECTION('center_axis',(-1.,0.,0.));
#4263=DIRECTION('ref_axis',(0.,1.,0.));
#4264=DIRECTION('center_axis',(-1.,2.46279262681754E-28,4.56893182372889E-14));
#4265=DIRECTION('ref_axis',(-4.56893182372889E-14,-5.39030285815812E-15,
-1.));
#4266=DIRECTION('',(0.,-1.,5.39030285815812E-15));
#4267=DIRECTION('',(-4.56893182372889E-14,-5.39030285815812E-15,-1.));
#4268=DIRECTION('',(0.,-1.,5.39030285815812E-15));
#4269=DIRECTION('center_axis',(1.,0.,0.));
#4270=DIRECTION('ref_axis',(0.,5.39030285815812E-15,1.));
#4271=DIRECTION('',(0.,-1.,5.39030285815812E-15));
#4272=DIRECTION('',(0.,5.39030285815812E-15,1.));
#4273=DIRECTION('center_axis',(0.,-1.,5.39030285815812E-15));
#4274=DIRECTION('ref_axis',(1.,0.,0.));
#4275=DIRECTION('center_axis',(0.,-1.,5.39030285815812E-15));
#4276=DIRECTION('ref_axis',(1.,0.,0.));
#4277=DIRECTION('',(-0.707106781184942,3.81151970366149E-15,0.707106781188153));
#4278=DIRECTION('center_axis',(0.,-1.,5.39030285815812E-15));
#4279=DIRECTION('ref_axis',(0.707106781187609,3.81151970364711E-15,0.707106781185486));
#4280=DIRECTION('',(-1.,0.,0.));
#4281=DIRECTION('center_axis',(0.,-1.,5.39030285815812E-15));
#4282=DIRECTION('ref_axis',(0.,5.39030285815812E-15,1.));
#4283=DIRECTION('center_axis',(0.,1.,-5.39030285815812E-15));
#4284=DIRECTION('ref_axis',(0.666666666668333,-4.01769453670962E-15,-0.74535599249844));
#4285=DIRECTION('center_axis',(0.,1.,-5.39030285815812E-15));
#4286=DIRECTION('ref_axis',(1.,0.,0.));
#4287=DIRECTION('center_axis',(-1.,4.56893182372889E-14,0.));
#4288=DIRECTION('ref_axis',(-4.56893182372889E-14,-1.,0.));
#4289=DIRECTION('',(0.,0.,1.));
#4290=DIRECTION('',(-4.56893182372889E-14,-1.,0.));
#4291=DIRECTION('',(0.,0.,1.));
#4292=DIRECTION('center_axis',(1.,0.,0.));
#4293=DIRECTION('ref_axis',(0.,0.,-1.));
#4294=DIRECTION('',(-1.,0.,0.));
#4295=DIRECTION('center_axis',(-1.,0.,0.));
#4296=DIRECTION('ref_axis',(0.,1.,-5.33054101227311E-15));
#4297=DIRECTION('center_axis',(-1.,0.,0.));
#4298=DIRECTION('ref_axis',(0.,0.,1.));
#4299=DIRECTION('',(0.,-1.,-5.39030285815812E-15));
#4300=DIRECTION('center_axis',(-1.,0.,0.));
#4301=DIRECTION('ref_axis',(0.,0.,-1.));
#4302=DIRECTION('',(0.,0.,-1.));
#4303=DIRECTION('center_axis',(-1.,0.,0.));
#4304=DIRECTION('ref_axis',(0.,0.,-1.));
#4305=DIRECTION('center_axis',(-1.,0.,0.));
#4306=DIRECTION('ref_axis',(0.,0.,-1.));
#4307=DIRECTION('',(-1.,0.,0.));
#4308=DIRECTION('center_axis',(1.,0.,0.));
#4309=DIRECTION('ref_axis',(0.,-1.,0.));
#4310=DIRECTION('center_axis',(1.,0.,0.));
#4311=DIRECTION('ref_axis',(0.,5.39030285815812E-15,-1.));
#4312=DIRECTION('',(0.,1.,5.39030285815812E-15));
#4313=DIRECTION('',(0.,5.39030285815812E-15,-1.));
#4314=DIRECTION('',(0.,1.,5.39030285815812E-15));
#4315=DIRECTION('center_axis',(-1.,2.03232903506301E-28,-3.7703429446216E-14));
#4316=DIRECTION('ref_axis',(-3.7703429446216E-14,-5.39030285815812E-15,
1.));
#4317=DIRECTION('',(0.,1.,5.39030285815812E-15));
#4318=DIRECTION('',(-3.7703429446216E-14,-5.39030285815812E-15,1.));
#4319=DIRECTION('center_axis',(0.,-1.,5.39030285815812E-15));
#4320=DIRECTION('ref_axis',(1.,0.,0.));
#4321=DIRECTION('center_axis',(0.,1.,-5.39030285815812E-15));
#4322=DIRECTION('ref_axis',(-0.897723460865329,-2.37474861064914E-15,-0.440559403272676));
#4323=DIRECTION('center_axis',(0.,-1.,5.39030285815812E-15));
#4324=DIRECTION('ref_axis',(0.897723460855406,2.37474861075813E-15,0.440559403292895));
#4325=DIRECTION('',(-1.,0.,0.));
#4326=DIRECTION('center_axis',(0.,-1.,5.39030285815812E-15));
#4327=DIRECTION('ref_axis',(0.,5.39030285815812E-15,1.));
#4328=DIRECTION('',(-0.707106781184957,-3.81151970366141E-15,-0.707106781188138));
#4329=DIRECTION('center_axis',(0.,-1.,5.39030285815812E-15));
#4330=DIRECTION('ref_axis',(-0.707106781188366,3.81151970364303E-15,0.707106781184729));
#4331=DIRECTION('center_axis',(0.,1.,-5.39030285815812E-15));
#4332=DIRECTION('ref_axis',(1.,0.,0.));
#4333=DIRECTION('center_axis',(1.,0.,0.));
#4334=DIRECTION('ref_axis',(0.,1.,0.));
#4335=DIRECTION('',(0.,0.,1.));
#4336=DIRECTION('',(0.,1.,0.));
#4337=DIRECTION('',(0.,0.,1.));
#4338=DIRECTION('center_axis',(-1.,0.,0.));
#4339=DIRECTION('ref_axis',(0.,0.,-1.));
#4340=DIRECTION('',(1.,0.,0.));
#4341=DIRECTION('center_axis',(1.,0.,0.));
#4342=DIRECTION('ref_axis',(0.,-1.,-5.33054101227311E-15));
#4343=DIRECTION('center_axis',(1.,0.,0.));
#4344=DIRECTION('ref_axis',(0.,5.39030285815812E-15,-1.));
#4345=DIRECTION('',(0.,1.,5.39030285815812E-15));
#4346=DIRECTION('',(0.,5.39030285815812E-15,-1.));
#4347=DIRECTION('',(0.,1.,5.39030285815812E-15));
#4348=DIRECTION('center_axis',(-1.,0.,0.));
#4349=DIRECTION('ref_axis',(0.,0.,-1.));
#4350=DIRECTION('center_axis',(1.,0.,0.));
#4351=DIRECTION('ref_axis',(0.,-1.,-5.33054101227311E-15));
#4352=DIRECTION('',(1.,0.,0.));
#4353=DIRECTION('center_axis',(-1.,0.,0.));
#4354=DIRECTION('ref_axis',(0.,0.,-1.));
#4355=DIRECTION('center_axis',(-1.,0.,0.));
#4356=DIRECTION('ref_axis',(0.,0.,1.));
#4357=DIRECTION('',(0.,-1.,-5.39030285815812E-15));
#4358=DIRECTION('center_axis',(-1.,0.,0.));
#4359=DIRECTION('ref_axis',(0.,0.,-1.));
#4360=DIRECTION('',(0.,0.,-1.));
#4361=DIRECTION('center_axis',(0.,1.,5.39030285815812E-15));
#4362=DIRECTION('ref_axis',(1.,0.,0.));
#4363=DIRECTION('',(-1.,0.,0.));
#4364=DIRECTION('',(0.,-5.39030285815812E-15,1.));
#4365=DIRECTION('center_axis',(0.,1.,5.39030285815812E-15));
#4366=DIRECTION('ref_axis',(-1.,0.,0.));
#4367=DIRECTION('',(0.707106781185749,-3.81151970365714E-15,0.707106781187346));
#4368=DIRECTION('center_axis',(0.,1.,5.39030285815812E-15));
#4369=DIRECTION('ref_axis',(-0.707106781188366,-3.81151970364303E-15,0.707106781184729));
#4370=DIRECTION('',(1.,0.,0.));
#4371=DIRECTION('center_axis',(0.,1.,5.39030285815812E-15));
#4372=DIRECTION('ref_axis',(0.,-5.39030285815812E-15,1.));
#4373=DIRECTION('center_axis',(0.,-1.,-5.39030285815812E-15));
#4374=DIRECTION('ref_axis',(-0.666666712964381,4.01769431350555E-15,-0.745355951089993));
#4375=DIRECTION('center_axis',(0.,-1.,-5.39030285815812E-15));
#4376=DIRECTION('ref_axis',(1.,0.,0.));
#4377=DIRECTION('center_axis',(-1.,0.,0.));
#4378=DIRECTION('ref_axis',(0.,-1.,0.));
#4379=DIRECTION('',(0.,0.,1.));
#4380=DIRECTION('',(0.,1.,0.));
#4381=DIRECTION('center_axis',(0.,1.,5.39030285815812E-15));
#4382=DIRECTION('ref_axis',(1.,0.,0.));
#4383=DIRECTION('center_axis',(0.,-1.,-5.39030285815812E-15));
#4384=DIRECTION('ref_axis',(0.897723460863915,2.37474861066467E-15,-0.440559403275557));
#4385=DIRECTION('center_axis',(0.,1.,5.39030285815812E-15));
#4386=DIRECTION('ref_axis',(-0.897723460865326,-2.37474861064917E-15,0.440559403272682));
#4387=DIRECTION('',(1.,0.,0.));
#4388=DIRECTION('center_axis',(0.,1.,5.39030285815812E-15));
#4389=DIRECTION('ref_axis',(0.,-5.39030285815812E-15,1.));
#4390=DIRECTION('',(0.707106781185733,3.81151970365723E-15,-0.707106781187362));
#4391=DIRECTION('center_axis',(0.,1.,5.39030285815812E-15));
#4392=DIRECTION('ref_axis',(0.707106781186558,-3.81151970365278E-15,0.707106781186537));
#4393=DIRECTION('center_axis',(0.,-1.,-5.39030285815812E-15));
#4394=DIRECTION('ref_axis',(1.,0.,0.));
#4395=DIRECTION('center_axis',(1.,0.,0.));
#4396=DIRECTION('ref_axis',(0.,0.,-1.));
#4397=DIRECTION('',(0.,0.,1.));
#4398=DIRECTION('center_axis',(1.,0.,0.));
#4399=DIRECTION('ref_axis',(0.,-1.,0.));
#4400=DIRECTION('center_axis',(0.,0.,1.));
#4401=DIRECTION('ref_axis',(-1.,0.,0.));
#4402=DIRECTION('center_axis',(0.,0.,1.));
#4403=DIRECTION('ref_axis',(-1.,0.,0.));
#4404=DIRECTION('',(0.,0.,1.));
#4405=DIRECTION('',(0.,0.,1.));
#4406=DIRECTION('center_axis',(-1.,0.,0.));
#4407=DIRECTION('ref_axis',(0.,-1.,0.));
#4408=DIRECTION('',(0.,-1.,0.));
#4409=DIRECTION('',(0.,0.,1.));
#4410=DIRECTION('center_axis',(0.,0.,1.));
#4411=DIRECTION('ref_axis',(1.,0.,0.));
#4412=DIRECTION('center_axis',(0.,0.,-1.));
#4413=DIRECTION('ref_axis',(1.,0.,0.));
#4414=DIRECTION('',(0.,0.,1.));
#4415=DIRECTION('center_axis',(2.09754313139587E-13,-1.,0.));
#4416=DIRECTION('ref_axis',(1.,2.09754313139587E-13,0.));
#4417=DIRECTION('',(1.,2.09754313139587E-13,0.));
#4418=DIRECTION('',(0.,0.,1.));
#4419=DIRECTION('center_axis',(0.,0.,1.));
#4420=DIRECTION('ref_axis',(0.,1.,0.));
#4421=DIRECTION('center_axis',(0.,0.,-1.));
#4422=DIRECTION('ref_axis',(0.,1.,0.));
#4423=DIRECTION('',(0.,0.,1.));
#4424=DIRECTION('center_axis',(-3.43640460003717E-13,1.,0.));
#4425=DIRECTION('ref_axis',(-1.,-3.43640460003717E-13,0.));
#4426=DIRECTION('',(-1.,-3.43640460003717E-13,0.));
#4427=DIRECTION('',(0.,0.,1.));
#4428=DIRECTION('center_axis',(0.,0.,1.));
#4429=DIRECTION('ref_axis',(0.,-1.,0.));
#4430=DIRECTION('center_axis',(0.,0.,-1.));
#4431=DIRECTION('ref_axis',(0.,-1.,0.));
#4432=DIRECTION('',(0.,0.,1.));
#4433=DIRECTION('center_axis',(-1.,0.,0.));
#4434=DIRECTION('ref_axis',(0.,-1.,0.));
#4435=DIRECTION('',(0.,-1.,0.));
#4436=DIRECTION('',(0.,0.,1.));
#4437=DIRECTION('center_axis',(0.,0.,1.));
#4438=DIRECTION('ref_axis',(1.,0.,0.));
#4439=DIRECTION('center_axis',(0.,0.,-1.));
#4440=DIRECTION('ref_axis',(1.,0.,0.));
#4441=DIRECTION('',(0.,0.,1.));
#4442=DIRECTION('center_axis',(-3.27780131079758E-13,-1.,0.));
#4443=DIRECTION('ref_axis',(1.,-3.27780131079758E-13,0.));
#4444=DIRECTION('',(1.,-3.27780131079758E-13,0.));
#4445=DIRECTION('',(0.,0.,1.));
#4446=DIRECTION('center_axis',(0.,0.,1.));
#4447=DIRECTION('ref_axis',(0.,1.,0.));
#4448=DIRECTION('center_axis',(0.,0.,-1.));
#4449=DIRECTION('ref_axis',(0.,1.,0.));
#4450=DIRECTION('',(0.,0.,1.));
#4451=DIRECTION('center_axis',(-2.45150353481892E-12,1.,0.));
#4452=DIRECTION('ref_axis',(-1.,-2.45150353481892E-12,0.));
#4453=DIRECTION('',(-1.,-2.45150353481892E-12,0.));
#4454=DIRECTION('',(0.,0.,1.));
#4455=DIRECTION('center_axis',(0.,0.,1.));
#4456=DIRECTION('ref_axis',(0.,-1.,0.));
#4457=DIRECTION('center_axis',(0.,0.,-1.));
#4458=DIRECTION('ref_axis',(0.,-1.,0.));
#4459=DIRECTION('',(0.,0.,1.));
#4460=DIRECTION('center_axis',(-1.,-6.42056688944122E-13,0.));
#4461=DIRECTION('ref_axis',(6.42056688944122E-13,-1.,0.));
#4462=DIRECTION('',(6.42056688944122E-13,-1.,0.));
#4463=DIRECTION('',(0.,0.,1.));
#4464=DIRECTION('center_axis',(0.,0.,1.));
#4465=DIRECTION('ref_axis',(0.,1.,0.));
#4466=DIRECTION('center_axis',(0.,0.,1.));
#4467=DIRECTION('ref_axis',(0.,1.,0.));
#4468=DIRECTION('',(0.,0.,1.));
#4469=DIRECTION('center_axis',(0.,1.,0.));
#4470=DIRECTION('ref_axis',(-1.,0.,0.));
#4471=DIRECTION('',(-1.,0.,0.));
#4472=DIRECTION('',(0.,0.,1.));
#4473=DIRECTION('center_axis',(0.,0.,1.));
#4474=DIRECTION('ref_axis',(1.,0.,0.));
#4475=DIRECTION('center_axis',(0.,0.,1.));
#4476=DIRECTION('ref_axis',(1.,0.,0.));
#4477=DIRECTION('',(0.,0.,1.));
#4478=DIRECTION('center_axis',(1.,0.,0.));
#4479=DIRECTION('ref_axis',(0.,1.,0.));
#4480=DIRECTION('',(0.,1.,0.));
#4481=DIRECTION('',(0.,0.,1.));
#4482=DIRECTION('center_axis',(0.,0.,1.));
#4483=DIRECTION('ref_axis',(0.,-1.,0.));
#4484=DIRECTION('center_axis',(0.,0.,1.));
#4485=DIRECTION('ref_axis',(0.,-1.,0.));
#4486=DIRECTION('',(0.,0.,1.));
#4487=DIRECTION('center_axis',(0.,-1.,0.));
#4488=DIRECTION('ref_axis',(1.,0.,0.));
#4489=DIRECTION('',(1.,0.,0.));
#4490=DIRECTION('',(0.,0.,1.));
#4491=DIRECTION('center_axis',(0.,0.,1.));
#4492=DIRECTION('ref_axis',(-1.,0.,0.));
#4493=DIRECTION('center_axis',(0.,0.,1.));
#4494=DIRECTION('ref_axis',(-1.,0.,0.));
#4495=DIRECTION('',(0.,0.,1.));
#4496=DIRECTION('center_axis',(-1.,1.36972093641418E-12,0.));
#4497=DIRECTION('ref_axis',(-1.36972093641418E-12,-1.,0.));
#4498=DIRECTION('',(-1.36972093641418E-12,-1.,0.));
#4499=DIRECTION('',(0.,0.,1.));
#4500=DIRECTION('center_axis',(0.,0.,1.));
#4501=DIRECTION('ref_axis',(1.,0.,0.));
#4502=DIRECTION('center_axis',(0.,0.,-1.));
#4503=DIRECTION('ref_axis',(1.,0.,0.));
#4504=DIRECTION('',(0.,0.,1.));
#4505=DIRECTION('center_axis',(1.39504463827252E-13,-1.,0.));
#4506=DIRECTION('ref_axis',(1.,1.39504463827252E-13,0.));
#4507=DIRECTION('',(1.,1.39504463827252E-13,0.));
#4508=DIRECTION('',(0.,0.,1.));
#4509=DIRECTION('center_axis',(0.,0.,1.));
#4510=DIRECTION('ref_axis',(0.,1.,0.));
#4511=DIRECTION('center_axis',(0.,0.,-1.));
#4512=DIRECTION('ref_axis',(0.,1.,0.));
#4513=DIRECTION('',(0.,0.,1.));
#4514=DIRECTION('center_axis',(1.,0.,0.));
#4515=DIRECTION('ref_axis',(0.,1.,0.));
#4516=DIRECTION('',(0.,1.,0.));
#4517=DIRECTION('',(0.,0.,1.));
#4518=DIRECTION('center_axis',(0.,0.,1.));
#4519=DIRECTION('ref_axis',(-1.,0.,0.));
#4520=DIRECTION('center_axis',(0.,0.,-1.));
#4521=DIRECTION('ref_axis',(-1.,0.,0.));
#4522=DIRECTION('',(0.,0.,1.));
#4523=DIRECTION('center_axis',(-1.74845594663489E-12,1.,0.));
#4524=DIRECTION('ref_axis',(-1.,-1.74845594663489E-12,0.));
#4525=DIRECTION('',(-1.,-1.74845594663489E-12,0.));
#4526=DIRECTION('',(0.,0.,1.));
#4527=DIRECTION('center_axis',(0.,0.,1.));
#4528=DIRECTION('ref_axis',(0.,-1.,0.));
#4529=DIRECTION('center_axis',(0.,0.,-1.));
#4530=DIRECTION('ref_axis',(0.,-1.,0.));
#4531=DIRECTION('',(0.,0.,1.));
#4532=DIRECTION('center_axis',(-1.,-1.36972093641401E-12,0.));
#4533=DIRECTION('ref_axis',(1.36972093641401E-12,-1.,0.));
#4534=DIRECTION('',(1.36972093641401E-12,-1.,0.));
#4535=DIRECTION('',(0.,0.,1.));
#4536=DIRECTION('center_axis',(0.,0.,1.));
#4537=DIRECTION('ref_axis',(0.,1.,0.));
#4538=DIRECTION('center_axis',(0.,0.,1.));
#4539=DIRECTION('ref_axis',(0.,1.,0.));
#4540=DIRECTION('',(0.,0.,1.));
#4541=DIRECTION('center_axis',(0.,1.,0.));
#4542=DIRECTION('ref_axis',(-1.,0.,0.));
#4543=DIRECTION('',(-1.,0.,0.));
#4544=DIRECTION('',(0.,0.,1.));
#4545=DIRECTION('center_axis',(0.,0.,1.));
#4546=DIRECTION('ref_axis',(1.,0.,0.));
#4547=DIRECTION('center_axis',(0.,0.,1.));
#4548=DIRECTION('ref_axis',(1.,0.,0.));
#4549=DIRECTION('',(0.,0.,1.));
#4550=DIRECTION('center_axis',(1.,0.,0.));
#4551=DIRECTION('ref_axis',(0.,1.,0.));
#4552=DIRECTION('',(0.,1.,0.));
#4553=DIRECTION('',(0.,0.,1.));
#4554=DIRECTION('center_axis',(0.,0.,1.));
#4555=DIRECTION('ref_axis',(0.,-1.,0.));
#4556=DIRECTION('center_axis',(0.,0.,1.));
#4557=DIRECTION('ref_axis',(0.,-1.,0.));
#4558=DIRECTION('',(0.,0.,1.));
#4559=DIRECTION('center_axis',(-9.43689570932377E-13,-1.,0.));
#4560=DIRECTION('ref_axis',(1.,-9.43689570932377E-13,0.));
#4561=DIRECTION('',(1.,-9.43689570932377E-13,0.));
#4562=DIRECTION('center_axis',(0.,1.,5.39030285815812E-15));
#4563=DIRECTION('ref_axis',(1.,0.,0.));
#4564=DIRECTION('',(0.,1.,5.39030285815812E-15));
#4565=DIRECTION('center_axis',(0.,1.,5.39030285815812E-15));
#4566=DIRECTION('ref_axis',(1.,0.,0.));
#4567=DIRECTION('',(0.,1.,5.39030285815812E-15));
#4568=DIRECTION('center_axis',(0.,0.,1.));
#4569=DIRECTION('ref_axis',(0.478974120152677,0.877829022204193,0.));
#4570=DIRECTION('center_axis',(0.,0.,1.));
#4571=DIRECTION('ref_axis',(0.478974120152677,0.877829022204193,0.));
#4572=DIRECTION('',(0.,0.,1.));
#4573=DIRECTION('',(0.,0.,1.));
#4574=DIRECTION('center_axis',(0.,0.,1.));
#4575=DIRECTION('ref_axis',(-0.478974120123133,-0.877829022220313,0.));
#4576=DIRECTION('center_axis',(0.,0.,-1.));
#4577=DIRECTION('ref_axis',(-0.478974120123133,-0.877829022220313,0.));
#4578=DIRECTION('',(0.,0.,1.));
#4579=DIRECTION('center_axis',(0.,0.,1.));
#4580=DIRECTION('ref_axis',(0.988524444446788,0.151060990103894,0.));
#4581=DIRECTION('center_axis',(0.,0.,1.));
#4582=DIRECTION('ref_axis',(0.988524444446788,0.151060990103894,0.));
#4583=DIRECTION('',(0.,0.,1.));
#4584=DIRECTION('center_axis',(0.,0.,1.));
#4585=DIRECTION('ref_axis',(0.707106781186544,-0.707106781186551,0.));
#4586=DIRECTION('center_axis',(0.,0.,-1.));
#4587=DIRECTION('ref_axis',(-0.988524444446554,-0.151060990105424,0.));
#4588=DIRECTION('',(0.,0.,1.));
#4589=DIRECTION('center_axis',(0.,0.,1.));
#4590=DIRECTION('ref_axis',(-0.877829022217961,0.478974120127444,0.));
#4591=DIRECTION('center_axis',(0.,0.,1.));
#4592=DIRECTION('ref_axis',(-0.877829022217961,0.478974120127444,0.));
#4593=DIRECTION('',(0.,0.,1.));
#4594=DIRECTION('center_axis',(0.,0.,1.));
#4595=DIRECTION('ref_axis',(0.877829022219359,-0.478974120124881,0.));
#4596=DIRECTION('center_axis',(0.,0.,-1.));
#4597=DIRECTION('ref_axis',(0.877829022219359,-0.478974120124881,0.));
#4598=DIRECTION('',(0.,0.,1.));
#4599=DIRECTION('center_axis',(0.,0.,1.));
#4600=DIRECTION('ref_axis',(-0.151060990105453,0.98852444444655,0.));
#4601=DIRECTION('center_axis',(0.,0.,1.));
#4602=DIRECTION('ref_axis',(-0.151060990105453,0.98852444444655,0.));
#4603=DIRECTION('',(0.,0.,1.));
#4604=DIRECTION('center_axis',(0.,0.,1.));
#4605=DIRECTION('ref_axis',(0.707106781186738,0.707106781186357,0.));
#4606=DIRECTION('center_axis',(0.,0.,-1.));
#4607=DIRECTION('ref_axis',(0.15106099010489,-0.988524444446636,0.));
#4608=DIRECTION('',(0.,0.,1.));
#4609=DIRECTION('center_axis',(0.,0.,1.));
#4610=DIRECTION('ref_axis',(-0.478974120151756,-0.877829022204695,0.));
#4611=DIRECTION('center_axis',(0.,0.,1.));
#4612=DIRECTION('ref_axis',(-0.478974120151756,-0.877829022204695,0.));
#4613=DIRECTION('',(0.,0.,1.));
#4614=DIRECTION('center_axis',(0.,0.,1.));
#4615=DIRECTION('ref_axis',(0.478974120123133,0.877829022220313,0.));
#4616=DIRECTION('center_axis',(0.,0.,-1.));
#4617=DIRECTION('ref_axis',(0.478974120123133,0.877829022220313,0.));
#4618=DIRECTION('',(0.,0.,1.));
#4619=DIRECTION('center_axis',(0.,0.,1.));
#4620=DIRECTION('ref_axis',(-0.98852444444655,-0.151060990105453,0.));
#4621=DIRECTION('center_axis',(0.,0.,1.));
#4622=DIRECTION('ref_axis',(-0.98852444444655,-0.151060990105453,0.));
#4623=DIRECTION('',(0.,0.,1.));
#4624=DIRECTION('center_axis',(0.,0.,1.));
#4625=DIRECTION('ref_axis',(-0.707106781187977,0.707106781185118,0.));
#4626=DIRECTION('center_axis',(0.,0.,-1.));
#4627=DIRECTION('ref_axis',(0.988524444445943,0.151060990109422,0.));
#4628=DIRECTION('',(0.,0.,1.));
#4629=DIRECTION('center_axis',(0.,0.,1.));
#4630=DIRECTION('ref_axis',(0.877829022224083,-0.478974120116223,0.));
#4631=DIRECTION('center_axis',(0.,0.,1.));
#4632=DIRECTION('ref_axis',(0.877829022224083,-0.478974120116223,0.));
#4633=DIRECTION('',(0.,0.,1.));
#4634=DIRECTION('center_axis',(0.,0.,1.));
#4635=DIRECTION('ref_axis',(-0.877829022217946,0.478974120127472,0.));
#4636=DIRECTION('center_axis',(0.,0.,-1.));
#4637=DIRECTION('ref_axis',(-0.877829022217946,0.478974120127472,0.));
#4638=DIRECTION('',(0.,0.,1.));
#4639=DIRECTION('center_axis',(0.,0.,1.));
#4640=DIRECTION('ref_axis',(0.151060990118099,-0.988524444444618,0.));
#4641=DIRECTION('center_axis',(0.,0.,1.));
#4642=DIRECTION('ref_axis',(0.151060990118099,-0.988524444444618,0.));
#4643=DIRECTION('',(0.,0.,1.));
#4644=DIRECTION('center_axis',(0.,0.,1.));
#4645=DIRECTION('ref_axis',(-0.707106781186547,-0.707106781186548,0.));
#4646=DIRECTION('center_axis',(0.,0.,-1.));
#4647=DIRECTION('ref_axis',(-0.151060990105424,0.988524444446554,0.));
#4648=DIRECTION('center_axis',(0.,-1.,5.39030285815812E-15));
#4649=DIRECTION('ref_axis',(1.,0.,0.));
#4650=DIRECTION('',(0.,-1.,5.39030285815812E-15));
#4651=DIRECTION('center_axis',(0.,-1.,5.39030285815812E-15));
#4652=DIRECTION('ref_axis',(1.,0.,0.));
#4653=DIRECTION('',(0.,-1.,5.39030285815812E-15));
#4654=DIRECTION('center_axis',(0.,0.,1.));
#4655=DIRECTION('ref_axis',(1.,0.,0.));
#4656=DIRECTION('center_axis',(0.,0.,1.));
#4657=DIRECTION('ref_axis',(1.,0.,0.));
#4658=DIRECTION('',(0.,0.,1.));
#4659=DIRECTION('',(0.,0.,1.));
#4660=DIRECTION('center_axis',(1.,-1.45532849493988E-12,0.));
#4661=DIRECTION('ref_axis',(1.45532849493988E-12,1.,0.));
#4662=DIRECTION('',(1.45532849493988E-12,1.,0.));
#4663=DIRECTION('',(0.,0.,1.));
#4664=DIRECTION('center_axis',(0.,0.,1.));
#4665=DIRECTION('ref_axis',(-1.,0.,0.));
#4666=DIRECTION('center_axis',(0.,0.,-1.));
#4667=DIRECTION('ref_axis',(-1.,0.,0.));
#4668=DIRECTION('',(0.,0.,1.));
#4669=DIRECTION('center_axis',(2.0460654694664E-12,1.,0.));
#4670=DIRECTION('ref_axis',(-1.,2.0460654694664E-12,0.));
#4671=DIRECTION('',(-1.,2.0460654694664E-12,0.));
#4672=DIRECTION('',(0.,0.,1.));
#4673=DIRECTION('center_axis',(0.,0.,1.));
#4674=DIRECTION('ref_axis',(0.,-1.,0.));
#4675=DIRECTION('center_axis',(0.,0.,-1.));
#4676=DIRECTION('ref_axis',(0.,-1.,0.));
#4677=DIRECTION('',(0.,0.,1.));
#4678=DIRECTION('center_axis',(-1.,0.,0.));
#4679=DIRECTION('ref_axis',(0.,-1.,0.));
#4680=DIRECTION('',(0.,-1.,0.));
#4681=DIRECTION('',(0.,0.,1.));
#4682=DIRECTION('center_axis',(0.,0.,1.));
#4683=DIRECTION('ref_axis',(1.,0.,0.));
#4684=DIRECTION('center_axis',(0.,0.,-1.));
#4685=DIRECTION('ref_axis',(1.,0.,0.));
#4686=DIRECTION('',(0.,0.,1.));
#4687=DIRECTION('center_axis',(1.39504463827255E-13,-1.,0.));
#4688=DIRECTION('ref_axis',(1.,1.39504463827255E-13,0.));
#4689=DIRECTION('',(1.,1.39504463827255E-13,0.));
#4690=DIRECTION('',(0.,0.,1.));
#4691=DIRECTION('center_axis',(0.,0.,1.));
#4692=DIRECTION('ref_axis',(0.,1.,0.));
#4693=DIRECTION('center_axis',(0.,0.,-1.));
#4694=DIRECTION('ref_axis',(0.,1.,0.));
#4695=DIRECTION('',(0.,0.,1.));
#4696=DIRECTION('center_axis',(1.,6.84860468207092E-13,0.));
#4697=DIRECTION('ref_axis',(-6.84860468207092E-13,1.,0.));
#4698=DIRECTION('',(-6.84860468207092E-13,1.,0.));
#4699=DIRECTION('',(0.,0.,1.));
#4700=DIRECTION('center_axis',(0.,0.,1.));
#4701=DIRECTION('ref_axis',(0.,-1.,0.));
#4702=DIRECTION('center_axis',(0.,0.,1.));
#4703=DIRECTION('ref_axis',(0.,-1.,0.));
#4704=DIRECTION('',(0.,0.,1.));
#4705=DIRECTION('center_axis',(0.,-1.,0.));
#4706=DIRECTION('ref_axis',(1.,0.,0.));
#4707=DIRECTION('',(1.,0.,0.));
#4708=DIRECTION('',(0.,0.,1.));
#4709=DIRECTION('center_axis',(0.,0.,1.));
#4710=DIRECTION('ref_axis',(-1.,0.,0.));
#4711=DIRECTION('center_axis',(0.,0.,1.));
#4712=DIRECTION('ref_axis',(-1.,0.,0.));
#4713=DIRECTION('',(0.,0.,1.));
#4714=DIRECTION('center_axis',(-1.,7.64024447054382E-14,0.));
#4715=DIRECTION('ref_axis',(-7.64024447054382E-14,-1.,0.));
#4716=DIRECTION('',(-7.64024447054382E-14,-1.,0.));
#4717=DIRECTION('',(0.,0.,1.));
#4718=DIRECTION('center_axis',(0.,0.,1.));
#4719=DIRECTION('ref_axis',(0.,1.,0.));
#4720=DIRECTION('center_axis',(0.,0.,1.));
#4721=DIRECTION('ref_axis',(0.,1.,0.));
#4722=DIRECTION('',(0.,0.,1.));
#4723=DIRECTION('center_axis',(-8.88178419700815E-13,1.,0.));
#4724=DIRECTION('ref_axis',(-1.,-8.88178419700815E-13,0.));
#4725=DIRECTION('',(-1.,-8.88178419700815E-13,0.));
#4726=DIRECTION('',(0.,0.,1.));
#4727=DIRECTION('center_axis',(0.,0.,1.));
#4728=DIRECTION('ref_axis',(1.,0.,0.));
#4729=DIRECTION('center_axis',(0.,0.,1.));
#4730=DIRECTION('ref_axis',(1.,0.,0.));
#4731=DIRECTION('',(0.,0.,1.));
#4732=DIRECTION('center_axis',(1.,-7.70468026732946E-13,0.));
#4733=DIRECTION('ref_axis',(7.70468026732946E-13,1.,0.));
#4734=DIRECTION('',(7.70468026732946E-13,1.,0.));
#4735=DIRECTION('',(0.,0.,1.));
#4736=DIRECTION('center_axis',(0.,0.,1.));
#4737=DIRECTION('ref_axis',(-1.,0.,0.));
#4738=DIRECTION('center_axis',(0.,0.,-1.));
#4739=DIRECTION('ref_axis',(-1.,0.,0.));
#4740=DIRECTION('',(0.,0.,1.));
#4741=DIRECTION('center_axis',(2.45150353481885E-12,1.,0.));
#4742=DIRECTION('ref_axis',(-1.,2.45150353481885E-12,0.));
#4743=DIRECTION('',(-1.,2.45150353481885E-12,0.));
#4744=DIRECTION('',(0.,0.,1.));
#4745=DIRECTION('center_axis',(0.,0.,1.));
#4746=DIRECTION('ref_axis',(0.,-1.,0.));
#4747=DIRECTION('center_axis',(0.,0.,-1.));
#4748=DIRECTION('ref_axis',(0.,-1.,0.));
#4749=DIRECTION('',(0.,0.,1.));
#4750=DIRECTION('center_axis',(0.,-1.,0.));
#4751=DIRECTION('ref_axis',(1.,0.,0.));
#4752=DIRECTION('',(1.,0.,0.));
#4753=DIRECTION('',(0.,0.,1.));
#4754=DIRECTION('center_axis',(0.,0.,1.));
#4755=DIRECTION('ref_axis',(2.14424139193876E-12,1.,0.));
#4756=DIRECTION('center_axis',(0.,0.,-1.));
#4757=DIRECTION('ref_axis',(2.14424139193876E-12,1.,0.));
#4758=DIRECTION('',(0.,0.,1.));
#4759=DIRECTION('center_axis',(1.,0.,0.));
#4760=DIRECTION('ref_axis',(0.,1.,0.));
#4761=DIRECTION('',(0.,1.,0.));
#4762=DIRECTION('',(0.,0.,1.));
#4763=DIRECTION('center_axis',(0.,0.,1.));
#4764=DIRECTION('ref_axis',(-1.,0.,0.));
#4765=DIRECTION('center_axis',(0.,0.,-1.));
#4766=DIRECTION('ref_axis',(-1.,0.,0.));
#4767=DIRECTION('',(0.,0.,1.));
#4768=DIRECTION('center_axis',(0.,1.,0.));
#4769=DIRECTION('ref_axis',(-1.,0.,0.));
#4770=DIRECTION('',(-1.,0.,0.));
#4771=DIRECTION('',(0.,0.,1.));
#4772=DIRECTION('center_axis',(0.,0.,1.));
#4773=DIRECTION('ref_axis',(0.,-1.,0.));
#4774=DIRECTION('center_axis',(0.,0.,-1.));
#4775=DIRECTION('ref_axis',(0.,-1.,0.));
#4776=DIRECTION('',(0.,0.,1.));
#4777=DIRECTION('center_axis',(-2.09754313139581E-13,-1.,0.));
#4778=DIRECTION('ref_axis',(1.,-2.09754313139581E-13,0.));
#4779=DIRECTION('',(1.,-2.09754313139581E-13,0.));
#4780=DIRECTION('',(0.,0.,1.));
#4781=DIRECTION('center_axis',(0.,0.,1.));
#4782=DIRECTION('ref_axis',(0.,1.,0.));
#4783=DIRECTION('center_axis',(0.,0.,-1.));
#4784=DIRECTION('ref_axis',(0.,1.,0.));
#4785=DIRECTION('',(0.,0.,1.));
#4786=DIRECTION('center_axis',(1.,7.70468026732913E-13,0.));
#4787=DIRECTION('ref_axis',(-7.70468026732913E-13,1.,0.));
#4788=DIRECTION('',(-7.70468026732913E-13,1.,0.));
#4789=DIRECTION('',(0.,0.,1.));
#4790=DIRECTION('center_axis',(0.,0.,1.));
#4791=DIRECTION('ref_axis',(0.,-1.,0.));
#4792=DIRECTION('center_axis',(0.,0.,1.));
#4793=DIRECTION('ref_axis',(0.,-1.,0.));
#4794=DIRECTION('',(0.,0.,1.));
#4795=DIRECTION('center_axis',(0.,-1.,0.));
#4796=DIRECTION('ref_axis',(1.,0.,0.));
#4797=DIRECTION('',(1.,0.,0.));
#4798=DIRECTION('',(0.,0.,1.));
#4799=DIRECTION('center_axis',(0.,0.,1.));
#4800=DIRECTION('ref_axis',(-1.,0.,0.));
#4801=DIRECTION('center_axis',(0.,0.,1.));
#4802=DIRECTION('ref_axis',(-1.,0.,0.));
#4803=DIRECTION('',(0.,0.,1.));
#4804=DIRECTION('center_axis',(-1.,0.,0.));
#4805=DIRECTION('ref_axis',(0.,-1.,0.));
#4806=DIRECTION('',(0.,-1.,0.));
#4807=DIRECTION('',(0.,0.,1.));
#4808=DIRECTION('center_axis',(0.,0.,1.));
#4809=DIRECTION('ref_axis',(0.,1.,0.));
#4810=DIRECTION('center_axis',(0.,0.,1.));
#4811=DIRECTION('ref_axis',(0.,1.,0.));
#4812=DIRECTION('',(0.,0.,1.));
#4813=DIRECTION('center_axis',(0.,1.,0.));
#4814=DIRECTION('ref_axis',(-1.,0.,0.));
#4815=DIRECTION('',(-1.,0.,0.));
#4816=DIRECTION('center_axis',(0.707106781188153,3.81151970364418E-15,0.707106781184942));
#4817=DIRECTION('ref_axis',(-0.707106781184942,3.81151970366149E-15,0.707106781188153));
#4818=DIRECTION('',(0.,-1.,5.39030285815812E-15));
#4819=DIRECTION('',(0.,-1.,5.39030285815812E-15));
#4820=DIRECTION('center_axis',(0.,-1.,5.39030285815812E-15));
#4821=DIRECTION('ref_axis',(1.,0.,0.));
#4822=DIRECTION('center_axis',(1.,-5.20155315316828E-14,0.));
#4823=DIRECTION('ref_axis',(5.20155315316828E-14,1.,0.));
#4824=DIRECTION('',(0.,0.,1.));
#4825=DIRECTION('',(-5.20155315316828E-14,-1.,0.));
#4826=DIRECTION('center_axis',(0.,0.,1.));
#4827=DIRECTION('ref_axis',(-1.,0.,0.));
#4828=DIRECTION('center_axis',(0.,0.,1.));
#4829=DIRECTION('ref_axis',(-1.,0.,0.));
#4830=DIRECTION('',(0.,0.,1.));
#4831=DIRECTION('center_axis',(0.707106781186893,0.707106781186203,0.));
#4832=DIRECTION('ref_axis',(-0.707106781186203,0.707106781186893,0.));
#4833=DIRECTION('',(0.707106781186203,-0.707106781186893,0.));
#4834=DIRECTION('',(0.,0.,1.));
#4835=DIRECTION('center_axis',(0.,0.,1.));
#4836=DIRECTION('ref_axis',(1.,0.,0.));
#4837=DIRECTION('center_axis',(0.,0.,1.));
#4838=DIRECTION('ref_axis',(1.,0.,0.));
#4839=DIRECTION('',(0.,0.,1.));
#4840=DIRECTION('center_axis',(1.,6.94865216703027E-14,0.));
#4841=DIRECTION('ref_axis',(-6.94865216703027E-14,1.,0.));
#4842=DIRECTION('',(6.94865216703027E-14,-1.,0.));
#4843=DIRECTION('',(0.,0.,1.));
#4844=DIRECTION('center_axis',(0.,0.,1.));
#4845=DIRECTION('ref_axis',(0.707106781188366,-0.707106781184729,0.));
#4846=DIRECTION('center_axis',(0.,0.,1.));
#4847=DIRECTION('ref_axis',(0.707106781188366,-0.707106781184729,0.));
#4848=DIRECTION('',(0.,0.,1.));
#4849=DIRECTION('center_axis',(0.707106781185912,-0.707106781187183,0.));
#4850=DIRECTION('ref_axis',(0.707106781187183,0.707106781185912,0.));
#4851=DIRECTION('',(0.707106781187183,0.707106781185912,0.));
#4852=DIRECTION('',(0.,0.,1.));
#4853=DIRECTION('center_axis',(0.,0.,1.));
#4854=DIRECTION('ref_axis',(-0.707106781187609,0.707106781185486,0.));
#4855=DIRECTION('center_axis',(0.,0.,1.));
#4856=DIRECTION('ref_axis',(-0.707106781187609,0.707106781185486,0.));
#4857=DIRECTION('center_axis',(1.,0.,0.));
#4858=DIRECTION('ref_axis',(0.,0.,-1.));
#4859=DIRECTION('center_axis',(0.,1.,5.39030285815812E-15));
#4860=DIRECTION('ref_axis',(0.707106781186558,-3.81151970365278E-15,0.707106781186537));
#4861=DIRECTION('',(0.,1.,5.39030285815812E-15));
#4862=DIRECTION('center_axis',(0.707106781187362,-3.81151970364844E-15,
0.707106781185733));
#4863=DIRECTION('ref_axis',(0.707106781185733,3.81151970365723E-15,-0.707106781187362));
#4864=DIRECTION('',(0.,1.,5.39030285815812E-15));
#4865=DIRECTION('center_axis',(0.,1.,5.39030285815812E-15));
#4866=DIRECTION('ref_axis',(0.,-5.39030285815812E-15,1.));
#4867=DIRECTION('',(0.,1.,5.39030285815812E-15));
#4868=DIRECTION('center_axis',(0.,-5.39030285815812E-15,1.));
#4869=DIRECTION('ref_axis',(1.,0.,0.));
#4870=DIRECTION('',(0.,1.,5.39030285815812E-15));
#4871=DIRECTION('center_axis',(0.,1.,5.39030285815812E-15));
#4872=DIRECTION('ref_axis',(-0.897723460865326,-2.37474861064917E-15,0.440559403272682));
#4873=DIRECTION('',(0.,1.,5.39030285815812E-15));
#4874=DIRECTION('center_axis',(0.,1.,5.39030285815812E-15));
#4875=DIRECTION('ref_axis',(0.897723460863915,2.37474861066467E-15,-0.440559403275557));
#4876=DIRECTION('center_axis',(-1.,3.7703429446216E-14,0.));
#4877=DIRECTION('ref_axis',(-3.7703429446216E-14,-1.,0.));
#4878=DIRECTION('',(0.,0.,1.));
#4879=DIRECTION('',(-3.7703429446216E-14,-1.,0.));
#4880=DIRECTION('center_axis',(0.,0.,1.));
#4881=DIRECTION('ref_axis',(1.,0.,0.));
#4882=DIRECTION('center_axis',(0.,0.,1.));
#4883=DIRECTION('ref_axis',(1.,0.,0.));
#4884=DIRECTION('',(0.,0.,1.));
#4885=DIRECTION('center_axis',(0.,-1.,0.));
#4886=DIRECTION('ref_axis',(1.,0.,0.));
#4887=DIRECTION('',(1.,0.,0.));
#4888=DIRECTION('',(0.,0.,1.));
#4889=DIRECTION('center_axis',(0.,0.,1.));
#4890=DIRECTION('ref_axis',(0.,1.,0.));
#4891=DIRECTION('center_axis',(0.,0.,1.));
#4892=DIRECTION('ref_axis',(0.,1.,0.));
#4893=DIRECTION('',(0.,0.,1.));
#4894=DIRECTION('center_axis',(1.,0.,0.));
#4895=DIRECTION('ref_axis',(0.,1.,0.));
#4896=DIRECTION('',(0.,-1.,0.));
#4897=DIRECTION('center_axis',(0.,1.,5.39030285815812E-15));
#4898=DIRECTION('ref_axis',(-0.666666712964381,4.01769431350555E-15,-0.745355951089993));
#4899=DIRECTION('',(0.,1.,5.39030285815812E-15));
#4900=DIRECTION('center_axis',(0.,1.,5.39030285815812E-15));
#4901=DIRECTION('ref_axis',(0.,-5.39030285815812E-15,1.));
#4902=DIRECTION('',(0.,1.,5.39030285815812E-15));
#4903=DIRECTION('center_axis',(0.,-5.39030285815812E-15,1.));
#4904=DIRECTION('ref_axis',(1.,0.,0.));
#4905=DIRECTION('',(0.,1.,5.39030285815812E-15));
#4906=DIRECTION('center_axis',(0.,1.,5.39030285815812E-15));
#4907=DIRECTION('ref_axis',(-0.707106781188366,-3.81151970364303E-15,0.707106781184729));
#4908=DIRECTION('',(0.,1.,5.39030285815812E-15));
#4909=DIRECTION('center_axis',(-0.707106781187346,-3.81151970364853E-15,
0.707106781185749));
#4910=DIRECTION('ref_axis',(0.707106781185749,-3.81151970365714E-15,0.707106781187346));
#4911=DIRECTION('',(0.,1.,5.39030285815812E-15));
#4912=DIRECTION('center_axis',(0.,1.,5.39030285815812E-15));
#4913=DIRECTION('ref_axis',(-1.,0.,0.));
#4914=DIRECTION('',(0.,1.,5.39030285815812E-15));
#4915=DIRECTION('center_axis',(-1.,0.,0.));
#4916=DIRECTION('ref_axis',(0.,-5.39030285815812E-15,1.));
#4917=DIRECTION('center_axis',(0.,0.,1.));
#4918=DIRECTION('ref_axis',(1.,0.,0.));
#4919=DIRECTION('center_axis',(0.,0.,1.));
#4920=DIRECTION('ref_axis',(1.,0.,0.));
#4921=DIRECTION('',(0.,0.,1.));
#4922=DIRECTION('center_axis',(-0.707106781186264,-0.707106781186831,0.));
#4923=DIRECTION('ref_axis',(0.707106781186831,-0.707106781186264,0.));
#4924=DIRECTION('',(-0.707106781186831,0.707106781186264,0.));
#4925=DIRECTION('',(0.,0.,1.));
#4926=DIRECTION('center_axis',(0.,0.,1.));
#4927=DIRECTION('ref_axis',(-1.,0.,0.));
#4928=DIRECTION('center_axis',(0.,0.,1.));
#4929=DIRECTION('ref_axis',(-1.,0.,0.));
#4930=DIRECTION('',(0.,0.,1.));
#4931=DIRECTION('center_axis',(-1.,-1.19374280818212E-13,0.));
#4932=DIRECTION('ref_axis',(1.19374280818212E-13,-1.,0.));
#4933=DIRECTION('',(1.19374280818212E-13,-1.,0.));
#4934=DIRECTION('',(0.,0.,1.));
#4935=DIRECTION('center_axis',(0.,0.,1.));
#4936=DIRECTION('ref_axis',(-0.707106781186505,0.70710678118659,0.));
#4937=DIRECTION('center_axis',(0.,0.,1.));
#4938=DIRECTION('ref_axis',(-0.707106781186505,0.70710678118659,0.));
#4939=DIRECTION('',(0.,0.,1.));
#4940=DIRECTION('center_axis',(-0.707106781186551,0.707106781186544,0.));
#4941=DIRECTION('ref_axis',(-0.707106781186544,-0.707106781186551,0.));
#4942=DIRECTION('',(-0.707106781186544,-0.707106781186551,0.));
#4943=DIRECTION('',(0.,0.,1.));
#4944=DIRECTION('center_axis',(0.,0.,1.));
#4945=DIRECTION('ref_axis',(0.7071067811866,-0.707106781186495,0.));
#4946=DIRECTION('center_axis',(0.,0.,1.));
#4947=DIRECTION('ref_axis',(0.7071067811866,-0.707106781186495,0.));
#4948=DIRECTION('center_axis',(-1.,0.,0.));
#4949=DIRECTION('ref_axis',(0.,0.,1.));
#4950=DIRECTION('center_axis',(0.,-1.,5.39030285815812E-15));
#4951=DIRECTION('ref_axis',(-0.707106781188366,3.81151970364303E-15,0.707106781184729));
#4952=DIRECTION('',(0.,-1.,5.39030285815812E-15));
#4953=DIRECTION('center_axis',(-0.707106781188138,3.81151970364426E-15,
0.707106781184957));
#4954=DIRECTION('ref_axis',(-0.707106781184957,-3.81151970366141E-15,-0.707106781188138));
#4955=DIRECTION('',(0.,-1.,5.39030285815812E-15));
#4956=DIRECTION('center_axis',(0.,-1.,5.39030285815812E-15));
#4957=DIRECTION('ref_axis',(0.,5.39030285815812E-15,1.));
#4958=DIRECTION('',(0.,-1.,5.39030285815812E-15));
#4959=DIRECTION('center_axis',(0.,5.39030285815812E-15,1.));
#4960=DIRECTION('ref_axis',(-1.,0.,0.));
#4961=DIRECTION('',(0.,-1.,5.39030285815812E-15));
#4962=DIRECTION('center_axis',(0.,-1.,5.39030285815812E-15));
#4963=DIRECTION('ref_axis',(0.897723460855406,2.37474861075813E-15,0.440559403292895));
#4964=DIRECTION('',(0.,-1.,5.39030285815812E-15));
#4965=DIRECTION('center_axis',(0.,-1.,5.39030285815812E-15));
#4966=DIRECTION('ref_axis',(-0.897723460865329,-2.37474861064914E-15,-0.440559403272676));
#4967=DIRECTION('center_axis',(1.,0.,0.));
#4968=DIRECTION('ref_axis',(0.,1.,0.));
#4969=DIRECTION('',(0.,0.,1.));
#4970=DIRECTION('',(0.,1.,0.));
#4971=DIRECTION('center_axis',(0.,0.,1.));
#4972=DIRECTION('ref_axis',(-1.,0.,0.));
#4973=DIRECTION('center_axis',(0.,0.,1.));
#4974=DIRECTION('ref_axis',(-1.,0.,0.));
#4975=DIRECTION('',(0.,0.,1.));
#4976=DIRECTION('center_axis',(0.,1.,0.));
#4977=DIRECTION('ref_axis',(-1.,0.,0.));
#4978=DIRECTION('',(1.,0.,0.));
#4979=DIRECTION('',(0.,0.,1.));
#4980=DIRECTION('center_axis',(0.,0.,1.));
#4981=DIRECTION('ref_axis',(0.,-1.,0.));
#4982=DIRECTION('center_axis',(0.,0.,1.));
#4983=DIRECTION('ref_axis',(0.,-1.,0.));
#4984=DIRECTION('center_axis',(-1.,0.,0.));
#4985=DIRECTION('ref_axis',(0.,0.,1.));
#4986=DIRECTION('center_axis',(0.,-1.,5.39030285815812E-15));
#4987=DIRECTION('ref_axis',(0.666666666668333,-4.01769453670962E-15,-0.74535599249844));
#4988=DIRECTION('',(0.,-1.,5.39030285815812E-15));
#4989=DIRECTION('center_axis',(0.,-1.,5.39030285815812E-15));
#4990=DIRECTION('ref_axis',(0.,5.39030285815812E-15,1.));
#4991=DIRECTION('',(0.,-1.,5.39030285815812E-15));
#4992=DIRECTION('center_axis',(0.,5.39030285815812E-15,1.));
#4993=DIRECTION('ref_axis',(-1.,0.,0.));
#4994=DIRECTION('',(0.,-1.,5.39030285815812E-15));
#4995=DIRECTION('center_axis',(0.,-1.,5.39030285815812E-15));
#4996=DIRECTION('ref_axis',(0.707106781187609,3.81151970364711E-15,0.707106781185486));
#4997=DIRECTION('center_axis',(-1.,0.,0.));
#4998=DIRECTION('ref_axis',(0.,0.,-1.));
#4999=DIRECTION('center_axis',(0.,0.,1.));
#5000=DIRECTION('ref_axis',(1.,0.,0.));
#5001=CARTESIAN_POINT('',(0.,0.,0.));
#5002=CARTESIAN_POINT('Origin',(232.799552912649,245.015327709477,31.1592704610466));
#5003=CARTESIAN_POINT('',(231.599552912649,245.515327709477,31.1592704610466));
#5004=CARTESIAN_POINT('Origin',(232.799552912649,245.515327709477,31.1592704610466));
#5005=CARTESIAN_POINT('',(230.599552912649,244.515327709477,31.1592704610466));
#5006=CARTESIAN_POINT('',(231.099552912649,245.015327709477,31.1592704610466));
#5007=CARTESIAN_POINT('Origin',(232.799552912649,244.515327709477,31.1592704610466));
#5008=CARTESIAN_POINT('Origin',(222.54955266265,244.515327709477,-34.2424335389551));
#5009=CARTESIAN_POINT('',(229.749552912647,244.515327709477,1.51));
#5010=CARTESIAN_POINT('',(245.271342462012,244.515327709477,1.51));
#5011=CARTESIAN_POINT('',(111.274776331325,244.515327709477,1.51));
#5012=CARTESIAN_POINT('',(245.271342462014,244.515327709477,32.3374385708539));
#5013=CARTESIAN_POINT('',(245.271342462012,244.515327709477,32.3374385708539));
#5014=CARTESIAN_POINT('',(244.776352922219,244.515327709477,33.5324490310591));
#5015=CARTESIAN_POINT('Origin',(243.581342462014,244.515327709477,32.3374385708539));
#5016=CARTESIAN_POINT('',(243.157107979232,244.515327709477,35.1516939740501));
#5017=CARTESIAN_POINT('',(243.15710797923,244.515327709477,35.1516939740486));
#5018=CARTESIAN_POINT('',(241.962097519026,244.515327709477,35.6466835138448));
#5019=CARTESIAN_POINT('Origin',(241.962097519026,244.515327709477,33.9566835138448));
#5020=CARTESIAN_POINT('',(233.762118439438,244.515327709477,35.6466835138434));
#5021=CARTESIAN_POINT('',(233.762118439438,244.515327709477,35.6466835138434));
#5022=CARTESIAN_POINT('',(232.24496628998,244.515327709477,34.7012289056698));
#5023=CARTESIAN_POINT('Origin',(233.762118939441,244.515327709477,33.9566835138448));
#5024=CARTESIAN_POINT('',(229.749552912646,244.515327709477,31.4094257420627));
#5025=CARTESIAN_POINT('Origin',(222.549552912649,244.515327709477,39.4592704610458));
#5026=CARTESIAN_POINT('',(229.749552912648,244.515327709477,-3.45243353895242));
#5027=CARTESIAN_POINT('',(231.599552912649,244.515327709477,10.4592704610458));
#5028=CARTESIAN_POINT('Origin',(232.799552912649,244.515327709477,10.4592704610458));
#5029=CARTESIAN_POINT('Origin',(232.799552912649,244.515327709477,31.1592704610466));
#5030=CARTESIAN_POINT('',(231.599552912649,246.015327709477,31.1592704610466));
#5031=CARTESIAN_POINT('',(231.599552912649,244.515327709477,31.1592704610466));
#5032=CARTESIAN_POINT('Origin',(232.799552912649,246.015327709477,31.1592704610466));
#5033=CARTESIAN_POINT('Origin',(212.299552912649,245.015327709477,31.1592704610466));
#5034=CARTESIAN_POINT('',(211.099552912649,245.515327709477,31.1592704610466));
#5035=CARTESIAN_POINT('Origin',(212.299552912649,245.515327709477,31.1592704610466));
#5036=CARTESIAN_POINT('',(210.099552912649,244.515327709477,31.1592704610466));
#5037=CARTESIAN_POINT('',(210.599552912649,245.015327709477,31.1592704610466));
#5038=CARTESIAN_POINT('Origin',(212.299552912649,244.515327709477,31.1592704610466));
#5039=CARTESIAN_POINT('Origin',(222.54955266265,244.515327709477,-34.2424335389551));
#5040=CARTESIAN_POINT('',(199.827762863286,244.515327709477,1.51));
#5041=CARTESIAN_POINT('',(215.349552412648,244.515327709477,1.51));
#5042=CARTESIAN_POINT('',(111.274776331325,244.515327709477,1.51));
#5043=CARTESIAN_POINT('',(215.349552412648,244.515327709477,31.4094261892739));
#5044=CARTESIAN_POINT('',(215.349552412648,244.515327709477,-3.45243353895242));
#5045=CARTESIAN_POINT('',(212.85413953471,244.515327709477,34.7012289054096));
#5046=CARTESIAN_POINT('Origin',(222.549552912649,244.515327709477,39.4592704610458));
#5047=CARTESIAN_POINT('',(211.336986885864,244.515327709477,35.6466835138448));
#5048=CARTESIAN_POINT('Origin',(211.336986885864,244.515327709477,33.9566835138448));
#5049=CARTESIAN_POINT('',(203.137007806276,244.515327709477,35.6466835138448));
#5050=CARTESIAN_POINT('',(211.336986885864,244.515327709477,35.6466835138448));
#5051=CARTESIAN_POINT('',(201.941997346067,244.515327709477,35.151693974047));
#5052=CARTESIAN_POINT('Origin',(203.137007806276,244.515327709477,33.9566835138448));
#5053=CARTESIAN_POINT('',(200.32275240308,244.515327709477,33.532449031056));
#5054=CARTESIAN_POINT('',(201.941997346067,244.515327709477,35.151693974047));
#5055=CARTESIAN_POINT('',(199.827762863288,244.515327709477,32.3374385708539));
#5056=CARTESIAN_POINT('Origin',(201.517762863288,244.515327709477,32.3374385708539));
#5057=CARTESIAN_POINT('',(199.827762863286,244.515327709477,32.3374385708539));
#5058=CARTESIAN_POINT('',(211.099552912649,244.515327709477,10.4592704610458));
#5059=CARTESIAN_POINT('Origin',(212.299552912649,244.515327709477,10.4592704610458));
#5060=CARTESIAN_POINT('Origin',(212.299552912649,244.515327709477,31.1592704610466));
#5061=CARTESIAN_POINT('',(211.099552912649,246.015327709477,31.1592704610466));
#5062=CARTESIAN_POINT('',(211.099552912649,244.515327709477,31.1592704610466));
#5063=CARTESIAN_POINT('Origin',(212.299552912649,246.015327709477,31.1592704610466));
#5064=CARTESIAN_POINT('Origin',(212.299552912649,316.435327709479,31.1592704610467));
#5065=CARTESIAN_POINT('',(211.099552912649,315.935327709479,31.1592704610467));
#5066=CARTESIAN_POINT('Origin',(212.299552912649,315.935327709479,31.1592704610467));
#5067=CARTESIAN_POINT('',(210.099552912649,316.935327709479,31.1592704610467));
#5068=CARTESIAN_POINT('',(210.599552912649,316.435327709479,31.1592704610467));
#5069=CARTESIAN_POINT('Origin',(212.299552912649,316.935327709479,31.1592704610467));
#5070=CARTESIAN_POINT('Origin',(222.54955266265,316.935327709478,-34.2424335389515));
#5071=CARTESIAN_POINT('',(215.349552412648,316.935327709478,1.51));
#5072=CARTESIAN_POINT('',(199.827762863287,316.935327709478,1.51));
#5073=CARTESIAN_POINT('',(111.274776331325,316.935327709478,1.50999999999996));
#5074=CARTESIAN_POINT('',(199.827762863288,316.935327709479,32.3374385708539));
#5075=CARTESIAN_POINT('',(199.827762863288,316.935327709479,32.3374385708539));
#5076=CARTESIAN_POINT('',(200.32275240308,316.935327709479,33.532449031056));
#5077=CARTESIAN_POINT('Origin',(201.517762863288,316.935327709479,32.3374385708539));
#5078=CARTESIAN_POINT('',(201.941997346067,316.935327709479,35.1516939740506));
#5079=CARTESIAN_POINT('',(201.941997346067,316.935327709479,35.1516939740506));
#5080=CARTESIAN_POINT('',(203.137007806276,316.935327709479,35.6466835138484));
#5081=CARTESIAN_POINT('Origin',(203.137007806276,316.935327709479,33.9566835138484));
#5082=CARTESIAN_POINT('',(211.336986885864,316.935327709479,35.6466835138484));
#5083=CARTESIAN_POINT('',(211.336986885864,316.935327709479,35.6466835138484));
#5084=CARTESIAN_POINT('',(212.85413953471,316.935327709479,34.7012289054134));
#5085=CARTESIAN_POINT('Origin',(211.336986885864,316.935327709479,33.9566835138484));
#5086=CARTESIAN_POINT('',(215.349552412648,316.935327709479,31.4094261892777));
#5087=CARTESIAN_POINT('Origin',(222.549552912649,316.935327709479,39.4592704610496));
#5088=CARTESIAN_POINT('',(215.349552412648,316.935327709478,-3.45243353894872));
#5089=CARTESIAN_POINT('',(211.099552912649,316.935327709479,10.4592704610496));
#5090=CARTESIAN_POINT('Origin',(212.299552912649,316.935327709479,10.4592704610496));
#5091=CARTESIAN_POINT('Origin',(212.299552912649,316.935327709479,31.1592704610467));
#5092=CARTESIAN_POINT('',(211.099552912649,315.435327709479,31.1592704610467));
#5093=CARTESIAN_POINT('',(211.099552912649,316.935327709479,31.1592704610467));
#5094=CARTESIAN_POINT('Origin',(212.299552912649,315.435327709479,31.1592704610467));
#5095=CARTESIAN_POINT('Origin',(232.799552912649,316.435327709479,31.1592704610467));
#5096=CARTESIAN_POINT('',(231.599552912649,315.935327709479,31.1592704610467));
#5097=CARTESIAN_POINT('Origin',(232.799552912649,315.935327709479,31.1592704610467));
#5098=CARTESIAN_POINT('',(230.599552912649,316.935327709479,31.1592704610467));
#5099=CARTESIAN_POINT('',(231.099552912649,316.435327709479,31.1592704610467));
#5100=CARTESIAN_POINT('Origin',(232.799552912649,316.935327709479,31.1592704610467));
#5101=CARTESIAN_POINT('Origin',(222.54955266265,316.935327709478,-34.2424335389515));
#5102=CARTESIAN_POINT('',(245.271342462012,316.935327709478,1.51));
#5103=CARTESIAN_POINT('',(229.749552912646,316.935327709478,1.51));
#5104=CARTESIAN_POINT('',(111.274776331325,316.935327709478,1.50999999999996));
#5105=CARTESIAN_POINT('',(229.749552912667,316.935327709479,31.4094257420664));
#5106=CARTESIAN_POINT('',(229.749552912646,316.935327709478,-3.45243353894872));
#5107=CARTESIAN_POINT('',(232.244966289979,316.935327709479,34.7012289056734));
#5108=CARTESIAN_POINT('Origin',(222.549552912649,316.935327709479,39.4592704610496));
#5109=CARTESIAN_POINT('',(233.762118439438,316.935327709479,35.6466835138436));
#5110=CARTESIAN_POINT('Origin',(233.762118939441,316.935327709479,33.9566835138484));
#5111=CARTESIAN_POINT('',(241.962097519026,316.935327709479,35.6466835138484));
#5112=CARTESIAN_POINT('',(233.762118439438,316.935327709479,35.6466835138436));
#5113=CARTESIAN_POINT('',(243.157107979233,316.935327709479,35.1516939740519));
#5114=CARTESIAN_POINT('Origin',(241.962097519026,316.935327709479,33.9566835138484));
#5115=CARTESIAN_POINT('',(244.776352922221,316.935327709479,33.5324490310573));
#5116=CARTESIAN_POINT('',(243.15710797923,316.935327709479,35.1516939740486));
#5117=CARTESIAN_POINT('',(245.271342462014,316.935327709479,32.3374385708539));
#5118=CARTESIAN_POINT('Origin',(243.581342462014,316.935327709479,32.3374385708539));
#5119=CARTESIAN_POINT('',(245.271342462014,316.935327709479,32.3374385708539));
#5120=CARTESIAN_POINT('',(231.599552912649,316.935327709479,10.4592704610496));
#5121=CARTESIAN_POINT('Origin',(232.799552912649,316.935327709479,10.4592704610496));
#5122=CARTESIAN_POINT('Origin',(232.799552912649,316.935327709479,31.1592704610467));
#5123=CARTESIAN_POINT('',(231.599552912649,315.435327709479,31.1592704610467));
#5124=CARTESIAN_POINT('',(231.599552912649,316.935327709479,31.1592704610467));
#5125=CARTESIAN_POINT('Origin',(232.799552912649,315.435327709479,31.1592704610467));
#5126=CARTESIAN_POINT('Origin',(245.271342462012,315.435327709479,1.51));
#5127=CARTESIAN_POINT('',(245.271342462012,315.435327709479,1.51));
#5128=CARTESIAN_POINT('',(245.271342462012,316.935327709478,1.50999999999996));
#5129=CARTESIAN_POINT('',(245.271342462012,315.425327709478,1.5));
#5130=CARTESIAN_POINT('Origin',(245.271342462012,315.425327709478,1.51));
#5131=CARTESIAN_POINT('',(245.271342462012,315.425327709478,0.));
#5132=CARTESIAN_POINT('',(245.271342462012,315.425327709478,0.));
#5133=CARTESIAN_POINT('Origin',(245.271342462012,315.425327709478,1.51));
#5134=CARTESIAN_POINT('Origin',(237.510447687329,315.425327709478,1.51));
#5135=CARTESIAN_POINT('',(229.749552912646,315.435327709479,1.51));
#5136=CARTESIAN_POINT('',(111.274776331325,315.435327709479,1.50999999999996));
#5137=CARTESIAN_POINT('',(229.749552912646,315.425327709478,1.5));
#5138=CARTESIAN_POINT('Origin',(229.749552912646,315.425327709478,1.51));
#5139=CARTESIAN_POINT('',(111.274776331325,315.425327709478,1.5));
#5140=CARTESIAN_POINT('Origin',(229.749552912646,316.935327709479,31.4094257420664));
#5141=CARTESIAN_POINT('',(229.749552912646,316.935327709478,1.51000000000003));
#5142=CARTESIAN_POINT('',(229.749552912667,315.435327709479,31.4094257420664));
#5143=CARTESIAN_POINT('',(229.749552912646,315.435327709478,-3.45243353894872));
#5144=CARTESIAN_POINT('',(229.749552912667,316.935327709479,31.4094257420664));
#5145=CARTESIAN_POINT('Origin',(245.271342462011,316.935327709478,-18.2053136590457));
#5146=CARTESIAN_POINT('',(245.271342462014,315.435327709479,32.3374385708539));
#5147=CARTESIAN_POINT('',(245.271342462014,316.935327709479,32.3374385708539));
#5148=CARTESIAN_POINT('',(245.271342462014,315.435327709479,32.3374385708539));
#5149=CARTESIAN_POINT('Origin',(222.54955266265,280.72532770948,1.5));
#5150=CARTESIAN_POINT('',(229.749552912648,311.515327709482,1.5));
#5151=CARTESIAN_POINT('',(229.749552912646,311.515327709482,1.5));
#5152=CARTESIAN_POINT('',(228.059552912648,309.825327709482,1.5));
#5153=CARTESIAN_POINT('Origin',(228.059552912648,311.515327709482,1.5));
#5154=CARTESIAN_POINT('',(217.039552412651,309.825327709482,1.5));
#5155=CARTESIAN_POINT('',(217.039552412651,309.82532770948,1.5));
#5156=CARTESIAN_POINT('',(215.349552412651,311.515327709482,1.5));
#5157=CARTESIAN_POINT('Origin',(217.039552412651,311.515327709482,1.5));
#5158=CARTESIAN_POINT('',(215.349552412648,315.425327709478,1.5));
#5159=CARTESIAN_POINT('',(215.349552412648,311.515327709482,1.5));
#5160=CARTESIAN_POINT('',(199.827762863287,315.425327709478,1.5));
#5161=CARTESIAN_POINT('',(111.274776331325,315.425327709478,1.5));
#5162=CARTESIAN_POINT('',(199.827762863284,296.762447589385,1.5));
#5163=CARTESIAN_POINT('',(199.827762863288,347.305199819285,1.5));
#5164=CARTESIAN_POINT('',(199.332773323489,295.56743712918,1.5));
#5165=CARTESIAN_POINT('Origin',(198.137762863284,296.762447589385,1.5));
#5166=CARTESIAN_POINT('',(195.655653443583,291.890317249265,1.5));
#5167=CARTESIAN_POINT('',(199.332773323491,295.567437129178,1.5));
#5168=CARTESIAN_POINT('',(195.160663903788,290.69530678906,1.5));
#5169=CARTESIAN_POINT('Origin',(196.850663903788,290.69530678906,1.5));
#5170=CARTESIAN_POINT('',(195.160663903788,270.755348629888,1.5));
#5171=CARTESIAN_POINT('',(195.160663903785,290.69530678906,1.5));
#5172=CARTESIAN_POINT('',(195.655653443579,269.560338169686,1.5));
#5173=CARTESIAN_POINT('Origin',(196.850663903788,270.755348629888,1.5));
#5174=CARTESIAN_POINT('',(199.332773323492,265.883218289779,1.5));
#5175=CARTESIAN_POINT('',(199.332773323491,265.883218289778,1.5));
#5176=CARTESIAN_POINT('',(199.827762863284,264.688207829577,1.5));
#5177=CARTESIAN_POINT('Origin',(198.137762863284,264.688207829577,1.5));
#5178=CARTESIAN_POINT('',(199.827762863286,246.025327709477,1.5));
#5179=CARTESIAN_POINT('',(199.827762863286,214.145455599671,1.5));
#5180=CARTESIAN_POINT('',(215.349552412648,246.025327709477,1.5));
#5181=CARTESIAN_POINT('',(111.274776331325,246.025327709477,1.5));
#5182=CARTESIAN_POINT('',(215.349552412651,249.935327709477,1.5));
#5183=CARTESIAN_POINT('',(215.349552412648,249.935327709477,1.5));
#5184=CARTESIAN_POINT('',(217.039552412651,251.625327709477,1.5));
#5185=CARTESIAN_POINT('Origin',(217.039552412651,249.935327709477,1.5));
#5186=CARTESIAN_POINT('',(228.059552912648,251.625327709477,1.5));
#5187=CARTESIAN_POINT('',(217.039552412651,251.625327709476,1.5));
#5188=CARTESIAN_POINT('',(229.749552912648,249.935327709477,1.5));
#5189=CARTESIAN_POINT('Origin',(228.059552912648,249.935327709477,1.5));
#5190=CARTESIAN_POINT('',(229.749552912647,246.025327709477,1.5));
#5191=CARTESIAN_POINT('',(229.749552912648,249.935327709477,1.5));
#5192=CARTESIAN_POINT('',(245.271342462012,246.025327709477,1.5));
#5193=CARTESIAN_POINT('',(111.274776331325,246.025327709477,1.5));
#5194=CARTESIAN_POINT('',(245.271342462011,264.688207829577,1.5));
#5195=CARTESIAN_POINT('',(245.271342462012,214.145455599671,1.5));
#5196=CARTESIAN_POINT('',(245.766332001804,265.883218289781,1.5));
#5197=CARTESIAN_POINT('Origin',(246.961342462011,264.688207829577,1.5));
#5198=CARTESIAN_POINT('',(249.443451881723,269.560338169686,1.5));
#5199=CARTESIAN_POINT('',(245.766332001807,265.883218289778,1.5));
#5200=CARTESIAN_POINT('',(249.938441421514,270.755348629888,1.5));
#5201=CARTESIAN_POINT('Origin',(248.248441421514,270.755348629888,1.5));
#5202=CARTESIAN_POINT('',(249.938441421514,290.69530678906,1.5));
#5203=CARTESIAN_POINT('',(249.938441421513,290.69530678906,1.5));
#5204=CARTESIAN_POINT('',(249.443451881716,291.890317249269,1.5));
#5205=CARTESIAN_POINT('Origin',(248.248441421514,290.69530678906,1.5));
#5206=CARTESIAN_POINT('',(245.766332001808,295.567437129178,1.5));
#5207=CARTESIAN_POINT('',(245.766332001807,295.567437129178,1.5));
#5208=CARTESIAN_POINT('',(245.271342462011,296.762447589385,1.5));
#5209=CARTESIAN_POINT('Origin',(246.961342462011,296.762447589385,1.5));
#5210=CARTESIAN_POINT('',(245.271342462014,347.305199819285,1.5));
#5211=CARTESIAN_POINT('',(240.068441421514,280.185327709481,1.5));
#5212=CARTESIAN_POINT('',(239.428441421514,280.185327709481,1.5));
#5213=CARTESIAN_POINT('',(239.428441421514,280.185327709481,1.5));
#5214=CARTESIAN_POINT('',(238.538441421514,279.295327709481,1.5));
#5215=CARTESIAN_POINT('Origin',(239.428441421514,279.295327709481,1.5));
#5216=CARTESIAN_POINT('',(238.538441421514,271.855327709486,1.5));
#5217=CARTESIAN_POINT('',(238.538441421515,279.295327709481,1.5));
#5218=CARTESIAN_POINT('',(239.428441421514,270.965327709486,1.5));
#5219=CARTESIAN_POINT('Origin',(239.428441421514,271.855327709486,1.5));
#5220=CARTESIAN_POINT('',(240.068441421514,270.965327709486,1.5));
#5221=CARTESIAN_POINT('',(239.428441421514,270.965327709487,1.5));
#5222=CARTESIAN_POINT('',(240.958441421514,271.855327709486,1.5));
#5223=CARTESIAN_POINT('Origin',(240.068441421514,271.855327709486,1.5));
#5224=CARTESIAN_POINT('',(240.958441421513,272.685327709481,1.5));
#5225=CARTESIAN_POINT('',(240.958441421513,271.855327709486,1.5));
#5226=CARTESIAN_POINT('',(241.848441421513,273.575327709481,1.5));
#5227=CARTESIAN_POINT('Origin',(241.848441421513,272.685327709481,1.5));
#5228=CARTESIAN_POINT('',(244.558441421512,273.57532770948,1.5));
#5229=CARTESIAN_POINT('',(244.558441421512,273.57532770948,1.5));
#5230=CARTESIAN_POINT('',(244.558441421512,269.57532770948,1.5));
#5231=CARTESIAN_POINT('Origin',(244.558441421512,271.57532770948,1.5));
#5232=CARTESIAN_POINT('',(237.838441421511,269.575327709482,1.5));
#5233=CARTESIAN_POINT('',(244.558441421512,269.57532770948,1.5));
#5234=CARTESIAN_POINT('',(236.148441421511,271.265327709482,1.5));
#5235=CARTESIAN_POINT('Origin',(237.838441421511,271.265327709482,1.5));
#5236=CARTESIAN_POINT('',(236.148441421511,290.185327709466,1.5));
#5237=CARTESIAN_POINT('',(236.148441421511,290.185327709466,1.5));
#5238=CARTESIAN_POINT('',(237.838441421514,291.875327709466,1.5));
#5239=CARTESIAN_POINT('Origin',(237.838441421511,290.185327709466,1.5));
#5240=CARTESIAN_POINT('',(244.558441421512,291.875327709468,1.5));
#5241=CARTESIAN_POINT('',(244.558441421512,291.875327709468,1.5));
#5242=CARTESIAN_POINT('',(244.558441421512,287.875327709468,1.5));
#5243=CARTESIAN_POINT('Origin',(244.558441421512,289.875327709468,1.5));
#5244=CARTESIAN_POINT('',(241.848441421513,287.875327709475,1.5));
#5245=CARTESIAN_POINT('',(244.558441421512,287.875327709468,1.5));
#5246=CARTESIAN_POINT('',(240.958441421513,288.765327709475,1.5));
#5247=CARTESIAN_POINT('Origin',(241.848441421513,288.765327709475,1.5));
#5248=CARTESIAN_POINT('',(240.958441421514,289.59532770947,1.5));
#5249=CARTESIAN_POINT('',(240.958441421513,289.59532770947,1.5));
#5250=CARTESIAN_POINT('',(240.068441421514,290.48532770947,1.5));
#5251=CARTESIAN_POINT('Origin',(240.068441421514,289.59532770947,1.5));
#5252=CARTESIAN_POINT('',(239.428441421514,290.48532770947,1.5));
#5253=CARTESIAN_POINT('',(239.428441421514,290.485327709469,1.5));
#5254=CARTESIAN_POINT('',(238.538441421514,289.59532770947,1.5));
#5255=CARTESIAN_POINT('Origin',(239.428441421514,289.59532770947,1.5));
#5256=CARTESIAN_POINT('',(238.538441421514,282.155327709474,1.5));
#5257=CARTESIAN_POINT('',(238.538441421514,282.155327709474,1.5));
#5258=CARTESIAN_POINT('',(239.428441421514,281.265327709474,1.5));
#5259=CARTESIAN_POINT('Origin',(239.428441421514,282.155327709474,1.5));
#5260=CARTESIAN_POINT('',(240.068441421514,281.265327709474,1.5));
#5261=CARTESIAN_POINT('',(239.428441421514,281.265327709474,1.5));
#5262=CARTESIAN_POINT('',(240.958441421514,282.155327709474,1.5));
#5263=CARTESIAN_POINT('Origin',(240.068441421514,282.155327709474,1.5));
#5264=CARTESIAN_POINT('',(240.958441421513,282.985327709469,1.5));
#5265=CARTESIAN_POINT('',(240.958441421514,282.155327709474,1.5));
#5266=CARTESIAN_POINT('',(241.848441421513,283.875327709469,1.5));
#5267=CARTESIAN_POINT('Origin',(241.848441421513,282.985327709469,1.5));
#5268=CARTESIAN_POINT('',(245.668441421512,283.875327709469,1.5));
#5269=CARTESIAN_POINT('',(245.668441421512,283.875327709469,1.5));
#5270=CARTESIAN_POINT('',(246.558441421512,282.985327709469,1.5));
#5271=CARTESIAN_POINT('Origin',(245.668441421512,282.985327709469,1.5));
#5272=CARTESIAN_POINT('',(246.558441421512,278.465327709479,1.5));
#5273=CARTESIAN_POINT('',(246.558441421512,282.985327709469,1.5));
#5274=CARTESIAN_POINT('',(245.668441421512,277.575327709479,1.5));
#5275=CARTESIAN_POINT('Origin',(245.668441421512,278.465327709479,1.5));
#5276=CARTESIAN_POINT('',(241.848441421513,277.575327709487,1.5));
#5277=CARTESIAN_POINT('',(245.668441421512,277.575327709479,1.5));
#5278=CARTESIAN_POINT('',(240.958441421513,278.465327709487,1.5));
#5279=CARTESIAN_POINT('Origin',(241.848441421513,278.465327709487,1.5));
#5280=CARTESIAN_POINT('',(240.958441421514,279.295327709481,1.5));
#5281=CARTESIAN_POINT('',(240.958441421514,279.295327709481,1.5));
#5282=CARTESIAN_POINT('Origin',(240.068441421514,279.295327709481,1.5));
#5283=CARTESIAN_POINT('',(219.181445719673,275.533884071218,1.5));
#5284=CARTESIAN_POINT('',(217.358109024391,277.357220766501,1.5));
#5285=CARTESIAN_POINT('Origin',(217.59980660856,275.775581655386,1.5));
#5286=CARTESIAN_POINT('',(217.721493040441,278.090970048787,1.5));
#5287=CARTESIAN_POINT('Origin',(217.282578529332,277.851482988723,1.5));
#5288=CARTESIAN_POINT('',(217.721493040451,283.359685370174,1.5));
#5289=CARTESIAN_POINT('Origin',(222.549552662647,280.725327709474,1.5));
#5290=CARTESIAN_POINT('',(217.358109024391,284.093434652456,1.5));
#5291=CARTESIAN_POINT('Origin',(217.282578529339,283.599172430232,1.5));
#5292=CARTESIAN_POINT('',(219.181445719673,285.916771347744,1.5));
#5293=CARTESIAN_POINT('Origin',(217.59980660856,285.675073763569,1.5));
#5294=CARTESIAN_POINT('',(219.915195001961,285.553387331681,1.5));
#5295=CARTESIAN_POINT('Origin',(219.675707941897,285.992301842797,1.5));
#5296=CARTESIAN_POINT('',(225.183910323329,285.553387331695,1.5));
#5297=CARTESIAN_POINT('Origin',(222.549552662647,280.725327709474,1.5));
#5298=CARTESIAN_POINT('',(225.917659605628,285.916771347738,1.5));
#5299=CARTESIAN_POINT('Origin',(225.423397383405,285.992301842797,1.5));
#5300=CARTESIAN_POINT('',(227.74099630091,284.093434652455,1.5));
#5301=CARTESIAN_POINT('Origin',(227.499298716743,285.675073763569,1.5));
#5302=CARTESIAN_POINT('',(227.377612284851,283.359685370167,1.5));
#5303=CARTESIAN_POINT('Origin',(227.816526795963,283.599172430232,1.5));
#5304=CARTESIAN_POINT('',(227.377612284854,278.090970048787,1.5));
#5305=CARTESIAN_POINT('Origin',(222.549552662647,280.725327709474,1.5));
#5306=CARTESIAN_POINT('',(227.740996300911,277.3572207665,1.5));
#5307=CARTESIAN_POINT('Origin',(227.816526795963,277.851482988723,1.5));
#5308=CARTESIAN_POINT('',(225.917659605629,275.533884071218,1.5));
#5309=CARTESIAN_POINT('Origin',(227.499298716743,275.775581655386,1.5));
#5310=CARTESIAN_POINT('',(225.183910323323,275.897268087265,1.5));
#5311=CARTESIAN_POINT('Origin',(225.423397383405,275.458353576166,1.5));
#5312=CARTESIAN_POINT('',(219.915195001973,275.897268087268,1.5));
#5313=CARTESIAN_POINT('Origin',(222.549552662647,280.725327709474,1.5));
#5314=CARTESIAN_POINT('Origin',(219.675707941897,275.458353576166,1.5));
#5315=CARTESIAN_POINT('',(205.030663903781,270.965327709486,1.5));
#5316=CARTESIAN_POINT('',(205.67066390378,270.965327709486,1.5));
#5317=CARTESIAN_POINT('',(205.67066390378,270.965327709486,1.5));
#5318=CARTESIAN_POINT('',(206.56066390378,271.855327709486,1.5));
#5319=CARTESIAN_POINT('Origin',(205.67066390378,271.855327709486,1.5));
#5320=CARTESIAN_POINT('',(206.56066390378,279.295327709481,1.5));
#5321=CARTESIAN_POINT('',(206.56066390378,279.295327709481,1.5));
#5322=CARTESIAN_POINT('',(205.67066390378,280.185327709481,1.5));
#5323=CARTESIAN_POINT('Origin',(205.67066390378,279.295327709481,1.5));
#5324=CARTESIAN_POINT('',(205.030663903781,280.185327709481,1.5));
#5325=CARTESIAN_POINT('',(205.67066390378,280.185327709481,1.5));
#5326=CARTESIAN_POINT('',(204.140663903781,279.295327709481,1.5));
#5327=CARTESIAN_POINT('Origin',(205.030663903781,279.295327709481,1.5));
#5328=CARTESIAN_POINT('',(204.140663903782,278.465327709487,1.5));
#5329=CARTESIAN_POINT('',(204.140663903781,279.295327709481,1.5));
#5330=CARTESIAN_POINT('',(203.250663903782,277.575327709487,1.5));
#5331=CARTESIAN_POINT('Origin',(203.250663903782,278.465327709487,1.5));
#5332=CARTESIAN_POINT('',(199.430663903782,277.575327709479,1.5));
#5333=CARTESIAN_POINT('',(199.430663903782,277.57532770948,1.5));
#5334=CARTESIAN_POINT('',(198.540663903782,278.465327709479,1.5));
#5335=CARTESIAN_POINT('Origin',(199.430663903782,278.465327709479,1.5));
#5336=CARTESIAN_POINT('',(198.540663903782,282.985327709469,1.5));
#5337=CARTESIAN_POINT('',(198.540663903783,282.985327709469,1.5));
#5338=CARTESIAN_POINT('',(199.430663903782,283.875327709469,1.5));
#5339=CARTESIAN_POINT('Origin',(199.430663903782,282.985327709469,1.5));
#5340=CARTESIAN_POINT('',(203.250663903782,283.875327709469,1.5));
#5341=CARTESIAN_POINT('',(199.430663903782,283.875327709468,1.5));
#5342=CARTESIAN_POINT('',(204.140663903782,282.985327709469,1.5));
#5343=CARTESIAN_POINT('Origin',(203.250663903782,282.985327709469,1.5));
#5344=CARTESIAN_POINT('',(204.140663903781,282.155327709474,1.5));
#5345=CARTESIAN_POINT('',(204.140663903781,282.155327709474,1.5));
#5346=CARTESIAN_POINT('',(205.030663903781,281.265327709474,1.5));
#5347=CARTESIAN_POINT('Origin',(205.030663903781,282.155327709474,1.5));
#5348=CARTESIAN_POINT('',(205.67066390378,281.265327709474,1.5));
#5349=CARTESIAN_POINT('',(205.67066390378,281.265327709475,1.5));
#5350=CARTESIAN_POINT('',(206.56066390378,282.155327709474,1.5));
#5351=CARTESIAN_POINT('Origin',(205.67066390378,282.155327709474,1.5));
#5352=CARTESIAN_POINT('',(206.56066390378,289.59532770947,1.5));
#5353=CARTESIAN_POINT('',(206.56066390378,282.155327709474,1.5));
#5354=CARTESIAN_POINT('',(205.67066390378,290.48532770947,1.5));
#5355=CARTESIAN_POINT('Origin',(205.67066390378,289.59532770947,1.5));
#5356=CARTESIAN_POINT('',(205.030663903781,290.48532770947,1.5));
#5357=CARTESIAN_POINT('',(205.67066390378,290.485327709469,1.5));
#5358=CARTESIAN_POINT('',(204.140663903781,289.59532770947,1.5));
#5359=CARTESIAN_POINT('Origin',(205.030663903781,289.59532770947,1.5));
#5360=CARTESIAN_POINT('',(204.140663903782,288.765327709475,1.5));
#5361=CARTESIAN_POINT('',(204.140663903781,289.59532770947,1.5));
#5362=CARTESIAN_POINT('',(203.250663903782,287.875327709475,1.5));
#5363=CARTESIAN_POINT('Origin',(203.250663903782,288.765327709475,1.5));
#5364=CARTESIAN_POINT('',(200.540663903783,287.875327709468,1.5));
#5365=CARTESIAN_POINT('',(200.540663903783,287.875327709468,1.5));
#5366=CARTESIAN_POINT('',(200.540663903783,291.875327709468,1.5));
#5367=CARTESIAN_POINT('Origin',(200.540663903783,289.875327709468,1.5));
#5368=CARTESIAN_POINT('',(207.260663903784,291.875327709466,1.5));
#5369=CARTESIAN_POINT('',(200.540663903783,291.875327709468,1.5));
#5370=CARTESIAN_POINT('',(208.950663903784,290.185327709466,1.5));
#5371=CARTESIAN_POINT('Origin',(207.260663903784,290.185327709466,1.5));
#5372=CARTESIAN_POINT('',(208.950663903784,271.265327709482,1.5));
#5373=CARTESIAN_POINT('',(208.950663903784,290.185327709466,1.5));
#5374=CARTESIAN_POINT('',(207.260663903784,269.575327709482,1.5));
#5375=CARTESIAN_POINT('Origin',(207.260663903784,271.265327709482,1.5));
#5376=CARTESIAN_POINT('',(200.540663903798,269.57532770948,1.5));
#5377=CARTESIAN_POINT('',(200.540663903798,269.57532770948,1.5));
#5378=CARTESIAN_POINT('',(200.540663903783,273.57532770948,1.5));
#5379=CARTESIAN_POINT('Origin',(200.540663903783,271.57532770948,1.5));
#5380=CARTESIAN_POINT('',(203.250663903782,273.575327709481,1.5));
#5381=CARTESIAN_POINT('',(200.540663903783,273.57532770948,1.5));
#5382=CARTESIAN_POINT('',(204.140663903782,272.685327709481,1.5));
#5383=CARTESIAN_POINT('Origin',(203.250663903782,272.685327709481,1.5));
#5384=CARTESIAN_POINT('',(204.140663903781,271.855327709486,1.5));
#5385=CARTESIAN_POINT('',(204.140663903781,271.855327709486,1.5));
#5386=CARTESIAN_POINT('Origin',(205.030663903781,271.855327709486,1.5));
#5387=CARTESIAN_POINT('Origin',(229.749552912646,346.377186990497,0.));
#5388=CARTESIAN_POINT('',(229.749552912646,315.425327709478,0.));
#5389=CARTESIAN_POINT('',(229.749552912646,315.425327709478,0.));
#5390=CARTESIAN_POINT('',(229.749552912648,311.515327709482,0.));
#5391=CARTESIAN_POINT('',(229.749552912646,311.515327709482,0.));
#5392=CARTESIAN_POINT('',(229.749552912648,311.515327709482,0.));
#5393=CARTESIAN_POINT('Origin',(237.510447687329,315.425327709478,1.51));
#5394=CARTESIAN_POINT('',(111.274776331325,315.425327709478,0.));
#5395=CARTESIAN_POINT('Origin',(229.749552912646,315.425327709478,1.51));
#5396=CARTESIAN_POINT('Origin',(215.349552412648,315.435327709479,1.51));
#5397=CARTESIAN_POINT('',(215.349552412648,315.435327709479,1.51));
#5398=CARTESIAN_POINT('',(215.349552412648,316.935327709478,1.50999999999996));
#5399=CARTESIAN_POINT('Origin',(215.349552412648,315.425327709478,1.51));
#5400=CARTESIAN_POINT('',(215.349552412648,315.425327709478,0.));
#5401=CARTESIAN_POINT('',(215.349552412648,315.425327709478,0.));
#5402=CARTESIAN_POINT('Origin',(215.349552412648,315.425327709478,1.51));
#5403=CARTESIAN_POINT('Origin',(207.588657637967,315.425327709478,1.51));
#5404=CARTESIAN_POINT('',(199.827762863287,315.435327709479,1.51));
#5405=CARTESIAN_POINT('',(111.274776331325,315.435327709479,1.50999999999996));
#5406=CARTESIAN_POINT('Origin',(199.827762863287,315.425327709478,1.51));
#5407=CARTESIAN_POINT('Origin',(199.827762863288,316.935327709479,32.3374385708539));
#5408=CARTESIAN_POINT('',(199.827762863287,316.935327709478,1.50999999999996));
#5409=CARTESIAN_POINT('',(199.827762863288,315.435327709479,32.3374385708539));
#5410=CARTESIAN_POINT('',(199.827762863288,315.435327709479,32.3374385708539));
#5411=CARTESIAN_POINT('',(199.827762863288,316.935327709479,32.3374385708539));
#5412=CARTESIAN_POINT('Origin',(215.349552412648,316.935327709478,-3.45243353894872));
#5413=CARTESIAN_POINT('',(215.349552412648,315.435327709479,31.4094261892777));
#5414=CARTESIAN_POINT('',(215.349552412648,316.935327709479,31.4094261892777));
#5415=CARTESIAN_POINT('',(215.349552412648,315.435327709478,-3.45243353894872));
#5416=CARTESIAN_POINT('Origin',(222.54955266265,315.435327709478,-34.2424335389515));
#5417=CARTESIAN_POINT('',(244.776352922221,315.435327709479,33.5324490310573));
#5418=CARTESIAN_POINT('Origin',(243.581342462014,315.435327709479,32.3374385708539));
#5419=CARTESIAN_POINT('',(243.157107979233,315.435327709479,35.1516939740519));
#5420=CARTESIAN_POINT('',(243.15710797923,315.435327709479,35.1516939740486));
#5421=CARTESIAN_POINT('',(241.962097519026,315.435327709479,35.6466835138484));
#5422=CARTESIAN_POINT('Origin',(241.962097519026,315.435327709479,33.9566835138484));
#5423=CARTESIAN_POINT('',(233.762118439438,315.435327709479,35.6466835138436));
#5424=CARTESIAN_POINT('',(233.762118439438,315.435327709479,35.6466835138436));
#5425=CARTESIAN_POINT('',(232.244966289979,315.435327709479,34.7012289056734));
#5426=CARTESIAN_POINT('Origin',(233.762118939441,315.435327709479,33.9566835138484));
#5427=CARTESIAN_POINT('Origin',(222.549552912649,315.435327709479,39.4592704610496));
#5428=CARTESIAN_POINT('',(231.599552912649,315.435327709479,10.4592704610496));
#5429=CARTESIAN_POINT('Origin',(232.799552912649,315.435327709479,10.4592704610496));
#5430=CARTESIAN_POINT('Origin',(199.827762863288,347.305199819285,0.));
#5431=CARTESIAN_POINT('',(199.827762863287,315.425327709478,0.));
#5432=CARTESIAN_POINT('',(199.827762863287,315.425327709478,0.));
#5433=CARTESIAN_POINT('',(199.827762863284,296.762447589385,0.));
#5434=CARTESIAN_POINT('',(199.827762863288,347.305199819285,0.));
#5435=CARTESIAN_POINT('',(199.827762863284,296.762447589385,0.));
#5436=CARTESIAN_POINT('Origin',(207.588657637967,315.425327709478,1.51));
#5437=CARTESIAN_POINT('',(111.274776331325,315.425327709478,0.));
#5438=CARTESIAN_POINT('Origin',(199.827762863287,315.425327709478,1.51));
#5439=CARTESIAN_POINT('Origin',(229.749552912647,246.015327709477,1.51));
#5440=CARTESIAN_POINT('',(229.749552912647,246.015327709477,1.51));
#5441=CARTESIAN_POINT('',(229.749552912647,244.515327709477,1.51));
#5442=CARTESIAN_POINT('Origin',(229.749552912647,246.025327709477,1.51));
#5443=CARTESIAN_POINT('',(229.749552912647,246.025327709477,0.));
#5444=CARTESIAN_POINT('',(229.749552912647,246.025327709477,0.));
#5445=CARTESIAN_POINT('Origin',(229.749552912647,246.025327709477,1.51));
#5446=CARTESIAN_POINT('Origin',(237.510447687329,246.025327709477,1.51));
#5447=CARTESIAN_POINT('',(245.271342462012,246.015327709477,1.51));
#5448=CARTESIAN_POINT('',(111.274776331325,246.015327709477,1.51));
#5449=CARTESIAN_POINT('Origin',(245.271342462012,246.025327709477,1.51));
#5450=CARTESIAN_POINT('Origin',(245.271342462012,244.515327709477,32.3374385708539));
#5451=CARTESIAN_POINT('',(245.271342462012,244.515327709477,1.51));
#5452=CARTESIAN_POINT('',(245.271342462014,246.015327709477,32.3374385708539));
#5453=CARTESIAN_POINT('',(245.271342462012,246.015327709477,32.3374385708539));
#5454=CARTESIAN_POINT('',(245.271342462014,244.515327709477,32.3374385708539));
#5455=CARTESIAN_POINT('Origin',(229.749552912648,244.515327709477,-3.45243353895242));
#5456=CARTESIAN_POINT('',(229.749552912646,246.015327709477,31.4094257420627));
#5457=CARTESIAN_POINT('',(229.749552912646,244.515327709477,31.4094257420627));
#5458=CARTESIAN_POINT('',(229.749552912648,246.015327709477,-3.45243353895242));
#5459=CARTESIAN_POINT('Origin',(222.54955266265,315.435327709478,-34.2424335389515));
#5460=CARTESIAN_POINT('',(212.85413953471,315.435327709479,34.7012289054134));
#5461=CARTESIAN_POINT('Origin',(222.549552912649,315.435327709479,39.4592704610496));
#5462=CARTESIAN_POINT('',(211.336986885864,315.435327709479,35.6466835138484));
#5463=CARTESIAN_POINT('Origin',(211.336986885864,315.435327709479,33.9566835138484));
#5464=CARTESIAN_POINT('',(203.137007806276,315.435327709479,35.6466835138484));
#5465=CARTESIAN_POINT('',(211.336986885864,315.435327709479,35.6466835138484));
#5466=CARTESIAN_POINT('',(201.941997346067,315.435327709479,35.1516939740506));
#5467=CARTESIAN_POINT('Origin',(203.137007806276,315.435327709479,33.9566835138484));
#5468=CARTESIAN_POINT('',(200.32275240308,315.435327709479,33.532449031056));
#5469=CARTESIAN_POINT('',(201.941997346067,315.435327709479,35.1516939740506));
#5470=CARTESIAN_POINT('Origin',(201.517762863288,315.435327709479,32.3374385708539));
#5471=CARTESIAN_POINT('',(211.099552912649,315.435327709479,10.4592704610496));
#5472=CARTESIAN_POINT('Origin',(212.299552912649,315.435327709479,10.4592704610496));
#5473=CARTESIAN_POINT('Origin',(245.271342462012,214.145455599671,0.));
#5474=CARTESIAN_POINT('',(245.271342462012,246.025327709477,0.));
#5475=CARTESIAN_POINT('',(245.271342462012,246.025327709477,0.));
#5476=CARTESIAN_POINT('',(245.271342462011,264.688207829577,0.));
#5477=CARTESIAN_POINT('',(245.271342462012,214.145455599671,0.));
#5478=CARTESIAN_POINT('',(245.271342462011,264.688207829577,0.));
#5479=CARTESIAN_POINT('Origin',(237.510447687329,246.025327709477,1.51));
#5480=CARTESIAN_POINT('',(111.274776331325,246.025327709477,0.));
#5481=CARTESIAN_POINT('Origin',(245.271342462012,246.025327709477,1.51));
#5482=CARTESIAN_POINT('Origin',(215.349552412648,244.515327709477,31.4094261892739));
#5483=CARTESIAN_POINT('',(215.349552412648,246.015327709477,1.51));
#5484=CARTESIAN_POINT('',(215.349552412648,244.515327709477,1.51));
#5485=CARTESIAN_POINT('',(215.349552412648,246.015327709477,31.4094261892739));
#5486=CARTESIAN_POINT('',(215.349552412648,246.015327709477,-3.45243353895242));
#5487=CARTESIAN_POINT('',(215.349552412648,244.515327709477,31.4094261892739));
#5488=CARTESIAN_POINT('Origin',(207.588657637967,246.025327709477,1.51));
#5489=CARTESIAN_POINT('',(199.827762863286,246.025327709477,0.));
#5490=CARTESIAN_POINT('Origin',(199.827762863286,246.025327709477,1.51));
#5491=CARTESIAN_POINT('',(215.349552412648,246.025327709477,0.));
#5492=CARTESIAN_POINT('',(111.274776331325,246.025327709477,0.));
#5493=CARTESIAN_POINT('Origin',(215.349552412648,246.025327709477,1.51));
#5494=CARTESIAN_POINT('Origin',(199.827762863286,246.015327709477,1.51));
#5495=CARTESIAN_POINT('',(199.827762863286,246.015327709477,1.51));
#5496=CARTESIAN_POINT('',(199.827762863286,244.515327709477,1.51));
#5497=CARTESIAN_POINT('Origin',(199.827762863286,246.025327709477,1.51));
#5498=CARTESIAN_POINT('',(199.827762863286,246.025327709477,0.));
#5499=CARTESIAN_POINT('Origin',(222.54955266265,246.015327709477,-34.2424335389551));
#5500=CARTESIAN_POINT('',(111.274776331325,246.015327709477,1.51));
#5501=CARTESIAN_POINT('',(199.827762863288,246.015327709477,32.3374385708539));
#5502=CARTESIAN_POINT('',(199.827762863286,246.015327709477,32.3374385708539));
#5503=CARTESIAN_POINT('',(200.32275240308,246.015327709477,33.532449031056));
#5504=CARTESIAN_POINT('Origin',(201.517762863288,246.015327709477,32.3374385708539));
#5505=CARTESIAN_POINT('',(201.941997346067,246.015327709477,35.151693974047));
#5506=CARTESIAN_POINT('',(201.941997346067,246.015327709477,35.151693974047));
#5507=CARTESIAN_POINT('',(203.137007806276,246.015327709477,35.6466835138448));
#5508=CARTESIAN_POINT('Origin',(203.137007806276,246.015327709477,33.9566835138448));
#5509=CARTESIAN_POINT('',(211.336986885864,246.015327709477,35.6466835138448));
#5510=CARTESIAN_POINT('',(211.336986885864,246.015327709477,35.6466835138448));
#5511=CARTESIAN_POINT('',(212.85413953471,246.015327709477,34.7012289054096));
#5512=CARTESIAN_POINT('Origin',(211.336986885864,246.015327709477,33.9566835138448));
#5513=CARTESIAN_POINT('Origin',(222.549552912649,246.015327709477,39.4592704610458));
#5514=CARTESIAN_POINT('',(211.099552912649,246.015327709477,10.4592704610458));
#5515=CARTESIAN_POINT('Origin',(212.299552912649,246.015327709477,10.4592704610458));
#5516=CARTESIAN_POINT('Origin',(199.827762863286,264.688207829577,0.));
#5517=CARTESIAN_POINT('',(199.827762863284,264.688207829577,0.));
#5518=CARTESIAN_POINT('',(199.827762863284,264.688207829577,0.));
#5519=CARTESIAN_POINT('',(199.827762863286,214.145455599671,0.));
#5520=CARTESIAN_POINT('Origin',(222.54955266265,246.015327709477,-34.2424335389551));
#5521=CARTESIAN_POINT('',(232.24496628998,246.015327709477,34.7012289056698));
#5522=CARTESIAN_POINT('Origin',(222.549552912649,246.015327709477,39.4592704610458));
#5523=CARTESIAN_POINT('',(233.762118439438,246.015327709477,35.6466835138434));
#5524=CARTESIAN_POINT('Origin',(233.762118939441,246.015327709477,33.9566835138448));
#5525=CARTESIAN_POINT('',(241.962097519026,246.015327709477,35.6466835138448));
#5526=CARTESIAN_POINT('',(233.762118439438,246.015327709477,35.6466835138434));
#5527=CARTESIAN_POINT('',(243.157107979232,246.015327709477,35.1516939740501));
#5528=CARTESIAN_POINT('Origin',(241.962097519026,246.015327709477,33.9566835138448));
#5529=CARTESIAN_POINT('',(244.776352922219,246.015327709477,33.5324490310591));
#5530=CARTESIAN_POINT('',(243.15710797923,246.015327709477,35.1516939740486));
#5531=CARTESIAN_POINT('Origin',(243.581342462014,246.015327709477,32.3374385708539));
#5532=CARTESIAN_POINT('',(231.599552912649,246.015327709477,10.4592704610458));
#5533=CARTESIAN_POINT('Origin',(232.799552912649,246.015327709477,10.4592704610458));
#5534=CARTESIAN_POINT('Origin',(215.349552412648,244.515327709477,1.50999999999999));
#5535=CARTESIAN_POINT('',(215.349552412648,246.025327709477,0.));
#5536=CARTESIAN_POINT('Origin',(215.349552412648,246.025327709477,1.51));
#5537=CARTESIAN_POINT('Origin',(205.030663903781,271.855327709486,0.));
#5538=CARTESIAN_POINT('',(204.140663903781,271.855327709486,0.));
#5539=CARTESIAN_POINT('',(205.030663903781,270.965327709486,0.));
#5540=CARTESIAN_POINT('Origin',(205.030663903781,271.855327709486,0.));
#5541=CARTESIAN_POINT('',(205.030663903781,270.965327709486,0.));
#5542=CARTESIAN_POINT('',(204.140663903781,271.855327709486,0.));
#5543=CARTESIAN_POINT('Origin',(204.140663903781,272.685327709481,0.));
#5544=CARTESIAN_POINT('',(204.140663903782,272.685327709481,0.));
#5545=CARTESIAN_POINT('',(204.140663903781,271.855327709486,0.));
#5546=CARTESIAN_POINT('',(204.140663903782,272.685327709481,0.));
#5547=CARTESIAN_POINT('Origin',(203.250663903782,272.685327709481,0.));
#5548=CARTESIAN_POINT('',(203.250663903782,273.575327709481,0.));
#5549=CARTESIAN_POINT('Origin',(203.250663903782,272.685327709481,0.));
#5550=CARTESIAN_POINT('',(203.250663903782,273.575327709481,0.));
#5551=CARTESIAN_POINT('Origin',(200.540663903783,273.57532770948,0.));
#5552=CARTESIAN_POINT('',(200.540663903783,273.57532770948,0.));
#5553=CARTESIAN_POINT('',(200.540663903783,273.57532770948,0.));
#5554=CARTESIAN_POINT('',(200.540663903783,273.57532770948,0.));
#5555=CARTESIAN_POINT('Origin',(200.540663903783,271.57532770948,0.));
#5556=CARTESIAN_POINT('',(200.540663903798,269.57532770948,0.));
#5557=CARTESIAN_POINT('Origin',(200.540663903783,271.57532770948,0.));
#5558=CARTESIAN_POINT('',(200.540663903798,269.57532770948,0.));
#5559=CARTESIAN_POINT('Origin',(207.260663903784,269.575327709482,0.));
#5560=CARTESIAN_POINT('',(207.260663903784,269.575327709482,0.));
#5561=CARTESIAN_POINT('',(200.540663903798,269.57532770948,0.));
#5562=CARTESIAN_POINT('',(207.260663903784,269.575327709482,0.));
#5563=CARTESIAN_POINT('Origin',(207.260663903784,271.265327709482,0.));
#5564=CARTESIAN_POINT('',(208.950663903784,271.265327709482,0.));
#5565=CARTESIAN_POINT('Origin',(207.260663903784,271.265327709482,0.));
#5566=CARTESIAN_POINT('',(208.950663903784,271.265327709482,0.));
#5567=CARTESIAN_POINT('Origin',(208.950663903784,290.185327709466,0.));
#5568=CARTESIAN_POINT('',(208.950663903784,290.185327709466,0.));
#5569=CARTESIAN_POINT('',(208.950663903784,290.185327709466,0.));
#5570=CARTESIAN_POINT('',(208.950663903784,290.185327709466,0.));
#5571=CARTESIAN_POINT('Origin',(207.260663903784,290.185327709466,0.));
#5572=CARTESIAN_POINT('',(207.260663903784,291.875327709466,0.));
#5573=CARTESIAN_POINT('Origin',(207.260663903784,290.185327709466,0.));
#5574=CARTESIAN_POINT('',(207.260663903784,291.875327709466,0.));
#5575=CARTESIAN_POINT('Origin',(200.540663903783,291.875327709468,0.));
#5576=CARTESIAN_POINT('',(200.540663903783,291.875327709468,0.));
#5577=CARTESIAN_POINT('',(200.540663903783,291.875327709468,0.));
#5578=CARTESIAN_POINT('',(200.540663903783,291.875327709468,0.));
#5579=CARTESIAN_POINT('Origin',(200.540663903783,289.875327709468,0.));
#5580=CARTESIAN_POINT('',(200.540663903783,287.875327709468,0.));
#5581=CARTESIAN_POINT('Origin',(200.540663903783,289.875327709468,0.));
#5582=CARTESIAN_POINT('',(200.540663903783,287.875327709468,0.));
#5583=CARTESIAN_POINT('Origin',(203.250663903782,287.875327709475,0.));
#5584=CARTESIAN_POINT('',(203.250663903782,287.875327709475,0.));
#5585=CARTESIAN_POINT('',(200.540663903783,287.875327709468,0.));
#5586=CARTESIAN_POINT('',(203.250663903782,287.875327709475,0.));
#5587=CARTESIAN_POINT('Origin',(203.250663903782,288.765327709475,0.));
#5588=CARTESIAN_POINT('',(204.140663903782,288.765327709475,0.));
#5589=CARTESIAN_POINT('Origin',(203.250663903782,288.765327709475,0.));
#5590=CARTESIAN_POINT('',(204.140663903782,288.765327709475,0.));
#5591=CARTESIAN_POINT('Origin',(204.140663903781,289.59532770947,0.));
#5592=CARTESIAN_POINT('',(204.140663903781,289.59532770947,0.));
#5593=CARTESIAN_POINT('',(204.140663903781,289.59532770947,0.));
#5594=CARTESIAN_POINT('',(204.140663903781,289.59532770947,0.));
#5595=CARTESIAN_POINT('Origin',(205.030663903781,289.59532770947,0.));
#5596=CARTESIAN_POINT('',(205.030663903781,290.48532770947,0.));
#5597=CARTESIAN_POINT('Origin',(205.030663903781,289.59532770947,0.));
#5598=CARTESIAN_POINT('',(205.030663903781,290.48532770947,0.));
#5599=CARTESIAN_POINT('Origin',(205.67066390378,290.485327709469,0.));
#5600=CARTESIAN_POINT('',(205.67066390378,290.48532770947,0.));
#5601=CARTESIAN_POINT('',(205.67066390378,290.485327709469,0.));
#5602=CARTESIAN_POINT('',(205.67066390378,290.48532770947,0.));
#5603=CARTESIAN_POINT('Origin',(205.67066390378,289.59532770947,0.));
#5604=CARTESIAN_POINT('',(206.56066390378,289.59532770947,0.));
#5605=CARTESIAN_POINT('Origin',(205.67066390378,289.59532770947,0.));
#5606=CARTESIAN_POINT('',(206.56066390378,289.59532770947,0.));
#5607=CARTESIAN_POINT('Origin',(206.56066390378,282.155327709474,0.));
#5608=CARTESIAN_POINT('',(206.56066390378,282.155327709474,0.));
#5609=CARTESIAN_POINT('',(206.56066390378,282.155327709474,0.));
#5610=CARTESIAN_POINT('',(206.56066390378,282.155327709474,0.));
#5611=CARTESIAN_POINT('Origin',(205.67066390378,282.155327709474,0.));
#5612=CARTESIAN_POINT('',(205.67066390378,281.265327709474,0.));
#5613=CARTESIAN_POINT('Origin',(205.67066390378,282.155327709474,0.));
#5614=CARTESIAN_POINT('',(205.67066390378,281.265327709474,0.));
#5615=CARTESIAN_POINT('Origin',(205.030663903781,281.265327709475,0.));
#5616=CARTESIAN_POINT('',(205.030663903781,281.265327709474,0.));
#5617=CARTESIAN_POINT('',(205.67066390378,281.265327709475,0.));
#5618=CARTESIAN_POINT('',(205.030663903781,281.265327709474,0.));
#5619=CARTESIAN_POINT('Origin',(205.030663903781,282.155327709474,0.));
#5620=CARTESIAN_POINT('',(204.140663903781,282.155327709474,0.));
#5621=CARTESIAN_POINT('Origin',(205.030663903781,282.155327709474,0.));
#5622=CARTESIAN_POINT('',(204.140663903781,282.155327709474,0.));
#5623=CARTESIAN_POINT('Origin',(204.140663903782,282.985327709469,0.));
#5624=CARTESIAN_POINT('',(204.140663903782,282.985327709469,0.));
#5625=CARTESIAN_POINT('',(204.140663903781,282.155327709474,0.));
#5626=CARTESIAN_POINT('',(204.140663903782,282.985327709469,0.));
#5627=CARTESIAN_POINT('Origin',(203.250663903782,282.985327709469,0.));
#5628=CARTESIAN_POINT('',(203.250663903782,283.875327709469,0.));
#5629=CARTESIAN_POINT('Origin',(203.250663903782,282.985327709469,0.));
#5630=CARTESIAN_POINT('',(203.250663903782,283.875327709469,0.));
#5631=CARTESIAN_POINT('Origin',(199.430663903782,283.875327709468,0.));
#5632=CARTESIAN_POINT('',(199.430663903782,283.875327709469,0.));
#5633=CARTESIAN_POINT('',(199.430663903782,283.875327709468,0.));
#5634=CARTESIAN_POINT('',(199.430663903782,283.875327709469,0.));
#5635=CARTESIAN_POINT('Origin',(199.430663903782,282.985327709469,0.));
#5636=CARTESIAN_POINT('',(198.540663903782,282.985327709469,0.));
#5637=CARTESIAN_POINT('Origin',(199.430663903782,282.985327709469,0.));
#5638=CARTESIAN_POINT('',(198.540663903782,282.985327709469,0.));
#5639=CARTESIAN_POINT('Origin',(198.540663903783,278.465327709479,0.));
#5640=CARTESIAN_POINT('',(198.540663903782,278.465327709479,0.));
#5641=CARTESIAN_POINT('',(198.540663903783,282.985327709469,0.));
#5642=CARTESIAN_POINT('',(198.540663903782,278.465327709479,0.));
#5643=CARTESIAN_POINT('Origin',(199.430663903782,278.465327709479,0.));
#5644=CARTESIAN_POINT('',(199.430663903782,277.575327709479,0.));
#5645=CARTESIAN_POINT('Origin',(199.430663903782,278.465327709479,0.));
#5646=CARTESIAN_POINT('',(199.430663903782,277.575327709479,0.));
#5647=CARTESIAN_POINT('Origin',(203.250663903782,277.575327709487,0.));
#5648=CARTESIAN_POINT('',(203.250663903782,277.575327709487,0.));
#5649=CARTESIAN_POINT('',(199.430663903782,277.57532770948,0.));
#5650=CARTESIAN_POINT('',(203.250663903782,277.575327709487,0.));
#5651=CARTESIAN_POINT('Origin',(203.250663903782,278.465327709487,0.));
#5652=CARTESIAN_POINT('',(204.140663903782,278.465327709487,0.));
#5653=CARTESIAN_POINT('Origin',(203.250663903782,278.465327709487,0.));
#5654=CARTESIAN_POINT('',(204.140663903782,278.465327709487,0.));
#5655=CARTESIAN_POINT('Origin',(204.140663903781,279.295327709481,0.));
#5656=CARTESIAN_POINT('',(204.140663903781,279.295327709481,0.));
#5657=CARTESIAN_POINT('',(204.140663903781,279.295327709481,0.));
#5658=CARTESIAN_POINT('',(204.140663903781,279.295327709481,0.));
#5659=CARTESIAN_POINT('Origin',(205.030663903781,279.295327709481,0.));
#5660=CARTESIAN_POINT('',(205.030663903781,280.185327709481,0.));
#5661=CARTESIAN_POINT('Origin',(205.030663903781,279.295327709481,0.));
#5662=CARTESIAN_POINT('',(205.030663903781,280.185327709481,0.));
#5663=CARTESIAN_POINT('Origin',(205.67066390378,280.185327709481,0.));
#5664=CARTESIAN_POINT('',(205.67066390378,280.185327709481,0.));
#5665=CARTESIAN_POINT('',(205.67066390378,280.185327709481,0.));
#5666=CARTESIAN_POINT('',(205.67066390378,280.185327709481,0.));
#5667=CARTESIAN_POINT('Origin',(205.67066390378,279.295327709481,0.));
#5668=CARTESIAN_POINT('',(206.56066390378,279.295327709481,0.));
#5669=CARTESIAN_POINT('Origin',(205.67066390378,279.295327709481,0.));
#5670=CARTESIAN_POINT('',(206.56066390378,279.295327709481,0.));
#5671=CARTESIAN_POINT('Origin',(206.56066390378,271.855327709486,0.));
#5672=CARTESIAN_POINT('',(206.56066390378,271.855327709486,0.));
#5673=CARTESIAN_POINT('',(206.56066390378,279.295327709481,0.));
#5674=CARTESIAN_POINT('',(206.56066390378,271.855327709486,0.));
#5675=CARTESIAN_POINT('Origin',(205.67066390378,271.855327709486,0.));
#5676=CARTESIAN_POINT('',(205.67066390378,270.965327709486,0.));
#5677=CARTESIAN_POINT('Origin',(205.67066390378,271.855327709486,0.));
#5678=CARTESIAN_POINT('',(205.67066390378,270.965327709486,0.));
#5679=CARTESIAN_POINT('Origin',(205.030663903781,270.965327709487,0.));
#5680=CARTESIAN_POINT('',(205.67066390378,270.965327709486,0.));
#5681=CARTESIAN_POINT('Origin',(212.299552912649,244.515327709477,10.4592704610458));
#5682=CARTESIAN_POINT('',(211.099552912649,244.515327709477,10.4592704610458));
#5683=CARTESIAN_POINT('Origin',(232.799552912649,244.515327709477,10.4592704610458));
#5684=CARTESIAN_POINT('',(231.599552912649,244.515327709477,10.4592704610458));
#5685=CARTESIAN_POINT('Origin',(219.675707941897,275.458353576166,0.));
#5686=CARTESIAN_POINT('',(219.915195001973,275.897268087268,0.));
#5687=CARTESIAN_POINT('',(219.181445719673,275.533884071218,0.));
#5688=CARTESIAN_POINT('Origin',(219.675707941897,275.458353576166,0.));
#5689=CARTESIAN_POINT('',(219.181445719673,275.533884071218,0.));
#5690=CARTESIAN_POINT('',(219.915195001973,275.897268087268,0.));
#5691=CARTESIAN_POINT('Origin',(222.549552662647,280.725327709474,0.));
#5692=CARTESIAN_POINT('',(225.183910323323,275.897268087265,0.));
#5693=CARTESIAN_POINT('Origin',(222.549552662647,280.725327709474,0.));
#5694=CARTESIAN_POINT('',(225.183910323323,275.897268087265,0.));
#5695=CARTESIAN_POINT('Origin',(225.423397383405,275.458353576166,0.));
#5696=CARTESIAN_POINT('',(225.917659605629,275.533884071218,0.));
#5697=CARTESIAN_POINT('Origin',(225.423397383405,275.458353576166,0.));
#5698=CARTESIAN_POINT('',(225.917659605629,275.533884071218,0.));
#5699=CARTESIAN_POINT('Origin',(227.499298716743,275.775581655386,0.));
#5700=CARTESIAN_POINT('',(227.740996300911,277.3572207665,0.));
#5701=CARTESIAN_POINT('Origin',(227.499298716743,275.775581655386,0.));
#5702=CARTESIAN_POINT('',(227.740996300911,277.3572207665,0.));
#5703=CARTESIAN_POINT('Origin',(227.816526795963,277.851482988723,0.));
#5704=CARTESIAN_POINT('',(227.377612284854,278.090970048787,0.));
#5705=CARTESIAN_POINT('Origin',(227.816526795963,277.851482988723,0.));
#5706=CARTESIAN_POINT('',(227.377612284854,278.090970048787,0.));
#5707=CARTESIAN_POINT('Origin',(222.549552662647,280.725327709474,0.));
#5708=CARTESIAN_POINT('',(227.377612284851,283.359685370167,0.));
#5709=CARTESIAN_POINT('Origin',(222.549552662647,280.725327709474,0.));
#5710=CARTESIAN_POINT('',(227.377612284851,283.359685370167,0.));
#5711=CARTESIAN_POINT('Origin',(227.816526795963,283.599172430232,0.));
#5712=CARTESIAN_POINT('',(227.74099630091,284.093434652455,0.));
#5713=CARTESIAN_POINT('Origin',(227.816526795963,283.599172430232,0.));
#5714=CARTESIAN_POINT('',(227.74099630091,284.093434652455,0.));
#5715=CARTESIAN_POINT('Origin',(227.499298716743,285.675073763569,0.));
#5716=CARTESIAN_POINT('',(225.917659605628,285.916771347738,0.));
#5717=CARTESIAN_POINT('Origin',(227.499298716743,285.675073763569,0.));
#5718=CARTESIAN_POINT('',(225.917659605628,285.916771347738,0.));
#5719=CARTESIAN_POINT('Origin',(225.423397383405,285.992301842797,0.));
#5720=CARTESIAN_POINT('',(225.183910323329,285.553387331695,0.));
#5721=CARTESIAN_POINT('Origin',(225.423397383405,285.992301842797,0.));
#5722=CARTESIAN_POINT('',(225.183910323329,285.553387331695,0.));
#5723=CARTESIAN_POINT('Origin',(222.549552662647,280.725327709474,0.));
#5724=CARTESIAN_POINT('',(219.915195001961,285.553387331681,0.));
#5725=CARTESIAN_POINT('Origin',(222.549552662647,280.725327709474,0.));
#5726=CARTESIAN_POINT('',(219.915195001961,285.553387331681,0.));
#5727=CARTESIAN_POINT('Origin',(219.675707941897,285.992301842797,0.));
#5728=CARTESIAN_POINT('',(219.181445719673,285.916771347744,0.));
#5729=CARTESIAN_POINT('Origin',(219.675707941897,285.992301842797,0.));
#5730=CARTESIAN_POINT('',(219.181445719673,285.916771347744,0.));
#5731=CARTESIAN_POINT('Origin',(217.59980660856,285.675073763569,0.));
#5732=CARTESIAN_POINT('',(217.358109024391,284.093434652456,0.));
#5733=CARTESIAN_POINT('Origin',(217.59980660856,285.675073763569,0.));
#5734=CARTESIAN_POINT('',(217.358109024391,284.093434652456,0.));
#5735=CARTESIAN_POINT('Origin',(217.282578529339,283.599172430232,0.));
#5736=CARTESIAN_POINT('',(217.721493040451,283.359685370174,0.));
#5737=CARTESIAN_POINT('Origin',(217.282578529339,283.599172430232,0.));
#5738=CARTESIAN_POINT('',(217.721493040451,283.359685370174,0.));
#5739=CARTESIAN_POINT('Origin',(222.549552662647,280.725327709474,0.));
#5740=CARTESIAN_POINT('',(217.721493040441,278.090970048787,0.));
#5741=CARTESIAN_POINT('Origin',(222.549552662647,280.725327709474,0.));
#5742=CARTESIAN_POINT('',(217.721493040441,278.090970048787,0.));
#5743=CARTESIAN_POINT('Origin',(217.282578529332,277.851482988723,0.));
#5744=CARTESIAN_POINT('',(217.358109024391,277.357220766501,0.));
#5745=CARTESIAN_POINT('Origin',(217.282578529332,277.851482988723,0.));
#5746=CARTESIAN_POINT('',(217.358109024391,277.357220766501,0.));
#5747=CARTESIAN_POINT('Origin',(217.59980660856,275.775581655386,0.));
#5748=CARTESIAN_POINT('Origin',(217.59980660856,275.775581655386,0.));
#5749=CARTESIAN_POINT('Origin',(212.299552912649,316.935327709479,10.4592704610496));
#5750=CARTESIAN_POINT('',(211.099552912649,316.935327709479,10.4592704610496));
#5751=CARTESIAN_POINT('Origin',(232.799552912649,316.935327709479,10.4592704610496));
#5752=CARTESIAN_POINT('',(231.599552912649,316.935327709479,10.4592704610496));
#5753=CARTESIAN_POINT('Origin',(240.068441421514,279.295327709481,0.));
#5754=CARTESIAN_POINT('',(240.958441421514,279.295327709481,0.));
#5755=CARTESIAN_POINT('',(240.068441421514,280.185327709481,0.));
#5756=CARTESIAN_POINT('Origin',(240.068441421514,279.295327709481,0.));
#5757=CARTESIAN_POINT('',(240.068441421514,280.185327709481,0.));
#5758=CARTESIAN_POINT('',(240.958441421514,279.295327709481,0.));
#5759=CARTESIAN_POINT('Origin',(240.958441421513,278.465327709487,0.));
#5760=CARTESIAN_POINT('',(240.958441421513,278.465327709487,0.));
#5761=CARTESIAN_POINT('',(240.958441421514,279.295327709481,0.));
#5762=CARTESIAN_POINT('',(240.958441421513,278.465327709487,0.));
#5763=CARTESIAN_POINT('Origin',(241.848441421513,278.465327709487,0.));
#5764=CARTESIAN_POINT('',(241.848441421513,277.575327709487,0.));
#5765=CARTESIAN_POINT('Origin',(241.848441421513,278.465327709487,0.));
#5766=CARTESIAN_POINT('',(241.848441421513,277.575327709487,0.));
#5767=CARTESIAN_POINT('Origin',(245.668441421512,277.575327709479,0.));
#5768=CARTESIAN_POINT('',(245.668441421512,277.575327709479,0.));
#5769=CARTESIAN_POINT('',(245.668441421512,277.575327709479,0.));
#5770=CARTESIAN_POINT('',(245.668441421512,277.575327709479,0.));
#5771=CARTESIAN_POINT('Origin',(245.668441421512,278.465327709479,0.));
#5772=CARTESIAN_POINT('',(246.558441421512,278.465327709479,0.));
#5773=CARTESIAN_POINT('Origin',(245.668441421512,278.465327709479,0.));
#5774=CARTESIAN_POINT('',(246.558441421512,278.465327709479,0.));
#5775=CARTESIAN_POINT('Origin',(246.558441421512,282.985327709469,0.));
#5776=CARTESIAN_POINT('',(246.558441421512,282.985327709469,0.));
#5777=CARTESIAN_POINT('',(246.558441421512,282.985327709469,0.));
#5778=CARTESIAN_POINT('',(246.558441421512,282.985327709469,0.));
#5779=CARTESIAN_POINT('Origin',(245.668441421512,282.985327709469,0.));
#5780=CARTESIAN_POINT('',(245.668441421512,283.875327709469,0.));
#5781=CARTESIAN_POINT('Origin',(245.668441421512,282.985327709469,0.));
#5782=CARTESIAN_POINT('',(245.668441421512,283.875327709469,0.));
#5783=CARTESIAN_POINT('Origin',(241.848441421513,283.875327709468,0.));
#5784=CARTESIAN_POINT('',(241.848441421513,283.875327709469,0.));
#5785=CARTESIAN_POINT('',(245.668441421512,283.875327709469,0.));
#5786=CARTESIAN_POINT('',(241.848441421513,283.875327709469,0.));
#5787=CARTESIAN_POINT('Origin',(241.848441421513,282.985327709469,0.));
#5788=CARTESIAN_POINT('',(240.958441421513,282.985327709469,0.));
#5789=CARTESIAN_POINT('Origin',(241.848441421513,282.985327709469,0.));
#5790=CARTESIAN_POINT('',(240.958441421513,282.985327709469,0.));
#5791=CARTESIAN_POINT('Origin',(240.958441421514,282.155327709474,0.));
#5792=CARTESIAN_POINT('',(240.958441421514,282.155327709474,0.));
#5793=CARTESIAN_POINT('',(240.958441421514,282.155327709474,0.));
#5794=CARTESIAN_POINT('',(240.958441421514,282.155327709474,0.));
#5795=CARTESIAN_POINT('Origin',(240.068441421514,282.155327709474,0.));
#5796=CARTESIAN_POINT('',(240.068441421514,281.265327709474,0.));
#5797=CARTESIAN_POINT('Origin',(240.068441421514,282.155327709474,0.));
#5798=CARTESIAN_POINT('',(240.068441421514,281.265327709474,0.));
#5799=CARTESIAN_POINT('Origin',(239.428441421514,281.265327709474,0.));
#5800=CARTESIAN_POINT('',(239.428441421514,281.265327709474,0.));
#5801=CARTESIAN_POINT('',(239.428441421514,281.265327709474,0.));
#5802=CARTESIAN_POINT('',(239.428441421514,281.265327709474,0.));
#5803=CARTESIAN_POINT('Origin',(239.428441421514,282.155327709474,0.));
#5804=CARTESIAN_POINT('',(238.538441421514,282.155327709474,0.));
#5805=CARTESIAN_POINT('Origin',(239.428441421514,282.155327709474,0.));
#5806=CARTESIAN_POINT('',(238.538441421514,282.155327709474,0.));
#5807=CARTESIAN_POINT('Origin',(238.538441421515,289.59532770947,0.));
#5808=CARTESIAN_POINT('',(238.538441421514,289.59532770947,0.));
#5809=CARTESIAN_POINT('',(238.538441421514,282.155327709474,0.));
#5810=CARTESIAN_POINT('',(238.538441421514,289.59532770947,0.));
#5811=CARTESIAN_POINT('Origin',(239.428441421514,289.59532770947,0.));
#5812=CARTESIAN_POINT('',(239.428441421514,290.48532770947,0.));
#5813=CARTESIAN_POINT('Origin',(239.428441421514,289.59532770947,0.));
#5814=CARTESIAN_POINT('',(239.428441421514,290.48532770947,0.));
#5815=CARTESIAN_POINT('Origin',(240.068441421514,290.48532770947,0.));
#5816=CARTESIAN_POINT('',(240.068441421514,290.48532770947,0.));
#5817=CARTESIAN_POINT('',(239.428441421514,290.485327709469,0.));
#5818=CARTESIAN_POINT('',(240.068441421514,290.48532770947,0.));
#5819=CARTESIAN_POINT('Origin',(240.068441421514,289.59532770947,0.));
#5820=CARTESIAN_POINT('',(240.958441421514,289.59532770947,0.));
#5821=CARTESIAN_POINT('Origin',(240.068441421514,289.59532770947,0.));
#5822=CARTESIAN_POINT('',(240.958441421514,289.59532770947,0.));
#5823=CARTESIAN_POINT('Origin',(240.958441421513,288.765327709475,0.));
#5824=CARTESIAN_POINT('',(240.958441421513,288.765327709475,0.));
#5825=CARTESIAN_POINT('',(240.958441421513,289.59532770947,0.));
#5826=CARTESIAN_POINT('',(240.958441421513,288.765327709475,0.));
#5827=CARTESIAN_POINT('Origin',(241.848441421513,288.765327709475,0.));
#5828=CARTESIAN_POINT('',(241.848441421513,287.875327709475,0.));
#5829=CARTESIAN_POINT('Origin',(241.848441421513,288.765327709475,0.));
#5830=CARTESIAN_POINT('',(241.848441421513,287.875327709475,0.));
#5831=CARTESIAN_POINT('Origin',(244.558441421512,287.875327709468,0.));
#5832=CARTESIAN_POINT('',(244.558441421512,287.875327709468,0.));
#5833=CARTESIAN_POINT('',(244.558441421512,287.875327709468,0.));
#5834=CARTESIAN_POINT('',(244.558441421512,287.875327709468,0.));
#5835=CARTESIAN_POINT('Origin',(244.558441421512,289.875327709468,0.));
#5836=CARTESIAN_POINT('',(244.558441421512,291.875327709468,0.));
#5837=CARTESIAN_POINT('Origin',(244.558441421512,289.875327709468,0.));
#5838=CARTESIAN_POINT('',(244.558441421512,291.875327709468,0.));
#5839=CARTESIAN_POINT('Origin',(237.838441421514,291.875327709468,0.));
#5840=CARTESIAN_POINT('',(237.838441421514,291.875327709466,0.));
#5841=CARTESIAN_POINT('',(244.558441421512,291.875327709468,0.));
#5842=CARTESIAN_POINT('',(237.838441421514,291.875327709466,0.));
#5843=CARTESIAN_POINT('Origin',(237.838441421511,290.185327709466,0.));
#5844=CARTESIAN_POINT('',(236.148441421511,290.185327709466,0.));
#5845=CARTESIAN_POINT('Origin',(237.838441421511,290.185327709466,0.));
#5846=CARTESIAN_POINT('',(236.148441421511,290.185327709466,0.));
#5847=CARTESIAN_POINT('Origin',(236.148441421511,271.265327709482,0.));
#5848=CARTESIAN_POINT('',(236.148441421511,271.265327709482,0.));
#5849=CARTESIAN_POINT('',(236.148441421511,290.185327709466,0.));
#5850=CARTESIAN_POINT('',(236.148441421511,271.265327709482,0.));
#5851=CARTESIAN_POINT('Origin',(237.838441421511,271.265327709482,0.));
#5852=CARTESIAN_POINT('',(237.838441421511,269.575327709482,0.));
#5853=CARTESIAN_POINT('Origin',(237.838441421511,271.265327709482,0.));
#5854=CARTESIAN_POINT('',(237.838441421511,269.575327709482,0.));
#5855=CARTESIAN_POINT('Origin',(244.558441421512,269.57532770948,0.));
#5856=CARTESIAN_POINT('',(244.558441421512,269.57532770948,0.));
#5857=CARTESIAN_POINT('',(244.558441421512,269.57532770948,0.));
#5858=CARTESIAN_POINT('',(244.558441421512,269.57532770948,0.));
#5859=CARTESIAN_POINT('Origin',(244.558441421512,271.57532770948,0.));
#5860=CARTESIAN_POINT('',(244.558441421512,273.57532770948,0.));
#5861=CARTESIAN_POINT('Origin',(244.558441421512,271.57532770948,0.));
#5862=CARTESIAN_POINT('',(244.558441421512,273.57532770948,0.));
#5863=CARTESIAN_POINT('Origin',(241.848441421513,273.575327709481,0.));
#5864=CARTESIAN_POINT('',(241.848441421513,273.575327709481,0.));
#5865=CARTESIAN_POINT('',(244.558441421512,273.57532770948,0.));
#5866=CARTESIAN_POINT('',(241.848441421513,273.575327709481,0.));
#5867=CARTESIAN_POINT('Origin',(241.848441421513,272.685327709481,0.));
#5868=CARTESIAN_POINT('',(240.958441421513,272.685327709481,0.));
#5869=CARTESIAN_POINT('Origin',(241.848441421513,272.685327709481,0.));
#5870=CARTESIAN_POINT('',(240.958441421513,272.685327709481,0.));
#5871=CARTESIAN_POINT('Origin',(240.958441421513,271.855327709486,0.));
#5872=CARTESIAN_POINT('',(240.958441421514,271.855327709486,0.));
#5873=CARTESIAN_POINT('',(240.958441421513,271.855327709486,0.));
#5874=CARTESIAN_POINT('',(240.958441421514,271.855327709486,0.));
#5875=CARTESIAN_POINT('Origin',(240.068441421514,271.855327709486,0.));
#5876=CARTESIAN_POINT('',(240.068441421514,270.965327709486,0.));
#5877=CARTESIAN_POINT('Origin',(240.068441421514,271.855327709486,0.));
#5878=CARTESIAN_POINT('',(240.068441421514,270.965327709486,0.));
#5879=CARTESIAN_POINT('Origin',(239.428441421514,270.965327709487,0.));
#5880=CARTESIAN_POINT('',(239.428441421514,270.965327709486,0.));
#5881=CARTESIAN_POINT('',(239.428441421514,270.965327709487,0.));
#5882=CARTESIAN_POINT('',(239.428441421514,270.965327709486,0.));
#5883=CARTESIAN_POINT('Origin',(239.428441421514,271.855327709486,0.));
#5884=CARTESIAN_POINT('',(238.538441421514,271.855327709486,0.));
#5885=CARTESIAN_POINT('Origin',(239.428441421514,271.855327709486,0.));
#5886=CARTESIAN_POINT('',(238.538441421514,271.855327709486,0.));
#5887=CARTESIAN_POINT('Origin',(238.538441421515,279.295327709481,0.));
#5888=CARTESIAN_POINT('',(238.538441421514,279.295327709481,0.));
#5889=CARTESIAN_POINT('',(238.538441421515,279.295327709481,0.));
#5890=CARTESIAN_POINT('',(238.538441421514,279.295327709481,0.));
#5891=CARTESIAN_POINT('Origin',(239.428441421514,279.295327709481,0.));
#5892=CARTESIAN_POINT('',(239.428441421514,280.185327709481,0.));
#5893=CARTESIAN_POINT('Origin',(239.428441421514,279.295327709481,0.));
#5894=CARTESIAN_POINT('',(239.428441421514,280.185327709481,0.));
#5895=CARTESIAN_POINT('Origin',(240.068441421514,280.185327709481,0.));
#5896=CARTESIAN_POINT('',(239.428441421514,280.185327709481,0.));
#5897=CARTESIAN_POINT('Origin',(244.776352922217,316.935327709479,33.532449031054));
#5898=CARTESIAN_POINT('',(243.157107979233,316.935327709479,35.1516939740519));
#5899=CARTESIAN_POINT('',(244.776352922221,316.935327709479,33.5324490310573));
#5900=CARTESIAN_POINT('Origin',(243.581342462014,316.935327709479,32.3374385708539));
#5901=CARTESIAN_POINT('Origin',(245.271342462011,296.762447589385,0.));
#5902=CARTESIAN_POINT('',(245.271342462011,296.762447589385,0.));
#5903=CARTESIAN_POINT('',(245.271342462011,296.762447589385,0.));
#5904=CARTESIAN_POINT('',(245.271342462014,347.305199819285,0.));
#5905=CARTESIAN_POINT('Origin',(246.961342462011,296.762447589385,0.));
#5906=CARTESIAN_POINT('',(245.766332001808,295.567437129178,0.));
#5907=CARTESIAN_POINT('Origin',(246.961342462011,296.762447589385,0.));
#5908=CARTESIAN_POINT('',(245.766332001808,295.567437129178,0.));
#5909=CARTESIAN_POINT('Origin',(249.443451881714,291.890317249267,0.));
#5910=CARTESIAN_POINT('',(249.443451881716,291.890317249269,0.));
#5911=CARTESIAN_POINT('',(245.766332001807,295.567437129178,0.));
#5912=CARTESIAN_POINT('',(249.443451881716,291.890317249269,0.));
#5913=CARTESIAN_POINT('Origin',(248.248441421514,290.69530678906,0.));
#5914=CARTESIAN_POINT('',(249.938441421514,290.69530678906,0.));
#5915=CARTESIAN_POINT('Origin',(248.248441421514,290.69530678906,0.));
#5916=CARTESIAN_POINT('',(249.938441421514,290.69530678906,0.));
#5917=CARTESIAN_POINT('Origin',(249.938441421514,270.755348629888,0.));
#5918=CARTESIAN_POINT('',(249.938441421514,270.755348629888,0.));
#5919=CARTESIAN_POINT('',(249.938441421513,290.69530678906,0.));
#5920=CARTESIAN_POINT('',(249.938441421514,270.755348629888,0.));
#5921=CARTESIAN_POINT('Origin',(248.248441421514,270.755348629888,0.));
#5922=CARTESIAN_POINT('',(249.443451881723,269.560338169686,0.));
#5923=CARTESIAN_POINT('Origin',(248.248441421514,270.755348629888,0.));
#5924=CARTESIAN_POINT('',(249.443451881723,269.560338169686,0.));
#5925=CARTESIAN_POINT('Origin',(245.766332001807,265.883218289778,0.));
#5926=CARTESIAN_POINT('',(245.766332001804,265.883218289781,0.));
#5927=CARTESIAN_POINT('',(245.766332001807,265.883218289778,0.));
#5928=CARTESIAN_POINT('',(245.766332001804,265.883218289781,0.));
#5929=CARTESIAN_POINT('Origin',(246.961342462011,264.688207829577,0.));
#5930=CARTESIAN_POINT('Origin',(246.961342462011,264.688207829577,0.));
#5931=CARTESIAN_POINT('Origin',(245.271342462012,244.515327709477,1.50999999999999));
#5932=CARTESIAN_POINT('Origin',(243.581342462014,244.515327709477,32.3374385708539));
#5933=CARTESIAN_POINT('',(244.776352922219,244.515327709477,33.5324490310591));
#5934=CARTESIAN_POINT('Origin',(243.15710797923,244.515327709477,35.1516939740486));
#5935=CARTESIAN_POINT('',(243.157107979232,244.515327709477,35.1516939740501));
#5936=CARTESIAN_POINT('Origin',(241.962097519026,244.515327709477,33.9566835138448));
#5937=CARTESIAN_POINT('',(241.962097519026,244.515327709477,35.6466835138448));
#5938=CARTESIAN_POINT('Origin',(233.762118439438,244.515327709477,35.6466835138434));
#5939=CARTESIAN_POINT('',(233.762118439438,244.515327709477,35.6466835138434));
#5940=CARTESIAN_POINT('Origin',(233.762118939441,244.515327709477,33.9566835138448));
#5941=CARTESIAN_POINT('',(232.24496628998,244.515327709477,34.7012289056698));
#5942=CARTESIAN_POINT('Origin',(222.549552912649,244.515327709477,39.4592704610458));
#5943=CARTESIAN_POINT('Origin',(229.749552912648,249.935327709477,0.));
#5944=CARTESIAN_POINT('',(229.749552912648,249.935327709477,0.));
#5945=CARTESIAN_POINT('',(229.749552912648,249.935327709477,0.));
#5946=CARTESIAN_POINT('',(229.749552912648,249.935327709477,0.));
#5947=CARTESIAN_POINT('Origin',(228.059552912648,249.935327709477,0.));
#5948=CARTESIAN_POINT('',(228.059552912648,251.625327709477,0.));
#5949=CARTESIAN_POINT('Origin',(228.059552912648,249.935327709477,0.));
#5950=CARTESIAN_POINT('',(228.059552912648,251.625327709477,0.));
#5951=CARTESIAN_POINT('Origin',(217.039552412651,251.625327709476,0.));
#5952=CARTESIAN_POINT('',(217.039552412651,251.625327709477,0.));
#5953=CARTESIAN_POINT('',(217.039552412651,251.625327709476,0.));
#5954=CARTESIAN_POINT('',(217.039552412651,251.625327709477,0.));
#5955=CARTESIAN_POINT('Origin',(217.039552412651,249.935327709477,0.));
#5956=CARTESIAN_POINT('',(215.349552412651,249.935327709477,0.));
#5957=CARTESIAN_POINT('Origin',(217.039552412651,249.935327709477,0.));
#5958=CARTESIAN_POINT('',(215.349552412651,249.935327709477,0.));
#5959=CARTESIAN_POINT('Origin',(215.349552412648,215.073467981251,0.));
#5960=CARTESIAN_POINT('',(215.349552412648,249.935327709477,0.));
#5961=CARTESIAN_POINT('Origin',(222.549552912649,244.515327709477,39.4592704610458));
#5962=CARTESIAN_POINT('',(212.85413953471,244.515327709477,34.7012289054096));
#5963=CARTESIAN_POINT('Origin',(211.336986885864,244.515327709477,33.9566835138448));
#5964=CARTESIAN_POINT('',(211.336986885864,244.515327709477,35.6466835138448));
#5965=CARTESIAN_POINT('Origin',(203.137007806276,244.515327709477,35.6466835138448));
#5966=CARTESIAN_POINT('',(203.137007806276,244.515327709477,35.6466835138448));
#5967=CARTESIAN_POINT('Origin',(203.137007806276,244.515327709477,33.9566835138448));
#5968=CARTESIAN_POINT('',(201.941997346067,244.515327709477,35.151693974047));
#5969=CARTESIAN_POINT('Origin',(200.32275240308,244.515327709477,33.532449031056));
#5970=CARTESIAN_POINT('',(200.32275240308,244.515327709477,33.532449031056));
#5971=CARTESIAN_POINT('Origin',(201.517762863288,244.515327709477,32.3374385708539));
#5972=CARTESIAN_POINT('',(199.827762863288,244.515327709477,32.3374385708539));
#5973=CARTESIAN_POINT('Origin',(199.827762863286,244.515327709477,-18.205313659053));
#5974=CARTESIAN_POINT('Origin',(198.137762863284,264.688207829577,0.));
#5975=CARTESIAN_POINT('',(199.332773323492,265.883218289779,0.));
#5976=CARTESIAN_POINT('Origin',(198.137762863284,264.688207829577,0.));
#5977=CARTESIAN_POINT('',(199.332773323492,265.883218289779,0.));
#5978=CARTESIAN_POINT('Origin',(195.655653443579,269.560338169686,0.));
#5979=CARTESIAN_POINT('',(195.655653443579,269.560338169686,0.));
#5980=CARTESIAN_POINT('',(199.332773323491,265.883218289778,0.));
#5981=CARTESIAN_POINT('',(195.655653443579,269.560338169686,0.));
#5982=CARTESIAN_POINT('Origin',(196.850663903788,270.755348629888,0.));
#5983=CARTESIAN_POINT('',(195.160663903788,270.755348629888,0.));
#5984=CARTESIAN_POINT('Origin',(196.850663903788,270.755348629888,0.));
#5985=CARTESIAN_POINT('',(195.160663903788,270.755348629888,0.));
#5986=CARTESIAN_POINT('Origin',(195.160663903785,290.69530678906,0.));
#5987=CARTESIAN_POINT('',(195.160663903788,290.69530678906,0.));
#5988=CARTESIAN_POINT('',(195.160663903785,290.69530678906,0.));
#5989=CARTESIAN_POINT('',(195.160663903788,290.69530678906,0.));
#5990=CARTESIAN_POINT('Origin',(196.850663903788,290.69530678906,0.));
#5991=CARTESIAN_POINT('',(195.655653443583,291.890317249265,0.));
#5992=CARTESIAN_POINT('Origin',(196.850663903788,290.69530678906,0.));
#5993=CARTESIAN_POINT('',(195.655653443583,291.890317249265,0.));
#5994=CARTESIAN_POINT('Origin',(199.332773323491,295.567437129178,0.));
#5995=CARTESIAN_POINT('',(199.332773323489,295.56743712918,0.));
#5996=CARTESIAN_POINT('',(199.332773323491,295.567437129178,0.));
#5997=CARTESIAN_POINT('',(199.332773323489,295.56743712918,0.));
#5998=CARTESIAN_POINT('Origin',(198.137762863284,296.762447589385,0.));
#5999=CARTESIAN_POINT('Origin',(198.137762863284,296.762447589385,0.));
#6000=CARTESIAN_POINT('Origin',(199.827762863287,316.935327709478,1.50999999999999));
#6001=CARTESIAN_POINT('Origin',(201.517762863288,316.935327709479,32.3374385708539));
#6002=CARTESIAN_POINT('',(200.32275240308,316.935327709479,33.532449031056));
#6003=CARTESIAN_POINT('Origin',(201.941997346067,316.935327709479,35.1516939740506));
#6004=CARTESIAN_POINT('',(201.941997346067,316.935327709479,35.1516939740506));
#6005=CARTESIAN_POINT('Origin',(203.137007806276,316.935327709479,33.9566835138484));
#6006=CARTESIAN_POINT('',(203.137007806276,316.935327709479,35.6466835138484));
#6007=CARTESIAN_POINT('Origin',(211.336986885864,316.935327709479,35.6466835138484));
#6008=CARTESIAN_POINT('',(211.336986885864,316.935327709479,35.6466835138484));
#6009=CARTESIAN_POINT('Origin',(211.336986885864,316.935327709479,33.9566835138484));
#6010=CARTESIAN_POINT('',(212.85413953471,316.935327709479,34.7012289054134));
#6011=CARTESIAN_POINT('Origin',(222.549552912649,316.935327709479,39.4592704610496));
#6012=CARTESIAN_POINT('Origin',(215.349552412648,311.515327709482,0.));
#6013=CARTESIAN_POINT('',(215.349552412651,311.515327709482,0.));
#6014=CARTESIAN_POINT('',(215.349552412651,311.515327709482,0.));
#6015=CARTESIAN_POINT('',(215.349552412648,311.515327709482,0.));
#6016=CARTESIAN_POINT('Origin',(217.039552412651,311.515327709482,0.));
#6017=CARTESIAN_POINT('',(217.039552412651,309.825327709482,0.));
#6018=CARTESIAN_POINT('Origin',(217.039552412651,311.515327709482,0.));
#6019=CARTESIAN_POINT('',(217.039552412651,309.825327709482,0.));
#6020=CARTESIAN_POINT('Origin',(228.059552912648,309.82532770948,0.));
#6021=CARTESIAN_POINT('',(228.059552912648,309.825327709482,0.));
#6022=CARTESIAN_POINT('',(217.039552412651,309.82532770948,0.));
#6023=CARTESIAN_POINT('',(228.059552912648,309.825327709482,0.));
#6024=CARTESIAN_POINT('Origin',(228.059552912648,311.515327709482,0.));
#6025=CARTESIAN_POINT('Origin',(228.059552912648,311.515327709482,0.));
#6026=CARTESIAN_POINT('Origin',(229.749552912646,316.935327709478,1.50999999999999));
#6027=CARTESIAN_POINT('Origin',(222.549552912649,316.935327709479,39.4592704610496));
#6028=CARTESIAN_POINT('',(232.244966289979,316.935327709479,34.7012289056734));
#6029=CARTESIAN_POINT('Origin',(233.762118939441,316.935327709479,33.9566835138484));
#6030=CARTESIAN_POINT('',(233.762118439438,316.935327709479,35.6466835138436));
#6031=CARTESIAN_POINT('Origin',(241.962097519026,316.935327709479,35.6466835138436));
#6032=CARTESIAN_POINT('',(241.962097519026,316.935327709479,35.6466835138484));
#6033=CARTESIAN_POINT('Origin',(241.962097519026,316.935327709479,33.9566835138484));
#6034=CARTESIAN_POINT('Origin',(207.588657637967,246.025327709477,1.51));
#6035=CARTESIAN_POINT('Origin',(222.54955266265,280.72532770948,0.));
#6036=UNCERTAINTY_MEASURE_WITH_UNIT(LENGTH_MEASURE(0.01),#6040,
'DISTANCE_ACCURACY_VALUE',
'Maximum model space distance between geometric entities at asserted c
onnectivities');
#6037=UNCERTAINTY_MEASURE_WITH_UNIT(LENGTH_MEASURE(0.01),#6040,
'DISTANCE_ACCURACY_VALUE',
'Maximum model space distance between geometric entities at asserted c
onnectivities');
#6038=(
GEOMETRIC_REPRESENTATION_CONTEXT(3)
GLOBAL_UNCERTAINTY_ASSIGNED_CONTEXT((#6036))
GLOBAL_UNIT_ASSIGNED_CONTEXT((#6040,#6042,#6043))
REPRESENTATION_CONTEXT('','3D')
);
#6039=(
GEOMETRIC_REPRESENTATION_CONTEXT(3)
GLOBAL_UNCERTAINTY_ASSIGNED_CONTEXT((#6037))
GLOBAL_UNIT_ASSIGNED_CONTEXT((#6040,#6042,#6043))
REPRESENTATION_CONTEXT('','3D')
);
#6040=(
LENGTH_UNIT()
NAMED_UNIT(*)
SI_UNIT(.MILLI.,.METRE.)
);
#6041=(
LENGTH_UNIT()
NAMED_UNIT(*)
SI_UNIT($,.METRE.)
);
#6042=(
NAMED_UNIT(*)
PLANE_ANGLE_UNIT()
SI_UNIT($,.RADIAN.)
);
#6043=(
NAMED_UNIT(*)
SI_UNIT($,.STERADIAN.)
SOLID_ANGLE_UNIT()
);
#6044=SHAPE_DEFINITION_REPRESENTATION(#6045,#6046);
#6045=PRODUCT_DEFINITION_SHAPE('',$,#6048);
#6046=SHAPE_REPRESENTATION('',(#3532),#6038);
#6047=PRODUCT_DEFINITION_CONTEXT('part definition',#6052,'design');
#6048=PRODUCT_DEFINITION('AL-BASE','AL-BASE',#6049,#6047);
#6049=PRODUCT_DEFINITION_FORMATION('',$,#6054);
#6050=PRODUCT_RELATED_PRODUCT_CATEGORY('AL-BASE','AL-BASE',(#6054));
#6051=APPLICATION_PROTOCOL_DEFINITION('international standard',
'automotive_design',2009,#6052);
#6052=APPLICATION_CONTEXT(
'Core Data for Automotive Mechanical Design Process');
#6053=PRODUCT_CONTEXT('part definition',#6052,'mechanical');
#6054=PRODUCT('AL-BASE','AL-BASE',$,(#6053));
#6055=PRESENTATION_STYLE_ASSIGNMENT((#6057));
#6056=PRESENTATION_STYLE_ASSIGNMENT((#6058));
#6057=SURFACE_STYLE_USAGE(.BOTH.,#6059);
#6058=SURFACE_STYLE_USAGE(.BOTH.,#6060);
#6059=SURFACE_SIDE_STYLE('',(#6061));
#6060=SURFACE_SIDE_STYLE('',(#6062));
#6061=SURFACE_STYLE_FILL_AREA(#6063);
#6062=SURFACE_STYLE_FILL_AREA(#6064);
#6063=FILL_AREA_STYLE('Acero - Satinado',(#6065));
#6064=FILL_AREA_STYLE('Opaque(56,56,56)',(#6066));
#6065=FILL_AREA_STYLE_COLOUR('Acero - Satinado',#6067);
#6066=FILL_AREA_STYLE_COLOUR('Opaque(56,56,56)',#6068);
#6067=COLOUR_RGB('Acero - Satinado',0.627450980392157,0.627450980392157,
0.627450980392157);
#6068=COLOUR_RGB('Opaque(56,56,56)',0.219607843137255,0.219607843137255,
0.219607843137255);
ENDSEC;
END-ISO-10303-21;
