ISO-10303-21;
HEADER;
/* Generated by software containing ST-Developer
 * from STEP Tools, Inc. (www.steptools.com) 
 */

FILE_DESCRIPTION(
/* description */ (''),
/* implementation_level */ '2;1');

FILE_NAME(
/* name */ 'AL-base_rodamiento.step',
/* time_stamp */ '2026-06-02T00:20:14-06:00',
/* author */ (''),
/* organization */ (''),
/* preprocessor_version */ 'ST-DEVELOPER v20.1',
/* originating_system */ 'Autodesk Translation Framework v14.24.0.0',
/* authorisation */ '');

FILE_SCHEMA (('AUTOMOTIVE_DESIGN { 1 0 10303 214 3 1 1 }'));
ENDSEC;

DATA;
#10=MECHANICAL_DESIGN_GEOMETRIC_PRESENTATION_REPRESENTATION('',(#13),#3319);
#11=SHAPE_REPRESENTATION_RELATIONSHIP('SRR','None',#3326,#12);
#12=ADVANCED_BREP_SHAPE_REPRESENTATION('',(#14),#3318);
#13=STYLED_ITEM('',(#3336),#14);
#14=MANIFOLD_SOLID_BREP('Cuerpo1',#1935);
#15=FACE_BOUND('',#403,.T.);
#16=FACE_BOUND('',#404,.T.);
#17=FACE_BOUND('',#405,.T.);
#18=FACE_BOUND('',#406,.T.);
#19=FACE_BOUND('',#407,.T.);
#20=FACE_BOUND('',#408,.T.);
#21=FACE_BOUND('',#409,.T.);
#22=FACE_BOUND('',#410,.T.);
#23=FACE_BOUND('',#411,.T.);
#24=FACE_BOUND('',#412,.T.);
#25=FACE_BOUND('',#413,.T.);
#26=FACE_BOUND('',#414,.T.);
#27=FACE_BOUND('',#415,.T.);
#28=FACE_BOUND('',#417,.T.);
#29=FACE_BOUND('',#418,.T.);
#30=FACE_BOUND('',#419,.T.);
#31=FACE_BOUND('',#420,.T.);
#32=FACE_BOUND('',#421,.T.);
#33=FACE_BOUND('',#422,.T.);
#34=FACE_BOUND('',#423,.T.);
#35=FACE_BOUND('',#424,.T.);
#36=FACE_BOUND('',#425,.T.);
#37=FACE_BOUND('',#426,.T.);
#38=FACE_BOUND('',#427,.T.);
#39=FACE_BOUND('',#428,.T.);
#40=FACE_BOUND('',#429,.T.);
#41=CIRCLE('',#1951,0.149999999999991);
#42=CIRCLE('',#1952,0.149999999999991);
#43=CIRCLE('',#1954,0.999999999999991);
#44=CIRCLE('',#1955,0.999999999999991);
#45=CIRCLE('',#1957,0.150000000000006);
#46=CIRCLE('',#1958,0.150000000000006);
#47=CIRCLE('',#1961,1.50000000000006);
#48=CIRCLE('',#1962,1.50000000000006);
#49=CIRCLE('',#1965,1.50000000000006);
#50=CIRCLE('',#1966,1.50000000000006);
#51=CIRCLE('',#1969,1.50000000000006);
#52=CIRCLE('',#1970,1.50000000000006);
#53=CIRCLE('',#1973,1.68999999999997);
#54=CIRCLE('',#1974,1.68999999999997);
#55=CIRCLE('',#1977,1.68999999999992);
#56=CIRCLE('',#1978,1.68999999999992);
#57=CIRCLE('',#1980,10.8);
#58=CIRCLE('',#1981,10.8);
#59=CIRCLE('',#1983,1.68999999999997);
#60=CIRCLE('',#1984,1.68999999999997);
#61=CIRCLE('',#1987,1.68999999999997);
#62=CIRCLE('',#1988,1.68999999999997);
#63=CIRCLE('',#1991,1.50000000000006);
#64=CIRCLE('',#1992,1.50000000000006);
#65=CIRCLE('',#1995,1.50000000000006);
#66=CIRCLE('',#1996,1.50000000000006);
#67=CIRCLE('',#1999,1.50000000000006);
#68=CIRCLE('',#2000,1.50000000000006);
#69=CIRCLE('',#2003,0.149999999999991);
#70=CIRCLE('',#2004,0.149999999999991);
#71=CIRCLE('',#2006,0.999999999999991);
#72=CIRCLE('',#2007,0.999999999999991);
#73=CIRCLE('',#2009,0.150000000000006);
#74=CIRCLE('',#2010,0.150000000000006);
#75=CIRCLE('',#2013,0.100000000000051);
#76=CIRCLE('',#2014,0.100000000000051);
#77=CIRCLE('',#2017,0.690000000000026);
#78=CIRCLE('',#2018,0.690000000000026);
#79=CIRCLE('',#2021,0.690000000000026);
#80=CIRCLE('',#2022,0.690000000000026);
#81=CIRCLE('',#2025,0.690000000000026);
#82=CIRCLE('',#2026,0.690000000000026);
#83=CIRCLE('',#2029,0.690000000000026);
#84=CIRCLE('',#2030,0.690000000000026);
#85=CIRCLE('',#2033,0.100000000000051);
#86=CIRCLE('',#2034,0.100000000000051);
#87=CIRCLE('',#2036,1.59999999999997);
#88=CIRCLE('',#2037,1.59999999999997);
#89=CIRCLE('',#2039,1.59999999999997);
#90=CIRCLE('',#2040,1.59999999999997);
#91=CIRCLE('',#2042,1.59999999999997);
#92=CIRCLE('',#2043,1.59999999999997);
#93=CIRCLE('',#2045,1.59999999999997);
#94=CIRCLE('',#2046,1.59999999999997);
#95=CIRCLE('',#2048,0.999999999999943);
#96=CIRCLE('',#2049,0.999999999999943);
#97=CIRCLE('',#2051,0.999999999999943);
#98=CIRCLE('',#2052,0.999999999999943);
#99=CIRCLE('',#2054,1.59999999999997);
#100=CIRCLE('',#2055,1.59999999999997);
#101=CIRCLE('',#2057,1.59999999999997);
#102=CIRCLE('',#2058,1.59999999999997);
#103=CIRCLE('',#2060,1.59999999999997);
#104=CIRCLE('',#2061,1.59999999999997);
#105=CIRCLE('',#2063,1.59999999999997);
#106=CIRCLE('',#2064,1.59999999999997);
#107=CIRCLE('',#2066,0.999999999999943);
#108=CIRCLE('',#2067,0.999999999999943);
#109=CIRCLE('',#2069,0.999999999999943);
#110=CIRCLE('',#2070,0.999999999999943);
#111=CIRCLE('',#2073,0.690000000000026);
#112=CIRCLE('',#2074,0.690000000000026);
#113=CIRCLE('',#2077,0.690000000000026);
#114=CIRCLE('',#2078,0.690000000000026);
#115=CIRCLE('',#2081,1.36899999999997);
#116=CIRCLE('',#2082,1.36899999999997);
#117=CIRCLE('',#2085,0.690000000000026);
#118=CIRCLE('',#2086,0.690000000000026);
#119=CIRCLE('',#2089,4.00000000000006);
#120=CIRCLE('',#2090,4.00000000000006);
#121=CIRCLE('',#2093,3.99999999999999);
#122=CIRCLE('',#2094,3.99999999999999);
#123=CIRCLE('',#2097,0.69000000000002);
#124=CIRCLE('',#2098,0.69000000000002);
#125=CIRCLE('',#2100,1.36899999999997);
#126=CIRCLE('',#2101,1.36899999999997);
#127=CIRCLE('',#2104,0.690000000000026);
#128=CIRCLE('',#2105,0.690000000000026);
#129=CIRCLE('',#2108,0.690000000000026);
#130=CIRCLE('',#2109,0.690000000000026);
#131=CIRCLE('',#2112,2.09999999999994);
#132=CIRCLE('',#2113,2.09999999999994);
#133=CIRCLE('',#2116,0.690000000000026);
#134=CIRCLE('',#2117,0.690000000000026);
#135=CIRCLE('',#2120,0.690000000000026);
#136=CIRCLE('',#2121,0.690000000000026);
#137=CIRCLE('',#2124,1.36899999999997);
#138=CIRCLE('',#2125,1.36899999999997);
#139=CIRCLE('',#2127,0.690000000000015);
#140=CIRCLE('',#2128,0.690000000000015);
#141=CIRCLE('',#2131,3.99999999999999);
#142=CIRCLE('',#2132,3.99999999999999);
#143=CIRCLE('',#2135,4.00000000000006);
#144=CIRCLE('',#2136,4.00000000000006);
#145=CIRCLE('',#2139,0.690000000000026);
#146=CIRCLE('',#2140,0.690000000000026);
#147=CIRCLE('',#2143,1.36899999999997);
#148=CIRCLE('',#2144,1.36899999999997);
#149=CIRCLE('',#2147,0.690000000000026);
#150=CIRCLE('',#2148,0.690000000000026);
#151=CIRCLE('',#2151,0.690000000000026);
#152=CIRCLE('',#2152,0.690000000000026);
#153=CIRCLE('',#2155,2.09999999999852);
#154=CIRCLE('',#2156,2.09999999999852);
#155=CYLINDRICAL_SURFACE('',#1950,0.149999999999991);
#156=CYLINDRICAL_SURFACE('',#1953,0.999999999999991);
#157=CYLINDRICAL_SURFACE('',#1956,0.150000000000006);
#158=CYLINDRICAL_SURFACE('',#1960,1.50000000000006);
#159=CYLINDRICAL_SURFACE('',#1964,1.50000000000006);
#160=CYLINDRICAL_SURFACE('',#1968,1.50000000000006);
#161=CYLINDRICAL_SURFACE('',#1972,1.68999999999997);
#162=CYLINDRICAL_SURFACE('',#1976,1.68999999999992);
#163=CYLINDRICAL_SURFACE('',#1979,10.8);
#164=CYLINDRICAL_SURFACE('',#1982,1.68999999999997);
#165=CYLINDRICAL_SURFACE('',#1986,1.68999999999997);
#166=CYLINDRICAL_SURFACE('',#1990,1.50000000000006);
#167=CYLINDRICAL_SURFACE('',#1994,1.50000000000006);
#168=CYLINDRICAL_SURFACE('',#1998,1.50000000000006);
#169=CYLINDRICAL_SURFACE('',#2002,0.149999999999991);
#170=CYLINDRICAL_SURFACE('',#2005,0.999999999999991);
#171=CYLINDRICAL_SURFACE('',#2008,0.150000000000006);
#172=CYLINDRICAL_SURFACE('',#2012,0.100000000000051);
#173=CYLINDRICAL_SURFACE('',#2016,0.690000000000026);
#174=CYLINDRICAL_SURFACE('',#2020,0.690000000000026);
#175=CYLINDRICAL_SURFACE('',#2024,0.690000000000026);
#176=CYLINDRICAL_SURFACE('',#2028,0.690000000000026);
#177=CYLINDRICAL_SURFACE('',#2032,0.100000000000051);
#178=CYLINDRICAL_SURFACE('',#2035,1.59999999999997);
#179=CYLINDRICAL_SURFACE('',#2038,1.59999999999997);
#180=CYLINDRICAL_SURFACE('',#2041,1.59999999999997);
#181=CYLINDRICAL_SURFACE('',#2044,1.59999999999997);
#182=CYLINDRICAL_SURFACE('',#2047,0.999999999999943);
#183=CYLINDRICAL_SURFACE('',#2050,0.999999999999943);
#184=CYLINDRICAL_SURFACE('',#2053,1.59999999999997);
#185=CYLINDRICAL_SURFACE('',#2056,1.59999999999997);
#186=CYLINDRICAL_SURFACE('',#2059,1.59999999999997);
#187=CYLINDRICAL_SURFACE('',#2062,1.59999999999997);
#188=CYLINDRICAL_SURFACE('',#2065,0.999999999999943);
#189=CYLINDRICAL_SURFACE('',#2068,0.999999999999943);
#190=CYLINDRICAL_SURFACE('',#2072,0.690000000000026);
#191=CYLINDRICAL_SURFACE('',#2076,0.690000000000026);
#192=CYLINDRICAL_SURFACE('',#2080,1.36899999999997);
#193=CYLINDRICAL_SURFACE('',#2084,0.690000000000026);
#194=CYLINDRICAL_SURFACE('',#2088,4.00000000000006);
#195=CYLINDRICAL_SURFACE('',#2092,3.99999999999999);
#196=CYLINDRICAL_SURFACE('',#2096,0.69000000000002);
#197=CYLINDRICAL_SURFACE('',#2099,1.36899999999997);
#198=CYLINDRICAL_SURFACE('',#2103,0.690000000000026);
#199=CYLINDRICAL_SURFACE('',#2107,0.690000000000026);
#200=CYLINDRICAL_SURFACE('',#2111,2.09999999999994);
#201=CYLINDRICAL_SURFACE('',#2115,0.690000000000026);
#202=CYLINDRICAL_SURFACE('',#2119,0.690000000000026);
#203=CYLINDRICAL_SURFACE('',#2123,1.36899999999997);
#204=CYLINDRICAL_SURFACE('',#2126,0.690000000000015);
#205=CYLINDRICAL_SURFACE('',#2130,3.99999999999999);
#206=CYLINDRICAL_SURFACE('',#2134,4.00000000000006);
#207=CYLINDRICAL_SURFACE('',#2138,0.690000000000026);
#208=CYLINDRICAL_SURFACE('',#2142,1.36899999999997);
#209=CYLINDRICAL_SURFACE('',#2146,0.690000000000026);
#210=CYLINDRICAL_SURFACE('',#2150,0.690000000000026);
#211=CYLINDRICAL_SURFACE('',#2154,2.09999999999852);
#212=FACE_OUTER_BOUND('',#308,.T.);
#213=FACE_OUTER_BOUND('',#309,.T.);
#214=FACE_OUTER_BOUND('',#310,.T.);
#215=FACE_OUTER_BOUND('',#311,.T.);
#216=FACE_OUTER_BOUND('',#312,.T.);
#217=FACE_OUTER_BOUND('',#313,.T.);
#218=FACE_OUTER_BOUND('',#314,.T.);
#219=FACE_OUTER_BOUND('',#315,.T.);
#220=FACE_OUTER_BOUND('',#316,.T.);
#221=FACE_OUTER_BOUND('',#317,.T.);
#222=FACE_OUTER_BOUND('',#318,.T.);
#223=FACE_OUTER_BOUND('',#319,.T.);
#224=FACE_OUTER_BOUND('',#320,.T.);
#225=FACE_OUTER_BOUND('',#321,.T.);
#226=FACE_OUTER_BOUND('',#322,.T.);
#227=FACE_OUTER_BOUND('',#323,.T.);
#228=FACE_OUTER_BOUND('',#324,.T.);
#229=FACE_OUTER_BOUND('',#325,.T.);
#230=FACE_OUTER_BOUND('',#326,.T.);
#231=FACE_OUTER_BOUND('',#327,.T.);
#232=FACE_OUTER_BOUND('',#328,.T.);
#233=FACE_OUTER_BOUND('',#329,.T.);
#234=FACE_OUTER_BOUND('',#330,.T.);
#235=FACE_OUTER_BOUND('',#331,.T.);
#236=FACE_OUTER_BOUND('',#332,.T.);
#237=FACE_OUTER_BOUND('',#333,.T.);
#238=FACE_OUTER_BOUND('',#334,.T.);
#239=FACE_OUTER_BOUND('',#335,.T.);
#240=FACE_OUTER_BOUND('',#336,.T.);
#241=FACE_OUTER_BOUND('',#337,.T.);
#242=FACE_OUTER_BOUND('',#338,.T.);
#243=FACE_OUTER_BOUND('',#339,.T.);
#244=FACE_OUTER_BOUND('',#340,.T.);
#245=FACE_OUTER_BOUND('',#341,.T.);
#246=FACE_OUTER_BOUND('',#342,.T.);
#247=FACE_OUTER_BOUND('',#343,.T.);
#248=FACE_OUTER_BOUND('',#344,.T.);
#249=FACE_OUTER_BOUND('',#345,.T.);
#250=FACE_OUTER_BOUND('',#346,.T.);
#251=FACE_OUTER_BOUND('',#347,.T.);
#252=FACE_OUTER_BOUND('',#348,.T.);
#253=FACE_OUTER_BOUND('',#349,.T.);
#254=FACE_OUTER_BOUND('',#350,.T.);
#255=FACE_OUTER_BOUND('',#351,.T.);
#256=FACE_OUTER_BOUND('',#352,.T.);
#257=FACE_OUTER_BOUND('',#353,.T.);
#258=FACE_OUTER_BOUND('',#354,.T.);
#259=FACE_OUTER_BOUND('',#355,.T.);
#260=FACE_OUTER_BOUND('',#356,.T.);
#261=FACE_OUTER_BOUND('',#357,.T.);
#262=FACE_OUTER_BOUND('',#358,.T.);
#263=FACE_OUTER_BOUND('',#359,.T.);
#264=FACE_OUTER_BOUND('',#360,.T.);
#265=FACE_OUTER_BOUND('',#361,.T.);
#266=FACE_OUTER_BOUND('',#362,.T.);
#267=FACE_OUTER_BOUND('',#363,.T.);
#268=FACE_OUTER_BOUND('',#364,.T.);
#269=FACE_OUTER_BOUND('',#365,.T.);
#270=FACE_OUTER_BOUND('',#366,.T.);
#271=FACE_OUTER_BOUND('',#367,.T.);
#272=FACE_OUTER_BOUND('',#368,.T.);
#273=FACE_OUTER_BOUND('',#369,.T.);
#274=FACE_OUTER_BOUND('',#370,.T.);
#275=FACE_OUTER_BOUND('',#371,.T.);
#276=FACE_OUTER_BOUND('',#372,.T.);
#277=FACE_OUTER_BOUND('',#373,.T.);
#278=FACE_OUTER_BOUND('',#374,.T.);
#279=FACE_OUTER_BOUND('',#375,.T.);
#280=FACE_OUTER_BOUND('',#376,.T.);
#281=FACE_OUTER_BOUND('',#377,.T.);
#282=FACE_OUTER_BOUND('',#378,.T.);
#283=FACE_OUTER_BOUND('',#379,.T.);
#284=FACE_OUTER_BOUND('',#380,.T.);
#285=FACE_OUTER_BOUND('',#381,.T.);
#286=FACE_OUTER_BOUND('',#382,.T.);
#287=FACE_OUTER_BOUND('',#383,.T.);
#288=FACE_OUTER_BOUND('',#384,.T.);
#289=FACE_OUTER_BOUND('',#385,.T.);
#290=FACE_OUTER_BOUND('',#386,.T.);
#291=FACE_OUTER_BOUND('',#387,.T.);
#292=FACE_OUTER_BOUND('',#388,.T.);
#293=FACE_OUTER_BOUND('',#389,.T.);
#294=FACE_OUTER_BOUND('',#390,.T.);
#295=FACE_OUTER_BOUND('',#391,.T.);
#296=FACE_OUTER_BOUND('',#392,.T.);
#297=FACE_OUTER_BOUND('',#393,.T.);
#298=FACE_OUTER_BOUND('',#394,.T.);
#299=FACE_OUTER_BOUND('',#395,.T.);
#300=FACE_OUTER_BOUND('',#396,.T.);
#301=FACE_OUTER_BOUND('',#397,.T.);
#302=FACE_OUTER_BOUND('',#398,.T.);
#303=FACE_OUTER_BOUND('',#399,.T.);
#304=FACE_OUTER_BOUND('',#400,.T.);
#305=FACE_OUTER_BOUND('',#401,.T.);
#306=FACE_OUTER_BOUND('',#402,.T.);
#307=FACE_OUTER_BOUND('',#416,.T.);
#308=EDGE_LOOP('',(#1236,#1237,#1238,#1239));
#309=EDGE_LOOP('',(#1240,#1241,#1242,#1243));
#310=EDGE_LOOP('',(#1244,#1245,#1246,#1247));
#311=EDGE_LOOP('',(#1248,#1249,#1250,#1251));
#312=EDGE_LOOP('',(#1252,#1253,#1254,#1255));
#313=EDGE_LOOP('',(#1256,#1257,#1258,#1259));
#314=EDGE_LOOP('',(#1260,#1261,#1262,#1263));
#315=EDGE_LOOP('',(#1264,#1265,#1266,#1267));
#316=EDGE_LOOP('',(#1268,#1269,#1270,#1271));
#317=EDGE_LOOP('',(#1272,#1273,#1274,#1275));
#318=EDGE_LOOP('',(#1276,#1277,#1278,#1279));
#319=EDGE_LOOP('',(#1280,#1281,#1282,#1283));
#320=EDGE_LOOP('',(#1284,#1285,#1286,#1287));
#321=EDGE_LOOP('',(#1288,#1289,#1290,#1291));
#322=EDGE_LOOP('',(#1292,#1293,#1294,#1295));
#323=EDGE_LOOP('',(#1296,#1297,#1298,#1299));
#324=EDGE_LOOP('',(#1300,#1301,#1302,#1303));
#325=EDGE_LOOP('',(#1304,#1305,#1306,#1307));
#326=EDGE_LOOP('',(#1308,#1309,#1310,#1311));
#327=EDGE_LOOP('',(#1312,#1313,#1314,#1315));
#328=EDGE_LOOP('',(#1316,#1317,#1318,#1319));
#329=EDGE_LOOP('',(#1320,#1321,#1322,#1323));
#330=EDGE_LOOP('',(#1324,#1325,#1326,#1327));
#331=EDGE_LOOP('',(#1328,#1329,#1330,#1331));
#332=EDGE_LOOP('',(#1332,#1333,#1334,#1335));
#333=EDGE_LOOP('',(#1336,#1337,#1338,#1339));
#334=EDGE_LOOP('',(#1340,#1341,#1342,#1343));
#335=EDGE_LOOP('',(#1344,#1345,#1346,#1347));
#336=EDGE_LOOP('',(#1348,#1349,#1350,#1351));
#337=EDGE_LOOP('',(#1352,#1353,#1354,#1355));
#338=EDGE_LOOP('',(#1356,#1357,#1358,#1359));
#339=EDGE_LOOP('',(#1360,#1361,#1362,#1363));
#340=EDGE_LOOP('',(#1364,#1365,#1366,#1367));
#341=EDGE_LOOP('',(#1368,#1369,#1370,#1371));
#342=EDGE_LOOP('',(#1372,#1373,#1374,#1375));
#343=EDGE_LOOP('',(#1376,#1377,#1378,#1379));
#344=EDGE_LOOP('',(#1380,#1381,#1382,#1383));
#345=EDGE_LOOP('',(#1384,#1385,#1386,#1387));
#346=EDGE_LOOP('',(#1388,#1389,#1390,#1391));
#347=EDGE_LOOP('',(#1392,#1393,#1394,#1395));
#348=EDGE_LOOP('',(#1396,#1397,#1398,#1399));
#349=EDGE_LOOP('',(#1400,#1401,#1402,#1403));
#350=EDGE_LOOP('',(#1404,#1405,#1406,#1407));
#351=EDGE_LOOP('',(#1408,#1409,#1410,#1411));
#352=EDGE_LOOP('',(#1412,#1413,#1414,#1415));
#353=EDGE_LOOP('',(#1416,#1417,#1418,#1419));
#354=EDGE_LOOP('',(#1420,#1421,#1422,#1423));
#355=EDGE_LOOP('',(#1424,#1425,#1426,#1427));
#356=EDGE_LOOP('',(#1428,#1429,#1430,#1431));
#357=EDGE_LOOP('',(#1432,#1433,#1434,#1435));
#358=EDGE_LOOP('',(#1436,#1437,#1438,#1439));
#359=EDGE_LOOP('',(#1440,#1441,#1442,#1443));
#360=EDGE_LOOP('',(#1444,#1445,#1446,#1447));
#361=EDGE_LOOP('',(#1448,#1449,#1450,#1451));
#362=EDGE_LOOP('',(#1452,#1453,#1454,#1455));
#363=EDGE_LOOP('',(#1456,#1457,#1458,#1459));
#364=EDGE_LOOP('',(#1460,#1461,#1462,#1463));
#365=EDGE_LOOP('',(#1464,#1465,#1466,#1467));
#366=EDGE_LOOP('',(#1468,#1469,#1470,#1471));
#367=EDGE_LOOP('',(#1472,#1473,#1474,#1475));
#368=EDGE_LOOP('',(#1476,#1477,#1478,#1479));
#369=EDGE_LOOP('',(#1480,#1481,#1482,#1483));
#370=EDGE_LOOP('',(#1484,#1485,#1486,#1487));
#371=EDGE_LOOP('',(#1488,#1489,#1490,#1491));
#372=EDGE_LOOP('',(#1492,#1493,#1494,#1495));
#373=EDGE_LOOP('',(#1496,#1497,#1498,#1499));
#374=EDGE_LOOP('',(#1500,#1501,#1502,#1503));
#375=EDGE_LOOP('',(#1504,#1505,#1506,#1507));
#376=EDGE_LOOP('',(#1508,#1509,#1510,#1511));
#377=EDGE_LOOP('',(#1512,#1513,#1514,#1515));
#378=EDGE_LOOP('',(#1516,#1517,#1518,#1519));
#379=EDGE_LOOP('',(#1520,#1521,#1522,#1523));
#380=EDGE_LOOP('',(#1524,#1525,#1526,#1527));
#381=EDGE_LOOP('',(#1528,#1529,#1530,#1531));
#382=EDGE_LOOP('',(#1532,#1533,#1534,#1535));
#383=EDGE_LOOP('',(#1536,#1537,#1538,#1539));
#384=EDGE_LOOP('',(#1540,#1541,#1542,#1543));
#385=EDGE_LOOP('',(#1544,#1545,#1546,#1547));
#386=EDGE_LOOP('',(#1548,#1549,#1550,#1551));
#387=EDGE_LOOP('',(#1552,#1553,#1554,#1555));
#388=EDGE_LOOP('',(#1556,#1557,#1558,#1559));
#389=EDGE_LOOP('',(#1560,#1561,#1562,#1563));
#390=EDGE_LOOP('',(#1564,#1565,#1566,#1567));
#391=EDGE_LOOP('',(#1568,#1569,#1570,#1571));
#392=EDGE_LOOP('',(#1572,#1573,#1574,#1575));
#393=EDGE_LOOP('',(#1576,#1577,#1578,#1579));
#394=EDGE_LOOP('',(#1580,#1581,#1582,#1583));
#395=EDGE_LOOP('',(#1584,#1585,#1586,#1587));
#396=EDGE_LOOP('',(#1588,#1589,#1590,#1591));
#397=EDGE_LOOP('',(#1592,#1593,#1594,#1595));
#398=EDGE_LOOP('',(#1596,#1597,#1598,#1599));
#399=EDGE_LOOP('',(#1600,#1601,#1602,#1603));
#400=EDGE_LOOP('',(#1604,#1605,#1606,#1607));
#401=EDGE_LOOP('',(#1608,#1609,#1610,#1611));
#402=EDGE_LOOP('',(#1612,#1613,#1614,#1615,#1616,#1617,#1618,#1619,#1620,
#1621,#1622,#1623,#1624,#1625,#1626,#1627,#1628,#1629,#1630,#1631,#1632,
#1633,#1634,#1635,#1636,#1637,#1638,#1639,#1640,#1641,#1642,#1643,#1644,
#1645,#1646,#1647,#1648,#1649,#1650,#1651,#1652,#1653));
#403=EDGE_LOOP('',(#1654));
#404=EDGE_LOOP('',(#1655));
#405=EDGE_LOOP('',(#1656));
#406=EDGE_LOOP('',(#1657));
#407=EDGE_LOOP('',(#1658));
#408=EDGE_LOOP('',(#1659));
#409=EDGE_LOOP('',(#1660));
#410=EDGE_LOOP('',(#1661));
#411=EDGE_LOOP('',(#1662));
#412=EDGE_LOOP('',(#1663));
#413=EDGE_LOOP('',(#1664));
#414=EDGE_LOOP('',(#1665));
#415=EDGE_LOOP('',(#1666,#1667,#1668,#1669,#1670,#1671,#1672,#1673,#1674,
#1675,#1676,#1677,#1678,#1679,#1680,#1681,#1682,#1683,#1684,#1685,#1686,
#1687,#1688,#1689,#1690,#1691,#1692,#1693,#1694,#1695,#1696,#1697,#1698,
#1699,#1700,#1701,#1702,#1703,#1704,#1705));
#416=EDGE_LOOP('',(#1706,#1707,#1708,#1709,#1710,#1711,#1712,#1713,#1714,
#1715,#1716,#1717,#1718,#1719,#1720,#1721,#1722,#1723,#1724,#1725,#1726,
#1727,#1728,#1729,#1730,#1731,#1732,#1733,#1734,#1735,#1736,#1737,#1738,
#1739,#1740,#1741,#1742,#1743,#1744,#1745,#1746,#1747));
#417=EDGE_LOOP('',(#1748));
#418=EDGE_LOOP('',(#1749));
#419=EDGE_LOOP('',(#1750));
#420=EDGE_LOOP('',(#1751));
#421=EDGE_LOOP('',(#1752));
#422=EDGE_LOOP('',(#1753));
#423=EDGE_LOOP('',(#1754));
#424=EDGE_LOOP('',(#1755));
#425=EDGE_LOOP('',(#1756));
#426=EDGE_LOOP('',(#1757));
#427=EDGE_LOOP('',(#1758));
#428=EDGE_LOOP('',(#1759));
#429=EDGE_LOOP('',(#1760,#1761,#1762,#1763,#1764,#1765,#1766,#1767,#1768,
#1769,#1770,#1771,#1772,#1773,#1774,#1775,#1776,#1777,#1778,#1779,#1780,
#1781,#1782,#1783,#1784,#1785,#1786,#1787,#1788,#1789,#1790,#1791,#1792,
#1793,#1794,#1795,#1796,#1797,#1798,#1799));
#430=LINE('',#2753,#598);
#431=LINE('',#2755,#599);
#432=LINE('',#2757,#600);
#433=LINE('',#2758,#601);
#434=LINE('',#2764,#602);
#435=LINE('',#2770,#603);
#436=LINE('',#2776,#604);
#437=LINE('',#2779,#605);
#438=LINE('',#2781,#606);
#439=LINE('',#2782,#607);
#440=LINE('',#2788,#608);
#441=LINE('',#2791,#609);
#442=LINE('',#2793,#610);
#443=LINE('',#2794,#611);
#444=LINE('',#2800,#612);
#445=LINE('',#2803,#613);
#446=LINE('',#2805,#614);
#447=LINE('',#2806,#615);
#448=LINE('',#2812,#616);
#449=LINE('',#2815,#617);
#450=LINE('',#2817,#618);
#451=LINE('',#2818,#619);
#452=LINE('',#2824,#620);
#453=LINE('',#2827,#621);
#454=LINE('',#2829,#622);
#455=LINE('',#2830,#623);
#456=LINE('',#2836,#624);
#457=LINE('',#2842,#625);
#458=LINE('',#2848,#626);
#459=LINE('',#2851,#627);
#460=LINE('',#2853,#628);
#461=LINE('',#2854,#629);
#462=LINE('',#2860,#630);
#463=LINE('',#2863,#631);
#464=LINE('',#2865,#632);
#465=LINE('',#2866,#633);
#466=LINE('',#2872,#634);
#467=LINE('',#2875,#635);
#468=LINE('',#2877,#636);
#469=LINE('',#2878,#637);
#470=LINE('',#2884,#638);
#471=LINE('',#2887,#639);
#472=LINE('',#2889,#640);
#473=LINE('',#2890,#641);
#474=LINE('',#2896,#642);
#475=LINE('',#2899,#643);
#476=LINE('',#2901,#644);
#477=LINE('',#2902,#645);
#478=LINE('',#2908,#646);
#479=LINE('',#2914,#647);
#480=LINE('',#2920,#648);
#481=LINE('',#2923,#649);
#482=LINE('',#2925,#650);
#483=LINE('',#2926,#651);
#484=LINE('',#2932,#652);
#485=LINE('',#2935,#653);
#486=LINE('',#2937,#654);
#487=LINE('',#2938,#655);
#488=LINE('',#2944,#656);
#489=LINE('',#2947,#657);
#490=LINE('',#2949,#658);
#491=LINE('',#2950,#659);
#492=LINE('',#2956,#660);
#493=LINE('',#2959,#661);
#494=LINE('',#2961,#662);
#495=LINE('',#2962,#663);
#496=LINE('',#2968,#664);
#497=LINE('',#2971,#665);
#498=LINE('',#2973,#666);
#499=LINE('',#2974,#667);
#500=LINE('',#2980,#668);
#501=LINE('',#2983,#669);
#502=LINE('',#2985,#670);
#503=LINE('',#2986,#671);
#504=LINE('',#2994,#672);
#505=LINE('',#3000,#673);
#506=LINE('',#3006,#674);
#507=LINE('',#3012,#675);
#508=LINE('',#3018,#676);
#509=LINE('',#3024,#677);
#510=LINE('',#3030,#678);
#511=LINE('',#3036,#679);
#512=LINE('',#3042,#680);
#513=LINE('',#3048,#681);
#514=LINE('',#3054,#682);
#515=LINE('',#3060,#683);
#516=LINE('',#3065,#684);
#517=LINE('',#3067,#685);
#518=LINE('',#3069,#686);
#519=LINE('',#3070,#687);
#520=LINE('',#3076,#688);
#521=LINE('',#3079,#689);
#522=LINE('',#3081,#690);
#523=LINE('',#3082,#691);
#524=LINE('',#3088,#692);
#525=LINE('',#3091,#693);
#526=LINE('',#3093,#694);
#527=LINE('',#3094,#695);
#528=LINE('',#3100,#696);
#529=LINE('',#3103,#697);
#530=LINE('',#3105,#698);
#531=LINE('',#3106,#699);
#532=LINE('',#3112,#700);
#533=LINE('',#3115,#701);
#534=LINE('',#3117,#702);
#535=LINE('',#3118,#703);
#536=LINE('',#3124,#704);
#537=LINE('',#3127,#705);
#538=LINE('',#3129,#706);
#539=LINE('',#3130,#707);
#540=LINE('',#3136,#708);
#541=LINE('',#3139,#709);
#542=LINE('',#3141,#710);
#543=LINE('',#3142,#711);
#544=LINE('',#3148,#712);
#545=LINE('',#3154,#713);
#546=LINE('',#3157,#714);
#547=LINE('',#3159,#715);
#548=LINE('',#3160,#716);
#549=LINE('',#3166,#717);
#550=LINE('',#3169,#718);
#551=LINE('',#3171,#719);
#552=LINE('',#3172,#720);
#553=LINE('',#3178,#721);
#554=LINE('',#3181,#722);
#555=LINE('',#3183,#723);
#556=LINE('',#3184,#724);
#557=LINE('',#3190,#725);
#558=LINE('',#3193,#726);
#559=LINE('',#3195,#727);
#560=LINE('',#3196,#728);
#561=LINE('',#3202,#729);
#562=LINE('',#3205,#730);
#563=LINE('',#3207,#731);
#564=LINE('',#3208,#732);
#565=LINE('',#3214,#733);
#566=LINE('',#3217,#734);
#567=LINE('',#3219,#735);
#568=LINE('',#3220,#736);
#569=LINE('',#3226,#737);
#570=LINE('',#3232,#738);
#571=LINE('',#3235,#739);
#572=LINE('',#3237,#740);
#573=LINE('',#3238,#741);
#574=LINE('',#3244,#742);
#575=LINE('',#3247,#743);
#576=LINE('',#3249,#744);
#577=LINE('',#3250,#745);
#578=LINE('',#3256,#746);
#579=LINE('',#3259,#747);
#580=LINE('',#3261,#748);
#581=LINE('',#3262,#749);
#582=LINE('',#3268,#750);
#583=LINE('',#3271,#751);
#584=LINE('',#3273,#752);
#585=LINE('',#3274,#753);
#586=LINE('',#3280,#754);
#587=LINE('',#3283,#755);
#588=LINE('',#3285,#756);
#589=LINE('',#3286,#757);
#590=LINE('',#3292,#758);
#591=LINE('',#3295,#759);
#592=LINE('',#3297,#760);
#593=LINE('',#3298,#761);
#594=LINE('',#3304,#762);
#595=LINE('',#3307,#763);
#596=LINE('',#3309,#764);
#597=LINE('',#3310,#765);
#598=VECTOR('',#2163,10.);
#599=VECTOR('',#2164,10.);
#600=VECTOR('',#2165,10.);
#601=VECTOR('',#2166,10.);
#602=VECTOR('',#2173,10.);
#603=VECTOR('',#2180,10.);
#604=VECTOR('',#2187,10.);
#605=VECTOR('',#2190,10.);
#606=VECTOR('',#2191,10.);
#607=VECTOR('',#2192,10.);
#608=VECTOR('',#2199,10.);
#609=VECTOR('',#2202,10.);
#610=VECTOR('',#2203,10.);
#611=VECTOR('',#2204,10.);
#612=VECTOR('',#2211,10.);
#613=VECTOR('',#2214,10.);
#614=VECTOR('',#2215,10.);
#615=VECTOR('',#2216,10.);
#616=VECTOR('',#2223,10.);
#617=VECTOR('',#2226,10.);
#618=VECTOR('',#2227,10.);
#619=VECTOR('',#2228,10.);
#620=VECTOR('',#2235,10.);
#621=VECTOR('',#2238,10.);
#622=VECTOR('',#2239,10.);
#623=VECTOR('',#2240,10.);
#624=VECTOR('',#2247,10.);
#625=VECTOR('',#2254,10.);
#626=VECTOR('',#2261,10.);
#627=VECTOR('',#2264,10.);
#628=VECTOR('',#2265,10.);
#629=VECTOR('',#2266,10.);
#630=VECTOR('',#2273,10.);
#631=VECTOR('',#2276,10.);
#632=VECTOR('',#2277,10.);
#633=VECTOR('',#2278,10.);
#634=VECTOR('',#2285,10.);
#635=VECTOR('',#2288,10.);
#636=VECTOR('',#2289,10.);
#637=VECTOR('',#2290,10.);
#638=VECTOR('',#2297,10.);
#639=VECTOR('',#2300,10.);
#640=VECTOR('',#2301,10.);
#641=VECTOR('',#2302,10.);
#642=VECTOR('',#2309,10.);
#643=VECTOR('',#2312,10.);
#644=VECTOR('',#2313,10.);
#645=VECTOR('',#2314,10.);
#646=VECTOR('',#2321,10.);
#647=VECTOR('',#2328,10.);
#648=VECTOR('',#2335,10.);
#649=VECTOR('',#2338,10.);
#650=VECTOR('',#2339,10.);
#651=VECTOR('',#2340,10.);
#652=VECTOR('',#2347,10.);
#653=VECTOR('',#2350,10.);
#654=VECTOR('',#2351,10.);
#655=VECTOR('',#2352,10.);
#656=VECTOR('',#2359,10.);
#657=VECTOR('',#2362,10.);
#658=VECTOR('',#2363,10.);
#659=VECTOR('',#2364,10.);
#660=VECTOR('',#2371,10.);
#661=VECTOR('',#2374,10.);
#662=VECTOR('',#2375,10.);
#663=VECTOR('',#2376,10.);
#664=VECTOR('',#2383,10.);
#665=VECTOR('',#2386,10.);
#666=VECTOR('',#2387,10.);
#667=VECTOR('',#2388,10.);
#668=VECTOR('',#2395,10.);
#669=VECTOR('',#2398,10.);
#670=VECTOR('',#2399,10.);
#671=VECTOR('',#2400,10.);
#672=VECTOR('',#2411,1.59999999999997);
#673=VECTOR('',#2418,1.59999999999997);
#674=VECTOR('',#2425,1.59999999999997);
#675=VECTOR('',#2432,1.59999999999997);
#676=VECTOR('',#2439,0.999999999999943);
#677=VECTOR('',#2446,0.999999999999943);
#678=VECTOR('',#2453,1.59999999999997);
#679=VECTOR('',#2460,1.59999999999997);
#680=VECTOR('',#2467,1.59999999999997);
#681=VECTOR('',#2474,1.59999999999997);
#682=VECTOR('',#2481,0.999999999999943);
#683=VECTOR('',#2488,0.999999999999943);
#684=VECTOR('',#2493,10.);
#685=VECTOR('',#2494,10.);
#686=VECTOR('',#2495,10.);
#687=VECTOR('',#2496,10.);
#688=VECTOR('',#2503,10.);
#689=VECTOR('',#2506,10.);
#690=VECTOR('',#2507,10.);
#691=VECTOR('',#2508,10.);
#692=VECTOR('',#2515,10.);
#693=VECTOR('',#2518,10.);
#694=VECTOR('',#2519,10.);
#695=VECTOR('',#2520,10.);
#696=VECTOR('',#2527,10.);
#697=VECTOR('',#2530,10.);
#698=VECTOR('',#2531,10.);
#699=VECTOR('',#2532,10.);
#700=VECTOR('',#2539,10.);
#701=VECTOR('',#2542,10.);
#702=VECTOR('',#2543,10.);
#703=VECTOR('',#2544,10.);
#704=VECTOR('',#2551,10.);
#705=VECTOR('',#2554,10.);
#706=VECTOR('',#2555,10.);
#707=VECTOR('',#2556,10.);
#708=VECTOR('',#2563,10.);
#709=VECTOR('',#2566,10.);
#710=VECTOR('',#2567,10.);
#711=VECTOR('',#2568,10.);
#712=VECTOR('',#2575,10.);
#713=VECTOR('',#2582,10.);
#714=VECTOR('',#2585,10.);
#715=VECTOR('',#2586,10.);
#716=VECTOR('',#2587,10.);
#717=VECTOR('',#2594,10.);
#718=VECTOR('',#2597,10.);
#719=VECTOR('',#2598,10.);
#720=VECTOR('',#2599,10.);
#721=VECTOR('',#2606,10.);
#722=VECTOR('',#2609,10.);
#723=VECTOR('',#2610,10.);
#724=VECTOR('',#2611,10.);
#725=VECTOR('',#2618,10.);
#726=VECTOR('',#2621,10.);
#727=VECTOR('',#2622,10.);
#728=VECTOR('',#2623,10.);
#729=VECTOR('',#2630,10.);
#730=VECTOR('',#2633,10.);
#731=VECTOR('',#2634,10.);
#732=VECTOR('',#2635,10.);
#733=VECTOR('',#2642,10.);
#734=VECTOR('',#2645,10.);
#735=VECTOR('',#2646,10.);
#736=VECTOR('',#2647,10.);
#737=VECTOR('',#2654,10.);
#738=VECTOR('',#2661,10.);
#739=VECTOR('',#2664,10.);
#740=VECTOR('',#2665,10.);
#741=VECTOR('',#2666,10.);
#742=VECTOR('',#2673,10.);
#743=VECTOR('',#2676,10.);
#744=VECTOR('',#2677,10.);
#745=VECTOR('',#2678,10.);
#746=VECTOR('',#2685,10.);
#747=VECTOR('',#2688,10.);
#748=VECTOR('',#2689,10.);
#749=VECTOR('',#2690,10.);
#750=VECTOR('',#2697,10.);
#751=VECTOR('',#2700,10.);
#752=VECTOR('',#2701,10.);
#753=VECTOR('',#2702,10.);
#754=VECTOR('',#2709,10.);
#755=VECTOR('',#2712,10.);
#756=VECTOR('',#2713,10.);
#757=VECTOR('',#2714,10.);
#758=VECTOR('',#2721,10.);
#759=VECTOR('',#2724,10.);
#760=VECTOR('',#2725,10.);
#761=VECTOR('',#2726,10.);
#762=VECTOR('',#2733,10.);
#763=VECTOR('',#2736,10.);
#764=VECTOR('',#2737,10.);
#765=VECTOR('',#2738,10.);
#766=VERTEX_POINT('',#2751);
#767=VERTEX_POINT('',#2752);
#768=VERTEX_POINT('',#2754);
#769=VERTEX_POINT('',#2756);
#770=VERTEX_POINT('',#2760);
#771=VERTEX_POINT('',#2762);
#772=VERTEX_POINT('',#2766);
#773=VERTEX_POINT('',#2768);
#774=VERTEX_POINT('',#2772);
#775=VERTEX_POINT('',#2774);
#776=VERTEX_POINT('',#2778);
#777=VERTEX_POINT('',#2780);
#778=VERTEX_POINT('',#2784);
#779=VERTEX_POINT('',#2786);
#780=VERTEX_POINT('',#2790);
#781=VERTEX_POINT('',#2792);
#782=VERTEX_POINT('',#2796);
#783=VERTEX_POINT('',#2798);
#784=VERTEX_POINT('',#2802);
#785=VERTEX_POINT('',#2804);
#786=VERTEX_POINT('',#2808);
#787=VERTEX_POINT('',#2810);
#788=VERTEX_POINT('',#2814);
#789=VERTEX_POINT('',#2816);
#790=VERTEX_POINT('',#2820);
#791=VERTEX_POINT('',#2822);
#792=VERTEX_POINT('',#2826);
#793=VERTEX_POINT('',#2828);
#794=VERTEX_POINT('',#2832);
#795=VERTEX_POINT('',#2834);
#796=VERTEX_POINT('',#2838);
#797=VERTEX_POINT('',#2840);
#798=VERTEX_POINT('',#2844);
#799=VERTEX_POINT('',#2846);
#800=VERTEX_POINT('',#2850);
#801=VERTEX_POINT('',#2852);
#802=VERTEX_POINT('',#2856);
#803=VERTEX_POINT('',#2858);
#804=VERTEX_POINT('',#2862);
#805=VERTEX_POINT('',#2864);
#806=VERTEX_POINT('',#2868);
#807=VERTEX_POINT('',#2870);
#808=VERTEX_POINT('',#2874);
#809=VERTEX_POINT('',#2876);
#810=VERTEX_POINT('',#2880);
#811=VERTEX_POINT('',#2882);
#812=VERTEX_POINT('',#2886);
#813=VERTEX_POINT('',#2888);
#814=VERTEX_POINT('',#2892);
#815=VERTEX_POINT('',#2894);
#816=VERTEX_POINT('',#2898);
#817=VERTEX_POINT('',#2900);
#818=VERTEX_POINT('',#2904);
#819=VERTEX_POINT('',#2906);
#820=VERTEX_POINT('',#2910);
#821=VERTEX_POINT('',#2912);
#822=VERTEX_POINT('',#2916);
#823=VERTEX_POINT('',#2918);
#824=VERTEX_POINT('',#2922);
#825=VERTEX_POINT('',#2924);
#826=VERTEX_POINT('',#2928);
#827=VERTEX_POINT('',#2930);
#828=VERTEX_POINT('',#2934);
#829=VERTEX_POINT('',#2936);
#830=VERTEX_POINT('',#2940);
#831=VERTEX_POINT('',#2942);
#832=VERTEX_POINT('',#2946);
#833=VERTEX_POINT('',#2948);
#834=VERTEX_POINT('',#2952);
#835=VERTEX_POINT('',#2954);
#836=VERTEX_POINT('',#2958);
#837=VERTEX_POINT('',#2960);
#838=VERTEX_POINT('',#2964);
#839=VERTEX_POINT('',#2966);
#840=VERTEX_POINT('',#2970);
#841=VERTEX_POINT('',#2972);
#842=VERTEX_POINT('',#2976);
#843=VERTEX_POINT('',#2978);
#844=VERTEX_POINT('',#2982);
#845=VERTEX_POINT('',#2984);
#846=VERTEX_POINT('',#2991);
#847=VERTEX_POINT('',#2993);
#848=VERTEX_POINT('',#2997);
#849=VERTEX_POINT('',#2999);
#850=VERTEX_POINT('',#3003);
#851=VERTEX_POINT('',#3005);
#852=VERTEX_POINT('',#3009);
#853=VERTEX_POINT('',#3011);
#854=VERTEX_POINT('',#3015);
#855=VERTEX_POINT('',#3017);
#856=VERTEX_POINT('',#3021);
#857=VERTEX_POINT('',#3023);
#858=VERTEX_POINT('',#3027);
#859=VERTEX_POINT('',#3029);
#860=VERTEX_POINT('',#3033);
#861=VERTEX_POINT('',#3035);
#862=VERTEX_POINT('',#3039);
#863=VERTEX_POINT('',#3041);
#864=VERTEX_POINT('',#3045);
#865=VERTEX_POINT('',#3047);
#866=VERTEX_POINT('',#3051);
#867=VERTEX_POINT('',#3053);
#868=VERTEX_POINT('',#3057);
#869=VERTEX_POINT('',#3059);
#870=VERTEX_POINT('',#3063);
#871=VERTEX_POINT('',#3064);
#872=VERTEX_POINT('',#3066);
#873=VERTEX_POINT('',#3068);
#874=VERTEX_POINT('',#3072);
#875=VERTEX_POINT('',#3074);
#876=VERTEX_POINT('',#3078);
#877=VERTEX_POINT('',#3080);
#878=VERTEX_POINT('',#3084);
#879=VERTEX_POINT('',#3086);
#880=VERTEX_POINT('',#3090);
#881=VERTEX_POINT('',#3092);
#882=VERTEX_POINT('',#3096);
#883=VERTEX_POINT('',#3098);
#884=VERTEX_POINT('',#3102);
#885=VERTEX_POINT('',#3104);
#886=VERTEX_POINT('',#3108);
#887=VERTEX_POINT('',#3110);
#888=VERTEX_POINT('',#3114);
#889=VERTEX_POINT('',#3116);
#890=VERTEX_POINT('',#3120);
#891=VERTEX_POINT('',#3122);
#892=VERTEX_POINT('',#3126);
#893=VERTEX_POINT('',#3128);
#894=VERTEX_POINT('',#3132);
#895=VERTEX_POINT('',#3134);
#896=VERTEX_POINT('',#3138);
#897=VERTEX_POINT('',#3140);
#898=VERTEX_POINT('',#3144);
#899=VERTEX_POINT('',#3146);
#900=VERTEX_POINT('',#3150);
#901=VERTEX_POINT('',#3152);
#902=VERTEX_POINT('',#3156);
#903=VERTEX_POINT('',#3158);
#904=VERTEX_POINT('',#3162);
#905=VERTEX_POINT('',#3164);
#906=VERTEX_POINT('',#3168);
#907=VERTEX_POINT('',#3170);
#908=VERTEX_POINT('',#3174);
#909=VERTEX_POINT('',#3176);
#910=VERTEX_POINT('',#3180);
#911=VERTEX_POINT('',#3182);
#912=VERTEX_POINT('',#3186);
#913=VERTEX_POINT('',#3188);
#914=VERTEX_POINT('',#3192);
#915=VERTEX_POINT('',#3194);
#916=VERTEX_POINT('',#3198);
#917=VERTEX_POINT('',#3200);
#918=VERTEX_POINT('',#3204);
#919=VERTEX_POINT('',#3206);
#920=VERTEX_POINT('',#3210);
#921=VERTEX_POINT('',#3212);
#922=VERTEX_POINT('',#3216);
#923=VERTEX_POINT('',#3218);
#924=VERTEX_POINT('',#3222);
#925=VERTEX_POINT('',#3224);
#926=VERTEX_POINT('',#3228);
#927=VERTEX_POINT('',#3230);
#928=VERTEX_POINT('',#3234);
#929=VERTEX_POINT('',#3236);
#930=VERTEX_POINT('',#3240);
#931=VERTEX_POINT('',#3242);
#932=VERTEX_POINT('',#3246);
#933=VERTEX_POINT('',#3248);
#934=VERTEX_POINT('',#3252);
#935=VERTEX_POINT('',#3254);
#936=VERTEX_POINT('',#3258);
#937=VERTEX_POINT('',#3260);
#938=VERTEX_POINT('',#3264);
#939=VERTEX_POINT('',#3266);
#940=VERTEX_POINT('',#3270);
#941=VERTEX_POINT('',#3272);
#942=VERTEX_POINT('',#3276);
#943=VERTEX_POINT('',#3278);
#944=VERTEX_POINT('',#3282);
#945=VERTEX_POINT('',#3284);
#946=VERTEX_POINT('',#3288);
#947=VERTEX_POINT('',#3290);
#948=VERTEX_POINT('',#3294);
#949=VERTEX_POINT('',#3296);
#950=VERTEX_POINT('',#3300);
#951=VERTEX_POINT('',#3302);
#952=VERTEX_POINT('',#3306);
#953=VERTEX_POINT('',#3308);
#954=EDGE_CURVE('',#766,#767,#430,.T.);
#955=EDGE_CURVE('',#767,#768,#431,.T.);
#956=EDGE_CURVE('',#769,#768,#432,.T.);
#957=EDGE_CURVE('',#766,#769,#433,.T.);
#958=EDGE_CURVE('',#770,#766,#41,.T.);
#959=EDGE_CURVE('',#771,#769,#42,.T.);
#960=EDGE_CURVE('',#770,#771,#434,.T.);
#961=EDGE_CURVE('',#772,#770,#43,.T.);
#962=EDGE_CURVE('',#773,#771,#44,.T.);
#963=EDGE_CURVE('',#772,#773,#435,.T.);
#964=EDGE_CURVE('',#774,#772,#45,.T.);
#965=EDGE_CURVE('',#775,#773,#46,.T.);
#966=EDGE_CURVE('',#774,#775,#436,.T.);
#967=EDGE_CURVE('',#776,#774,#437,.T.);
#968=EDGE_CURVE('',#777,#775,#438,.T.);
#969=EDGE_CURVE('',#776,#777,#439,.T.);
#970=EDGE_CURVE('',#778,#776,#47,.T.);
#971=EDGE_CURVE('',#779,#777,#48,.T.);
#972=EDGE_CURVE('',#778,#779,#440,.T.);
#973=EDGE_CURVE('',#780,#778,#441,.T.);
#974=EDGE_CURVE('',#781,#779,#442,.T.);
#975=EDGE_CURVE('',#780,#781,#443,.T.);
#976=EDGE_CURVE('',#782,#780,#49,.T.);
#977=EDGE_CURVE('',#783,#781,#50,.T.);
#978=EDGE_CURVE('',#782,#783,#444,.T.);
#979=EDGE_CURVE('',#784,#782,#445,.T.);
#980=EDGE_CURVE('',#785,#783,#446,.T.);
#981=EDGE_CURVE('',#784,#785,#447,.T.);
#982=EDGE_CURVE('',#786,#784,#51,.T.);
#983=EDGE_CURVE('',#787,#785,#52,.T.);
#984=EDGE_CURVE('',#786,#787,#448,.T.);
#985=EDGE_CURVE('',#788,#786,#449,.T.);
#986=EDGE_CURVE('',#789,#787,#450,.T.);
#987=EDGE_CURVE('',#788,#789,#451,.T.);
#988=EDGE_CURVE('',#790,#788,#53,.T.);
#989=EDGE_CURVE('',#791,#789,#54,.T.);
#990=EDGE_CURVE('',#790,#791,#452,.T.);
#991=EDGE_CURVE('',#792,#790,#453,.T.);
#992=EDGE_CURVE('',#793,#791,#454,.T.);
#993=EDGE_CURVE('',#792,#793,#455,.T.);
#994=EDGE_CURVE('',#794,#792,#55,.T.);
#995=EDGE_CURVE('',#795,#793,#56,.T.);
#996=EDGE_CURVE('',#794,#795,#456,.T.);
#997=EDGE_CURVE('',#796,#794,#57,.T.);
#998=EDGE_CURVE('',#797,#795,#58,.T.);
#999=EDGE_CURVE('',#796,#797,#457,.T.);
#1000=EDGE_CURVE('',#798,#796,#59,.T.);
#1001=EDGE_CURVE('',#799,#797,#60,.T.);
#1002=EDGE_CURVE('',#798,#799,#458,.T.);
#1003=EDGE_CURVE('',#800,#798,#459,.T.);
#1004=EDGE_CURVE('',#801,#799,#460,.T.);
#1005=EDGE_CURVE('',#800,#801,#461,.T.);
#1006=EDGE_CURVE('',#802,#800,#61,.T.);
#1007=EDGE_CURVE('',#803,#801,#62,.T.);
#1008=EDGE_CURVE('',#802,#803,#462,.T.);
#1009=EDGE_CURVE('',#804,#802,#463,.T.);
#1010=EDGE_CURVE('',#805,#803,#464,.T.);
#1011=EDGE_CURVE('',#804,#805,#465,.T.);
#1012=EDGE_CURVE('',#806,#804,#63,.T.);
#1013=EDGE_CURVE('',#807,#805,#64,.T.);
#1014=EDGE_CURVE('',#806,#807,#466,.T.);
#1015=EDGE_CURVE('',#808,#806,#467,.T.);
#1016=EDGE_CURVE('',#809,#807,#468,.T.);
#1017=EDGE_CURVE('',#808,#809,#469,.T.);
#1018=EDGE_CURVE('',#810,#808,#65,.T.);
#1019=EDGE_CURVE('',#811,#809,#66,.T.);
#1020=EDGE_CURVE('',#810,#811,#470,.T.);
#1021=EDGE_CURVE('',#812,#810,#471,.T.);
#1022=EDGE_CURVE('',#813,#811,#472,.T.);
#1023=EDGE_CURVE('',#812,#813,#473,.T.);
#1024=EDGE_CURVE('',#814,#812,#67,.T.);
#1025=EDGE_CURVE('',#815,#813,#68,.T.);
#1026=EDGE_CURVE('',#814,#815,#474,.T.);
#1027=EDGE_CURVE('',#816,#814,#475,.T.);
#1028=EDGE_CURVE('',#817,#815,#476,.T.);
#1029=EDGE_CURVE('',#816,#817,#477,.T.);
#1030=EDGE_CURVE('',#818,#816,#69,.T.);
#1031=EDGE_CURVE('',#819,#817,#70,.T.);
#1032=EDGE_CURVE('',#818,#819,#478,.T.);
#1033=EDGE_CURVE('',#820,#818,#71,.T.);
#1034=EDGE_CURVE('',#821,#819,#72,.T.);
#1035=EDGE_CURVE('',#820,#821,#479,.T.);
#1036=EDGE_CURVE('',#822,#820,#73,.T.);
#1037=EDGE_CURVE('',#823,#821,#74,.T.);
#1038=EDGE_CURVE('',#822,#823,#480,.T.);
#1039=EDGE_CURVE('',#824,#822,#481,.T.);
#1040=EDGE_CURVE('',#825,#823,#482,.T.);
#1041=EDGE_CURVE('',#824,#825,#483,.T.);
#1042=EDGE_CURVE('',#826,#824,#75,.T.);
#1043=EDGE_CURVE('',#827,#825,#76,.T.);
#1044=EDGE_CURVE('',#826,#827,#484,.T.);
#1045=EDGE_CURVE('',#828,#826,#485,.T.);
#1046=EDGE_CURVE('',#829,#827,#486,.T.);
#1047=EDGE_CURVE('',#828,#829,#487,.T.);
#1048=EDGE_CURVE('',#830,#828,#77,.T.);
#1049=EDGE_CURVE('',#831,#829,#78,.T.);
#1050=EDGE_CURVE('',#830,#831,#488,.T.);
#1051=EDGE_CURVE('',#832,#830,#489,.T.);
#1052=EDGE_CURVE('',#833,#831,#490,.T.);
#1053=EDGE_CURVE('',#832,#833,#491,.T.);
#1054=EDGE_CURVE('',#834,#832,#79,.T.);
#1055=EDGE_CURVE('',#835,#833,#80,.T.);
#1056=EDGE_CURVE('',#834,#835,#492,.T.);
#1057=EDGE_CURVE('',#836,#834,#493,.T.);
#1058=EDGE_CURVE('',#837,#835,#494,.T.);
#1059=EDGE_CURVE('',#836,#837,#495,.T.);
#1060=EDGE_CURVE('',#838,#836,#81,.T.);
#1061=EDGE_CURVE('',#839,#837,#82,.T.);
#1062=EDGE_CURVE('',#838,#839,#496,.T.);
#1063=EDGE_CURVE('',#840,#838,#497,.T.);
#1064=EDGE_CURVE('',#841,#839,#498,.T.);
#1065=EDGE_CURVE('',#840,#841,#499,.T.);
#1066=EDGE_CURVE('',#842,#840,#83,.T.);
#1067=EDGE_CURVE('',#843,#841,#84,.T.);
#1068=EDGE_CURVE('',#842,#843,#500,.T.);
#1069=EDGE_CURVE('',#844,#842,#501,.T.);
#1070=EDGE_CURVE('',#845,#843,#502,.T.);
#1071=EDGE_CURVE('',#844,#845,#503,.T.);
#1072=EDGE_CURVE('',#767,#844,#85,.T.);
#1073=EDGE_CURVE('',#768,#845,#86,.T.);
#1074=EDGE_CURVE('',#846,#846,#87,.T.);
#1075=EDGE_CURVE('',#846,#847,#504,.T.);
#1076=EDGE_CURVE('',#847,#847,#88,.T.);
#1077=EDGE_CURVE('',#848,#848,#89,.T.);
#1078=EDGE_CURVE('',#848,#849,#505,.T.);
#1079=EDGE_CURVE('',#849,#849,#90,.T.);
#1080=EDGE_CURVE('',#850,#850,#91,.T.);
#1081=EDGE_CURVE('',#850,#851,#506,.T.);
#1082=EDGE_CURVE('',#851,#851,#92,.T.);
#1083=EDGE_CURVE('',#852,#852,#93,.T.);
#1084=EDGE_CURVE('',#852,#853,#507,.T.);
#1085=EDGE_CURVE('',#853,#853,#94,.T.);
#1086=EDGE_CURVE('',#854,#854,#95,.T.);
#1087=EDGE_CURVE('',#854,#855,#508,.T.);
#1088=EDGE_CURVE('',#855,#855,#96,.T.);
#1089=EDGE_CURVE('',#856,#856,#97,.T.);
#1090=EDGE_CURVE('',#856,#857,#509,.T.);
#1091=EDGE_CURVE('',#857,#857,#98,.T.);
#1092=EDGE_CURVE('',#858,#858,#99,.T.);
#1093=EDGE_CURVE('',#858,#859,#510,.T.);
#1094=EDGE_CURVE('',#859,#859,#100,.T.);
#1095=EDGE_CURVE('',#860,#860,#101,.T.);
#1096=EDGE_CURVE('',#860,#861,#511,.T.);
#1097=EDGE_CURVE('',#861,#861,#102,.T.);
#1098=EDGE_CURVE('',#862,#862,#103,.T.);
#1099=EDGE_CURVE('',#862,#863,#512,.T.);
#1100=EDGE_CURVE('',#863,#863,#104,.T.);
#1101=EDGE_CURVE('',#864,#864,#105,.T.);
#1102=EDGE_CURVE('',#864,#865,#513,.T.);
#1103=EDGE_CURVE('',#865,#865,#106,.T.);
#1104=EDGE_CURVE('',#866,#866,#107,.T.);
#1105=EDGE_CURVE('',#866,#867,#514,.T.);
#1106=EDGE_CURVE('',#867,#867,#108,.T.);
#1107=EDGE_CURVE('',#868,#868,#109,.T.);
#1108=EDGE_CURVE('',#868,#869,#515,.T.);
#1109=EDGE_CURVE('',#869,#869,#110,.T.);
#1110=EDGE_CURVE('',#870,#871,#516,.T.);
#1111=EDGE_CURVE('',#870,#872,#517,.T.);
#1112=EDGE_CURVE('',#873,#872,#518,.T.);
#1113=EDGE_CURVE('',#871,#873,#519,.T.);
#1114=EDGE_CURVE('',#874,#871,#111,.T.);
#1115=EDGE_CURVE('',#875,#873,#112,.T.);
#1116=EDGE_CURVE('',#874,#875,#520,.T.);
#1117=EDGE_CURVE('',#874,#876,#521,.T.);
#1118=EDGE_CURVE('',#877,#875,#522,.T.);
#1119=EDGE_CURVE('',#876,#877,#523,.T.);
#1120=EDGE_CURVE('',#878,#876,#113,.T.);
#1121=EDGE_CURVE('',#879,#877,#114,.T.);
#1122=EDGE_CURVE('',#878,#879,#524,.T.);
#1123=EDGE_CURVE('',#880,#878,#525,.T.);
#1124=EDGE_CURVE('',#881,#879,#526,.T.);
#1125=EDGE_CURVE('',#880,#881,#527,.T.);
#1126=EDGE_CURVE('',#880,#882,#115,.T.);
#1127=EDGE_CURVE('',#883,#881,#116,.T.);
#1128=EDGE_CURVE('',#882,#883,#528,.T.);
#1129=EDGE_CURVE('',#882,#884,#529,.T.);
#1130=EDGE_CURVE('',#885,#883,#530,.T.);
#1131=EDGE_CURVE('',#884,#885,#531,.T.);
#1132=EDGE_CURVE('',#886,#884,#117,.T.);
#1133=EDGE_CURVE('',#887,#885,#118,.T.);
#1134=EDGE_CURVE('',#886,#887,#532,.T.);
#1135=EDGE_CURVE('',#886,#888,#533,.T.);
#1136=EDGE_CURVE('',#889,#887,#534,.T.);
#1137=EDGE_CURVE('',#888,#889,#535,.T.);
#1138=EDGE_CURVE('',#890,#888,#119,.T.);
#1139=EDGE_CURVE('',#891,#889,#120,.T.);
#1140=EDGE_CURVE('',#890,#891,#536,.T.);
#1141=EDGE_CURVE('',#892,#890,#537,.T.);
#1142=EDGE_CURVE('',#893,#891,#538,.T.);
#1143=EDGE_CURVE('',#892,#893,#539,.T.);
#1144=EDGE_CURVE('',#894,#892,#121,.T.);
#1145=EDGE_CURVE('',#895,#893,#122,.T.);
#1146=EDGE_CURVE('',#894,#895,#540,.T.);
#1147=EDGE_CURVE('',#894,#896,#541,.T.);
#1148=EDGE_CURVE('',#897,#895,#542,.T.);
#1149=EDGE_CURVE('',#896,#897,#543,.T.);
#1150=EDGE_CURVE('',#898,#896,#123,.T.);
#1151=EDGE_CURVE('',#899,#897,#124,.T.);
#1152=EDGE_CURVE('',#898,#899,#544,.T.);
#1153=EDGE_CURVE('',#898,#900,#125,.T.);
#1154=EDGE_CURVE('',#901,#899,#126,.T.);
#1155=EDGE_CURVE('',#900,#901,#545,.T.);
#1156=EDGE_CURVE('',#900,#902,#546,.T.);
#1157=EDGE_CURVE('',#903,#901,#547,.T.);
#1158=EDGE_CURVE('',#902,#903,#548,.T.);
#1159=EDGE_CURVE('',#904,#902,#127,.T.);
#1160=EDGE_CURVE('',#905,#903,#128,.T.);
#1161=EDGE_CURVE('',#904,#905,#549,.T.);
#1162=EDGE_CURVE('',#906,#904,#550,.T.);
#1163=EDGE_CURVE('',#907,#905,#551,.T.);
#1164=EDGE_CURVE('',#906,#907,#552,.T.);
#1165=EDGE_CURVE('',#908,#906,#129,.T.);
#1166=EDGE_CURVE('',#909,#907,#130,.T.);
#1167=EDGE_CURVE('',#908,#909,#553,.T.);
#1168=EDGE_CURVE('',#910,#908,#554,.T.);
#1169=EDGE_CURVE('',#911,#909,#555,.T.);
#1170=EDGE_CURVE('',#910,#911,#556,.T.);
#1171=EDGE_CURVE('',#910,#912,#131,.T.);
#1172=EDGE_CURVE('',#913,#911,#132,.T.);
#1173=EDGE_CURVE('',#912,#913,#557,.T.);
#1174=EDGE_CURVE('',#912,#914,#558,.T.);
#1175=EDGE_CURVE('',#915,#913,#559,.T.);
#1176=EDGE_CURVE('',#914,#915,#560,.T.);
#1177=EDGE_CURVE('',#916,#914,#133,.T.);
#1178=EDGE_CURVE('',#917,#915,#134,.T.);
#1179=EDGE_CURVE('',#916,#917,#561,.T.);
#1180=EDGE_CURVE('',#916,#918,#562,.T.);
#1181=EDGE_CURVE('',#919,#917,#563,.T.);
#1182=EDGE_CURVE('',#918,#919,#564,.T.);
#1183=EDGE_CURVE('',#920,#918,#135,.T.);
#1184=EDGE_CURVE('',#921,#919,#136,.T.);
#1185=EDGE_CURVE('',#920,#921,#565,.T.);
#1186=EDGE_CURVE('',#922,#920,#566,.T.);
#1187=EDGE_CURVE('',#923,#921,#567,.T.);
#1188=EDGE_CURVE('',#922,#923,#568,.T.);
#1189=EDGE_CURVE('',#922,#924,#137,.T.);
#1190=EDGE_CURVE('',#925,#923,#138,.T.);
#1191=EDGE_CURVE('',#924,#925,#569,.T.);
#1192=EDGE_CURVE('',#926,#924,#139,.T.);
#1193=EDGE_CURVE('',#927,#925,#140,.T.);
#1194=EDGE_CURVE('',#926,#927,#570,.T.);
#1195=EDGE_CURVE('',#928,#926,#571,.T.);
#1196=EDGE_CURVE('',#929,#927,#572,.T.);
#1197=EDGE_CURVE('',#928,#929,#573,.T.);
#1198=EDGE_CURVE('',#930,#928,#141,.T.);
#1199=EDGE_CURVE('',#931,#929,#142,.T.);
#1200=EDGE_CURVE('',#930,#931,#574,.T.);
#1201=EDGE_CURVE('',#930,#932,#575,.T.);
#1202=EDGE_CURVE('',#933,#931,#576,.T.);
#1203=EDGE_CURVE('',#932,#933,#577,.T.);
#1204=EDGE_CURVE('',#934,#932,#143,.T.);
#1205=EDGE_CURVE('',#935,#933,#144,.T.);
#1206=EDGE_CURVE('',#934,#935,#578,.T.);
#1207=EDGE_CURVE('',#934,#936,#579,.T.);
#1208=EDGE_CURVE('',#937,#935,#580,.T.);
#1209=EDGE_CURVE('',#936,#937,#581,.T.);
#1210=EDGE_CURVE('',#938,#936,#145,.T.);
#1211=EDGE_CURVE('',#939,#937,#146,.T.);
#1212=EDGE_CURVE('',#938,#939,#582,.T.);
#1213=EDGE_CURVE('',#940,#938,#583,.T.);
#1214=EDGE_CURVE('',#941,#939,#584,.T.);
#1215=EDGE_CURVE('',#940,#941,#585,.T.);
#1216=EDGE_CURVE('',#940,#942,#147,.T.);
#1217=EDGE_CURVE('',#943,#941,#148,.T.);
#1218=EDGE_CURVE('',#942,#943,#586,.T.);
#1219=EDGE_CURVE('',#942,#944,#587,.T.);
#1220=EDGE_CURVE('',#945,#943,#588,.T.);
#1221=EDGE_CURVE('',#944,#945,#589,.T.);
#1222=EDGE_CURVE('',#946,#944,#149,.T.);
#1223=EDGE_CURVE('',#947,#945,#150,.T.);
#1224=EDGE_CURVE('',#946,#947,#590,.T.);
#1225=EDGE_CURVE('',#946,#948,#591,.T.);
#1226=EDGE_CURVE('',#949,#947,#592,.T.);
#1227=EDGE_CURVE('',#948,#949,#593,.T.);
#1228=EDGE_CURVE('',#950,#948,#151,.T.);
#1229=EDGE_CURVE('',#951,#949,#152,.T.);
#1230=EDGE_CURVE('',#950,#951,#594,.T.);
#1231=EDGE_CURVE('',#952,#950,#595,.T.);
#1232=EDGE_CURVE('',#953,#951,#596,.T.);
#1233=EDGE_CURVE('',#952,#953,#597,.T.);
#1234=EDGE_CURVE('',#952,#870,#153,.T.);
#1235=EDGE_CURVE('',#872,#953,#154,.T.);
#1236=ORIENTED_EDGE('',*,*,#954,.T.);
#1237=ORIENTED_EDGE('',*,*,#955,.T.);
#1238=ORIENTED_EDGE('',*,*,#956,.F.);
#1239=ORIENTED_EDGE('',*,*,#957,.F.);
#1240=ORIENTED_EDGE('',*,*,#958,.T.);
#1241=ORIENTED_EDGE('',*,*,#957,.T.);
#1242=ORIENTED_EDGE('',*,*,#959,.F.);
#1243=ORIENTED_EDGE('',*,*,#960,.F.);
#1244=ORIENTED_EDGE('',*,*,#961,.T.);
#1245=ORIENTED_EDGE('',*,*,#960,.T.);
#1246=ORIENTED_EDGE('',*,*,#962,.F.);
#1247=ORIENTED_EDGE('',*,*,#963,.F.);
#1248=ORIENTED_EDGE('',*,*,#964,.T.);
#1249=ORIENTED_EDGE('',*,*,#963,.T.);
#1250=ORIENTED_EDGE('',*,*,#965,.F.);
#1251=ORIENTED_EDGE('',*,*,#966,.F.);
#1252=ORIENTED_EDGE('',*,*,#967,.T.);
#1253=ORIENTED_EDGE('',*,*,#966,.T.);
#1254=ORIENTED_EDGE('',*,*,#968,.F.);
#1255=ORIENTED_EDGE('',*,*,#969,.F.);
#1256=ORIENTED_EDGE('',*,*,#970,.T.);
#1257=ORIENTED_EDGE('',*,*,#969,.T.);
#1258=ORIENTED_EDGE('',*,*,#971,.F.);
#1259=ORIENTED_EDGE('',*,*,#972,.F.);
#1260=ORIENTED_EDGE('',*,*,#973,.T.);
#1261=ORIENTED_EDGE('',*,*,#972,.T.);
#1262=ORIENTED_EDGE('',*,*,#974,.F.);
#1263=ORIENTED_EDGE('',*,*,#975,.F.);
#1264=ORIENTED_EDGE('',*,*,#976,.T.);
#1265=ORIENTED_EDGE('',*,*,#975,.T.);
#1266=ORIENTED_EDGE('',*,*,#977,.F.);
#1267=ORIENTED_EDGE('',*,*,#978,.F.);
#1268=ORIENTED_EDGE('',*,*,#979,.T.);
#1269=ORIENTED_EDGE('',*,*,#978,.T.);
#1270=ORIENTED_EDGE('',*,*,#980,.F.);
#1271=ORIENTED_EDGE('',*,*,#981,.F.);
#1272=ORIENTED_EDGE('',*,*,#982,.T.);
#1273=ORIENTED_EDGE('',*,*,#981,.T.);
#1274=ORIENTED_EDGE('',*,*,#983,.F.);
#1275=ORIENTED_EDGE('',*,*,#984,.F.);
#1276=ORIENTED_EDGE('',*,*,#985,.T.);
#1277=ORIENTED_EDGE('',*,*,#984,.T.);
#1278=ORIENTED_EDGE('',*,*,#986,.F.);
#1279=ORIENTED_EDGE('',*,*,#987,.F.);
#1280=ORIENTED_EDGE('',*,*,#988,.T.);
#1281=ORIENTED_EDGE('',*,*,#987,.T.);
#1282=ORIENTED_EDGE('',*,*,#989,.F.);
#1283=ORIENTED_EDGE('',*,*,#990,.F.);
#1284=ORIENTED_EDGE('',*,*,#991,.T.);
#1285=ORIENTED_EDGE('',*,*,#990,.T.);
#1286=ORIENTED_EDGE('',*,*,#992,.F.);
#1287=ORIENTED_EDGE('',*,*,#993,.F.);
#1288=ORIENTED_EDGE('',*,*,#994,.T.);
#1289=ORIENTED_EDGE('',*,*,#993,.T.);
#1290=ORIENTED_EDGE('',*,*,#995,.F.);
#1291=ORIENTED_EDGE('',*,*,#996,.F.);
#1292=ORIENTED_EDGE('',*,*,#997,.T.);
#1293=ORIENTED_EDGE('',*,*,#996,.T.);
#1294=ORIENTED_EDGE('',*,*,#998,.F.);
#1295=ORIENTED_EDGE('',*,*,#999,.F.);
#1296=ORIENTED_EDGE('',*,*,#1000,.T.);
#1297=ORIENTED_EDGE('',*,*,#999,.T.);
#1298=ORIENTED_EDGE('',*,*,#1001,.F.);
#1299=ORIENTED_EDGE('',*,*,#1002,.F.);
#1300=ORIENTED_EDGE('',*,*,#1003,.T.);
#1301=ORIENTED_EDGE('',*,*,#1002,.T.);
#1302=ORIENTED_EDGE('',*,*,#1004,.F.);
#1303=ORIENTED_EDGE('',*,*,#1005,.F.);
#1304=ORIENTED_EDGE('',*,*,#1006,.T.);
#1305=ORIENTED_EDGE('',*,*,#1005,.T.);
#1306=ORIENTED_EDGE('',*,*,#1007,.F.);
#1307=ORIENTED_EDGE('',*,*,#1008,.F.);
#1308=ORIENTED_EDGE('',*,*,#1009,.T.);
#1309=ORIENTED_EDGE('',*,*,#1008,.T.);
#1310=ORIENTED_EDGE('',*,*,#1010,.F.);
#1311=ORIENTED_EDGE('',*,*,#1011,.F.);
#1312=ORIENTED_EDGE('',*,*,#1012,.T.);
#1313=ORIENTED_EDGE('',*,*,#1011,.T.);
#1314=ORIENTED_EDGE('',*,*,#1013,.F.);
#1315=ORIENTED_EDGE('',*,*,#1014,.F.);
#1316=ORIENTED_EDGE('',*,*,#1015,.T.);
#1317=ORIENTED_EDGE('',*,*,#1014,.T.);
#1318=ORIENTED_EDGE('',*,*,#1016,.F.);
#1319=ORIENTED_EDGE('',*,*,#1017,.F.);
#1320=ORIENTED_EDGE('',*,*,#1018,.T.);
#1321=ORIENTED_EDGE('',*,*,#1017,.T.);
#1322=ORIENTED_EDGE('',*,*,#1019,.F.);
#1323=ORIENTED_EDGE('',*,*,#1020,.F.);
#1324=ORIENTED_EDGE('',*,*,#1021,.T.);
#1325=ORIENTED_EDGE('',*,*,#1020,.T.);
#1326=ORIENTED_EDGE('',*,*,#1022,.F.);
#1327=ORIENTED_EDGE('',*,*,#1023,.F.);
#1328=ORIENTED_EDGE('',*,*,#1024,.T.);
#1329=ORIENTED_EDGE('',*,*,#1023,.T.);
#1330=ORIENTED_EDGE('',*,*,#1025,.F.);
#1331=ORIENTED_EDGE('',*,*,#1026,.F.);
#1332=ORIENTED_EDGE('',*,*,#1027,.T.);
#1333=ORIENTED_EDGE('',*,*,#1026,.T.);
#1334=ORIENTED_EDGE('',*,*,#1028,.F.);
#1335=ORIENTED_EDGE('',*,*,#1029,.F.);
#1336=ORIENTED_EDGE('',*,*,#1030,.T.);
#1337=ORIENTED_EDGE('',*,*,#1029,.T.);
#1338=ORIENTED_EDGE('',*,*,#1031,.F.);
#1339=ORIENTED_EDGE('',*,*,#1032,.F.);
#1340=ORIENTED_EDGE('',*,*,#1033,.T.);
#1341=ORIENTED_EDGE('',*,*,#1032,.T.);
#1342=ORIENTED_EDGE('',*,*,#1034,.F.);
#1343=ORIENTED_EDGE('',*,*,#1035,.F.);
#1344=ORIENTED_EDGE('',*,*,#1036,.T.);
#1345=ORIENTED_EDGE('',*,*,#1035,.T.);
#1346=ORIENTED_EDGE('',*,*,#1037,.F.);
#1347=ORIENTED_EDGE('',*,*,#1038,.F.);
#1348=ORIENTED_EDGE('',*,*,#1039,.T.);
#1349=ORIENTED_EDGE('',*,*,#1038,.T.);
#1350=ORIENTED_EDGE('',*,*,#1040,.F.);
#1351=ORIENTED_EDGE('',*,*,#1041,.F.);
#1352=ORIENTED_EDGE('',*,*,#1042,.T.);
#1353=ORIENTED_EDGE('',*,*,#1041,.T.);
#1354=ORIENTED_EDGE('',*,*,#1043,.F.);
#1355=ORIENTED_EDGE('',*,*,#1044,.F.);
#1356=ORIENTED_EDGE('',*,*,#1045,.T.);
#1357=ORIENTED_EDGE('',*,*,#1044,.T.);
#1358=ORIENTED_EDGE('',*,*,#1046,.F.);
#1359=ORIENTED_EDGE('',*,*,#1047,.F.);
#1360=ORIENTED_EDGE('',*,*,#1048,.T.);
#1361=ORIENTED_EDGE('',*,*,#1047,.T.);
#1362=ORIENTED_EDGE('',*,*,#1049,.F.);
#1363=ORIENTED_EDGE('',*,*,#1050,.F.);
#1364=ORIENTED_EDGE('',*,*,#1051,.T.);
#1365=ORIENTED_EDGE('',*,*,#1050,.T.);
#1366=ORIENTED_EDGE('',*,*,#1052,.F.);
#1367=ORIENTED_EDGE('',*,*,#1053,.F.);
#1368=ORIENTED_EDGE('',*,*,#1054,.T.);
#1369=ORIENTED_EDGE('',*,*,#1053,.T.);
#1370=ORIENTED_EDGE('',*,*,#1055,.F.);
#1371=ORIENTED_EDGE('',*,*,#1056,.F.);
#1372=ORIENTED_EDGE('',*,*,#1057,.T.);
#1373=ORIENTED_EDGE('',*,*,#1056,.T.);
#1374=ORIENTED_EDGE('',*,*,#1058,.F.);
#1375=ORIENTED_EDGE('',*,*,#1059,.F.);
#1376=ORIENTED_EDGE('',*,*,#1060,.T.);
#1377=ORIENTED_EDGE('',*,*,#1059,.T.);
#1378=ORIENTED_EDGE('',*,*,#1061,.F.);
#1379=ORIENTED_EDGE('',*,*,#1062,.F.);
#1380=ORIENTED_EDGE('',*,*,#1063,.T.);
#1381=ORIENTED_EDGE('',*,*,#1062,.T.);
#1382=ORIENTED_EDGE('',*,*,#1064,.F.);
#1383=ORIENTED_EDGE('',*,*,#1065,.F.);
#1384=ORIENTED_EDGE('',*,*,#1066,.T.);
#1385=ORIENTED_EDGE('',*,*,#1065,.T.);
#1386=ORIENTED_EDGE('',*,*,#1067,.F.);
#1387=ORIENTED_EDGE('',*,*,#1068,.F.);
#1388=ORIENTED_EDGE('',*,*,#1069,.T.);
#1389=ORIENTED_EDGE('',*,*,#1068,.T.);
#1390=ORIENTED_EDGE('',*,*,#1070,.F.);
#1391=ORIENTED_EDGE('',*,*,#1071,.F.);
#1392=ORIENTED_EDGE('',*,*,#1072,.T.);
#1393=ORIENTED_EDGE('',*,*,#1071,.T.);
#1394=ORIENTED_EDGE('',*,*,#1073,.F.);
#1395=ORIENTED_EDGE('',*,*,#955,.F.);
#1396=ORIENTED_EDGE('',*,*,#1074,.T.);
#1397=ORIENTED_EDGE('',*,*,#1075,.T.);
#1398=ORIENTED_EDGE('',*,*,#1076,.F.);
#1399=ORIENTED_EDGE('',*,*,#1075,.F.);
#1400=ORIENTED_EDGE('',*,*,#1077,.T.);
#1401=ORIENTED_EDGE('',*,*,#1078,.T.);
#1402=ORIENTED_EDGE('',*,*,#1079,.F.);
#1403=ORIENTED_EDGE('',*,*,#1078,.F.);
#1404=ORIENTED_EDGE('',*,*,#1080,.T.);
#1405=ORIENTED_EDGE('',*,*,#1081,.T.);
#1406=ORIENTED_EDGE('',*,*,#1082,.F.);
#1407=ORIENTED_EDGE('',*,*,#1081,.F.);
#1408=ORIENTED_EDGE('',*,*,#1083,.T.);
#1409=ORIENTED_EDGE('',*,*,#1084,.T.);
#1410=ORIENTED_EDGE('',*,*,#1085,.F.);
#1411=ORIENTED_EDGE('',*,*,#1084,.F.);
#1412=ORIENTED_EDGE('',*,*,#1086,.T.);
#1413=ORIENTED_EDGE('',*,*,#1087,.T.);
#1414=ORIENTED_EDGE('',*,*,#1088,.F.);
#1415=ORIENTED_EDGE('',*,*,#1087,.F.);
#1416=ORIENTED_EDGE('',*,*,#1089,.T.);
#1417=ORIENTED_EDGE('',*,*,#1090,.T.);
#1418=ORIENTED_EDGE('',*,*,#1091,.F.);
#1419=ORIENTED_EDGE('',*,*,#1090,.F.);
#1420=ORIENTED_EDGE('',*,*,#1092,.T.);
#1421=ORIENTED_EDGE('',*,*,#1093,.T.);
#1422=ORIENTED_EDGE('',*,*,#1094,.F.);
#1423=ORIENTED_EDGE('',*,*,#1093,.F.);
#1424=ORIENTED_EDGE('',*,*,#1095,.T.);
#1425=ORIENTED_EDGE('',*,*,#1096,.T.);
#1426=ORIENTED_EDGE('',*,*,#1097,.F.);
#1427=ORIENTED_EDGE('',*,*,#1096,.F.);
#1428=ORIENTED_EDGE('',*,*,#1098,.T.);
#1429=ORIENTED_EDGE('',*,*,#1099,.T.);
#1430=ORIENTED_EDGE('',*,*,#1100,.F.);
#1431=ORIENTED_EDGE('',*,*,#1099,.F.);
#1432=ORIENTED_EDGE('',*,*,#1101,.T.);
#1433=ORIENTED_EDGE('',*,*,#1102,.T.);
#1434=ORIENTED_EDGE('',*,*,#1103,.F.);
#1435=ORIENTED_EDGE('',*,*,#1102,.F.);
#1436=ORIENTED_EDGE('',*,*,#1104,.T.);
#1437=ORIENTED_EDGE('',*,*,#1105,.T.);
#1438=ORIENTED_EDGE('',*,*,#1106,.F.);
#1439=ORIENTED_EDGE('',*,*,#1105,.F.);
#1440=ORIENTED_EDGE('',*,*,#1107,.T.);
#1441=ORIENTED_EDGE('',*,*,#1108,.T.);
#1442=ORIENTED_EDGE('',*,*,#1109,.F.);
#1443=ORIENTED_EDGE('',*,*,#1108,.F.);
#1444=ORIENTED_EDGE('',*,*,#1110,.F.);
#1445=ORIENTED_EDGE('',*,*,#1111,.T.);
#1446=ORIENTED_EDGE('',*,*,#1112,.F.);
#1447=ORIENTED_EDGE('',*,*,#1113,.F.);
#1448=ORIENTED_EDGE('',*,*,#1114,.T.);
#1449=ORIENTED_EDGE('',*,*,#1113,.T.);
#1450=ORIENTED_EDGE('',*,*,#1115,.F.);
#1451=ORIENTED_EDGE('',*,*,#1116,.F.);
#1452=ORIENTED_EDGE('',*,*,#1117,.F.);
#1453=ORIENTED_EDGE('',*,*,#1116,.T.);
#1454=ORIENTED_EDGE('',*,*,#1118,.F.);
#1455=ORIENTED_EDGE('',*,*,#1119,.F.);
#1456=ORIENTED_EDGE('',*,*,#1120,.T.);
#1457=ORIENTED_EDGE('',*,*,#1119,.T.);
#1458=ORIENTED_EDGE('',*,*,#1121,.F.);
#1459=ORIENTED_EDGE('',*,*,#1122,.F.);
#1460=ORIENTED_EDGE('',*,*,#1123,.T.);
#1461=ORIENTED_EDGE('',*,*,#1122,.T.);
#1462=ORIENTED_EDGE('',*,*,#1124,.F.);
#1463=ORIENTED_EDGE('',*,*,#1125,.F.);
#1464=ORIENTED_EDGE('',*,*,#1126,.F.);
#1465=ORIENTED_EDGE('',*,*,#1125,.T.);
#1466=ORIENTED_EDGE('',*,*,#1127,.F.);
#1467=ORIENTED_EDGE('',*,*,#1128,.F.);
#1468=ORIENTED_EDGE('',*,*,#1129,.F.);
#1469=ORIENTED_EDGE('',*,*,#1128,.T.);
#1470=ORIENTED_EDGE('',*,*,#1130,.F.);
#1471=ORIENTED_EDGE('',*,*,#1131,.F.);
#1472=ORIENTED_EDGE('',*,*,#1132,.T.);
#1473=ORIENTED_EDGE('',*,*,#1131,.T.);
#1474=ORIENTED_EDGE('',*,*,#1133,.F.);
#1475=ORIENTED_EDGE('',*,*,#1134,.F.);
#1476=ORIENTED_EDGE('',*,*,#1135,.F.);
#1477=ORIENTED_EDGE('',*,*,#1134,.T.);
#1478=ORIENTED_EDGE('',*,*,#1136,.F.);
#1479=ORIENTED_EDGE('',*,*,#1137,.F.);
#1480=ORIENTED_EDGE('',*,*,#1138,.T.);
#1481=ORIENTED_EDGE('',*,*,#1137,.T.);
#1482=ORIENTED_EDGE('',*,*,#1139,.F.);
#1483=ORIENTED_EDGE('',*,*,#1140,.F.);
#1484=ORIENTED_EDGE('',*,*,#1141,.T.);
#1485=ORIENTED_EDGE('',*,*,#1140,.T.);
#1486=ORIENTED_EDGE('',*,*,#1142,.F.);
#1487=ORIENTED_EDGE('',*,*,#1143,.F.);
#1488=ORIENTED_EDGE('',*,*,#1144,.T.);
#1489=ORIENTED_EDGE('',*,*,#1143,.T.);
#1490=ORIENTED_EDGE('',*,*,#1145,.F.);
#1491=ORIENTED_EDGE('',*,*,#1146,.F.);
#1492=ORIENTED_EDGE('',*,*,#1147,.F.);
#1493=ORIENTED_EDGE('',*,*,#1146,.T.);
#1494=ORIENTED_EDGE('',*,*,#1148,.F.);
#1495=ORIENTED_EDGE('',*,*,#1149,.F.);
#1496=ORIENTED_EDGE('',*,*,#1150,.T.);
#1497=ORIENTED_EDGE('',*,*,#1149,.T.);
#1498=ORIENTED_EDGE('',*,*,#1151,.F.);
#1499=ORIENTED_EDGE('',*,*,#1152,.F.);
#1500=ORIENTED_EDGE('',*,*,#1153,.F.);
#1501=ORIENTED_EDGE('',*,*,#1152,.T.);
#1502=ORIENTED_EDGE('',*,*,#1154,.F.);
#1503=ORIENTED_EDGE('',*,*,#1155,.F.);
#1504=ORIENTED_EDGE('',*,*,#1156,.F.);
#1505=ORIENTED_EDGE('',*,*,#1155,.T.);
#1506=ORIENTED_EDGE('',*,*,#1157,.F.);
#1507=ORIENTED_EDGE('',*,*,#1158,.F.);
#1508=ORIENTED_EDGE('',*,*,#1159,.T.);
#1509=ORIENTED_EDGE('',*,*,#1158,.T.);
#1510=ORIENTED_EDGE('',*,*,#1160,.F.);
#1511=ORIENTED_EDGE('',*,*,#1161,.F.);
#1512=ORIENTED_EDGE('',*,*,#1162,.T.);
#1513=ORIENTED_EDGE('',*,*,#1161,.T.);
#1514=ORIENTED_EDGE('',*,*,#1163,.F.);
#1515=ORIENTED_EDGE('',*,*,#1164,.F.);
#1516=ORIENTED_EDGE('',*,*,#1165,.T.);
#1517=ORIENTED_EDGE('',*,*,#1164,.T.);
#1518=ORIENTED_EDGE('',*,*,#1166,.F.);
#1519=ORIENTED_EDGE('',*,*,#1167,.F.);
#1520=ORIENTED_EDGE('',*,*,#1168,.T.);
#1521=ORIENTED_EDGE('',*,*,#1167,.T.);
#1522=ORIENTED_EDGE('',*,*,#1169,.F.);
#1523=ORIENTED_EDGE('',*,*,#1170,.F.);
#1524=ORIENTED_EDGE('',*,*,#1171,.F.);
#1525=ORIENTED_EDGE('',*,*,#1170,.T.);
#1526=ORIENTED_EDGE('',*,*,#1172,.F.);
#1527=ORIENTED_EDGE('',*,*,#1173,.F.);
#1528=ORIENTED_EDGE('',*,*,#1174,.F.);
#1529=ORIENTED_EDGE('',*,*,#1173,.T.);
#1530=ORIENTED_EDGE('',*,*,#1175,.F.);
#1531=ORIENTED_EDGE('',*,*,#1176,.F.);
#1532=ORIENTED_EDGE('',*,*,#1177,.T.);
#1533=ORIENTED_EDGE('',*,*,#1176,.T.);
#1534=ORIENTED_EDGE('',*,*,#1178,.F.);
#1535=ORIENTED_EDGE('',*,*,#1179,.F.);
#1536=ORIENTED_EDGE('',*,*,#1180,.F.);
#1537=ORIENTED_EDGE('',*,*,#1179,.T.);
#1538=ORIENTED_EDGE('',*,*,#1181,.F.);
#1539=ORIENTED_EDGE('',*,*,#1182,.F.);
#1540=ORIENTED_EDGE('',*,*,#1183,.T.);
#1541=ORIENTED_EDGE('',*,*,#1182,.T.);
#1542=ORIENTED_EDGE('',*,*,#1184,.F.);
#1543=ORIENTED_EDGE('',*,*,#1185,.F.);
#1544=ORIENTED_EDGE('',*,*,#1186,.T.);
#1545=ORIENTED_EDGE('',*,*,#1185,.T.);
#1546=ORIENTED_EDGE('',*,*,#1187,.F.);
#1547=ORIENTED_EDGE('',*,*,#1188,.F.);
#1548=ORIENTED_EDGE('',*,*,#1189,.F.);
#1549=ORIENTED_EDGE('',*,*,#1188,.T.);
#1550=ORIENTED_EDGE('',*,*,#1190,.F.);
#1551=ORIENTED_EDGE('',*,*,#1191,.F.);
#1552=ORIENTED_EDGE('',*,*,#1192,.T.);
#1553=ORIENTED_EDGE('',*,*,#1191,.T.);
#1554=ORIENTED_EDGE('',*,*,#1193,.F.);
#1555=ORIENTED_EDGE('',*,*,#1194,.F.);
#1556=ORIENTED_EDGE('',*,*,#1195,.T.);
#1557=ORIENTED_EDGE('',*,*,#1194,.T.);
#1558=ORIENTED_EDGE('',*,*,#1196,.F.);
#1559=ORIENTED_EDGE('',*,*,#1197,.F.);
#1560=ORIENTED_EDGE('',*,*,#1198,.T.);
#1561=ORIENTED_EDGE('',*,*,#1197,.T.);
#1562=ORIENTED_EDGE('',*,*,#1199,.F.);
#1563=ORIENTED_EDGE('',*,*,#1200,.F.);
#1564=ORIENTED_EDGE('',*,*,#1201,.F.);
#1565=ORIENTED_EDGE('',*,*,#1200,.T.);
#1566=ORIENTED_EDGE('',*,*,#1202,.F.);
#1567=ORIENTED_EDGE('',*,*,#1203,.F.);
#1568=ORIENTED_EDGE('',*,*,#1204,.T.);
#1569=ORIENTED_EDGE('',*,*,#1203,.T.);
#1570=ORIENTED_EDGE('',*,*,#1205,.F.);
#1571=ORIENTED_EDGE('',*,*,#1206,.F.);
#1572=ORIENTED_EDGE('',*,*,#1207,.F.);
#1573=ORIENTED_EDGE('',*,*,#1206,.T.);
#1574=ORIENTED_EDGE('',*,*,#1208,.F.);
#1575=ORIENTED_EDGE('',*,*,#1209,.F.);
#1576=ORIENTED_EDGE('',*,*,#1210,.T.);
#1577=ORIENTED_EDGE('',*,*,#1209,.T.);
#1578=ORIENTED_EDGE('',*,*,#1211,.F.);
#1579=ORIENTED_EDGE('',*,*,#1212,.F.);
#1580=ORIENTED_EDGE('',*,*,#1213,.T.);
#1581=ORIENTED_EDGE('',*,*,#1212,.T.);
#1582=ORIENTED_EDGE('',*,*,#1214,.F.);
#1583=ORIENTED_EDGE('',*,*,#1215,.F.);
#1584=ORIENTED_EDGE('',*,*,#1216,.F.);
#1585=ORIENTED_EDGE('',*,*,#1215,.T.);
#1586=ORIENTED_EDGE('',*,*,#1217,.F.);
#1587=ORIENTED_EDGE('',*,*,#1218,.F.);
#1588=ORIENTED_EDGE('',*,*,#1219,.F.);
#1589=ORIENTED_EDGE('',*,*,#1218,.T.);
#1590=ORIENTED_EDGE('',*,*,#1220,.F.);
#1591=ORIENTED_EDGE('',*,*,#1221,.F.);
#1592=ORIENTED_EDGE('',*,*,#1222,.T.);
#1593=ORIENTED_EDGE('',*,*,#1221,.T.);
#1594=ORIENTED_EDGE('',*,*,#1223,.F.);
#1595=ORIENTED_EDGE('',*,*,#1224,.F.);
#1596=ORIENTED_EDGE('',*,*,#1225,.F.);
#1597=ORIENTED_EDGE('',*,*,#1224,.T.);
#1598=ORIENTED_EDGE('',*,*,#1226,.F.);
#1599=ORIENTED_EDGE('',*,*,#1227,.F.);
#1600=ORIENTED_EDGE('',*,*,#1228,.T.);
#1601=ORIENTED_EDGE('',*,*,#1227,.T.);
#1602=ORIENTED_EDGE('',*,*,#1229,.F.);
#1603=ORIENTED_EDGE('',*,*,#1230,.F.);
#1604=ORIENTED_EDGE('',*,*,#1231,.T.);
#1605=ORIENTED_EDGE('',*,*,#1230,.T.);
#1606=ORIENTED_EDGE('',*,*,#1232,.F.);
#1607=ORIENTED_EDGE('',*,*,#1233,.F.);
#1608=ORIENTED_EDGE('',*,*,#1234,.F.);
#1609=ORIENTED_EDGE('',*,*,#1233,.T.);
#1610=ORIENTED_EDGE('',*,*,#1235,.F.);
#1611=ORIENTED_EDGE('',*,*,#1111,.F.);
#1612=ORIENTED_EDGE('',*,*,#1235,.T.);
#1613=ORIENTED_EDGE('',*,*,#1232,.T.);
#1614=ORIENTED_EDGE('',*,*,#1229,.T.);
#1615=ORIENTED_EDGE('',*,*,#1226,.T.);
#1616=ORIENTED_EDGE('',*,*,#1223,.T.);
#1617=ORIENTED_EDGE('',*,*,#1220,.T.);
#1618=ORIENTED_EDGE('',*,*,#1217,.T.);
#1619=ORIENTED_EDGE('',*,*,#1214,.T.);
#1620=ORIENTED_EDGE('',*,*,#1211,.T.);
#1621=ORIENTED_EDGE('',*,*,#1208,.T.);
#1622=ORIENTED_EDGE('',*,*,#1205,.T.);
#1623=ORIENTED_EDGE('',*,*,#1202,.T.);
#1624=ORIENTED_EDGE('',*,*,#1199,.T.);
#1625=ORIENTED_EDGE('',*,*,#1196,.T.);
#1626=ORIENTED_EDGE('',*,*,#1193,.T.);
#1627=ORIENTED_EDGE('',*,*,#1190,.T.);
#1628=ORIENTED_EDGE('',*,*,#1187,.T.);
#1629=ORIENTED_EDGE('',*,*,#1184,.T.);
#1630=ORIENTED_EDGE('',*,*,#1181,.T.);
#1631=ORIENTED_EDGE('',*,*,#1178,.T.);
#1632=ORIENTED_EDGE('',*,*,#1175,.T.);
#1633=ORIENTED_EDGE('',*,*,#1172,.T.);
#1634=ORIENTED_EDGE('',*,*,#1169,.T.);
#1635=ORIENTED_EDGE('',*,*,#1166,.T.);
#1636=ORIENTED_EDGE('',*,*,#1163,.T.);
#1637=ORIENTED_EDGE('',*,*,#1160,.T.);
#1638=ORIENTED_EDGE('',*,*,#1157,.T.);
#1639=ORIENTED_EDGE('',*,*,#1154,.T.);
#1640=ORIENTED_EDGE('',*,*,#1151,.T.);
#1641=ORIENTED_EDGE('',*,*,#1148,.T.);
#1642=ORIENTED_EDGE('',*,*,#1145,.T.);
#1643=ORIENTED_EDGE('',*,*,#1142,.T.);
#1644=ORIENTED_EDGE('',*,*,#1139,.T.);
#1645=ORIENTED_EDGE('',*,*,#1136,.T.);
#1646=ORIENTED_EDGE('',*,*,#1133,.T.);
#1647=ORIENTED_EDGE('',*,*,#1130,.T.);
#1648=ORIENTED_EDGE('',*,*,#1127,.T.);
#1649=ORIENTED_EDGE('',*,*,#1124,.T.);
#1650=ORIENTED_EDGE('',*,*,#1121,.T.);
#1651=ORIENTED_EDGE('',*,*,#1118,.T.);
#1652=ORIENTED_EDGE('',*,*,#1115,.T.);
#1653=ORIENTED_EDGE('',*,*,#1112,.T.);
#1654=ORIENTED_EDGE('',*,*,#1109,.T.);
#1655=ORIENTED_EDGE('',*,*,#1106,.T.);
#1656=ORIENTED_EDGE('',*,*,#1103,.T.);
#1657=ORIENTED_EDGE('',*,*,#1100,.T.);
#1658=ORIENTED_EDGE('',*,*,#1097,.T.);
#1659=ORIENTED_EDGE('',*,*,#1094,.T.);
#1660=ORIENTED_EDGE('',*,*,#1091,.T.);
#1661=ORIENTED_EDGE('',*,*,#1088,.T.);
#1662=ORIENTED_EDGE('',*,*,#1085,.T.);
#1663=ORIENTED_EDGE('',*,*,#1082,.T.);
#1664=ORIENTED_EDGE('',*,*,#1079,.T.);
#1665=ORIENTED_EDGE('',*,*,#1076,.T.);
#1666=ORIENTED_EDGE('',*,*,#1073,.T.);
#1667=ORIENTED_EDGE('',*,*,#1070,.T.);
#1668=ORIENTED_EDGE('',*,*,#1067,.T.);
#1669=ORIENTED_EDGE('',*,*,#1064,.T.);
#1670=ORIENTED_EDGE('',*,*,#1061,.T.);
#1671=ORIENTED_EDGE('',*,*,#1058,.T.);
#1672=ORIENTED_EDGE('',*,*,#1055,.T.);
#1673=ORIENTED_EDGE('',*,*,#1052,.T.);
#1674=ORIENTED_EDGE('',*,*,#1049,.T.);
#1675=ORIENTED_EDGE('',*,*,#1046,.T.);
#1676=ORIENTED_EDGE('',*,*,#1043,.T.);
#1677=ORIENTED_EDGE('',*,*,#1040,.T.);
#1678=ORIENTED_EDGE('',*,*,#1037,.T.);
#1679=ORIENTED_EDGE('',*,*,#1034,.T.);
#1680=ORIENTED_EDGE('',*,*,#1031,.T.);
#1681=ORIENTED_EDGE('',*,*,#1028,.T.);
#1682=ORIENTED_EDGE('',*,*,#1025,.T.);
#1683=ORIENTED_EDGE('',*,*,#1022,.T.);
#1684=ORIENTED_EDGE('',*,*,#1019,.T.);
#1685=ORIENTED_EDGE('',*,*,#1016,.T.);
#1686=ORIENTED_EDGE('',*,*,#1013,.T.);
#1687=ORIENTED_EDGE('',*,*,#1010,.T.);
#1688=ORIENTED_EDGE('',*,*,#1007,.T.);
#1689=ORIENTED_EDGE('',*,*,#1004,.T.);
#1690=ORIENTED_EDGE('',*,*,#1001,.T.);
#1691=ORIENTED_EDGE('',*,*,#998,.T.);
#1692=ORIENTED_EDGE('',*,*,#995,.T.);
#1693=ORIENTED_EDGE('',*,*,#992,.T.);
#1694=ORIENTED_EDGE('',*,*,#989,.T.);
#1695=ORIENTED_EDGE('',*,*,#986,.T.);
#1696=ORIENTED_EDGE('',*,*,#983,.T.);
#1697=ORIENTED_EDGE('',*,*,#980,.T.);
#1698=ORIENTED_EDGE('',*,*,#977,.T.);
#1699=ORIENTED_EDGE('',*,*,#974,.T.);
#1700=ORIENTED_EDGE('',*,*,#971,.T.);
#1701=ORIENTED_EDGE('',*,*,#968,.T.);
#1702=ORIENTED_EDGE('',*,*,#965,.T.);
#1703=ORIENTED_EDGE('',*,*,#962,.T.);
#1704=ORIENTED_EDGE('',*,*,#959,.T.);
#1705=ORIENTED_EDGE('',*,*,#956,.T.);
#1706=ORIENTED_EDGE('',*,*,#1234,.T.);
#1707=ORIENTED_EDGE('',*,*,#1110,.T.);
#1708=ORIENTED_EDGE('',*,*,#1114,.F.);
#1709=ORIENTED_EDGE('',*,*,#1117,.T.);
#1710=ORIENTED_EDGE('',*,*,#1120,.F.);
#1711=ORIENTED_EDGE('',*,*,#1123,.F.);
#1712=ORIENTED_EDGE('',*,*,#1126,.T.);
#1713=ORIENTED_EDGE('',*,*,#1129,.T.);
#1714=ORIENTED_EDGE('',*,*,#1132,.F.);
#1715=ORIENTED_EDGE('',*,*,#1135,.T.);
#1716=ORIENTED_EDGE('',*,*,#1138,.F.);
#1717=ORIENTED_EDGE('',*,*,#1141,.F.);
#1718=ORIENTED_EDGE('',*,*,#1144,.F.);
#1719=ORIENTED_EDGE('',*,*,#1147,.T.);
#1720=ORIENTED_EDGE('',*,*,#1150,.F.);
#1721=ORIENTED_EDGE('',*,*,#1153,.T.);
#1722=ORIENTED_EDGE('',*,*,#1156,.T.);
#1723=ORIENTED_EDGE('',*,*,#1159,.F.);
#1724=ORIENTED_EDGE('',*,*,#1162,.F.);
#1725=ORIENTED_EDGE('',*,*,#1165,.F.);
#1726=ORIENTED_EDGE('',*,*,#1168,.F.);
#1727=ORIENTED_EDGE('',*,*,#1171,.T.);
#1728=ORIENTED_EDGE('',*,*,#1174,.T.);
#1729=ORIENTED_EDGE('',*,*,#1177,.F.);
#1730=ORIENTED_EDGE('',*,*,#1180,.T.);
#1731=ORIENTED_EDGE('',*,*,#1183,.F.);
#1732=ORIENTED_EDGE('',*,*,#1186,.F.);
#1733=ORIENTED_EDGE('',*,*,#1189,.T.);
#1734=ORIENTED_EDGE('',*,*,#1192,.F.);
#1735=ORIENTED_EDGE('',*,*,#1195,.F.);
#1736=ORIENTED_EDGE('',*,*,#1198,.F.);
#1737=ORIENTED_EDGE('',*,*,#1201,.T.);
#1738=ORIENTED_EDGE('',*,*,#1204,.F.);
#1739=ORIENTED_EDGE('',*,*,#1207,.T.);
#1740=ORIENTED_EDGE('',*,*,#1210,.F.);
#1741=ORIENTED_EDGE('',*,*,#1213,.F.);
#1742=ORIENTED_EDGE('',*,*,#1216,.T.);
#1743=ORIENTED_EDGE('',*,*,#1219,.T.);
#1744=ORIENTED_EDGE('',*,*,#1222,.F.);
#1745=ORIENTED_EDGE('',*,*,#1225,.T.);
#1746=ORIENTED_EDGE('',*,*,#1228,.F.);
#1747=ORIENTED_EDGE('',*,*,#1231,.F.);
#1748=ORIENTED_EDGE('',*,*,#1107,.F.);
#1749=ORIENTED_EDGE('',*,*,#1104,.F.);
#1750=ORIENTED_EDGE('',*,*,#1101,.F.);
#1751=ORIENTED_EDGE('',*,*,#1098,.F.);
#1752=ORIENTED_EDGE('',*,*,#1095,.F.);
#1753=ORIENTED_EDGE('',*,*,#1092,.F.);
#1754=ORIENTED_EDGE('',*,*,#1089,.F.);
#1755=ORIENTED_EDGE('',*,*,#1086,.F.);
#1756=ORIENTED_EDGE('',*,*,#1083,.F.);
#1757=ORIENTED_EDGE('',*,*,#1080,.F.);
#1758=ORIENTED_EDGE('',*,*,#1077,.F.);
#1759=ORIENTED_EDGE('',*,*,#1074,.F.);
#1760=ORIENTED_EDGE('',*,*,#1072,.F.);
#1761=ORIENTED_EDGE('',*,*,#954,.F.);
#1762=ORIENTED_EDGE('',*,*,#958,.F.);
#1763=ORIENTED_EDGE('',*,*,#961,.F.);
#1764=ORIENTED_EDGE('',*,*,#964,.F.);
#1765=ORIENTED_EDGE('',*,*,#967,.F.);
#1766=ORIENTED_EDGE('',*,*,#970,.F.);
#1767=ORIENTED_EDGE('',*,*,#973,.F.);
#1768=ORIENTED_EDGE('',*,*,#976,.F.);
#1769=ORIENTED_EDGE('',*,*,#979,.F.);
#1770=ORIENTED_EDGE('',*,*,#982,.F.);
#1771=ORIENTED_EDGE('',*,*,#985,.F.);
#1772=ORIENTED_EDGE('',*,*,#988,.F.);
#1773=ORIENTED_EDGE('',*,*,#991,.F.);
#1774=ORIENTED_EDGE('',*,*,#994,.F.);
#1775=ORIENTED_EDGE('',*,*,#997,.F.);
#1776=ORIENTED_EDGE('',*,*,#1000,.F.);
#1777=ORIENTED_EDGE('',*,*,#1003,.F.);
#1778=ORIENTED_EDGE('',*,*,#1006,.F.);
#1779=ORIENTED_EDGE('',*,*,#1009,.F.);
#1780=ORIENTED_EDGE('',*,*,#1012,.F.);
#1781=ORIENTED_EDGE('',*,*,#1015,.F.);
#1782=ORIENTED_EDGE('',*,*,#1018,.F.);
#1783=ORIENTED_EDGE('',*,*,#1021,.F.);
#1784=ORIENTED_EDGE('',*,*,#1024,.F.);
#1785=ORIENTED_EDGE('',*,*,#1027,.F.);
#1786=ORIENTED_EDGE('',*,*,#1030,.F.);
#1787=ORIENTED_EDGE('',*,*,#1033,.F.);
#1788=ORIENTED_EDGE('',*,*,#1036,.F.);
#1789=ORIENTED_EDGE('',*,*,#1039,.F.);
#1790=ORIENTED_EDGE('',*,*,#1042,.F.);
#1791=ORIENTED_EDGE('',*,*,#1045,.F.);
#1792=ORIENTED_EDGE('',*,*,#1048,.F.);
#1793=ORIENTED_EDGE('',*,*,#1051,.F.);
#1794=ORIENTED_EDGE('',*,*,#1054,.F.);
#1795=ORIENTED_EDGE('',*,*,#1057,.F.);
#1796=ORIENTED_EDGE('',*,*,#1060,.F.);
#1797=ORIENTED_EDGE('',*,*,#1063,.F.);
#1798=ORIENTED_EDGE('',*,*,#1066,.F.);
#1799=ORIENTED_EDGE('',*,*,#1069,.F.);
#1800=PLANE('',#1949);
#1801=PLANE('',#1959);
#1802=PLANE('',#1963);
#1803=PLANE('',#1967);
#1804=PLANE('',#1971);
#1805=PLANE('',#1975);
#1806=PLANE('',#1985);
#1807=PLANE('',#1989);
#1808=PLANE('',#1993);
#1809=PLANE('',#1997);
#1810=PLANE('',#2001);
#1811=PLANE('',#2011);
#1812=PLANE('',#2015);
#1813=PLANE('',#2019);
#1814=PLANE('',#2023);
#1815=PLANE('',#2027);
#1816=PLANE('',#2031);
#1817=PLANE('',#2071);
#1818=PLANE('',#2075);
#1819=PLANE('',#2079);
#1820=PLANE('',#2083);
#1821=PLANE('',#2087);
#1822=PLANE('',#2091);
#1823=PLANE('',#2095);
#1824=PLANE('',#2102);
#1825=PLANE('',#2106);
#1826=PLANE('',#2110);
#1827=PLANE('',#2114);
#1828=PLANE('',#2118);
#1829=PLANE('',#2122);
#1830=PLANE('',#2129);
#1831=PLANE('',#2133);
#1832=PLANE('',#2137);
#1833=PLANE('',#2141);
#1834=PLANE('',#2145);
#1835=PLANE('',#2149);
#1836=PLANE('',#2153);
#1837=PLANE('',#2157);
#1838=PLANE('',#2158);
#1839=ADVANCED_FACE('',(#212),#1800,.T.);
#1840=ADVANCED_FACE('',(#213),#155,.T.);
#1841=ADVANCED_FACE('',(#214),#156,.F.);
#1842=ADVANCED_FACE('',(#215),#157,.T.);
#1843=ADVANCED_FACE('',(#216),#1801,.T.);
#1844=ADVANCED_FACE('',(#217),#158,.T.);
#1845=ADVANCED_FACE('',(#218),#1802,.T.);
#1846=ADVANCED_FACE('',(#219),#159,.F.);
#1847=ADVANCED_FACE('',(#220),#1803,.T.);
#1848=ADVANCED_FACE('',(#221),#160,.F.);
#1849=ADVANCED_FACE('',(#222),#1804,.T.);
#1850=ADVANCED_FACE('',(#223),#161,.T.);
#1851=ADVANCED_FACE('',(#224),#1805,.T.);
#1852=ADVANCED_FACE('',(#225),#162,.T.);
#1853=ADVANCED_FACE('',(#226),#163,.F.);
#1854=ADVANCED_FACE('',(#227),#164,.T.);
#1855=ADVANCED_FACE('',(#228),#1806,.T.);
#1856=ADVANCED_FACE('',(#229),#165,.T.);
#1857=ADVANCED_FACE('',(#230),#1807,.T.);
#1858=ADVANCED_FACE('',(#231),#166,.F.);
#1859=ADVANCED_FACE('',(#232),#1808,.T.);
#1860=ADVANCED_FACE('',(#233),#167,.F.);
#1861=ADVANCED_FACE('',(#234),#1809,.T.);
#1862=ADVANCED_FACE('',(#235),#168,.T.);
#1863=ADVANCED_FACE('',(#236),#1810,.T.);
#1864=ADVANCED_FACE('',(#237),#169,.T.);
#1865=ADVANCED_FACE('',(#238),#170,.F.);
#1866=ADVANCED_FACE('',(#239),#171,.T.);
#1867=ADVANCED_FACE('',(#240),#1811,.T.);
#1868=ADVANCED_FACE('',(#241),#172,.F.);
#1869=ADVANCED_FACE('',(#242),#1812,.T.);
#1870=ADVANCED_FACE('',(#243),#173,.T.);
#1871=ADVANCED_FACE('',(#244),#1813,.T.);
#1872=ADVANCED_FACE('',(#245),#174,.F.);
#1873=ADVANCED_FACE('',(#246),#1814,.T.);
#1874=ADVANCED_FACE('',(#247),#175,.F.);
#1875=ADVANCED_FACE('',(#248),#1815,.T.);
#1876=ADVANCED_FACE('',(#249),#176,.T.);
#1877=ADVANCED_FACE('',(#250),#1816,.T.);
#1878=ADVANCED_FACE('',(#251),#177,.F.);
#1879=ADVANCED_FACE('',(#252),#178,.F.);
#1880=ADVANCED_FACE('',(#253),#179,.F.);
#1881=ADVANCED_FACE('',(#254),#180,.F.);
#1882=ADVANCED_FACE('',(#255),#181,.F.);
#1883=ADVANCED_FACE('',(#256),#182,.F.);
#1884=ADVANCED_FACE('',(#257),#183,.F.);
#1885=ADVANCED_FACE('',(#258),#184,.F.);
#1886=ADVANCED_FACE('',(#259),#185,.F.);
#1887=ADVANCED_FACE('',(#260),#186,.F.);
#1888=ADVANCED_FACE('',(#261),#187,.F.);
#1889=ADVANCED_FACE('',(#262),#188,.F.);
#1890=ADVANCED_FACE('',(#263),#189,.F.);
#1891=ADVANCED_FACE('',(#264),#1817,.T.);
#1892=ADVANCED_FACE('',(#265),#190,.T.);
#1893=ADVANCED_FACE('',(#266),#1818,.T.);
#1894=ADVANCED_FACE('',(#267),#191,.T.);
#1895=ADVANCED_FACE('',(#268),#1819,.T.);
#1896=ADVANCED_FACE('',(#269),#192,.F.);
#1897=ADVANCED_FACE('',(#270),#1820,.T.);
#1898=ADVANCED_FACE('',(#271),#193,.T.);
#1899=ADVANCED_FACE('',(#272),#1821,.T.);
#1900=ADVANCED_FACE('',(#273),#194,.T.);
#1901=ADVANCED_FACE('',(#274),#1822,.T.);
#1902=ADVANCED_FACE('',(#275),#195,.T.);
#1903=ADVANCED_FACE('',(#276),#1823,.T.);
#1904=ADVANCED_FACE('',(#277),#196,.T.);
#1905=ADVANCED_FACE('',(#278),#197,.F.);
#1906=ADVANCED_FACE('',(#279),#1824,.T.);
#1907=ADVANCED_FACE('',(#280),#198,.T.);
#1908=ADVANCED_FACE('',(#281),#1825,.T.);
#1909=ADVANCED_FACE('',(#282),#199,.T.);
#1910=ADVANCED_FACE('',(#283),#1826,.T.);
#1911=ADVANCED_FACE('',(#284),#200,.F.);
#1912=ADVANCED_FACE('',(#285),#1827,.T.);
#1913=ADVANCED_FACE('',(#286),#201,.T.);
#1914=ADVANCED_FACE('',(#287),#1828,.T.);
#1915=ADVANCED_FACE('',(#288),#202,.T.);
#1916=ADVANCED_FACE('',(#289),#1829,.T.);
#1917=ADVANCED_FACE('',(#290),#203,.F.);
#1918=ADVANCED_FACE('',(#291),#204,.T.);
#1919=ADVANCED_FACE('',(#292),#1830,.T.);
#1920=ADVANCED_FACE('',(#293),#205,.T.);
#1921=ADVANCED_FACE('',(#294),#1831,.T.);
#1922=ADVANCED_FACE('',(#295),#206,.T.);
#1923=ADVANCED_FACE('',(#296),#1832,.T.);
#1924=ADVANCED_FACE('',(#297),#207,.T.);
#1925=ADVANCED_FACE('',(#298),#1833,.T.);
#1926=ADVANCED_FACE('',(#299),#208,.F.);
#1927=ADVANCED_FACE('',(#300),#1834,.T.);
#1928=ADVANCED_FACE('',(#301),#209,.T.);
#1929=ADVANCED_FACE('',(#302),#1835,.T.);
#1930=ADVANCED_FACE('',(#303),#210,.T.);
#1931=ADVANCED_FACE('',(#304),#1836,.T.);
#1932=ADVANCED_FACE('',(#305),#211,.F.);
#1933=ADVANCED_FACE('',(#306,#15,#16,#17,#18,#19,#20,#21,#22,#23,#24,#25,
#26,#27),#1837,.T.);
#1934=ADVANCED_FACE('',(#307,#28,#29,#30,#31,#32,#33,#34,#35,#36,#37,#38,
#39,#40),#1838,.F.);
#1935=CLOSED_SHELL('',(#1839,#1840,#1841,#1842,#1843,#1844,#1845,#1846,
#1847,#1848,#1849,#1850,#1851,#1852,#1853,#1854,#1855,#1856,#1857,#1858,
#1859,#1860,#1861,#1862,#1863,#1864,#1865,#1866,#1867,#1868,#1869,#1870,
#1871,#1872,#1873,#1874,#1875,#1876,#1877,#1878,#1879,#1880,#1881,#1882,
#1883,#1884,#1885,#1886,#1887,#1888,#1889,#1890,#1891,#1892,#1893,#1894,
#1895,#1896,#1897,#1898,#1899,#1900,#1901,#1902,#1903,#1904,#1905,#1906,
#1907,#1908,#1909,#1910,#1911,#1912,#1913,#1914,#1915,#1916,#1917,#1918,
#1919,#1920,#1921,#1922,#1923,#1924,#1925,#1926,#1927,#1928,#1929,#1930,
#1931,#1932,#1933,#1934));
#1936=DERIVED_UNIT_ELEMENT(#1938,1.);
#1937=DERIVED_UNIT_ELEMENT(#3321,-3.);
#1938=(
MASS_UNIT()
NAMED_UNIT(*)
SI_UNIT(.KILO.,.GRAM.)
);
#1939=DERIVED_UNIT((#1936,#1937));
#1940=MEASURE_REPRESENTATION_ITEM('density measure',
POSITIVE_RATIO_MEASURE(7850.),#1939);
#1941=PROPERTY_DEFINITION_REPRESENTATION(#1946,#1943);
#1942=PROPERTY_DEFINITION_REPRESENTATION(#1947,#1944);
#1943=REPRESENTATION('material name',(#1945),#3318);
#1944=REPRESENTATION('density',(#1940),#3318);
#1945=DESCRIPTIVE_REPRESENTATION_ITEM('\X2\94A2\X0\','\X2\94A2\X0\');
#1946=PROPERTY_DEFINITION('material property','material name',#3328);
#1947=PROPERTY_DEFINITION('material property','density of part',#3328);
#1948=AXIS2_PLACEMENT_3D('',#2749,#2159,#2160);
#1949=AXIS2_PLACEMENT_3D('',#2750,#2161,#2162);
#1950=AXIS2_PLACEMENT_3D('',#2759,#2167,#2168);
#1951=AXIS2_PLACEMENT_3D('',#2761,#2169,#2170);
#1952=AXIS2_PLACEMENT_3D('',#2763,#2171,#2172);
#1953=AXIS2_PLACEMENT_3D('',#2765,#2174,#2175);
#1954=AXIS2_PLACEMENT_3D('',#2767,#2176,#2177);
#1955=AXIS2_PLACEMENT_3D('',#2769,#2178,#2179);
#1956=AXIS2_PLACEMENT_3D('',#2771,#2181,#2182);
#1957=AXIS2_PLACEMENT_3D('',#2773,#2183,#2184);
#1958=AXIS2_PLACEMENT_3D('',#2775,#2185,#2186);
#1959=AXIS2_PLACEMENT_3D('',#2777,#2188,#2189);
#1960=AXIS2_PLACEMENT_3D('',#2783,#2193,#2194);
#1961=AXIS2_PLACEMENT_3D('',#2785,#2195,#2196);
#1962=AXIS2_PLACEMENT_3D('',#2787,#2197,#2198);
#1963=AXIS2_PLACEMENT_3D('',#2789,#2200,#2201);
#1964=AXIS2_PLACEMENT_3D('',#2795,#2205,#2206);
#1965=AXIS2_PLACEMENT_3D('',#2797,#2207,#2208);
#1966=AXIS2_PLACEMENT_3D('',#2799,#2209,#2210);
#1967=AXIS2_PLACEMENT_3D('',#2801,#2212,#2213);
#1968=AXIS2_PLACEMENT_3D('',#2807,#2217,#2218);
#1969=AXIS2_PLACEMENT_3D('',#2809,#2219,#2220);
#1970=AXIS2_PLACEMENT_3D('',#2811,#2221,#2222);
#1971=AXIS2_PLACEMENT_3D('',#2813,#2224,#2225);
#1972=AXIS2_PLACEMENT_3D('',#2819,#2229,#2230);
#1973=AXIS2_PLACEMENT_3D('',#2821,#2231,#2232);
#1974=AXIS2_PLACEMENT_3D('',#2823,#2233,#2234);
#1975=AXIS2_PLACEMENT_3D('',#2825,#2236,#2237);
#1976=AXIS2_PLACEMENT_3D('',#2831,#2241,#2242);
#1977=AXIS2_PLACEMENT_3D('',#2833,#2243,#2244);
#1978=AXIS2_PLACEMENT_3D('',#2835,#2245,#2246);
#1979=AXIS2_PLACEMENT_3D('',#2837,#2248,#2249);
#1980=AXIS2_PLACEMENT_3D('',#2839,#2250,#2251);
#1981=AXIS2_PLACEMENT_3D('',#2841,#2252,#2253);
#1982=AXIS2_PLACEMENT_3D('',#2843,#2255,#2256);
#1983=AXIS2_PLACEMENT_3D('',#2845,#2257,#2258);
#1984=AXIS2_PLACEMENT_3D('',#2847,#2259,#2260);
#1985=AXIS2_PLACEMENT_3D('',#2849,#2262,#2263);
#1986=AXIS2_PLACEMENT_3D('',#2855,#2267,#2268);
#1987=AXIS2_PLACEMENT_3D('',#2857,#2269,#2270);
#1988=AXIS2_PLACEMENT_3D('',#2859,#2271,#2272);
#1989=AXIS2_PLACEMENT_3D('',#2861,#2274,#2275);
#1990=AXIS2_PLACEMENT_3D('',#2867,#2279,#2280);
#1991=AXIS2_PLACEMENT_3D('',#2869,#2281,#2282);
#1992=AXIS2_PLACEMENT_3D('',#2871,#2283,#2284);
#1993=AXIS2_PLACEMENT_3D('',#2873,#2286,#2287);
#1994=AXIS2_PLACEMENT_3D('',#2879,#2291,#2292);
#1995=AXIS2_PLACEMENT_3D('',#2881,#2293,#2294);
#1996=AXIS2_PLACEMENT_3D('',#2883,#2295,#2296);
#1997=AXIS2_PLACEMENT_3D('',#2885,#2298,#2299);
#1998=AXIS2_PLACEMENT_3D('',#2891,#2303,#2304);
#1999=AXIS2_PLACEMENT_3D('',#2893,#2305,#2306);
#2000=AXIS2_PLACEMENT_3D('',#2895,#2307,#2308);
#2001=AXIS2_PLACEMENT_3D('',#2897,#2310,#2311);
#2002=AXIS2_PLACEMENT_3D('',#2903,#2315,#2316);
#2003=AXIS2_PLACEMENT_3D('',#2905,#2317,#2318);
#2004=AXIS2_PLACEMENT_3D('',#2907,#2319,#2320);
#2005=AXIS2_PLACEMENT_3D('',#2909,#2322,#2323);
#2006=AXIS2_PLACEMENT_3D('',#2911,#2324,#2325);
#2007=AXIS2_PLACEMENT_3D('',#2913,#2326,#2327);
#2008=AXIS2_PLACEMENT_3D('',#2915,#2329,#2330);
#2009=AXIS2_PLACEMENT_3D('',#2917,#2331,#2332);
#2010=AXIS2_PLACEMENT_3D('',#2919,#2333,#2334);
#2011=AXIS2_PLACEMENT_3D('',#2921,#2336,#2337);
#2012=AXIS2_PLACEMENT_3D('',#2927,#2341,#2342);
#2013=AXIS2_PLACEMENT_3D('',#2929,#2343,#2344);
#2014=AXIS2_PLACEMENT_3D('',#2931,#2345,#2346);
#2015=AXIS2_PLACEMENT_3D('',#2933,#2348,#2349);
#2016=AXIS2_PLACEMENT_3D('',#2939,#2353,#2354);
#2017=AXIS2_PLACEMENT_3D('',#2941,#2355,#2356);
#2018=AXIS2_PLACEMENT_3D('',#2943,#2357,#2358);
#2019=AXIS2_PLACEMENT_3D('',#2945,#2360,#2361);
#2020=AXIS2_PLACEMENT_3D('',#2951,#2365,#2366);
#2021=AXIS2_PLACEMENT_3D('',#2953,#2367,#2368);
#2022=AXIS2_PLACEMENT_3D('',#2955,#2369,#2370);
#2023=AXIS2_PLACEMENT_3D('',#2957,#2372,#2373);
#2024=AXIS2_PLACEMENT_3D('',#2963,#2377,#2378);
#2025=AXIS2_PLACEMENT_3D('',#2965,#2379,#2380);
#2026=AXIS2_PLACEMENT_3D('',#2967,#2381,#2382);
#2027=AXIS2_PLACEMENT_3D('',#2969,#2384,#2385);
#2028=AXIS2_PLACEMENT_3D('',#2975,#2389,#2390);
#2029=AXIS2_PLACEMENT_3D('',#2977,#2391,#2392);
#2030=AXIS2_PLACEMENT_3D('',#2979,#2393,#2394);
#2031=AXIS2_PLACEMENT_3D('',#2981,#2396,#2397);
#2032=AXIS2_PLACEMENT_3D('',#2987,#2401,#2402);
#2033=AXIS2_PLACEMENT_3D('',#2988,#2403,#2404);
#2034=AXIS2_PLACEMENT_3D('',#2989,#2405,#2406);
#2035=AXIS2_PLACEMENT_3D('',#2990,#2407,#2408);
#2036=AXIS2_PLACEMENT_3D('',#2992,#2409,#2410);
#2037=AXIS2_PLACEMENT_3D('',#2995,#2412,#2413);
#2038=AXIS2_PLACEMENT_3D('',#2996,#2414,#2415);
#2039=AXIS2_PLACEMENT_3D('',#2998,#2416,#2417);
#2040=AXIS2_PLACEMENT_3D('',#3001,#2419,#2420);
#2041=AXIS2_PLACEMENT_3D('',#3002,#2421,#2422);
#2042=AXIS2_PLACEMENT_3D('',#3004,#2423,#2424);
#2043=AXIS2_PLACEMENT_3D('',#3007,#2426,#2427);
#2044=AXIS2_PLACEMENT_3D('',#3008,#2428,#2429);
#2045=AXIS2_PLACEMENT_3D('',#3010,#2430,#2431);
#2046=AXIS2_PLACEMENT_3D('',#3013,#2433,#2434);
#2047=AXIS2_PLACEMENT_3D('',#3014,#2435,#2436);
#2048=AXIS2_PLACEMENT_3D('',#3016,#2437,#2438);
#2049=AXIS2_PLACEMENT_3D('',#3019,#2440,#2441);
#2050=AXIS2_PLACEMENT_3D('',#3020,#2442,#2443);
#2051=AXIS2_PLACEMENT_3D('',#3022,#2444,#2445);
#2052=AXIS2_PLACEMENT_3D('',#3025,#2447,#2448);
#2053=AXIS2_PLACEMENT_3D('',#3026,#2449,#2450);
#2054=AXIS2_PLACEMENT_3D('',#3028,#2451,#2452);
#2055=AXIS2_PLACEMENT_3D('',#3031,#2454,#2455);
#2056=AXIS2_PLACEMENT_3D('',#3032,#2456,#2457);
#2057=AXIS2_PLACEMENT_3D('',#3034,#2458,#2459);
#2058=AXIS2_PLACEMENT_3D('',#3037,#2461,#2462);
#2059=AXIS2_PLACEMENT_3D('',#3038,#2463,#2464);
#2060=AXIS2_PLACEMENT_3D('',#3040,#2465,#2466);
#2061=AXIS2_PLACEMENT_3D('',#3043,#2468,#2469);
#2062=AXIS2_PLACEMENT_3D('',#3044,#2470,#2471);
#2063=AXIS2_PLACEMENT_3D('',#3046,#2472,#2473);
#2064=AXIS2_PLACEMENT_3D('',#3049,#2475,#2476);
#2065=AXIS2_PLACEMENT_3D('',#3050,#2477,#2478);
#2066=AXIS2_PLACEMENT_3D('',#3052,#2479,#2480);
#2067=AXIS2_PLACEMENT_3D('',#3055,#2482,#2483);
#2068=AXIS2_PLACEMENT_3D('',#3056,#2484,#2485);
#2069=AXIS2_PLACEMENT_3D('',#3058,#2486,#2487);
#2070=AXIS2_PLACEMENT_3D('',#3061,#2489,#2490);
#2071=AXIS2_PLACEMENT_3D('',#3062,#2491,#2492);
#2072=AXIS2_PLACEMENT_3D('',#3071,#2497,#2498);
#2073=AXIS2_PLACEMENT_3D('',#3073,#2499,#2500);
#2074=AXIS2_PLACEMENT_3D('',#3075,#2501,#2502);
#2075=AXIS2_PLACEMENT_3D('',#3077,#2504,#2505);
#2076=AXIS2_PLACEMENT_3D('',#3083,#2509,#2510);
#2077=AXIS2_PLACEMENT_3D('',#3085,#2511,#2512);
#2078=AXIS2_PLACEMENT_3D('',#3087,#2513,#2514);
#2079=AXIS2_PLACEMENT_3D('',#3089,#2516,#2517);
#2080=AXIS2_PLACEMENT_3D('',#3095,#2521,#2522);
#2081=AXIS2_PLACEMENT_3D('',#3097,#2523,#2524);
#2082=AXIS2_PLACEMENT_3D('',#3099,#2525,#2526);
#2083=AXIS2_PLACEMENT_3D('',#3101,#2528,#2529);
#2084=AXIS2_PLACEMENT_3D('',#3107,#2533,#2534);
#2085=AXIS2_PLACEMENT_3D('',#3109,#2535,#2536);
#2086=AXIS2_PLACEMENT_3D('',#3111,#2537,#2538);
#2087=AXIS2_PLACEMENT_3D('',#3113,#2540,#2541);
#2088=AXIS2_PLACEMENT_3D('',#3119,#2545,#2546);
#2089=AXIS2_PLACEMENT_3D('',#3121,#2547,#2548);
#2090=AXIS2_PLACEMENT_3D('',#3123,#2549,#2550);
#2091=AXIS2_PLACEMENT_3D('',#3125,#2552,#2553);
#2092=AXIS2_PLACEMENT_3D('',#3131,#2557,#2558);
#2093=AXIS2_PLACEMENT_3D('',#3133,#2559,#2560);
#2094=AXIS2_PLACEMENT_3D('',#3135,#2561,#2562);
#2095=AXIS2_PLACEMENT_3D('',#3137,#2564,#2565);
#2096=AXIS2_PLACEMENT_3D('',#3143,#2569,#2570);
#2097=AXIS2_PLACEMENT_3D('',#3145,#2571,#2572);
#2098=AXIS2_PLACEMENT_3D('',#3147,#2573,#2574);
#2099=AXIS2_PLACEMENT_3D('',#3149,#2576,#2577);
#2100=AXIS2_PLACEMENT_3D('',#3151,#2578,#2579);
#2101=AXIS2_PLACEMENT_3D('',#3153,#2580,#2581);
#2102=AXIS2_PLACEMENT_3D('',#3155,#2583,#2584);
#2103=AXIS2_PLACEMENT_3D('',#3161,#2588,#2589);
#2104=AXIS2_PLACEMENT_3D('',#3163,#2590,#2591);
#2105=AXIS2_PLACEMENT_3D('',#3165,#2592,#2593);
#2106=AXIS2_PLACEMENT_3D('',#3167,#2595,#2596);
#2107=AXIS2_PLACEMENT_3D('',#3173,#2600,#2601);
#2108=AXIS2_PLACEMENT_3D('',#3175,#2602,#2603);
#2109=AXIS2_PLACEMENT_3D('',#3177,#2604,#2605);
#2110=AXIS2_PLACEMENT_3D('',#3179,#2607,#2608);
#2111=AXIS2_PLACEMENT_3D('',#3185,#2612,#2613);
#2112=AXIS2_PLACEMENT_3D('',#3187,#2614,#2615);
#2113=AXIS2_PLACEMENT_3D('',#3189,#2616,#2617);
#2114=AXIS2_PLACEMENT_3D('',#3191,#2619,#2620);
#2115=AXIS2_PLACEMENT_3D('',#3197,#2624,#2625);
#2116=AXIS2_PLACEMENT_3D('',#3199,#2626,#2627);
#2117=AXIS2_PLACEMENT_3D('',#3201,#2628,#2629);
#2118=AXIS2_PLACEMENT_3D('',#3203,#2631,#2632);
#2119=AXIS2_PLACEMENT_3D('',#3209,#2636,#2637);
#2120=AXIS2_PLACEMENT_3D('',#3211,#2638,#2639);
#2121=AXIS2_PLACEMENT_3D('',#3213,#2640,#2641);
#2122=AXIS2_PLACEMENT_3D('',#3215,#2643,#2644);
#2123=AXIS2_PLACEMENT_3D('',#3221,#2648,#2649);
#2124=AXIS2_PLACEMENT_3D('',#3223,#2650,#2651);
#2125=AXIS2_PLACEMENT_3D('',#3225,#2652,#2653);
#2126=AXIS2_PLACEMENT_3D('',#3227,#2655,#2656);
#2127=AXIS2_PLACEMENT_3D('',#3229,#2657,#2658);
#2128=AXIS2_PLACEMENT_3D('',#3231,#2659,#2660);
#2129=AXIS2_PLACEMENT_3D('',#3233,#2662,#2663);
#2130=AXIS2_PLACEMENT_3D('',#3239,#2667,#2668);
#2131=AXIS2_PLACEMENT_3D('',#3241,#2669,#2670);
#2132=AXIS2_PLACEMENT_3D('',#3243,#2671,#2672);
#2133=AXIS2_PLACEMENT_3D('',#3245,#2674,#2675);
#2134=AXIS2_PLACEMENT_3D('',#3251,#2679,#2680);
#2135=AXIS2_PLACEMENT_3D('',#3253,#2681,#2682);
#2136=AXIS2_PLACEMENT_3D('',#3255,#2683,#2684);
#2137=AXIS2_PLACEMENT_3D('',#3257,#2686,#2687);
#2138=AXIS2_PLACEMENT_3D('',#3263,#2691,#2692);
#2139=AXIS2_PLACEMENT_3D('',#3265,#2693,#2694);
#2140=AXIS2_PLACEMENT_3D('',#3267,#2695,#2696);
#2141=AXIS2_PLACEMENT_3D('',#3269,#2698,#2699);
#2142=AXIS2_PLACEMENT_3D('',#3275,#2703,#2704);
#2143=AXIS2_PLACEMENT_3D('',#3277,#2705,#2706);
#2144=AXIS2_PLACEMENT_3D('',#3279,#2707,#2708);
#2145=AXIS2_PLACEMENT_3D('',#3281,#2710,#2711);
#2146=AXIS2_PLACEMENT_3D('',#3287,#2715,#2716);
#2147=AXIS2_PLACEMENT_3D('',#3289,#2717,#2718);
#2148=AXIS2_PLACEMENT_3D('',#3291,#2719,#2720);
#2149=AXIS2_PLACEMENT_3D('',#3293,#2722,#2723);
#2150=AXIS2_PLACEMENT_3D('',#3299,#2727,#2728);
#2151=AXIS2_PLACEMENT_3D('',#3301,#2729,#2730);
#2152=AXIS2_PLACEMENT_3D('',#3303,#2731,#2732);
#2153=AXIS2_PLACEMENT_3D('',#3305,#2734,#2735);
#2154=AXIS2_PLACEMENT_3D('',#3311,#2739,#2740);
#2155=AXIS2_PLACEMENT_3D('',#3312,#2741,#2742);
#2156=AXIS2_PLACEMENT_3D('',#3313,#2743,#2744);
#2157=AXIS2_PLACEMENT_3D('',#3314,#2745,#2746);
#2158=AXIS2_PLACEMENT_3D('',#3315,#2747,#2748);
#2159=DIRECTION('axis',(0.,0.,1.));
#2160=DIRECTION('refdir',(1.,0.,0.));
#2161=DIRECTION('center_axis',(0.,-1.,0.));
#2162=DIRECTION('ref_axis',(1.,0.,0.));
#2163=DIRECTION('',(1.,0.,0.));
#2164=DIRECTION('',(0.,0.,1.));
#2165=DIRECTION('',(1.,0.,0.));
#2166=DIRECTION('',(0.,0.,1.));
#2167=DIRECTION('center_axis',(0.,0.,1.));
#2168=DIRECTION('ref_axis',(-0.752246537937679,0.658881739131368,0.));
#2169=DIRECTION('center_axis',(0.,0.,1.));
#2170=DIRECTION('ref_axis',(-0.752246537937679,0.658881739131368,0.));
#2171=DIRECTION('center_axis',(0.,0.,1.));
#2172=DIRECTION('ref_axis',(-0.752246537937679,0.658881739131368,0.));
#2173=DIRECTION('',(0.,0.,1.));
#2174=DIRECTION('center_axis',(0.,0.,1.));
#2175=DIRECTION('ref_axis',(-1.53904666788664E-13,1.,0.));
#2176=DIRECTION('center_axis',(0.,0.,-1.));
#2177=DIRECTION('ref_axis',(0.752246537941261,-0.658881739127278,0.));
#2178=DIRECTION('center_axis',(0.,0.,-1.));
#2179=DIRECTION('ref_axis',(0.752246537941261,-0.658881739127278,0.));
#2180=DIRECTION('',(0.,0.,1.));
#2181=DIRECTION('center_axis',(0.,0.,1.));
#2182=DIRECTION('ref_axis',(0.,-1.,0.));
#2183=DIRECTION('center_axis',(0.,0.,1.));
#2184=DIRECTION('ref_axis',(0.,-1.,0.));
#2185=DIRECTION('center_axis',(0.,0.,1.));
#2186=DIRECTION('ref_axis',(0.,-1.,0.));
#2187=DIRECTION('',(0.,0.,1.));
#2188=DIRECTION('center_axis',(0.,-1.,0.));
#2189=DIRECTION('ref_axis',(1.,0.,0.));
#2190=DIRECTION('',(1.,0.,0.));
#2191=DIRECTION('',(1.,0.,0.));
#2192=DIRECTION('',(0.,0.,1.));
#2193=DIRECTION('center_axis',(0.,0.,1.));
#2194=DIRECTION('ref_axis',(-1.,0.,0.));
#2195=DIRECTION('center_axis',(0.,0.,1.));
#2196=DIRECTION('ref_axis',(-1.,0.,0.));
#2197=DIRECTION('center_axis',(0.,0.,1.));
#2198=DIRECTION('ref_axis',(-1.,0.,0.));
#2199=DIRECTION('',(0.,0.,1.));
#2200=DIRECTION('center_axis',(-1.,2.19551777412013E-11,0.));
#2201=DIRECTION('ref_axis',(-2.19551777412013E-11,-1.,0.));
#2202=DIRECTION('',(-2.19551777412013E-11,-1.,0.));
#2203=DIRECTION('',(-2.19551777412013E-11,-1.,0.));
#2204=DIRECTION('',(0.,0.,1.));
#2205=DIRECTION('center_axis',(0.,0.,1.));
#2206=DIRECTION('ref_axis',(1.,0.,0.));
#2207=DIRECTION('center_axis',(0.,0.,-1.));
#2208=DIRECTION('ref_axis',(1.,0.,0.));
#2209=DIRECTION('center_axis',(0.,0.,-1.));
#2210=DIRECTION('ref_axis',(1.,0.,0.));
#2211=DIRECTION('',(0.,0.,1.));
#2212=DIRECTION('center_axis',(0.,-1.,0.));
#2213=DIRECTION('ref_axis',(1.,0.,0.));
#2214=DIRECTION('',(1.,0.,0.));
#2215=DIRECTION('',(1.,0.,0.));
#2216=DIRECTION('',(0.,0.,1.));
#2217=DIRECTION('center_axis',(0.,0.,1.));
#2218=DIRECTION('ref_axis',(0.,1.,0.));
#2219=DIRECTION('center_axis',(0.,0.,-1.));
#2220=DIRECTION('ref_axis',(0.,1.,0.));
#2221=DIRECTION('center_axis',(0.,0.,-1.));
#2222=DIRECTION('ref_axis',(0.,1.,0.));
#2223=DIRECTION('',(0.,0.,1.));
#2224=DIRECTION('center_axis',(1.,0.,0.));
#2225=DIRECTION('ref_axis',(0.,1.,0.));
#2226=DIRECTION('',(0.,1.,0.));
#2227=DIRECTION('',(0.,1.,0.));
#2228=DIRECTION('',(0.,0.,1.));
#2229=DIRECTION('center_axis',(0.,0.,1.));
#2230=DIRECTION('ref_axis',(0.,-1.,0.));
#2231=DIRECTION('center_axis',(0.,0.,1.));
#2232=DIRECTION('ref_axis',(0.,-1.,0.));
#2233=DIRECTION('center_axis',(0.,0.,1.));
#2234=DIRECTION('ref_axis',(0.,-1.,0.));
#2235=DIRECTION('',(0.,0.,1.));
#2236=DIRECTION('center_axis',(0.,-1.,0.));
#2237=DIRECTION('ref_axis',(1.,0.,0.));
#2238=DIRECTION('',(1.,0.,0.));
#2239=DIRECTION('',(1.,0.,0.));
#2240=DIRECTION('',(0.,0.,1.));
#2241=DIRECTION('center_axis',(0.,0.,1.));
#2242=DIRECTION('ref_axis',(-0.702413196890326,-0.711769415495153,0.));
#2243=DIRECTION('center_axis',(0.,0.,1.));
#2244=DIRECTION('ref_axis',(-0.702413196890326,-0.711769415495153,0.));
#2245=DIRECTION('center_axis',(0.,0.,1.));
#2246=DIRECTION('ref_axis',(-0.702413196890326,-0.711769415495153,0.));
#2247=DIRECTION('',(0.,0.,1.));
#2248=DIRECTION('center_axis',(0.,0.,1.));
#2249=DIRECTION('ref_axis',(-1.,2.84963177540383E-8,0.));
#2250=DIRECTION('center_axis',(0.,0.,-1.));
#2251=DIRECTION('ref_axis',(0.702413196891579,0.711769415493916,0.));
#2252=DIRECTION('center_axis',(0.,0.,-1.));
#2253=DIRECTION('ref_axis',(0.702413196891579,0.711769415493916,0.));
#2254=DIRECTION('',(0.,0.,1.));
#2255=DIRECTION('center_axis',(0.,0.,1.));
#2256=DIRECTION('ref_axis',(0.,1.,0.));
#2257=DIRECTION('center_axis',(0.,0.,1.));
#2258=DIRECTION('ref_axis',(0.,1.,0.));
#2259=DIRECTION('center_axis',(0.,0.,1.));
#2260=DIRECTION('ref_axis',(0.,1.,0.));
#2261=DIRECTION('',(0.,0.,1.));
#2262=DIRECTION('center_axis',(0.,1.,0.));
#2263=DIRECTION('ref_axis',(-1.,0.,0.));
#2264=DIRECTION('',(-1.,0.,0.));
#2265=DIRECTION('',(-1.,0.,0.));
#2266=DIRECTION('',(0.,0.,1.));
#2267=DIRECTION('center_axis',(0.,0.,1.));
#2268=DIRECTION('ref_axis',(1.,0.,0.));
#2269=DIRECTION('center_axis',(0.,0.,1.));
#2270=DIRECTION('ref_axis',(1.,0.,0.));
#2271=DIRECTION('center_axis',(0.,0.,1.));
#2272=DIRECTION('ref_axis',(1.,0.,0.));
#2273=DIRECTION('',(0.,0.,1.));
#2274=DIRECTION('center_axis',(1.,0.,0.));
#2275=DIRECTION('ref_axis',(0.,1.,0.));
#2276=DIRECTION('',(0.,1.,0.));
#2277=DIRECTION('',(0.,1.,0.));
#2278=DIRECTION('',(0.,0.,1.));
#2279=DIRECTION('center_axis',(0.,0.,1.));
#2280=DIRECTION('ref_axis',(-1.,0.,0.));
#2281=DIRECTION('center_axis',(0.,0.,-1.));
#2282=DIRECTION('ref_axis',(-1.,0.,0.));
#2283=DIRECTION('center_axis',(0.,0.,-1.));
#2284=DIRECTION('ref_axis',(-1.,0.,0.));
#2285=DIRECTION('',(0.,0.,1.));
#2286=DIRECTION('center_axis',(0.,1.,0.));
#2287=DIRECTION('ref_axis',(-1.,0.,0.));
#2288=DIRECTION('',(-1.,0.,0.));
#2289=DIRECTION('',(-1.,0.,0.));
#2290=DIRECTION('',(0.,0.,1.));
#2291=DIRECTION('center_axis',(0.,0.,1.));
#2292=DIRECTION('ref_axis',(0.,-1.,0.));
#2293=DIRECTION('center_axis',(0.,0.,-1.));
#2294=DIRECTION('ref_axis',(0.,-1.,0.));
#2295=DIRECTION('center_axis',(0.,0.,-1.));
#2296=DIRECTION('ref_axis',(0.,-1.,0.));
#2297=DIRECTION('',(0.,0.,1.));
#2298=DIRECTION('center_axis',(-1.,-2.19551777413619E-11,0.));
#2299=DIRECTION('ref_axis',(2.19551777413619E-11,-1.,0.));
#2300=DIRECTION('',(2.19551777413619E-11,-1.,0.));
#2301=DIRECTION('',(2.19551777413619E-11,-1.,0.));
#2302=DIRECTION('',(0.,0.,1.));
#2303=DIRECTION('center_axis',(0.,0.,1.));
#2304=DIRECTION('ref_axis',(0.,1.,0.));
#2305=DIRECTION('center_axis',(0.,0.,1.));
#2306=DIRECTION('ref_axis',(0.,1.,0.));
#2307=DIRECTION('center_axis',(0.,0.,1.));
#2308=DIRECTION('ref_axis',(0.,1.,0.));
#2309=DIRECTION('',(0.,0.,1.));
#2310=DIRECTION('center_axis',(0.,1.,0.));
#2311=DIRECTION('ref_axis',(-1.,0.,0.));
#2312=DIRECTION('',(-1.,0.,0.));
#2313=DIRECTION('',(-1.,0.,0.));
#2314=DIRECTION('',(0.,0.,1.));
#2315=DIRECTION('center_axis',(0.,0.,1.));
#2316=DIRECTION('ref_axis',(0.75224653796199,-0.658881739103612,0.));
#2317=DIRECTION('center_axis',(0.,0.,1.));
#2318=DIRECTION('ref_axis',(0.75224653796199,-0.658881739103612,0.));
#2319=DIRECTION('center_axis',(0.,0.,1.));
#2320=DIRECTION('ref_axis',(0.75224653796199,-0.658881739103612,0.));
#2321=DIRECTION('',(0.,0.,1.));
#2322=DIRECTION('center_axis',(0.,0.,1.));
#2323=DIRECTION('ref_axis',(-1.2420620087994E-14,-1.,0.));
#2324=DIRECTION('center_axis',(0.,0.,-1.));
#2325=DIRECTION('ref_axis',(-0.752246537937544,0.658881739131522,0.));
#2326=DIRECTION('center_axis',(0.,0.,-1.));
#2327=DIRECTION('ref_axis',(-0.752246537937544,0.658881739131522,0.));
#2328=DIRECTION('',(0.,0.,1.));
#2329=DIRECTION('center_axis',(0.,0.,1.));
#2330=DIRECTION('ref_axis',(0.,1.,0.));
#2331=DIRECTION('center_axis',(0.,0.,1.));
#2332=DIRECTION('ref_axis',(0.,1.,0.));
#2333=DIRECTION('center_axis',(0.,0.,1.));
#2334=DIRECTION('ref_axis',(0.,1.,0.));
#2335=DIRECTION('',(0.,0.,1.));
#2336=DIRECTION('center_axis',(7.63615943947802E-12,1.,0.));
#2337=DIRECTION('ref_axis',(-1.,7.63615943947802E-12,0.));
#2338=DIRECTION('',(-1.,7.63615943947802E-12,0.));
#2339=DIRECTION('',(-1.,7.63615943947802E-12,0.));
#2340=DIRECTION('',(0.,0.,1.));
#2341=DIRECTION('center_axis',(0.,0.,1.));
#2342=DIRECTION('ref_axis',(0.,-1.,0.));
#2343=DIRECTION('center_axis',(0.,0.,-1.));
#2344=DIRECTION('ref_axis',(0.,-1.,0.));
#2345=DIRECTION('center_axis',(0.,0.,-1.));
#2346=DIRECTION('ref_axis',(0.,-1.,0.));
#2347=DIRECTION('',(0.,0.,1.));
#2348=DIRECTION('center_axis',(-1.,7.35613494525442E-13,0.));
#2349=DIRECTION('ref_axis',(-7.35613494525442E-13,-1.,0.));
#2350=DIRECTION('',(-7.35613494525442E-13,-1.,0.));
#2351=DIRECTION('',(-7.35613494525442E-13,-1.,0.));
#2352=DIRECTION('',(0.,0.,1.));
#2353=DIRECTION('center_axis',(0.,0.,1.));
#2354=DIRECTION('ref_axis',(0.,1.,0.));
#2355=DIRECTION('center_axis',(0.,0.,1.));
#2356=DIRECTION('ref_axis',(0.,1.,0.));
#2357=DIRECTION('center_axis',(0.,0.,1.));
#2358=DIRECTION('ref_axis',(0.,1.,0.));
#2359=DIRECTION('',(0.,0.,1.));
#2360=DIRECTION('center_axis',(1.11722788666868E-12,1.,0.));
#2361=DIRECTION('ref_axis',(-1.,1.11722788666868E-12,0.));
#2362=DIRECTION('',(-1.,1.11722788666868E-12,0.));
#2363=DIRECTION('',(-1.,1.11722788666868E-12,0.));
#2364=DIRECTION('',(0.,0.,1.));
#2365=DIRECTION('center_axis',(0.,0.,1.));
#2366=DIRECTION('ref_axis',(-5.35481482022084E-12,-1.,0.));
#2367=DIRECTION('center_axis',(0.,0.,-1.));
#2368=DIRECTION('ref_axis',(-5.35481482022084E-12,-1.,0.));
#2369=DIRECTION('center_axis',(0.,0.,-1.));
#2370=DIRECTION('ref_axis',(-5.35481482022084E-12,-1.,0.));
#2371=DIRECTION('',(0.,0.,1.));
#2372=DIRECTION('center_axis',(-1.,0.,0.));
#2373=DIRECTION('ref_axis',(0.,-1.,0.));
#2374=DIRECTION('',(0.,-1.,0.));
#2375=DIRECTION('',(0.,-1.,0.));
#2376=DIRECTION('',(0.,0.,1.));
#2377=DIRECTION('center_axis',(0.,0.,1.));
#2378=DIRECTION('ref_axis',(1.,0.,0.));
#2379=DIRECTION('center_axis',(0.,0.,-1.));
#2380=DIRECTION('ref_axis',(1.,0.,0.));
#2381=DIRECTION('center_axis',(0.,0.,-1.));
#2382=DIRECTION('ref_axis',(1.,0.,0.));
#2383=DIRECTION('',(0.,0.,1.));
#2384=DIRECTION('center_axis',(0.,-1.,0.));
#2385=DIRECTION('ref_axis',(1.,0.,0.));
#2386=DIRECTION('',(1.,0.,0.));
#2387=DIRECTION('',(1.,0.,0.));
#2388=DIRECTION('',(0.,0.,1.));
#2389=DIRECTION('center_axis',(0.,0.,1.));
#2390=DIRECTION('ref_axis',(-1.,0.,0.));
#2391=DIRECTION('center_axis',(0.,0.,1.));
#2392=DIRECTION('ref_axis',(-1.,0.,0.));
#2393=DIRECTION('center_axis',(0.,0.,1.));
#2394=DIRECTION('ref_axis',(-1.,0.,0.));
#2395=DIRECTION('',(0.,0.,1.));
#2396=DIRECTION('center_axis',(-1.,1.05087642075085E-12,0.));
#2397=DIRECTION('ref_axis',(-1.05087642075085E-12,-1.,0.));
#2398=DIRECTION('',(-1.05087642075085E-12,-1.,0.));
#2399=DIRECTION('',(-1.05087642075085E-12,-1.,0.));
#2400=DIRECTION('',(0.,0.,1.));
#2401=DIRECTION('center_axis',(0.,0.,1.));
#2402=DIRECTION('ref_axis',(1.,0.,0.));
#2403=DIRECTION('center_axis',(0.,0.,-1.));
#2404=DIRECTION('ref_axis',(1.,0.,0.));
#2405=DIRECTION('center_axis',(0.,0.,-1.));
#2406=DIRECTION('ref_axis',(1.,0.,0.));
#2407=DIRECTION('center_axis',(0.,0.,1.));
#2408=DIRECTION('ref_axis',(1.,0.,0.));
#2409=DIRECTION('center_axis',(0.,0.,-1.));
#2410=DIRECTION('ref_axis',(1.,0.,0.));
#2411=DIRECTION('',(0.,0.,1.));
#2412=DIRECTION('center_axis',(0.,0.,-1.));
#2413=DIRECTION('ref_axis',(1.,0.,0.));
#2414=DIRECTION('center_axis',(0.,0.,1.));
#2415=DIRECTION('ref_axis',(1.,0.,0.));
#2416=DIRECTION('center_axis',(0.,0.,-1.));
#2417=DIRECTION('ref_axis',(1.,0.,0.));
#2418=DIRECTION('',(0.,0.,1.));
#2419=DIRECTION('center_axis',(0.,0.,-1.));
#2420=DIRECTION('ref_axis',(1.,0.,0.));
#2421=DIRECTION('center_axis',(0.,0.,1.));
#2422=DIRECTION('ref_axis',(1.,0.,0.));
#2423=DIRECTION('center_axis',(0.,0.,-1.));
#2424=DIRECTION('ref_axis',(1.,0.,0.));
#2425=DIRECTION('',(0.,0.,1.));
#2426=DIRECTION('center_axis',(0.,0.,-1.));
#2427=DIRECTION('ref_axis',(1.,0.,0.));
#2428=DIRECTION('center_axis',(0.,0.,1.));
#2429=DIRECTION('ref_axis',(1.,0.,0.));
#2430=DIRECTION('center_axis',(0.,0.,-1.));
#2431=DIRECTION('ref_axis',(1.,0.,0.));
#2432=DIRECTION('',(0.,0.,1.));
#2433=DIRECTION('center_axis',(0.,0.,-1.));
#2434=DIRECTION('ref_axis',(1.,0.,0.));
#2435=DIRECTION('center_axis',(0.,0.,1.));
#2436=DIRECTION('ref_axis',(1.,0.,0.));
#2437=DIRECTION('center_axis',(0.,0.,-1.));
#2438=DIRECTION('ref_axis',(1.,0.,0.));
#2439=DIRECTION('',(0.,0.,1.));
#2440=DIRECTION('center_axis',(0.,0.,-1.));
#2441=DIRECTION('ref_axis',(1.,0.,0.));
#2442=DIRECTION('center_axis',(0.,0.,1.));
#2443=DIRECTION('ref_axis',(1.,0.,0.));
#2444=DIRECTION('center_axis',(0.,0.,-1.));
#2445=DIRECTION('ref_axis',(1.,0.,0.));
#2446=DIRECTION('',(0.,0.,1.));
#2447=DIRECTION('center_axis',(0.,0.,-1.));
#2448=DIRECTION('ref_axis',(1.,0.,0.));
#2449=DIRECTION('center_axis',(0.,0.,1.));
#2450=DIRECTION('ref_axis',(1.,0.,0.));
#2451=DIRECTION('center_axis',(0.,0.,-1.));
#2452=DIRECTION('ref_axis',(1.,0.,0.));
#2453=DIRECTION('',(0.,0.,1.));
#2454=DIRECTION('center_axis',(0.,0.,-1.));
#2455=DIRECTION('ref_axis',(1.,0.,0.));
#2456=DIRECTION('center_axis',(0.,0.,1.));
#2457=DIRECTION('ref_axis',(1.,0.,0.));
#2458=DIRECTION('center_axis',(0.,0.,-1.));
#2459=DIRECTION('ref_axis',(1.,0.,0.));
#2460=DIRECTION('',(0.,0.,1.));
#2461=DIRECTION('center_axis',(0.,0.,-1.));
#2462=DIRECTION('ref_axis',(1.,0.,0.));
#2463=DIRECTION('center_axis',(0.,0.,1.));
#2464=DIRECTION('ref_axis',(1.,0.,0.));
#2465=DIRECTION('center_axis',(0.,0.,-1.));
#2466=DIRECTION('ref_axis',(1.,0.,0.));
#2467=DIRECTION('',(0.,0.,1.));
#2468=DIRECTION('center_axis',(0.,0.,-1.));
#2469=DIRECTION('ref_axis',(1.,0.,0.));
#2470=DIRECTION('center_axis',(0.,0.,1.));
#2471=DIRECTION('ref_axis',(1.,0.,0.));
#2472=DIRECTION('center_axis',(0.,0.,-1.));
#2473=DIRECTION('ref_axis',(1.,0.,0.));
#2474=DIRECTION('',(0.,0.,1.));
#2475=DIRECTION('center_axis',(0.,0.,-1.));
#2476=DIRECTION('ref_axis',(1.,0.,0.));
#2477=DIRECTION('center_axis',(0.,0.,1.));
#2478=DIRECTION('ref_axis',(1.,0.,0.));
#2479=DIRECTION('center_axis',(0.,0.,-1.));
#2480=DIRECTION('ref_axis',(1.,0.,0.));
#2481=DIRECTION('',(0.,0.,1.));
#2482=DIRECTION('center_axis',(0.,0.,-1.));
#2483=DIRECTION('ref_axis',(1.,0.,0.));
#2484=DIRECTION('center_axis',(0.,0.,1.));
#2485=DIRECTION('ref_axis',(1.,0.,0.));
#2486=DIRECTION('center_axis',(0.,0.,-1.));
#2487=DIRECTION('ref_axis',(1.,0.,0.));
#2488=DIRECTION('',(0.,0.,1.));
#2489=DIRECTION('center_axis',(0.,0.,-1.));
#2490=DIRECTION('ref_axis',(1.,0.,0.));
#2491=DIRECTION('center_axis',(-1.27881419526176E-12,-1.,0.));
#2492=DIRECTION('ref_axis',(1.,-1.27881419526176E-12,0.));
#2493=DIRECTION('',(-1.,1.27881419526176E-12,0.));
#2494=DIRECTION('',(0.,0.,1.));
#2495=DIRECTION('',(1.,-1.27881419526176E-12,0.));
#2496=DIRECTION('',(0.,0.,1.));
#2497=DIRECTION('center_axis',(0.,0.,1.));
#2498=DIRECTION('ref_axis',(-1.,0.,0.));
#2499=DIRECTION('center_axis',(0.,0.,1.));
#2500=DIRECTION('ref_axis',(-1.,0.,0.));
#2501=DIRECTION('center_axis',(0.,0.,1.));
#2502=DIRECTION('ref_axis',(-1.,0.,0.));
#2503=DIRECTION('',(0.,0.,1.));
#2504=DIRECTION('center_axis',(-1.,2.99130906649635E-13,0.));
#2505=DIRECTION('ref_axis',(-2.99130906649635E-13,-1.,0.));
#2506=DIRECTION('',(2.99130906649635E-13,1.,0.));
#2507=DIRECTION('',(-2.99130906649635E-13,-1.,0.));
#2508=DIRECTION('',(0.,0.,1.));
#2509=DIRECTION('center_axis',(0.,0.,1.));
#2510=DIRECTION('ref_axis',(0.,1.,0.));
#2511=DIRECTION('center_axis',(0.,0.,1.));
#2512=DIRECTION('ref_axis',(0.,1.,0.));
#2513=DIRECTION('center_axis',(0.,0.,1.));
#2514=DIRECTION('ref_axis',(0.,1.,0.));
#2515=DIRECTION('',(0.,0.,1.));
#2516=DIRECTION('center_axis',(-6.17609044185663E-13,1.,0.));
#2517=DIRECTION('ref_axis',(-1.,-6.17609044185663E-13,0.));
#2518=DIRECTION('',(-1.,-6.17609044185663E-13,0.));
#2519=DIRECTION('',(-1.,-6.17609044185663E-13,0.));
#2520=DIRECTION('',(0.,0.,1.));
#2521=DIRECTION('center_axis',(0.,0.,1.));
#2522=DIRECTION('ref_axis',(0.,-1.,0.));
#2523=DIRECTION('center_axis',(0.,0.,1.));
#2524=DIRECTION('ref_axis',(0.,-1.,0.));
#2525=DIRECTION('center_axis',(0.,0.,-1.));
#2526=DIRECTION('ref_axis',(0.,-1.,0.));
#2527=DIRECTION('',(0.,0.,1.));
#2528=DIRECTION('center_axis',(3.01942199379658E-12,-1.,0.));
#2529=DIRECTION('ref_axis',(1.,3.01942199379658E-12,0.));
#2530=DIRECTION('',(-1.,-3.01942199379658E-12,0.));
#2531=DIRECTION('',(1.,3.01942199379658E-12,0.));
#2532=DIRECTION('',(0.,0.,1.));
#2533=DIRECTION('center_axis',(0.,0.,1.));
#2534=DIRECTION('ref_axis',(-1.,0.,0.));
#2535=DIRECTION('center_axis',(0.,0.,1.));
#2536=DIRECTION('ref_axis',(-1.,0.,0.));
#2537=DIRECTION('center_axis',(0.,0.,1.));
#2538=DIRECTION('ref_axis',(-1.,0.,0.));
#2539=DIRECTION('',(0.,0.,1.));
#2540=DIRECTION('center_axis',(-1.,-5.78180662635533E-13,0.));
#2541=DIRECTION('ref_axis',(5.78180662635533E-13,-1.,0.));
#2542=DIRECTION('',(-5.78180662635533E-13,1.,0.));
#2543=DIRECTION('',(5.78180662635533E-13,-1.,0.));
#2544=DIRECTION('',(0.,0.,1.));
#2545=DIRECTION('center_axis',(0.,0.,1.));
#2546=DIRECTION('ref_axis',(0.,1.,0.));
#2547=DIRECTION('center_axis',(0.,0.,1.));
#2548=DIRECTION('ref_axis',(0.,1.,0.));
#2549=DIRECTION('center_axis',(0.,0.,1.));
#2550=DIRECTION('ref_axis',(0.,1.,0.));
#2551=DIRECTION('',(0.,0.,1.));
#2552=DIRECTION('center_axis',(0.,1.,0.));
#2553=DIRECTION('ref_axis',(-1.,0.,0.));
#2554=DIRECTION('',(-1.,0.,0.));
#2555=DIRECTION('',(-1.,0.,0.));
#2556=DIRECTION('',(0.,0.,1.));
#2557=DIRECTION('center_axis',(0.,0.,1.));
#2558=DIRECTION('ref_axis',(0.707106781188359,0.707106781184736,0.));
#2559=DIRECTION('center_axis',(0.,0.,1.));
#2560=DIRECTION('ref_axis',(0.707106781188359,0.707106781184736,0.));
#2561=DIRECTION('center_axis',(0.,0.,1.));
#2562=DIRECTION('ref_axis',(0.707106781188359,0.707106781184736,0.));
#2563=DIRECTION('',(0.,0.,1.));
#2564=DIRECTION('center_axis',(0.707106781186054,0.707106781187041,0.));
#2565=DIRECTION('ref_axis',(-0.707106781187041,0.707106781186054,0.));
#2566=DIRECTION('',(0.707106781187041,-0.707106781186054,0.));
#2567=DIRECTION('',(-0.707106781187041,0.707106781186054,0.));
#2568=DIRECTION('',(0.,0.,1.));
#2569=DIRECTION('center_axis',(0.,0.,1.));
#2570=DIRECTION('ref_axis',(0.147870755158012,-0.989006693490494,0.));
#2571=DIRECTION('center_axis',(0.,0.,1.));
#2572=DIRECTION('ref_axis',(0.147870755158012,-0.989006693490494,0.));
#2573=DIRECTION('center_axis',(0.,0.,1.));
#2574=DIRECTION('ref_axis',(0.147870755158012,-0.989006693490494,0.));
#2575=DIRECTION('',(0.,0.,1.));
#2576=DIRECTION('center_axis',(0.,0.,1.));
#2577=DIRECTION('ref_axis',(-0.147870755157934,0.989006693490505,0.));
#2578=DIRECTION('center_axis',(0.,0.,1.));
#2579=DIRECTION('ref_axis',(-0.147870755157934,0.989006693490505,0.));
#2580=DIRECTION('center_axis',(0.,0.,-1.));
#2581=DIRECTION('ref_axis',(-0.147870755157934,0.989006693490505,0.));
#2582=DIRECTION('',(0.,0.,1.));
#2583=DIRECTION('center_axis',(-7.61717821161482E-12,1.,0.));
#2584=DIRECTION('ref_axis',(-1.,-7.61717821161482E-12,0.));
#2585=DIRECTION('',(1.,7.61717821161482E-12,0.));
#2586=DIRECTION('',(-1.,-7.61717821161482E-12,0.));
#2587=DIRECTION('',(0.,0.,1.));
#2588=DIRECTION('center_axis',(0.,0.,1.));
#2589=DIRECTION('ref_axis',(1.,0.,0.));
#2590=DIRECTION('center_axis',(0.,0.,1.));
#2591=DIRECTION('ref_axis',(1.,0.,0.));
#2592=DIRECTION('center_axis',(0.,0.,1.));
#2593=DIRECTION('ref_axis',(1.,0.,0.));
#2594=DIRECTION('',(0.,0.,1.));
#2595=DIRECTION('center_axis',(1.,0.,0.));
#2596=DIRECTION('ref_axis',(0.,1.,0.));
#2597=DIRECTION('',(0.,1.,0.));
#2598=DIRECTION('',(0.,1.,0.));
#2599=DIRECTION('',(0.,0.,1.));
#2600=DIRECTION('center_axis',(0.,0.,1.));
#2601=DIRECTION('ref_axis',(-5.35481482022084E-12,-1.,0.));
#2602=DIRECTION('center_axis',(0.,0.,1.));
#2603=DIRECTION('ref_axis',(-5.35481482022084E-12,-1.,0.));
#2604=DIRECTION('center_axis',(0.,0.,1.));
#2605=DIRECTION('ref_axis',(-5.35481482022084E-12,-1.,0.));
#2606=DIRECTION('',(0.,0.,1.));
#2607=DIRECTION('center_axis',(-6.73357756105427E-12,-1.,0.));
#2608=DIRECTION('ref_axis',(1.,-6.73357756105427E-12,0.));
#2609=DIRECTION('',(1.,-6.73357756105427E-12,0.));
#2610=DIRECTION('',(1.,-6.73357756105427E-12,0.));
#2611=DIRECTION('',(0.,0.,1.));
#2612=DIRECTION('center_axis',(0.,0.,1.));
#2613=DIRECTION('ref_axis',(0.,1.,0.));
#2614=DIRECTION('center_axis',(0.,0.,1.));
#2615=DIRECTION('ref_axis',(0.,1.,0.));
#2616=DIRECTION('center_axis',(0.,0.,-1.));
#2617=DIRECTION('ref_axis',(0.,1.,0.));
#2618=DIRECTION('',(0.,0.,1.));
#2619=DIRECTION('center_axis',(-5.77163790946607E-12,1.,0.));
#2620=DIRECTION('ref_axis',(-1.,-5.77163790946607E-12,0.));
#2621=DIRECTION('',(1.,5.77163790946607E-12,0.));
#2622=DIRECTION('',(-1.,-5.77163790946607E-12,0.));
#2623=DIRECTION('',(0.,0.,1.));
#2624=DIRECTION('center_axis',(0.,0.,1.));
#2625=DIRECTION('ref_axis',(1.,0.,0.));
#2626=DIRECTION('center_axis',(0.,0.,1.));
#2627=DIRECTION('ref_axis',(1.,0.,0.));
#2628=DIRECTION('center_axis',(0.,0.,1.));
#2629=DIRECTION('ref_axis',(1.,0.,0.));
#2630=DIRECTION('',(0.,0.,1.));
#2631=DIRECTION('center_axis',(1.,-2.35031426658683E-13,0.));
#2632=DIRECTION('ref_axis',(2.35031426658683E-13,1.,0.));
#2633=DIRECTION('',(-2.35031426658683E-13,-1.,0.));
#2634=DIRECTION('',(2.35031426658683E-13,1.,0.));
#2635=DIRECTION('',(0.,0.,1.));
#2636=DIRECTION('center_axis',(0.,0.,1.));
#2637=DIRECTION('ref_axis',(3.70717949092212E-12,-1.,0.));
#2638=DIRECTION('center_axis',(0.,0.,1.));
#2639=DIRECTION('ref_axis',(3.70717949092212E-12,-1.,0.));
#2640=DIRECTION('center_axis',(0.,0.,1.));
#2641=DIRECTION('ref_axis',(3.70717949092212E-12,-1.,0.));
#2642=DIRECTION('',(0.,0.,1.));
#2643=DIRECTION('center_axis',(1.16659486123823E-12,-1.,0.));
#2644=DIRECTION('ref_axis',(1.,1.16659486123823E-12,0.));
#2645=DIRECTION('',(1.,1.16659486123823E-12,0.));
#2646=DIRECTION('',(1.,1.16659486123823E-12,0.));
#2647=DIRECTION('',(0.,0.,1.));
#2648=DIRECTION('center_axis',(0.,0.,1.));
#2649=DIRECTION('ref_axis',(-5.19023181709361E-12,1.,0.));
#2650=DIRECTION('center_axis',(0.,0.,1.));
#2651=DIRECTION('ref_axis',(-5.19023181709361E-12,1.,0.));
#2652=DIRECTION('center_axis',(0.,0.,-1.));
#2653=DIRECTION('ref_axis',(-5.19023181709361E-12,1.,0.));
#2654=DIRECTION('',(0.,0.,1.));
#2655=DIRECTION('center_axis',(0.,0.,1.));
#2656=DIRECTION('ref_axis',(0.707106781191902,-0.707106781181193,0.));
#2657=DIRECTION('center_axis',(0.,0.,1.));
#2658=DIRECTION('ref_axis',(0.707106781191902,-0.707106781181193,0.));
#2659=DIRECTION('center_axis',(0.,0.,1.));
#2660=DIRECTION('ref_axis',(0.707106781191902,-0.707106781181193,0.));
#2661=DIRECTION('',(0.,0.,1.));
#2662=DIRECTION('center_axis',(0.70710678118653,-0.707106781186565,0.));
#2663=DIRECTION('ref_axis',(0.707106781186565,0.70710678118653,0.));
#2664=DIRECTION('',(0.707106781186565,0.70710678118653,0.));
#2665=DIRECTION('',(0.707106781186565,0.70710678118653,0.));
#2666=DIRECTION('',(0.,0.,1.));
#2667=DIRECTION('center_axis',(0.,0.,1.));
#2668=DIRECTION('ref_axis',(0.,-1.,0.));
#2669=DIRECTION('center_axis',(0.,0.,1.));
#2670=DIRECTION('ref_axis',(0.,-1.,0.));
#2671=DIRECTION('center_axis',(0.,0.,1.));
#2672=DIRECTION('ref_axis',(0.,-1.,0.));
#2673=DIRECTION('',(0.,0.,1.));
#2674=DIRECTION('center_axis',(0.,-1.,0.));
#2675=DIRECTION('ref_axis',(1.,0.,0.));
#2676=DIRECTION('',(-1.,0.,0.));
#2677=DIRECTION('',(1.,0.,0.));
#2678=DIRECTION('',(0.,0.,1.));
#2679=DIRECTION('center_axis',(0.,0.,1.));
#2680=DIRECTION('ref_axis',(-1.,0.,0.));
#2681=DIRECTION('center_axis',(0.,0.,1.));
#2682=DIRECTION('ref_axis',(-1.,0.,0.));
#2683=DIRECTION('center_axis',(0.,0.,1.));
#2684=DIRECTION('ref_axis',(-1.,0.,0.));
#2685=DIRECTION('',(0.,0.,1.));
#2686=DIRECTION('center_axis',(-1.,0.,0.));
#2687=DIRECTION('ref_axis',(0.,-1.,0.));
#2688=DIRECTION('',(0.,1.,0.));
#2689=DIRECTION('',(0.,-1.,0.));
#2690=DIRECTION('',(0.,0.,1.));
#2691=DIRECTION('center_axis',(0.,0.,1.));
#2692=DIRECTION('ref_axis',(0.,1.,0.));
#2693=DIRECTION('center_axis',(0.,0.,1.));
#2694=DIRECTION('ref_axis',(0.,1.,0.));
#2695=DIRECTION('center_axis',(0.,0.,1.));
#2696=DIRECTION('ref_axis',(0.,1.,0.));
#2697=DIRECTION('',(0.,0.,1.));
#2698=DIRECTION('center_axis',(-6.17609044185663E-13,1.,0.));
#2699=DIRECTION('ref_axis',(-1.,-6.17609044185663E-13,0.));
#2700=DIRECTION('',(-1.,-6.17609044185663E-13,0.));
#2701=DIRECTION('',(-1.,-6.17609044185663E-13,0.));
#2702=DIRECTION('',(0.,0.,1.));
#2703=DIRECTION('center_axis',(0.,0.,1.));
#2704=DIRECTION('ref_axis',(0.,-1.,0.));
#2705=DIRECTION('center_axis',(0.,0.,1.));
#2706=DIRECTION('ref_axis',(0.,-1.,0.));
#2707=DIRECTION('center_axis',(0.,0.,-1.));
#2708=DIRECTION('ref_axis',(0.,-1.,0.));
#2709=DIRECTION('',(0.,0.,1.));
#2710=DIRECTION('center_axis',(3.01942199379658E-12,-1.,0.));
#2711=DIRECTION('ref_axis',(1.,3.01942199379658E-12,0.));
#2712=DIRECTION('',(-1.,-3.01942199379658E-12,0.));
#2713=DIRECTION('',(1.,3.01942199379658E-12,0.));
#2714=DIRECTION('',(0.,0.,1.));
#2715=DIRECTION('center_axis',(0.,0.,1.));
#2716=DIRECTION('ref_axis',(-1.,0.,0.));
#2717=DIRECTION('center_axis',(0.,0.,1.));
#2718=DIRECTION('ref_axis',(-1.,0.,0.));
#2719=DIRECTION('center_axis',(0.,0.,1.));
#2720=DIRECTION('ref_axis',(-1.,0.,0.));
#2721=DIRECTION('',(0.,0.,1.));
#2722=DIRECTION('center_axis',(-1.,0.,0.));
#2723=DIRECTION('ref_axis',(0.,-1.,0.));
#2724=DIRECTION('',(0.,1.,0.));
#2725=DIRECTION('',(0.,-1.,0.));
#2726=DIRECTION('',(0.,0.,1.));
#2727=DIRECTION('center_axis',(0.,0.,1.));
#2728=DIRECTION('ref_axis',(0.,1.,0.));
#2729=DIRECTION('center_axis',(0.,0.,1.));
#2730=DIRECTION('ref_axis',(0.,1.,0.));
#2731=DIRECTION('center_axis',(0.,0.,1.));
#2732=DIRECTION('ref_axis',(0.,1.,0.));
#2733=DIRECTION('',(0.,0.,1.));
#2734=DIRECTION('center_axis',(-1.27881419526728E-12,1.,0.));
#2735=DIRECTION('ref_axis',(-1.,-1.27881419526728E-12,0.));
#2736=DIRECTION('',(-1.,-1.27881419526728E-12,0.));
#2737=DIRECTION('',(-1.,-1.27881419526728E-12,0.));
#2738=DIRECTION('',(0.,0.,1.));
#2739=DIRECTION('center_axis',(0.,0.,1.));
#2740=DIRECTION('ref_axis',(-3.65421978391167E-12,-1.,0.));
#2741=DIRECTION('center_axis',(0.,0.,1.));
#2742=DIRECTION('ref_axis',(-3.65421978391167E-12,-1.,0.));
#2743=DIRECTION('center_axis',(0.,0.,-1.));
#2744=DIRECTION('ref_axis',(-3.65421978391167E-12,-1.,0.));
#2745=DIRECTION('center_axis',(0.,0.,1.));
#2746=DIRECTION('ref_axis',(1.,0.,0.));
#2747=DIRECTION('center_axis',(0.,0.,1.));
#2748=DIRECTION('ref_axis',(1.,0.,0.));
#2749=CARTESIAN_POINT('',(0.,0.,0.));
#2750=CARTESIAN_POINT('Origin',(971.166965226537,667.643944858933,0.));
#2751=CARTESIAN_POINT('',(971.166965226537,667.643944858934,0.));
#2752=CARTESIAN_POINT('',(971.371674679118,667.643944858934,0.));
#2753=CARTESIAN_POINT('',(971.166965226537,667.643944858933,0.));
#2754=CARTESIAN_POINT('',(971.371674679118,667.643944858934,1.5));
#2755=CARTESIAN_POINT('',(971.371674679118,667.643944858934,0.));
#2756=CARTESIAN_POINT('',(971.166965226537,667.643944858934,1.5));
#2757=CARTESIAN_POINT('',(971.166965226537,667.643944858933,1.5));
#2758=CARTESIAN_POINT('',(971.166965226537,667.643944858934,0.));
#2759=CARTESIAN_POINT('Origin',(971.166965226537,667.793944858934,0.));
#2760=CARTESIAN_POINT('',(971.054128245844,667.892777119806,0.));
#2761=CARTESIAN_POINT('Origin',(971.166965226537,667.793944858934,0.));
#2762=CARTESIAN_POINT('',(971.054128245844,667.892777119806,1.5));
#2763=CARTESIAN_POINT('Origin',(971.166965226537,667.793944858934,1.5));
#2764=CARTESIAN_POINT('',(971.054128245844,667.892777119806,0.));
#2765=CARTESIAN_POINT('Origin',(970.301881707903,668.551658858934,0.));
#2766=CARTESIAN_POINT('',(969.549635169962,667.892777119806,0.));
#2767=CARTESIAN_POINT('Origin',(970.301881707903,668.551658858934,0.));
#2768=CARTESIAN_POINT('',(969.549635169962,667.892777119806,1.5));
#2769=CARTESIAN_POINT('Origin',(970.301881707903,668.551658858934,1.5));
#2770=CARTESIAN_POINT('',(969.549635169962,667.892777119806,0.));
#2771=CARTESIAN_POINT('Origin',(969.436798189268,667.793944858934,0.));
#2772=CARTESIAN_POINT('',(969.436798189268,667.643944858934,0.));
#2773=CARTESIAN_POINT('Origin',(969.436798189268,667.793944858934,0.));
#2774=CARTESIAN_POINT('',(969.436798189268,667.643944858934,1.5));
#2775=CARTESIAN_POINT('Origin',(969.436798189268,667.793944858934,1.5));
#2776=CARTESIAN_POINT('',(969.436798189268,667.643944858934,0.));
#2777=CARTESIAN_POINT('Origin',(960.126881707903,667.643944858933,0.));
#2778=CARTESIAN_POINT('',(960.126881707903,667.643944858933,0.));
#2779=CARTESIAN_POINT('',(960.126881707903,667.643944858933,0.));
#2780=CARTESIAN_POINT('',(960.126881707903,667.643944858933,1.5));
#2781=CARTESIAN_POINT('',(960.126881707903,667.643944858933,1.5));
#2782=CARTESIAN_POINT('',(960.126881707903,667.643944858933,0.));
#2783=CARTESIAN_POINT('Origin',(960.126881707903,669.143944858933,0.));
#2784=CARTESIAN_POINT('',(958.626881707903,669.143944858933,0.));
#2785=CARTESIAN_POINT('Origin',(960.126881707903,669.143944858933,0.));
#2786=CARTESIAN_POINT('',(958.626881707903,669.143944858933,1.5));
#2787=CARTESIAN_POINT('Origin',(960.126881707903,669.143944858933,1.5));
#2788=CARTESIAN_POINT('',(958.626881707903,669.143944858933,0.));
#2789=CARTESIAN_POINT('Origin',(958.626881707904,669.163362858936,0.));
#2790=CARTESIAN_POINT('',(958.626881707904,669.163362858936,0.));
#2791=CARTESIAN_POINT('',(958.626881707903,669.143944858933,0.));
#2792=CARTESIAN_POINT('',(958.626881707904,669.163362858936,1.5));
#2793=CARTESIAN_POINT('',(958.626881707903,669.143944858933,1.5));
#2794=CARTESIAN_POINT('',(958.626881707904,669.163362858936,0.));
#2795=CARTESIAN_POINT('Origin',(957.126881707904,669.163362858936,0.));
#2796=CARTESIAN_POINT('',(957.126881707904,670.663362858936,0.));
#2797=CARTESIAN_POINT('Origin',(957.126881707904,669.163362858936,0.));
#2798=CARTESIAN_POINT('',(957.126881707904,670.663362858936,1.5));
#2799=CARTESIAN_POINT('Origin',(957.126881707904,669.163362858936,1.5));
#2800=CARTESIAN_POINT('',(957.126881707904,670.663362858936,0.));
#2801=CARTESIAN_POINT('Origin',(953.751881707904,670.663362858936,0.));
#2802=CARTESIAN_POINT('',(953.751881707904,670.663362858936,0.));
#2803=CARTESIAN_POINT('',(953.751881707904,670.663362858936,0.));
#2804=CARTESIAN_POINT('',(953.751881707904,670.663362858936,1.5));
#2805=CARTESIAN_POINT('',(953.751881707904,670.663362858936,1.5));
#2806=CARTESIAN_POINT('',(953.751881707904,670.663362858936,0.));
#2807=CARTESIAN_POINT('Origin',(953.751881707904,669.163362858936,0.));
#2808=CARTESIAN_POINT('',(952.251881707904,669.163362858936,0.));
#2809=CARTESIAN_POINT('Origin',(953.751881707904,669.163362858936,0.));
#2810=CARTESIAN_POINT('',(952.251881707904,669.163362858936,1.5));
#2811=CARTESIAN_POINT('Origin',(953.751881707904,669.163362858936,1.5));
#2812=CARTESIAN_POINT('',(952.251881707904,669.163362858936,0.));
#2813=CARTESIAN_POINT('Origin',(952.251881707904,667.191658858926,0.));
#2814=CARTESIAN_POINT('',(952.251881707901,667.191658858926,0.));
#2815=CARTESIAN_POINT('',(952.251881707904,667.191658858926,0.));
#2816=CARTESIAN_POINT('',(952.251881707901,667.191658858926,1.5));
#2817=CARTESIAN_POINT('',(952.251881707904,667.191658858926,1.5));
#2818=CARTESIAN_POINT('',(952.251881707901,667.191658858926,0.));
#2819=CARTESIAN_POINT('Origin',(950.561881707901,667.191658858926,0.));
#2820=CARTESIAN_POINT('',(950.561881707901,665.501658858926,0.));
#2821=CARTESIAN_POINT('Origin',(950.561881707901,667.191658858926,0.));
#2822=CARTESIAN_POINT('',(950.561881707901,665.501658858926,1.5));
#2823=CARTESIAN_POINT('Origin',(950.561881707901,667.191658858926,1.5));
#2824=CARTESIAN_POINT('',(950.561881707901,665.501658858926,0.));
#2825=CARTESIAN_POINT('Origin',(950.075022537538,665.501658858926,0.));
#2826=CARTESIAN_POINT('',(950.075022537538,665.501658858926,0.));
#2827=CARTESIAN_POINT('',(950.561881707901,665.501658858926,0.));
#2828=CARTESIAN_POINT('',(950.075022537538,665.501658858926,1.5));
#2829=CARTESIAN_POINT('',(950.561881707901,665.501658858926,1.5));
#2830=CARTESIAN_POINT('',(950.075022537538,665.501658858926,0.));
#2831=CARTESIAN_POINT('Origin',(950.075022537538,667.191658858926,0.));
#2832=CARTESIAN_POINT('',(948.887944234328,665.988768546268,0.));
#2833=CARTESIAN_POINT('Origin',(950.075022537538,667.191658858926,0.));
#2834=CARTESIAN_POINT('',(948.887944234328,665.988768546268,1.5));
#2835=CARTESIAN_POINT('Origin',(950.075022537538,667.191658858926,1.5));
#2836=CARTESIAN_POINT('',(948.887944234328,665.988768546268,0.));
#2837=CARTESIAN_POINT('Origin',(941.301881707899,658.301658858933,0.));
#2838=CARTESIAN_POINT('',(948.88794379622,650.614548739249,0.));
#2839=CARTESIAN_POINT('Origin',(941.301881707899,658.301658858933,0.));
#2840=CARTESIAN_POINT('',(948.88794379622,650.614548739249,1.5));
#2841=CARTESIAN_POINT('Origin',(941.301881707899,658.301658858933,1.5));
#2842=CARTESIAN_POINT('',(948.88794379622,650.614548739249,0.));
#2843=CARTESIAN_POINT('Origin',(950.075022030876,649.411658358938,0.));
#2844=CARTESIAN_POINT('',(950.075022030876,651.101658358938,0.));
#2845=CARTESIAN_POINT('Origin',(950.075022030876,649.411658358938,0.));
#2846=CARTESIAN_POINT('',(950.075022030876,651.101658358938,1.5));
#2847=CARTESIAN_POINT('Origin',(950.075022030876,649.411658358938,1.5));
#2848=CARTESIAN_POINT('',(950.075022030876,651.101658358938,0.));
#2849=CARTESIAN_POINT('Origin',(950.561881707907,651.101658358938,0.));
#2850=CARTESIAN_POINT('',(950.561881707907,651.101658358938,0.));
#2851=CARTESIAN_POINT('',(950.561881707907,651.101658358938,0.));
#2852=CARTESIAN_POINT('',(950.561881707907,651.101658358938,1.5));
#2853=CARTESIAN_POINT('',(950.561881707907,651.101658358938,1.5));
#2854=CARTESIAN_POINT('',(950.561881707907,651.101658358938,0.));
#2855=CARTESIAN_POINT('Origin',(950.561881707901,649.411658358938,0.));
#2856=CARTESIAN_POINT('',(952.251881707901,649.411658358938,0.));
#2857=CARTESIAN_POINT('Origin',(950.561881707901,649.411658358938,0.));
#2858=CARTESIAN_POINT('',(952.251881707901,649.411658358938,1.5));
#2859=CARTESIAN_POINT('Origin',(950.561881707901,649.411658358938,1.5));
#2860=CARTESIAN_POINT('',(952.251881707901,649.411658358938,0.));
#2861=CARTESIAN_POINT('Origin',(952.251881707904,647.439954858931,0.));
#2862=CARTESIAN_POINT('',(952.251881707904,647.439954858931,0.));
#2863=CARTESIAN_POINT('',(952.251881707904,647.439954858931,0.));
#2864=CARTESIAN_POINT('',(952.251881707904,647.439954858931,1.5));
#2865=CARTESIAN_POINT('',(952.251881707904,647.439954858931,1.5));
#2866=CARTESIAN_POINT('',(952.251881707904,647.439954858931,0.));
#2867=CARTESIAN_POINT('Origin',(953.751881707904,647.439954858931,0.));
#2868=CARTESIAN_POINT('',(953.751881707904,645.939954858931,0.));
#2869=CARTESIAN_POINT('Origin',(953.751881707904,647.439954858931,0.));
#2870=CARTESIAN_POINT('',(953.751881707904,645.939954858931,1.5));
#2871=CARTESIAN_POINT('Origin',(953.751881707904,647.439954858931,1.5));
#2872=CARTESIAN_POINT('',(953.751881707904,645.939954858931,0.));
#2873=CARTESIAN_POINT('Origin',(957.126881707904,645.939954858931,0.));
#2874=CARTESIAN_POINT('',(957.126881707904,645.939954858931,0.));
#2875=CARTESIAN_POINT('',(953.751881707904,645.939954858931,0.));
#2876=CARTESIAN_POINT('',(957.126881707904,645.939954858931,1.5));
#2877=CARTESIAN_POINT('',(953.751881707904,645.939954858931,1.5));
#2878=CARTESIAN_POINT('',(957.126881707904,645.939954858931,0.));
#2879=CARTESIAN_POINT('Origin',(957.126881707904,647.439954858931,0.));
#2880=CARTESIAN_POINT('',(958.626881707904,647.439954858931,0.));
#2881=CARTESIAN_POINT('Origin',(957.126881707904,647.439954858931,0.));
#2882=CARTESIAN_POINT('',(958.626881707904,647.439954858931,1.5));
#2883=CARTESIAN_POINT('Origin',(957.126881707904,647.439954858931,1.5));
#2884=CARTESIAN_POINT('',(958.626881707904,647.439954858931,0.));
#2885=CARTESIAN_POINT('Origin',(958.626881707903,647.459372858934,0.));
#2886=CARTESIAN_POINT('',(958.626881707903,647.459372858934,0.));
#2887=CARTESIAN_POINT('',(958.626881707903,647.459372858934,0.));
#2888=CARTESIAN_POINT('',(958.626881707903,647.459372858934,1.5));
#2889=CARTESIAN_POINT('',(958.626881707903,647.459372858934,1.5));
#2890=CARTESIAN_POINT('',(958.626881707903,647.459372858934,0.));
#2891=CARTESIAN_POINT('Origin',(960.126881707903,647.459372858934,0.));
#2892=CARTESIAN_POINT('',(960.126881707903,648.959372858934,0.));
#2893=CARTESIAN_POINT('Origin',(960.126881707903,647.459372858934,0.));
#2894=CARTESIAN_POINT('',(960.126881707903,648.959372858934,1.5));
#2895=CARTESIAN_POINT('Origin',(960.126881707903,647.459372858934,1.5));
#2896=CARTESIAN_POINT('',(960.126881707903,648.959372858934,0.));
#2897=CARTESIAN_POINT('Origin',(969.436798189268,648.959372858934,0.));
#2898=CARTESIAN_POINT('',(969.436798189268,648.959372858933,0.));
#2899=CARTESIAN_POINT('',(960.126881707903,648.959372858934,0.));
#2900=CARTESIAN_POINT('',(969.436798189268,648.959372858933,1.5));
#2901=CARTESIAN_POINT('',(960.126881707903,648.959372858934,1.5));
#2902=CARTESIAN_POINT('',(969.436798189268,648.959372858933,0.));
#2903=CARTESIAN_POINT('Origin',(969.436798189268,648.809372858933,0.));
#2904=CARTESIAN_POINT('',(969.549635169963,648.710540598067,0.));
#2905=CARTESIAN_POINT('Origin',(969.436798189268,648.809372858933,0.));
#2906=CARTESIAN_POINT('',(969.549635169963,648.710540598067,1.5));
#2907=CARTESIAN_POINT('Origin',(969.436798189268,648.809372858933,1.5));
#2908=CARTESIAN_POINT('',(969.549635169963,648.710540598067,0.));
#2909=CARTESIAN_POINT('Origin',(970.301881707903,648.051658858933,0.));
#2910=CARTESIAN_POINT('',(971.054128245843,648.710540598067,0.));
#2911=CARTESIAN_POINT('Origin',(970.301881707903,648.051658858933,0.));
#2912=CARTESIAN_POINT('',(971.054128245843,648.710540598067,1.5));
#2913=CARTESIAN_POINT('Origin',(970.301881707903,648.051658858933,1.5));
#2914=CARTESIAN_POINT('',(971.054128245843,648.710540598067,0.));
#2915=CARTESIAN_POINT('Origin',(971.166965226537,648.809372858933,0.));
#2916=CARTESIAN_POINT('',(971.166965226537,648.959372858933,0.));
#2917=CARTESIAN_POINT('Origin',(971.166965226537,648.809372858933,0.));
#2918=CARTESIAN_POINT('',(971.166965226537,648.959372858933,1.5));
#2919=CARTESIAN_POINT('Origin',(971.166965226537,648.809372858933,1.5));
#2920=CARTESIAN_POINT('',(971.166965226537,648.959372858933,0.));
#2921=CARTESIAN_POINT('Origin',(971.371674679118,648.959372858933,0.));
#2922=CARTESIAN_POINT('',(971.371674679118,648.959372858933,0.));
#2923=CARTESIAN_POINT('',(971.166965226537,648.959372858934,0.));
#2924=CARTESIAN_POINT('',(971.371674679118,648.959372858933,1.5));
#2925=CARTESIAN_POINT('',(971.166965226537,648.959372858934,1.5));
#2926=CARTESIAN_POINT('',(971.371674679118,648.959372858933,0.));
#2927=CARTESIAN_POINT('Origin',(971.371674679118,649.059372858933,0.));
#2928=CARTESIAN_POINT('',(971.471674679118,649.059372858933,0.));
#2929=CARTESIAN_POINT('Origin',(971.371674679118,649.059372858933,0.));
#2930=CARTESIAN_POINT('',(971.471674679118,649.059372858933,1.5));
#2931=CARTESIAN_POINT('Origin',(971.371674679118,649.059372858933,1.5));
#2932=CARTESIAN_POINT('',(971.471674679118,649.059372858933,0.));
#2933=CARTESIAN_POINT('Origin',(971.471674679119,650.411658858941,0.));
#2934=CARTESIAN_POINT('',(971.471674679119,650.411658858941,0.));
#2935=CARTESIAN_POINT('',(971.471674679118,649.059372858933,0.));
#2936=CARTESIAN_POINT('',(971.471674679119,650.411658858941,1.5));
#2937=CARTESIAN_POINT('',(971.471674679118,649.059372858933,1.5));
#2938=CARTESIAN_POINT('',(971.471674679119,650.411658858941,0.));
#2939=CARTESIAN_POINT('Origin',(972.161674679119,650.411658858941,0.));
#2940=CARTESIAN_POINT('',(972.161674679119,651.101658858941,0.));
#2941=CARTESIAN_POINT('Origin',(972.161674679119,650.411658858941,0.));
#2942=CARTESIAN_POINT('',(972.161674679119,651.101658858941,1.5));
#2943=CARTESIAN_POINT('Origin',(972.161674679119,650.411658858941,1.5));
#2944=CARTESIAN_POINT('',(972.161674679119,651.101658858941,0.));
#2945=CARTESIAN_POINT('Origin',(976.613585707899,651.101658858936,0.));
#2946=CARTESIAN_POINT('',(976.613585707899,651.101658858931,0.));
#2947=CARTESIAN_POINT('',(976.613585707899,651.101658858936,0.));
#2948=CARTESIAN_POINT('',(976.613585707899,651.101658858931,1.5));
#2949=CARTESIAN_POINT('',(976.613585707899,651.101658858936,1.5));
#2950=CARTESIAN_POINT('',(976.613585707899,651.101658858931,0.));
#2951=CARTESIAN_POINT('Origin',(976.613585707902,651.791658858931,0.));
#2952=CARTESIAN_POINT('',(977.303585707902,651.791658858931,0.));
#2953=CARTESIAN_POINT('Origin',(976.613585707902,651.791658858931,0.));
#2954=CARTESIAN_POINT('',(977.303585707902,651.791658858931,1.5));
#2955=CARTESIAN_POINT('Origin',(976.613585707902,651.791658858931,1.5));
#2956=CARTESIAN_POINT('',(977.303585707902,651.791658858931,0.));
#2957=CARTESIAN_POINT('Origin',(977.303585707901,664.811658858936,0.));
#2958=CARTESIAN_POINT('',(977.303585707902,664.811658858936,0.));
#2959=CARTESIAN_POINT('',(977.303585707901,664.811658858936,0.));
#2960=CARTESIAN_POINT('',(977.303585707902,664.811658858936,1.5));
#2961=CARTESIAN_POINT('',(977.303585707901,664.811658858936,1.5));
#2962=CARTESIAN_POINT('',(977.303585707902,664.811658858936,0.));
#2963=CARTESIAN_POINT('Origin',(976.613585707902,664.811658858936,0.));
#2964=CARTESIAN_POINT('',(976.613585707899,665.501658858935,0.));
#2965=CARTESIAN_POINT('Origin',(976.613585707902,664.811658858936,0.));
#2966=CARTESIAN_POINT('',(976.613585707899,665.501658858935,1.5));
#2967=CARTESIAN_POINT('Origin',(976.613585707902,664.811658858936,1.5));
#2968=CARTESIAN_POINT('',(976.613585707899,665.501658858935,0.));
#2969=CARTESIAN_POINT('Origin',(972.161674679119,665.501658858931,0.));
#2970=CARTESIAN_POINT('',(972.161674679119,665.501658858926,0.));
#2971=CARTESIAN_POINT('',(976.613585707899,665.501658858931,0.));
#2972=CARTESIAN_POINT('',(972.161674679119,665.501658858926,1.5));
#2973=CARTESIAN_POINT('',(976.613585707899,665.501658858931,1.5));
#2974=CARTESIAN_POINT('',(972.161674679119,665.501658858926,0.));
#2975=CARTESIAN_POINT('Origin',(972.161674679119,666.191658858926,0.));
#2976=CARTESIAN_POINT('',(971.471674679119,666.191658858926,0.));
#2977=CARTESIAN_POINT('Origin',(972.161674679119,666.191658858926,0.));
#2978=CARTESIAN_POINT('',(971.471674679119,666.191658858926,1.5));
#2979=CARTESIAN_POINT('Origin',(972.161674679119,666.191658858926,1.5));
#2980=CARTESIAN_POINT('',(971.471674679119,666.191658858926,0.));
#2981=CARTESIAN_POINT('Origin',(971.471674679118,667.543944858934,0.));
#2982=CARTESIAN_POINT('',(971.471674679118,667.543944858934,0.));
#2983=CARTESIAN_POINT('',(971.471674679116,666.191658858926,0.));
#2984=CARTESIAN_POINT('',(971.471674679118,667.543944858934,1.5));
#2985=CARTESIAN_POINT('',(971.471674679116,666.191658858926,1.5));
#2986=CARTESIAN_POINT('',(971.471674679118,667.543944858934,0.));
#2987=CARTESIAN_POINT('Origin',(971.371674679118,667.543944858934,0.));
#2988=CARTESIAN_POINT('Origin',(971.371674679118,667.543944858934,0.));
#2989=CARTESIAN_POINT('Origin',(971.371674679118,667.543944858934,1.5));
#2990=CARTESIAN_POINT('Origin',(958.301881707899,675.301658858933,0.));
#2991=CARTESIAN_POINT('',(956.701881707899,675.301658858933,0.));
#2992=CARTESIAN_POINT('Origin',(958.301881707899,675.301658858933,0.));
#2993=CARTESIAN_POINT('',(956.701881707899,675.301658858933,1.5));
#2994=CARTESIAN_POINT('',(956.701881707899,675.301658858933,0.));
#2995=CARTESIAN_POINT('Origin',(958.301881707899,675.301658858933,1.5));
#2996=CARTESIAN_POINT('Origin',(972.613585707899,641.301658858933,0.));
#2997=CARTESIAN_POINT('',(971.013585707899,641.301658858933,0.));
#2998=CARTESIAN_POINT('Origin',(972.613585707899,641.301658858933,0.));
#2999=CARTESIAN_POINT('',(971.013585707899,641.301658858933,1.5));
#3000=CARTESIAN_POINT('',(971.013585707899,641.301658858933,0.));
#3001=CARTESIAN_POINT('Origin',(972.613585707899,641.301658858933,1.5));
#3002=CARTESIAN_POINT('Origin',(938.613585707899,675.301658858933,0.));
#3003=CARTESIAN_POINT('',(937.013585707899,675.301658858933,0.));
#3004=CARTESIAN_POINT('Origin',(938.613585707899,675.301658858933,0.));
#3005=CARTESIAN_POINT('',(937.013585707899,675.301658858933,1.5));
#3006=CARTESIAN_POINT('',(937.013585707899,675.301658858933,0.));
#3007=CARTESIAN_POINT('Origin',(938.613585707899,675.301658858933,1.5));
#3008=CARTESIAN_POINT('Origin',(972.613585707899,675.301658858933,0.));
#3009=CARTESIAN_POINT('',(971.013585707899,675.301658858933,0.));
#3010=CARTESIAN_POINT('Origin',(972.613585707899,675.301658858933,0.));
#3011=CARTESIAN_POINT('',(971.013585707899,675.301658858933,1.5));
#3012=CARTESIAN_POINT('',(971.013585707899,675.301658858933,0.));
#3013=CARTESIAN_POINT('Origin',(972.613585707899,675.301658858933,1.5));
#3014=CARTESIAN_POINT('Origin',(949.601881707902,648.051658858933,0.));
#3015=CARTESIAN_POINT('',(948.601881707902,648.051658858933,0.));
#3016=CARTESIAN_POINT('Origin',(949.601881707902,648.051658858933,0.));
#3017=CARTESIAN_POINT('',(948.601881707902,648.051658858933,1.5));
#3018=CARTESIAN_POINT('',(948.601881707902,648.051658858933,0.));
#3019=CARTESIAN_POINT('Origin',(949.601881707902,648.051658858933,1.5));
#3020=CARTESIAN_POINT('Origin',(974.051881707899,648.051658858933,0.));
#3021=CARTESIAN_POINT('',(973.051881707899,648.051658858933,0.));
#3022=CARTESIAN_POINT('Origin',(974.051881707899,648.051658858933,0.));
#3023=CARTESIAN_POINT('',(973.051881707899,648.051658858933,1.5));
#3024=CARTESIAN_POINT('',(973.051881707899,648.051658858933,0.));
#3025=CARTESIAN_POINT('Origin',(974.051881707899,648.051658858933,1.5));
#3026=CARTESIAN_POINT('Origin',(958.301881707899,641.301658858933,0.));
#3027=CARTESIAN_POINT('',(956.701881707899,641.301658858933,0.));
#3028=CARTESIAN_POINT('Origin',(958.301881707899,641.301658858933,0.));
#3029=CARTESIAN_POINT('',(956.701881707899,641.301658858933,1.5));
#3030=CARTESIAN_POINT('',(956.701881707899,641.301658858933,0.));
#3031=CARTESIAN_POINT('Origin',(958.301881707899,641.301658858933,1.5));
#3032=CARTESIAN_POINT('Origin',(924.301881707899,675.301658858933,0.));
#3033=CARTESIAN_POINT('',(922.701881707899,675.301658858933,0.));
#3034=CARTESIAN_POINT('Origin',(924.301881707899,675.301658858933,0.));
#3035=CARTESIAN_POINT('',(922.701881707899,675.301658858933,1.5));
#3036=CARTESIAN_POINT('',(922.701881707899,675.301658858933,0.));
#3037=CARTESIAN_POINT('Origin',(924.301881707899,675.301658858933,1.5));
#3038=CARTESIAN_POINT('Origin',(938.613585707899,641.301658858933,0.));
#3039=CARTESIAN_POINT('',(937.013585707899,641.301658858933,0.));
#3040=CARTESIAN_POINT('Origin',(938.613585707899,641.301658858933,0.));
#3041=CARTESIAN_POINT('',(937.013585707899,641.301658858933,1.5));
#3042=CARTESIAN_POINT('',(937.013585707899,641.301658858933,0.));
#3043=CARTESIAN_POINT('Origin',(938.613585707899,641.301658858933,1.5));
#3044=CARTESIAN_POINT('Origin',(924.301881707899,641.301658858933,0.));
#3045=CARTESIAN_POINT('',(922.701881707899,641.301658858933,0.));
#3046=CARTESIAN_POINT('Origin',(924.301881707899,641.301658858933,0.));
#3047=CARTESIAN_POINT('',(922.701881707899,641.301658858933,1.5));
#3048=CARTESIAN_POINT('',(922.701881707899,641.301658858933,0.));
#3049=CARTESIAN_POINT('Origin',(924.301881707899,641.301658858933,1.5));
#3050=CARTESIAN_POINT('Origin',(974.051881707899,668.551658858934,0.));
#3051=CARTESIAN_POINT('',(973.051881707899,668.551658858934,0.));
#3052=CARTESIAN_POINT('Origin',(974.051881707899,668.551658858934,0.));
#3053=CARTESIAN_POINT('',(973.051881707899,668.551658858934,1.5));
#3054=CARTESIAN_POINT('',(973.051881707899,668.551658858934,0.));
#3055=CARTESIAN_POINT('Origin',(974.051881707899,668.551658858934,1.5));
#3056=CARTESIAN_POINT('Origin',(949.601881707902,668.551658858934,0.));
#3057=CARTESIAN_POINT('',(948.601881707902,668.551658858934,0.));
#3058=CARTESIAN_POINT('Origin',(949.601881707902,668.551658858934,0.));
#3059=CARTESIAN_POINT('',(948.601881707902,668.551658858934,1.5));
#3060=CARTESIAN_POINT('',(948.601881707902,668.551658858934,0.));
#3061=CARTESIAN_POINT('Origin',(949.601881707902,668.551658858934,1.5));
#3062=CARTESIAN_POINT('Origin',(920.991881707901,660.401658858934,0.));
#3063=CARTESIAN_POINT('',(922.769885707901,660.401658858932,0.));
#3064=CARTESIAN_POINT('',(920.991881707901,660.401658858934,0.));
#3065=CARTESIAN_POINT('',(922.769885707901,660.401658858932,0.));
#3066=CARTESIAN_POINT('',(922.769885707901,660.401658858932,1.5));
#3067=CARTESIAN_POINT('',(922.769885707901,660.401658858932,0.));
#3068=CARTESIAN_POINT('',(920.991881707901,660.401658858934,1.5));
#3069=CARTESIAN_POINT('',(922.769885707901,660.401658858932,1.5));
#3070=CARTESIAN_POINT('',(920.991881707901,660.401658858934,0.));
#3071=CARTESIAN_POINT('Origin',(920.991881707901,661.091658858934,0.));
#3072=CARTESIAN_POINT('',(920.301881707901,661.091658858934,0.));
#3073=CARTESIAN_POINT('Origin',(920.991881707901,661.091658858934,0.));
#3074=CARTESIAN_POINT('',(920.301881707901,661.091658858934,1.5));
#3075=CARTESIAN_POINT('Origin',(920.991881707901,661.091658858934,1.5));
#3076=CARTESIAN_POINT('',(920.301881707901,661.091658858934,0.));
#3077=CARTESIAN_POINT('Origin',(920.301881707901,667.74265885894,0.));
#3078=CARTESIAN_POINT('',(920.301881707901,667.74265885894,0.));
#3079=CARTESIAN_POINT('',(920.301881707899,661.091658858934,0.));
#3080=CARTESIAN_POINT('',(920.301881707901,667.74265885894,1.5));
#3081=CARTESIAN_POINT('',(920.301881707899,661.091658858934,1.5));
#3082=CARTESIAN_POINT('',(920.301881707901,667.74265885894,0.));
#3083=CARTESIAN_POINT('Origin',(920.991881707901,667.74265885894,0.));
#3084=CARTESIAN_POINT('',(920.991881707901,668.43265885894,0.));
#3085=CARTESIAN_POINT('Origin',(920.991881707901,667.74265885894,0.));
#3086=CARTESIAN_POINT('',(920.991881707901,668.43265885894,1.5));
#3087=CARTESIAN_POINT('Origin',(920.991881707901,667.74265885894,1.5));
#3088=CARTESIAN_POINT('',(920.991881707901,668.43265885894,0.));
#3089=CARTESIAN_POINT('Origin',(923.062733707898,668.432658858941,0.));
#3090=CARTESIAN_POINT('',(923.062733707898,668.432658858941,0.));
#3091=CARTESIAN_POINT('',(923.062733707898,668.432658858941,0.));
#3092=CARTESIAN_POINT('',(923.062733707898,668.432658858941,1.5));
#3093=CARTESIAN_POINT('',(923.062733707898,668.432658858941,1.5));
#3094=CARTESIAN_POINT('',(923.062733707898,668.432658858941,0.));
#3095=CARTESIAN_POINT('Origin',(923.062733707898,669.801658858941,0.));
#3096=CARTESIAN_POINT('',(923.062733707898,671.170658858941,0.));
#3097=CARTESIAN_POINT('Origin',(923.062733707898,669.801658858941,0.));
#3098=CARTESIAN_POINT('',(923.062733707898,671.170658858941,1.5));
#3099=CARTESIAN_POINT('Origin',(923.062733707898,669.801658858941,1.5));
#3100=CARTESIAN_POINT('',(923.062733707898,671.170658858941,0.));
#3101=CARTESIAN_POINT('Origin',(920.991881707901,671.170658858935,0.));
#3102=CARTESIAN_POINT('',(920.991881707901,671.170658858935,0.));
#3103=CARTESIAN_POINT('',(923.062733707898,671.170658858941,0.));
#3104=CARTESIAN_POINT('',(920.991881707901,671.170658858935,1.5));
#3105=CARTESIAN_POINT('',(923.062733707898,671.170658858941,1.5));
#3106=CARTESIAN_POINT('',(920.991881707901,671.170658858935,0.));
#3107=CARTESIAN_POINT('Origin',(920.991881707901,671.860658858935,0.));
#3108=CARTESIAN_POINT('',(920.301881707901,671.860658858935,0.));
#3109=CARTESIAN_POINT('Origin',(920.991881707901,671.860658858935,0.));
#3110=CARTESIAN_POINT('',(920.301881707901,671.860658858935,1.5));
#3111=CARTESIAN_POINT('Origin',(920.991881707901,671.860658858935,1.5));
#3112=CARTESIAN_POINT('',(920.301881707901,671.860658858935,0.));
#3113=CARTESIAN_POINT('Origin',(920.301881707899,675.301658858933,0.));
#3114=CARTESIAN_POINT('',(920.301881707899,675.301658858933,0.));
#3115=CARTESIAN_POINT('',(920.301881707901,671.860658858935,0.));
#3116=CARTESIAN_POINT('',(920.301881707899,675.301658858933,1.5));
#3117=CARTESIAN_POINT('',(920.301881707901,671.860658858935,1.5));
#3118=CARTESIAN_POINT('',(920.301881707899,675.301658858933,0.));
#3119=CARTESIAN_POINT('Origin',(924.301881707899,675.301658858933,0.));
#3120=CARTESIAN_POINT('',(924.301881707899,679.301658858934,0.));
#3121=CARTESIAN_POINT('Origin',(924.301881707899,675.301658858933,0.));
#3122=CARTESIAN_POINT('',(924.301881707899,679.301658858934,1.5));
#3123=CARTESIAN_POINT('Origin',(924.301881707899,675.301658858933,1.5));
#3124=CARTESIAN_POINT('',(924.301881707899,679.301658858934,0.));
#3125=CARTESIAN_POINT('Origin',(972.613585707899,679.301658858933,0.));
#3126=CARTESIAN_POINT('',(972.613585707899,679.301658858934,0.));
#3127=CARTESIAN_POINT('',(972.613585707899,679.301658858933,0.));
#3128=CARTESIAN_POINT('',(972.613585707899,679.301658858934,1.5));
#3129=CARTESIAN_POINT('',(972.613585707899,679.301658858933,1.5));
#3130=CARTESIAN_POINT('',(972.613585707899,679.301658858934,0.));
#3131=CARTESIAN_POINT('Origin',(972.613585707899,675.301658858933,0.));
#3132=CARTESIAN_POINT('',(975.442012832652,678.130085983672,0.));
#3133=CARTESIAN_POINT('Origin',(972.613585707899,675.301658858933,0.));
#3134=CARTESIAN_POINT('',(975.442012832652,678.130085983672,1.5));
#3135=CARTESIAN_POINT('Origin',(972.613585707899,675.301658858933,1.5));
#3136=CARTESIAN_POINT('',(975.442012832652,678.130085983672,0.));
#3137=CARTESIAN_POINT('Origin',(981.246171502984,672.325927313349,0.));
#3138=CARTESIAN_POINT('',(981.246171502984,672.325927313349,0.));
#3139=CARTESIAN_POINT('',(975.442012832652,678.130085983672,0.));
#3140=CARTESIAN_POINT('',(981.246171502984,672.325927313349,1.5));
#3141=CARTESIAN_POINT('',(975.442012832652,678.130085983672,1.5));
#3142=CARTESIAN_POINT('',(981.246171502984,672.325927313349,0.));
#3143=CARTESIAN_POINT('Origin',(980.758267823963,671.838023634332,0.));
#3144=CARTESIAN_POINT('',(980.860298644581,671.15560901878,0.));
#3145=CARTESIAN_POINT('Origin',(980.758267823963,671.838023634332,0.));
#3146=CARTESIAN_POINT('',(980.860298644581,671.15560901878,1.5));
#3147=CARTESIAN_POINT('Origin',(980.758267823963,671.838023634332,1.5));
#3148=CARTESIAN_POINT('',(980.860298645023,671.155609015823,0.));
#3149=CARTESIAN_POINT('Origin',(981.06273370784,669.801658859086,0.));
#3150=CARTESIAN_POINT('',(981.062733707845,668.432658859086,0.));
#3151=CARTESIAN_POINT('Origin',(981.06273370784,669.801658859086,0.));
#3152=CARTESIAN_POINT('',(981.062733707845,668.432658859086,1.5));
#3153=CARTESIAN_POINT('Origin',(981.06273370784,669.801658859086,1.5));
#3154=CARTESIAN_POINT('',(981.062733707845,668.432658859086,0.));
#3155=CARTESIAN_POINT('Origin',(983.133585707845,668.432658859102,0.));
#3156=CARTESIAN_POINT('',(983.133585707845,668.432658859107,0.));
#3157=CARTESIAN_POINT('',(981.062733707845,668.432658859086,0.));
#3158=CARTESIAN_POINT('',(983.133585707845,668.432658859107,1.5));
#3159=CARTESIAN_POINT('',(981.062733707845,668.432658859086,1.5));
#3160=CARTESIAN_POINT('',(983.133585707845,668.432658859107,0.));
#3161=CARTESIAN_POINT('Origin',(983.133585707845,667.742658859107,0.));
#3162=CARTESIAN_POINT('',(983.823585707845,667.742658859107,0.));
#3163=CARTESIAN_POINT('Origin',(983.133585707845,667.742658859107,0.));
#3164=CARTESIAN_POINT('',(983.823585707845,667.742658859107,1.5));
#3165=CARTESIAN_POINT('Origin',(983.133585707845,667.742658859107,1.5));
#3166=CARTESIAN_POINT('',(983.823585707845,667.742658859107,0.));
#3167=CARTESIAN_POINT('Origin',(983.823585707898,661.09165885892,0.));
#3168=CARTESIAN_POINT('',(983.823585707899,661.09165885892,0.));
#3169=CARTESIAN_POINT('',(983.823585707898,661.09165885892,0.));
#3170=CARTESIAN_POINT('',(983.823585707899,661.09165885892,1.5));
#3171=CARTESIAN_POINT('',(983.823585707898,661.09165885892,1.5));
#3172=CARTESIAN_POINT('',(983.823585707899,661.09165885892,0.));
#3173=CARTESIAN_POINT('Origin',(983.133585707899,661.09165885892,0.));
#3174=CARTESIAN_POINT('',(983.133585707896,660.40165885892,0.));
#3175=CARTESIAN_POINT('Origin',(983.133585707899,661.09165885892,0.));
#3176=CARTESIAN_POINT('',(983.133585707896,660.40165885892,1.5));
#3177=CARTESIAN_POINT('Origin',(983.133585707899,661.09165885892,1.5));
#3178=CARTESIAN_POINT('',(983.133585707896,660.40165885892,0.));
#3179=CARTESIAN_POINT('Origin',(980.769885707901,660.401658858933,0.));
#3180=CARTESIAN_POINT('',(980.769885707901,660.401658858933,0.));
#3181=CARTESIAN_POINT('',(980.769885707901,660.401658858933,0.));
#3182=CARTESIAN_POINT('',(980.769885707901,660.401658858933,1.5));
#3183=CARTESIAN_POINT('',(980.769885707901,660.401658858933,1.5));
#3184=CARTESIAN_POINT('',(980.769885707901,660.401658858933,0.));
#3185=CARTESIAN_POINT('Origin',(980.769885707901,658.301658858933,0.));
#3186=CARTESIAN_POINT('',(980.769885707901,656.201658858934,0.));
#3187=CARTESIAN_POINT('Origin',(980.769885707901,658.301658858933,0.));
#3188=CARTESIAN_POINT('',(980.769885707901,656.201658858934,1.5));
#3189=CARTESIAN_POINT('Origin',(980.769885707901,658.301658858933,1.5));
#3190=CARTESIAN_POINT('',(980.769885707901,656.201658858934,0.));
#3191=CARTESIAN_POINT('Origin',(983.133585707899,656.201658858947,0.));
#3192=CARTESIAN_POINT('',(983.133585707899,656.201658858947,0.));
#3193=CARTESIAN_POINT('',(980.769885707901,656.201658858934,0.));
#3194=CARTESIAN_POINT('',(983.133585707899,656.201658858947,1.5));
#3195=CARTESIAN_POINT('',(980.769885707901,656.201658858934,1.5));
#3196=CARTESIAN_POINT('',(983.133585707899,656.201658858947,0.));
#3197=CARTESIAN_POINT('Origin',(983.133585707899,655.511658858947,0.));
#3198=CARTESIAN_POINT('',(983.823585707899,655.511658858947,0.));
#3199=CARTESIAN_POINT('Origin',(983.133585707899,655.511658858947,0.));
#3200=CARTESIAN_POINT('',(983.823585707899,655.511658858947,1.5));
#3201=CARTESIAN_POINT('Origin',(983.133585707899,655.511658858947,1.5));
#3202=CARTESIAN_POINT('',(983.823585707899,655.511658858947,0.));
#3203=CARTESIAN_POINT('Origin',(983.823585707898,648.860658859095,0.));
#3204=CARTESIAN_POINT('',(983.823585707947,648.860658859095,0.));
#3205=CARTESIAN_POINT('',(983.823585707899,655.511658858947,0.));
#3206=CARTESIAN_POINT('',(983.823585707947,648.860658859095,1.5));
#3207=CARTESIAN_POINT('',(983.823585707899,655.511658858947,1.5));
#3208=CARTESIAN_POINT('',(983.823585707947,648.860658859095,0.));
#3209=CARTESIAN_POINT('Origin',(983.133585707947,648.860658859095,0.));
#3210=CARTESIAN_POINT('',(983.133585707949,648.170658859095,0.));
#3211=CARTESIAN_POINT('Origin',(983.133585707947,648.860658859095,0.));
#3212=CARTESIAN_POINT('',(983.133585707949,648.170658859095,1.5));
#3213=CARTESIAN_POINT('Origin',(983.133585707947,648.860658859095,1.5));
#3214=CARTESIAN_POINT('',(983.133585707949,648.170658859095,0.));
#3215=CARTESIAN_POINT('Origin',(981.06273370795,648.170658859092,0.));
#3216=CARTESIAN_POINT('',(981.06273370795,648.170658859086,0.));
#3217=CARTESIAN_POINT('',(981.06273370795,648.170658859092,0.));
#3218=CARTESIAN_POINT('',(981.06273370795,648.170658859086,1.5));
#3219=CARTESIAN_POINT('',(981.06273370795,648.170658859092,1.5));
#3220=CARTESIAN_POINT('',(981.06273370795,648.170658859086,0.));
#3221=CARTESIAN_POINT('Origin',(981.062733707957,646.801658859086,0.));
#3222=CARTESIAN_POINT('',(980.860298644813,645.447708699378,0.));
#3223=CARTESIAN_POINT('Origin',(981.062733707957,646.801658859086,0.));
#3224=CARTESIAN_POINT('',(980.860298644813,645.447708699378,1.5));
#3225=CARTESIAN_POINT('Origin',(981.062733707957,646.801658859086,1.5));
#3226=CARTESIAN_POINT('',(980.860298645255,645.447708702336,0.));
#3227=CARTESIAN_POINT('Origin',(980.758267824254,644.765294083819,0.));
#3228=CARTESIAN_POINT('',(981.246171503277,644.277390404804,0.));
#3229=CARTESIAN_POINT('Origin',(980.758267824254,644.765294083819,0.));
#3230=CARTESIAN_POINT('',(981.246171503277,644.277390404804,1.5));
#3231=CARTESIAN_POINT('Origin',(980.758267824254,644.765294083819,1.5));
#3232=CARTESIAN_POINT('',(981.246171503277,644.277390404804,0.));
#3233=CARTESIAN_POINT('Origin',(975.442012832646,638.473231734187,0.));
#3234=CARTESIAN_POINT('',(975.442012832645,638.473231734187,0.));
#3235=CARTESIAN_POINT('',(975.442012832646,638.473231734187,0.));
#3236=CARTESIAN_POINT('',(975.442012832645,638.473231734187,1.5));
#3237=CARTESIAN_POINT('',(975.442012832646,638.473231734187,1.5));
#3238=CARTESIAN_POINT('',(975.442012832645,638.473231734187,0.));
#3239=CARTESIAN_POINT('Origin',(972.613585707899,641.301658858933,0.));
#3240=CARTESIAN_POINT('',(972.613585707899,637.301658858933,0.));
#3241=CARTESIAN_POINT('Origin',(972.613585707899,641.301658858933,0.));
#3242=CARTESIAN_POINT('',(972.613585707899,637.301658858933,1.5));
#3243=CARTESIAN_POINT('Origin',(972.613585707899,641.301658858933,1.5));
#3244=CARTESIAN_POINT('',(972.613585707899,637.301658858933,0.));
#3245=CARTESIAN_POINT('Origin',(924.301881707899,637.301658858933,0.));
#3246=CARTESIAN_POINT('',(924.301881707899,637.301658858933,0.));
#3247=CARTESIAN_POINT('',(972.613585707899,637.301658858933,0.));
#3248=CARTESIAN_POINT('',(924.301881707899,637.301658858933,1.5));
#3249=CARTESIAN_POINT('',(972.613585707899,637.301658858933,1.5));
#3250=CARTESIAN_POINT('',(924.301881707899,637.301658858933,0.));
#3251=CARTESIAN_POINT('Origin',(924.301881707899,641.301658858933,0.));
#3252=CARTESIAN_POINT('',(920.301881707899,641.301658858933,0.));
#3253=CARTESIAN_POINT('Origin',(924.301881707899,641.301658858933,0.));
#3254=CARTESIAN_POINT('',(920.301881707899,641.301658858933,1.5));
#3255=CARTESIAN_POINT('Origin',(924.301881707899,641.301658858933,1.5));
#3256=CARTESIAN_POINT('',(920.301881707899,641.301658858933,0.));
#3257=CARTESIAN_POINT('Origin',(920.301881707899,644.74265885894,0.));
#3258=CARTESIAN_POINT('',(920.301881707901,644.74265885894,0.));
#3259=CARTESIAN_POINT('',(920.301881707899,641.301658858933,0.));
#3260=CARTESIAN_POINT('',(920.301881707901,644.74265885894,1.5));
#3261=CARTESIAN_POINT('',(920.301881707899,641.301658858933,1.5));
#3262=CARTESIAN_POINT('',(920.301881707901,644.74265885894,0.));
#3263=CARTESIAN_POINT('Origin',(920.991881707901,644.74265885894,0.));
#3264=CARTESIAN_POINT('',(920.991881707901,645.43265885894,0.));
#3265=CARTESIAN_POINT('Origin',(920.991881707901,644.74265885894,0.));
#3266=CARTESIAN_POINT('',(920.991881707901,645.43265885894,1.5));
#3267=CARTESIAN_POINT('Origin',(920.991881707901,644.74265885894,1.5));
#3268=CARTESIAN_POINT('',(920.991881707901,645.43265885894,0.));
#3269=CARTESIAN_POINT('Origin',(923.062733707898,645.432658858941,0.));
#3270=CARTESIAN_POINT('',(923.062733707898,645.432658858941,0.));
#3271=CARTESIAN_POINT('',(923.062733707898,645.432658858941,0.));
#3272=CARTESIAN_POINT('',(923.062733707898,645.432658858941,1.5));
#3273=CARTESIAN_POINT('',(923.062733707898,645.432658858941,1.5));
#3274=CARTESIAN_POINT('',(923.062733707898,645.432658858941,0.));
#3275=CARTESIAN_POINT('Origin',(923.062733707898,646.801658858941,0.));
#3276=CARTESIAN_POINT('',(923.062733707898,648.170658858941,0.));
#3277=CARTESIAN_POINT('Origin',(923.062733707898,646.801658858941,0.));
#3278=CARTESIAN_POINT('',(923.062733707898,648.170658858941,1.5));
#3279=CARTESIAN_POINT('Origin',(923.062733707898,646.801658858941,1.5));
#3280=CARTESIAN_POINT('',(923.062733707898,648.170658858941,0.));
#3281=CARTESIAN_POINT('Origin',(920.991881707901,648.170658858935,0.));
#3282=CARTESIAN_POINT('',(920.991881707901,648.170658858935,0.));
#3283=CARTESIAN_POINT('',(923.062733707898,648.170658858941,0.));
#3284=CARTESIAN_POINT('',(920.991881707901,648.170658858935,1.5));
#3285=CARTESIAN_POINT('',(923.062733707898,648.170658858941,1.5));
#3286=CARTESIAN_POINT('',(920.991881707901,648.170658858935,0.));
#3287=CARTESIAN_POINT('Origin',(920.991881707901,648.860658858935,0.));
#3288=CARTESIAN_POINT('',(920.301881707901,648.860658858935,0.));
#3289=CARTESIAN_POINT('Origin',(920.991881707901,648.860658858935,0.));
#3290=CARTESIAN_POINT('',(920.301881707901,648.860658858935,1.5));
#3291=CARTESIAN_POINT('Origin',(920.991881707901,648.860658858935,1.5));
#3292=CARTESIAN_POINT('',(920.301881707901,648.860658858935,0.));
#3293=CARTESIAN_POINT('Origin',(920.301881707899,655.511658858933,0.));
#3294=CARTESIAN_POINT('',(920.301881707901,655.511658858933,0.));
#3295=CARTESIAN_POINT('',(920.301881707899,648.860658858935,0.));
#3296=CARTESIAN_POINT('',(920.301881707901,655.511658858933,1.5));
#3297=CARTESIAN_POINT('',(920.301881707899,648.860658858935,1.5));
#3298=CARTESIAN_POINT('',(920.301881707901,655.511658858933,0.));
#3299=CARTESIAN_POINT('Origin',(920.991881707901,655.511658858933,0.));
#3300=CARTESIAN_POINT('',(920.991881707901,656.201658858933,0.));
#3301=CARTESIAN_POINT('Origin',(920.991881707901,655.511658858933,0.));
#3302=CARTESIAN_POINT('',(920.991881707901,656.201658858933,1.5));
#3303=CARTESIAN_POINT('Origin',(920.991881707901,655.511658858933,1.5));
#3304=CARTESIAN_POINT('',(920.991881707901,656.201658858933,0.));
#3305=CARTESIAN_POINT('Origin',(922.769885707894,656.201658858935,0.));
#3306=CARTESIAN_POINT('',(922.769885707894,656.201658858935,0.));
#3307=CARTESIAN_POINT('',(922.769885707894,656.201658858935,0.));
#3308=CARTESIAN_POINT('',(922.769885707894,656.201658858935,1.5));
#3309=CARTESIAN_POINT('',(922.769885707894,656.201658858935,1.5));
#3310=CARTESIAN_POINT('',(922.769885707894,656.201658858935,0.));
#3311=CARTESIAN_POINT('Origin',(922.769885707901,658.301658858933,0.));
#3312=CARTESIAN_POINT('Origin',(922.769885707901,658.301658858933,0.));
#3313=CARTESIAN_POINT('Origin',(922.769885707901,658.301658858933,1.5));
#3314=CARTESIAN_POINT('Origin',(952.062733707923,658.301658858933,1.5));
#3315=CARTESIAN_POINT('Origin',(952.062733707923,658.301658858933,0.));
#3316=UNCERTAINTY_MEASURE_WITH_UNIT(LENGTH_MEASURE(0.01),#3320,
'DISTANCE_ACCURACY_VALUE',
'Maximum model space distance between geometric entities at asserted c
onnectivities');
#3317=UNCERTAINTY_MEASURE_WITH_UNIT(LENGTH_MEASURE(0.01),#3320,
'DISTANCE_ACCURACY_VALUE',
'Maximum model space distance between geometric entities at asserted c
onnectivities');
#3318=(
GEOMETRIC_REPRESENTATION_CONTEXT(3)
GLOBAL_UNCERTAINTY_ASSIGNED_CONTEXT((#3316))
GLOBAL_UNIT_ASSIGNED_CONTEXT((#3320,#3322,#3323))
REPRESENTATION_CONTEXT('','3D')
);
#3319=(
GEOMETRIC_REPRESENTATION_CONTEXT(3)
GLOBAL_UNCERTAINTY_ASSIGNED_CONTEXT((#3317))
GLOBAL_UNIT_ASSIGNED_CONTEXT((#3320,#3322,#3323))
REPRESENTATION_CONTEXT('','3D')
);
#3320=(
LENGTH_UNIT()
NAMED_UNIT(*)
SI_UNIT(.MILLI.,.METRE.)
);
#3321=(
LENGTH_UNIT()
NAMED_UNIT(*)
SI_UNIT($,.METRE.)
);
#3322=(
NAMED_UNIT(*)
PLANE_ANGLE_UNIT()
SI_UNIT($,.RADIAN.)
);
#3323=(
NAMED_UNIT(*)
SI_UNIT($,.STERADIAN.)
SOLID_ANGLE_UNIT()
);
#3324=SHAPE_DEFINITION_REPRESENTATION(#3325,#3326);
#3325=PRODUCT_DEFINITION_SHAPE('',$,#3328);
#3326=SHAPE_REPRESENTATION('',(#1948),#3318);
#3327=PRODUCT_DEFINITION_CONTEXT('part definition',#3332,'design');
#3328=PRODUCT_DEFINITION('AL-\X2\8235673A578B67505E955EA7\X0\-\X2\8235673A5B8988C55EA7\X0\',
'AL-\X2\8235673A578B67505E955EA7\X0\-\X2\8235673A5B8988C55EA7\X0\',#3329,
#3327);
#3329=PRODUCT_DEFINITION_FORMATION('',$,#3334);
#3330=PRODUCT_RELATED_PRODUCT_CATEGORY(
'AL-\X2\8235673A578B67505E955EA7\X0\-\X2\8235673A5B8988C55EA7\X0\',
'AL-\X2\8235673A578B67505E955EA7\X0\-\X2\8235673A5B8988C55EA7\X0\',(#3334));
#3331=APPLICATION_PROTOCOL_DEFINITION('international standard',
'automotive_design',2009,#3332);
#3332=APPLICATION_CONTEXT(
'Core Data for Automotive Mechanical Design Process');
#3333=PRODUCT_CONTEXT('part definition',#3332,'mechanical');
#3334=PRODUCT('AL-\X2\8235673A578B67505E955EA7\X0\-\X2\8235673A5B8988C55EA7\X0\',
'AL-\X2\8235673A578B67505E955EA7\X0\-\X2\8235673A5B8988C55EA7\X0\',$,(#3333));
#3335=PRESENTATION_STYLE_ASSIGNMENT((#3337));
#3336=PRESENTATION_STYLE_ASSIGNMENT((#3338));
#3337=SURFACE_STYLE_USAGE(.BOTH.,#3339);
#3338=SURFACE_STYLE_USAGE(.BOTH.,#3340);
#3339=SURFACE_SIDE_STYLE('',(#3341));
#3340=SURFACE_SIDE_STYLE('',(#3342));
#3341=SURFACE_STYLE_FILL_AREA(#3343);
#3342=SURFACE_STYLE_FILL_AREA(#3344);
#3343=FILL_AREA_STYLE('Acero - Satinado',(#3345));
#3344=FILL_AREA_STYLE('Opaque(56,56,56)',(#3346));
#3345=FILL_AREA_STYLE_COLOUR('Acero - Satinado',#3347);
#3346=FILL_AREA_STYLE_COLOUR('Opaque(56,56,56)',#3348);
#3347=COLOUR_RGB('Acero - Satinado',0.627450980392157,0.627450980392157,
0.627450980392157);
#3348=COLOUR_RGB('Opaque(56,56,56)',0.219607843137255,0.219607843137255,
0.219607843137255);
ENDSEC;
END-ISO-10303-21;
