ISO-10303-21;
HEADER;
/* Generated by software containing ST-Developer
 * from STEP Tools, Inc. (www.steptools.com) 
 */

FILE_DESCRIPTION(
/* description */ (''),
/* implementation_level */ '2;1');

FILE_NAME(
/* name */ 'AL-ELBOW-B.step',
/* time_stamp */ '2026-06-03T00:00:49-06:00',
/* author */ (''),
/* organization */ (''),
/* preprocessor_version */ 'ST-DEVELOPER v20.1',
/* originating_system */ 'Autodesk Translation Framework v14.24.0.0',
/* authorisation */ '');

FILE_SCHEMA (('AUTOMOTIVE_DESIGN { 1 0 10303 214 3 1 1 }'));
ENDSEC;

DATA;
#10=MECHANICAL_DESIGN_GEOMETRIC_PRESENTATION_REPRESENTATION('',(#13),#3307);
#11=SHAPE_REPRESENTATION_RELATIONSHIP('SRR','None',#3314,#12);
#12=ADVANCED_BREP_SHAPE_REPRESENTATION('',(#14),#3306);
#13=STYLED_ITEM('',(#3324),#14);
#14=MANIFOLD_SOLID_BREP('Cuerpo1',#1913);
#15=B_SPLINE_SURFACE_WITH_KNOTS('',3,3,((#2804,#2805,#2806,#2807),(#2808,
#2809,#2810,#2811),(#2812,#2813,#2814,#2815),(#2816,#2817,#2818,#2819),
(#2820,#2821,#2822,#2823)),.UNSPECIFIED.,.F.,.F.,.F.,(4,1,4),(4,4),(1.03805435229906,
1.13257329257518,1.20346249778227),(-1.21582741626143E-6,0.15),
 .UNSPECIFIED.);
#16=B_SPLINE_SURFACE_WITH_KNOTS('',3,3,((#3108,#3109,#3110,#3111),(#3112,
#3113,#3114,#3115),(#3116,#3117,#3118,#3119),(#3120,#3121,#3122,#3123),
(#3124,#3125,#3126,#3127)),.UNSPECIFIED.,.F.,.F.,.F.,(4,1,4),(4,4),(0.,
0.0708892052070797,0.165408145483186),(-1.21612501968351E-6,0.15),
 .UNSPECIFIED.);
#17=B_SPLINE_CURVE_WITH_KNOTS('',3,(#2796,#2797,#2798,#2799,#2800),
 .UNSPECIFIED.,.F.,.F.,(4,1,4),(0.,0.897597901025632,1.57079632679489),
 .UNSPECIFIED.);
#18=B_SPLINE_CURVE_WITH_KNOTS('',3,(#2828,#2829,#2830,#2831,#2832,#2833),
 .UNSPECIFIED.,.F.,.F.,(4,2,4),(0.,0.0646858128853922,0.129388732370405),
 .UNSPECIFIED.);
#19=B_SPLINE_CURVE_WITH_KNOTS('',3,(#3101,#3102,#3103,#3104,#3105,#3106),
 .UNSPECIFIED.,.F.,.F.,(4,2,4),(0.,0.0646673764816884,0.129317660515875),
 .UNSPECIFIED.);
#20=B_SPLINE_CURVE_WITH_KNOTS('',3,(#3130,#3131,#3132,#3133,#3134),
 .UNSPECIFIED.,.F.,.F.,(4,1,4),(0.,0.673198425769234,1.57079632679489),
 .UNSPECIFIED.);
#21=CYLINDRICAL_SURFACE('',#1942,0.999999998979995);
#22=CYLINDRICAL_SURFACE('',#1946,0.999999998979995);
#23=CYLINDRICAL_SURFACE('',#1957,0.999999998979995);
#24=CYLINDRICAL_SURFACE('',#1961,0.999999998979995);
#25=CYLINDRICAL_SURFACE('',#1964,1.51);
#26=CYLINDRICAL_SURFACE('',#2033,0.01);
#27=CYLINDRICAL_SURFACE('',#2042,1.49999999999999);
#28=CYLINDRICAL_SURFACE('',#2043,1.49999999999999);
#29=CYLINDRICAL_SURFACE('',#2044,0.889999999999986);
#30=CYLINDRICAL_SURFACE('',#2046,0.890000000000004);
#31=CYLINDRICAL_SURFACE('',#2048,0.889999999999986);
#32=CYLINDRICAL_SURFACE('',#2050,0.890000000000004);
#33=CYLINDRICAL_SURFACE('',#2052,0.890000000000004);
#34=CYLINDRICAL_SURFACE('',#2054,0.889999999999986);
#35=CYLINDRICAL_SURFACE('',#2056,0.890000000000004);
#36=CYLINDRICAL_SURFACE('',#2058,0.889999999999986);
#37=CYLINDRICAL_SURFACE('',#2060,0.889999999999986);
#38=CYLINDRICAL_SURFACE('',#2062,1.99999999999999);
#39=CYLINDRICAL_SURFACE('',#2064,1.69);
#40=CYLINDRICAL_SURFACE('',#2066,1.69);
#41=CYLINDRICAL_SURFACE('',#2068,1.99999999999999);
#42=CYLINDRICAL_SURFACE('',#2070,0.890000000000004);
#43=CYLINDRICAL_SURFACE('',#2072,0.890000000000004);
#44=CYLINDRICAL_SURFACE('',#2074,0.889999999999986);
#45=CYLINDRICAL_SURFACE('',#2076,0.890000000000004);
#46=CYLINDRICAL_SURFACE('',#2078,0.889999999999986);
#47=CYLINDRICAL_SURFACE('',#2081,0.500000000000007);
#48=CYLINDRICAL_SURFACE('',#2083,0.500000000000007);
#49=CYLINDRICAL_SURFACE('',#2085,0.500000000000007);
#50=CYLINDRICAL_SURFACE('',#2087,0.500000000000007);
#51=CYLINDRICAL_SURFACE('',#2089,0.299999999999958);
#52=CYLINDRICAL_SURFACE('',#2091,1.49999999999965);
#53=CYLINDRICAL_SURFACE('',#2092,10.9446062161527);
#54=CYLINDRICAL_SURFACE('',#2093,2.05230891972563);
#55=CYLINDRICAL_SURFACE('',#2096,1.68999999999999);
#56=CYLINDRICAL_SURFACE('',#2098,1.69);
#57=CYLINDRICAL_SURFACE('',#2100,1.69);
#58=CYLINDRICAL_SURFACE('',#2102,1.69);
#59=CYLINDRICAL_SURFACE('',#2104,2.05230891972484);
#60=CYLINDRICAL_SURFACE('',#2105,10.9446062161519);
#61=CYLINDRICAL_SURFACE('',#2106,1.50000000000002);
#62=CYLINDRICAL_SURFACE('',#2108,1.50000000000003);
#63=CYLINDRICAL_SURFACE('',#2111,1.49999999999999);
#64=CYLINDRICAL_SURFACE('',#2113,1.50000000000001);
#65=CYLINDRICAL_SURFACE('',#2116,1.49999999999972);
#66=CYLINDRICAL_SURFACE('',#2118,0.500000000000007);
#67=CYLINDRICAL_SURFACE('',#2119,1.51);
#68=CYLINDRICAL_SURFACE('',#2120,0.01);
#69=FACE_BOUND('',#231,.T.);
#70=FACE_BOUND('',#232,.T.);
#71=FACE_BOUND('',#238,.T.);
#72=FACE_BOUND('',#239,.T.);
#73=FACE_BOUND('',#247,.T.);
#74=FACE_BOUND('',#248,.T.);
#75=FACE_BOUND('',#250,.T.);
#76=FACE_BOUND('',#251,.T.);
#77=FACE_BOUND('',#252,.T.);
#78=FACE_BOUND('',#255,.T.);
#79=FACE_BOUND('',#256,.T.);
#80=FACE_BOUND('',#257,.T.);
#81=FACE_BOUND('',#262,.T.);
#82=FACE_BOUND('',#263,.T.);
#83=PLANE('',#1930);
#84=PLANE('',#1951);
#85=PLANE('',#1963);
#86=PLANE('',#1966);
#87=PLANE('',#1977);
#88=PLANE('',#2004);
#89=PLANE('',#2005);
#90=PLANE('',#2032);
#91=PLANE('',#2035);
#92=PLANE('',#2040);
#93=PLANE('',#2045);
#94=PLANE('',#2047);
#95=PLANE('',#2049);
#96=PLANE('',#2051);
#97=PLANE('',#2053);
#98=PLANE('',#2055);
#99=PLANE('',#2057);
#100=PLANE('',#2059);
#101=PLANE('',#2061);
#102=PLANE('',#2063);
#103=PLANE('',#2065);
#104=PLANE('',#2067);
#105=PLANE('',#2069);
#106=PLANE('',#2071);
#107=PLANE('',#2073);
#108=PLANE('',#2075);
#109=PLANE('',#2077);
#110=PLANE('',#2079);
#111=PLANE('',#2080);
#112=PLANE('',#2082);
#113=PLANE('',#2084);
#114=PLANE('',#2086);
#115=PLANE('',#2088);
#116=PLANE('',#2090);
#117=PLANE('',#2094);
#118=PLANE('',#2097);
#119=PLANE('',#2099);
#120=PLANE('',#2101);
#121=PLANE('',#2103);
#122=PLANE('',#2107);
#123=PLANE('',#2109);
#124=PLANE('',#2110);
#125=PLANE('',#2112);
#126=PLANE('',#2114);
#127=PLANE('',#2115);
#128=PLANE('',#2117);
#129=FACE_OUTER_BOUND('',#229,.T.);
#130=FACE_OUTER_BOUND('',#230,.T.);
#131=FACE_OUTER_BOUND('',#233,.T.);
#132=FACE_OUTER_BOUND('',#234,.T.);
#133=FACE_OUTER_BOUND('',#235,.T.);
#134=FACE_OUTER_BOUND('',#236,.T.);
#135=FACE_OUTER_BOUND('',#237,.T.);
#136=FACE_OUTER_BOUND('',#240,.T.);
#137=FACE_OUTER_BOUND('',#241,.T.);
#138=FACE_OUTER_BOUND('',#242,.T.);
#139=FACE_OUTER_BOUND('',#243,.T.);
#140=FACE_OUTER_BOUND('',#244,.T.);
#141=FACE_OUTER_BOUND('',#245,.T.);
#142=FACE_OUTER_BOUND('',#246,.T.);
#143=FACE_OUTER_BOUND('',#249,.T.);
#144=FACE_OUTER_BOUND('',#253,.T.);
#145=FACE_OUTER_BOUND('',#254,.T.);
#146=FACE_OUTER_BOUND('',#258,.T.);
#147=FACE_OUTER_BOUND('',#259,.T.);
#148=FACE_OUTER_BOUND('',#260,.T.);
#149=FACE_OUTER_BOUND('',#261,.T.);
#150=FACE_OUTER_BOUND('',#264,.T.);
#151=FACE_OUTER_BOUND('',#265,.T.);
#152=FACE_OUTER_BOUND('',#266,.T.);
#153=FACE_OUTER_BOUND('',#267,.T.);
#154=FACE_OUTER_BOUND('',#268,.T.);
#155=FACE_OUTER_BOUND('',#269,.T.);
#156=FACE_OUTER_BOUND('',#270,.T.);
#157=FACE_OUTER_BOUND('',#271,.T.);
#158=FACE_OUTER_BOUND('',#272,.T.);
#159=FACE_OUTER_BOUND('',#273,.T.);
#160=FACE_OUTER_BOUND('',#274,.T.);
#161=FACE_OUTER_BOUND('',#275,.T.);
#162=FACE_OUTER_BOUND('',#276,.T.);
#163=FACE_OUTER_BOUND('',#277,.T.);
#164=FACE_OUTER_BOUND('',#278,.T.);
#165=FACE_OUTER_BOUND('',#279,.T.);
#166=FACE_OUTER_BOUND('',#280,.T.);
#167=FACE_OUTER_BOUND('',#281,.T.);
#168=FACE_OUTER_BOUND('',#282,.T.);
#169=FACE_OUTER_BOUND('',#283,.T.);
#170=FACE_OUTER_BOUND('',#284,.T.);
#171=FACE_OUTER_BOUND('',#285,.T.);
#172=FACE_OUTER_BOUND('',#286,.T.);
#173=FACE_OUTER_BOUND('',#287,.T.);
#174=FACE_OUTER_BOUND('',#288,.T.);
#175=FACE_OUTER_BOUND('',#289,.T.);
#176=FACE_OUTER_BOUND('',#290,.T.);
#177=FACE_OUTER_BOUND('',#291,.T.);
#178=FACE_OUTER_BOUND('',#292,.T.);
#179=FACE_OUTER_BOUND('',#293,.T.);
#180=FACE_OUTER_BOUND('',#294,.T.);
#181=FACE_OUTER_BOUND('',#295,.T.);
#182=FACE_OUTER_BOUND('',#296,.T.);
#183=FACE_OUTER_BOUND('',#297,.T.);
#184=FACE_OUTER_BOUND('',#298,.T.);
#185=FACE_OUTER_BOUND('',#299,.T.);
#186=FACE_OUTER_BOUND('',#300,.T.);
#187=FACE_OUTER_BOUND('',#301,.T.);
#188=FACE_OUTER_BOUND('',#302,.T.);
#189=FACE_OUTER_BOUND('',#303,.T.);
#190=FACE_OUTER_BOUND('',#304,.T.);
#191=FACE_OUTER_BOUND('',#305,.T.);
#192=FACE_OUTER_BOUND('',#306,.T.);
#193=FACE_OUTER_BOUND('',#307,.T.);
#194=FACE_OUTER_BOUND('',#308,.T.);
#195=FACE_OUTER_BOUND('',#309,.T.);
#196=FACE_OUTER_BOUND('',#310,.T.);
#197=FACE_OUTER_BOUND('',#311,.T.);
#198=FACE_OUTER_BOUND('',#312,.T.);
#199=FACE_OUTER_BOUND('',#313,.T.);
#200=FACE_OUTER_BOUND('',#314,.T.);
#201=FACE_OUTER_BOUND('',#315,.T.);
#202=FACE_OUTER_BOUND('',#316,.T.);
#203=FACE_OUTER_BOUND('',#317,.T.);
#204=FACE_OUTER_BOUND('',#318,.T.);
#205=FACE_OUTER_BOUND('',#319,.T.);
#206=FACE_OUTER_BOUND('',#320,.T.);
#207=FACE_OUTER_BOUND('',#321,.T.);
#208=FACE_OUTER_BOUND('',#322,.T.);
#209=FACE_OUTER_BOUND('',#323,.T.);
#210=FACE_OUTER_BOUND('',#324,.T.);
#211=FACE_OUTER_BOUND('',#325,.T.);
#212=FACE_OUTER_BOUND('',#326,.T.);
#213=FACE_OUTER_BOUND('',#327,.T.);
#214=FACE_OUTER_BOUND('',#328,.T.);
#215=FACE_OUTER_BOUND('',#329,.T.);
#216=FACE_OUTER_BOUND('',#330,.T.);
#217=FACE_OUTER_BOUND('',#331,.T.);
#218=FACE_OUTER_BOUND('',#332,.T.);
#219=FACE_OUTER_BOUND('',#333,.T.);
#220=FACE_OUTER_BOUND('',#334,.T.);
#221=FACE_OUTER_BOUND('',#335,.T.);
#222=FACE_OUTER_BOUND('',#336,.T.);
#223=FACE_OUTER_BOUND('',#337,.T.);
#224=FACE_OUTER_BOUND('',#338,.T.);
#225=FACE_OUTER_BOUND('',#339,.T.);
#226=FACE_OUTER_BOUND('',#340,.T.);
#227=FACE_OUTER_BOUND('',#341,.T.);
#228=FACE_OUTER_BOUND('',#342,.T.);
#229=EDGE_LOOP('',(#1253,#1254,#1255,#1256));
#230=EDGE_LOOP('',(#1257,#1258,#1259,#1260,#1261,#1262,#1263,#1264,#1265,
#1266,#1267,#1268,#1269,#1270,#1271,#1272,#1273,#1274,#1275,#1276));
#231=EDGE_LOOP('',(#1277));
#232=EDGE_LOOP('',(#1278));
#233=EDGE_LOOP('',(#1279,#1280,#1281,#1282));
#234=EDGE_LOOP('',(#1283,#1284,#1285,#1286));
#235=EDGE_LOOP('',(#1287,#1288,#1289,#1290));
#236=EDGE_LOOP('',(#1291,#1292,#1293,#1294));
#237=EDGE_LOOP('',(#1295,#1296,#1297,#1298,#1299,#1300,#1301,#1302));
#238=EDGE_LOOP('',(#1303));
#239=EDGE_LOOP('',(#1304));
#240=EDGE_LOOP('',(#1305,#1306,#1307,#1308));
#241=EDGE_LOOP('',(#1309,#1310,#1311,#1312));
#242=EDGE_LOOP('',(#1313,#1314,#1315,#1316));
#243=EDGE_LOOP('',(#1317,#1318,#1319,#1320));
#244=EDGE_LOOP('',(#1321,#1322,#1323,#1324));
#245=EDGE_LOOP('',(#1325,#1326,#1327,#1328,#1329,#1330));
#246=EDGE_LOOP('',(#1331,#1332,#1333,#1334,#1335,#1336,#1337,#1338,#1339,
#1340,#1341,#1342,#1343,#1344,#1345,#1346,#1347,#1348,#1349,#1350));
#247=EDGE_LOOP('',(#1351));
#248=EDGE_LOOP('',(#1352));
#249=EDGE_LOOP('',(#1353,#1354,#1355,#1356,#1357,#1358,#1359,#1360,#1361,
#1362,#1363,#1364,#1365,#1366,#1367,#1368));
#250=EDGE_LOOP('',(#1369));
#251=EDGE_LOOP('',(#1370));
#252=EDGE_LOOP('',(#1371,#1372,#1373,#1374,#1375,#1376,#1377,#1378,#1379,
#1380,#1381,#1382,#1383,#1384,#1385,#1386,#1387,#1388,#1389,#1390,#1391,
#1392,#1393,#1394,#1395,#1396,#1397,#1398,#1399,#1400,#1401,#1402,#1403,
#1404,#1405,#1406));
#253=EDGE_LOOP('',(#1407,#1408,#1409,#1410));
#254=EDGE_LOOP('',(#1411,#1412,#1413,#1414,#1415,#1416,#1417,#1418,#1419,
#1420,#1421,#1422,#1423,#1424,#1425,#1426));
#255=EDGE_LOOP('',(#1427,#1428,#1429,#1430,#1431,#1432,#1433,#1434,#1435,
#1436,#1437,#1438,#1439,#1440,#1441,#1442,#1443,#1444,#1445,#1446,#1447,
#1448,#1449,#1450,#1451,#1452,#1453,#1454,#1455,#1456,#1457,#1458,#1459,
#1460,#1461,#1462));
#256=EDGE_LOOP('',(#1463));
#257=EDGE_LOOP('',(#1464));
#258=EDGE_LOOP('',(#1465,#1466,#1467,#1468));
#259=EDGE_LOOP('',(#1469,#1470,#1471,#1472));
#260=EDGE_LOOP('',(#1473,#1474,#1475,#1476,#1477,#1478));
#261=EDGE_LOOP('',(#1479,#1480,#1481,#1482,#1483,#1484,#1485,#1486));
#262=EDGE_LOOP('',(#1487));
#263=EDGE_LOOP('',(#1488));
#264=EDGE_LOOP('',(#1489,#1490,#1491,#1492));
#265=EDGE_LOOP('',(#1493,#1494,#1495,#1496));
#266=EDGE_LOOP('',(#1497,#1498,#1499,#1500));
#267=EDGE_LOOP('',(#1501,#1502,#1503,#1504));
#268=EDGE_LOOP('',(#1505,#1506,#1507,#1508));
#269=EDGE_LOOP('',(#1509,#1510,#1511,#1512));
#270=EDGE_LOOP('',(#1513,#1514,#1515,#1516));
#271=EDGE_LOOP('',(#1517,#1518,#1519,#1520));
#272=EDGE_LOOP('',(#1521,#1522,#1523,#1524));
#273=EDGE_LOOP('',(#1525,#1526,#1527,#1528));
#274=EDGE_LOOP('',(#1529,#1530,#1531,#1532));
#275=EDGE_LOOP('',(#1533,#1534,#1535,#1536));
#276=EDGE_LOOP('',(#1537,#1538,#1539,#1540));
#277=EDGE_LOOP('',(#1541,#1542,#1543,#1544));
#278=EDGE_LOOP('',(#1545,#1546,#1547,#1548));
#279=EDGE_LOOP('',(#1549,#1550,#1551,#1552));
#280=EDGE_LOOP('',(#1553,#1554,#1555,#1556));
#281=EDGE_LOOP('',(#1557,#1558,#1559,#1560));
#282=EDGE_LOOP('',(#1561,#1562,#1563,#1564));
#283=EDGE_LOOP('',(#1565,#1566,#1567,#1568));
#284=EDGE_LOOP('',(#1569,#1570,#1571,#1572));
#285=EDGE_LOOP('',(#1573,#1574,#1575,#1576));
#286=EDGE_LOOP('',(#1577,#1578,#1579,#1580));
#287=EDGE_LOOP('',(#1581,#1582,#1583,#1584));
#288=EDGE_LOOP('',(#1585,#1586,#1587,#1588));
#289=EDGE_LOOP('',(#1589,#1590,#1591,#1592));
#290=EDGE_LOOP('',(#1593,#1594,#1595,#1596));
#291=EDGE_LOOP('',(#1597,#1598,#1599,#1600));
#292=EDGE_LOOP('',(#1601,#1602,#1603,#1604));
#293=EDGE_LOOP('',(#1605,#1606,#1607,#1608));
#294=EDGE_LOOP('',(#1609,#1610,#1611,#1612));
#295=EDGE_LOOP('',(#1613,#1614,#1615,#1616));
#296=EDGE_LOOP('',(#1617,#1618,#1619,#1620));
#297=EDGE_LOOP('',(#1621,#1622,#1623,#1624));
#298=EDGE_LOOP('',(#1625,#1626,#1627,#1628));
#299=EDGE_LOOP('',(#1629,#1630,#1631,#1632));
#300=EDGE_LOOP('',(#1633,#1634,#1635,#1636));
#301=EDGE_LOOP('',(#1637,#1638,#1639,#1640));
#302=EDGE_LOOP('',(#1641,#1642,#1643,#1644));
#303=EDGE_LOOP('',(#1645,#1646,#1647,#1648));
#304=EDGE_LOOP('',(#1649,#1650,#1651,#1652));
#305=EDGE_LOOP('',(#1653,#1654,#1655,#1656));
#306=EDGE_LOOP('',(#1657,#1658,#1659,#1660));
#307=EDGE_LOOP('',(#1661,#1662,#1663,#1664));
#308=EDGE_LOOP('',(#1665,#1666,#1667,#1668));
#309=EDGE_LOOP('',(#1669,#1670,#1671,#1672));
#310=EDGE_LOOP('',(#1673,#1674,#1675,#1676));
#311=EDGE_LOOP('',(#1677,#1678,#1679,#1680));
#312=EDGE_LOOP('',(#1681,#1682,#1683,#1684));
#313=EDGE_LOOP('',(#1685,#1686,#1687,#1688));
#314=EDGE_LOOP('',(#1689,#1690,#1691,#1692));
#315=EDGE_LOOP('',(#1693,#1694,#1695,#1696));
#316=EDGE_LOOP('',(#1697,#1698,#1699,#1700));
#317=EDGE_LOOP('',(#1701,#1702,#1703,#1704));
#318=EDGE_LOOP('',(#1705,#1706,#1707,#1708));
#319=EDGE_LOOP('',(#1709,#1710,#1711,#1712));
#320=EDGE_LOOP('',(#1713,#1714,#1715,#1716));
#321=EDGE_LOOP('',(#1717,#1718,#1719,#1720));
#322=EDGE_LOOP('',(#1721,#1722,#1723,#1724));
#323=EDGE_LOOP('',(#1725,#1726,#1727,#1728));
#324=EDGE_LOOP('',(#1729,#1730,#1731,#1732));
#325=EDGE_LOOP('',(#1733,#1734,#1735,#1736));
#326=EDGE_LOOP('',(#1737,#1738,#1739,#1740));
#327=EDGE_LOOP('',(#1741,#1742,#1743,#1744));
#328=EDGE_LOOP('',(#1745,#1746,#1747,#1748));
#329=EDGE_LOOP('',(#1749,#1750,#1751,#1752));
#330=EDGE_LOOP('',(#1753,#1754,#1755,#1756));
#331=EDGE_LOOP('',(#1757,#1758,#1759,#1760,#1761));
#332=EDGE_LOOP('',(#1762,#1763,#1764,#1765,#1766));
#333=EDGE_LOOP('',(#1767,#1768,#1769,#1770));
#334=EDGE_LOOP('',(#1771,#1772,#1773,#1774));
#335=EDGE_LOOP('',(#1775,#1776,#1777,#1778));
#336=EDGE_LOOP('',(#1779,#1780,#1781,#1782,#1783));
#337=EDGE_LOOP('',(#1784,#1785,#1786,#1787,#1788));
#338=EDGE_LOOP('',(#1789,#1790,#1791,#1792));
#339=EDGE_LOOP('',(#1793,#1794,#1795,#1796));
#340=EDGE_LOOP('',(#1797,#1798,#1799,#1800));
#341=EDGE_LOOP('',(#1801,#1802,#1803,#1804));
#342=EDGE_LOOP('',(#1805,#1806,#1807,#1808));
#343=LINE('',#2694,#521);
#344=LINE('',#2699,#522);
#345=LINE('',#2701,#523);
#346=LINE('',#2709,#524);
#347=LINE('',#2713,#525);
#348=LINE('',#2717,#526);
#349=LINE('',#2721,#527);
#350=LINE('',#2725,#528);
#351=LINE('',#2729,#529);
#352=LINE('',#2733,#530);
#353=LINE('',#2736,#531);
#354=LINE('',#2742,#532);
#355=LINE('',#2746,#533);
#356=LINE('',#2750,#534);
#357=LINE('',#2755,#535);
#358=LINE('',#2760,#536);
#359=LINE('',#2762,#537);
#360=LINE('',#2766,#538);
#361=LINE('',#2773,#539);
#362=LINE('',#2779,#540);
#363=LINE('',#2783,#541);
#364=LINE('',#2787,#542);
#365=LINE('',#2790,#543);
#366=LINE('',#2792,#544);
#367=LINE('',#2793,#545);
#368=LINE('',#2802,#546);
#369=LINE('',#2826,#547);
#370=LINE('',#2835,#548);
#371=LINE('',#2836,#549);
#372=LINE('',#2837,#550);
#373=LINE('',#2839,#551);
#374=LINE('',#2841,#552);
#375=LINE('',#2845,#553);
#376=LINE('',#2849,#554);
#377=LINE('',#2853,#555);
#378=LINE('',#2857,#556);
#379=LINE('',#2861,#557);
#380=LINE('',#2865,#558);
#381=LINE('',#2869,#559);
#382=LINE('',#2877,#560);
#383=LINE('',#2879,#561);
#384=LINE('',#2883,#562);
#385=LINE('',#2887,#563);
#386=LINE('',#2891,#564);
#387=LINE('',#2895,#565);
#388=LINE('',#2897,#566);
#389=LINE('',#2899,#567);
#390=LINE('',#2903,#568);
#391=LINE('',#2906,#569);
#392=LINE('',#2913,#570);
#393=LINE('',#2917,#571);
#394=LINE('',#2921,#572);
#395=LINE('',#2925,#573);
#396=LINE('',#2929,#574);
#397=LINE('',#2933,#575);
#398=LINE('',#2937,#576);
#399=LINE('',#2941,#577);
#400=LINE('',#2945,#578);
#401=LINE('',#2949,#579);
#402=LINE('',#2953,#580);
#403=LINE('',#2957,#581);
#404=LINE('',#2961,#582);
#405=LINE('',#2965,#583);
#406=LINE('',#2969,#584);
#407=LINE('',#2973,#585);
#408=LINE('',#2977,#586);
#409=LINE('',#2981,#587);
#410=LINE('',#2984,#588);
#411=LINE('',#2986,#589);
#412=LINE('',#2987,#590);
#413=LINE('',#2990,#591);
#414=LINE('',#2994,#592);
#415=LINE('',#2998,#593);
#416=LINE('',#3000,#594);
#417=LINE('',#3002,#595);
#418=LINE('',#3006,#596);
#419=LINE('',#3010,#597);
#420=LINE('',#3014,#598);
#421=LINE('',#3018,#599);
#422=LINE('',#3022,#600);
#423=LINE('',#3026,#601);
#424=LINE('',#3030,#602);
#425=LINE('',#3034,#603);
#426=LINE('',#3038,#604);
#427=LINE('',#3042,#605);
#428=LINE('',#3046,#606);
#429=LINE('',#3050,#607);
#430=LINE('',#3054,#608);
#431=LINE('',#3058,#609);
#432=LINE('',#3062,#610);
#433=LINE('',#3066,#611);
#434=LINE('',#3070,#612);
#435=LINE('',#3074,#613);
#436=LINE('',#3078,#614);
#437=LINE('',#3082,#615);
#438=LINE('',#3086,#616);
#439=LINE('',#3094,#617);
#440=LINE('',#3096,#618);
#441=LINE('',#3097,#619);
#442=LINE('',#3100,#620);
#443=LINE('',#3129,#621);
#444=LINE('',#3136,#622);
#445=LINE('',#3137,#623);
#446=LINE('',#3138,#624);
#447=LINE('',#3147,#625);
#448=LINE('',#3150,#626);
#449=LINE('',#3152,#627);
#450=LINE('',#3155,#628);
#451=LINE('',#3157,#629);
#452=LINE('',#3159,#630);
#453=LINE('',#3160,#631);
#454=LINE('',#3162,#632);
#455=LINE('',#3164,#633);
#456=LINE('',#3166,#634);
#457=LINE('',#3168,#635);
#458=LINE('',#3170,#636);
#459=LINE('',#3172,#637);
#460=LINE('',#3174,#638);
#461=LINE('',#3176,#639);
#462=LINE('',#3178,#640);
#463=LINE('',#3180,#641);
#464=LINE('',#3182,#642);
#465=LINE('',#3184,#643);
#466=LINE('',#3186,#644);
#467=LINE('',#3188,#645);
#468=LINE('',#3190,#646);
#469=LINE('',#3192,#647);
#470=LINE('',#3194,#648);
#471=LINE('',#3196,#649);
#472=LINE('',#3198,#650);
#473=LINE('',#3200,#651);
#474=LINE('',#3202,#652);
#475=LINE('',#3204,#653);
#476=LINE('',#3206,#654);
#477=LINE('',#3208,#655);
#478=LINE('',#3210,#656);
#479=LINE('',#3212,#657);
#480=LINE('',#3214,#658);
#481=LINE('',#3216,#659);
#482=LINE('',#3218,#660);
#483=LINE('',#3220,#661);
#484=LINE('',#3222,#662);
#485=LINE('',#3224,#663);
#486=LINE('',#3226,#664);
#487=LINE('',#3228,#665);
#488=LINE('',#3231,#666);
#489=LINE('',#3232,#667);
#490=LINE('',#3234,#668);
#491=LINE('',#3236,#669);
#492=LINE('',#3238,#670);
#493=LINE('',#3240,#671);
#494=LINE('',#3242,#672);
#495=LINE('',#3244,#673);
#496=LINE('',#3246,#674);
#497=LINE('',#3248,#675);
#498=LINE('',#3250,#676);
#499=LINE('',#3252,#677);
#500=LINE('',#3254,#678);
#501=LINE('',#3256,#679);
#502=LINE('',#3261,#680);
#503=LINE('',#3263,#681);
#504=LINE('',#3265,#682);
#505=LINE('',#3267,#683);
#506=LINE('',#3269,#684);
#507=LINE('',#3271,#685);
#508=LINE('',#3273,#686);
#509=LINE('',#3276,#687);
#510=LINE('',#3278,#688);
#511=LINE('',#3280,#689);
#512=LINE('',#3282,#690);
#513=LINE('',#3284,#691);
#514=LINE('',#3287,#692);
#515=LINE('',#3289,#693);
#516=LINE('',#3291,#694);
#517=LINE('',#3293,#695);
#518=LINE('',#3296,#696);
#519=LINE('',#3298,#697);
#520=LINE('',#3300,#698);
#521=VECTOR('',#2127,1.49999999898);
#522=VECTOR('',#2132,10.);
#523=VECTOR('',#2133,10.);
#524=VECTOR('',#2140,10.);
#525=VECTOR('',#2143,10.);
#526=VECTOR('',#2146,10.);
#527=VECTOR('',#2149,10.);
#528=VECTOR('',#2152,10.);
#529=VECTOR('',#2155,10.);
#530=VECTOR('',#2158,10.);
#531=VECTOR('',#2161,10.);
#532=VECTOR('',#2168,0.999999998979995);
#533=VECTOR('',#2173,1.49999999898);
#534=VECTOR('',#2178,0.999999998979995);
#535=VECTOR('',#2183,1.49999999898);
#536=VECTOR('',#2188,10.);
#537=VECTOR('',#2189,10.);
#538=VECTOR('',#2192,10.);
#539=VECTOR('',#2199,10.);
#540=VECTOR('',#2206,0.999999998979995);
#541=VECTOR('',#2211,1.49999999898);
#542=VECTOR('',#2216,0.999999998979995);
#543=VECTOR('',#2219,10.);
#544=VECTOR('',#2220,10.);
#545=VECTOR('',#2221,10.);
#546=VECTOR('',#2224,10.);
#547=VECTOR('',#2227,10.);
#548=VECTOR('',#2228,10.);
#549=VECTOR('',#2229,10.);
#550=VECTOR('',#2230,10.);
#551=VECTOR('',#2233,10.);
#552=VECTOR('',#2234,10.);
#553=VECTOR('',#2237,10.);
#554=VECTOR('',#2240,10.);
#555=VECTOR('',#2243,10.);
#556=VECTOR('',#2246,10.);
#557=VECTOR('',#2249,10.);
#558=VECTOR('',#2252,10.);
#559=VECTOR('',#2255,10.);
#560=VECTOR('',#2264,10.);
#561=VECTOR('',#2265,10.);
#562=VECTOR('',#2268,10.);
#563=VECTOR('',#2271,10.);
#564=VECTOR('',#2274,10.);
#565=VECTOR('',#2277,10.);
#566=VECTOR('',#2278,10.);
#567=VECTOR('',#2279,10.);
#568=VECTOR('',#2282,10.);
#569=VECTOR('',#2285,10.);
#570=VECTOR('',#2290,10.);
#571=VECTOR('',#2293,10.);
#572=VECTOR('',#2296,10.);
#573=VECTOR('',#2299,10.);
#574=VECTOR('',#2302,10.);
#575=VECTOR('',#2305,10.);
#576=VECTOR('',#2308,10.);
#577=VECTOR('',#2311,10.);
#578=VECTOR('',#2314,10.);
#579=VECTOR('',#2317,10.);
#580=VECTOR('',#2320,10.);
#581=VECTOR('',#2323,10.);
#582=VECTOR('',#2326,10.);
#583=VECTOR('',#2329,10.);
#584=VECTOR('',#2332,10.);
#585=VECTOR('',#2335,10.);
#586=VECTOR('',#2338,10.);
#587=VECTOR('',#2341,10.);
#588=VECTOR('',#2346,10.);
#589=VECTOR('',#2347,10.);
#590=VECTOR('',#2348,10.);
#591=VECTOR('',#2351,10.);
#592=VECTOR('',#2354,10.);
#593=VECTOR('',#2357,10.);
#594=VECTOR('',#2358,10.);
#595=VECTOR('',#2359,10.);
#596=VECTOR('',#2362,10.);
#597=VECTOR('',#2365,10.);
#598=VECTOR('',#2368,10.);
#599=VECTOR('',#2371,10.);
#600=VECTOR('',#2374,10.);
#601=VECTOR('',#2377,10.);
#602=VECTOR('',#2380,10.);
#603=VECTOR('',#2383,10.);
#604=VECTOR('',#2386,10.);
#605=VECTOR('',#2389,10.);
#606=VECTOR('',#2392,10.);
#607=VECTOR('',#2395,10.);
#608=VECTOR('',#2398,10.);
#609=VECTOR('',#2401,10.);
#610=VECTOR('',#2404,10.);
#611=VECTOR('',#2407,10.);
#612=VECTOR('',#2410,10.);
#613=VECTOR('',#2413,10.);
#614=VECTOR('',#2416,10.);
#615=VECTOR('',#2419,10.);
#616=VECTOR('',#2422,10.);
#617=VECTOR('',#2431,10.);
#618=VECTOR('',#2432,10.);
#619=VECTOR('',#2433,10.);
#620=VECTOR('',#2436,10.);
#621=VECTOR('',#2439,10.);
#622=VECTOR('',#2440,10.);
#623=VECTOR('',#2441,10.);
#624=VECTOR('',#2442,10.);
#625=VECTOR('',#2451,10.);
#626=VECTOR('',#2454,10.);
#627=VECTOR('',#2457,10.);
#628=VECTOR('',#2462,1.49999999999999);
#629=VECTOR('',#2465,1.49999999999999);
#630=VECTOR('',#2468,10.);
#631=VECTOR('',#2469,10.);
#632=VECTOR('',#2472,10.);
#633=VECTOR('',#2475,10.);
#634=VECTOR('',#2478,10.);
#635=VECTOR('',#2481,10.);
#636=VECTOR('',#2484,10.);
#637=VECTOR('',#2487,10.);
#638=VECTOR('',#2490,10.);
#639=VECTOR('',#2493,10.);
#640=VECTOR('',#2496,10.);
#641=VECTOR('',#2499,10.);
#642=VECTOR('',#2502,10.);
#643=VECTOR('',#2505,10.);
#644=VECTOR('',#2508,10.);
#645=VECTOR('',#2511,10.);
#646=VECTOR('',#2514,10.);
#647=VECTOR('',#2517,10.);
#648=VECTOR('',#2520,10.);
#649=VECTOR('',#2523,10.);
#650=VECTOR('',#2526,10.);
#651=VECTOR('',#2529,10.);
#652=VECTOR('',#2532,10.);
#653=VECTOR('',#2535,10.);
#654=VECTOR('',#2538,10.);
#655=VECTOR('',#2541,10.);
#656=VECTOR('',#2544,10.);
#657=VECTOR('',#2547,10.);
#658=VECTOR('',#2550,10.);
#659=VECTOR('',#2553,10.);
#660=VECTOR('',#2556,10.);
#661=VECTOR('',#2559,10.);
#662=VECTOR('',#2562,10.);
#663=VECTOR('',#2565,10.);
#664=VECTOR('',#2568,10.);
#665=VECTOR('',#2571,10.);
#666=VECTOR('',#2576,10.);
#667=VECTOR('',#2577,10.);
#668=VECTOR('',#2580,10.);
#669=VECTOR('',#2583,10.);
#670=VECTOR('',#2586,10.);
#671=VECTOR('',#2589,10.);
#672=VECTOR('',#2592,10.);
#673=VECTOR('',#2595,10.);
#674=VECTOR('',#2598,10.);
#675=VECTOR('',#2601,10.);
#676=VECTOR('',#2604,10.);
#677=VECTOR('',#2607,10.);
#678=VECTOR('',#2610,10.);
#679=VECTOR('',#2613,10.);
#680=VECTOR('',#2622,10.);
#681=VECTOR('',#2625,10.);
#682=VECTOR('',#2628,10.);
#683=VECTOR('',#2631,10.);
#684=VECTOR('',#2634,10.);
#685=VECTOR('',#2637,10.);
#686=VECTOR('',#2640,10.);
#687=VECTOR('',#2645,10.);
#688=VECTOR('',#2648,10.);
#689=VECTOR('',#2651,10.);
#690=VECTOR('',#2654,10.);
#691=VECTOR('',#2657,10.);
#692=VECTOR('',#2662,10.);
#693=VECTOR('',#2665,10.);
#694=VECTOR('',#2668,10.);
#695=VECTOR('',#2671,10.);
#696=VECTOR('',#2676,10.);
#697=VECTOR('',#2679,10.);
#698=VECTOR('',#2682,10.);
#699=CIRCLE('',#1928,0.999999998979995);
#700=CIRCLE('',#1929,1.99999999898001);
#701=CIRCLE('',#1931,2.05230891972563);
#702=CIRCLE('',#1932,10.9446062161527);
#703=CIRCLE('',#1933,1.49999999999965);
#704=CIRCLE('',#1934,0.299999999999958);
#705=CIRCLE('',#1935,0.500000000000007);
#706=CIRCLE('',#1936,0.500000000000007);
#707=CIRCLE('',#1937,0.500000000000007);
#708=CIRCLE('',#1938,0.500000000000007);
#709=CIRCLE('',#1939,0.500000000000007);
#710=CIRCLE('',#1940,1.49999999999972);
#711=CIRCLE('',#1941,1.99999999898001);
#712=CIRCLE('',#1943,0.999999998979995);
#713=CIRCLE('',#1945,0.999999998979995);
#714=CIRCLE('',#1947,0.999999998979995);
#715=CIRCLE('',#1949,0.999999998979995);
#716=CIRCLE('',#1950,1.99999999898001);
#717=CIRCLE('',#1952,1.50000000000003);
#718=CIRCLE('',#1953,1.50000000000002);
#719=CIRCLE('',#1954,10.9446062161519);
#720=CIRCLE('',#1955,2.05230891972484);
#721=CIRCLE('',#1956,1.99999999898001);
#722=CIRCLE('',#1958,0.999999998979995);
#723=CIRCLE('',#1960,0.999999998979995);
#724=CIRCLE('',#1962,0.999999998979995);
#725=CIRCLE('',#1965,1.51);
#726=CIRCLE('',#1967,1.49999999999972);
#727=CIRCLE('',#1968,0.500000000000007);
#728=CIRCLE('',#1969,0.500000000000007);
#729=CIRCLE('',#1970,0.500000000000007);
#730=CIRCLE('',#1971,0.500000000000007);
#731=CIRCLE('',#1972,0.500000000000007);
#732=CIRCLE('',#1973,0.299999999999958);
#733=CIRCLE('',#1974,1.49999999999965);
#734=CIRCLE('',#1975,10.9446062161527);
#735=CIRCLE('',#1976,2.05230891972563);
#736=CIRCLE('',#1978,1.68999999999999);
#737=CIRCLE('',#1979,1.69);
#738=CIRCLE('',#1980,1.69);
#739=CIRCLE('',#1981,1.69);
#740=CIRCLE('',#1982,1.49999999999999);
#741=CIRCLE('',#1983,1.50000000000001);
#742=CIRCLE('',#1984,1.49999999999999);
#743=CIRCLE('',#1985,1.49999999999999);
#744=CIRCLE('',#1986,0.889999999999986);
#745=CIRCLE('',#1987,0.890000000000004);
#746=CIRCLE('',#1988,0.889999999999986);
#747=CIRCLE('',#1989,0.890000000000004);
#748=CIRCLE('',#1990,0.890000000000004);
#749=CIRCLE('',#1991,0.889999999999986);
#750=CIRCLE('',#1992,0.890000000000004);
#751=CIRCLE('',#1993,0.889999999999986);
#752=CIRCLE('',#1994,0.889999999999986);
#753=CIRCLE('',#1995,1.99999999999999);
#754=CIRCLE('',#1996,1.69);
#755=CIRCLE('',#1997,1.69);
#756=CIRCLE('',#1998,1.99999999999999);
#757=CIRCLE('',#1999,0.890000000000004);
#758=CIRCLE('',#2000,0.890000000000004);
#759=CIRCLE('',#2001,0.889999999999986);
#760=CIRCLE('',#2002,0.890000000000004);
#761=CIRCLE('',#2003,0.889999999999986);
#762=CIRCLE('',#2006,1.50000000000001);
#763=CIRCLE('',#2007,1.49999999999999);
#764=CIRCLE('',#2008,1.69);
#765=CIRCLE('',#2009,1.69);
#766=CIRCLE('',#2010,1.69);
#767=CIRCLE('',#2011,1.68999999999999);
#768=CIRCLE('',#2012,0.889999999999986);
#769=CIRCLE('',#2013,0.890000000000004);
#770=CIRCLE('',#2014,0.889999999999986);
#771=CIRCLE('',#2015,0.890000000000004);
#772=CIRCLE('',#2016,0.890000000000004);
#773=CIRCLE('',#2017,1.99999999999999);
#774=CIRCLE('',#2018,1.69);
#775=CIRCLE('',#2019,1.69);
#776=CIRCLE('',#2020,1.99999999999999);
#777=CIRCLE('',#2021,0.889999999999986);
#778=CIRCLE('',#2022,0.889999999999986);
#779=CIRCLE('',#2023,0.890000000000004);
#780=CIRCLE('',#2024,0.889999999999986);
#781=CIRCLE('',#2025,0.890000000000004);
#782=CIRCLE('',#2026,0.890000000000004);
#783=CIRCLE('',#2027,0.889999999999986);
#784=CIRCLE('',#2028,0.890000000000004);
#785=CIRCLE('',#2029,0.889999999999986);
#786=CIRCLE('',#2030,1.49999999999999);
#787=CIRCLE('',#2031,1.49999999999999);
#788=CIRCLE('',#2034,0.01);
#789=CIRCLE('',#2036,2.05230891972484);
#790=CIRCLE('',#2037,10.9446062161519);
#791=CIRCLE('',#2038,1.50000000000002);
#792=CIRCLE('',#2039,1.50000000000003);
#793=CIRCLE('',#2041,1.51);
#794=CIRCLE('',#2095,0.00999999999999446);
#795=VERTEX_POINT('',#2691);
#796=VERTEX_POINT('',#2693);
#797=VERTEX_POINT('',#2697);
#798=VERTEX_POINT('',#2698);
#799=VERTEX_POINT('',#2700);
#800=VERTEX_POINT('',#2702);
#801=VERTEX_POINT('',#2704);
#802=VERTEX_POINT('',#2706);
#803=VERTEX_POINT('',#2708);
#804=VERTEX_POINT('',#2710);
#805=VERTEX_POINT('',#2712);
#806=VERTEX_POINT('',#2714);
#807=VERTEX_POINT('',#2716);
#808=VERTEX_POINT('',#2718);
#809=VERTEX_POINT('',#2720);
#810=VERTEX_POINT('',#2722);
#811=VERTEX_POINT('',#2724);
#812=VERTEX_POINT('',#2726);
#813=VERTEX_POINT('',#2728);
#814=VERTEX_POINT('',#2730);
#815=VERTEX_POINT('',#2732);
#816=VERTEX_POINT('',#2734);
#817=VERTEX_POINT('',#2737);
#818=VERTEX_POINT('',#2740);
#819=VERTEX_POINT('',#2744);
#820=VERTEX_POINT('',#2748);
#821=VERTEX_POINT('',#2752);
#822=VERTEX_POINT('',#2754);
#823=VERTEX_POINT('',#2758);
#824=VERTEX_POINT('',#2759);
#825=VERTEX_POINT('',#2761);
#826=VERTEX_POINT('',#2763);
#827=VERTEX_POINT('',#2765);
#828=VERTEX_POINT('',#2767);
#829=VERTEX_POINT('',#2769);
#830=VERTEX_POINT('',#2771);
#831=VERTEX_POINT('',#2774);
#832=VERTEX_POINT('',#2777);
#833=VERTEX_POINT('',#2781);
#834=VERTEX_POINT('',#2785);
#835=VERTEX_POINT('',#2789);
#836=VERTEX_POINT('',#2791);
#837=VERTEX_POINT('',#2795);
#838=VERTEX_POINT('',#2801);
#839=VERTEX_POINT('',#2824);
#840=VERTEX_POINT('',#2825);
#841=VERTEX_POINT('',#2827);
#842=VERTEX_POINT('',#2834);
#843=VERTEX_POINT('',#2840);
#844=VERTEX_POINT('',#2842);
#845=VERTEX_POINT('',#2844);
#846=VERTEX_POINT('',#2846);
#847=VERTEX_POINT('',#2848);
#848=VERTEX_POINT('',#2850);
#849=VERTEX_POINT('',#2852);
#850=VERTEX_POINT('',#2854);
#851=VERTEX_POINT('',#2856);
#852=VERTEX_POINT('',#2858);
#853=VERTEX_POINT('',#2860);
#854=VERTEX_POINT('',#2862);
#855=VERTEX_POINT('',#2864);
#856=VERTEX_POINT('',#2866);
#857=VERTEX_POINT('',#2868);
#858=VERTEX_POINT('',#2870);
#859=VERTEX_POINT('',#2872);
#860=VERTEX_POINT('',#2876);
#861=VERTEX_POINT('',#2878);
#862=VERTEX_POINT('',#2880);
#863=VERTEX_POINT('',#2882);
#864=VERTEX_POINT('',#2884);
#865=VERTEX_POINT('',#2886);
#866=VERTEX_POINT('',#2888);
#867=VERTEX_POINT('',#2890);
#868=VERTEX_POINT('',#2892);
#869=VERTEX_POINT('',#2894);
#870=VERTEX_POINT('',#2896);
#871=VERTEX_POINT('',#2898);
#872=VERTEX_POINT('',#2900);
#873=VERTEX_POINT('',#2902);
#874=VERTEX_POINT('',#2904);
#875=VERTEX_POINT('',#2907);
#876=VERTEX_POINT('',#2909);
#877=VERTEX_POINT('',#2911);
#878=VERTEX_POINT('',#2912);
#879=VERTEX_POINT('',#2914);
#880=VERTEX_POINT('',#2916);
#881=VERTEX_POINT('',#2918);
#882=VERTEX_POINT('',#2920);
#883=VERTEX_POINT('',#2922);
#884=VERTEX_POINT('',#2924);
#885=VERTEX_POINT('',#2926);
#886=VERTEX_POINT('',#2928);
#887=VERTEX_POINT('',#2930);
#888=VERTEX_POINT('',#2932);
#889=VERTEX_POINT('',#2934);
#890=VERTEX_POINT('',#2936);
#891=VERTEX_POINT('',#2938);
#892=VERTEX_POINT('',#2940);
#893=VERTEX_POINT('',#2942);
#894=VERTEX_POINT('',#2944);
#895=VERTEX_POINT('',#2946);
#896=VERTEX_POINT('',#2948);
#897=VERTEX_POINT('',#2950);
#898=VERTEX_POINT('',#2952);
#899=VERTEX_POINT('',#2954);
#900=VERTEX_POINT('',#2956);
#901=VERTEX_POINT('',#2958);
#902=VERTEX_POINT('',#2960);
#903=VERTEX_POINT('',#2962);
#904=VERTEX_POINT('',#2964);
#905=VERTEX_POINT('',#2966);
#906=VERTEX_POINT('',#2968);
#907=VERTEX_POINT('',#2970);
#908=VERTEX_POINT('',#2972);
#909=VERTEX_POINT('',#2974);
#910=VERTEX_POINT('',#2976);
#911=VERTEX_POINT('',#2978);
#912=VERTEX_POINT('',#2980);
#913=VERTEX_POINT('',#2985);
#914=VERTEX_POINT('',#2989);
#915=VERTEX_POINT('',#2991);
#916=VERTEX_POINT('',#2993);
#917=VERTEX_POINT('',#2995);
#918=VERTEX_POINT('',#2997);
#919=VERTEX_POINT('',#2999);
#920=VERTEX_POINT('',#3001);
#921=VERTEX_POINT('',#3003);
#922=VERTEX_POINT('',#3005);
#923=VERTEX_POINT('',#3007);
#924=VERTEX_POINT('',#3009);
#925=VERTEX_POINT('',#3011);
#926=VERTEX_POINT('',#3013);
#927=VERTEX_POINT('',#3016);
#928=VERTEX_POINT('',#3017);
#929=VERTEX_POINT('',#3019);
#930=VERTEX_POINT('',#3021);
#931=VERTEX_POINT('',#3023);
#932=VERTEX_POINT('',#3025);
#933=VERTEX_POINT('',#3027);
#934=VERTEX_POINT('',#3029);
#935=VERTEX_POINT('',#3031);
#936=VERTEX_POINT('',#3033);
#937=VERTEX_POINT('',#3035);
#938=VERTEX_POINT('',#3037);
#939=VERTEX_POINT('',#3039);
#940=VERTEX_POINT('',#3041);
#941=VERTEX_POINT('',#3043);
#942=VERTEX_POINT('',#3045);
#943=VERTEX_POINT('',#3047);
#944=VERTEX_POINT('',#3049);
#945=VERTEX_POINT('',#3051);
#946=VERTEX_POINT('',#3053);
#947=VERTEX_POINT('',#3055);
#948=VERTEX_POINT('',#3057);
#949=VERTEX_POINT('',#3059);
#950=VERTEX_POINT('',#3061);
#951=VERTEX_POINT('',#3063);
#952=VERTEX_POINT('',#3065);
#953=VERTEX_POINT('',#3067);
#954=VERTEX_POINT('',#3069);
#955=VERTEX_POINT('',#3071);
#956=VERTEX_POINT('',#3073);
#957=VERTEX_POINT('',#3075);
#958=VERTEX_POINT('',#3077);
#959=VERTEX_POINT('',#3079);
#960=VERTEX_POINT('',#3081);
#961=VERTEX_POINT('',#3083);
#962=VERTEX_POINT('',#3085);
#963=VERTEX_POINT('',#3088);
#964=VERTEX_POINT('',#3090);
#965=VERTEX_POINT('',#3093);
#966=VERTEX_POINT('',#3095);
#967=VERTEX_POINT('',#3099);
#968=VERTEX_POINT('',#3128);
#969=VERTEX_POINT('',#3135);
#970=VERTEX_POINT('',#3140);
#971=VERTEX_POINT('',#3142);
#972=VERTEX_POINT('',#3144);
#973=VERTEX_POINT('',#3146);
#974=VERTEX_POINT('',#3148);
#975=EDGE_CURVE('',#795,#795,#699,.T.);
#976=EDGE_CURVE('',#795,#796,#343,.T.);
#977=EDGE_CURVE('',#796,#796,#700,.T.);
#978=EDGE_CURVE('',#797,#798,#344,.T.);
#979=EDGE_CURVE('',#798,#799,#345,.T.);
#980=EDGE_CURVE('',#799,#800,#701,.T.);
#981=EDGE_CURVE('',#800,#801,#702,.T.);
#982=EDGE_CURVE('',#801,#802,#703,.T.);
#983=EDGE_CURVE('',#802,#803,#346,.T.);
#984=EDGE_CURVE('',#803,#804,#704,.T.);
#985=EDGE_CURVE('',#804,#805,#347,.T.);
#986=EDGE_CURVE('',#805,#806,#705,.T.);
#987=EDGE_CURVE('',#806,#807,#348,.T.);
#988=EDGE_CURVE('',#807,#808,#706,.T.);
#989=EDGE_CURVE('',#808,#809,#349,.T.);
#990=EDGE_CURVE('',#809,#810,#707,.T.);
#991=EDGE_CURVE('',#810,#811,#350,.T.);
#992=EDGE_CURVE('',#811,#812,#708,.T.);
#993=EDGE_CURVE('',#812,#813,#351,.T.);
#994=EDGE_CURVE('',#813,#814,#709,.T.);
#995=EDGE_CURVE('',#814,#815,#352,.T.);
#996=EDGE_CURVE('',#815,#816,#710,.T.);
#997=EDGE_CURVE('',#816,#797,#353,.T.);
#998=EDGE_CURVE('',#817,#817,#711,.T.);
#999=EDGE_CURVE('',#818,#818,#712,.T.);
#1000=EDGE_CURVE('',#818,#795,#354,.T.);
#1001=EDGE_CURVE('',#819,#819,#713,.T.);
#1002=EDGE_CURVE('',#819,#817,#355,.T.);
#1003=EDGE_CURVE('',#820,#820,#714,.T.);
#1004=EDGE_CURVE('',#820,#819,#356,.T.);
#1005=EDGE_CURVE('',#821,#821,#715,.T.);
#1006=EDGE_CURVE('',#821,#822,#357,.T.);
#1007=EDGE_CURVE('',#822,#822,#716,.T.);
#1008=EDGE_CURVE('',#823,#824,#358,.T.);
#1009=EDGE_CURVE('',#824,#825,#359,.T.);
#1010=EDGE_CURVE('',#825,#826,#717,.T.);
#1011=EDGE_CURVE('',#826,#827,#360,.T.);
#1012=EDGE_CURVE('',#827,#828,#718,.T.);
#1013=EDGE_CURVE('',#828,#829,#719,.T.);
#1014=EDGE_CURVE('',#829,#830,#720,.T.);
#1015=EDGE_CURVE('',#830,#823,#361,.T.);
#1016=EDGE_CURVE('',#831,#831,#721,.T.);
#1017=EDGE_CURVE('',#832,#832,#722,.T.);
#1018=EDGE_CURVE('',#832,#821,#362,.T.);
#1019=EDGE_CURVE('',#833,#833,#723,.T.);
#1020=EDGE_CURVE('',#833,#831,#363,.T.);
#1021=EDGE_CURVE('',#834,#834,#724,.T.);
#1022=EDGE_CURVE('',#834,#833,#364,.T.);
#1023=EDGE_CURVE('',#798,#835,#365,.T.);
#1024=EDGE_CURVE('',#836,#835,#366,.T.);
#1025=EDGE_CURVE('',#836,#799,#367,.T.);
#1026=EDGE_CURVE('',#797,#837,#17,.T.);
#1027=EDGE_CURVE('',#837,#838,#368,.T.);
#1028=EDGE_CURVE('',#838,#798,#725,.T.);
#1029=EDGE_CURVE('',#839,#840,#369,.T.);
#1030=EDGE_CURVE('',#841,#839,#18,.T.);
#1031=EDGE_CURVE('',#841,#842,#370,.T.);
#1032=EDGE_CURVE('',#842,#837,#371,.T.);
#1033=EDGE_CURVE('',#840,#797,#372,.T.);
#1034=EDGE_CURVE('',#835,#839,#373,.T.);
#1035=EDGE_CURVE('',#839,#843,#374,.T.);
#1036=EDGE_CURVE('',#844,#843,#726,.T.);
#1037=EDGE_CURVE('',#844,#845,#375,.T.);
#1038=EDGE_CURVE('',#846,#845,#727,.T.);
#1039=EDGE_CURVE('',#846,#847,#376,.T.);
#1040=EDGE_CURVE('',#847,#848,#728,.T.);
#1041=EDGE_CURVE('',#848,#849,#377,.T.);
#1042=EDGE_CURVE('',#850,#849,#729,.T.);
#1043=EDGE_CURVE('',#851,#850,#378,.T.);
#1044=EDGE_CURVE('',#851,#852,#730,.T.);
#1045=EDGE_CURVE('',#853,#852,#379,.T.);
#1046=EDGE_CURVE('',#853,#854,#731,.T.);
#1047=EDGE_CURVE('',#854,#855,#380,.T.);
#1048=EDGE_CURVE('',#856,#855,#732,.T.);
#1049=EDGE_CURVE('',#856,#857,#381,.T.);
#1050=EDGE_CURVE('',#858,#857,#733,.T.);
#1051=EDGE_CURVE('',#858,#859,#734,.T.);
#1052=EDGE_CURVE('',#836,#859,#735,.T.);
#1053=EDGE_CURVE('',#860,#841,#382,.T.);
#1054=EDGE_CURVE('',#860,#861,#383,.T.);
#1055=EDGE_CURVE('',#862,#861,#736,.T.);
#1056=EDGE_CURVE('',#863,#862,#384,.T.);
#1057=EDGE_CURVE('',#863,#864,#737,.T.);
#1058=EDGE_CURVE('',#865,#864,#385,.T.);
#1059=EDGE_CURVE('',#865,#866,#738,.T.);
#1060=EDGE_CURVE('',#866,#867,#386,.T.);
#1061=EDGE_CURVE('',#868,#867,#739,.T.);
#1062=EDGE_CURVE('',#868,#869,#387,.T.);
#1063=EDGE_CURVE('',#870,#869,#388,.T.);
#1064=EDGE_CURVE('',#870,#871,#389,.T.);
#1065=EDGE_CURVE('',#872,#871,#740,.T.);
#1066=EDGE_CURVE('',#872,#873,#390,.T.);
#1067=EDGE_CURVE('',#874,#873,#741,.T.);
#1068=EDGE_CURVE('',#874,#841,#391,.T.);
#1069=EDGE_CURVE('',#875,#875,#742,.T.);
#1070=EDGE_CURVE('',#876,#876,#743,.T.);
#1071=EDGE_CURVE('',#877,#878,#392,.T.);
#1072=EDGE_CURVE('',#879,#877,#744,.T.);
#1073=EDGE_CURVE('',#880,#879,#393,.T.);
#1074=EDGE_CURVE('',#881,#880,#745,.T.);
#1075=EDGE_CURVE('',#882,#881,#394,.T.);
#1076=EDGE_CURVE('',#883,#882,#746,.T.);
#1077=EDGE_CURVE('',#884,#883,#395,.T.);
#1078=EDGE_CURVE('',#885,#884,#747,.T.);
#1079=EDGE_CURVE('',#886,#885,#396,.T.);
#1080=EDGE_CURVE('',#887,#886,#748,.T.);
#1081=EDGE_CURVE('',#888,#887,#397,.T.);
#1082=EDGE_CURVE('',#889,#888,#749,.T.);
#1083=EDGE_CURVE('',#890,#889,#398,.T.);
#1084=EDGE_CURVE('',#891,#890,#750,.T.);
#1085=EDGE_CURVE('',#892,#891,#399,.T.);
#1086=EDGE_CURVE('',#893,#892,#751,.T.);
#1087=EDGE_CURVE('',#894,#893,#400,.T.);
#1088=EDGE_CURVE('',#895,#894,#752,.T.);
#1089=EDGE_CURVE('',#896,#895,#401,.T.);
#1090=EDGE_CURVE('',#897,#896,#753,.T.);
#1091=EDGE_CURVE('',#898,#897,#402,.T.);
#1092=EDGE_CURVE('',#899,#898,#754,.T.);
#1093=EDGE_CURVE('',#900,#899,#403,.T.);
#1094=EDGE_CURVE('',#901,#900,#755,.T.);
#1095=EDGE_CURVE('',#902,#901,#404,.T.);
#1096=EDGE_CURVE('',#903,#902,#756,.T.);
#1097=EDGE_CURVE('',#904,#903,#405,.T.);
#1098=EDGE_CURVE('',#905,#904,#757,.T.);
#1099=EDGE_CURVE('',#906,#905,#406,.T.);
#1100=EDGE_CURVE('',#907,#906,#758,.T.);
#1101=EDGE_CURVE('',#908,#907,#407,.T.);
#1102=EDGE_CURVE('',#909,#908,#759,.T.);
#1103=EDGE_CURVE('',#910,#909,#408,.T.);
#1104=EDGE_CURVE('',#911,#910,#760,.T.);
#1105=EDGE_CURVE('',#912,#911,#409,.T.);
#1106=EDGE_CURVE('',#878,#912,#761,.T.);
#1107=EDGE_CURVE('',#838,#860,#410,.T.);
#1108=EDGE_CURVE('',#913,#838,#411,.T.);
#1109=EDGE_CURVE('',#861,#913,#412,.T.);
#1110=EDGE_CURVE('',#837,#914,#413,.T.);
#1111=EDGE_CURVE('',#914,#915,#762,.T.);
#1112=EDGE_CURVE('',#915,#916,#414,.T.);
#1113=EDGE_CURVE('',#916,#917,#763,.T.);
#1114=EDGE_CURVE('',#917,#918,#415,.T.);
#1115=EDGE_CURVE('',#919,#918,#416,.T.);
#1116=EDGE_CURVE('',#919,#920,#417,.T.);
#1117=EDGE_CURVE('',#920,#921,#764,.T.);
#1118=EDGE_CURVE('',#921,#922,#418,.T.);
#1119=EDGE_CURVE('',#922,#923,#765,.T.);
#1120=EDGE_CURVE('',#923,#924,#419,.T.);
#1121=EDGE_CURVE('',#924,#925,#766,.T.);
#1122=EDGE_CURVE('',#925,#926,#420,.T.);
#1123=EDGE_CURVE('',#926,#913,#767,.T.);
#1124=EDGE_CURVE('',#927,#928,#421,.T.);
#1125=EDGE_CURVE('',#928,#929,#768,.T.);
#1126=EDGE_CURVE('',#929,#930,#422,.T.);
#1127=EDGE_CURVE('',#930,#931,#769,.T.);
#1128=EDGE_CURVE('',#931,#932,#423,.T.);
#1129=EDGE_CURVE('',#932,#933,#770,.T.);
#1130=EDGE_CURVE('',#933,#934,#424,.T.);
#1131=EDGE_CURVE('',#934,#935,#771,.T.);
#1132=EDGE_CURVE('',#935,#936,#425,.T.);
#1133=EDGE_CURVE('',#936,#937,#772,.T.);
#1134=EDGE_CURVE('',#937,#938,#426,.T.);
#1135=EDGE_CURVE('',#938,#939,#773,.T.);
#1136=EDGE_CURVE('',#939,#940,#427,.T.);
#1137=EDGE_CURVE('',#940,#941,#774,.T.);
#1138=EDGE_CURVE('',#941,#942,#428,.T.);
#1139=EDGE_CURVE('',#942,#943,#775,.T.);
#1140=EDGE_CURVE('',#943,#944,#429,.T.);
#1141=EDGE_CURVE('',#944,#945,#776,.T.);
#1142=EDGE_CURVE('',#945,#946,#430,.T.);
#1143=EDGE_CURVE('',#946,#947,#777,.T.);
#1144=EDGE_CURVE('',#947,#948,#431,.T.);
#1145=EDGE_CURVE('',#948,#949,#778,.T.);
#1146=EDGE_CURVE('',#949,#950,#432,.T.);
#1147=EDGE_CURVE('',#950,#951,#779,.T.);
#1148=EDGE_CURVE('',#951,#952,#433,.T.);
#1149=EDGE_CURVE('',#952,#953,#780,.T.);
#1150=EDGE_CURVE('',#953,#954,#434,.T.);
#1151=EDGE_CURVE('',#954,#955,#781,.T.);
#1152=EDGE_CURVE('',#955,#956,#435,.T.);
#1153=EDGE_CURVE('',#956,#957,#782,.T.);
#1154=EDGE_CURVE('',#957,#958,#436,.T.);
#1155=EDGE_CURVE('',#958,#959,#783,.T.);
#1156=EDGE_CURVE('',#959,#960,#437,.T.);
#1157=EDGE_CURVE('',#960,#961,#784,.T.);
#1158=EDGE_CURVE('',#961,#962,#438,.T.);
#1159=EDGE_CURVE('',#962,#927,#785,.T.);
#1160=EDGE_CURVE('',#963,#963,#786,.T.);
#1161=EDGE_CURVE('',#964,#964,#787,.T.);
#1162=EDGE_CURVE('',#965,#823,#439,.T.);
#1163=EDGE_CURVE('',#966,#830,#440,.T.);
#1164=EDGE_CURVE('',#965,#966,#441,.T.);
#1165=EDGE_CURVE('',#967,#965,#442,.T.);
#1166=EDGE_CURVE('',#967,#870,#19,.T.);
#1167=EDGE_CURVE('',#869,#965,#788,.T.);
#1168=EDGE_CURVE('',#824,#968,#443,.T.);
#1169=EDGE_CURVE('',#918,#824,#20,.T.);
#1170=EDGE_CURVE('',#969,#918,#444,.T.);
#1171=EDGE_CURVE('',#870,#969,#445,.T.);
#1172=EDGE_CURVE('',#968,#967,#446,.T.);
#1173=EDGE_CURVE('',#970,#966,#789,.T.);
#1174=EDGE_CURVE('',#970,#971,#790,.T.);
#1175=EDGE_CURVE('',#972,#971,#791,.T.);
#1176=EDGE_CURVE('',#972,#973,#447,.T.);
#1177=EDGE_CURVE('',#974,#973,#792,.T.);
#1178=EDGE_CURVE('',#974,#967,#448,.T.);
#1179=EDGE_CURVE('',#869,#919,#449,.T.);
#1180=EDGE_CURVE('',#823,#919,#793,.T.);
#1181=EDGE_CURVE('',#875,#964,#450,.T.);
#1182=EDGE_CURVE('',#876,#963,#451,.T.);
#1183=EDGE_CURVE('',#877,#927,#452,.T.);
#1184=EDGE_CURVE('',#879,#962,#453,.T.);
#1185=EDGE_CURVE('',#880,#961,#454,.T.);
#1186=EDGE_CURVE('',#881,#960,#455,.T.);
#1187=EDGE_CURVE('',#882,#959,#456,.T.);
#1188=EDGE_CURVE('',#883,#958,#457,.T.);
#1189=EDGE_CURVE('',#884,#957,#458,.T.);
#1190=EDGE_CURVE('',#885,#956,#459,.T.);
#1191=EDGE_CURVE('',#886,#955,#460,.T.);
#1192=EDGE_CURVE('',#887,#954,#461,.T.);
#1193=EDGE_CURVE('',#888,#953,#462,.T.);
#1194=EDGE_CURVE('',#889,#952,#463,.T.);
#1195=EDGE_CURVE('',#890,#951,#464,.T.);
#1196=EDGE_CURVE('',#891,#950,#465,.T.);
#1197=EDGE_CURVE('',#892,#949,#466,.T.);
#1198=EDGE_CURVE('',#893,#948,#467,.T.);
#1199=EDGE_CURVE('',#894,#947,#468,.T.);
#1200=EDGE_CURVE('',#895,#946,#469,.T.);
#1201=EDGE_CURVE('',#896,#945,#470,.T.);
#1202=EDGE_CURVE('',#897,#944,#471,.T.);
#1203=EDGE_CURVE('',#898,#943,#472,.T.);
#1204=EDGE_CURVE('',#899,#942,#473,.T.);
#1205=EDGE_CURVE('',#900,#941,#474,.T.);
#1206=EDGE_CURVE('',#901,#940,#475,.T.);
#1207=EDGE_CURVE('',#902,#939,#476,.T.);
#1208=EDGE_CURVE('',#903,#938,#477,.T.);
#1209=EDGE_CURVE('',#904,#937,#478,.T.);
#1210=EDGE_CURVE('',#905,#936,#479,.T.);
#1211=EDGE_CURVE('',#906,#935,#480,.T.);
#1212=EDGE_CURVE('',#907,#934,#481,.T.);
#1213=EDGE_CURVE('',#908,#933,#482,.T.);
#1214=EDGE_CURVE('',#909,#932,#483,.T.);
#1215=EDGE_CURVE('',#910,#931,#484,.T.);
#1216=EDGE_CURVE('',#911,#930,#485,.T.);
#1217=EDGE_CURVE('',#912,#929,#486,.T.);
#1218=EDGE_CURVE('',#878,#928,#487,.T.);
#1219=EDGE_CURVE('',#846,#813,#488,.T.);
#1220=EDGE_CURVE('',#847,#812,#489,.T.);
#1221=EDGE_CURVE('',#848,#811,#490,.T.);
#1222=EDGE_CURVE('',#849,#810,#491,.T.);
#1223=EDGE_CURVE('',#850,#809,#492,.T.);
#1224=EDGE_CURVE('',#851,#808,#493,.T.);
#1225=EDGE_CURVE('',#852,#807,#494,.T.);
#1226=EDGE_CURVE('',#853,#806,#495,.T.);
#1227=EDGE_CURVE('',#854,#805,#496,.T.);
#1228=EDGE_CURVE('',#855,#804,#497,.T.);
#1229=EDGE_CURVE('',#856,#803,#498,.T.);
#1230=EDGE_CURVE('',#857,#802,#499,.T.);
#1231=EDGE_CURVE('',#858,#801,#500,.T.);
#1232=EDGE_CURVE('',#859,#800,#501,.T.);
#1233=EDGE_CURVE('',#835,#860,#794,.T.);
#1234=EDGE_CURVE('',#862,#926,#502,.T.);
#1235=EDGE_CURVE('',#863,#925,#503,.T.);
#1236=EDGE_CURVE('',#864,#924,#504,.T.);
#1237=EDGE_CURVE('',#865,#923,#505,.T.);
#1238=EDGE_CURVE('',#866,#922,#506,.T.);
#1239=EDGE_CURVE('',#867,#921,#507,.T.);
#1240=EDGE_CURVE('',#868,#920,#508,.T.);
#1241=EDGE_CURVE('',#970,#829,#509,.T.);
#1242=EDGE_CURVE('',#971,#828,#510,.T.);
#1243=EDGE_CURVE('',#972,#827,#511,.T.);
#1244=EDGE_CURVE('',#973,#826,#512,.T.);
#1245=EDGE_CURVE('',#974,#825,#513,.T.);
#1246=EDGE_CURVE('',#871,#917,#514,.T.);
#1247=EDGE_CURVE('',#872,#916,#515,.T.);
#1248=EDGE_CURVE('',#873,#915,#516,.T.);
#1249=EDGE_CURVE('',#874,#914,#517,.T.);
#1250=EDGE_CURVE('',#843,#816,#518,.T.);
#1251=EDGE_CURVE('',#844,#815,#519,.T.);
#1252=EDGE_CURVE('',#845,#814,#520,.T.);
#1253=ORIENTED_EDGE('',*,*,#975,.T.);
#1254=ORIENTED_EDGE('',*,*,#976,.T.);
#1255=ORIENTED_EDGE('',*,*,#977,.T.);
#1256=ORIENTED_EDGE('',*,*,#976,.F.);
#1257=ORIENTED_EDGE('',*,*,#978,.T.);
#1258=ORIENTED_EDGE('',*,*,#979,.T.);
#1259=ORIENTED_EDGE('',*,*,#980,.T.);
#1260=ORIENTED_EDGE('',*,*,#981,.T.);
#1261=ORIENTED_EDGE('',*,*,#982,.T.);
#1262=ORIENTED_EDGE('',*,*,#983,.T.);
#1263=ORIENTED_EDGE('',*,*,#984,.T.);
#1264=ORIENTED_EDGE('',*,*,#985,.T.);
#1265=ORIENTED_EDGE('',*,*,#986,.T.);
#1266=ORIENTED_EDGE('',*,*,#987,.T.);
#1267=ORIENTED_EDGE('',*,*,#988,.T.);
#1268=ORIENTED_EDGE('',*,*,#989,.T.);
#1269=ORIENTED_EDGE('',*,*,#990,.T.);
#1270=ORIENTED_EDGE('',*,*,#991,.T.);
#1271=ORIENTED_EDGE('',*,*,#992,.T.);
#1272=ORIENTED_EDGE('',*,*,#993,.T.);
#1273=ORIENTED_EDGE('',*,*,#994,.T.);
#1274=ORIENTED_EDGE('',*,*,#995,.T.);
#1275=ORIENTED_EDGE('',*,*,#996,.T.);
#1276=ORIENTED_EDGE('',*,*,#997,.T.);
#1277=ORIENTED_EDGE('',*,*,#998,.F.);
#1278=ORIENTED_EDGE('',*,*,#977,.F.);
#1279=ORIENTED_EDGE('',*,*,#999,.T.);
#1280=ORIENTED_EDGE('',*,*,#1000,.T.);
#1281=ORIENTED_EDGE('',*,*,#975,.F.);
#1282=ORIENTED_EDGE('',*,*,#1000,.F.);
#1283=ORIENTED_EDGE('',*,*,#1001,.T.);
#1284=ORIENTED_EDGE('',*,*,#1002,.T.);
#1285=ORIENTED_EDGE('',*,*,#998,.T.);
#1286=ORIENTED_EDGE('',*,*,#1002,.F.);
#1287=ORIENTED_EDGE('',*,*,#1003,.T.);
#1288=ORIENTED_EDGE('',*,*,#1004,.T.);
#1289=ORIENTED_EDGE('',*,*,#1001,.F.);
#1290=ORIENTED_EDGE('',*,*,#1004,.F.);
#1291=ORIENTED_EDGE('',*,*,#1005,.T.);
#1292=ORIENTED_EDGE('',*,*,#1006,.T.);
#1293=ORIENTED_EDGE('',*,*,#1007,.T.);
#1294=ORIENTED_EDGE('',*,*,#1006,.F.);
#1295=ORIENTED_EDGE('',*,*,#1008,.T.);
#1296=ORIENTED_EDGE('',*,*,#1009,.T.);
#1297=ORIENTED_EDGE('',*,*,#1010,.T.);
#1298=ORIENTED_EDGE('',*,*,#1011,.T.);
#1299=ORIENTED_EDGE('',*,*,#1012,.T.);
#1300=ORIENTED_EDGE('',*,*,#1013,.T.);
#1301=ORIENTED_EDGE('',*,*,#1014,.T.);
#1302=ORIENTED_EDGE('',*,*,#1015,.T.);
#1303=ORIENTED_EDGE('',*,*,#1016,.F.);
#1304=ORIENTED_EDGE('',*,*,#1007,.F.);
#1305=ORIENTED_EDGE('',*,*,#1017,.T.);
#1306=ORIENTED_EDGE('',*,*,#1018,.T.);
#1307=ORIENTED_EDGE('',*,*,#1005,.F.);
#1308=ORIENTED_EDGE('',*,*,#1018,.F.);
#1309=ORIENTED_EDGE('',*,*,#1019,.T.);
#1310=ORIENTED_EDGE('',*,*,#1020,.T.);
#1311=ORIENTED_EDGE('',*,*,#1016,.T.);
#1312=ORIENTED_EDGE('',*,*,#1020,.F.);
#1313=ORIENTED_EDGE('',*,*,#1021,.T.);
#1314=ORIENTED_EDGE('',*,*,#1022,.T.);
#1315=ORIENTED_EDGE('',*,*,#1019,.F.);
#1316=ORIENTED_EDGE('',*,*,#1022,.F.);
#1317=ORIENTED_EDGE('',*,*,#1023,.T.);
#1318=ORIENTED_EDGE('',*,*,#1024,.F.);
#1319=ORIENTED_EDGE('',*,*,#1025,.T.);
#1320=ORIENTED_EDGE('',*,*,#979,.F.);
#1321=ORIENTED_EDGE('',*,*,#978,.F.);
#1322=ORIENTED_EDGE('',*,*,#1026,.T.);
#1323=ORIENTED_EDGE('',*,*,#1027,.T.);
#1324=ORIENTED_EDGE('',*,*,#1028,.T.);
#1325=ORIENTED_EDGE('',*,*,#1029,.F.);
#1326=ORIENTED_EDGE('',*,*,#1030,.F.);
#1327=ORIENTED_EDGE('',*,*,#1031,.T.);
#1328=ORIENTED_EDGE('',*,*,#1032,.T.);
#1329=ORIENTED_EDGE('',*,*,#1026,.F.);
#1330=ORIENTED_EDGE('',*,*,#1033,.F.);
#1331=ORIENTED_EDGE('',*,*,#1034,.T.);
#1332=ORIENTED_EDGE('',*,*,#1035,.T.);
#1333=ORIENTED_EDGE('',*,*,#1036,.F.);
#1334=ORIENTED_EDGE('',*,*,#1037,.T.);
#1335=ORIENTED_EDGE('',*,*,#1038,.F.);
#1336=ORIENTED_EDGE('',*,*,#1039,.T.);
#1337=ORIENTED_EDGE('',*,*,#1040,.T.);
#1338=ORIENTED_EDGE('',*,*,#1041,.T.);
#1339=ORIENTED_EDGE('',*,*,#1042,.F.);
#1340=ORIENTED_EDGE('',*,*,#1043,.F.);
#1341=ORIENTED_EDGE('',*,*,#1044,.T.);
#1342=ORIENTED_EDGE('',*,*,#1045,.F.);
#1343=ORIENTED_EDGE('',*,*,#1046,.T.);
#1344=ORIENTED_EDGE('',*,*,#1047,.T.);
#1345=ORIENTED_EDGE('',*,*,#1048,.F.);
#1346=ORIENTED_EDGE('',*,*,#1049,.T.);
#1347=ORIENTED_EDGE('',*,*,#1050,.F.);
#1348=ORIENTED_EDGE('',*,*,#1051,.T.);
#1349=ORIENTED_EDGE('',*,*,#1052,.F.);
#1350=ORIENTED_EDGE('',*,*,#1024,.T.);
#1351=ORIENTED_EDGE('',*,*,#1003,.F.);
#1352=ORIENTED_EDGE('',*,*,#999,.F.);
#1353=ORIENTED_EDGE('',*,*,#1053,.F.);
#1354=ORIENTED_EDGE('',*,*,#1054,.T.);
#1355=ORIENTED_EDGE('',*,*,#1055,.F.);
#1356=ORIENTED_EDGE('',*,*,#1056,.F.);
#1357=ORIENTED_EDGE('',*,*,#1057,.T.);
#1358=ORIENTED_EDGE('',*,*,#1058,.F.);
#1359=ORIENTED_EDGE('',*,*,#1059,.T.);
#1360=ORIENTED_EDGE('',*,*,#1060,.T.);
#1361=ORIENTED_EDGE('',*,*,#1061,.F.);
#1362=ORIENTED_EDGE('',*,*,#1062,.T.);
#1363=ORIENTED_EDGE('',*,*,#1063,.F.);
#1364=ORIENTED_EDGE('',*,*,#1064,.T.);
#1365=ORIENTED_EDGE('',*,*,#1065,.F.);
#1366=ORIENTED_EDGE('',*,*,#1066,.T.);
#1367=ORIENTED_EDGE('',*,*,#1067,.F.);
#1368=ORIENTED_EDGE('',*,*,#1068,.T.);
#1369=ORIENTED_EDGE('',*,*,#1069,.F.);
#1370=ORIENTED_EDGE('',*,*,#1070,.F.);
#1371=ORIENTED_EDGE('',*,*,#1071,.F.);
#1372=ORIENTED_EDGE('',*,*,#1072,.F.);
#1373=ORIENTED_EDGE('',*,*,#1073,.F.);
#1374=ORIENTED_EDGE('',*,*,#1074,.F.);
#1375=ORIENTED_EDGE('',*,*,#1075,.F.);
#1376=ORIENTED_EDGE('',*,*,#1076,.F.);
#1377=ORIENTED_EDGE('',*,*,#1077,.F.);
#1378=ORIENTED_EDGE('',*,*,#1078,.F.);
#1379=ORIENTED_EDGE('',*,*,#1079,.F.);
#1380=ORIENTED_EDGE('',*,*,#1080,.F.);
#1381=ORIENTED_EDGE('',*,*,#1081,.F.);
#1382=ORIENTED_EDGE('',*,*,#1082,.F.);
#1383=ORIENTED_EDGE('',*,*,#1083,.F.);
#1384=ORIENTED_EDGE('',*,*,#1084,.F.);
#1385=ORIENTED_EDGE('',*,*,#1085,.F.);
#1386=ORIENTED_EDGE('',*,*,#1086,.F.);
#1387=ORIENTED_EDGE('',*,*,#1087,.F.);
#1388=ORIENTED_EDGE('',*,*,#1088,.F.);
#1389=ORIENTED_EDGE('',*,*,#1089,.F.);
#1390=ORIENTED_EDGE('',*,*,#1090,.F.);
#1391=ORIENTED_EDGE('',*,*,#1091,.F.);
#1392=ORIENTED_EDGE('',*,*,#1092,.F.);
#1393=ORIENTED_EDGE('',*,*,#1093,.F.);
#1394=ORIENTED_EDGE('',*,*,#1094,.F.);
#1395=ORIENTED_EDGE('',*,*,#1095,.F.);
#1396=ORIENTED_EDGE('',*,*,#1096,.F.);
#1397=ORIENTED_EDGE('',*,*,#1097,.F.);
#1398=ORIENTED_EDGE('',*,*,#1098,.F.);
#1399=ORIENTED_EDGE('',*,*,#1099,.F.);
#1400=ORIENTED_EDGE('',*,*,#1100,.F.);
#1401=ORIENTED_EDGE('',*,*,#1101,.F.);
#1402=ORIENTED_EDGE('',*,*,#1102,.F.);
#1403=ORIENTED_EDGE('',*,*,#1103,.F.);
#1404=ORIENTED_EDGE('',*,*,#1104,.F.);
#1405=ORIENTED_EDGE('',*,*,#1105,.F.);
#1406=ORIENTED_EDGE('',*,*,#1106,.F.);
#1407=ORIENTED_EDGE('',*,*,#1107,.F.);
#1408=ORIENTED_EDGE('',*,*,#1108,.F.);
#1409=ORIENTED_EDGE('',*,*,#1109,.F.);
#1410=ORIENTED_EDGE('',*,*,#1054,.F.);
#1411=ORIENTED_EDGE('',*,*,#1027,.F.);
#1412=ORIENTED_EDGE('',*,*,#1110,.T.);
#1413=ORIENTED_EDGE('',*,*,#1111,.T.);
#1414=ORIENTED_EDGE('',*,*,#1112,.T.);
#1415=ORIENTED_EDGE('',*,*,#1113,.T.);
#1416=ORIENTED_EDGE('',*,*,#1114,.T.);
#1417=ORIENTED_EDGE('',*,*,#1115,.F.);
#1418=ORIENTED_EDGE('',*,*,#1116,.T.);
#1419=ORIENTED_EDGE('',*,*,#1117,.T.);
#1420=ORIENTED_EDGE('',*,*,#1118,.T.);
#1421=ORIENTED_EDGE('',*,*,#1119,.T.);
#1422=ORIENTED_EDGE('',*,*,#1120,.T.);
#1423=ORIENTED_EDGE('',*,*,#1121,.T.);
#1424=ORIENTED_EDGE('',*,*,#1122,.T.);
#1425=ORIENTED_EDGE('',*,*,#1123,.T.);
#1426=ORIENTED_EDGE('',*,*,#1108,.T.);
#1427=ORIENTED_EDGE('',*,*,#1124,.T.);
#1428=ORIENTED_EDGE('',*,*,#1125,.T.);
#1429=ORIENTED_EDGE('',*,*,#1126,.T.);
#1430=ORIENTED_EDGE('',*,*,#1127,.T.);
#1431=ORIENTED_EDGE('',*,*,#1128,.T.);
#1432=ORIENTED_EDGE('',*,*,#1129,.T.);
#1433=ORIENTED_EDGE('',*,*,#1130,.T.);
#1434=ORIENTED_EDGE('',*,*,#1131,.T.);
#1435=ORIENTED_EDGE('',*,*,#1132,.T.);
#1436=ORIENTED_EDGE('',*,*,#1133,.T.);
#1437=ORIENTED_EDGE('',*,*,#1134,.T.);
#1438=ORIENTED_EDGE('',*,*,#1135,.T.);
#1439=ORIENTED_EDGE('',*,*,#1136,.T.);
#1440=ORIENTED_EDGE('',*,*,#1137,.T.);
#1441=ORIENTED_EDGE('',*,*,#1138,.T.);
#1442=ORIENTED_EDGE('',*,*,#1139,.T.);
#1443=ORIENTED_EDGE('',*,*,#1140,.T.);
#1444=ORIENTED_EDGE('',*,*,#1141,.T.);
#1445=ORIENTED_EDGE('',*,*,#1142,.T.);
#1446=ORIENTED_EDGE('',*,*,#1143,.T.);
#1447=ORIENTED_EDGE('',*,*,#1144,.T.);
#1448=ORIENTED_EDGE('',*,*,#1145,.T.);
#1449=ORIENTED_EDGE('',*,*,#1146,.T.);
#1450=ORIENTED_EDGE('',*,*,#1147,.T.);
#1451=ORIENTED_EDGE('',*,*,#1148,.T.);
#1452=ORIENTED_EDGE('',*,*,#1149,.T.);
#1453=ORIENTED_EDGE('',*,*,#1150,.T.);
#1454=ORIENTED_EDGE('',*,*,#1151,.T.);
#1455=ORIENTED_EDGE('',*,*,#1152,.T.);
#1456=ORIENTED_EDGE('',*,*,#1153,.T.);
#1457=ORIENTED_EDGE('',*,*,#1154,.T.);
#1458=ORIENTED_EDGE('',*,*,#1155,.T.);
#1459=ORIENTED_EDGE('',*,*,#1156,.T.);
#1460=ORIENTED_EDGE('',*,*,#1157,.T.);
#1461=ORIENTED_EDGE('',*,*,#1158,.T.);
#1462=ORIENTED_EDGE('',*,*,#1159,.T.);
#1463=ORIENTED_EDGE('',*,*,#1160,.T.);
#1464=ORIENTED_EDGE('',*,*,#1161,.T.);
#1465=ORIENTED_EDGE('',*,*,#1162,.T.);
#1466=ORIENTED_EDGE('',*,*,#1015,.F.);
#1467=ORIENTED_EDGE('',*,*,#1163,.F.);
#1468=ORIENTED_EDGE('',*,*,#1164,.F.);
#1469=ORIENTED_EDGE('',*,*,#1165,.F.);
#1470=ORIENTED_EDGE('',*,*,#1166,.T.);
#1471=ORIENTED_EDGE('',*,*,#1063,.T.);
#1472=ORIENTED_EDGE('',*,*,#1167,.T.);
#1473=ORIENTED_EDGE('',*,*,#1168,.F.);
#1474=ORIENTED_EDGE('',*,*,#1169,.F.);
#1475=ORIENTED_EDGE('',*,*,#1170,.F.);
#1476=ORIENTED_EDGE('',*,*,#1171,.F.);
#1477=ORIENTED_EDGE('',*,*,#1166,.F.);
#1478=ORIENTED_EDGE('',*,*,#1172,.F.);
#1479=ORIENTED_EDGE('',*,*,#1165,.T.);
#1480=ORIENTED_EDGE('',*,*,#1164,.T.);
#1481=ORIENTED_EDGE('',*,*,#1173,.F.);
#1482=ORIENTED_EDGE('',*,*,#1174,.T.);
#1483=ORIENTED_EDGE('',*,*,#1175,.F.);
#1484=ORIENTED_EDGE('',*,*,#1176,.T.);
#1485=ORIENTED_EDGE('',*,*,#1177,.F.);
#1486=ORIENTED_EDGE('',*,*,#1178,.T.);
#1487=ORIENTED_EDGE('',*,*,#1021,.F.);
#1488=ORIENTED_EDGE('',*,*,#1017,.F.);
#1489=ORIENTED_EDGE('',*,*,#1162,.F.);
#1490=ORIENTED_EDGE('',*,*,#1167,.F.);
#1491=ORIENTED_EDGE('',*,*,#1179,.T.);
#1492=ORIENTED_EDGE('',*,*,#1180,.F.);
#1493=ORIENTED_EDGE('',*,*,#1069,.T.);
#1494=ORIENTED_EDGE('',*,*,#1181,.T.);
#1495=ORIENTED_EDGE('',*,*,#1161,.F.);
#1496=ORIENTED_EDGE('',*,*,#1181,.F.);
#1497=ORIENTED_EDGE('',*,*,#1070,.T.);
#1498=ORIENTED_EDGE('',*,*,#1182,.T.);
#1499=ORIENTED_EDGE('',*,*,#1160,.F.);
#1500=ORIENTED_EDGE('',*,*,#1182,.F.);
#1501=ORIENTED_EDGE('',*,*,#1072,.T.);
#1502=ORIENTED_EDGE('',*,*,#1183,.T.);
#1503=ORIENTED_EDGE('',*,*,#1159,.F.);
#1504=ORIENTED_EDGE('',*,*,#1184,.F.);
#1505=ORIENTED_EDGE('',*,*,#1073,.T.);
#1506=ORIENTED_EDGE('',*,*,#1184,.T.);
#1507=ORIENTED_EDGE('',*,*,#1158,.F.);
#1508=ORIENTED_EDGE('',*,*,#1185,.F.);
#1509=ORIENTED_EDGE('',*,*,#1074,.T.);
#1510=ORIENTED_EDGE('',*,*,#1185,.T.);
#1511=ORIENTED_EDGE('',*,*,#1157,.F.);
#1512=ORIENTED_EDGE('',*,*,#1186,.F.);
#1513=ORIENTED_EDGE('',*,*,#1075,.T.);
#1514=ORIENTED_EDGE('',*,*,#1186,.T.);
#1515=ORIENTED_EDGE('',*,*,#1156,.F.);
#1516=ORIENTED_EDGE('',*,*,#1187,.F.);
#1517=ORIENTED_EDGE('',*,*,#1076,.T.);
#1518=ORIENTED_EDGE('',*,*,#1187,.T.);
#1519=ORIENTED_EDGE('',*,*,#1155,.F.);
#1520=ORIENTED_EDGE('',*,*,#1188,.F.);
#1521=ORIENTED_EDGE('',*,*,#1077,.T.);
#1522=ORIENTED_EDGE('',*,*,#1188,.T.);
#1523=ORIENTED_EDGE('',*,*,#1154,.F.);
#1524=ORIENTED_EDGE('',*,*,#1189,.F.);
#1525=ORIENTED_EDGE('',*,*,#1078,.T.);
#1526=ORIENTED_EDGE('',*,*,#1189,.T.);
#1527=ORIENTED_EDGE('',*,*,#1153,.F.);
#1528=ORIENTED_EDGE('',*,*,#1190,.F.);
#1529=ORIENTED_EDGE('',*,*,#1079,.T.);
#1530=ORIENTED_EDGE('',*,*,#1190,.T.);
#1531=ORIENTED_EDGE('',*,*,#1152,.F.);
#1532=ORIENTED_EDGE('',*,*,#1191,.F.);
#1533=ORIENTED_EDGE('',*,*,#1080,.T.);
#1534=ORIENTED_EDGE('',*,*,#1191,.T.);
#1535=ORIENTED_EDGE('',*,*,#1151,.F.);
#1536=ORIENTED_EDGE('',*,*,#1192,.F.);
#1537=ORIENTED_EDGE('',*,*,#1081,.T.);
#1538=ORIENTED_EDGE('',*,*,#1192,.T.);
#1539=ORIENTED_EDGE('',*,*,#1150,.F.);
#1540=ORIENTED_EDGE('',*,*,#1193,.F.);
#1541=ORIENTED_EDGE('',*,*,#1082,.T.);
#1542=ORIENTED_EDGE('',*,*,#1193,.T.);
#1543=ORIENTED_EDGE('',*,*,#1149,.F.);
#1544=ORIENTED_EDGE('',*,*,#1194,.F.);
#1545=ORIENTED_EDGE('',*,*,#1083,.T.);
#1546=ORIENTED_EDGE('',*,*,#1194,.T.);
#1547=ORIENTED_EDGE('',*,*,#1148,.F.);
#1548=ORIENTED_EDGE('',*,*,#1195,.F.);
#1549=ORIENTED_EDGE('',*,*,#1084,.T.);
#1550=ORIENTED_EDGE('',*,*,#1195,.T.);
#1551=ORIENTED_EDGE('',*,*,#1147,.F.);
#1552=ORIENTED_EDGE('',*,*,#1196,.F.);
#1553=ORIENTED_EDGE('',*,*,#1085,.T.);
#1554=ORIENTED_EDGE('',*,*,#1196,.T.);
#1555=ORIENTED_EDGE('',*,*,#1146,.F.);
#1556=ORIENTED_EDGE('',*,*,#1197,.F.);
#1557=ORIENTED_EDGE('',*,*,#1086,.T.);
#1558=ORIENTED_EDGE('',*,*,#1197,.T.);
#1559=ORIENTED_EDGE('',*,*,#1145,.F.);
#1560=ORIENTED_EDGE('',*,*,#1198,.F.);
#1561=ORIENTED_EDGE('',*,*,#1087,.T.);
#1562=ORIENTED_EDGE('',*,*,#1198,.T.);
#1563=ORIENTED_EDGE('',*,*,#1144,.F.);
#1564=ORIENTED_EDGE('',*,*,#1199,.F.);
#1565=ORIENTED_EDGE('',*,*,#1088,.T.);
#1566=ORIENTED_EDGE('',*,*,#1199,.T.);
#1567=ORIENTED_EDGE('',*,*,#1143,.F.);
#1568=ORIENTED_EDGE('',*,*,#1200,.F.);
#1569=ORIENTED_EDGE('',*,*,#1089,.T.);
#1570=ORIENTED_EDGE('',*,*,#1200,.T.);
#1571=ORIENTED_EDGE('',*,*,#1142,.F.);
#1572=ORIENTED_EDGE('',*,*,#1201,.F.);
#1573=ORIENTED_EDGE('',*,*,#1090,.T.);
#1574=ORIENTED_EDGE('',*,*,#1201,.T.);
#1575=ORIENTED_EDGE('',*,*,#1141,.F.);
#1576=ORIENTED_EDGE('',*,*,#1202,.F.);
#1577=ORIENTED_EDGE('',*,*,#1091,.T.);
#1578=ORIENTED_EDGE('',*,*,#1202,.T.);
#1579=ORIENTED_EDGE('',*,*,#1140,.F.);
#1580=ORIENTED_EDGE('',*,*,#1203,.F.);
#1581=ORIENTED_EDGE('',*,*,#1092,.T.);
#1582=ORIENTED_EDGE('',*,*,#1203,.T.);
#1583=ORIENTED_EDGE('',*,*,#1139,.F.);
#1584=ORIENTED_EDGE('',*,*,#1204,.F.);
#1585=ORIENTED_EDGE('',*,*,#1093,.T.);
#1586=ORIENTED_EDGE('',*,*,#1204,.T.);
#1587=ORIENTED_EDGE('',*,*,#1138,.F.);
#1588=ORIENTED_EDGE('',*,*,#1205,.F.);
#1589=ORIENTED_EDGE('',*,*,#1094,.T.);
#1590=ORIENTED_EDGE('',*,*,#1205,.T.);
#1591=ORIENTED_EDGE('',*,*,#1137,.F.);
#1592=ORIENTED_EDGE('',*,*,#1206,.F.);
#1593=ORIENTED_EDGE('',*,*,#1095,.T.);
#1594=ORIENTED_EDGE('',*,*,#1206,.T.);
#1595=ORIENTED_EDGE('',*,*,#1136,.F.);
#1596=ORIENTED_EDGE('',*,*,#1207,.F.);
#1597=ORIENTED_EDGE('',*,*,#1096,.T.);
#1598=ORIENTED_EDGE('',*,*,#1207,.T.);
#1599=ORIENTED_EDGE('',*,*,#1135,.F.);
#1600=ORIENTED_EDGE('',*,*,#1208,.F.);
#1601=ORIENTED_EDGE('',*,*,#1097,.T.);
#1602=ORIENTED_EDGE('',*,*,#1208,.T.);
#1603=ORIENTED_EDGE('',*,*,#1134,.F.);
#1604=ORIENTED_EDGE('',*,*,#1209,.F.);
#1605=ORIENTED_EDGE('',*,*,#1098,.T.);
#1606=ORIENTED_EDGE('',*,*,#1209,.T.);
#1607=ORIENTED_EDGE('',*,*,#1133,.F.);
#1608=ORIENTED_EDGE('',*,*,#1210,.F.);
#1609=ORIENTED_EDGE('',*,*,#1099,.T.);
#1610=ORIENTED_EDGE('',*,*,#1210,.T.);
#1611=ORIENTED_EDGE('',*,*,#1132,.F.);
#1612=ORIENTED_EDGE('',*,*,#1211,.F.);
#1613=ORIENTED_EDGE('',*,*,#1100,.T.);
#1614=ORIENTED_EDGE('',*,*,#1211,.T.);
#1615=ORIENTED_EDGE('',*,*,#1131,.F.);
#1616=ORIENTED_EDGE('',*,*,#1212,.F.);
#1617=ORIENTED_EDGE('',*,*,#1101,.T.);
#1618=ORIENTED_EDGE('',*,*,#1212,.T.);
#1619=ORIENTED_EDGE('',*,*,#1130,.F.);
#1620=ORIENTED_EDGE('',*,*,#1213,.F.);
#1621=ORIENTED_EDGE('',*,*,#1102,.T.);
#1622=ORIENTED_EDGE('',*,*,#1213,.T.);
#1623=ORIENTED_EDGE('',*,*,#1129,.F.);
#1624=ORIENTED_EDGE('',*,*,#1214,.F.);
#1625=ORIENTED_EDGE('',*,*,#1103,.T.);
#1626=ORIENTED_EDGE('',*,*,#1214,.T.);
#1627=ORIENTED_EDGE('',*,*,#1128,.F.);
#1628=ORIENTED_EDGE('',*,*,#1215,.F.);
#1629=ORIENTED_EDGE('',*,*,#1104,.T.);
#1630=ORIENTED_EDGE('',*,*,#1215,.T.);
#1631=ORIENTED_EDGE('',*,*,#1127,.F.);
#1632=ORIENTED_EDGE('',*,*,#1216,.F.);
#1633=ORIENTED_EDGE('',*,*,#1105,.T.);
#1634=ORIENTED_EDGE('',*,*,#1216,.T.);
#1635=ORIENTED_EDGE('',*,*,#1126,.F.);
#1636=ORIENTED_EDGE('',*,*,#1217,.F.);
#1637=ORIENTED_EDGE('',*,*,#1106,.T.);
#1638=ORIENTED_EDGE('',*,*,#1217,.T.);
#1639=ORIENTED_EDGE('',*,*,#1125,.F.);
#1640=ORIENTED_EDGE('',*,*,#1218,.F.);
#1641=ORIENTED_EDGE('',*,*,#1071,.T.);
#1642=ORIENTED_EDGE('',*,*,#1218,.T.);
#1643=ORIENTED_EDGE('',*,*,#1124,.F.);
#1644=ORIENTED_EDGE('',*,*,#1183,.F.);
#1645=ORIENTED_EDGE('',*,*,#1039,.F.);
#1646=ORIENTED_EDGE('',*,*,#1219,.T.);
#1647=ORIENTED_EDGE('',*,*,#993,.F.);
#1648=ORIENTED_EDGE('',*,*,#1220,.F.);
#1649=ORIENTED_EDGE('',*,*,#1040,.F.);
#1650=ORIENTED_EDGE('',*,*,#1220,.T.);
#1651=ORIENTED_EDGE('',*,*,#992,.F.);
#1652=ORIENTED_EDGE('',*,*,#1221,.F.);
#1653=ORIENTED_EDGE('',*,*,#1041,.F.);
#1654=ORIENTED_EDGE('',*,*,#1221,.T.);
#1655=ORIENTED_EDGE('',*,*,#991,.F.);
#1656=ORIENTED_EDGE('',*,*,#1222,.F.);
#1657=ORIENTED_EDGE('',*,*,#1042,.T.);
#1658=ORIENTED_EDGE('',*,*,#1222,.T.);
#1659=ORIENTED_EDGE('',*,*,#990,.F.);
#1660=ORIENTED_EDGE('',*,*,#1223,.F.);
#1661=ORIENTED_EDGE('',*,*,#1043,.T.);
#1662=ORIENTED_EDGE('',*,*,#1223,.T.);
#1663=ORIENTED_EDGE('',*,*,#989,.F.);
#1664=ORIENTED_EDGE('',*,*,#1224,.F.);
#1665=ORIENTED_EDGE('',*,*,#1044,.F.);
#1666=ORIENTED_EDGE('',*,*,#1224,.T.);
#1667=ORIENTED_EDGE('',*,*,#988,.F.);
#1668=ORIENTED_EDGE('',*,*,#1225,.F.);
#1669=ORIENTED_EDGE('',*,*,#1045,.T.);
#1670=ORIENTED_EDGE('',*,*,#1225,.T.);
#1671=ORIENTED_EDGE('',*,*,#987,.F.);
#1672=ORIENTED_EDGE('',*,*,#1226,.F.);
#1673=ORIENTED_EDGE('',*,*,#1046,.F.);
#1674=ORIENTED_EDGE('',*,*,#1226,.T.);
#1675=ORIENTED_EDGE('',*,*,#986,.F.);
#1676=ORIENTED_EDGE('',*,*,#1227,.F.);
#1677=ORIENTED_EDGE('',*,*,#1047,.F.);
#1678=ORIENTED_EDGE('',*,*,#1227,.T.);
#1679=ORIENTED_EDGE('',*,*,#985,.F.);
#1680=ORIENTED_EDGE('',*,*,#1228,.F.);
#1681=ORIENTED_EDGE('',*,*,#1048,.T.);
#1682=ORIENTED_EDGE('',*,*,#1228,.T.);
#1683=ORIENTED_EDGE('',*,*,#984,.F.);
#1684=ORIENTED_EDGE('',*,*,#1229,.F.);
#1685=ORIENTED_EDGE('',*,*,#1049,.F.);
#1686=ORIENTED_EDGE('',*,*,#1229,.T.);
#1687=ORIENTED_EDGE('',*,*,#983,.F.);
#1688=ORIENTED_EDGE('',*,*,#1230,.F.);
#1689=ORIENTED_EDGE('',*,*,#1050,.T.);
#1690=ORIENTED_EDGE('',*,*,#1230,.T.);
#1691=ORIENTED_EDGE('',*,*,#982,.F.);
#1692=ORIENTED_EDGE('',*,*,#1231,.F.);
#1693=ORIENTED_EDGE('',*,*,#1051,.F.);
#1694=ORIENTED_EDGE('',*,*,#1231,.T.);
#1695=ORIENTED_EDGE('',*,*,#981,.F.);
#1696=ORIENTED_EDGE('',*,*,#1232,.F.);
#1697=ORIENTED_EDGE('',*,*,#1052,.T.);
#1698=ORIENTED_EDGE('',*,*,#1232,.T.);
#1699=ORIENTED_EDGE('',*,*,#980,.F.);
#1700=ORIENTED_EDGE('',*,*,#1025,.F.);
#1701=ORIENTED_EDGE('',*,*,#1023,.F.);
#1702=ORIENTED_EDGE('',*,*,#1028,.F.);
#1703=ORIENTED_EDGE('',*,*,#1107,.T.);
#1704=ORIENTED_EDGE('',*,*,#1233,.F.);
#1705=ORIENTED_EDGE('',*,*,#1055,.T.);
#1706=ORIENTED_EDGE('',*,*,#1109,.T.);
#1707=ORIENTED_EDGE('',*,*,#1123,.F.);
#1708=ORIENTED_EDGE('',*,*,#1234,.F.);
#1709=ORIENTED_EDGE('',*,*,#1056,.T.);
#1710=ORIENTED_EDGE('',*,*,#1234,.T.);
#1711=ORIENTED_EDGE('',*,*,#1122,.F.);
#1712=ORIENTED_EDGE('',*,*,#1235,.F.);
#1713=ORIENTED_EDGE('',*,*,#1057,.F.);
#1714=ORIENTED_EDGE('',*,*,#1235,.T.);
#1715=ORIENTED_EDGE('',*,*,#1121,.F.);
#1716=ORIENTED_EDGE('',*,*,#1236,.F.);
#1717=ORIENTED_EDGE('',*,*,#1058,.T.);
#1718=ORIENTED_EDGE('',*,*,#1236,.T.);
#1719=ORIENTED_EDGE('',*,*,#1120,.F.);
#1720=ORIENTED_EDGE('',*,*,#1237,.F.);
#1721=ORIENTED_EDGE('',*,*,#1059,.F.);
#1722=ORIENTED_EDGE('',*,*,#1237,.T.);
#1723=ORIENTED_EDGE('',*,*,#1119,.F.);
#1724=ORIENTED_EDGE('',*,*,#1238,.F.);
#1725=ORIENTED_EDGE('',*,*,#1060,.F.);
#1726=ORIENTED_EDGE('',*,*,#1238,.T.);
#1727=ORIENTED_EDGE('',*,*,#1118,.F.);
#1728=ORIENTED_EDGE('',*,*,#1239,.F.);
#1729=ORIENTED_EDGE('',*,*,#1061,.T.);
#1730=ORIENTED_EDGE('',*,*,#1239,.T.);
#1731=ORIENTED_EDGE('',*,*,#1117,.F.);
#1732=ORIENTED_EDGE('',*,*,#1240,.F.);
#1733=ORIENTED_EDGE('',*,*,#1179,.F.);
#1734=ORIENTED_EDGE('',*,*,#1062,.F.);
#1735=ORIENTED_EDGE('',*,*,#1240,.T.);
#1736=ORIENTED_EDGE('',*,*,#1116,.F.);
#1737=ORIENTED_EDGE('',*,*,#1173,.T.);
#1738=ORIENTED_EDGE('',*,*,#1163,.T.);
#1739=ORIENTED_EDGE('',*,*,#1014,.F.);
#1740=ORIENTED_EDGE('',*,*,#1241,.F.);
#1741=ORIENTED_EDGE('',*,*,#1174,.F.);
#1742=ORIENTED_EDGE('',*,*,#1241,.T.);
#1743=ORIENTED_EDGE('',*,*,#1013,.F.);
#1744=ORIENTED_EDGE('',*,*,#1242,.F.);
#1745=ORIENTED_EDGE('',*,*,#1175,.T.);
#1746=ORIENTED_EDGE('',*,*,#1242,.T.);
#1747=ORIENTED_EDGE('',*,*,#1012,.F.);
#1748=ORIENTED_EDGE('',*,*,#1243,.F.);
#1749=ORIENTED_EDGE('',*,*,#1176,.F.);
#1750=ORIENTED_EDGE('',*,*,#1243,.T.);
#1751=ORIENTED_EDGE('',*,*,#1011,.F.);
#1752=ORIENTED_EDGE('',*,*,#1244,.F.);
#1753=ORIENTED_EDGE('',*,*,#1177,.T.);
#1754=ORIENTED_EDGE('',*,*,#1244,.T.);
#1755=ORIENTED_EDGE('',*,*,#1010,.F.);
#1756=ORIENTED_EDGE('',*,*,#1245,.F.);
#1757=ORIENTED_EDGE('',*,*,#1168,.T.);
#1758=ORIENTED_EDGE('',*,*,#1172,.T.);
#1759=ORIENTED_EDGE('',*,*,#1178,.F.);
#1760=ORIENTED_EDGE('',*,*,#1245,.T.);
#1761=ORIENTED_EDGE('',*,*,#1009,.F.);
#1762=ORIENTED_EDGE('',*,*,#1064,.F.);
#1763=ORIENTED_EDGE('',*,*,#1171,.T.);
#1764=ORIENTED_EDGE('',*,*,#1170,.T.);
#1765=ORIENTED_EDGE('',*,*,#1114,.F.);
#1766=ORIENTED_EDGE('',*,*,#1246,.F.);
#1767=ORIENTED_EDGE('',*,*,#1065,.T.);
#1768=ORIENTED_EDGE('',*,*,#1246,.T.);
#1769=ORIENTED_EDGE('',*,*,#1113,.F.);
#1770=ORIENTED_EDGE('',*,*,#1247,.F.);
#1771=ORIENTED_EDGE('',*,*,#1066,.F.);
#1772=ORIENTED_EDGE('',*,*,#1247,.T.);
#1773=ORIENTED_EDGE('',*,*,#1112,.F.);
#1774=ORIENTED_EDGE('',*,*,#1248,.F.);
#1775=ORIENTED_EDGE('',*,*,#1067,.T.);
#1776=ORIENTED_EDGE('',*,*,#1248,.T.);
#1777=ORIENTED_EDGE('',*,*,#1111,.F.);
#1778=ORIENTED_EDGE('',*,*,#1249,.F.);
#1779=ORIENTED_EDGE('',*,*,#1068,.F.);
#1780=ORIENTED_EDGE('',*,*,#1249,.T.);
#1781=ORIENTED_EDGE('',*,*,#1110,.F.);
#1782=ORIENTED_EDGE('',*,*,#1032,.F.);
#1783=ORIENTED_EDGE('',*,*,#1031,.F.);
#1784=ORIENTED_EDGE('',*,*,#1029,.T.);
#1785=ORIENTED_EDGE('',*,*,#1033,.T.);
#1786=ORIENTED_EDGE('',*,*,#997,.F.);
#1787=ORIENTED_EDGE('',*,*,#1250,.F.);
#1788=ORIENTED_EDGE('',*,*,#1035,.F.);
#1789=ORIENTED_EDGE('',*,*,#1036,.T.);
#1790=ORIENTED_EDGE('',*,*,#1250,.T.);
#1791=ORIENTED_EDGE('',*,*,#996,.F.);
#1792=ORIENTED_EDGE('',*,*,#1251,.F.);
#1793=ORIENTED_EDGE('',*,*,#1037,.F.);
#1794=ORIENTED_EDGE('',*,*,#1251,.T.);
#1795=ORIENTED_EDGE('',*,*,#995,.F.);
#1796=ORIENTED_EDGE('',*,*,#1252,.F.);
#1797=ORIENTED_EDGE('',*,*,#1038,.T.);
#1798=ORIENTED_EDGE('',*,*,#1252,.T.);
#1799=ORIENTED_EDGE('',*,*,#994,.F.);
#1800=ORIENTED_EDGE('',*,*,#1219,.F.);
#1801=ORIENTED_EDGE('',*,*,#1008,.F.);
#1802=ORIENTED_EDGE('',*,*,#1180,.T.);
#1803=ORIENTED_EDGE('',*,*,#1115,.T.);
#1804=ORIENTED_EDGE('',*,*,#1169,.T.);
#1805=ORIENTED_EDGE('',*,*,#1034,.F.);
#1806=ORIENTED_EDGE('',*,*,#1233,.T.);
#1807=ORIENTED_EDGE('',*,*,#1053,.T.);
#1808=ORIENTED_EDGE('',*,*,#1030,.T.);
#1809=CONICAL_SURFACE('',#1927,1.49999999898,0.785398163397457);
#1810=CONICAL_SURFACE('',#1944,1.49999999898,0.785398163397457);
#1811=CONICAL_SURFACE('',#1948,1.49999999898,0.785398163397457);
#1812=CONICAL_SURFACE('',#1959,1.49999999898,0.785398163397457);
#1813=ADVANCED_FACE('',(#129),#1809,.F.);
#1814=ADVANCED_FACE('',(#130,#69,#70),#83,.T.);
#1815=ADVANCED_FACE('',(#131),#21,.F.);
#1816=ADVANCED_FACE('',(#132),#1810,.F.);
#1817=ADVANCED_FACE('',(#133),#22,.F.);
#1818=ADVANCED_FACE('',(#134),#1811,.F.);
#1819=ADVANCED_FACE('',(#135,#71,#72),#84,.T.);
#1820=ADVANCED_FACE('',(#136),#23,.F.);
#1821=ADVANCED_FACE('',(#137),#1812,.F.);
#1822=ADVANCED_FACE('',(#138),#24,.F.);
#1823=ADVANCED_FACE('',(#139),#85,.T.);
#1824=ADVANCED_FACE('',(#140),#25,.T.);
#1825=ADVANCED_FACE('',(#141),#15,.T.);
#1826=ADVANCED_FACE('',(#142,#73,#74),#86,.F.);
#1827=ADVANCED_FACE('',(#143,#75,#76,#77),#87,.F.);
#1828=ADVANCED_FACE('',(#144),#88,.T.);
#1829=ADVANCED_FACE('',(#145,#78,#79,#80),#89,.T.);
#1830=ADVANCED_FACE('',(#146),#90,.T.);
#1831=ADVANCED_FACE('',(#147),#26,.F.);
#1832=ADVANCED_FACE('',(#148),#16,.T.);
#1833=ADVANCED_FACE('',(#149,#81,#82),#91,.F.);
#1834=ADVANCED_FACE('',(#150),#92,.T.);
#1835=ADVANCED_FACE('',(#151),#27,.F.);
#1836=ADVANCED_FACE('',(#152),#28,.F.);
#1837=ADVANCED_FACE('',(#153),#29,.F.);
#1838=ADVANCED_FACE('',(#154),#93,.T.);
#1839=ADVANCED_FACE('',(#155),#30,.F.);
#1840=ADVANCED_FACE('',(#156),#94,.T.);
#1841=ADVANCED_FACE('',(#157),#31,.F.);
#1842=ADVANCED_FACE('',(#158),#95,.T.);
#1843=ADVANCED_FACE('',(#159),#32,.F.);
#1844=ADVANCED_FACE('',(#160),#96,.T.);
#1845=ADVANCED_FACE('',(#161),#33,.T.);
#1846=ADVANCED_FACE('',(#162),#97,.T.);
#1847=ADVANCED_FACE('',(#163),#34,.T.);
#1848=ADVANCED_FACE('',(#164),#98,.T.);
#1849=ADVANCED_FACE('',(#165),#35,.T.);
#1850=ADVANCED_FACE('',(#166),#99,.T.);
#1851=ADVANCED_FACE('',(#167),#36,.T.);
#1852=ADVANCED_FACE('',(#168),#100,.T.);
#1853=ADVANCED_FACE('',(#169),#37,.F.);
#1854=ADVANCED_FACE('',(#170),#101,.T.);
#1855=ADVANCED_FACE('',(#171),#38,.F.);
#1856=ADVANCED_FACE('',(#172),#102,.T.);
#1857=ADVANCED_FACE('',(#173),#39,.F.);
#1858=ADVANCED_FACE('',(#174),#103,.T.);
#1859=ADVANCED_FACE('',(#175),#40,.F.);
#1860=ADVANCED_FACE('',(#176),#104,.T.);
#1861=ADVANCED_FACE('',(#177),#41,.F.);
#1862=ADVANCED_FACE('',(#178),#105,.T.);
#1863=ADVANCED_FACE('',(#179),#42,.F.);
#1864=ADVANCED_FACE('',(#180),#106,.T.);
#1865=ADVANCED_FACE('',(#181),#43,.T.);
#1866=ADVANCED_FACE('',(#182),#107,.T.);
#1867=ADVANCED_FACE('',(#183),#44,.T.);
#1868=ADVANCED_FACE('',(#184),#108,.T.);
#1869=ADVANCED_FACE('',(#185),#45,.T.);
#1870=ADVANCED_FACE('',(#186),#109,.T.);
#1871=ADVANCED_FACE('',(#187),#46,.T.);
#1872=ADVANCED_FACE('',(#188),#110,.T.);
#1873=ADVANCED_FACE('',(#189),#111,.T.);
#1874=ADVANCED_FACE('',(#190),#47,.F.);
#1875=ADVANCED_FACE('',(#191),#112,.T.);
#1876=ADVANCED_FACE('',(#192),#48,.T.);
#1877=ADVANCED_FACE('',(#193),#113,.T.);
#1878=ADVANCED_FACE('',(#194),#49,.F.);
#1879=ADVANCED_FACE('',(#195),#114,.T.);
#1880=ADVANCED_FACE('',(#196),#50,.F.);
#1881=ADVANCED_FACE('',(#197),#115,.T.);
#1882=ADVANCED_FACE('',(#198),#51,.T.);
#1883=ADVANCED_FACE('',(#199),#116,.T.);
#1884=ADVANCED_FACE('',(#200),#52,.T.);
#1885=ADVANCED_FACE('',(#201),#53,.F.);
#1886=ADVANCED_FACE('',(#202),#54,.T.);
#1887=ADVANCED_FACE('',(#203),#117,.T.);
#1888=ADVANCED_FACE('',(#204),#55,.T.);
#1889=ADVANCED_FACE('',(#205),#118,.T.);
#1890=ADVANCED_FACE('',(#206),#56,.F.);
#1891=ADVANCED_FACE('',(#207),#119,.T.);
#1892=ADVANCED_FACE('',(#208),#57,.F.);
#1893=ADVANCED_FACE('',(#209),#120,.T.);
#1894=ADVANCED_FACE('',(#210),#58,.T.);
#1895=ADVANCED_FACE('',(#211),#121,.T.);
#1896=ADVANCED_FACE('',(#212),#59,.T.);
#1897=ADVANCED_FACE('',(#213),#60,.F.);
#1898=ADVANCED_FACE('',(#214),#61,.T.);
#1899=ADVANCED_FACE('',(#215),#122,.T.);
#1900=ADVANCED_FACE('',(#216),#62,.T.);
#1901=ADVANCED_FACE('',(#217),#123,.T.);
#1902=ADVANCED_FACE('',(#218),#124,.T.);
#1903=ADVANCED_FACE('',(#219),#63,.T.);
#1904=ADVANCED_FACE('',(#220),#125,.T.);
#1905=ADVANCED_FACE('',(#221),#64,.T.);
#1906=ADVANCED_FACE('',(#222),#126,.T.);
#1907=ADVANCED_FACE('',(#223),#127,.T.);
#1908=ADVANCED_FACE('',(#224),#65,.T.);
#1909=ADVANCED_FACE('',(#225),#128,.T.);
#1910=ADVANCED_FACE('',(#226),#66,.T.);
#1911=ADVANCED_FACE('',(#227),#67,.T.);
#1912=ADVANCED_FACE('',(#228),#68,.F.);
#1913=CLOSED_SHELL('',(#1813,#1814,#1815,#1816,#1817,#1818,#1819,#1820,
#1821,#1822,#1823,#1824,#1825,#1826,#1827,#1828,#1829,#1830,#1831,#1832,
#1833,#1834,#1835,#1836,#1837,#1838,#1839,#1840,#1841,#1842,#1843,#1844,
#1845,#1846,#1847,#1848,#1849,#1850,#1851,#1852,#1853,#1854,#1855,#1856,
#1857,#1858,#1859,#1860,#1861,#1862,#1863,#1864,#1865,#1866,#1867,#1868,
#1869,#1870,#1871,#1872,#1873,#1874,#1875,#1876,#1877,#1878,#1879,#1880,
#1881,#1882,#1883,#1884,#1885,#1886,#1887,#1888,#1889,#1890,#1891,#1892,
#1893,#1894,#1895,#1896,#1897,#1898,#1899,#1900,#1901,#1902,#1903,#1904,
#1905,#1906,#1907,#1908,#1909,#1910,#1911,#1912));
#1914=DERIVED_UNIT_ELEMENT(#1916,1.);
#1915=DERIVED_UNIT_ELEMENT(#3309,-3.);
#1916=(
MASS_UNIT()
NAMED_UNIT(*)
SI_UNIT(.KILO.,.GRAM.)
);
#1917=DERIVED_UNIT((#1914,#1915));
#1918=MEASURE_REPRESENTATION_ITEM('density measure',
POSITIVE_RATIO_MEASURE(7850.),#1917);
#1919=PROPERTY_DEFINITION_REPRESENTATION(#1924,#1921);
#1920=PROPERTY_DEFINITION_REPRESENTATION(#1925,#1922);
#1921=REPRESENTATION('material name',(#1923),#3306);
#1922=REPRESENTATION('density',(#1918),#3306);
#1923=DESCRIPTIVE_REPRESENTATION_ITEM('\X2\94A2\X0\','\X2\94A2\X0\');
#1924=PROPERTY_DEFINITION('material property','material name',#3316);
#1925=PROPERTY_DEFINITION('material property','density of part',#3316);
#1926=AXIS2_PLACEMENT_3D('',#2689,#2121,#2122);
#1927=AXIS2_PLACEMENT_3D('',#2690,#2123,#2124);
#1928=AXIS2_PLACEMENT_3D('',#2692,#2125,#2126);
#1929=AXIS2_PLACEMENT_3D('',#2695,#2128,#2129);
#1930=AXIS2_PLACEMENT_3D('',#2696,#2130,#2131);
#1931=AXIS2_PLACEMENT_3D('',#2703,#2134,#2135);
#1932=AXIS2_PLACEMENT_3D('',#2705,#2136,#2137);
#1933=AXIS2_PLACEMENT_3D('',#2707,#2138,#2139);
#1934=AXIS2_PLACEMENT_3D('',#2711,#2141,#2142);
#1935=AXIS2_PLACEMENT_3D('',#2715,#2144,#2145);
#1936=AXIS2_PLACEMENT_3D('',#2719,#2147,#2148);
#1937=AXIS2_PLACEMENT_3D('',#2723,#2150,#2151);
#1938=AXIS2_PLACEMENT_3D('',#2727,#2153,#2154);
#1939=AXIS2_PLACEMENT_3D('',#2731,#2156,#2157);
#1940=AXIS2_PLACEMENT_3D('',#2735,#2159,#2160);
#1941=AXIS2_PLACEMENT_3D('',#2738,#2162,#2163);
#1942=AXIS2_PLACEMENT_3D('',#2739,#2164,#2165);
#1943=AXIS2_PLACEMENT_3D('',#2741,#2166,#2167);
#1944=AXIS2_PLACEMENT_3D('',#2743,#2169,#2170);
#1945=AXIS2_PLACEMENT_3D('',#2745,#2171,#2172);
#1946=AXIS2_PLACEMENT_3D('',#2747,#2174,#2175);
#1947=AXIS2_PLACEMENT_3D('',#2749,#2176,#2177);
#1948=AXIS2_PLACEMENT_3D('',#2751,#2179,#2180);
#1949=AXIS2_PLACEMENT_3D('',#2753,#2181,#2182);
#1950=AXIS2_PLACEMENT_3D('',#2756,#2184,#2185);
#1951=AXIS2_PLACEMENT_3D('',#2757,#2186,#2187);
#1952=AXIS2_PLACEMENT_3D('',#2764,#2190,#2191);
#1953=AXIS2_PLACEMENT_3D('',#2768,#2193,#2194);
#1954=AXIS2_PLACEMENT_3D('',#2770,#2195,#2196);
#1955=AXIS2_PLACEMENT_3D('',#2772,#2197,#2198);
#1956=AXIS2_PLACEMENT_3D('',#2775,#2200,#2201);
#1957=AXIS2_PLACEMENT_3D('',#2776,#2202,#2203);
#1958=AXIS2_PLACEMENT_3D('',#2778,#2204,#2205);
#1959=AXIS2_PLACEMENT_3D('',#2780,#2207,#2208);
#1960=AXIS2_PLACEMENT_3D('',#2782,#2209,#2210);
#1961=AXIS2_PLACEMENT_3D('',#2784,#2212,#2213);
#1962=AXIS2_PLACEMENT_3D('',#2786,#2214,#2215);
#1963=AXIS2_PLACEMENT_3D('',#2788,#2217,#2218);
#1964=AXIS2_PLACEMENT_3D('',#2794,#2222,#2223);
#1965=AXIS2_PLACEMENT_3D('',#2803,#2225,#2226);
#1966=AXIS2_PLACEMENT_3D('',#2838,#2231,#2232);
#1967=AXIS2_PLACEMENT_3D('',#2843,#2235,#2236);
#1968=AXIS2_PLACEMENT_3D('',#2847,#2238,#2239);
#1969=AXIS2_PLACEMENT_3D('',#2851,#2241,#2242);
#1970=AXIS2_PLACEMENT_3D('',#2855,#2244,#2245);
#1971=AXIS2_PLACEMENT_3D('',#2859,#2247,#2248);
#1972=AXIS2_PLACEMENT_3D('',#2863,#2250,#2251);
#1973=AXIS2_PLACEMENT_3D('',#2867,#2253,#2254);
#1974=AXIS2_PLACEMENT_3D('',#2871,#2256,#2257);
#1975=AXIS2_PLACEMENT_3D('',#2873,#2258,#2259);
#1976=AXIS2_PLACEMENT_3D('',#2874,#2260,#2261);
#1977=AXIS2_PLACEMENT_3D('',#2875,#2262,#2263);
#1978=AXIS2_PLACEMENT_3D('',#2881,#2266,#2267);
#1979=AXIS2_PLACEMENT_3D('',#2885,#2269,#2270);
#1980=AXIS2_PLACEMENT_3D('',#2889,#2272,#2273);
#1981=AXIS2_PLACEMENT_3D('',#2893,#2275,#2276);
#1982=AXIS2_PLACEMENT_3D('',#2901,#2280,#2281);
#1983=AXIS2_PLACEMENT_3D('',#2905,#2283,#2284);
#1984=AXIS2_PLACEMENT_3D('',#2908,#2286,#2287);
#1985=AXIS2_PLACEMENT_3D('',#2910,#2288,#2289);
#1986=AXIS2_PLACEMENT_3D('',#2915,#2291,#2292);
#1987=AXIS2_PLACEMENT_3D('',#2919,#2294,#2295);
#1988=AXIS2_PLACEMENT_3D('',#2923,#2297,#2298);
#1989=AXIS2_PLACEMENT_3D('',#2927,#2300,#2301);
#1990=AXIS2_PLACEMENT_3D('',#2931,#2303,#2304);
#1991=AXIS2_PLACEMENT_3D('',#2935,#2306,#2307);
#1992=AXIS2_PLACEMENT_3D('',#2939,#2309,#2310);
#1993=AXIS2_PLACEMENT_3D('',#2943,#2312,#2313);
#1994=AXIS2_PLACEMENT_3D('',#2947,#2315,#2316);
#1995=AXIS2_PLACEMENT_3D('',#2951,#2318,#2319);
#1996=AXIS2_PLACEMENT_3D('',#2955,#2321,#2322);
#1997=AXIS2_PLACEMENT_3D('',#2959,#2324,#2325);
#1998=AXIS2_PLACEMENT_3D('',#2963,#2327,#2328);
#1999=AXIS2_PLACEMENT_3D('',#2967,#2330,#2331);
#2000=AXIS2_PLACEMENT_3D('',#2971,#2333,#2334);
#2001=AXIS2_PLACEMENT_3D('',#2975,#2336,#2337);
#2002=AXIS2_PLACEMENT_3D('',#2979,#2339,#2340);
#2003=AXIS2_PLACEMENT_3D('',#2982,#2342,#2343);
#2004=AXIS2_PLACEMENT_3D('',#2983,#2344,#2345);
#2005=AXIS2_PLACEMENT_3D('',#2988,#2349,#2350);
#2006=AXIS2_PLACEMENT_3D('',#2992,#2352,#2353);
#2007=AXIS2_PLACEMENT_3D('',#2996,#2355,#2356);
#2008=AXIS2_PLACEMENT_3D('',#3004,#2360,#2361);
#2009=AXIS2_PLACEMENT_3D('',#3008,#2363,#2364);
#2010=AXIS2_PLACEMENT_3D('',#3012,#2366,#2367);
#2011=AXIS2_PLACEMENT_3D('',#3015,#2369,#2370);
#2012=AXIS2_PLACEMENT_3D('',#3020,#2372,#2373);
#2013=AXIS2_PLACEMENT_3D('',#3024,#2375,#2376);
#2014=AXIS2_PLACEMENT_3D('',#3028,#2378,#2379);
#2015=AXIS2_PLACEMENT_3D('',#3032,#2381,#2382);
#2016=AXIS2_PLACEMENT_3D('',#3036,#2384,#2385);
#2017=AXIS2_PLACEMENT_3D('',#3040,#2387,#2388);
#2018=AXIS2_PLACEMENT_3D('',#3044,#2390,#2391);
#2019=AXIS2_PLACEMENT_3D('',#3048,#2393,#2394);
#2020=AXIS2_PLACEMENT_3D('',#3052,#2396,#2397);
#2021=AXIS2_PLACEMENT_3D('',#3056,#2399,#2400);
#2022=AXIS2_PLACEMENT_3D('',#3060,#2402,#2403);
#2023=AXIS2_PLACEMENT_3D('',#3064,#2405,#2406);
#2024=AXIS2_PLACEMENT_3D('',#3068,#2408,#2409);
#2025=AXIS2_PLACEMENT_3D('',#3072,#2411,#2412);
#2026=AXIS2_PLACEMENT_3D('',#3076,#2414,#2415);
#2027=AXIS2_PLACEMENT_3D('',#3080,#2417,#2418);
#2028=AXIS2_PLACEMENT_3D('',#3084,#2420,#2421);
#2029=AXIS2_PLACEMENT_3D('',#3087,#2423,#2424);
#2030=AXIS2_PLACEMENT_3D('',#3089,#2425,#2426);
#2031=AXIS2_PLACEMENT_3D('',#3091,#2427,#2428);
#2032=AXIS2_PLACEMENT_3D('',#3092,#2429,#2430);
#2033=AXIS2_PLACEMENT_3D('',#3098,#2434,#2435);
#2034=AXIS2_PLACEMENT_3D('',#3107,#2437,#2438);
#2035=AXIS2_PLACEMENT_3D('',#3139,#2443,#2444);
#2036=AXIS2_PLACEMENT_3D('',#3141,#2445,#2446);
#2037=AXIS2_PLACEMENT_3D('',#3143,#2447,#2448);
#2038=AXIS2_PLACEMENT_3D('',#3145,#2449,#2450);
#2039=AXIS2_PLACEMENT_3D('',#3149,#2452,#2453);
#2040=AXIS2_PLACEMENT_3D('',#3151,#2455,#2456);
#2041=AXIS2_PLACEMENT_3D('',#3153,#2458,#2459);
#2042=AXIS2_PLACEMENT_3D('',#3154,#2460,#2461);
#2043=AXIS2_PLACEMENT_3D('',#3156,#2463,#2464);
#2044=AXIS2_PLACEMENT_3D('',#3158,#2466,#2467);
#2045=AXIS2_PLACEMENT_3D('',#3161,#2470,#2471);
#2046=AXIS2_PLACEMENT_3D('',#3163,#2473,#2474);
#2047=AXIS2_PLACEMENT_3D('',#3165,#2476,#2477);
#2048=AXIS2_PLACEMENT_3D('',#3167,#2479,#2480);
#2049=AXIS2_PLACEMENT_3D('',#3169,#2482,#2483);
#2050=AXIS2_PLACEMENT_3D('',#3171,#2485,#2486);
#2051=AXIS2_PLACEMENT_3D('',#3173,#2488,#2489);
#2052=AXIS2_PLACEMENT_3D('',#3175,#2491,#2492);
#2053=AXIS2_PLACEMENT_3D('',#3177,#2494,#2495);
#2054=AXIS2_PLACEMENT_3D('',#3179,#2497,#2498);
#2055=AXIS2_PLACEMENT_3D('',#3181,#2500,#2501);
#2056=AXIS2_PLACEMENT_3D('',#3183,#2503,#2504);
#2057=AXIS2_PLACEMENT_3D('',#3185,#2506,#2507);
#2058=AXIS2_PLACEMENT_3D('',#3187,#2509,#2510);
#2059=AXIS2_PLACEMENT_3D('',#3189,#2512,#2513);
#2060=AXIS2_PLACEMENT_3D('',#3191,#2515,#2516);
#2061=AXIS2_PLACEMENT_3D('',#3193,#2518,#2519);
#2062=AXIS2_PLACEMENT_3D('',#3195,#2521,#2522);
#2063=AXIS2_PLACEMENT_3D('',#3197,#2524,#2525);
#2064=AXIS2_PLACEMENT_3D('',#3199,#2527,#2528);
#2065=AXIS2_PLACEMENT_3D('',#3201,#2530,#2531);
#2066=AXIS2_PLACEMENT_3D('',#3203,#2533,#2534);
#2067=AXIS2_PLACEMENT_3D('',#3205,#2536,#2537);
#2068=AXIS2_PLACEMENT_3D('',#3207,#2539,#2540);
#2069=AXIS2_PLACEMENT_3D('',#3209,#2542,#2543);
#2070=AXIS2_PLACEMENT_3D('',#3211,#2545,#2546);
#2071=AXIS2_PLACEMENT_3D('',#3213,#2548,#2549);
#2072=AXIS2_PLACEMENT_3D('',#3215,#2551,#2552);
#2073=AXIS2_PLACEMENT_3D('',#3217,#2554,#2555);
#2074=AXIS2_PLACEMENT_3D('',#3219,#2557,#2558);
#2075=AXIS2_PLACEMENT_3D('',#3221,#2560,#2561);
#2076=AXIS2_PLACEMENT_3D('',#3223,#2563,#2564);
#2077=AXIS2_PLACEMENT_3D('',#3225,#2566,#2567);
#2078=AXIS2_PLACEMENT_3D('',#3227,#2569,#2570);
#2079=AXIS2_PLACEMENT_3D('',#3229,#2572,#2573);
#2080=AXIS2_PLACEMENT_3D('',#3230,#2574,#2575);
#2081=AXIS2_PLACEMENT_3D('',#3233,#2578,#2579);
#2082=AXIS2_PLACEMENT_3D('',#3235,#2581,#2582);
#2083=AXIS2_PLACEMENT_3D('',#3237,#2584,#2585);
#2084=AXIS2_PLACEMENT_3D('',#3239,#2587,#2588);
#2085=AXIS2_PLACEMENT_3D('',#3241,#2590,#2591);
#2086=AXIS2_PLACEMENT_3D('',#3243,#2593,#2594);
#2087=AXIS2_PLACEMENT_3D('',#3245,#2596,#2597);
#2088=AXIS2_PLACEMENT_3D('',#3247,#2599,#2600);
#2089=AXIS2_PLACEMENT_3D('',#3249,#2602,#2603);
#2090=AXIS2_PLACEMENT_3D('',#3251,#2605,#2606);
#2091=AXIS2_PLACEMENT_3D('',#3253,#2608,#2609);
#2092=AXIS2_PLACEMENT_3D('',#3255,#2611,#2612);
#2093=AXIS2_PLACEMENT_3D('',#3257,#2614,#2615);
#2094=AXIS2_PLACEMENT_3D('',#3258,#2616,#2617);
#2095=AXIS2_PLACEMENT_3D('',#3259,#2618,#2619);
#2096=AXIS2_PLACEMENT_3D('',#3260,#2620,#2621);
#2097=AXIS2_PLACEMENT_3D('',#3262,#2623,#2624);
#2098=AXIS2_PLACEMENT_3D('',#3264,#2626,#2627);
#2099=AXIS2_PLACEMENT_3D('',#3266,#2629,#2630);
#2100=AXIS2_PLACEMENT_3D('',#3268,#2632,#2633);
#2101=AXIS2_PLACEMENT_3D('',#3270,#2635,#2636);
#2102=AXIS2_PLACEMENT_3D('',#3272,#2638,#2639);
#2103=AXIS2_PLACEMENT_3D('',#3274,#2641,#2642);
#2104=AXIS2_PLACEMENT_3D('',#3275,#2643,#2644);
#2105=AXIS2_PLACEMENT_3D('',#3277,#2646,#2647);
#2106=AXIS2_PLACEMENT_3D('',#3279,#2649,#2650);
#2107=AXIS2_PLACEMENT_3D('',#3281,#2652,#2653);
#2108=AXIS2_PLACEMENT_3D('',#3283,#2655,#2656);
#2109=AXIS2_PLACEMENT_3D('',#3285,#2658,#2659);
#2110=AXIS2_PLACEMENT_3D('',#3286,#2660,#2661);
#2111=AXIS2_PLACEMENT_3D('',#3288,#2663,#2664);
#2112=AXIS2_PLACEMENT_3D('',#3290,#2666,#2667);
#2113=AXIS2_PLACEMENT_3D('',#3292,#2669,#2670);
#2114=AXIS2_PLACEMENT_3D('',#3294,#2672,#2673);
#2115=AXIS2_PLACEMENT_3D('',#3295,#2674,#2675);
#2116=AXIS2_PLACEMENT_3D('',#3297,#2677,#2678);
#2117=AXIS2_PLACEMENT_3D('',#3299,#2680,#2681);
#2118=AXIS2_PLACEMENT_3D('',#3301,#2683,#2684);
#2119=AXIS2_PLACEMENT_3D('',#3302,#2685,#2686);
#2120=AXIS2_PLACEMENT_3D('',#3303,#2687,#2688);
#2121=DIRECTION('axis',(0.,0.,1.));
#2122=DIRECTION('refdir',(1.,0.,0.));
#2123=DIRECTION('center_axis',(0.,1.,5.5511151231258E-15));
#2124=DIRECTION('ref_axis',(1.,0.,0.));
#2125=DIRECTION('center_axis',(0.,-1.,-5.39030285815812E-15));
#2126=DIRECTION('ref_axis',(1.,0.,0.));
#2127=DIRECTION('',(-0.707106781186554,0.707106781186541,4.01182675233297E-15));
#2128=DIRECTION('center_axis',(0.,1.,5.39030285815812E-15));
#2129=DIRECTION('ref_axis',(1.,0.,0.));
#2130=DIRECTION('center_axis',(0.,1.,5.39030285815812E-15));
#2131=DIRECTION('ref_axis',(1.,0.,0.));
#2132=DIRECTION('',(1.,0.,0.));
#2133=DIRECTION('',(-4.32089852656967E-13,5.39030285815812E-15,-1.));
#2134=DIRECTION('center_axis',(0.,1.,5.39030285815812E-15));
#2135=DIRECTION('ref_axis',(0.983035919989095,9.88652374037317E-16,-0.183413140235898));
#2136=DIRECTION('center_axis',(0.,-1.,-5.39030285815812E-15));
#2137=DIRECTION('ref_axis',(-0.7266152092807,-3.70337868780883E-15,0.687044640210492));
#2138=DIRECTION('center_axis',(0.,1.,5.39030285815812E-15));
#2139=DIRECTION('ref_axis',(0.726615209279684,3.70337868781462E-15,-0.687044640211566));
#2140=DIRECTION('',(-1.,-8.75575424754949E-27,1.62435293117117E-12));
#2141=DIRECTION('center_axis',(0.,1.,5.39030285815812E-15));
#2142=DIRECTION('ref_axis',(0.,5.39030285815812E-15,-1.));
#2143=DIRECTION('',(2.32541259103086E-13,-5.39030285815812E-15,1.));
#2144=DIRECTION('center_axis',(0.,-1.,-5.39030285815812E-15));
#2145=DIRECTION('ref_axis',(0.,-5.39030285815812E-15,1.));
#2146=DIRECTION('',(-1.,1.78141420495363E-29,-3.30484993483714E-15));
#2147=DIRECTION('center_axis',(0.,-1.,-5.39030285815812E-15));
#2148=DIRECTION('ref_axis',(-1.,0.,0.));
#2149=DIRECTION('',(0.,5.39030285815812E-15,-1.));
#2150=DIRECTION('center_axis',(0.,1.,5.39030285815812E-15));
#2151=DIRECTION('ref_axis',(1.,0.,0.));
#2152=DIRECTION('',(-1.,-8.06114881943627E-30,1.49549089013354E-15));
#2153=DIRECTION('center_axis',(0.,-1.,-5.39030285815812E-15));
#2154=DIRECTION('ref_axis',(-1.,4.11805958797482E-24,-7.63975549489249E-10));
#2155=DIRECTION('',(7.6895372317966E-10,5.39030285815812E-15,-1.));
#2156=DIRECTION('center_axis',(0.,1.,5.39030285815812E-15));
#2157=DIRECTION('ref_axis',(1.,-4.15731750350378E-24,7.7125861253079E-10));
#2158=DIRECTION('',(-1.,0.,0.));
#2159=DIRECTION('center_axis',(0.,1.,5.39030285815812E-15));
#2160=DIRECTION('ref_axis',(0.,5.39030285815812E-15,-1.));
#2161=DIRECTION('',(-0.771470874213906,-3.42965909959592E-15,0.636264638526794));
#2162=DIRECTION('center_axis',(0.,1.,5.39030285815812E-15));
#2163=DIRECTION('ref_axis',(1.,0.,0.));
#2164=DIRECTION('center_axis',(0.,1.,5.39030285815812E-15));
#2165=DIRECTION('ref_axis',(1.,0.,0.));
#2166=DIRECTION('center_axis',(0.,-1.,-5.39030285815812E-15));
#2167=DIRECTION('ref_axis',(1.,0.,0.));
#2168=DIRECTION('',(0.,1.,5.39030285815812E-15));
#2169=DIRECTION('center_axis',(0.,1.,5.5511151231258E-15));
#2170=DIRECTION('ref_axis',(1.,0.,0.));
#2171=DIRECTION('center_axis',(0.,-1.,-5.39030285815812E-15));
#2172=DIRECTION('ref_axis',(1.,0.,0.));
#2173=DIRECTION('',(-0.707106781186554,0.707106781186541,4.01182675233297E-15));
#2174=DIRECTION('center_axis',(0.,1.,5.39030285815812E-15));
#2175=DIRECTION('ref_axis',(1.,0.,0.));
#2176=DIRECTION('center_axis',(0.,-1.,-5.39030285815812E-15));
#2177=DIRECTION('ref_axis',(1.,0.,0.));
#2178=DIRECTION('',(0.,1.,5.39030285815812E-15));
#2179=DIRECTION('center_axis',(0.,-1.,5.5511151231258E-15));
#2180=DIRECTION('ref_axis',(1.,0.,0.));
#2181=DIRECTION('center_axis',(0.,1.,-5.39030285815812E-15));
#2182=DIRECTION('ref_axis',(1.,0.,0.));
#2183=DIRECTION('',(-0.707106781186554,-0.707106781186541,3.83863554108587E-15));
#2184=DIRECTION('center_axis',(0.,-1.,5.39030285815812E-15));
#2185=DIRECTION('ref_axis',(1.,0.,0.));
#2186=DIRECTION('center_axis',(0.,-1.,5.39030285815812E-15));
#2187=DIRECTION('ref_axis',(1.,0.,0.));
#2188=DIRECTION('',(-1.,0.,0.));
#2189=DIRECTION('',(0.771470874213851,-3.42965909959628E-15,-0.63626463852686));
#2190=DIRECTION('center_axis',(0.,-1.,5.39030285815812E-15));
#2191=DIRECTION('ref_axis',(-0.63626463852554,-4.15846165826653E-15,-0.77147087421494));
#2192=DIRECTION('',(1.,3.41822806887069E-30,6.34143972763472E-16));
#2193=DIRECTION('center_axis',(0.,-1.,5.39030285815812E-15));
#2194=DIRECTION('ref_axis',(0.,-5.39030285815812E-15,-1.));
#2195=DIRECTION('center_axis',(0.,1.,-5.39030285815812E-15));
#2196=DIRECTION('ref_axis',(-0.562492687781365,4.45671458211738E-15,0.826802259426337));
#2197=DIRECTION('center_axis',(0.,-1.,5.39030285815812E-15));
#2198=DIRECTION('ref_axis',(0.616046506773247,-4.24599429216722E-15,-0.787709782529378));
#2199=DIRECTION('',(9.70121716235367E-14,5.39030285815812E-15,1.));
#2200=DIRECTION('center_axis',(0.,-1.,5.39030285815812E-15));
#2201=DIRECTION('ref_axis',(1.,0.,0.));
#2202=DIRECTION('center_axis',(0.,-1.,5.39030285815812E-15));
#2203=DIRECTION('ref_axis',(1.,0.,0.));
#2204=DIRECTION('center_axis',(0.,1.,-5.39030285815812E-15));
#2205=DIRECTION('ref_axis',(1.,0.,0.));
#2206=DIRECTION('',(0.,-1.,5.39030285815812E-15));
#2207=DIRECTION('center_axis',(0.,-1.,5.5511151231258E-15));
#2208=DIRECTION('ref_axis',(1.,0.,0.));
#2209=DIRECTION('center_axis',(0.,1.,-5.39030285815812E-15));
#2210=DIRECTION('ref_axis',(1.,0.,0.));
#2211=DIRECTION('',(-0.707106781186554,-0.707106781186541,3.83863554108587E-15));
#2212=DIRECTION('center_axis',(0.,-1.,5.39030285815812E-15));
#2213=DIRECTION('ref_axis',(1.,0.,0.));
#2214=DIRECTION('center_axis',(0.,1.,-5.39030285815812E-15));
#2215=DIRECTION('ref_axis',(1.,0.,0.));
#2216=DIRECTION('',(0.,-1.,5.39030285815812E-15));
#2217=DIRECTION('center_axis',(1.,2.32909516775797E-27,-4.32089852656967E-13));
#2218=DIRECTION('ref_axis',(-4.32089852656967E-13,5.39030285815812E-15,
-1.));
#2219=DIRECTION('',(0.,-1.,-5.39030285815812E-15));
#2220=DIRECTION('',(4.32089852656967E-13,-5.39030285815812E-15,1.));
#2221=DIRECTION('',(0.,1.,5.39030285815812E-15));
#2222=DIRECTION('center_axis',(-1.,0.,0.));
#2223=DIRECTION('ref_axis',(0.,0.,1.));
#2224=DIRECTION('',(1.,0.,0.));
#2225=DIRECTION('center_axis',(-1.,0.,0.));
#2226=DIRECTION('ref_axis',(0.,0.,1.));
#2227=DIRECTION('',(0.,1.,5.39030285815812E-15));
#2228=DIRECTION('',(0.,0.,1.));
#2229=DIRECTION('',(0.,0.,1.));
#2230=DIRECTION('',(0.,1.,5.39030285815812E-15));
#2231=DIRECTION('center_axis',(0.,1.,5.39030285815812E-15));
#2232=DIRECTION('ref_axis',(1.,0.,0.));
#2233=DIRECTION('',(-1.,0.,0.));
#2234=DIRECTION('',(0.771470874213906,3.42965909959592E-15,-0.636264638526794));
#2235=DIRECTION('center_axis',(0.,1.,5.39030285815812E-15));
#2236=DIRECTION('ref_axis',(0.,5.39030285815812E-15,-1.));
#2237=DIRECTION('',(1.,0.,0.));
#2238=DIRECTION('center_axis',(0.,1.,5.39030285815812E-15));
#2239=DIRECTION('ref_axis',(1.,-4.15731750350378E-24,7.7125861253079E-10));
#2240=DIRECTION('',(-7.6895372317966E-10,-5.39030285815812E-15,1.));
#2241=DIRECTION('center_axis',(0.,1.,5.39030285815812E-15));
#2242=DIRECTION('ref_axis',(-1.,4.11805958797482E-24,-7.63975549489249E-10));
#2243=DIRECTION('',(1.,8.06114881943627E-30,-1.49549089013354E-15));
#2244=DIRECTION('center_axis',(0.,1.,5.39030285815812E-15));
#2245=DIRECTION('ref_axis',(1.,0.,0.));
#2246=DIRECTION('',(0.,5.39030285815812E-15,-1.));
#2247=DIRECTION('center_axis',(0.,1.,5.39030285815812E-15));
#2248=DIRECTION('ref_axis',(-1.,0.,0.));
#2249=DIRECTION('',(-1.,1.78141420495363E-29,-3.30484993483714E-15));
#2250=DIRECTION('center_axis',(0.,1.,5.39030285815812E-15));
#2251=DIRECTION('ref_axis',(0.,-5.39030285815812E-15,1.));
#2252=DIRECTION('',(-2.32541259103086E-13,5.39030285815812E-15,-1.));
#2253=DIRECTION('center_axis',(0.,1.,5.39030285815812E-15));
#2254=DIRECTION('ref_axis',(0.,5.39030285815812E-15,-1.));
#2255=DIRECTION('',(1.,8.75575424754949E-27,-1.62435293117117E-12));
#2256=DIRECTION('center_axis',(0.,1.,5.39030285815812E-15));
#2257=DIRECTION('ref_axis',(0.726615209279684,3.70337868781462E-15,-0.687044640211566));
#2258=DIRECTION('center_axis',(0.,1.,5.39030285815812E-15));
#2259=DIRECTION('ref_axis',(-0.7266152092807,-3.70337868780883E-15,0.687044640210492));
#2260=DIRECTION('center_axis',(0.,1.,5.39030285815812E-15));
#2261=DIRECTION('ref_axis',(0.983035919989095,9.88652374037317E-16,-0.183413140235898));
#2262=DIRECTION('center_axis',(0.,0.,1.));
#2263=DIRECTION('ref_axis',(1.,0.,0.));
#2264=DIRECTION('',(-1.,0.,0.));
#2265=DIRECTION('',(4.32089852656967E-13,-1.,0.));
#2266=DIRECTION('center_axis',(0.,0.,1.));
#2267=DIRECTION('ref_axis',(0.707106781184729,-0.707106781188366,0.));
#2268=DIRECTION('',(0.707106781186836,0.707106781186259,0.));
#2269=DIRECTION('center_axis',(0.,0.,1.));
#2270=DIRECTION('ref_axis',(-0.707106781184724,0.707106781188371,0.));
#2271=DIRECTION('',(-7.79865967921649E-14,1.,0.));
#2272=DIRECTION('center_axis',(0.,0.,1.));
#2273=DIRECTION('ref_axis',(-1.,0.,0.));
#2274=DIRECTION('',(0.707106781187029,-0.707106781186066,0.));
#2275=DIRECTION('center_axis',(0.,0.,1.));
#2276=DIRECTION('ref_axis',(1.,0.,0.));
#2277=DIRECTION('',(-9.70121716235367E-14,-1.,0.));
#2278=DIRECTION('',(1.,0.,0.));
#2279=DIRECTION('',(-0.707106781186545,0.70710678118655,0.));
#2280=DIRECTION('center_axis',(0.,0.,1.));
#2281=DIRECTION('ref_axis',(-1.,0.,0.));
#2282=DIRECTION('',(0.,1.,0.));
#2283=DIRECTION('center_axis',(0.,0.,1.));
#2284=DIRECTION('ref_axis',(-0.707106781186506,0.707106781186589,0.));
#2285=DIRECTION('',(0.707106781186545,0.70710678118655,0.));
#2286=DIRECTION('center_axis',(0.,0.,-1.));
#2287=DIRECTION('ref_axis',(1.,0.,0.));
#2288=DIRECTION('center_axis',(0.,0.,-1.));
#2289=DIRECTION('ref_axis',(1.,0.,0.));
#2290=DIRECTION('',(0.,1.,0.));
#2291=DIRECTION('center_axis',(0.,0.,-1.));
#2292=DIRECTION('ref_axis',(-1.,0.,0.));
#2293=DIRECTION('',(-1.,1.10208526423531E-12,0.));
#2294=DIRECTION('center_axis',(0.,0.,-1.));
#2295=DIRECTION('ref_axis',(0.,-1.,0.));
#2296=DIRECTION('',(0.,-1.,0.));
#2297=DIRECTION('center_axis',(0.,0.,-1.));
#2298=DIRECTION('ref_axis',(1.,0.,0.));
#2299=DIRECTION('',(1.,7.81224997432626E-13,0.));
#2300=DIRECTION('center_axis',(0.,0.,-1.));
#2301=DIRECTION('ref_axis',(0.,1.,0.));
#2302=DIRECTION('',(0.,1.,0.));
#2303=DIRECTION('center_axis',(0.,0.,1.));
#2304=DIRECTION('ref_axis',(0.,-1.,0.));
#2305=DIRECTION('',(1.,0.,0.));
#2306=DIRECTION('center_axis',(0.,0.,1.));
#2307=DIRECTION('ref_axis',(-1.,0.,0.));
#2308=DIRECTION('',(0.,-1.,0.));
#2309=DIRECTION('center_axis',(0.,0.,1.));
#2310=DIRECTION('ref_axis',(0.,1.,0.));
#2311=DIRECTION('',(-1.,0.,0.));
#2312=DIRECTION('center_axis',(0.,0.,1.));
#2313=DIRECTION('ref_axis',(1.,0.,0.));
#2314=DIRECTION('',(7.27664247469973E-13,1.,0.));
#2315=DIRECTION('center_axis',(0.,0.,-1.));
#2316=DIRECTION('ref_axis',(-1.,0.,0.));
#2317=DIRECTION('',(-1.,1.14709389998204E-12,0.));
#2318=DIRECTION('center_axis',(0.,0.,-1.));
#2319=DIRECTION('ref_axis',(0.,-1.,0.));
#2320=DIRECTION('',(1.,3.38353683695226E-13,0.));
#2321=DIRECTION('center_axis',(0.,0.,-1.));
#2322=DIRECTION('ref_axis',(0.,1.,0.));
#2323=DIRECTION('',(0.,1.,0.));
#2324=DIRECTION('center_axis',(0.,0.,-1.));
#2325=DIRECTION('ref_axis',(-1.,0.,0.));
#2326=DIRECTION('',(-1.,0.,0.));
#2327=DIRECTION('center_axis',(0.,0.,-1.));
#2328=DIRECTION('ref_axis',(0.,-1.,0.));
#2329=DIRECTION('',(1.,1.36995785769284E-12,0.));
#2330=DIRECTION('center_axis',(0.,0.,-1.));
#2331=DIRECTION('ref_axis',(0.,1.,0.));
#2332=DIRECTION('',(0.,1.,0.));
#2333=DIRECTION('center_axis',(0.,0.,1.));
#2334=DIRECTION('ref_axis',(0.,-1.,0.));
#2335=DIRECTION('',(1.,-8.88178419700963E-13,0.));
#2336=DIRECTION('center_axis',(0.,0.,1.));
#2337=DIRECTION('ref_axis',(-1.,0.,0.));
#2338=DIRECTION('',(-8.11775974995281E-14,-1.,0.));
#2339=DIRECTION('center_axis',(0.,0.,1.));
#2340=DIRECTION('ref_axis',(0.,1.,0.));
#2341=DIRECTION('',(-1.,0.,0.));
#2342=DIRECTION('center_axis',(0.,0.,1.));
#2343=DIRECTION('ref_axis',(1.,0.,0.));
#2344=DIRECTION('center_axis',(1.,4.32089852656967E-13,0.));
#2345=DIRECTION('ref_axis',(-4.32089852656967E-13,1.,0.));
#2346=DIRECTION('',(0.,0.,-1.));
#2347=DIRECTION('',(-4.32089852656967E-13,1.,0.));
#2348=DIRECTION('',(0.,0.,1.));
#2349=DIRECTION('center_axis',(0.,0.,1.));
#2350=DIRECTION('ref_axis',(1.,0.,0.));
#2351=DIRECTION('',(-0.707106781186545,-0.70710678118655,0.));
#2352=DIRECTION('center_axis',(0.,0.,1.));
#2353=DIRECTION('ref_axis',(-0.707106781186506,0.707106781186589,0.));
#2354=DIRECTION('',(0.,-1.,0.));
#2355=DIRECTION('center_axis',(0.,0.,1.));
#2356=DIRECTION('ref_axis',(-1.,0.,0.));
#2357=DIRECTION('',(0.707106781186545,-0.70710678118655,0.));
#2358=DIRECTION('',(-1.,0.,0.));
#2359=DIRECTION('',(9.70121716235367E-14,1.,0.));
#2360=DIRECTION('center_axis',(0.,0.,1.));
#2361=DIRECTION('ref_axis',(1.,0.,0.));
#2362=DIRECTION('',(-0.707106781187029,0.707106781186066,0.));
#2363=DIRECTION('center_axis',(0.,0.,-1.));
#2364=DIRECTION('ref_axis',(-1.,0.,0.));
#2365=DIRECTION('',(-7.79865967921649E-14,1.,0.));
#2366=DIRECTION('center_axis',(0.,0.,-1.));
#2367=DIRECTION('ref_axis',(-0.707106781184724,0.707106781188371,0.));
#2368=DIRECTION('',(0.707106781186836,0.707106781186259,0.));
#2369=DIRECTION('center_axis',(0.,0.,1.));
#2370=DIRECTION('ref_axis',(0.707106781184729,-0.707106781188366,0.));
#2371=DIRECTION('',(0.,1.,0.));
#2372=DIRECTION('center_axis',(0.,0.,1.));
#2373=DIRECTION('ref_axis',(1.,0.,0.));
#2374=DIRECTION('',(-1.,0.,0.));
#2375=DIRECTION('center_axis',(0.,0.,1.));
#2376=DIRECTION('ref_axis',(0.,1.,0.));
#2377=DIRECTION('',(-8.11775974995281E-14,-1.,0.));
#2378=DIRECTION('center_axis',(0.,0.,1.));
#2379=DIRECTION('ref_axis',(-1.,0.,0.));
#2380=DIRECTION('',(1.,-8.88178419700963E-13,0.));
#2381=DIRECTION('center_axis',(0.,0.,1.));
#2382=DIRECTION('ref_axis',(0.,-1.,0.));
#2383=DIRECTION('',(0.,1.,0.));
#2384=DIRECTION('center_axis',(0.,0.,-1.));
#2385=DIRECTION('ref_axis',(0.,1.,0.));
#2386=DIRECTION('',(1.,1.36995785769284E-12,0.));
#2387=DIRECTION('center_axis',(0.,0.,-1.));
#2388=DIRECTION('ref_axis',(0.,-1.,0.));
#2389=DIRECTION('',(-1.,0.,0.));
#2390=DIRECTION('center_axis',(0.,0.,-1.));
#2391=DIRECTION('ref_axis',(-1.,0.,0.));
#2392=DIRECTION('',(0.,1.,0.));
#2393=DIRECTION('center_axis',(0.,0.,-1.));
#2394=DIRECTION('ref_axis',(0.,1.,0.));
#2395=DIRECTION('',(1.,3.38353683695226E-13,0.));
#2396=DIRECTION('center_axis',(0.,0.,-1.));
#2397=DIRECTION('ref_axis',(0.,-1.,0.));
#2398=DIRECTION('',(-1.,1.14709389998204E-12,0.));
#2399=DIRECTION('center_axis',(0.,0.,-1.));
#2400=DIRECTION('ref_axis',(-1.,0.,0.));
#2401=DIRECTION('',(7.27664247469973E-13,1.,0.));
#2402=DIRECTION('center_axis',(0.,0.,1.));
#2403=DIRECTION('ref_axis',(1.,0.,0.));
#2404=DIRECTION('',(-1.,0.,0.));
#2405=DIRECTION('center_axis',(0.,0.,1.));
#2406=DIRECTION('ref_axis',(0.,1.,0.));
#2407=DIRECTION('',(0.,-1.,0.));
#2408=DIRECTION('center_axis',(0.,0.,1.));
#2409=DIRECTION('ref_axis',(-1.,0.,0.));
#2410=DIRECTION('',(1.,0.,0.));
#2411=DIRECTION('center_axis',(0.,0.,1.));
#2412=DIRECTION('ref_axis',(0.,-1.,0.));
#2413=DIRECTION('',(0.,1.,0.));
#2414=DIRECTION('center_axis',(0.,0.,-1.));
#2415=DIRECTION('ref_axis',(0.,1.,0.));
#2416=DIRECTION('',(1.,7.81224997432626E-13,0.));
#2417=DIRECTION('center_axis',(0.,0.,-1.));
#2418=DIRECTION('ref_axis',(1.,0.,0.));
#2419=DIRECTION('',(0.,-1.,0.));
#2420=DIRECTION('center_axis',(0.,0.,-1.));
#2421=DIRECTION('ref_axis',(0.,-1.,0.));
#2422=DIRECTION('',(-1.,1.10208526423531E-12,0.));
#2423=DIRECTION('center_axis',(0.,0.,-1.));
#2424=DIRECTION('ref_axis',(-1.,0.,0.));
#2425=DIRECTION('center_axis',(0.,0.,-1.));
#2426=DIRECTION('ref_axis',(1.,0.,0.));
#2427=DIRECTION('center_axis',(0.,0.,-1.));
#2428=DIRECTION('ref_axis',(1.,0.,0.));
#2429=DIRECTION('center_axis',(1.,-5.22924985978476E-28,-9.70121716235367E-14));
#2430=DIRECTION('ref_axis',(9.70121716235367E-14,5.39030285815812E-15,1.));
#2431=DIRECTION('',(0.,-1.,5.39030285815812E-15));
#2432=DIRECTION('',(0.,-1.,5.39030285815812E-15));
#2433=DIRECTION('',(-9.70121716235367E-14,-5.39030285815812E-15,-1.));
#2434=DIRECTION('center_axis',(1.,0.,0.));
#2435=DIRECTION('ref_axis',(0.,0.,1.));
#2436=DIRECTION('',(1.,0.,0.));
#2437=DIRECTION('center_axis',(1.,0.,0.));
#2438=DIRECTION('ref_axis',(0.,0.,1.));
#2439=DIRECTION('',(0.,1.,-5.39030285815812E-15));
#2440=DIRECTION('',(0.,0.,1.));
#2441=DIRECTION('',(0.,0.,1.));
#2442=DIRECTION('',(0.,1.,-5.39030285815812E-15));
#2443=DIRECTION('center_axis',(0.,-1.,5.39030285815812E-15));
#2444=DIRECTION('ref_axis',(1.,0.,0.));
#2445=DIRECTION('center_axis',(0.,-1.,5.39030285815812E-15));
#2446=DIRECTION('ref_axis',(0.616046506773247,-4.24599429216722E-15,-0.787709782529378));
#2447=DIRECTION('center_axis',(0.,-1.,5.39030285815812E-15));
#2448=DIRECTION('ref_axis',(-0.562492687781365,4.45671458211738E-15,0.826802259426337));
#2449=DIRECTION('center_axis',(0.,-1.,5.39030285815812E-15));
#2450=DIRECTION('ref_axis',(0.,-5.39030285815812E-15,-1.));
#2451=DIRECTION('',(-1.,-3.41822806887069E-30,-6.34143972763472E-16));
#2452=DIRECTION('center_axis',(0.,-1.,5.39030285815812E-15));
#2453=DIRECTION('ref_axis',(-0.63626463852554,-4.15846165826653E-15,-0.77147087421494));
#2454=DIRECTION('',(-0.771470874213851,3.42965909959628E-15,0.63626463852686));
#2455=DIRECTION('center_axis',(1.,0.,0.));
#2456=DIRECTION('ref_axis',(0.,0.,-1.));
#2457=DIRECTION('',(0.,0.,1.));
#2458=DIRECTION('center_axis',(-1.,0.,0.));
#2459=DIRECTION('ref_axis',(0.,-1.,5.39085424570939E-15));
#2460=DIRECTION('center_axis',(0.,0.,1.));
#2461=DIRECTION('ref_axis',(1.,0.,0.));
#2462=DIRECTION('',(0.,0.,1.));
#2463=DIRECTION('center_axis',(0.,0.,1.));
#2464=DIRECTION('ref_axis',(1.,0.,0.));
#2465=DIRECTION('',(0.,0.,1.));
#2466=DIRECTION('center_axis',(0.,0.,1.));
#2467=DIRECTION('ref_axis',(-1.,0.,0.));
#2468=DIRECTION('',(0.,0.,1.));
#2469=DIRECTION('',(0.,0.,1.));
#2470=DIRECTION('center_axis',(1.10208526423531E-12,1.,0.));
#2471=DIRECTION('ref_axis',(-1.,1.10208526423531E-12,0.));
#2472=DIRECTION('',(0.,0.,1.));
#2473=DIRECTION('center_axis',(0.,0.,1.));
#2474=DIRECTION('ref_axis',(0.,-1.,0.));
#2475=DIRECTION('',(0.,0.,1.));
#2476=DIRECTION('center_axis',(-1.,0.,0.));
#2477=DIRECTION('ref_axis',(0.,-1.,0.));
#2478=DIRECTION('',(0.,0.,1.));
#2479=DIRECTION('center_axis',(0.,0.,1.));
#2480=DIRECTION('ref_axis',(1.,0.,0.));
#2481=DIRECTION('',(0.,0.,1.));
#2482=DIRECTION('center_axis',(7.81224997432626E-13,-1.,0.));
#2483=DIRECTION('ref_axis',(1.,7.81224997432626E-13,0.));
#2484=DIRECTION('',(0.,0.,1.));
#2485=DIRECTION('center_axis',(0.,0.,1.));
#2486=DIRECTION('ref_axis',(0.,1.,0.));
#2487=DIRECTION('',(0.,0.,1.));
#2488=DIRECTION('center_axis',(1.,0.,0.));
#2489=DIRECTION('ref_axis',(0.,1.,0.));
#2490=DIRECTION('',(0.,0.,1.));
#2491=DIRECTION('center_axis',(0.,0.,1.));
#2492=DIRECTION('ref_axis',(0.,-1.,0.));
#2493=DIRECTION('',(0.,0.,1.));
#2494=DIRECTION('center_axis',(0.,-1.,0.));
#2495=DIRECTION('ref_axis',(1.,0.,0.));
#2496=DIRECTION('',(0.,0.,1.));
#2497=DIRECTION('center_axis',(0.,0.,1.));
#2498=DIRECTION('ref_axis',(-1.,0.,0.));
#2499=DIRECTION('',(0.,0.,1.));
#2500=DIRECTION('center_axis',(-1.,0.,0.));
#2501=DIRECTION('ref_axis',(0.,-1.,0.));
#2502=DIRECTION('',(0.,0.,1.));
#2503=DIRECTION('center_axis',(0.,0.,1.));
#2504=DIRECTION('ref_axis',(0.,1.,0.));
#2505=DIRECTION('',(0.,0.,1.));
#2506=DIRECTION('center_axis',(0.,1.,0.));
#2507=DIRECTION('ref_axis',(-1.,0.,0.));
#2508=DIRECTION('',(0.,0.,1.));
#2509=DIRECTION('center_axis',(0.,0.,1.));
#2510=DIRECTION('ref_axis',(1.,0.,0.));
#2511=DIRECTION('',(0.,0.,1.));
#2512=DIRECTION('center_axis',(1.,-7.27664247469973E-13,0.));
#2513=DIRECTION('ref_axis',(7.27664247469973E-13,1.,0.));
#2514=DIRECTION('',(0.,0.,1.));
#2515=DIRECTION('center_axis',(0.,0.,1.));
#2516=DIRECTION('ref_axis',(-1.,0.,0.));
#2517=DIRECTION('',(0.,0.,1.));
#2518=DIRECTION('center_axis',(1.14709389998204E-12,1.,0.));
#2519=DIRECTION('ref_axis',(-1.,1.14709389998204E-12,0.));
#2520=DIRECTION('',(0.,0.,1.));
#2521=DIRECTION('center_axis',(0.,0.,1.));
#2522=DIRECTION('ref_axis',(0.,-1.,0.));
#2523=DIRECTION('',(0.,0.,1.));
#2524=DIRECTION('center_axis',(3.38353683695226E-13,-1.,0.));
#2525=DIRECTION('ref_axis',(1.,3.38353683695226E-13,0.));
#2526=DIRECTION('',(0.,0.,1.));
#2527=DIRECTION('center_axis',(0.,0.,1.));
#2528=DIRECTION('ref_axis',(0.,1.,0.));
#2529=DIRECTION('',(0.,0.,1.));
#2530=DIRECTION('center_axis',(1.,0.,0.));
#2531=DIRECTION('ref_axis',(0.,1.,0.));
#2532=DIRECTION('',(0.,0.,1.));
#2533=DIRECTION('center_axis',(0.,0.,1.));
#2534=DIRECTION('ref_axis',(-1.,0.,0.));
#2535=DIRECTION('',(0.,0.,1.));
#2536=DIRECTION('center_axis',(0.,1.,0.));
#2537=DIRECTION('ref_axis',(-1.,0.,0.));
#2538=DIRECTION('',(0.,0.,1.));
#2539=DIRECTION('center_axis',(0.,0.,1.));
#2540=DIRECTION('ref_axis',(0.,-1.,0.));
#2541=DIRECTION('',(0.,0.,1.));
#2542=DIRECTION('center_axis',(1.36995785769284E-12,-1.,0.));
#2543=DIRECTION('ref_axis',(1.,1.36995785769284E-12,0.));
#2544=DIRECTION('',(0.,0.,1.));
#2545=DIRECTION('center_axis',(0.,0.,1.));
#2546=DIRECTION('ref_axis',(0.,1.,0.));
#2547=DIRECTION('',(0.,0.,1.));
#2548=DIRECTION('center_axis',(1.,0.,0.));
#2549=DIRECTION('ref_axis',(0.,1.,0.));
#2550=DIRECTION('',(0.,0.,1.));
#2551=DIRECTION('center_axis',(0.,0.,1.));
#2552=DIRECTION('ref_axis',(0.,-1.,0.));
#2553=DIRECTION('',(0.,0.,1.));
#2554=DIRECTION('center_axis',(-8.88178419700963E-13,-1.,0.));
#2555=DIRECTION('ref_axis',(1.,-8.88178419700963E-13,0.));
#2556=DIRECTION('',(0.,0.,1.));
#2557=DIRECTION('center_axis',(0.,0.,1.));
#2558=DIRECTION('ref_axis',(-1.,0.,0.));
#2559=DIRECTION('',(0.,0.,1.));
#2560=DIRECTION('center_axis',(-1.,8.11775974995281E-14,0.));
#2561=DIRECTION('ref_axis',(-8.11775974995281E-14,-1.,0.));
#2562=DIRECTION('',(0.,0.,1.));
#2563=DIRECTION('center_axis',(0.,0.,1.));
#2564=DIRECTION('ref_axis',(0.,1.,0.));
#2565=DIRECTION('',(0.,0.,1.));
#2566=DIRECTION('center_axis',(0.,1.,0.));
#2567=DIRECTION('ref_axis',(-1.,0.,0.));
#2568=DIRECTION('',(0.,0.,1.));
#2569=DIRECTION('center_axis',(0.,0.,1.));
#2570=DIRECTION('ref_axis',(1.,0.,0.));
#2571=DIRECTION('',(0.,0.,1.));
#2572=DIRECTION('center_axis',(1.,0.,0.));
#2573=DIRECTION('ref_axis',(0.,1.,0.));
#2574=DIRECTION('center_axis',(1.,-4.14489345184665E-24,7.6895372317966E-10));
#2575=DIRECTION('ref_axis',(7.6895372317966E-10,5.39030285815812E-15,-1.));
#2576=DIRECTION('',(0.,1.,5.39030285815812E-15));
#2577=DIRECTION('',(0.,1.,5.39030285815812E-15));
#2578=DIRECTION('center_axis',(0.,1.,5.39030285815812E-15));
#2579=DIRECTION('ref_axis',(-1.,4.11805958797482E-24,-7.63975549489249E-10));
#2580=DIRECTION('',(0.,1.,5.39030285815812E-15));
#2581=DIRECTION('center_axis',(-1.49549089013354E-15,5.39030285815812E-15,
-1.));
#2582=DIRECTION('ref_axis',(-1.,-8.06114881943627E-30,1.49549089013354E-15));
#2583=DIRECTION('',(0.,1.,5.39030285815812E-15));
#2584=DIRECTION('center_axis',(0.,1.,5.39030285815812E-15));
#2585=DIRECTION('ref_axis',(1.,0.,0.));
#2586=DIRECTION('',(0.,1.,5.39030285815812E-15));
#2587=DIRECTION('center_axis',(1.,0.,0.));
#2588=DIRECTION('ref_axis',(0.,5.39030285815812E-15,-1.));
#2589=DIRECTION('',(0.,1.,5.39030285815812E-15));
#2590=DIRECTION('center_axis',(0.,1.,5.39030285815812E-15));
#2591=DIRECTION('ref_axis',(-1.,0.,0.));
#2592=DIRECTION('',(0.,1.,5.39030285815812E-15));
#2593=DIRECTION('center_axis',(3.30484993483714E-15,5.39030285815812E-15,
-1.));
#2594=DIRECTION('ref_axis',(-1.,1.78141420495363E-29,-3.30484993483714E-15));
#2595=DIRECTION('',(0.,1.,5.39030285815812E-15));
#2596=DIRECTION('center_axis',(0.,1.,5.39030285815812E-15));
#2597=DIRECTION('ref_axis',(0.,-5.39030285815812E-15,1.));
#2598=DIRECTION('',(0.,1.,5.39030285815812E-15));
#2599=DIRECTION('center_axis',(-1.,-1.25346781358305E-27,2.32541259103086E-13));
#2600=DIRECTION('ref_axis',(2.32541259103086E-13,-5.39030285815812E-15,
1.));
#2601=DIRECTION('',(0.,1.,5.39030285815812E-15));
#2602=DIRECTION('center_axis',(0.,1.,5.39030285815812E-15));
#2603=DIRECTION('ref_axis',(0.,5.39030285815812E-15,-1.));
#2604=DIRECTION('',(0.,1.,5.39030285815812E-15));
#2605=DIRECTION('center_axis',(-1.62435293117117E-12,5.39030285815812E-15,
-1.));
#2606=DIRECTION('ref_axis',(-1.,-8.75575424754949E-27,1.62435293117117E-12));
#2607=DIRECTION('',(0.,1.,5.39030285815812E-15));
#2608=DIRECTION('center_axis',(0.,1.,5.39030285815812E-15));
#2609=DIRECTION('ref_axis',(0.726615209279684,3.70337868781462E-15,-0.687044640211566));
#2610=DIRECTION('',(0.,1.,5.39030285815812E-15));
#2611=DIRECTION('center_axis',(0.,1.,5.39030285815812E-15));
#2612=DIRECTION('ref_axis',(-0.7266152092807,-3.70337868780883E-15,0.687044640210492));
#2613=DIRECTION('',(0.,1.,5.39030285815812E-15));
#2614=DIRECTION('center_axis',(0.,1.,5.39030285815812E-15));
#2615=DIRECTION('ref_axis',(0.983035919989095,9.88652374037317E-16,-0.183413140235898));
#2616=DIRECTION('center_axis',(1.,0.,0.));
#2617=DIRECTION('ref_axis',(0.,0.,-1.));
#2618=DIRECTION('center_axis',(1.,0.,0.));
#2619=DIRECTION('ref_axis',(0.,1.,5.42101086243053E-15));
#2620=DIRECTION('center_axis',(0.,0.,1.));
#2621=DIRECTION('ref_axis',(0.707106781184729,-0.707106781188366,0.));
#2622=DIRECTION('',(0.,0.,1.));
#2623=DIRECTION('center_axis',(0.707106781186259,-0.707106781186836,0.));
#2624=DIRECTION('ref_axis',(0.707106781186836,0.707106781186259,0.));
#2625=DIRECTION('',(0.,0.,1.));
#2626=DIRECTION('center_axis',(0.,0.,1.));
#2627=DIRECTION('ref_axis',(-0.707106781184724,0.707106781188371,0.));
#2628=DIRECTION('',(0.,0.,1.));
#2629=DIRECTION('center_axis',(1.,7.79865967921649E-14,0.));
#2630=DIRECTION('ref_axis',(-7.79865967921649E-14,1.,0.));
#2631=DIRECTION('',(0.,0.,1.));
#2632=DIRECTION('center_axis',(0.,0.,1.));
#2633=DIRECTION('ref_axis',(-1.,0.,0.));
#2634=DIRECTION('',(0.,0.,1.));
#2635=DIRECTION('center_axis',(0.707106781186066,0.707106781187029,0.));
#2636=DIRECTION('ref_axis',(-0.707106781187029,0.707106781186066,0.));
#2637=DIRECTION('',(0.,0.,1.));
#2638=DIRECTION('center_axis',(0.,0.,1.));
#2639=DIRECTION('ref_axis',(1.,0.,0.));
#2640=DIRECTION('',(0.,0.,1.));
#2641=DIRECTION('center_axis',(1.,-9.70121716235367E-14,0.));
#2642=DIRECTION('ref_axis',(9.70121716235367E-14,1.,0.));
#2643=DIRECTION('center_axis',(0.,-1.,5.39030285815812E-15));
#2644=DIRECTION('ref_axis',(0.616046506773247,-4.24599429216722E-15,-0.787709782529378));
#2645=DIRECTION('',(0.,-1.,5.39030285815812E-15));
#2646=DIRECTION('center_axis',(0.,-1.,5.39030285815812E-15));
#2647=DIRECTION('ref_axis',(-0.562492687781365,4.45671458211738E-15,0.826802259426337));
#2648=DIRECTION('',(0.,-1.,5.39030285815812E-15));
#2649=DIRECTION('center_axis',(0.,-1.,5.39030285815812E-15));
#2650=DIRECTION('ref_axis',(0.,-5.39030285815812E-15,-1.));
#2651=DIRECTION('',(0.,-1.,5.39030285815812E-15));
#2652=DIRECTION('center_axis',(6.34143972763472E-16,-5.39030285815812E-15,
-1.));
#2653=DIRECTION('ref_axis',(1.,3.41822806887069E-30,6.34143972763472E-16));
#2654=DIRECTION('',(0.,-1.,5.39030285815812E-15));
#2655=DIRECTION('center_axis',(0.,-1.,5.39030285815812E-15));
#2656=DIRECTION('ref_axis',(-0.63626463852554,-4.15846165826653E-15,-0.77147087421494));
#2657=DIRECTION('',(0.,-1.,5.39030285815812E-15));
#2658=DIRECTION('center_axis',(-0.63626463852686,-4.15846165826067E-15,
-0.771470874213851));
#2659=DIRECTION('ref_axis',(0.771470874213851,-3.42965909959628E-15,-0.63626463852686));
#2660=DIRECTION('center_axis',(-0.70710678118655,-0.707106781186545,0.));
#2661=DIRECTION('ref_axis',(0.707106781186545,-0.70710678118655,0.));
#2662=DIRECTION('',(0.,0.,1.));
#2663=DIRECTION('center_axis',(0.,0.,1.));
#2664=DIRECTION('ref_axis',(-1.,0.,0.));
#2665=DIRECTION('',(0.,0.,1.));
#2666=DIRECTION('center_axis',(-1.,0.,0.));
#2667=DIRECTION('ref_axis',(0.,-1.,0.));
#2668=DIRECTION('',(0.,0.,1.));
#2669=DIRECTION('center_axis',(0.,0.,1.));
#2670=DIRECTION('ref_axis',(-0.707106781186506,0.707106781186589,0.));
#2671=DIRECTION('',(0.,0.,1.));
#2672=DIRECTION('center_axis',(-0.70710678118655,0.707106781186545,0.));
#2673=DIRECTION('ref_axis',(-0.707106781186545,-0.70710678118655,0.));
#2674=DIRECTION('center_axis',(-0.636264638526794,4.15846165826096E-15,
-0.771470874213906));
#2675=DIRECTION('ref_axis',(-0.771470874213906,-3.42965909959592E-15,0.636264638526794));
#2676=DIRECTION('',(0.,1.,5.39030285815812E-15));
#2677=DIRECTION('center_axis',(0.,1.,5.39030285815812E-15));
#2678=DIRECTION('ref_axis',(0.,5.39030285815812E-15,-1.));
#2679=DIRECTION('',(0.,1.,5.39030285815812E-15));
#2680=DIRECTION('center_axis',(0.,5.39030285815812E-15,-1.));
#2681=DIRECTION('ref_axis',(-1.,0.,0.));
#2682=DIRECTION('',(0.,1.,5.39030285815812E-15));
#2683=DIRECTION('center_axis',(0.,1.,5.39030285815812E-15));
#2684=DIRECTION('ref_axis',(1.,-4.15731750350378E-24,7.7125861253079E-10));
#2685=DIRECTION('center_axis',(1.,0.,0.));
#2686=DIRECTION('ref_axis',(0.,0.,1.));
#2687=DIRECTION('center_axis',(-1.,0.,0.));
#2688=DIRECTION('ref_axis',(0.,0.,1.));
#2689=CARTESIAN_POINT('',(0.,0.,0.));
#2690=CARTESIAN_POINT('Origin',(210.756373545948,125.767366981113,-3.7575664610466));
#2691=CARTESIAN_POINT('',(209.756373546968,125.267366981113,-3.7575664610466));
#2692=CARTESIAN_POINT('Origin',(210.756373545948,125.267366981113,-3.7575664610466));
#2693=CARTESIAN_POINT('',(208.756373546968,126.267366981113,-3.7575664610466));
#2694=CARTESIAN_POINT('',(209.256373546968,125.767366981113,-3.7575664610466));
#2695=CARTESIAN_POINT('Origin',(210.756373545948,126.267366981113,-3.7575664610466));
#2696=CARTESIAN_POINT('Origin',(215.408288223884,126.267366981113,17.2924335389526));
#2697=CARTESIAN_POINT('',(197.489363889864,126.267366981113,-0.00999999999999446));
#2698=CARTESIAN_POINT('',(238.103288223883,126.267366981113,-0.00999999999999446));
#2699=CARTESIAN_POINT('',(107.704144111942,126.267366981113,-0.0100000000000122));
#2700=CARTESIAN_POINT('',(238.103288223884,126.267366981113,-3.71833792419924));
#2701=CARTESIAN_POINT('',(238.103288223883,126.267366981113,1.04243353895258));
#2702=CARTESIAN_POINT('',(237.350112577695,126.267366981113,-4.9585413133372));
#2703=CARTESIAN_POINT('Origin',(236.085794836879,126.267366981113,-3.34191750049822));
#2704=CARTESIAN_POINT('',(235.553856208681,126.267366981113,-6.48813342136284));
#2705=CARTESIAN_POINT('Origin',(243.506373544926,126.267366981113,-14.007566461385));
#2706=CARTESIAN_POINT('',(234.463933394763,126.267366981113,-6.95756646104696));
#2707=CARTESIAN_POINT('Origin',(234.463933394763,126.267366981113,-5.45756646104731));
#2708=CARTESIAN_POINT('',(232.856373545048,126.267366981113,-6.95756646104435));
#2709=CARTESIAN_POINT('',(232.856373545048,126.267366981113,-6.95756646104435));
#2710=CARTESIAN_POINT('',(232.556373545048,126.267366981113,-6.65756646104439));
#2711=CARTESIAN_POINT('Origin',(232.856373545048,126.267366981113,-6.65756646104439));
#2712=CARTESIAN_POINT('',(232.556373545049,126.267366981113,-3.9075664625469));
#2713=CARTESIAN_POINT('',(232.556373545049,126.267366981113,-3.9075664625469));
#2714=CARTESIAN_POINT('',(232.056373545049,126.267366981113,-3.4075664625469));
#2715=CARTESIAN_POINT('Origin',(232.056373545049,126.267366981113,-3.9075664625469));
#2716=CARTESIAN_POINT('',(226.681373546788,126.267366981113,-3.4075664625469));
#2717=CARTESIAN_POINT('',(232.056373545049,126.267366981113,-3.4075664625469));
#2718=CARTESIAN_POINT('',(226.181373546788,126.267366981113,-3.9075664625469));
#2719=CARTESIAN_POINT('Origin',(226.681373546788,126.267366981113,-3.9075664625469));
#2720=CARTESIAN_POINT('',(226.181373546788,126.267366981113,-4.26527976692693));
#2721=CARTESIAN_POINT('',(226.181373546788,126.267366981113,-3.9075664625469));
#2722=CARTESIAN_POINT('',(225.681373546788,126.267366981113,-4.76527976692694));
#2723=CARTESIAN_POINT('Origin',(225.681373546788,126.267366981113,-4.26527976692693));
#2724=CARTESIAN_POINT('',(213.803288222967,126.267366981113,-4.76527976692692));
#2725=CARTESIAN_POINT('',(213.803288222967,126.267366981113,-4.76527976692692));
#2726=CARTESIAN_POINT('',(213.303288222967,126.267366981113,-5.26527976730891));
#2727=CARTESIAN_POINT('Origin',(213.803288222967,126.267366981113,-5.26527976692693));
#2728=CARTESIAN_POINT('',(213.303288223884,126.267366981113,-6.45756646066179));
#2729=CARTESIAN_POINT('',(213.303288223884,126.267366981113,-6.45756646066179));
#2730=CARTESIAN_POINT('',(212.803288223884,126.267366981113,-6.95756646104742));
#2731=CARTESIAN_POINT('Origin',(212.803288223884,126.267366981113,-6.45756646104742));
#2732=CARTESIAN_POINT('',(206.452047834151,126.267366981113,-6.95756646104703));
#2733=CARTESIAN_POINT('',(206.452047834151,126.267366981113,-6.95756646104742));
#2734=CARTESIAN_POINT('',(205.497650876361,126.267366981113,-6.61477277236781));
#2735=CARTESIAN_POINT('Origin',(206.452047834151,126.267366981113,-5.45756646104731));
#2736=CARTESIAN_POINT('',(196.213288223884,126.267366981113,1.04243353895258));
#2737=CARTESIAN_POINT('',(233.206373547049,126.267366981113,-3.7575664610466));
#2738=CARTESIAN_POINT('Origin',(235.206373546029,126.267366981113,-3.7575664610466));
#2739=CARTESIAN_POINT('Origin',(210.756373545948,124.767366981113,-3.7575664610466));
#2740=CARTESIAN_POINT('',(209.756373546968,124.767366981113,-3.7575664610466));
#2741=CARTESIAN_POINT('Origin',(210.756373545948,124.767366981113,-3.7575664610466));
#2742=CARTESIAN_POINT('',(209.756373546968,124.767366981113,-3.7575664610466));
#2743=CARTESIAN_POINT('Origin',(235.206373546029,125.767366981113,-3.7575664610466));
#2744=CARTESIAN_POINT('',(234.206373547049,125.267366981113,-3.7575664610466));
#2745=CARTESIAN_POINT('Origin',(235.206373546029,125.267366981113,-3.7575664610466));
#2746=CARTESIAN_POINT('',(233.706373547049,125.767366981113,-3.7575664610466));
#2747=CARTESIAN_POINT('Origin',(235.206373546029,124.767366981113,-3.7575664610466));
#2748=CARTESIAN_POINT('',(234.206373547049,124.767366981113,-3.7575664610466));
#2749=CARTESIAN_POINT('Origin',(235.206373546029,124.767366981113,-3.7575664610466));
#2750=CARTESIAN_POINT('',(234.206373547049,124.767366981113,-3.7575664610466));
#2751=CARTESIAN_POINT('Origin',(235.206373546029,91.2473669811127,-3.75756646105033));
#2752=CARTESIAN_POINT('',(234.206373547049,91.7473669811127,-3.75756646105033));
#2753=CARTESIAN_POINT('Origin',(235.206373546029,91.7473669811127,-3.75756646105033));
#2754=CARTESIAN_POINT('',(233.206373547049,90.7473669811127,-3.75756646105033));
#2755=CARTESIAN_POINT('',(233.706373547049,91.2473669811127,-3.75756646105033));
#2756=CARTESIAN_POINT('Origin',(235.206373546029,90.7473669811127,-3.75756646105033));
#2757=CARTESIAN_POINT('Origin',(215.408288223884,90.7473669811128,17.2924335389526));
#2758=CARTESIAN_POINT('',(238.103288223883,90.7473669811127,-0.00999999999999446));
#2759=CARTESIAN_POINT('',(197.489363889864,90.7473669811127,-0.00999999999999446));
#2760=CARTESIAN_POINT('',(107.704144111942,90.7473669811127,-0.00999999999999446));
#2761=CARTESIAN_POINT('',(205.497650876363,90.7473669811127,-6.61477277236985));
#2762=CARTESIAN_POINT('',(205.497650876363,90.7473669811127,-6.61477277236985));
#2763=CARTESIAN_POINT('',(206.452047834151,90.7473669811127,-6.95756646104746));
#2764=CARTESIAN_POINT('Origin',(206.452047834151,90.7473669811127,-5.45756646104742));
#2765=CARTESIAN_POINT('',(234.463933394763,90.7473669811127,-6.95756646104744));
#2766=CARTESIAN_POINT('',(234.463933394763,90.7473669811127,-6.95756646104744));
#2767=CARTESIAN_POINT('',(235.553856208682,90.7473669811127,-6.48813342136348));
#2768=CARTESIAN_POINT('Origin',(234.463933394763,90.7473669811127,-5.45756646104742));
#2769=CARTESIAN_POINT('',(237.350112577694,90.7473669811127,-4.95854131333912));
#2770=CARTESIAN_POINT('Origin',(243.506373544926,90.7473669811126,-14.007566461385));
#2771=CARTESIAN_POINT('',(238.103288223883,90.7473669811127,-3.71833792420279));
#2772=CARTESIAN_POINT('Origin',(236.085794836879,90.7473669811127,-3.34191750050191));
#2773=CARTESIAN_POINT('',(238.103288223883,90.7473669811127,1.04243353895258));
#2774=CARTESIAN_POINT('',(212.506373547586,90.7473669811127,-3.75756646105033));
#2775=CARTESIAN_POINT('Origin',(214.506373546566,90.7473669811127,-3.75756646105033));
#2776=CARTESIAN_POINT('Origin',(235.206373546029,92.2473669811127,-3.75756646105033));
#2777=CARTESIAN_POINT('',(234.206373547049,92.2473669811127,-3.75756646105033));
#2778=CARTESIAN_POINT('Origin',(235.206373546029,92.2473669811127,-3.75756646105033));
#2779=CARTESIAN_POINT('',(234.206373547049,92.2473669811127,-3.75756646105033));
#2780=CARTESIAN_POINT('Origin',(214.506373546566,91.2473669811127,-3.75756646105033));
#2781=CARTESIAN_POINT('',(213.506373547586,91.7473669811127,-3.75756646105033));
#2782=CARTESIAN_POINT('Origin',(214.506373546566,91.7473669811127,-3.75756646105033));
#2783=CARTESIAN_POINT('',(213.006373547586,91.2473669811127,-3.75756646105033));
#2784=CARTESIAN_POINT('Origin',(214.506373546566,92.2473669811127,-3.75756646105033));
#2785=CARTESIAN_POINT('',(213.506373547586,92.2473669811127,-3.75756646105033));
#2786=CARTESIAN_POINT('Origin',(214.506373546566,92.2473669811127,-3.75756646105033));
#2787=CARTESIAN_POINT('',(213.506373547586,92.2473669811127,-3.75756646105033));
#2788=CARTESIAN_POINT('Origin',(238.103288223885,124.767366981113,4.00241261854358));
#2789=CARTESIAN_POINT('',(238.103288223883,124.767366981113,-0.00999999999999446));
#2790=CARTESIAN_POINT('',(238.103288223883,124.767366981113,-0.0100000000000122));
#2791=CARTESIAN_POINT('',(238.103288223884,124.767366981113,-3.71833792419924));
#2792=CARTESIAN_POINT('',(238.103288223883,124.767366981113,1.04243353895258));
#2793=CARTESIAN_POINT('',(238.103288223884,124.767366981113,-3.71833792419924));
#2794=CARTESIAN_POINT('Origin',(217.158288223884,124.757366981113,-0.01));
#2795=CARTESIAN_POINT('',(196.213288223884,124.757366981113,1.5));
#2796=CARTESIAN_POINT('Ctrl Pts',(197.489363889864,126.267366981113,-0.00999999999996474));
#2797=CARTESIAN_POINT('Ctrl Pts',(197.246301858249,126.267366981113,0.441790943516265));
#2798=CARTESIAN_POINT('Ctrl Pts',(196.820943302923,125.888128687086,1.22385596102855));
#2799=CARTESIAN_POINT('Ctrl Pts',(196.395584747595,125.09621018875,1.5));
#2800=CARTESIAN_POINT('Ctrl Pts',(196.213288223884,124.757366981113,1.5));
#2801=CARTESIAN_POINT('',(238.103288223883,124.757366981113,1.5));
#2802=CARTESIAN_POINT('',(107.704144111942,124.757366981113,1.5));
#2803=CARTESIAN_POINT('Origin',(238.103288223883,124.757366981113,-0.01));
#2804=CARTESIAN_POINT('Ctrl Pts',(197.489363889864,124.767354822839,-0.0100000000000002));
#2805=CARTESIAN_POINT('Ctrl Pts',(197.489363889864,125.267358875597,-0.0100000000000118));
#2806=CARTESIAN_POINT('Ctrl Pts',(197.489363889864,125.767362928355,-0.0100000000000233));
#2807=CARTESIAN_POINT('Ctrl Pts',(197.489363889864,126.267366981113,-0.0100000000000348));
#2808=CARTESIAN_POINT('Ctrl Pts',(197.246301858249,124.7673547833,-0.00701166098190402));
#2809=CARTESIAN_POINT('Ctrl Pts',(197.246301858249,125.268984891203,0.143257007338937));
#2810=CARTESIAN_POINT('Ctrl Pts',(197.246301858249,125.765736952286,0.291522307671518));
#2811=CARTESIAN_POINT('Ctrl Pts',(197.246301858249,126.267366981113,0.441790943516222));
#2812=CARTESIAN_POINT('Ctrl Pts',(196.820943302922,124.764846373779,-0.00183869837896176));
#2813=CARTESIAN_POINT('Ctrl Pts',(196.820943302922,125.13889312921,0.406524741499803));
#2814=CARTESIAN_POINT('Ctrl Pts',(196.820943302922,125.514081913141,0.81549251135313));
#2815=CARTESIAN_POINT('Ctrl Pts',(196.820943302922,125.888128687086,1.22385596102855));
#2816=CARTESIAN_POINT('Ctrl Pts',(196.395584747595,124.759608254343,-1.21676129065761E-5));
#2817=CARTESIAN_POINT('Ctrl Pts',(196.395584747595,124.871529736568,0.50037594651015));
#2818=CARTESIAN_POINT('Ctrl Pts',(196.395584747595,124.984288692949,0.99961190455428));
#2819=CARTESIAN_POINT('Ctrl Pts',(196.395584747595,125.09621018875,1.5));
#2820=CARTESIAN_POINT('Ctrl Pts',(196.213288223884,124.757366981113,-1.21582741626143E-5));
#2821=CARTESIAN_POINT('Ctrl Pts',(196.213288223884,124.757366981113,0.499991894483891));
#2822=CARTESIAN_POINT('Ctrl Pts',(196.213288223884,124.757366981113,0.999995947241946));
#2823=CARTESIAN_POINT('Ctrl Pts',(196.213288223884,124.757366981113,1.5));
#2824=CARTESIAN_POINT('',(197.489363889864,124.767366981113,-0.00999999999999446));
#2825=CARTESIAN_POINT('',(197.489363889864,125.427366981113,-0.0100000000000087));
#2826=CARTESIAN_POINT('',(197.489363889864,124.767366981113,-0.0100000000000122));
#2827=CARTESIAN_POINT('',(196.213288223884,124.757366981113,0.));
#2828=CARTESIAN_POINT('Ctrl Pts',(196.213288223884,124.757366981113,-1.45106908260029E-15));
#2829=CARTESIAN_POINT('Ctrl Pts',(196.428891266064,124.760020965321,1.27676872461389E-14));
#2830=CARTESIAN_POINT('Ctrl Pts',(196.63567030548,124.762565110067,-0.00105627617174944));
#2831=CARTESIAN_POINT('Ctrl Pts',(197.067038855202,124.766310414794,-0.00480101518505137));
#2832=CARTESIAN_POINT('Ctrl Pts',(197.273822322072,124.767366981113,-0.0073467725152468));
#2833=CARTESIAN_POINT('Ctrl Pts',(197.489363889864,124.767366981113,-0.0100000000000007));
#2834=CARTESIAN_POINT('',(196.213288223884,124.757366981113,0.802375000000182));
#2835=CARTESIAN_POINT('',(196.213288223884,124.757366981113,0.));
#2836=CARTESIAN_POINT('',(196.213288223884,124.757366981113,0.));
#2837=CARTESIAN_POINT('',(197.489363889864,124.767366981113,-0.0100000000000122));
#2838=CARTESIAN_POINT('Origin',(215.408288223884,124.767366981113,17.2924335389526));
#2839=CARTESIAN_POINT('',(107.704144111942,124.767366981113,-0.0100000000000122));
#2840=CARTESIAN_POINT('',(205.497650876361,124.767366981113,-6.61477277236781));
#2841=CARTESIAN_POINT('',(196.213288223884,124.767366981113,1.04243353895258));
#2842=CARTESIAN_POINT('',(206.452047834151,124.767366981113,-6.95756646104703));
#2843=CARTESIAN_POINT('Origin',(206.452047834151,124.767366981113,-5.45756646104731));
#2844=CARTESIAN_POINT('',(212.803288223884,124.767366981113,-6.95756646104742));
#2845=CARTESIAN_POINT('',(206.452047834151,124.767366981113,-6.95756646104742));
#2846=CARTESIAN_POINT('',(213.303288223884,124.767366981113,-6.45756646066179));
#2847=CARTESIAN_POINT('Origin',(212.803288223884,124.767366981113,-6.45756646104742));
#2848=CARTESIAN_POINT('',(213.303288222967,124.767366981113,-5.26527976730891));
#2849=CARTESIAN_POINT('',(213.303288223884,124.767366981113,-6.45756646066179));
#2850=CARTESIAN_POINT('',(213.803288222967,124.767366981113,-4.76527976692692));
#2851=CARTESIAN_POINT('Origin',(213.803288222967,124.767366981113,-5.26527976692693));
#2852=CARTESIAN_POINT('',(225.681373546788,124.767366981113,-4.76527976692694));
#2853=CARTESIAN_POINT('',(213.803288222967,124.767366981113,-4.76527976692692));
#2854=CARTESIAN_POINT('',(226.181373546788,124.767366981113,-4.26527976692693));
#2855=CARTESIAN_POINT('Origin',(225.681373546788,124.767366981113,-4.26527976692693));
#2856=CARTESIAN_POINT('',(226.181373546788,124.767366981113,-3.9075664625469));
#2857=CARTESIAN_POINT('',(226.181373546788,124.767366981113,-3.9075664625469));
#2858=CARTESIAN_POINT('',(226.681373546788,124.767366981113,-3.4075664625469));
#2859=CARTESIAN_POINT('Origin',(226.681373546788,124.767366981113,-3.9075664625469));
#2860=CARTESIAN_POINT('',(232.056373545049,124.767366981113,-3.4075664625469));
#2861=CARTESIAN_POINT('',(232.056373545049,124.767366981113,-3.4075664625469));
#2862=CARTESIAN_POINT('',(232.556373545049,124.767366981113,-3.9075664625469));
#2863=CARTESIAN_POINT('Origin',(232.056373545049,124.767366981113,-3.9075664625469));
#2864=CARTESIAN_POINT('',(232.556373545048,124.767366981113,-6.65756646104439));
#2865=CARTESIAN_POINT('',(232.556373545049,124.767366981113,-3.9075664625469));
#2866=CARTESIAN_POINT('',(232.856373545048,124.767366981113,-6.95756646104435));
#2867=CARTESIAN_POINT('Origin',(232.856373545048,124.767366981113,-6.65756646104439));
#2868=CARTESIAN_POINT('',(234.463933394763,124.767366981113,-6.95756646104696));
#2869=CARTESIAN_POINT('',(232.856373545048,124.767366981113,-6.95756646104435));
#2870=CARTESIAN_POINT('',(235.553856208681,124.767366981113,-6.48813342136284));
#2871=CARTESIAN_POINT('Origin',(234.463933394763,124.767366981113,-5.45756646104731));
#2872=CARTESIAN_POINT('',(237.350112577695,124.767366981113,-4.9585413133372));
#2873=CARTESIAN_POINT('Origin',(243.506373544926,124.767366981113,-14.007566461385));
#2874=CARTESIAN_POINT('Origin',(236.085794836879,124.767366981113,-3.34191750049822));
#2875=CARTESIAN_POINT('Origin',(215.408288223884,108.507366981113,0.));
#2876=CARTESIAN_POINT('',(238.103288223883,124.757366981113,0.));
#2877=CARTESIAN_POINT('',(107.704144111942,124.757366981113,0.));
#2878=CARTESIAN_POINT('',(238.103288223885,121.797387901522,0.));
#2879=CARTESIAN_POINT('',(238.103288223883,124.757366981113,0.));
#2880=CARTESIAN_POINT('',(237.608298684087,120.602377441313,0.));
#2881=CARTESIAN_POINT('Origin',(236.413288223885,121.797387901522,0.));
#2882=CARTESIAN_POINT('',(234.908277763681,117.90235652091,0.));
#2883=CARTESIAN_POINT('',(234.908277763681,117.90235652091,0.));
#2884=CARTESIAN_POINT('',(234.413288223883,116.707346060702,0.));
#2885=CARTESIAN_POINT('Origin',(236.103288223883,116.707346060702,0.));
#2886=CARTESIAN_POINT('',(234.413288223883,100.307387901524,0.));
#2887=CARTESIAN_POINT('',(234.413288223885,100.307387901524,0.));
#2888=CARTESIAN_POINT('',(234.90827776368,99.1123774413167,0.));
#2889=CARTESIAN_POINT('Origin',(236.103288223883,100.307387901524,0.));
#2890=CARTESIAN_POINT('',(237.608298684088,96.4123565209107,0.));
#2891=CARTESIAN_POINT('',(234.90827776368,99.1123774413163,0.));
#2892=CARTESIAN_POINT('',(238.103288223885,95.2173460607037,0.));
#2893=CARTESIAN_POINT('Origin',(236.413288223885,95.2173460607037,0.));
#2894=CARTESIAN_POINT('',(238.103288223883,92.2573669811127,0.));
#2895=CARTESIAN_POINT('',(238.103288223883,92.2573669811127,0.));
#2896=CARTESIAN_POINT('',(196.213288223884,92.2573669811127,0.));
#2897=CARTESIAN_POINT('',(107.704144111942,92.2573669811127,0.));
#2898=CARTESIAN_POINT('',(193.152628052102,95.3180271528929,0.));
#2899=CARTESIAN_POINT('',(196.213288223884,92.2573669811127,0.));
#2900=CARTESIAN_POINT('',(192.713288223884,96.3786873246709,0.));
#2901=CARTESIAN_POINT('Origin',(194.213288223884,96.3786873246709,0.));
#2902=CARTESIAN_POINT('',(192.713288223884,120.636046637551,0.));
#2903=CARTESIAN_POINT('',(192.713288223884,96.3786873246709,0.));
#2904=CARTESIAN_POINT('',(193.152628052104,121.696706809331,0.));
#2905=CARTESIAN_POINT('Origin',(194.213288223884,120.636046637551,0.));
#2906=CARTESIAN_POINT('',(193.152628052103,121.696706809332,0.));
#2907=CARTESIAN_POINT('',(199.713288223884,97.5073669811127,0.));
#2908=CARTESIAN_POINT('Origin',(201.213288223884,97.5073669811127,0.));
#2909=CARTESIAN_POINT('',(199.713288223884,119.507366981113,0.));
#2910=CARTESIAN_POINT('Origin',(201.213288223884,119.507366981113,0.));
#2911=CARTESIAN_POINT('',(210.303288223883,106.247366981122,0.));
#2912=CARTESIAN_POINT('',(210.303288223885,107.077366981116,0.));
#2913=CARTESIAN_POINT('',(210.303288223884,107.077366981116,0.));
#2914=CARTESIAN_POINT('',(211.193288223883,105.357366981122,0.));
#2915=CARTESIAN_POINT('Origin',(211.193288223883,106.247366981122,0.));
#2916=CARTESIAN_POINT('',(215.013288223883,105.357366981118,0.));
#2917=CARTESIAN_POINT('',(215.013288223883,105.357366981118,0.));
#2918=CARTESIAN_POINT('',(215.903288223883,106.247366981118,0.));
#2919=CARTESIAN_POINT('Origin',(215.013288223883,106.247366981118,0.));
#2920=CARTESIAN_POINT('',(215.903288223883,110.767366981107,0.));
#2921=CARTESIAN_POINT('',(215.903288223882,110.767366981107,0.));
#2922=CARTESIAN_POINT('',(215.013288223883,111.657366981107,0.));
#2923=CARTESIAN_POINT('Origin',(215.013288223883,110.767366981107,0.));
#2924=CARTESIAN_POINT('',(211.193288223883,111.657366981104,0.));
#2925=CARTESIAN_POINT('',(215.013288223883,111.657366981107,0.));
#2926=CARTESIAN_POINT('',(210.303288223883,110.767366981104,0.));
#2927=CARTESIAN_POINT('Origin',(211.193288223883,110.767366981104,0.));
#2928=CARTESIAN_POINT('',(210.303288223885,109.937366981109,0.));
#2929=CARTESIAN_POINT('',(210.303288223884,109.937366981109,0.));
#2930=CARTESIAN_POINT('',(209.413288223885,109.047366981109,0.));
#2931=CARTESIAN_POINT('Origin',(209.413288223885,109.937366981109,0.));
#2932=CARTESIAN_POINT('',(208.773288223885,109.047366981109,0.));
#2933=CARTESIAN_POINT('',(208.773288223885,109.04736698111,0.));
#2934=CARTESIAN_POINT('',(207.883288223885,109.937366981109,0.));
#2935=CARTESIAN_POINT('Origin',(208.773288223885,109.937366981109,0.));
#2936=CARTESIAN_POINT('',(207.883288223885,117.377366981104,0.));
#2937=CARTESIAN_POINT('',(207.883288223885,109.937366981109,0.));
#2938=CARTESIAN_POINT('',(208.773288223885,118.267366981104,0.));
#2939=CARTESIAN_POINT('Origin',(208.773288223885,117.377366981104,0.));
#2940=CARTESIAN_POINT('',(209.413288223885,118.267366981104,0.));
#2941=CARTESIAN_POINT('',(208.773288223885,118.267366981104,0.));
#2942=CARTESIAN_POINT('',(210.303288223885,117.377366981104,0.));
#2943=CARTESIAN_POINT('Origin',(209.413288223885,117.377366981104,0.));
#2944=CARTESIAN_POINT('',(210.303288223883,116.54736698111,0.));
#2945=CARTESIAN_POINT('',(210.303288223884,117.377366981104,0.));
#2946=CARTESIAN_POINT('',(211.193288223883,115.65736698111,0.));
#2947=CARTESIAN_POINT('Origin',(211.193288223883,116.54736698111,0.));
#2948=CARTESIAN_POINT('',(213.903288223883,115.657366981107,0.));
#2949=CARTESIAN_POINT('',(213.903288223883,115.657366981107,0.));
#2950=CARTESIAN_POINT('',(213.903288223883,119.657366981107,0.));
#2951=CARTESIAN_POINT('Origin',(213.903288223883,117.657366981107,0.));
#2952=CARTESIAN_POINT('',(207.183288223881,119.657366981105,0.));
#2953=CARTESIAN_POINT('',(213.903288223883,119.657366981107,0.));
#2954=CARTESIAN_POINT('',(205.493288223881,117.967366981105,0.));
#2955=CARTESIAN_POINT('Origin',(207.183288223881,117.967366981105,0.));
#2956=CARTESIAN_POINT('',(205.493288223881,99.0473669811208,0.));
#2957=CARTESIAN_POINT('',(205.493288223881,117.967366981105,0.));
#2958=CARTESIAN_POINT('',(207.183288223881,97.3573669811208,0.));
#2959=CARTESIAN_POINT('Origin',(207.183288223881,99.0473669811208,0.));
#2960=CARTESIAN_POINT('',(213.903288223883,97.3573669811185,0.));
#2961=CARTESIAN_POINT('',(213.903288223883,97.3573669811185,0.));
#2962=CARTESIAN_POINT('',(213.903288223883,101.357366981119,0.));
#2963=CARTESIAN_POINT('Origin',(213.903288223883,99.3573669811185,0.));
#2964=CARTESIAN_POINT('',(211.193288223883,101.357366981115,0.));
#2965=CARTESIAN_POINT('',(213.903288223883,101.357366981119,0.));
#2966=CARTESIAN_POINT('',(210.303288223883,100.467366981115,0.));
#2967=CARTESIAN_POINT('Origin',(211.193288223883,100.467366981115,0.));
#2968=CARTESIAN_POINT('',(210.303288223885,99.637366981121,0.));
#2969=CARTESIAN_POINT('',(210.303288223884,99.637366981121,0.));
#2970=CARTESIAN_POINT('',(209.413288223885,98.747366981121,0.));
#2971=CARTESIAN_POINT('Origin',(209.413288223885,99.637366981121,0.));
#2972=CARTESIAN_POINT('',(208.773288223885,98.747366981121,0.));
#2973=CARTESIAN_POINT('',(208.773288223885,98.7473669811216,0.));
#2974=CARTESIAN_POINT('',(207.883288223885,99.637366981121,0.));
#2975=CARTESIAN_POINT('Origin',(208.773288223885,99.637366981121,0.));
#2976=CARTESIAN_POINT('',(207.883288223885,107.077366981116,0.));
#2977=CARTESIAN_POINT('',(207.883288223886,107.077366981116,0.));
#2978=CARTESIAN_POINT('',(208.773288223885,107.967366981116,0.));
#2979=CARTESIAN_POINT('Origin',(208.773288223885,107.077366981116,0.));
#2980=CARTESIAN_POINT('',(209.413288223885,107.967366981116,0.));
#2981=CARTESIAN_POINT('',(208.773288223885,107.967366981115,0.));
#2982=CARTESIAN_POINT('Origin',(209.413288223885,107.077366981116,0.));
#2983=CARTESIAN_POINT('Origin',(238.103288223885,121.797387901522,0.));
#2984=CARTESIAN_POINT('',(238.103288223883,124.757366981113,0.));
#2985=CARTESIAN_POINT('',(238.103288223885,121.797387901522,1.5));
#2986=CARTESIAN_POINT('',(238.103288223883,124.757366981113,1.5));
#2987=CARTESIAN_POINT('',(238.103288223885,121.797387901522,0.));
#2988=CARTESIAN_POINT('Origin',(215.408288223884,108.507366981113,1.5));
#2989=CARTESIAN_POINT('',(193.152628052104,121.696706809331,1.5));
#2990=CARTESIAN_POINT('',(193.152628052103,121.696706809332,1.5));
#2991=CARTESIAN_POINT('',(192.713288223884,120.636046637551,1.5));
#2992=CARTESIAN_POINT('Origin',(194.213288223884,120.636046637551,1.5));
#2993=CARTESIAN_POINT('',(192.713288223884,96.3786873246709,1.5));
#2994=CARTESIAN_POINT('',(192.713288223884,96.3786873246709,1.5));
#2995=CARTESIAN_POINT('',(193.152628052102,95.3180271528929,1.5));
#2996=CARTESIAN_POINT('Origin',(194.213288223884,96.3786873246709,1.5));
#2997=CARTESIAN_POINT('',(196.213288223884,92.2573669811127,1.5));
#2998=CARTESIAN_POINT('',(196.213288223884,92.2573669811127,1.5));
#2999=CARTESIAN_POINT('',(238.103288223883,92.2573669811127,1.5));
#3000=CARTESIAN_POINT('',(107.704144111942,92.2573669811127,1.5));
#3001=CARTESIAN_POINT('',(238.103288223885,95.2173460607037,1.5));
#3002=CARTESIAN_POINT('',(238.103288223883,92.2573669811127,1.5));
#3003=CARTESIAN_POINT('',(237.608298684088,96.4123565209107,1.5));
#3004=CARTESIAN_POINT('Origin',(236.413288223885,95.2173460607037,1.5));
#3005=CARTESIAN_POINT('',(234.90827776368,99.1123774413167,1.5));
#3006=CARTESIAN_POINT('',(234.90827776368,99.1123774413163,1.5));
#3007=CARTESIAN_POINT('',(234.413288223883,100.307387901524,1.5));
#3008=CARTESIAN_POINT('Origin',(236.103288223883,100.307387901524,1.5));
#3009=CARTESIAN_POINT('',(234.413288223883,116.707346060702,1.5));
#3010=CARTESIAN_POINT('',(234.413288223885,100.307387901524,1.5));
#3011=CARTESIAN_POINT('',(234.908277763681,117.90235652091,1.5));
#3012=CARTESIAN_POINT('Origin',(236.103288223883,116.707346060702,1.5));
#3013=CARTESIAN_POINT('',(237.608298684087,120.602377441313,1.5));
#3014=CARTESIAN_POINT('',(234.908277763681,117.90235652091,1.5));
#3015=CARTESIAN_POINT('Origin',(236.413288223885,121.797387901522,1.5));
#3016=CARTESIAN_POINT('',(210.303288223883,106.247366981122,1.5));
#3017=CARTESIAN_POINT('',(210.303288223885,107.077366981116,1.5));
#3018=CARTESIAN_POINT('',(210.303288223884,107.077366981116,1.5));
#3019=CARTESIAN_POINT('',(209.413288223885,107.967366981116,1.5));
#3020=CARTESIAN_POINT('Origin',(209.413288223885,107.077366981116,1.5));
#3021=CARTESIAN_POINT('',(208.773288223885,107.967366981116,1.5));
#3022=CARTESIAN_POINT('',(208.773288223885,107.967366981115,1.5));
#3023=CARTESIAN_POINT('',(207.883288223885,107.077366981116,1.5));
#3024=CARTESIAN_POINT('Origin',(208.773288223885,107.077366981116,1.5));
#3025=CARTESIAN_POINT('',(207.883288223885,99.637366981121,1.5));
#3026=CARTESIAN_POINT('',(207.883288223886,107.077366981116,1.5));
#3027=CARTESIAN_POINT('',(208.773288223885,98.747366981121,1.5));
#3028=CARTESIAN_POINT('Origin',(208.773288223885,99.637366981121,1.5));
#3029=CARTESIAN_POINT('',(209.413288223885,98.747366981121,1.5));
#3030=CARTESIAN_POINT('',(208.773288223885,98.7473669811216,1.5));
#3031=CARTESIAN_POINT('',(210.303288223885,99.637366981121,1.5));
#3032=CARTESIAN_POINT('Origin',(209.413288223885,99.637366981121,1.5));
#3033=CARTESIAN_POINT('',(210.303288223883,100.467366981115,1.5));
#3034=CARTESIAN_POINT('',(210.303288223884,99.637366981121,1.5));
#3035=CARTESIAN_POINT('',(211.193288223883,101.357366981115,1.5));
#3036=CARTESIAN_POINT('Origin',(211.193288223883,100.467366981115,1.5));
#3037=CARTESIAN_POINT('',(213.903288223883,101.357366981119,1.5));
#3038=CARTESIAN_POINT('',(213.903288223883,101.357366981119,1.5));
#3039=CARTESIAN_POINT('',(213.903288223883,97.3573669811185,1.5));
#3040=CARTESIAN_POINT('Origin',(213.903288223883,99.3573669811185,1.5));
#3041=CARTESIAN_POINT('',(207.183288223881,97.3573669811208,1.5));
#3042=CARTESIAN_POINT('',(213.903288223883,97.3573669811185,1.5));
#3043=CARTESIAN_POINT('',(205.493288223881,99.0473669811208,1.5));
#3044=CARTESIAN_POINT('Origin',(207.183288223881,99.0473669811208,1.5));
#3045=CARTESIAN_POINT('',(205.493288223881,117.967366981105,1.5));
#3046=CARTESIAN_POINT('',(205.493288223881,117.967366981105,1.5));
#3047=CARTESIAN_POINT('',(207.183288223881,119.657366981105,1.5));
#3048=CARTESIAN_POINT('Origin',(207.183288223881,117.967366981105,1.5));
#3049=CARTESIAN_POINT('',(213.903288223883,119.657366981107,1.5));
#3050=CARTESIAN_POINT('',(213.903288223883,119.657366981107,1.5));
#3051=CARTESIAN_POINT('',(213.903288223883,115.657366981107,1.5));
#3052=CARTESIAN_POINT('Origin',(213.903288223883,117.657366981107,1.5));
#3053=CARTESIAN_POINT('',(211.193288223883,115.65736698111,1.5));
#3054=CARTESIAN_POINT('',(213.903288223883,115.657366981107,1.5));
#3055=CARTESIAN_POINT('',(210.303288223883,116.54736698111,1.5));
#3056=CARTESIAN_POINT('Origin',(211.193288223883,116.54736698111,1.5));
#3057=CARTESIAN_POINT('',(210.303288223885,117.377366981104,1.5));
#3058=CARTESIAN_POINT('',(210.303288223884,117.377366981104,1.5));
#3059=CARTESIAN_POINT('',(209.413288223885,118.267366981104,1.5));
#3060=CARTESIAN_POINT('Origin',(209.413288223885,117.377366981104,1.5));
#3061=CARTESIAN_POINT('',(208.773288223885,118.267366981104,1.5));
#3062=CARTESIAN_POINT('',(208.773288223885,118.267366981104,1.5));
#3063=CARTESIAN_POINT('',(207.883288223885,117.377366981104,1.5));
#3064=CARTESIAN_POINT('Origin',(208.773288223885,117.377366981104,1.5));
#3065=CARTESIAN_POINT('',(207.883288223885,109.937366981109,1.5));
#3066=CARTESIAN_POINT('',(207.883288223885,109.937366981109,1.5));
#3067=CARTESIAN_POINT('',(208.773288223885,109.047366981109,1.5));
#3068=CARTESIAN_POINT('Origin',(208.773288223885,109.937366981109,1.5));
#3069=CARTESIAN_POINT('',(209.413288223885,109.047366981109,1.5));
#3070=CARTESIAN_POINT('',(208.773288223885,109.04736698111,1.5));
#3071=CARTESIAN_POINT('',(210.303288223885,109.937366981109,1.5));
#3072=CARTESIAN_POINT('Origin',(209.413288223885,109.937366981109,1.5));
#3073=CARTESIAN_POINT('',(210.303288223883,110.767366981104,1.5));
#3074=CARTESIAN_POINT('',(210.303288223884,109.937366981109,1.5));
#3075=CARTESIAN_POINT('',(211.193288223883,111.657366981104,1.5));
#3076=CARTESIAN_POINT('Origin',(211.193288223883,110.767366981104,1.5));
#3077=CARTESIAN_POINT('',(215.013288223883,111.657366981107,1.5));
#3078=CARTESIAN_POINT('',(215.013288223883,111.657366981107,1.5));
#3079=CARTESIAN_POINT('',(215.903288223883,110.767366981107,1.5));
#3080=CARTESIAN_POINT('Origin',(215.013288223883,110.767366981107,1.5));
#3081=CARTESIAN_POINT('',(215.903288223883,106.247366981118,1.5));
#3082=CARTESIAN_POINT('',(215.903288223882,110.767366981107,1.5));
#3083=CARTESIAN_POINT('',(215.013288223883,105.357366981118,1.5));
#3084=CARTESIAN_POINT('Origin',(215.013288223883,106.247366981118,1.5));
#3085=CARTESIAN_POINT('',(211.193288223883,105.357366981122,1.5));
#3086=CARTESIAN_POINT('',(215.013288223883,105.357366981118,1.5));
#3087=CARTESIAN_POINT('Origin',(211.193288223883,106.247366981122,1.5));
#3088=CARTESIAN_POINT('',(199.713288223884,119.507366981113,1.5));
#3089=CARTESIAN_POINT('Origin',(201.213288223884,119.507366981113,1.5));
#3090=CARTESIAN_POINT('',(199.713288223884,97.5073669811127,1.5));
#3091=CARTESIAN_POINT('Origin',(201.213288223884,97.5073669811127,1.5));
#3092=CARTESIAN_POINT('Origin',(238.103288223883,92.2473669811127,-3.71833792420279));
#3093=CARTESIAN_POINT('',(238.103288223883,92.2473669811127,-0.00999999999999446));
#3094=CARTESIAN_POINT('',(238.103288223883,92.2473669811127,-0.00999999999999446));
#3095=CARTESIAN_POINT('',(238.103288223883,92.2473669811127,-3.71833792420279));
#3096=CARTESIAN_POINT('',(238.103288223883,92.2473669811127,-3.71833792420279));
#3097=CARTESIAN_POINT('',(238.103288223883,92.2473669811127,1.04243353895258));
#3098=CARTESIAN_POINT('Origin',(217.158288223884,92.2573669811127,-0.01));
#3099=CARTESIAN_POINT('',(197.489363889864,92.2473669811127,-0.00999999999999446));
#3100=CARTESIAN_POINT('',(107.704144111942,92.2473669811127,-0.00999999999999446));
#3101=CARTESIAN_POINT('Ctrl Pts',(197.489363889864,92.2473669811127,-0.0100000000000004));
#3102=CARTESIAN_POINT('Ctrl Pts',(197.273822297708,92.2473669811127,-0.00734677221533484));
#3103=CARTESIAN_POINT('Ctrl Pts',(197.067038881965,92.2484235476028,-0.00480101510763179));
#3104=CARTESIAN_POINT('Ctrl Pts',(196.635670262862,92.2521688517731,-0.00105627646369936));
#3105=CARTESIAN_POINT('Ctrl Pts',(196.428891298994,92.2547129964983,-1.25538027401079E-15));
#3106=CARTESIAN_POINT('Ctrl Pts',(196.213288223884,92.2573669811127,-1.32164244825983E-15));
#3107=CARTESIAN_POINT('Origin',(238.103288223883,92.2573669811127,-0.01));
#3108=CARTESIAN_POINT('Ctrl Pts',(196.213288223884,92.2573669811127,-1.21612501968351E-5));
#3109=CARTESIAN_POINT('Ctrl Pts',(196.213288223884,92.2573669811127,0.499991892499869));
#3110=CARTESIAN_POINT('Ctrl Pts',(196.213288223884,92.2573669811127,0.999995946249934));
#3111=CARTESIAN_POINT('Ctrl Pts',(196.213288223884,92.2573669811127,1.5));
#3112=CARTESIAN_POINT('Ctrl Pts',(196.395584747595,92.2551257085485,-1.21705912267378E-5));
#3113=CARTESIAN_POINT('Ctrl Pts',(196.395584747595,92.1432042261051,0.500375944529171));
#3114=CARTESIAN_POINT('Ctrl Pts',(196.395584747595,92.0304452694983,0.999611903561512));
#3115=CARTESIAN_POINT('Ctrl Pts',(196.395584747595,91.9185237734755,1.5));
#3116=CARTESIAN_POINT('Ctrl Pts',(196.820943302922,92.2498875863882,-0.00183869724073574));
#3117=CARTESIAN_POINT('Ctrl Pts',(196.820943302922,91.8758408302305,0.406524743437152));
#3118=CARTESIAN_POINT('Ctrl Pts',(196.820943302922,91.5006514028974,0.815493049433744));
#3119=CARTESIAN_POINT('Ctrl Pts',(196.820943302922,91.1266046282115,1.22385649991936));
#3120=CARTESIAN_POINT('Ctrl Pts',(197.246301858249,92.2473791819114,-0.00701166187630597));
#3121=CARTESIAN_POINT('Ctrl Pts',(197.246301858249,91.7457490729929,0.143257006750622));
#3122=CARTESIAN_POINT('Ctrl Pts',(197.246301858249,91.2489970109349,0.291522307373411));
#3123=CARTESIAN_POINT('Ctrl Pts',(197.246301858249,90.7473669811127,0.441790943516252));
#3124=CARTESIAN_POINT('Ctrl Pts',(197.489363889864,92.2473791423629,-0.00999999999999996));
#3125=CARTESIAN_POINT('Ctrl Pts',(197.489363889864,91.7473750886129,-0.00999999999999726));
#3126=CARTESIAN_POINT('Ctrl Pts',(197.489363889864,91.2473710348628,-0.00999999999999456));
#3127=CARTESIAN_POINT('Ctrl Pts',(197.489363889864,90.7473669811127,-0.00999999999999187));
#3128=CARTESIAN_POINT('',(197.489363889864,91.5873669811127,-0.0099999999999909));
#3129=CARTESIAN_POINT('',(197.489363889864,92.2473669811127,-0.00999999999999446));
#3130=CARTESIAN_POINT('Ctrl Pts',(196.213288223884,92.2573669811127,1.5));
#3131=CARTESIAN_POINT('Ctrl Pts',(196.395584747595,91.9185237734755,1.5));
#3132=CARTESIAN_POINT('Ctrl Pts',(196.820943302923,91.1266046282116,1.22385649991934));
#3133=CARTESIAN_POINT('Ctrl Pts',(197.246301858249,90.7473669811127,0.441790943516252));
#3134=CARTESIAN_POINT('Ctrl Pts',(197.489363889864,90.7473669811127,-0.00999999999999182));
#3135=CARTESIAN_POINT('',(196.213288223884,92.2573669811127,0.80237500000004));
#3136=CARTESIAN_POINT('',(196.213288223884,92.2573669811127,0.));
#3137=CARTESIAN_POINT('',(196.213288223884,92.2573669811127,0.));
#3138=CARTESIAN_POINT('',(197.489363889864,92.2473669811127,-0.00999999999999446));
#3139=CARTESIAN_POINT('Origin',(215.408288223884,92.2473669811128,17.2924335389526));
#3140=CARTESIAN_POINT('',(237.350112577694,92.2473669811127,-4.95854131333912));
#3141=CARTESIAN_POINT('Origin',(236.085794836879,92.2473669811127,-3.34191750050191));
#3142=CARTESIAN_POINT('',(235.553856208682,92.2473669811127,-6.48813342136348));
#3143=CARTESIAN_POINT('Origin',(243.506373544926,92.2473669811126,-14.007566461385));
#3144=CARTESIAN_POINT('',(234.463933394763,92.2473669811127,-6.95756646104744));
#3145=CARTESIAN_POINT('Origin',(234.463933394763,92.2473669811127,-5.45756646104742));
#3146=CARTESIAN_POINT('',(206.452047834151,92.2473669811127,-6.95756646104746));
#3147=CARTESIAN_POINT('',(234.463933394763,92.2473669811127,-6.95756646104744));
#3148=CARTESIAN_POINT('',(205.497650876363,92.2473669811127,-6.61477277236985));
#3149=CARTESIAN_POINT('Origin',(206.452047834151,92.2473669811127,-5.45756646104742));
#3150=CARTESIAN_POINT('',(205.497650876363,92.2473669811127,-6.61477277236985));
#3151=CARTESIAN_POINT('Origin',(238.103288223883,92.2473669811127,-0.00999999999999996));
#3152=CARTESIAN_POINT('',(238.103288223883,92.2573669811127,0.));
#3153=CARTESIAN_POINT('Origin',(238.103288223883,92.2573669811127,-0.01));
#3154=CARTESIAN_POINT('Origin',(201.213288223884,97.5073669811127,0.));
#3155=CARTESIAN_POINT('',(199.713288223884,97.5073669811127,0.));
#3156=CARTESIAN_POINT('Origin',(201.213288223884,119.507366981113,0.));
#3157=CARTESIAN_POINT('',(199.713288223884,119.507366981113,0.));
#3158=CARTESIAN_POINT('Origin',(211.193288223883,106.247366981122,0.));
#3159=CARTESIAN_POINT('',(210.303288223883,106.247366981122,0.));
#3160=CARTESIAN_POINT('',(211.193288223883,105.357366981122,0.));
#3161=CARTESIAN_POINT('Origin',(215.013288223883,105.357366981118,0.));
#3162=CARTESIAN_POINT('',(215.013288223883,105.357366981118,0.));
#3163=CARTESIAN_POINT('Origin',(215.013288223883,106.247366981118,0.));
#3164=CARTESIAN_POINT('',(215.903288223883,106.247366981118,0.));
#3165=CARTESIAN_POINT('Origin',(215.903288223882,110.767366981107,0.));
#3166=CARTESIAN_POINT('',(215.903288223883,110.767366981107,0.));
#3167=CARTESIAN_POINT('Origin',(215.013288223883,110.767366981107,0.));
#3168=CARTESIAN_POINT('',(215.013288223883,111.657366981107,0.));
#3169=CARTESIAN_POINT('Origin',(211.193288223883,111.657366981104,0.));
#3170=CARTESIAN_POINT('',(211.193288223883,111.657366981104,0.));
#3171=CARTESIAN_POINT('Origin',(211.193288223883,110.767366981104,0.));
#3172=CARTESIAN_POINT('',(210.303288223883,110.767366981104,0.));
#3173=CARTESIAN_POINT('Origin',(210.303288223884,109.937366981109,0.));
#3174=CARTESIAN_POINT('',(210.303288223885,109.937366981109,0.));
#3175=CARTESIAN_POINT('Origin',(209.413288223885,109.937366981109,0.));
#3176=CARTESIAN_POINT('',(209.413288223885,109.047366981109,0.));
#3177=CARTESIAN_POINT('Origin',(208.773288223885,109.04736698111,0.));
#3178=CARTESIAN_POINT('',(208.773288223885,109.047366981109,0.));
#3179=CARTESIAN_POINT('Origin',(208.773288223885,109.937366981109,0.));
#3180=CARTESIAN_POINT('',(207.883288223885,109.937366981109,0.));
#3181=CARTESIAN_POINT('Origin',(207.883288223885,117.377366981104,0.));
#3182=CARTESIAN_POINT('',(207.883288223885,117.377366981104,0.));
#3183=CARTESIAN_POINT('Origin',(208.773288223885,117.377366981104,0.));
#3184=CARTESIAN_POINT('',(208.773288223885,118.267366981104,0.));
#3185=CARTESIAN_POINT('Origin',(209.413288223885,118.267366981104,0.));
#3186=CARTESIAN_POINT('',(209.413288223885,118.267366981104,0.));
#3187=CARTESIAN_POINT('Origin',(209.413288223885,117.377366981104,0.));
#3188=CARTESIAN_POINT('',(210.303288223885,117.377366981104,0.));
#3189=CARTESIAN_POINT('Origin',(210.303288223883,116.54736698111,0.));
#3190=CARTESIAN_POINT('',(210.303288223883,116.54736698111,0.));
#3191=CARTESIAN_POINT('Origin',(211.193288223883,116.54736698111,0.));
#3192=CARTESIAN_POINT('',(211.193288223883,115.65736698111,0.));
#3193=CARTESIAN_POINT('Origin',(213.903288223883,115.657366981107,0.));
#3194=CARTESIAN_POINT('',(213.903288223883,115.657366981107,0.));
#3195=CARTESIAN_POINT('Origin',(213.903288223883,117.657366981107,0.));
#3196=CARTESIAN_POINT('',(213.903288223883,119.657366981107,0.));
#3197=CARTESIAN_POINT('Origin',(207.183288223881,119.657366981105,0.));
#3198=CARTESIAN_POINT('',(207.183288223881,119.657366981105,0.));
#3199=CARTESIAN_POINT('Origin',(207.183288223881,117.967366981105,0.));
#3200=CARTESIAN_POINT('',(205.493288223881,117.967366981105,0.));
#3201=CARTESIAN_POINT('Origin',(205.493288223881,99.0473669811208,0.));
#3202=CARTESIAN_POINT('',(205.493288223881,99.0473669811208,0.));
#3203=CARTESIAN_POINT('Origin',(207.183288223881,99.0473669811208,0.));
#3204=CARTESIAN_POINT('',(207.183288223881,97.3573669811208,0.));
#3205=CARTESIAN_POINT('Origin',(213.903288223883,97.3573669811185,0.));
#3206=CARTESIAN_POINT('',(213.903288223883,97.3573669811185,0.));
#3207=CARTESIAN_POINT('Origin',(213.903288223883,99.3573669811185,0.));
#3208=CARTESIAN_POINT('',(213.903288223883,101.357366981119,0.));
#3209=CARTESIAN_POINT('Origin',(211.193288223883,101.357366981115,0.));
#3210=CARTESIAN_POINT('',(211.193288223883,101.357366981115,0.));
#3211=CARTESIAN_POINT('Origin',(211.193288223883,100.467366981115,0.));
#3212=CARTESIAN_POINT('',(210.303288223883,100.467366981115,0.));
#3213=CARTESIAN_POINT('Origin',(210.303288223884,99.637366981121,0.));
#3214=CARTESIAN_POINT('',(210.303288223885,99.637366981121,0.));
#3215=CARTESIAN_POINT('Origin',(209.413288223885,99.637366981121,0.));
#3216=CARTESIAN_POINT('',(209.413288223885,98.747366981121,0.));
#3217=CARTESIAN_POINT('Origin',(208.773288223885,98.7473669811216,0.));
#3218=CARTESIAN_POINT('',(208.773288223885,98.747366981121,0.));
#3219=CARTESIAN_POINT('Origin',(208.773288223885,99.637366981121,0.));
#3220=CARTESIAN_POINT('',(207.883288223885,99.637366981121,0.));
#3221=CARTESIAN_POINT('Origin',(207.883288223886,107.077366981116,0.));
#3222=CARTESIAN_POINT('',(207.883288223885,107.077366981116,0.));
#3223=CARTESIAN_POINT('Origin',(208.773288223885,107.077366981116,0.));
#3224=CARTESIAN_POINT('',(208.773288223885,107.967366981116,0.));
#3225=CARTESIAN_POINT('Origin',(209.413288223885,107.967366981115,0.));
#3226=CARTESIAN_POINT('',(209.413288223885,107.967366981116,0.));
#3227=CARTESIAN_POINT('Origin',(209.413288223885,107.077366981116,0.));
#3228=CARTESIAN_POINT('',(210.303288223885,107.077366981116,0.));
#3229=CARTESIAN_POINT('Origin',(210.303288223884,106.247366981122,0.));
#3230=CARTESIAN_POINT('Origin',(213.303288222967,124.767366981113,-5.26527976730891));
#3231=CARTESIAN_POINT('',(213.303288223884,124.767366981113,-6.45756646066179));
#3232=CARTESIAN_POINT('',(213.303288222967,124.767366981113,-5.26527976730891));
#3233=CARTESIAN_POINT('Origin',(213.803288222967,124.767366981113,-5.26527976692693));
#3234=CARTESIAN_POINT('',(213.803288222967,124.767366981113,-4.76527976692692));
#3235=CARTESIAN_POINT('Origin',(225.681373546788,124.767366981113,-4.76527976692694));
#3236=CARTESIAN_POINT('',(225.681373546788,124.767366981113,-4.76527976692694));
#3237=CARTESIAN_POINT('Origin',(225.681373546788,124.767366981113,-4.26527976692693));
#3238=CARTESIAN_POINT('',(226.181373546788,124.767366981113,-4.26527976692693));
#3239=CARTESIAN_POINT('Origin',(226.181373546788,124.767366981113,-3.9075664625469));
#3240=CARTESIAN_POINT('',(226.181373546788,124.767366981113,-3.9075664625469));
#3241=CARTESIAN_POINT('Origin',(226.681373546788,124.767366981113,-3.9075664625469));
#3242=CARTESIAN_POINT('',(226.681373546788,124.767366981113,-3.4075664625469));
#3243=CARTESIAN_POINT('Origin',(232.056373545049,124.767366981113,-3.4075664625469));
#3244=CARTESIAN_POINT('',(232.056373545049,124.767366981113,-3.4075664625469));
#3245=CARTESIAN_POINT('Origin',(232.056373545049,124.767366981113,-3.9075664625469));
#3246=CARTESIAN_POINT('',(232.556373545049,124.767366981113,-3.9075664625469));
#3247=CARTESIAN_POINT('Origin',(232.556373545048,124.767366981113,-6.65756646104439));
#3248=CARTESIAN_POINT('',(232.556373545048,124.767366981113,-6.65756646104439));
#3249=CARTESIAN_POINT('Origin',(232.856373545048,124.767366981113,-6.65756646104439));
#3250=CARTESIAN_POINT('',(232.856373545048,124.767366981113,-6.95756646104435));
#3251=CARTESIAN_POINT('Origin',(234.463933394763,124.767366981113,-6.95756646104696));
#3252=CARTESIAN_POINT('',(234.463933394763,124.767366981113,-6.95756646104696));
#3253=CARTESIAN_POINT('Origin',(234.463933394763,124.767366981113,-5.45756646104731));
#3254=CARTESIAN_POINT('',(235.553856208681,124.767366981113,-6.48813342136284));
#3255=CARTESIAN_POINT('Origin',(243.506373544926,124.767366981113,-14.007566461385));
#3256=CARTESIAN_POINT('',(237.350112577695,124.767366981113,-4.9585413133372));
#3257=CARTESIAN_POINT('Origin',(236.085794836879,124.767366981113,-3.34191750049822));
#3258=CARTESIAN_POINT('Origin',(238.103288223883,126.267366981113,-0.00999999999999187));
#3259=CARTESIAN_POINT('Origin',(238.103288223883,124.757366981113,-0.01));
#3260=CARTESIAN_POINT('Origin',(236.413288223885,121.797387901522,0.));
#3261=CARTESIAN_POINT('',(237.608298684087,120.602377441313,0.));
#3262=CARTESIAN_POINT('Origin',(234.908277763681,117.90235652091,0.));
#3263=CARTESIAN_POINT('',(234.908277763681,117.90235652091,0.));
#3264=CARTESIAN_POINT('Origin',(236.103288223883,116.707346060702,0.));
#3265=CARTESIAN_POINT('',(234.413288223883,116.707346060702,0.));
#3266=CARTESIAN_POINT('Origin',(234.413288223885,100.307387901524,0.));
#3267=CARTESIAN_POINT('',(234.413288223883,100.307387901524,0.));
#3268=CARTESIAN_POINT('Origin',(236.103288223883,100.307387901524,0.));
#3269=CARTESIAN_POINT('',(234.90827776368,99.1123774413167,0.));
#3270=CARTESIAN_POINT('Origin',(237.608298684088,96.4123565209111,0.));
#3271=CARTESIAN_POINT('',(237.608298684088,96.4123565209107,0.));
#3272=CARTESIAN_POINT('Origin',(236.413288223885,95.2173460607037,0.));
#3273=CARTESIAN_POINT('',(238.103288223885,95.2173460607037,0.));
#3274=CARTESIAN_POINT('Origin',(238.103288223883,87.4965955179573,0.));
#3275=CARTESIAN_POINT('Origin',(236.085794836879,92.2473669811127,-3.34191750050191));
#3276=CARTESIAN_POINT('',(237.350112577694,92.2473669811127,-4.95854131333912));
#3277=CARTESIAN_POINT('Origin',(243.506373544926,92.2473669811126,-14.007566461385));
#3278=CARTESIAN_POINT('',(235.553856208682,92.2473669811127,-6.48813342136348));
#3279=CARTESIAN_POINT('Origin',(234.463933394763,92.2473669811127,-5.45756646104742));
#3280=CARTESIAN_POINT('',(234.463933394763,92.2473669811127,-6.95756646104744));
#3281=CARTESIAN_POINT('Origin',(206.452047834151,92.2473669811127,-6.95756646104746));
#3282=CARTESIAN_POINT('',(206.452047834151,92.2473669811127,-6.95756646104746));
#3283=CARTESIAN_POINT('Origin',(206.452047834151,92.2473669811127,-5.45756646104742));
#3284=CARTESIAN_POINT('',(205.497650876363,92.2473669811127,-6.61477277236985));
#3285=CARTESIAN_POINT('Origin',(196.213288223884,92.2473669811127,1.04243353895258));
#3286=CARTESIAN_POINT('Origin',(193.152628052103,95.3180271528936,0.));
#3287=CARTESIAN_POINT('',(193.152628052102,95.3180271528929,0.));
#3288=CARTESIAN_POINT('Origin',(194.213288223884,96.3786873246709,0.));
#3289=CARTESIAN_POINT('',(192.713288223884,96.3786873246709,0.));
#3290=CARTESIAN_POINT('Origin',(192.713288223884,120.636046637551,0.));
#3291=CARTESIAN_POINT('',(192.713288223884,120.636046637551,0.));
#3292=CARTESIAN_POINT('Origin',(194.213288223884,120.636046637551,0.));
#3293=CARTESIAN_POINT('',(193.152628052104,121.696706809331,0.));
#3294=CARTESIAN_POINT('Origin',(196.213288223884,124.757366981113,0.));
#3295=CARTESIAN_POINT('Origin',(205.497650876361,124.767366981113,-6.61477277236731));
#3296=CARTESIAN_POINT('',(205.497650876361,124.767366981113,-6.61477277236781));
#3297=CARTESIAN_POINT('Origin',(206.452047834151,124.767366981113,-5.45756646104731));
#3298=CARTESIAN_POINT('',(206.452047834151,124.767366981113,-6.95756646104703));
#3299=CARTESIAN_POINT('Origin',(212.803288223884,124.767366981113,-6.95756646104742));
#3300=CARTESIAN_POINT('',(212.803288223884,124.767366981113,-6.95756646104742));
#3301=CARTESIAN_POINT('Origin',(212.803288223884,124.767366981113,-6.45756646104742));
#3302=CARTESIAN_POINT('Origin',(217.158288223884,92.2573669811127,-0.01));
#3303=CARTESIAN_POINT('Origin',(217.158288223884,124.757366981113,-0.01));
#3304=UNCERTAINTY_MEASURE_WITH_UNIT(LENGTH_MEASURE(0.01),#3308,
'DISTANCE_ACCURACY_VALUE',
'Maximum model space distance between geometric entities at asserted c
onnectivities');
#3305=UNCERTAINTY_MEASURE_WITH_UNIT(LENGTH_MEASURE(0.01),#3308,
'DISTANCE_ACCURACY_VALUE',
'Maximum model space distance between geometric entities at asserted c
onnectivities');
#3306=(
GEOMETRIC_REPRESENTATION_CONTEXT(3)
GLOBAL_UNCERTAINTY_ASSIGNED_CONTEXT((#3304))
GLOBAL_UNIT_ASSIGNED_CONTEXT((#3308,#3310,#3311))
REPRESENTATION_CONTEXT('','3D')
);
#3307=(
GEOMETRIC_REPRESENTATION_CONTEXT(3)
GLOBAL_UNCERTAINTY_ASSIGNED_CONTEXT((#3305))
GLOBAL_UNIT_ASSIGNED_CONTEXT((#3308,#3310,#3311))
REPRESENTATION_CONTEXT('','3D')
);
#3308=(
LENGTH_UNIT()
NAMED_UNIT(*)
SI_UNIT(.MILLI.,.METRE.)
);
#3309=(
LENGTH_UNIT()
NAMED_UNIT(*)
SI_UNIT($,.METRE.)
);
#3310=(
NAMED_UNIT(*)
PLANE_ANGLE_UNIT()
SI_UNIT($,.RADIAN.)
);
#3311=(
NAMED_UNIT(*)
SI_UNIT($,.STERADIAN.)
SOLID_ANGLE_UNIT()
);
#3312=SHAPE_DEFINITION_REPRESENTATION(#3313,#3314);
#3313=PRODUCT_DEFINITION_SHAPE('',$,#3316);
#3314=SHAPE_REPRESENTATION('',(#1926),#3306);
#3315=PRODUCT_DEFINITION_CONTEXT('part definition',#3320,'design');
#3316=PRODUCT_DEFINITION('AL-ELBOW-B','AL-ELBOW-B',#3317,#3315);
#3317=PRODUCT_DEFINITION_FORMATION('',$,#3322);
#3318=PRODUCT_RELATED_PRODUCT_CATEGORY('AL-ELBOW-B','AL-ELBOW-B',(#3322));
#3319=APPLICATION_PROTOCOL_DEFINITION('international standard',
'automotive_design',2009,#3320);
#3320=APPLICATION_CONTEXT(
'Core Data for Automotive Mechanical Design Process');
#3321=PRODUCT_CONTEXT('part definition',#3320,'mechanical');
#3322=PRODUCT('AL-ELBOW-B','AL-ELBOW-B',$,(#3321));
#3323=PRESENTATION_STYLE_ASSIGNMENT((#3325));
#3324=PRESENTATION_STYLE_ASSIGNMENT((#3326));
#3325=SURFACE_STYLE_USAGE(.BOTH.,#3327);
#3326=SURFACE_STYLE_USAGE(.BOTH.,#3328);
#3327=SURFACE_SIDE_STYLE('',(#3329));
#3328=SURFACE_SIDE_STYLE('',(#3330));
#3329=SURFACE_STYLE_FILL_AREA(#3331);
#3330=SURFACE_STYLE_FILL_AREA(#3332);
#3331=FILL_AREA_STYLE('Acero - Satinado',(#3333));
#3332=FILL_AREA_STYLE('Opaque(56,56,56)',(#3334));
#3333=FILL_AREA_STYLE_COLOUR('Acero - Satinado',#3335);
#3334=FILL_AREA_STYLE_COLOUR('Opaque(56,56,56)',#3336);
#3335=COLOUR_RGB('Acero - Satinado',0.627450980392157,0.627450980392157,
0.627450980392157);
#3336=COLOUR_RGB('Opaque(56,56,56)',0.219607843137255,0.219607843137255,
0.219607843137255);
ENDSEC;
END-ISO-10303-21;
