ISO-10303-21;
HEADER;
/* Generated by software containing ST-Developer
 * from STEP Tools, Inc. (www.steptools.com) 
 */

FILE_DESCRIPTION(
/* description */ (''),
/* implementation_level */ '2;1');

FILE_NAME(
/* name */ 'AL-ELBOW-A.step',
/* time_stamp */ '2026-06-02T23:38:13-06:00',
/* author */ (''),
/* organization */ (''),
/* preprocessor_version */ 'ST-DEVELOPER v20.1',
/* originating_system */ 'Autodesk Translation Framework v14.24.0.0',
/* authorisation */ '');

FILE_SCHEMA (('AUTOMOTIVE_DESIGN { 1 0 10303 214 3 1 1 }'));
ENDSEC;

DATA;
#10=MECHANICAL_DESIGN_GEOMETRIC_PRESENTATION_REPRESENTATION('',(#13),#5554);
#11=SHAPE_REPRESENTATION_RELATIONSHIP('SRR','None',#5561,#12);
#12=ADVANCED_BREP_SHAPE_REPRESENTATION('',(#14),#5553);
#13=STYLED_ITEM('',(#5571),#14);
#14=MANIFOLD_SOLID_BREP('Cuerpo1',#2885);
#15=ELLIPSE('',#2948,1.90566632600819,0.0401453886028105);
#16=ELLIPSE('',#2952,1.90565496639999,0.0401452403137094);
#17=B_SPLINE_SURFACE_WITH_KNOTS('',3,3,((#4204,#4205,#4206,#4207,#4208,
#4209),(#4210,#4211,#4212,#4213,#4214,#4215),(#4216,#4217,#4218,#4219,#4220,
#4221),(#4222,#4223,#4224,#4225,#4226,#4227)),.UNSPECIFIED.,.F.,.F.,.F.,
(4,4),(4,1,1,4),(0.,2.17391304347829),(0.785398163394863,1.36131466000505,
1.74525899107851,2.12920332215197),.UNSPECIFIED.);
#18=B_SPLINE_SURFACE_WITH_KNOTS('',3,3,((#4493,#4494,#4495,#4496),(#4497,
#4498,#4499,#4500),(#4501,#4502,#4503,#4504),(#4505,#4506,#4507,#4508)),
 .UNSPECIFIED.,.F.,.F.,.F.,(4,4),(4,4),(0.,0.887573964497058),(1.11596612275625,
1.21261105028412),.UNSPECIFIED.);
#19=B_SPLINE_SURFACE_WITH_KNOTS('',3,3,((#4563,#4564,#4565,#4566,#4567,
#4568),(#4569,#4570,#4571,#4572,#4573,#4574),(#4575,#4576,#4577,#4578,#4579,
#4580),(#4581,#4582,#4583,#4584,#4585,#4586)),.UNSPECIFIED.,.F.,.F.,.F.,
(4,4),(4,1,1,4),(-0.000260314042584,2.17391653447773),(0.785137849347364,
1.13250901596766,1.47961986854536,2.00054646145449),.UNSPECIFIED.);
#20=B_SPLINE_SURFACE_WITH_KNOTS('',3,3,((#4752,#4753,#4754,#4755),(#4756,
#4757,#4758,#4759),(#4760,#4761,#4762,#4763),(#4764,#4765,#4766,#4767)),
 .UNSPECIFIED.,.F.,.F.,.F.,(4,4),(4,4),(-6.05248128727477E-9,1.68539325842699),
(0.762731151494872,1.08048623689579),.UNSPECIFIED.);
#21=B_SPLINE_SURFACE_WITH_KNOTS('',3,3,((#5016,#5017,#5018,#5019,#5020,
#5021),(#5022,#5023,#5024,#5025,#5026,#5027),(#5028,#5029,#5030,#5031,#5032,
#5033),(#5034,#5035,#5036,#5037,#5038,#5039)),.UNSPECIFIED.,.F.,.F.,.F.,
(4,4),(4,1,1,4),(-6.51421063231356E-6,1.49999999999997),(4.0375341958665E-12,
0.463065530100511,0.77177588349816,1.08048623689581),.UNSPECIFIED.);
#22=B_SPLINE_SURFACE_WITH_KNOTS('',3,3,((#5265,#5266,#5267,#5268),(#5269,
#5270,#5271,#5272),(#5273,#5274,#5275,#5276),(#5277,#5278,#5279,#5280)),
 .UNSPECIFIED.,.F.,.F.,.F.,(4,4),(4,4),(-6.05247874247957E-9,1.68539325842693),
(0.,0.317755085406555),.UNSPECIFIED.);
#23=B_SPLINE_SURFACE_WITH_KNOTS('',3,3,((#5301,#5302,#5303,#5304,#5305),
(#5306,#5307,#5308,#5309,#5310),(#5311,#5312,#5313,#5314,#5315),(#5316,
#5317,#5318,#5319,#5320)),.UNSPECIFIED.,.F.,.F.,.F.,(4,4),(4,1,4),(0.,4.06504065040659),
(0.,0.607443992011981,1.21488798402396),.UNSPECIFIED.);
#24=B_SPLINE_SURFACE_WITH_KNOTS('',3,3,((#5336,#5337,#5338,#5339,#5340),
(#5341,#5342,#5343,#5344,#5345),(#5346,#5347,#5348,#5349,#5350),(#5351,
#5352,#5353,#5354,#5355)),.UNSPECIFIED.,.F.,.F.,.F.,(4,4),(4,1,4),(0.,4.06504065040637),
(-4.70114763137331E-17,0.563211361278811,0.98561988223792),
 .UNSPECIFIED.);
#25=B_SPLINE_SURFACE_WITH_KNOTS('',3,3,((#5357,#5358,#5359,#5360,#5361,
#5362),(#5363,#5364,#5365,#5366,#5367,#5368),(#5369,#5370,#5371,#5372,#5373,
#5374),(#5375,#5376,#5377,#5378,#5379,#5380)),.UNSPECIFIED.,.F.,.F.,.F.,
(4,4),(4,1,1,4),(-0.000428005051708162,2.17392008708549),(-0.000428005051685403,
0.575916496612341,0.959860827687234,1.34423316381384),.UNSPECIFIED.);
#26=B_SPLINE_SURFACE_WITH_KNOTS('',3,3,((#5403,#5404,#5405,#5406,#5407),
(#5408,#5409,#5410,#5411,#5412),(#5413,#5414,#5415,#5416,#5417),(#5418,
#5419,#5420,#5421,#5422)),.UNSPECIFIED.,.F.,.F.,.F.,(4,4),(4,1,4),(0.,4.06504065040647),
(4.70114763137336E-17,0.422408520961308,0.985619882243051),
 .UNSPECIFIED.);
#27=B_SPLINE_SURFACE_WITH_KNOTS('',3,3,((#5424,#5425,#5426,#5427),(#5428,
#5429,#5430,#5431),(#5432,#5433,#5434,#5435),(#5436,#5437,#5438,#5439)),
 .UNSPECIFIED.,.F.,.F.,.F.,(4,4),(4,4),(0.,0.887573964497044),(-1.4986368490692E-14,
0.0966449275325991),.UNSPECIFIED.);
#28=B_SPLINE_SURFACE_WITH_KNOTS('',3,3,((#5453,#5454,#5455,#5456,#5457),
(#5458,#5459,#5460,#5461,#5462),(#5463,#5464,#5465,#5466,#5467),(#5468,
#5469,#5470,#5471,#5472)),.UNSPECIFIED.,.F.,.F.,.F.,(4,4),(4,1,4),(0.,4.06504065040627),
(-1.92747052546127E-14,0.607443992011916,1.21488798402385),
 .UNSPECIFIED.);
#29=B_SPLINE_SURFACE_WITH_KNOTS('',3,3,((#5474,#5475,#5476,#5477,#5478,
#5479),(#5480,#5481,#5482,#5483,#5484,#5485),(#5486,#5487,#5488,#5489,#5490,
#5491),(#5492,#5493,#5494,#5495,#5496,#5497)),.UNSPECIFIED.,.F.,.F.,.F.,
(4,4),(4,1,1,4),(-0.000260331965465157,2.17391653526469),(-0.000260331965445487,
0.520666278866567,0.867777131444279,1.21514831598746),.UNSPECIFIED.);
#30=B_SPLINE_SURFACE_WITH_KNOTS('',3,3,((#5504,#5505,#5506,#5507,#5508,
#5509),(#5510,#5511,#5512,#5513,#5514,#5515),(#5516,#5517,#5518,#5519,#5520,
#5521),(#5522,#5523,#5524,#5525,#5526,#5527)),.UNSPECIFIED.,.F.,.F.,.F.,
(4,4),(4,1,1,4),(-4.5484350132982E-6,1.49999999999999),(1.86588440028783,
2.17459475368778,2.48330510708772,2.94637063718764),.UNSPECIFIED.);
#31=FACE_BOUND('',#277,.T.);
#32=FACE_BOUND('',#280,.T.);
#33=FACE_BOUND('',#281,.T.);
#34=FACE_BOUND('',#282,.T.);
#35=FACE_BOUND('',#283,.T.);
#36=FACE_BOUND('',#284,.T.);
#37=FACE_BOUND('',#291,.T.);
#38=FACE_BOUND('',#294,.T.);
#39=FACE_BOUND('',#304,.T.);
#40=FACE_BOUND('',#433,.T.);
#41=FACE_BOUND('',#434,.T.);
#42=FACE_BOUND('',#435,.T.);
#43=FACE_BOUND('',#436,.T.);
#44=FACE_BOUND('',#437,.T.);
#45=PLANE('',#2904);
#46=PLANE('',#2906);
#47=PLANE('',#2926);
#48=PLANE('',#2949);
#49=PLANE('',#2953);
#50=PLANE('',#2974);
#51=PLANE('',#3002);
#52=PLANE('',#3026);
#53=PLANE('',#3052);
#54=PLANE('',#3107);
#55=PLANE('',#3110);
#56=PLANE('',#3113);
#57=PLANE('',#3116);
#58=PLANE('',#3125);
#59=PLANE('',#3127);
#60=PLANE('',#3129);
#61=PLANE('',#3131);
#62=PLANE('',#3133);
#63=PLANE('',#3135);
#64=PLANE('',#3137);
#65=PLANE('',#3139);
#66=PLANE('',#3141);
#67=PLANE('',#3143);
#68=PLANE('',#3145);
#69=PLANE('',#3147);
#70=PLANE('',#3149);
#71=PLANE('',#3151);
#72=PLANE('',#3153);
#73=PLANE('',#3155);
#74=PLANE('',#3157);
#75=PLANE('',#3159);
#76=PLANE('',#3161);
#77=PLANE('',#3163);
#78=PLANE('',#3165);
#79=PLANE('',#3167);
#80=PLANE('',#3169);
#81=PLANE('',#3174);
#82=PLANE('',#3177);
#83=PLANE('',#3179);
#84=PLANE('',#3181);
#85=PLANE('',#3183);
#86=PLANE('',#3185);
#87=PLANE('',#3188);
#88=PLANE('',#3191);
#89=PLANE('',#3194);
#90=PLANE('',#3196);
#91=PLANE('',#3198);
#92=PLANE('',#3200);
#93=PLANE('',#3201);
#94=PLANE('',#3205);
#95=B_SPLINE_CURVE_WITH_KNOTS('',3,(#4077,#4078,#4079,#4080,#4081),
 .UNSPECIFIED.,.F.,.F.,(4,1,4),(-1.92747052546127E-14,0.607443992011916,
1.21488798402385),.UNSPECIFIED.);
#96=B_SPLINE_CURVE_WITH_KNOTS('',3,(#4083,#4084,#4085,#4086,#4087,#4088,
#4089,#4090,#4091,#4092,#4093,#4094,#4095,#4096,#4097,#4098,#4099,#4100,
#4101,#4102,#4103,#4104,#4105,#4106,#4107,#4108,#4109,#4110,#4111,#4112,
#4113,#4114,#4115,#4116,#4117,#4118,#4119,#4120,#4121,#4122,#4123,#4124,
#4125,#4126,#4127,#4128,#4129,#4130,#4131),.UNSPECIFIED.,.F.,.F.,(4,3,3,
3,3,3,3,3,3,3,3,3,3,3,3,3,4),(5.02818398833878E-17,0.102030180503925,0.206689205094586,
0.30934294201453,0.408983958756744,0.504587774692016,0.520666278866567,
0.607443992010995,0.691651528006559,0.774550905678698,0.856145503458359,
0.867777131444279,0.947512793399786,1.02649407231517,1.10516260171386,1.1836164374896,
1.21488798402199),.UNSPECIFIED.);
#97=B_SPLINE_CURVE_WITH_KNOTS('',3,(#4135,#4136,#4137,#4138,#4139,#4140),
 .UNSPECIFIED.,.F.,.F.,(4,1,1,4),(0.785398163394863,1.36131466000505,1.74525899107851,
2.12920332215197),.UNSPECIFIED.);
#98=B_SPLINE_CURVE_WITH_KNOTS('',3,(#4142,#4143,#4144,#4145,#4146),
 .UNSPECIFIED.,.F.,.F.,(4,1,4),(4.70114763137336E-17,0.422408520961308,
0.985619882243051),.UNSPECIFIED.);
#99=B_SPLINE_CURVE_WITH_KNOTS('',3,(#4147,#4148,#4149,#4150),
 .UNSPECIFIED.,.F.,.F.,(4,4),(-1.4986368490692E-14,0.0966449275325991),
 .UNSPECIFIED.);
#100=B_SPLINE_CURVE_WITH_KNOTS('',3,(#4231,#4232,#4233,#4234,#4235,#4236,
#4237,#4238,#4239,#4240,#4241,#4242,#4243,#4244,#4245,#4246,#4247,#4248,
#4249,#4250,#4251,#4252),.UNSPECIFIED.,.F.,.F.,(4,3,3,3,3,3,3,4),(-2.12920332215192,
-1.78712868738564,-1.74525899107851,-1.40961797496153,-1.36131466000505,
-1.07335641169996,-0.92937728754741,-0.785398163394863),.UNSPECIFIED.);
#101=B_SPLINE_CURVE_WITH_KNOTS('',3,(#4321,#4322,#4323,#4324,#4325),
 .UNSPECIFIED.,.F.,.F.,(4,1,4),(4.70114763137336E-17,0.422408520961308,
0.985619882243051),.UNSPECIFIED.);
#102=B_SPLINE_CURVE_WITH_KNOTS('',3,(#4328,#4329,#4330,#4331,#4332,#4333,
#4334,#4335,#4336,#4337,#4338,#4339,#4340,#4341,#4342,#4343,#4344,#4345,
#4346,#4347),.UNSPECIFIED.,.F.,.F.,(4,2,2,2,2,2,2,2,2,4),(0.,5.00683043547748E-6,
1.04534361711648E-5,2.38170662022268E-5,5.93214490488513E-5,0.000156274547102434,
0.000461887283505005,0.00151034147746159,0.00567017165633302,0.0207648369286831),
 .UNSPECIFIED.);
#103=B_SPLINE_CURVE_WITH_KNOTS('',3,(#4348,#4349,#4350,#4351,#4352,#4353,
#4354,#4355,#4356,#4357,#4358,#4359,#4360,#4361,#4362,#4363),
 .UNSPECIFIED.,.F.,.F.,(4,3,3,3,3,4),(6.55885457057082E-10,0.576520613749598,
0.607443992011916,0.911165988017883,1.06302698602087,1.21488798402385),
 .UNSPECIFIED.);
#104=B_SPLINE_CURVE_WITH_KNOTS('',3,(#4377,#4378,#4379,#4380),
 .UNSPECIFIED.,.F.,.F.,(4,4),(1.11596612275625,1.21261105028412),
 .UNSPECIFIED.);
#105=B_SPLINE_CURVE_WITH_KNOTS('',3,(#4382,#4383,#4384,#4385,#4386),
 .UNSPECIFIED.,.F.,.F.,(4,1,4),(-4.70114763137331E-17,0.563211361278811,
0.98561988223792),.UNSPECIFIED.);
#106=B_SPLINE_CURVE_WITH_KNOTS('',3,(#4387,#4388,#4389,#4390,#4391,#4392,
#4393,#4394,#4395,#4396,#4397,#4398,#4399,#4400,#4401,#4402,#4403,#4404,
#4405,#4406,#4407,#4408,#4409,#4410,#4411,#4412,#4413,#4414,#4415,#4416,
#4417,#4418,#4419,#4420,#4421,#4422,#4423,#4424,#4425,#4426,#4427,#4428,
#4429,#4430,#4431,#4432,#4433,#4434,#4435),.UNSPECIFIED.,.F.,.F.,(4,3,3,
3,3,3,3,3,3,3,3,3,3,3,3,3,4),(2.51409199416934E-17,0.0964998755388151,0.196669941279236,
0.300240602613592,0.403213539669373,0.502724663523758,0.575916496612341,
0.666177661514107,0.752601901625304,0.837394129947864,0.920456770131072,
0.959860827687234,1.03962054034254,1.11846058488981,1.1969263263419,1.27510756294218,
1.34380515876213),.UNSPECIFIED.);
#107=B_SPLINE_CURVE_WITH_KNOTS('',3,(#4437,#4438,#4439,#4440,#4441,#4442,
#4443,#4444,#4445,#4446,#4447,#4448,#4449,#4450,#4451,#4452,#4453,#4454,
#4455,#4456,#4457,#4458,#4459,#4460,#4461,#4462,#4463,#4464,#4465,#4466,
#4467,#4468,#4469,#4470,#4471,#4472,#4473,#4474,#4475,#4476,#4477,#4478,
#4479,#4480,#4481,#4482,#4483,#4484,#4485),.UNSPECIFIED.,.F.,.F.,(4,3,3,
3,3,3,3,3,3,3,3,3,3,3,3,3,4),(0.785398163389948,0.863823529161328,0.942538261980734,
1.02151462141768,1.10115199569001,1.13250901596766,1.21405807557329,1.29728561409325,
1.3818103201216,1.46880004425372,1.47961986854536,1.5755856091633,1.67484396521348,
1.77872321365383,1.88336356459466,1.98510000205221,2.00028614741193),
 .UNSPECIFIED.);
#108=B_SPLINE_CURVE_WITH_KNOTS('',3,(#4487,#4488,#4489,#4490,#4491),
 .UNSPECIFIED.,.F.,.F.,(4,1,4),(0.,0.607443992011981,1.21488798402396),
 .UNSPECIFIED.);
#109=B_SPLINE_CURVE_WITH_KNOTS('',3,(#4590,#4591,#4592,#4593,#4594,#4595,
#4596,#4597,#4598,#4599,#4600,#4601,#4602,#4603,#4604,#4605,#4606,#4607,
#4608,#4609),.UNSPECIFIED.,.F.,.F.,(4,2,2,2,2,2,2,2,2,4),(0.,0.0313278930757062,
0.0399613099493359,0.0421372951304945,0.0427715700845931,0.0429727884872133,
0.0430464750086193,0.043074210186913,0.0430855142051672,0.0430959055087851),
 .UNSPECIFIED.);
#110=B_SPLINE_CURVE_WITH_KNOTS('',3,(#4666,#4667,#4668,#4669,#4670,#4671,
#4672,#4673,#4674,#4675,#4676,#4677,#4678,#4679,#4680,#4681),
 .UNSPECIFIED.,.F.,.F.,(4,3,3,3,3,4),(0.,0.151860998002995,0.561457944626224,
0.607443992011981,1.18396277242309,1.21488798336811),.UNSPECIFIED.);
#111=B_SPLINE_CURVE_WITH_KNOTS('',3,(#4684,#4685,#4686,#4687,#4688,#4689,
#4690,#4691,#4692,#4693,#4694,#4695,#4696,#4697,#4698,#4699,#4700,#4701,
#4702,#4703),.UNSPECIFIED.,.F.,.F.,(4,2,2,2,2,2,2,2,2,4),(0.,5.56642716955678E-6,
1.17154889708964E-5,2.65208776990714E-5,6.41034306196467E-5,0.000167606597104848,
0.000495735147381072,0.001624249952406,0.00606038696354997,0.0217138033256923),
 .UNSPECIFIED.);
#112=B_SPLINE_CURVE_WITH_KNOTS('',3,(#4704,#4705,#4706,#4707,#4708),
 .UNSPECIFIED.,.F.,.F.,(4,1,4),(-4.70114763137331E-17,0.563211361278811,
0.98561988223792),.UNSPECIFIED.);
#113=B_SPLINE_CURVE_WITH_KNOTS('',3,(#4724,#4725,#4726,#4727,#4728,#4729),
 .UNSPECIFIED.,.F.,.F.,(4,2,4),(0.,0.0237205365985835,0.044768579707894),
 .UNSPECIFIED.);
#114=B_SPLINE_CURVE_WITH_KNOTS('',3,(#4731,#4732,#4733,#4734,#4735,#4736),
 .UNSPECIFIED.,.F.,.F.,(4,1,1,4),(-2.94637063718685,-2.48330510708772,-2.17459475368778,
-1.86588440028783),.UNSPECIFIED.);
#115=B_SPLINE_CURVE_WITH_KNOTS('',3,(#4740,#4741,#4742,#4743,#4744,#4745),
 .UNSPECIFIED.,.F.,.F.,(4,1,1,4),(-1.08048623689581,-0.77177588349817,-0.463065530100524,
-4.05526302333981E-12),.UNSPECIFIED.);
#116=B_SPLINE_CURVE_WITH_KNOTS('',3,(#4746,#4747,#4748,#4749,#4750,#4751),
 .UNSPECIFIED.,.F.,.F.,(4,2,4),(0.,0.0207885445245356,0.0442166337140483),
 .UNSPECIFIED.);
#117=B_SPLINE_CURVE_WITH_KNOTS('',3,(#4772,#4773,#4774,#4775,#4776,#4777),
 .UNSPECIFIED.,.F.,.F.,(4,2,4),(0.,0.0103595585556562,0.0222169787846266),
 .UNSPECIFIED.);
#118=B_SPLINE_CURVE_WITH_KNOTS('',3,(#5042,#5043,#5044,#5045,#5046,#5047,
#5048,#5049,#5050,#5051,#5052,#5053,#5054,#5055,#5056,#5057,#5058,#5059,
#5060,#5061),.UNSPECIFIED.,.F.,.F.,(4,2,2,2,2,2,2,2,2,4),(5.39264117870601E-10,
0.037814062431258,0.0481259478908849,0.0507196903715924,0.0514733574680176,
0.051713362355929,0.0518021147488917,0.051836527844009,0.0518509418510157,
0.0518643966365817),.UNSPECIFIED.);
#119=B_SPLINE_CURVE_WITH_KNOTS('',3,(#5281,#5282,#5283,#5284,#5285,#5286),
 .UNSPECIFIED.,.F.,.F.,(4,2,4),(0.,0.0119230558397742,0.0223399587376874),
 .UNSPECIFIED.);
#120=B_SPLINE_CURVE_WITH_KNOTS('',3,(#5528,#5529,#5530,#5531,#5532,#5533,
#5534,#5535,#5536,#5537,#5538,#5539,#5540,#5541,#5542,#5543,#5544,#5545,
#5546,#5547),.UNSPECIFIED.,.F.,.F.,(4,2,2,2,2,2,2,2,2,4),(0.,6.42208532034415E-6,
1.33020171654014E-5,2.97276971557398E-5,7.20900363824053E-5,0.000186646607685306,
0.000546378901925985,0.00178439561219507,0.00670634797358978,0.0247553336957059),
 .UNSPECIFIED.);
#121=FACE_OUTER_BOUND('',#273,.T.);
#122=FACE_OUTER_BOUND('',#274,.T.);
#123=FACE_OUTER_BOUND('',#275,.T.);
#124=FACE_OUTER_BOUND('',#276,.T.);
#125=FACE_OUTER_BOUND('',#278,.T.);
#126=FACE_OUTER_BOUND('',#279,.T.);
#127=FACE_OUTER_BOUND('',#285,.T.);
#128=FACE_OUTER_BOUND('',#286,.T.);
#129=FACE_OUTER_BOUND('',#287,.T.);
#130=FACE_OUTER_BOUND('',#288,.T.);
#131=FACE_OUTER_BOUND('',#289,.T.);
#132=FACE_OUTER_BOUND('',#290,.T.);
#133=FACE_OUTER_BOUND('',#292,.T.);
#134=FACE_OUTER_BOUND('',#293,.T.);
#135=FACE_OUTER_BOUND('',#295,.T.);
#136=FACE_OUTER_BOUND('',#296,.T.);
#137=FACE_OUTER_BOUND('',#297,.T.);
#138=FACE_OUTER_BOUND('',#298,.T.);
#139=FACE_OUTER_BOUND('',#299,.T.);
#140=FACE_OUTER_BOUND('',#300,.T.);
#141=FACE_OUTER_BOUND('',#301,.T.);
#142=FACE_OUTER_BOUND('',#302,.T.);
#143=FACE_OUTER_BOUND('',#303,.T.);
#144=FACE_OUTER_BOUND('',#305,.T.);
#145=FACE_OUTER_BOUND('',#306,.T.);
#146=FACE_OUTER_BOUND('',#307,.T.);
#147=FACE_OUTER_BOUND('',#308,.T.);
#148=FACE_OUTER_BOUND('',#309,.T.);
#149=FACE_OUTER_BOUND('',#310,.T.);
#150=FACE_OUTER_BOUND('',#311,.T.);
#151=FACE_OUTER_BOUND('',#312,.T.);
#152=FACE_OUTER_BOUND('',#313,.T.);
#153=FACE_OUTER_BOUND('',#314,.T.);
#154=FACE_OUTER_BOUND('',#315,.T.);
#155=FACE_OUTER_BOUND('',#316,.T.);
#156=FACE_OUTER_BOUND('',#317,.T.);
#157=FACE_OUTER_BOUND('',#318,.T.);
#158=FACE_OUTER_BOUND('',#319,.T.);
#159=FACE_OUTER_BOUND('',#320,.T.);
#160=FACE_OUTER_BOUND('',#321,.T.);
#161=FACE_OUTER_BOUND('',#322,.T.);
#162=FACE_OUTER_BOUND('',#323,.T.);
#163=FACE_OUTER_BOUND('',#324,.T.);
#164=FACE_OUTER_BOUND('',#325,.T.);
#165=FACE_OUTER_BOUND('',#326,.T.);
#166=FACE_OUTER_BOUND('',#327,.T.);
#167=FACE_OUTER_BOUND('',#328,.T.);
#168=FACE_OUTER_BOUND('',#329,.T.);
#169=FACE_OUTER_BOUND('',#330,.T.);
#170=FACE_OUTER_BOUND('',#331,.T.);
#171=FACE_OUTER_BOUND('',#332,.T.);
#172=FACE_OUTER_BOUND('',#333,.T.);
#173=FACE_OUTER_BOUND('',#334,.T.);
#174=FACE_OUTER_BOUND('',#335,.T.);
#175=FACE_OUTER_BOUND('',#336,.T.);
#176=FACE_OUTER_BOUND('',#337,.T.);
#177=FACE_OUTER_BOUND('',#338,.T.);
#178=FACE_OUTER_BOUND('',#339,.T.);
#179=FACE_OUTER_BOUND('',#340,.T.);
#180=FACE_OUTER_BOUND('',#341,.T.);
#181=FACE_OUTER_BOUND('',#342,.T.);
#182=FACE_OUTER_BOUND('',#343,.T.);
#183=FACE_OUTER_BOUND('',#344,.T.);
#184=FACE_OUTER_BOUND('',#345,.T.);
#185=FACE_OUTER_BOUND('',#346,.T.);
#186=FACE_OUTER_BOUND('',#347,.T.);
#187=FACE_OUTER_BOUND('',#348,.T.);
#188=FACE_OUTER_BOUND('',#349,.T.);
#189=FACE_OUTER_BOUND('',#350,.T.);
#190=FACE_OUTER_BOUND('',#351,.T.);
#191=FACE_OUTER_BOUND('',#352,.T.);
#192=FACE_OUTER_BOUND('',#353,.T.);
#193=FACE_OUTER_BOUND('',#354,.T.);
#194=FACE_OUTER_BOUND('',#355,.T.);
#195=FACE_OUTER_BOUND('',#356,.T.);
#196=FACE_OUTER_BOUND('',#357,.T.);
#197=FACE_OUTER_BOUND('',#358,.T.);
#198=FACE_OUTER_BOUND('',#359,.T.);
#199=FACE_OUTER_BOUND('',#360,.T.);
#200=FACE_OUTER_BOUND('',#361,.T.);
#201=FACE_OUTER_BOUND('',#362,.T.);
#202=FACE_OUTER_BOUND('',#363,.T.);
#203=FACE_OUTER_BOUND('',#364,.T.);
#204=FACE_OUTER_BOUND('',#365,.T.);
#205=FACE_OUTER_BOUND('',#366,.T.);
#206=FACE_OUTER_BOUND('',#367,.T.);
#207=FACE_OUTER_BOUND('',#368,.T.);
#208=FACE_OUTER_BOUND('',#369,.T.);
#209=FACE_OUTER_BOUND('',#370,.T.);
#210=FACE_OUTER_BOUND('',#371,.T.);
#211=FACE_OUTER_BOUND('',#372,.T.);
#212=FACE_OUTER_BOUND('',#373,.T.);
#213=FACE_OUTER_BOUND('',#374,.T.);
#214=FACE_OUTER_BOUND('',#375,.T.);
#215=FACE_OUTER_BOUND('',#376,.T.);
#216=FACE_OUTER_BOUND('',#377,.T.);
#217=FACE_OUTER_BOUND('',#378,.T.);
#218=FACE_OUTER_BOUND('',#379,.T.);
#219=FACE_OUTER_BOUND('',#380,.T.);
#220=FACE_OUTER_BOUND('',#381,.T.);
#221=FACE_OUTER_BOUND('',#382,.T.);
#222=FACE_OUTER_BOUND('',#383,.T.);
#223=FACE_OUTER_BOUND('',#384,.T.);
#224=FACE_OUTER_BOUND('',#385,.T.);
#225=FACE_OUTER_BOUND('',#386,.T.);
#226=FACE_OUTER_BOUND('',#387,.T.);
#227=FACE_OUTER_BOUND('',#388,.T.);
#228=FACE_OUTER_BOUND('',#389,.T.);
#229=FACE_OUTER_BOUND('',#390,.T.);
#230=FACE_OUTER_BOUND('',#391,.T.);
#231=FACE_OUTER_BOUND('',#392,.T.);
#232=FACE_OUTER_BOUND('',#393,.T.);
#233=FACE_OUTER_BOUND('',#394,.T.);
#234=FACE_OUTER_BOUND('',#395,.T.);
#235=FACE_OUTER_BOUND('',#396,.T.);
#236=FACE_OUTER_BOUND('',#397,.T.);
#237=FACE_OUTER_BOUND('',#398,.T.);
#238=FACE_OUTER_BOUND('',#399,.T.);
#239=FACE_OUTER_BOUND('',#400,.T.);
#240=FACE_OUTER_BOUND('',#401,.T.);
#241=FACE_OUTER_BOUND('',#402,.T.);
#242=FACE_OUTER_BOUND('',#403,.T.);
#243=FACE_OUTER_BOUND('',#404,.T.);
#244=FACE_OUTER_BOUND('',#405,.T.);
#245=FACE_OUTER_BOUND('',#406,.T.);
#246=FACE_OUTER_BOUND('',#407,.T.);
#247=FACE_OUTER_BOUND('',#408,.T.);
#248=FACE_OUTER_BOUND('',#409,.T.);
#249=FACE_OUTER_BOUND('',#410,.T.);
#250=FACE_OUTER_BOUND('',#411,.T.);
#251=FACE_OUTER_BOUND('',#412,.T.);
#252=FACE_OUTER_BOUND('',#413,.T.);
#253=FACE_OUTER_BOUND('',#414,.T.);
#254=FACE_OUTER_BOUND('',#415,.T.);
#255=FACE_OUTER_BOUND('',#416,.T.);
#256=FACE_OUTER_BOUND('',#417,.T.);
#257=FACE_OUTER_BOUND('',#418,.T.);
#258=FACE_OUTER_BOUND('',#419,.T.);
#259=FACE_OUTER_BOUND('',#420,.T.);
#260=FACE_OUTER_BOUND('',#421,.T.);
#261=FACE_OUTER_BOUND('',#422,.T.);
#262=FACE_OUTER_BOUND('',#423,.T.);
#263=FACE_OUTER_BOUND('',#424,.T.);
#264=FACE_OUTER_BOUND('',#425,.T.);
#265=FACE_OUTER_BOUND('',#426,.T.);
#266=FACE_OUTER_BOUND('',#427,.T.);
#267=FACE_OUTER_BOUND('',#428,.T.);
#268=FACE_OUTER_BOUND('',#429,.T.);
#269=FACE_OUTER_BOUND('',#430,.T.);
#270=FACE_OUTER_BOUND('',#431,.T.);
#271=FACE_OUTER_BOUND('',#432,.T.);
#272=FACE_OUTER_BOUND('',#438,.T.);
#273=EDGE_LOOP('',(#1785,#1786,#1787,#1788,#1789));
#274=EDGE_LOOP('',(#1790,#1791,#1792,#1793,#1794,#1795,#1796,#1797));
#275=EDGE_LOOP('',(#1798,#1799,#1800,#1801));
#276=EDGE_LOOP('',(#1802,#1803,#1804,#1805,#1806,#1807,#1808,#1809,#1810));
#277=EDGE_LOOP('',(#1811,#1812,#1813,#1814,#1815,#1816,#1817,#1818,#1819,
#1820,#1821,#1822,#1823,#1824,#1825,#1826));
#278=EDGE_LOOP('',(#1827,#1828,#1829,#1830));
#279=EDGE_LOOP('',(#1831,#1832,#1833,#1834,#1835,#1836,#1837,#1838,#1839,
#1840,#1841,#1842,#1843,#1844,#1845,#1846,#1847,#1848));
#280=EDGE_LOOP('',(#1849));
#281=EDGE_LOOP('',(#1850,#1851,#1852,#1853,#1854,#1855,#1856,#1857));
#282=EDGE_LOOP('',(#1858));
#283=EDGE_LOOP('',(#1859));
#284=EDGE_LOOP('',(#1860));
#285=EDGE_LOOP('',(#1861,#1862,#1863,#1864));
#286=EDGE_LOOP('',(#1865,#1866,#1867,#1868,#1869,#1870,#1871,#1872));
#287=EDGE_LOOP('',(#1873,#1874,#1875,#1876));
#288=EDGE_LOOP('',(#1877,#1878,#1879,#1880,#1881,#1882,#1883,#1884));
#289=EDGE_LOOP('',(#1885,#1886,#1887,#1888,#1889));
#290=EDGE_LOOP('',(#1890,#1891,#1892,#1893,#1894,#1895,#1896,#1897,#1898));
#291=EDGE_LOOP('',(#1899,#1900,#1901,#1902,#1903,#1904,#1905,#1906,#1907,
#1908,#1909,#1910,#1911,#1912,#1913,#1914));
#292=EDGE_LOOP('',(#1915,#1916,#1917,#1918));
#293=EDGE_LOOP('',(#1919,#1920,#1921,#1922,#1923,#1924,#1925,#1926,#1927));
#294=EDGE_LOOP('',(#1928,#1929,#1930,#1931,#1932,#1933,#1934,#1935,#1936,
#1937,#1938,#1939,#1940,#1941,#1942,#1943));
#295=EDGE_LOOP('',(#1944,#1945,#1946,#1947));
#296=EDGE_LOOP('',(#1948,#1949,#1950,#1951,#1952,#1953,#1954,#1955));
#297=EDGE_LOOP('',(#1956,#1957,#1958,#1959,#1960));
#298=EDGE_LOOP('',(#1961,#1962,#1963,#1964,#1965,#1966));
#299=EDGE_LOOP('',(#1967,#1968,#1969,#1970,#1971));
#300=EDGE_LOOP('',(#1972,#1973,#1974,#1975,#1976,#1977,#1978,#1979,#1980,
#1981,#1982,#1983,#1984,#1985,#1986,#1987,#1988,#1989,#1990,#1991,#1992,
#1993,#1994,#1995,#1996,#1997,#1998,#1999,#2000,#2001,#2002,#2003,#2004,
#2005,#2006,#2007,#2008,#2009,#2010,#2011,#2012,#2013,#2014,#2015,#2016,
#2017,#2018,#2019));
#301=EDGE_LOOP('',(#2020,#2021,#2022,#2023,#2024,#2025,#2026,#2027,#2028,
#2029,#2030,#2031,#2032,#2033,#2034,#2035,#2036,#2037,#2038,#2039,#2040,
#2041,#2042,#2043,#2044,#2045,#2046,#2047,#2048,#2049,#2050,#2051,#2052,
#2053,#2054,#2055,#2056,#2057,#2058,#2059,#2060,#2061,#2062,#2063,#2064,
#2065,#2066,#2067));
#302=EDGE_LOOP('',(#2068,#2069,#2070,#2071));
#303=EDGE_LOOP('',(#2072,#2073,#2074,#2075,#2076,#2077,#2078,#2079,#2080));
#304=EDGE_LOOP('',(#2081,#2082,#2083,#2084,#2085,#2086,#2087,#2088,#2089,
#2090,#2091,#2092,#2093,#2094,#2095,#2096));
#305=EDGE_LOOP('',(#2097,#2098,#2099,#2100));
#306=EDGE_LOOP('',(#2101,#2102,#2103,#2104));
#307=EDGE_LOOP('',(#2105,#2106,#2107,#2108));
#308=EDGE_LOOP('',(#2109,#2110,#2111,#2112));
#309=EDGE_LOOP('',(#2113,#2114,#2115,#2116));
#310=EDGE_LOOP('',(#2117,#2118,#2119,#2120));
#311=EDGE_LOOP('',(#2121,#2122,#2123,#2124));
#312=EDGE_LOOP('',(#2125,#2126,#2127,#2128));
#313=EDGE_LOOP('',(#2129,#2130,#2131,#2132));
#314=EDGE_LOOP('',(#2133,#2134,#2135,#2136));
#315=EDGE_LOOP('',(#2137,#2138,#2139,#2140));
#316=EDGE_LOOP('',(#2141,#2142,#2143,#2144));
#317=EDGE_LOOP('',(#2145,#2146,#2147,#2148));
#318=EDGE_LOOP('',(#2149,#2150,#2151,#2152));
#319=EDGE_LOOP('',(#2153,#2154,#2155,#2156));
#320=EDGE_LOOP('',(#2157,#2158,#2159,#2160));
#321=EDGE_LOOP('',(#2161,#2162,#2163,#2164));
#322=EDGE_LOOP('',(#2165,#2166,#2167,#2168));
#323=EDGE_LOOP('',(#2169,#2170,#2171,#2172));
#324=EDGE_LOOP('',(#2173,#2174,#2175,#2176));
#325=EDGE_LOOP('',(#2177,#2178,#2179,#2180));
#326=EDGE_LOOP('',(#2181,#2182,#2183,#2184));
#327=EDGE_LOOP('',(#2185,#2186,#2187,#2188));
#328=EDGE_LOOP('',(#2189,#2190,#2191,#2192));
#329=EDGE_LOOP('',(#2193,#2194,#2195,#2196));
#330=EDGE_LOOP('',(#2197,#2198,#2199,#2200));
#331=EDGE_LOOP('',(#2201,#2202,#2203,#2204));
#332=EDGE_LOOP('',(#2205,#2206,#2207,#2208));
#333=EDGE_LOOP('',(#2209,#2210,#2211,#2212));
#334=EDGE_LOOP('',(#2213,#2214,#2215,#2216));
#335=EDGE_LOOP('',(#2217,#2218,#2219,#2220));
#336=EDGE_LOOP('',(#2221,#2222,#2223,#2224));
#337=EDGE_LOOP('',(#2225,#2226,#2227,#2228));
#338=EDGE_LOOP('',(#2229,#2230,#2231,#2232));
#339=EDGE_LOOP('',(#2233,#2234,#2235,#2236));
#340=EDGE_LOOP('',(#2237,#2238,#2239,#2240));
#341=EDGE_LOOP('',(#2241,#2242,#2243,#2244));
#342=EDGE_LOOP('',(#2245,#2246,#2247,#2248));
#343=EDGE_LOOP('',(#2249,#2250,#2251,#2252));
#344=EDGE_LOOP('',(#2253,#2254,#2255,#2256));
#345=EDGE_LOOP('',(#2257,#2258,#2259,#2260));
#346=EDGE_LOOP('',(#2261,#2262,#2263,#2264));
#347=EDGE_LOOP('',(#2265,#2266,#2267,#2268));
#348=EDGE_LOOP('',(#2269,#2270,#2271,#2272));
#349=EDGE_LOOP('',(#2273,#2274,#2275,#2276));
#350=EDGE_LOOP('',(#2277,#2278,#2279,#2280));
#351=EDGE_LOOP('',(#2281,#2282,#2283,#2284));
#352=EDGE_LOOP('',(#2285,#2286,#2287,#2288));
#353=EDGE_LOOP('',(#2289,#2290,#2291,#2292));
#354=EDGE_LOOP('',(#2293,#2294,#2295,#2296));
#355=EDGE_LOOP('',(#2297,#2298,#2299,#2300));
#356=EDGE_LOOP('',(#2301,#2302,#2303,#2304));
#357=EDGE_LOOP('',(#2305,#2306,#2307,#2308));
#358=EDGE_LOOP('',(#2309,#2310,#2311,#2312));
#359=EDGE_LOOP('',(#2313,#2314,#2315,#2316));
#360=EDGE_LOOP('',(#2317,#2318,#2319,#2320));
#361=EDGE_LOOP('',(#2321,#2322,#2323,#2324));
#362=EDGE_LOOP('',(#2325,#2326,#2327,#2328));
#363=EDGE_LOOP('',(#2329,#2330,#2331,#2332));
#364=EDGE_LOOP('',(#2333,#2334,#2335,#2336));
#365=EDGE_LOOP('',(#2337,#2338,#2339,#2340));
#366=EDGE_LOOP('',(#2341,#2342,#2343,#2344));
#367=EDGE_LOOP('',(#2345,#2346,#2347,#2348));
#368=EDGE_LOOP('',(#2349,#2350,#2351,#2352));
#369=EDGE_LOOP('',(#2353,#2354,#2355,#2356));
#370=EDGE_LOOP('',(#2357,#2358,#2359,#2360));
#371=EDGE_LOOP('',(#2361,#2362,#2363,#2364));
#372=EDGE_LOOP('',(#2365,#2366,#2367,#2368));
#373=EDGE_LOOP('',(#2369,#2370,#2371,#2372));
#374=EDGE_LOOP('',(#2373,#2374,#2375,#2376));
#375=EDGE_LOOP('',(#2377,#2378,#2379,#2380));
#376=EDGE_LOOP('',(#2381,#2382,#2383,#2384));
#377=EDGE_LOOP('',(#2385,#2386,#2387,#2388));
#378=EDGE_LOOP('',(#2389,#2390,#2391,#2392));
#379=EDGE_LOOP('',(#2393,#2394,#2395,#2396));
#380=EDGE_LOOP('',(#2397,#2398,#2399,#2400));
#381=EDGE_LOOP('',(#2401,#2402,#2403,#2404));
#382=EDGE_LOOP('',(#2405,#2406,#2407,#2408));
#383=EDGE_LOOP('',(#2409,#2410,#2411,#2412));
#384=EDGE_LOOP('',(#2413,#2414,#2415,#2416));
#385=EDGE_LOOP('',(#2417,#2418,#2419,#2420));
#386=EDGE_LOOP('',(#2421,#2422,#2423,#2424));
#387=EDGE_LOOP('',(#2425,#2426,#2427,#2428));
#388=EDGE_LOOP('',(#2429,#2430,#2431,#2432));
#389=EDGE_LOOP('',(#2433,#2434,#2435,#2436));
#390=EDGE_LOOP('',(#2437,#2438,#2439,#2440));
#391=EDGE_LOOP('',(#2441,#2442,#2443,#2444));
#392=EDGE_LOOP('',(#2445,#2446,#2447,#2448));
#393=EDGE_LOOP('',(#2449,#2450,#2451,#2452));
#394=EDGE_LOOP('',(#2453,#2454,#2455,#2456));
#395=EDGE_LOOP('',(#2457,#2458,#2459,#2460,#2461));
#396=EDGE_LOOP('',(#2462,#2463,#2464,#2465));
#397=EDGE_LOOP('',(#2466,#2467,#2468,#2469));
#398=EDGE_LOOP('',(#2470,#2471,#2472,#2473));
#399=EDGE_LOOP('',(#2474,#2475,#2476,#2477));
#400=EDGE_LOOP('',(#2478,#2479,#2480,#2481));
#401=EDGE_LOOP('',(#2482,#2483,#2484,#2485));
#402=EDGE_LOOP('',(#2486,#2487,#2488,#2489));
#403=EDGE_LOOP('',(#2490,#2491,#2492,#2493));
#404=EDGE_LOOP('',(#2494,#2495,#2496,#2497));
#405=EDGE_LOOP('',(#2498,#2499,#2500,#2501));
#406=EDGE_LOOP('',(#2502,#2503,#2504,#2505));
#407=EDGE_LOOP('',(#2506,#2507,#2508,#2509));
#408=EDGE_LOOP('',(#2510,#2511,#2512,#2513,#2514));
#409=EDGE_LOOP('',(#2515,#2516,#2517,#2518));
#410=EDGE_LOOP('',(#2519,#2520,#2521,#2522));
#411=EDGE_LOOP('',(#2523,#2524,#2525,#2526));
#412=EDGE_LOOP('',(#2527,#2528,#2529,#2530));
#413=EDGE_LOOP('',(#2531,#2532,#2533,#2534));
#414=EDGE_LOOP('',(#2535,#2536,#2537,#2538));
#415=EDGE_LOOP('',(#2539,#2540,#2541,#2542));
#416=EDGE_LOOP('',(#2543,#2544,#2545,#2546));
#417=EDGE_LOOP('',(#2547,#2548,#2549,#2550));
#418=EDGE_LOOP('',(#2551,#2552,#2553,#2554,#2555));
#419=EDGE_LOOP('',(#2556,#2557,#2558,#2559));
#420=EDGE_LOOP('',(#2560,#2561,#2562,#2563));
#421=EDGE_LOOP('',(#2564,#2565,#2566,#2567));
#422=EDGE_LOOP('',(#2568,#2569,#2570,#2571));
#423=EDGE_LOOP('',(#2572,#2573,#2574,#2575));
#424=EDGE_LOOP('',(#2576,#2577,#2578,#2579));
#425=EDGE_LOOP('',(#2580,#2581,#2582,#2583));
#426=EDGE_LOOP('',(#2584,#2585,#2586,#2587));
#427=EDGE_LOOP('',(#2588,#2589,#2590,#2591));
#428=EDGE_LOOP('',(#2592,#2593,#2594,#2595));
#429=EDGE_LOOP('',(#2596,#2597,#2598,#2599));
#430=EDGE_LOOP('',(#2600,#2601,#2602,#2603));
#431=EDGE_LOOP('',(#2604,#2605,#2606,#2607,#2608));
#432=EDGE_LOOP('',(#2609,#2610,#2611,#2612,#2613,#2614,#2615,#2616,#2617,
#2618,#2619,#2620,#2621,#2622,#2623,#2624,#2625,#2626));
#433=EDGE_LOOP('',(#2627));
#434=EDGE_LOOP('',(#2628));
#435=EDGE_LOOP('',(#2629));
#436=EDGE_LOOP('',(#2630,#2631,#2632,#2633,#2634,#2635,#2636,#2637));
#437=EDGE_LOOP('',(#2638));
#438=EDGE_LOOP('',(#2639,#2640,#2641,#2642,#2643,#2644));
#439=CIRCLE('',#2900,1.69);
#440=CIRCLE('',#2901,1.69);
#441=CIRCLE('',#2903,1.50999999999997);
#442=CIRCLE('',#2905,0.00999999999998669);
#443=CIRCLE('',#2907,3.69);
#444=CIRCLE('',#2908,3.69000000000001);
#445=CIRCLE('',#2909,10.);
#446=CIRCLE('',#2910,5.60000000000001);
#447=CIRCLE('',#2911,0.359999999999976);
#448=CIRCLE('',#2912,1.6);
#449=CIRCLE('',#2913,0.359999999999982);
#450=CIRCLE('',#2914,5.59999999999998);
#451=CIRCLE('',#2915,0.360000000000005);
#452=CIRCLE('',#2916,1.6);
#453=CIRCLE('',#2917,0.360000000000032);
#454=CIRCLE('',#2918,5.60000000000001);
#455=CIRCLE('',#2919,0.359999999999976);
#456=CIRCLE('',#2920,1.6);
#457=CIRCLE('',#2921,0.359999999999982);
#458=CIRCLE('',#2922,5.59999999999998);
#459=CIRCLE('',#2923,0.360000000000005);
#460=CIRCLE('',#2924,1.60000000000001);
#461=CIRCLE('',#2925,0.359999999999995);
#462=CIRCLE('',#2927,0.689999999999994);
#463=CIRCLE('',#2928,0.890000000000013);
#464=CIRCLE('',#2929,1.00000000000001);
#465=CIRCLE('',#2930,1.00000000000002);
#466=CIRCLE('',#2931,0.89000000000001);
#467=CIRCLE('',#2932,0.68999999999999);
#468=CIRCLE('',#2933,0.68999999999999);
#469=CIRCLE('',#2934,1.69);
#470=CIRCLE('',#2935,1.68999999999999);
#471=CIRCLE('',#2936,0.68999999999999);
#472=CIRCLE('',#2937,2.60000000000002);
#473=CIRCLE('',#2938,1.88999999999998);
#474=CIRCLE('',#2939,1.88999999999998);
#475=CIRCLE('',#2940,1.89000000000001);
#476=CIRCLE('',#2941,1.89000000000001);
#477=CIRCLE('',#2942,2.60000000000002);
#478=CIRCLE('',#2943,2.60000000000002);
#479=CIRCLE('',#2944,2.60000000000002);
#480=CIRCLE('',#2946,0.689999999999994);
#481=CIRCLE('',#2951,1.50999999999997);
#482=CIRCLE('',#2954,1.68999999999997);
#483=CIRCLE('',#2955,10.);
#484=CIRCLE('',#2956,3.69);
#485=CIRCLE('',#2957,3.69000000000001);
#486=CIRCLE('',#2958,5.59999999999998);
#487=CIRCLE('',#2959,0.360000000000005);
#488=CIRCLE('',#2960,1.59999999999999);
#489=CIRCLE('',#2961,0.359999999999997);
#490=CIRCLE('',#2962,5.60000000000001);
#491=CIRCLE('',#2963,0.359999999999976);
#492=CIRCLE('',#2964,1.6);
#493=CIRCLE('',#2965,0.359999999999982);
#494=CIRCLE('',#2966,5.59999999999998);
#495=CIRCLE('',#2967,0.360000000000005);
#496=CIRCLE('',#2968,1.59999999999997);
#497=CIRCLE('',#2969,0.359999999999992);
#498=CIRCLE('',#2970,5.60000000000001);
#499=CIRCLE('',#2971,0.359999999999976);
#500=CIRCLE('',#2972,1.6);
#501=CIRCLE('',#2973,0.359999999999982);
#502=CIRCLE('',#2975,10.);
#503=CIRCLE('',#2976,3.69000000000001);
#504=CIRCLE('',#2977,3.69);
#505=CIRCLE('',#2978,5.60000000000001);
#506=CIRCLE('',#2979,0.359999999999995);
#507=CIRCLE('',#2980,1.60000000000001);
#508=CIRCLE('',#2981,0.360000000000005);
#509=CIRCLE('',#2982,5.59999999999998);
#510=CIRCLE('',#2983,0.359999999999982);
#511=CIRCLE('',#2984,1.6);
#512=CIRCLE('',#2985,0.359999999999976);
#513=CIRCLE('',#2986,5.60000000000001);
#514=CIRCLE('',#2987,0.360000000000032);
#515=CIRCLE('',#2988,1.6);
#516=CIRCLE('',#2989,0.360000000000005);
#517=CIRCLE('',#2990,5.59999999999998);
#518=CIRCLE('',#2991,0.359999999999982);
#519=CIRCLE('',#2992,1.6);
#520=CIRCLE('',#2993,0.359999999999976);
#521=CIRCLE('',#2995,0.68999999999999);
#522=CIRCLE('',#2997,0.00999999999997669);
#523=CIRCLE('',#2999,0.890000000000021);
#524=CIRCLE('',#3000,0.890000000000021);
#525=CIRCLE('',#3003,0.889999999999986);
#526=CIRCLE('',#3004,0.889999999999985);
#527=CIRCLE('',#3005,0.889999999999986);
#528=CIRCLE('',#3006,0.889999999999986);
#529=CIRCLE('',#3007,2.00000000000003);
#530=CIRCLE('',#3008,0.889999999999986);
#531=CIRCLE('',#3009,0.889999999999986);
#532=CIRCLE('',#3010,0.889999999999986);
#533=CIRCLE('',#3011,0.889999999999986);
#534=CIRCLE('',#3012,0.889999999999986);
#535=CIRCLE('',#3013,0.889999999999986);
#536=CIRCLE('',#3014,0.889999999999986);
#537=CIRCLE('',#3015,0.889999999999986);
#538=CIRCLE('',#3016,0.889999999999986);
#539=CIRCLE('',#3017,0.889999999999986);
#540=CIRCLE('',#3018,0.889999999999986);
#541=CIRCLE('',#3019,0.889999999999986);
#542=CIRCLE('',#3020,0.889999999999986);
#543=CIRCLE('',#3021,0.889999999999986);
#544=CIRCLE('',#3022,2.00000000000003);
#545=CIRCLE('',#3023,0.889999999999986);
#546=CIRCLE('',#3024,0.89000000000001);
#547=CIRCLE('',#3025,0.889999999999986);
#548=CIRCLE('',#3027,0.889999999999986);
#549=CIRCLE('',#3028,0.89000000000001);
#550=CIRCLE('',#3029,0.889999999999986);
#551=CIRCLE('',#3030,2.00000000000003);
#552=CIRCLE('',#3031,0.889999999999986);
#553=CIRCLE('',#3032,0.889999999999986);
#554=CIRCLE('',#3033,0.889999999999986);
#555=CIRCLE('',#3034,0.889999999999986);
#556=CIRCLE('',#3035,0.889999999999986);
#557=CIRCLE('',#3036,0.889999999999986);
#558=CIRCLE('',#3037,0.889999999999986);
#559=CIRCLE('',#3038,0.889999999999986);
#560=CIRCLE('',#3039,0.889999999999986);
#561=CIRCLE('',#3040,0.889999999999986);
#562=CIRCLE('',#3041,0.889999999999986);
#563=CIRCLE('',#3042,0.889999999999986);
#564=CIRCLE('',#3043,0.889999999999986);
#565=CIRCLE('',#3044,0.889999999999986);
#566=CIRCLE('',#3045,2.00000000000003);
#567=CIRCLE('',#3046,0.889999999999986);
#568=CIRCLE('',#3047,0.889999999999986);
#569=CIRCLE('',#3048,0.889999999999985);
#570=CIRCLE('',#3049,0.889999999999986);
#571=CIRCLE('',#3051,1.00000000000001);
#572=CIRCLE('',#3053,3.69000000000001);
#573=CIRCLE('',#3054,3.69);
#574=CIRCLE('',#3055,10.);
#575=CIRCLE('',#3056,1.68999999999997);
#576=CIRCLE('',#3057,5.59999999999998);
#577=CIRCLE('',#3058,0.359999999999982);
#578=CIRCLE('',#3059,1.6);
#579=CIRCLE('',#3060,0.359999999999976);
#580=CIRCLE('',#3061,5.60000000000001);
#581=CIRCLE('',#3062,0.359999999999992);
#582=CIRCLE('',#3063,1.59999999999997);
#583=CIRCLE('',#3064,0.360000000000005);
#584=CIRCLE('',#3065,5.59999999999998);
#585=CIRCLE('',#3066,0.359999999999982);
#586=CIRCLE('',#3067,1.6);
#587=CIRCLE('',#3068,0.359999999999976);
#588=CIRCLE('',#3069,5.60000000000001);
#589=CIRCLE('',#3070,0.359999999999997);
#590=CIRCLE('',#3071,1.59999999999999);
#591=CIRCLE('',#3072,0.360000000000005);
#592=CIRCLE('',#3090,2.60000000000002);
#593=CIRCLE('',#3109,1.88999999999998);
#594=CIRCLE('',#3112,1.89000000000001);
#595=CIRCLE('',#3115,1.89000000000001);
#596=CIRCLE('',#3118,1.88999999999998);
#597=CIRCLE('',#3120,2.60000000000002);
#598=CIRCLE('',#3122,2.60000000000002);
#599=CIRCLE('',#3124,2.60000000000002);
#600=CIRCLE('',#3171,1.00000000000002);
#601=CIRCLE('',#3173,0.89000000000001);
#602=CIRCLE('',#3176,0.68999999999999);
#603=CIRCLE('',#3187,1.69);
#604=CIRCLE('',#3190,1.68999999999999);
#605=CIRCLE('',#3193,0.68999999999999);
#606=CIRCLE('',#3203,0.890000000000013);
#607=LINE('',#4063,#841);
#608=LINE('',#4065,#842);
#609=LINE('',#4069,#843);
#610=LINE('',#4073,#844);
#611=LINE('',#4133,#845);
#612=LINE('',#4153,#846);
#613=LINE('',#4156,#847);
#614=LINE('',#4158,#848);
#615=LINE('',#4160,#849);
#616=LINE('',#4164,#850);
#617=LINE('',#4168,#851);
#618=LINE('',#4171,#852);
#619=LINE('',#4229,#853);
#620=LINE('',#4253,#854);
#621=LINE('',#4258,#855);
#622=LINE('',#4264,#856);
#623=LINE('',#4270,#857);
#624=LINE('',#4274,#858);
#625=LINE('',#4278,#859);
#626=LINE('',#4282,#860);
#627=LINE('',#4286,#861);
#628=LINE('',#4294,#862);
#629=LINE('',#4298,#863);
#630=LINE('',#4302,#864);
#631=LINE('',#4305,#865);
#632=LINE('',#4314,#866);
#633=LINE('',#4317,#867);
#634=LINE('',#4326,#868);
#635=LINE('',#4367,#869);
#636=LINE('',#4369,#870);
#637=LINE('',#4371,#871);
#638=LINE('',#4372,#872);
#639=LINE('',#4375,#873);
#640=LINE('',#4511,#874);
#641=LINE('',#4514,#875);
#642=LINE('',#4515,#876);
#643=LINE('',#4517,#877);
#644=LINE('',#4521,#878);
#645=LINE('',#4525,#879);
#646=LINE('',#4529,#880);
#647=LINE('',#4588,#881);
#648=LINE('',#4610,#882);
#649=LINE('',#4613,#883);
#650=LINE('',#4617,#884);
#651=LINE('',#4621,#885);
#652=LINE('',#4624,#886);
#653=LINE('',#4659,#887);
#654=LINE('',#4662,#888);
#655=LINE('',#4682,#889);
#656=LINE('',#4712,#890);
#657=LINE('',#4714,#891);
#658=LINE('',#4718,#892);
#659=LINE('',#4722,#893);
#660=LINE('',#4738,#894);
#661=LINE('',#4770,#895);
#662=LINE('',#4778,#896);
#663=LINE('',#4779,#897);
#664=LINE('',#4781,#898);
#665=LINE('',#4785,#899);
#666=LINE('',#4789,#900);
#667=LINE('',#4793,#901);
#668=LINE('',#4797,#902);
#669=LINE('',#4801,#903);
#670=LINE('',#4805,#904);
#671=LINE('',#4809,#905);
#672=LINE('',#4813,#906);
#673=LINE('',#4817,#907);
#674=LINE('',#4821,#908);
#675=LINE('',#4825,#909);
#676=LINE('',#4829,#910);
#677=LINE('',#4833,#911);
#678=LINE('',#4837,#912);
#679=LINE('',#4841,#913);
#680=LINE('',#4845,#914);
#681=LINE('',#4849,#915);
#682=LINE('',#4853,#916);
#683=LINE('',#4857,#917);
#684=LINE('',#4861,#918);
#685=LINE('',#4865,#919);
#686=LINE('',#4869,#920);
#687=LINE('',#4872,#921);
#688=LINE('',#4875,#922);
#689=LINE('',#4879,#923);
#690=LINE('',#4883,#924);
#691=LINE('',#4887,#925);
#692=LINE('',#4891,#926);
#693=LINE('',#4895,#927);
#694=LINE('',#4899,#928);
#695=LINE('',#4903,#929);
#696=LINE('',#4907,#930);
#697=LINE('',#4911,#931);
#698=LINE('',#4915,#932);
#699=LINE('',#4919,#933);
#700=LINE('',#4923,#934);
#701=LINE('',#4927,#935);
#702=LINE('',#4931,#936);
#703=LINE('',#4935,#937);
#704=LINE('',#4939,#938);
#705=LINE('',#4943,#939);
#706=LINE('',#4947,#940);
#707=LINE('',#4951,#941);
#708=LINE('',#4955,#942);
#709=LINE('',#4959,#943);
#710=LINE('',#4963,#944);
#711=LINE('',#4966,#945);
#712=LINE('',#4968,#946);
#713=LINE('',#4974,#947);
#714=LINE('',#4978,#948);
#715=LINE('',#4982,#949);
#716=LINE('',#5040,#950);
#717=LINE('',#5062,#951);
#718=LINE('',#5064,#952);
#719=LINE('',#5065,#953);
#720=LINE('',#5067,#954);
#721=LINE('',#5069,#955);
#722=LINE('',#5071,#956);
#723=LINE('',#5073,#957);
#724=LINE('',#5075,#958);
#725=LINE('',#5077,#959);
#726=LINE('',#5079,#960);
#727=LINE('',#5081,#961);
#728=LINE('',#5083,#962);
#729=LINE('',#5085,#963);
#730=LINE('',#5087,#964);
#731=LINE('',#5089,#965);
#732=LINE('',#5091,#966);
#733=LINE('',#5093,#967);
#734=LINE('',#5097,#968);
#735=LINE('',#5100,#969);
#736=LINE('',#5101,#970);
#737=LINE('',#5103,#971);
#738=LINE('',#5105,#972);
#739=LINE('',#5107,#973);
#740=LINE('',#5109,#974);
#741=LINE('',#5111,#975);
#742=LINE('',#5113,#976);
#743=LINE('',#5115,#977);
#744=LINE('',#5117,#978);
#745=LINE('',#5119,#979);
#746=LINE('',#5121,#980);
#747=LINE('',#5123,#981);
#748=LINE('',#5125,#982);
#749=LINE('',#5127,#983);
#750=LINE('',#5129,#984);
#751=LINE('',#5133,#985);
#752=LINE('',#5135,#986);
#753=LINE('',#5136,#987);
#754=LINE('',#5140,#988);
#755=LINE('',#5143,#989);
#756=LINE('',#5144,#990);
#757=LINE('',#5148,#991);
#758=LINE('',#5151,#992);
#759=LINE('',#5152,#993);
#760=LINE('',#5156,#994);
#761=LINE('',#5159,#995);
#762=LINE('',#5160,#996);
#763=LINE('',#5165,#997);
#764=LINE('',#5169,#998);
#765=LINE('',#5173,#999);
#766=LINE('',#5176,#1000);
#767=LINE('',#5177,#1001);
#768=LINE('',#5179,#1002);
#769=LINE('',#5181,#1003);
#770=LINE('',#5183,#1004);
#771=LINE('',#5185,#1005);
#772=LINE('',#5187,#1006);
#773=LINE('',#5189,#1007);
#774=LINE('',#5191,#1008);
#775=LINE('',#5193,#1009);
#776=LINE('',#5195,#1010);
#777=LINE('',#5197,#1011);
#778=LINE('',#5199,#1012);
#779=LINE('',#5201,#1013);
#780=LINE('',#5203,#1014);
#781=LINE('',#5205,#1015);
#782=LINE('',#5207,#1016);
#783=LINE('',#5209,#1017);
#784=LINE('',#5211,#1018);
#785=LINE('',#5213,#1019);
#786=LINE('',#5215,#1020);
#787=LINE('',#5217,#1021);
#788=LINE('',#5219,#1022);
#789=LINE('',#5221,#1023);
#790=LINE('',#5223,#1024);
#791=LINE('',#5225,#1025);
#792=LINE('',#5227,#1026);
#793=LINE('',#5229,#1027);
#794=LINE('',#5231,#1028);
#795=LINE('',#5233,#1029);
#796=LINE('',#5235,#1030);
#797=LINE('',#5237,#1031);
#798=LINE('',#5239,#1032);
#799=LINE('',#5241,#1033);
#800=LINE('',#5243,#1034);
#801=LINE('',#5245,#1035);
#802=LINE('',#5247,#1036);
#803=LINE('',#5249,#1037);
#804=LINE('',#5251,#1038);
#805=LINE('',#5253,#1039);
#806=LINE('',#5255,#1040);
#807=LINE('',#5257,#1041);
#808=LINE('',#5259,#1042);
#809=LINE('',#5261,#1043);
#810=LINE('',#5263,#1044);
#811=LINE('',#5290,#1045);
#812=LINE('',#5294,#1046);
#813=LINE('',#5297,#1047);
#814=LINE('',#5298,#1048);
#815=LINE('',#5321,#1049);
#816=LINE('',#5324,#1050);
#817=LINE('',#5326,#1051);
#818=LINE('',#5328,#1052);
#819=LINE('',#5330,#1053);
#820=LINE('',#5332,#1054);
#821=LINE('',#5334,#1055);
#822=LINE('',#5356,#1056);
#823=LINE('',#5383,#1057);
#824=LINE('',#5384,#1058);
#825=LINE('',#5388,#1059);
#826=LINE('',#5391,#1060);
#827=LINE('',#5392,#1061);
#828=LINE('',#5396,#1062);
#829=LINE('',#5399,#1063);
#830=LINE('',#5400,#1064);
#831=LINE('',#5423,#1065);
#832=LINE('',#5441,#1066);
#833=LINE('',#5443,#1067);
#834=LINE('',#5445,#1068);
#835=LINE('',#5447,#1069);
#836=LINE('',#5449,#1070);
#837=LINE('',#5451,#1071);
#838=LINE('',#5473,#1072);
#839=LINE('',#5500,#1073);
#840=LINE('',#5501,#1074);
#841=VECTOR('',#3211,10.);
#842=VECTOR('',#3212,10.);
#843=VECTOR('',#3215,10.);
#844=VECTOR('',#3220,10.);
#845=VECTOR('',#3223,10.);
#846=VECTOR('',#3226,10.);
#847=VECTOR('',#3229,10.);
#848=VECTOR('',#3232,10.);
#849=VECTOR('',#3233,10.);
#850=VECTOR('',#3236,10.);
#851=VECTOR('',#3239,10.);
#852=VECTOR('',#3242,10.);
#853=VECTOR('',#3275,10.);
#854=VECTOR('',#3276,10.);
#855=VECTOR('',#3281,10.);
#856=VECTOR('',#3286,10.);
#857=VECTOR('',#3291,10.);
#858=VECTOR('',#3294,10.);
#859=VECTOR('',#3297,10.);
#860=VECTOR('',#3300,10.);
#861=VECTOR('',#3303,10.);
#862=VECTOR('',#3310,10.);
#863=VECTOR('',#3313,10.);
#864=VECTOR('',#3316,10.);
#865=VECTOR('',#3319,10.);
#866=VECTOR('',#3328,10.);
#867=VECTOR('',#3331,10.);
#868=VECTOR('',#3336,10.);
#869=VECTOR('',#3339,10.);
#870=VECTOR('',#3340,10.);
#871=VECTOR('',#3341,10.);
#872=VECTOR('',#3342,10.);
#873=VECTOR('',#3345,10.);
#874=VECTOR('',#3348,10.);
#875=VECTOR('',#3351,10.);
#876=VECTOR('',#3352,10.);
#877=VECTOR('',#3355,10.);
#878=VECTOR('',#3358,10.);
#879=VECTOR('',#3361,10.);
#880=VECTOR('',#3364,10.);
#881=VECTOR('',#3399,10.);
#882=VECTOR('',#3400,10.);
#883=VECTOR('',#3403,10.);
#884=VECTOR('',#3406,10.);
#885=VECTOR('',#3409,10.);
#886=VECTOR('',#3412,10.);
#887=VECTOR('',#3447,10.);
#888=VECTOR('',#3450,10.);
#889=VECTOR('',#3455,10.);
#890=VECTOR('',#3458,10.);
#891=VECTOR('',#3459,10.);
#892=VECTOR('',#3462,10.);
#893=VECTOR('',#3467,10.);
#894=VECTOR('',#3468,10.);
#895=VECTOR('',#3469,10.);
#896=VECTOR('',#3470,10.);
#897=VECTOR('',#3471,10.);
#898=VECTOR('',#3474,10.);
#899=VECTOR('',#3477,10.);
#900=VECTOR('',#3480,10.);
#901=VECTOR('',#3483,10.);
#902=VECTOR('',#3486,10.);
#903=VECTOR('',#3489,10.);
#904=VECTOR('',#3492,10.);
#905=VECTOR('',#3495,10.);
#906=VECTOR('',#3498,10.);
#907=VECTOR('',#3501,10.);
#908=VECTOR('',#3504,10.);
#909=VECTOR('',#3507,10.);
#910=VECTOR('',#3510,10.);
#911=VECTOR('',#3513,10.);
#912=VECTOR('',#3516,10.);
#913=VECTOR('',#3519,10.);
#914=VECTOR('',#3522,10.);
#915=VECTOR('',#3525,10.);
#916=VECTOR('',#3528,10.);
#917=VECTOR('',#3531,10.);
#918=VECTOR('',#3534,10.);
#919=VECTOR('',#3537,10.);
#920=VECTOR('',#3540,10.);
#921=VECTOR('',#3543,10.);
#922=VECTOR('',#3546,10.);
#923=VECTOR('',#3549,10.);
#924=VECTOR('',#3552,10.);
#925=VECTOR('',#3555,10.);
#926=VECTOR('',#3558,10.);
#927=VECTOR('',#3561,10.);
#928=VECTOR('',#3564,10.);
#929=VECTOR('',#3567,10.);
#930=VECTOR('',#3570,10.);
#931=VECTOR('',#3573,10.);
#932=VECTOR('',#3576,10.);
#933=VECTOR('',#3579,10.);
#934=VECTOR('',#3582,10.);
#935=VECTOR('',#3585,10.);
#936=VECTOR('',#3588,10.);
#937=VECTOR('',#3591,10.);
#938=VECTOR('',#3594,10.);
#939=VECTOR('',#3597,10.);
#940=VECTOR('',#3600,10.);
#941=VECTOR('',#3603,10.);
#942=VECTOR('',#3606,10.);
#943=VECTOR('',#3609,10.);
#944=VECTOR('',#3612,10.);
#945=VECTOR('',#3617,10.);
#946=VECTOR('',#3618,10.);
#947=VECTOR('',#3625,10.);
#948=VECTOR('',#3628,10.);
#949=VECTOR('',#3631,10.);
#950=VECTOR('',#3666,10.);
#951=VECTOR('',#3667,10.);
#952=VECTOR('',#3670,10.);
#953=VECTOR('',#3671,10.);
#954=VECTOR('',#3674,10.);
#955=VECTOR('',#3677,10.);
#956=VECTOR('',#3680,10.);
#957=VECTOR('',#3683,10.);
#958=VECTOR('',#3686,10.);
#959=VECTOR('',#3689,10.);
#960=VECTOR('',#3692,10.);
#961=VECTOR('',#3695,10.);
#962=VECTOR('',#3698,10.);
#963=VECTOR('',#3701,10.);
#964=VECTOR('',#3704,10.);
#965=VECTOR('',#3707,10.);
#966=VECTOR('',#3710,10.);
#967=VECTOR('',#3713,10.);
#968=VECTOR('',#3718,2.60000000000002);
#969=VECTOR('',#3723,10.);
#970=VECTOR('',#3724,10.);
#971=VECTOR('',#3727,10.);
#972=VECTOR('',#3730,10.);
#973=VECTOR('',#3733,10.);
#974=VECTOR('',#3736,10.);
#975=VECTOR('',#3739,10.);
#976=VECTOR('',#3742,10.);
#977=VECTOR('',#3745,10.);
#978=VECTOR('',#3748,10.);
#979=VECTOR('',#3751,10.);
#980=VECTOR('',#3754,10.);
#981=VECTOR('',#3757,10.);
#982=VECTOR('',#3760,10.);
#983=VECTOR('',#3763,10.);
#984=VECTOR('',#3766,10.);
#985=VECTOR('',#3771,10.);
#986=VECTOR('',#3772,10.);
#987=VECTOR('',#3773,10.);
#988=VECTOR('',#3778,10.);
#989=VECTOR('',#3781,10.);
#990=VECTOR('',#3782,10.);
#991=VECTOR('',#3787,10.);
#992=VECTOR('',#3790,10.);
#993=VECTOR('',#3791,10.);
#994=VECTOR('',#3796,10.);
#995=VECTOR('',#3799,10.);
#996=VECTOR('',#3800,10.);
#997=VECTOR('',#3807,2.60000000000002);
#998=VECTOR('',#3812,2.60000000000002);
#999=VECTOR('',#3817,2.60000000000002);
#1000=VECTOR('',#3822,10.);
#1001=VECTOR('',#3823,10.);
#1002=VECTOR('',#3826,10.);
#1003=VECTOR('',#3829,10.);
#1004=VECTOR('',#3832,10.);
#1005=VECTOR('',#3835,10.);
#1006=VECTOR('',#3838,10.);
#1007=VECTOR('',#3841,10.);
#1008=VECTOR('',#3844,10.);
#1009=VECTOR('',#3847,10.);
#1010=VECTOR('',#3850,10.);
#1011=VECTOR('',#3853,10.);
#1012=VECTOR('',#3856,10.);
#1013=VECTOR('',#3859,10.);
#1014=VECTOR('',#3862,10.);
#1015=VECTOR('',#3865,10.);
#1016=VECTOR('',#3868,10.);
#1017=VECTOR('',#3871,10.);
#1018=VECTOR('',#3874,10.);
#1019=VECTOR('',#3877,10.);
#1020=VECTOR('',#3880,10.);
#1021=VECTOR('',#3883,10.);
#1022=VECTOR('',#3886,10.);
#1023=VECTOR('',#3889,10.);
#1024=VECTOR('',#3892,10.);
#1025=VECTOR('',#3895,10.);
#1026=VECTOR('',#3898,10.);
#1027=VECTOR('',#3901,10.);
#1028=VECTOR('',#3904,10.);
#1029=VECTOR('',#3907,10.);
#1030=VECTOR('',#3910,10.);
#1031=VECTOR('',#3913,10.);
#1032=VECTOR('',#3916,10.);
#1033=VECTOR('',#3919,10.);
#1034=VECTOR('',#3922,10.);
#1035=VECTOR('',#3925,10.);
#1036=VECTOR('',#3928,10.);
#1037=VECTOR('',#3931,10.);
#1038=VECTOR('',#3934,10.);
#1039=VECTOR('',#3937,10.);
#1040=VECTOR('',#3940,10.);
#1041=VECTOR('',#3943,10.);
#1042=VECTOR('',#3946,10.);
#1043=VECTOR('',#3949,10.);
#1044=VECTOR('',#3952,10.);
#1045=VECTOR('',#3959,10.);
#1046=VECTOR('',#3964,10.);
#1047=VECTOR('',#3967,10.);
#1048=VECTOR('',#3968,10.);
#1049=VECTOR('',#3973,10.);
#1050=VECTOR('',#3978,10.);
#1051=VECTOR('',#3981,10.);
#1052=VECTOR('',#3984,10.);
#1053=VECTOR('',#3987,10.);
#1054=VECTOR('',#3990,10.);
#1055=VECTOR('',#3993,10.);
#1056=VECTOR('',#3996,10.);
#1057=VECTOR('',#3999,10.);
#1058=VECTOR('',#4000,10.);
#1059=VECTOR('',#4005,10.);
#1060=VECTOR('',#4008,10.);
#1061=VECTOR('',#4009,10.);
#1062=VECTOR('',#4014,10.);
#1063=VECTOR('',#4017,10.);
#1064=VECTOR('',#4018,10.);
#1065=VECTOR('',#4023,10.);
#1066=VECTOR('',#4026,10.);
#1067=VECTOR('',#4029,10.);
#1068=VECTOR('',#4032,10.);
#1069=VECTOR('',#4035,10.);
#1070=VECTOR('',#4038,10.);
#1071=VECTOR('',#4041,10.);
#1072=VECTOR('',#4044,10.);
#1073=VECTOR('',#4047,10.);
#1074=VECTOR('',#4048,10.);
#1075=VERTEX_POINT('',#4061);
#1076=VERTEX_POINT('',#4062);
#1077=VERTEX_POINT('',#4064);
#1078=VERTEX_POINT('',#4066);
#1079=VERTEX_POINT('',#4068);
#1080=VERTEX_POINT('',#4072);
#1081=VERTEX_POINT('',#4074);
#1082=VERTEX_POINT('',#4076);
#1083=VERTEX_POINT('',#4082);
#1084=VERTEX_POINT('',#4132);
#1085=VERTEX_POINT('',#4134);
#1086=VERTEX_POINT('',#4141);
#1087=VERTEX_POINT('',#4152);
#1088=VERTEX_POINT('',#4154);
#1089=VERTEX_POINT('',#4159);
#1090=VERTEX_POINT('',#4161);
#1091=VERTEX_POINT('',#4163);
#1092=VERTEX_POINT('',#4165);
#1093=VERTEX_POINT('',#4167);
#1094=VERTEX_POINT('',#4169);
#1095=VERTEX_POINT('',#4172);
#1096=VERTEX_POINT('',#4173);
#1097=VERTEX_POINT('',#4175);
#1098=VERTEX_POINT('',#4177);
#1099=VERTEX_POINT('',#4179);
#1100=VERTEX_POINT('',#4181);
#1101=VERTEX_POINT('',#4183);
#1102=VERTEX_POINT('',#4185);
#1103=VERTEX_POINT('',#4187);
#1104=VERTEX_POINT('',#4189);
#1105=VERTEX_POINT('',#4191);
#1106=VERTEX_POINT('',#4193);
#1107=VERTEX_POINT('',#4195);
#1108=VERTEX_POINT('',#4197);
#1109=VERTEX_POINT('',#4199);
#1110=VERTEX_POINT('',#4201);
#1111=VERTEX_POINT('',#4228);
#1112=VERTEX_POINT('',#4230);
#1113=VERTEX_POINT('',#4255);
#1114=VERTEX_POINT('',#4257);
#1115=VERTEX_POINT('',#4259);
#1116=VERTEX_POINT('',#4261);
#1117=VERTEX_POINT('',#4263);
#1118=VERTEX_POINT('',#4265);
#1119=VERTEX_POINT('',#4267);
#1120=VERTEX_POINT('',#4269);
#1121=VERTEX_POINT('',#4271);
#1122=VERTEX_POINT('',#4273);
#1123=VERTEX_POINT('',#4275);
#1124=VERTEX_POINT('',#4277);
#1125=VERTEX_POINT('',#4279);
#1126=VERTEX_POINT('',#4281);
#1127=VERTEX_POINT('',#4283);
#1128=VERTEX_POINT('',#4285);
#1129=VERTEX_POINT('',#4288);
#1130=VERTEX_POINT('',#4290);
#1131=VERTEX_POINT('',#4291);
#1132=VERTEX_POINT('',#4293);
#1133=VERTEX_POINT('',#4295);
#1134=VERTEX_POINT('',#4297);
#1135=VERTEX_POINT('',#4299);
#1136=VERTEX_POINT('',#4301);
#1137=VERTEX_POINT('',#4303);
#1138=VERTEX_POINT('',#4306);
#1139=VERTEX_POINT('',#4308);
#1140=VERTEX_POINT('',#4310);
#1141=VERTEX_POINT('',#4313);
#1142=VERTEX_POINT('',#4315);
#1143=VERTEX_POINT('',#4319);
#1144=VERTEX_POINT('',#4327);
#1145=VERTEX_POINT('',#4365);
#1146=VERTEX_POINT('',#4366);
#1147=VERTEX_POINT('',#4368);
#1148=VERTEX_POINT('',#4370);
#1149=VERTEX_POINT('',#4374);
#1150=VERTEX_POINT('',#4376);
#1151=VERTEX_POINT('',#4381);
#1152=VERTEX_POINT('',#4436);
#1153=VERTEX_POINT('',#4486);
#1154=VERTEX_POINT('',#4509);
#1155=VERTEX_POINT('',#4510);
#1156=VERTEX_POINT('',#4512);
#1157=VERTEX_POINT('',#4518);
#1158=VERTEX_POINT('',#4520);
#1159=VERTEX_POINT('',#4522);
#1160=VERTEX_POINT('',#4524);
#1161=VERTEX_POINT('',#4526);
#1162=VERTEX_POINT('',#4528);
#1163=VERTEX_POINT('',#4531);
#1164=VERTEX_POINT('',#4532);
#1165=VERTEX_POINT('',#4534);
#1166=VERTEX_POINT('',#4536);
#1167=VERTEX_POINT('',#4538);
#1168=VERTEX_POINT('',#4540);
#1169=VERTEX_POINT('',#4542);
#1170=VERTEX_POINT('',#4544);
#1171=VERTEX_POINT('',#4546);
#1172=VERTEX_POINT('',#4548);
#1173=VERTEX_POINT('',#4550);
#1174=VERTEX_POINT('',#4552);
#1175=VERTEX_POINT('',#4554);
#1176=VERTEX_POINT('',#4556);
#1177=VERTEX_POINT('',#4558);
#1178=VERTEX_POINT('',#4560);
#1179=VERTEX_POINT('',#4587);
#1180=VERTEX_POINT('',#4589);
#1181=VERTEX_POINT('',#4612);
#1182=VERTEX_POINT('',#4614);
#1183=VERTEX_POINT('',#4616);
#1184=VERTEX_POINT('',#4618);
#1185=VERTEX_POINT('',#4620);
#1186=VERTEX_POINT('',#4622);
#1187=VERTEX_POINT('',#4625);
#1188=VERTEX_POINT('',#4626);
#1189=VERTEX_POINT('',#4628);
#1190=VERTEX_POINT('',#4630);
#1191=VERTEX_POINT('',#4632);
#1192=VERTEX_POINT('',#4634);
#1193=VERTEX_POINT('',#4636);
#1194=VERTEX_POINT('',#4638);
#1195=VERTEX_POINT('',#4640);
#1196=VERTEX_POINT('',#4642);
#1197=VERTEX_POINT('',#4644);
#1198=VERTEX_POINT('',#4646);
#1199=VERTEX_POINT('',#4648);
#1200=VERTEX_POINT('',#4650);
#1201=VERTEX_POINT('',#4652);
#1202=VERTEX_POINT('',#4654);
#1203=VERTEX_POINT('',#4658);
#1204=VERTEX_POINT('',#4660);
#1205=VERTEX_POINT('',#4664);
#1206=VERTEX_POINT('',#4683);
#1207=VERTEX_POINT('',#4710);
#1208=VERTEX_POINT('',#4711);
#1209=VERTEX_POINT('',#4713);
#1210=VERTEX_POINT('',#4715);
#1211=VERTEX_POINT('',#4717);
#1212=VERTEX_POINT('',#4721);
#1213=VERTEX_POINT('',#4723);
#1214=VERTEX_POINT('',#4730);
#1215=VERTEX_POINT('',#4737);
#1216=VERTEX_POINT('',#4739);
#1217=VERTEX_POINT('',#4768);
#1218=VERTEX_POINT('',#4769);
#1219=VERTEX_POINT('',#4771);
#1220=VERTEX_POINT('',#4782);
#1221=VERTEX_POINT('',#4784);
#1222=VERTEX_POINT('',#4786);
#1223=VERTEX_POINT('',#4788);
#1224=VERTEX_POINT('',#4790);
#1225=VERTEX_POINT('',#4792);
#1226=VERTEX_POINT('',#4794);
#1227=VERTEX_POINT('',#4796);
#1228=VERTEX_POINT('',#4798);
#1229=VERTEX_POINT('',#4800);
#1230=VERTEX_POINT('',#4802);
#1231=VERTEX_POINT('',#4804);
#1232=VERTEX_POINT('',#4806);
#1233=VERTEX_POINT('',#4808);
#1234=VERTEX_POINT('',#4810);
#1235=VERTEX_POINT('',#4812);
#1236=VERTEX_POINT('',#4814);
#1237=VERTEX_POINT('',#4816);
#1238=VERTEX_POINT('',#4818);
#1239=VERTEX_POINT('',#4820);
#1240=VERTEX_POINT('',#4822);
#1241=VERTEX_POINT('',#4824);
#1242=VERTEX_POINT('',#4826);
#1243=VERTEX_POINT('',#4828);
#1244=VERTEX_POINT('',#4830);
#1245=VERTEX_POINT('',#4832);
#1246=VERTEX_POINT('',#4834);
#1247=VERTEX_POINT('',#4836);
#1248=VERTEX_POINT('',#4838);
#1249=VERTEX_POINT('',#4840);
#1250=VERTEX_POINT('',#4842);
#1251=VERTEX_POINT('',#4844);
#1252=VERTEX_POINT('',#4846);
#1253=VERTEX_POINT('',#4848);
#1254=VERTEX_POINT('',#4850);
#1255=VERTEX_POINT('',#4852);
#1256=VERTEX_POINT('',#4854);
#1257=VERTEX_POINT('',#4856);
#1258=VERTEX_POINT('',#4858);
#1259=VERTEX_POINT('',#4860);
#1260=VERTEX_POINT('',#4862);
#1261=VERTEX_POINT('',#4864);
#1262=VERTEX_POINT('',#4866);
#1263=VERTEX_POINT('',#4868);
#1264=VERTEX_POINT('',#4870);
#1265=VERTEX_POINT('',#4874);
#1266=VERTEX_POINT('',#4876);
#1267=VERTEX_POINT('',#4878);
#1268=VERTEX_POINT('',#4880);
#1269=VERTEX_POINT('',#4882);
#1270=VERTEX_POINT('',#4884);
#1271=VERTEX_POINT('',#4886);
#1272=VERTEX_POINT('',#4888);
#1273=VERTEX_POINT('',#4890);
#1274=VERTEX_POINT('',#4892);
#1275=VERTEX_POINT('',#4894);
#1276=VERTEX_POINT('',#4896);
#1277=VERTEX_POINT('',#4898);
#1278=VERTEX_POINT('',#4900);
#1279=VERTEX_POINT('',#4902);
#1280=VERTEX_POINT('',#4904);
#1281=VERTEX_POINT('',#4906);
#1282=VERTEX_POINT('',#4908);
#1283=VERTEX_POINT('',#4910);
#1284=VERTEX_POINT('',#4912);
#1285=VERTEX_POINT('',#4914);
#1286=VERTEX_POINT('',#4916);
#1287=VERTEX_POINT('',#4918);
#1288=VERTEX_POINT('',#4920);
#1289=VERTEX_POINT('',#4922);
#1290=VERTEX_POINT('',#4924);
#1291=VERTEX_POINT('',#4926);
#1292=VERTEX_POINT('',#4928);
#1293=VERTEX_POINT('',#4930);
#1294=VERTEX_POINT('',#4932);
#1295=VERTEX_POINT('',#4934);
#1296=VERTEX_POINT('',#4936);
#1297=VERTEX_POINT('',#4938);
#1298=VERTEX_POINT('',#4940);
#1299=VERTEX_POINT('',#4942);
#1300=VERTEX_POINT('',#4944);
#1301=VERTEX_POINT('',#4946);
#1302=VERTEX_POINT('',#4948);
#1303=VERTEX_POINT('',#4950);
#1304=VERTEX_POINT('',#4952);
#1305=VERTEX_POINT('',#4954);
#1306=VERTEX_POINT('',#4956);
#1307=VERTEX_POINT('',#4958);
#1308=VERTEX_POINT('',#4960);
#1309=VERTEX_POINT('',#4962);
#1310=VERTEX_POINT('',#4967);
#1311=VERTEX_POINT('',#4971);
#1312=VERTEX_POINT('',#4973);
#1313=VERTEX_POINT('',#4975);
#1314=VERTEX_POINT('',#4977);
#1315=VERTEX_POINT('',#4979);
#1316=VERTEX_POINT('',#4981);
#1317=VERTEX_POINT('',#4984);
#1318=VERTEX_POINT('',#4985);
#1319=VERTEX_POINT('',#4987);
#1320=VERTEX_POINT('',#4989);
#1321=VERTEX_POINT('',#4991);
#1322=VERTEX_POINT('',#4993);
#1323=VERTEX_POINT('',#4995);
#1324=VERTEX_POINT('',#4997);
#1325=VERTEX_POINT('',#4999);
#1326=VERTEX_POINT('',#5001);
#1327=VERTEX_POINT('',#5003);
#1328=VERTEX_POINT('',#5005);
#1329=VERTEX_POINT('',#5007);
#1330=VERTEX_POINT('',#5009);
#1331=VERTEX_POINT('',#5011);
#1332=VERTEX_POINT('',#5013);
#1333=VERTEX_POINT('',#5041);
#1334=VERTEX_POINT('',#5096);
#1335=VERTEX_POINT('',#5132);
#1336=VERTEX_POINT('',#5134);
#1337=VERTEX_POINT('',#5138);
#1338=VERTEX_POINT('',#5142);
#1339=VERTEX_POINT('',#5146);
#1340=VERTEX_POINT('',#5150);
#1341=VERTEX_POINT('',#5154);
#1342=VERTEX_POINT('',#5158);
#1343=VERTEX_POINT('',#5164);
#1344=VERTEX_POINT('',#5168);
#1345=VERTEX_POINT('',#5172);
#1346=VERTEX_POINT('',#5288);
#1347=VERTEX_POINT('',#5292);
#1348=VERTEX_POINT('',#5296);
#1349=VERTEX_POINT('',#5382);
#1350=VERTEX_POINT('',#5386);
#1351=VERTEX_POINT('',#5390);
#1352=VERTEX_POINT('',#5394);
#1353=VERTEX_POINT('',#5398);
#1354=VERTEX_POINT('',#5499);
#1355=EDGE_CURVE('',#1075,#1076,#607,.T.);
#1356=EDGE_CURVE('',#1076,#1077,#608,.T.);
#1357=EDGE_CURVE('',#1078,#1077,#439,.T.);
#1358=EDGE_CURVE('',#1079,#1078,#609,.T.);
#1359=EDGE_CURVE('',#1075,#1079,#440,.T.);
#1360=EDGE_CURVE('',#1080,#1075,#610,.T.);
#1361=EDGE_CURVE('',#1081,#1080,#441,.T.);
#1362=EDGE_CURVE('',#1082,#1081,#95,.T.);
#1363=EDGE_CURVE('',#1082,#1083,#96,.T.);
#1364=EDGE_CURVE('',#1083,#1084,#611,.T.);
#1365=EDGE_CURVE('',#1084,#1085,#97,.T.);
#1366=EDGE_CURVE('',#1086,#1085,#98,.T.);
#1367=EDGE_CURVE('',#1086,#1075,#99,.T.);
#1368=EDGE_CURVE('',#1087,#1080,#612,.T.);
#1369=EDGE_CURVE('',#1088,#1087,#442,.T.);
#1370=EDGE_CURVE('',#1081,#1088,#613,.T.);
#1371=EDGE_CURVE('',#1077,#1087,#614,.T.);
#1372=EDGE_CURVE('',#1087,#1089,#615,.T.);
#1373=EDGE_CURVE('',#1089,#1090,#443,.T.);
#1374=EDGE_CURVE('',#1090,#1091,#616,.T.);
#1375=EDGE_CURVE('',#1091,#1092,#444,.T.);
#1376=EDGE_CURVE('',#1092,#1093,#617,.T.);
#1377=EDGE_CURVE('',#1093,#1094,#445,.T.);
#1378=EDGE_CURVE('',#1094,#1078,#618,.T.);
#1379=EDGE_CURVE('',#1095,#1096,#446,.T.);
#1380=EDGE_CURVE('',#1096,#1097,#447,.T.);
#1381=EDGE_CURVE('',#1097,#1098,#448,.T.);
#1382=EDGE_CURVE('',#1098,#1099,#449,.T.);
#1383=EDGE_CURVE('',#1099,#1100,#450,.T.);
#1384=EDGE_CURVE('',#1100,#1101,#451,.T.);
#1385=EDGE_CURVE('',#1101,#1102,#452,.T.);
#1386=EDGE_CURVE('',#1102,#1103,#453,.T.);
#1387=EDGE_CURVE('',#1103,#1104,#454,.T.);
#1388=EDGE_CURVE('',#1104,#1105,#455,.T.);
#1389=EDGE_CURVE('',#1105,#1106,#456,.T.);
#1390=EDGE_CURVE('',#1106,#1107,#457,.T.);
#1391=EDGE_CURVE('',#1107,#1108,#458,.T.);
#1392=EDGE_CURVE('',#1108,#1109,#459,.T.);
#1393=EDGE_CURVE('',#1109,#1110,#460,.T.);
#1394=EDGE_CURVE('',#1110,#1095,#461,.T.);
#1395=EDGE_CURVE('',#1084,#1111,#619,.T.);
#1396=EDGE_CURVE('',#1112,#1111,#100,.T.);
#1397=EDGE_CURVE('',#1085,#1112,#620,.T.);
#1398=EDGE_CURVE('',#1083,#1113,#462,.T.);
#1399=EDGE_CURVE('',#1113,#1114,#621,.T.);
#1400=EDGE_CURVE('',#1115,#1114,#463,.T.);
#1401=EDGE_CURVE('',#1115,#1116,#464,.T.);
#1402=EDGE_CURVE('',#1117,#1116,#622,.T.);
#1403=EDGE_CURVE('',#1117,#1118,#465,.T.);
#1404=EDGE_CURVE('',#1119,#1118,#466,.T.);
#1405=EDGE_CURVE('',#1120,#1119,#623,.T.);
#1406=EDGE_CURVE('',#1120,#1121,#467,.T.);
#1407=EDGE_CURVE('',#1122,#1121,#624,.T.);
#1408=EDGE_CURVE('',#1122,#1123,#468,.T.);
#1409=EDGE_CURVE('',#1123,#1124,#625,.T.);
#1410=EDGE_CURVE('',#1125,#1124,#469,.T.);
#1411=EDGE_CURVE('',#1126,#1125,#626,.T.);
#1412=EDGE_CURVE('',#1127,#1126,#470,.T.);
#1413=EDGE_CURVE('',#1128,#1127,#627,.T.);
#1414=EDGE_CURVE('',#1128,#1084,#471,.T.);
#1415=EDGE_CURVE('',#1129,#1129,#472,.T.);
#1416=EDGE_CURVE('',#1130,#1131,#473,.T.);
#1417=EDGE_CURVE('',#1132,#1130,#628,.T.);
#1418=EDGE_CURVE('',#1133,#1132,#474,.T.);
#1419=EDGE_CURVE('',#1134,#1133,#629,.T.);
#1420=EDGE_CURVE('',#1135,#1134,#475,.T.);
#1421=EDGE_CURVE('',#1136,#1135,#630,.T.);
#1422=EDGE_CURVE('',#1137,#1136,#476,.T.);
#1423=EDGE_CURVE('',#1131,#1137,#631,.T.);
#1424=EDGE_CURVE('',#1138,#1138,#477,.T.);
#1425=EDGE_CURVE('',#1139,#1139,#478,.T.);
#1426=EDGE_CURVE('',#1140,#1140,#479,.T.);
#1427=EDGE_CURVE('',#1141,#1083,#632,.T.);
#1428=EDGE_CURVE('',#1142,#1141,#480,.T.);
#1429=EDGE_CURVE('',#1113,#1142,#633,.T.);
#1430=EDGE_CURVE('',#1077,#1143,#15,.T.);
#1431=EDGE_CURVE('',#1143,#1112,#101,.T.);
#1432=EDGE_CURVE('',#1111,#1141,#634,.T.);
#1433=EDGE_CURVE('',#1141,#1144,#102,.T.);
#1434=EDGE_CURVE('',#1144,#1088,#103,.T.);
#1435=EDGE_CURVE('',#1145,#1146,#635,.T.);
#1436=EDGE_CURVE('',#1147,#1146,#636,.T.);
#1437=EDGE_CURVE('',#1148,#1147,#637,.T.);
#1438=EDGE_CURVE('',#1145,#1148,#638,.T.);
#1439=EDGE_CURVE('',#1149,#1145,#639,.T.);
#1440=EDGE_CURVE('',#1149,#1150,#104,.T.);
#1441=EDGE_CURVE('',#1151,#1150,#105,.T.);
#1442=EDGE_CURVE('',#1151,#1122,#106,.T.);
#1443=EDGE_CURVE('',#1121,#1152,#107,.T.);
#1444=EDGE_CURVE('',#1153,#1152,#108,.T.);
#1445=EDGE_CURVE('',#1153,#1145,#481,.T.);
#1446=EDGE_CURVE('',#1154,#1155,#640,.T.);
#1447=EDGE_CURVE('',#1156,#1154,#16,.T.);
#1448=EDGE_CURVE('',#1150,#1156,#641,.T.);
#1449=EDGE_CURVE('',#1155,#1149,#642,.T.);
#1450=EDGE_CURVE('',#1146,#1154,#643,.T.);
#1451=EDGE_CURVE('',#1154,#1157,#482,.T.);
#1452=EDGE_CURVE('',#1157,#1158,#644,.T.);
#1453=EDGE_CURVE('',#1158,#1159,#483,.T.);
#1454=EDGE_CURVE('',#1159,#1160,#645,.T.);
#1455=EDGE_CURVE('',#1160,#1161,#484,.T.);
#1456=EDGE_CURVE('',#1161,#1162,#646,.T.);
#1457=EDGE_CURVE('',#1162,#1147,#485,.T.);
#1458=EDGE_CURVE('',#1163,#1164,#486,.T.);
#1459=EDGE_CURVE('',#1164,#1165,#487,.T.);
#1460=EDGE_CURVE('',#1165,#1166,#488,.T.);
#1461=EDGE_CURVE('',#1166,#1167,#489,.T.);
#1462=EDGE_CURVE('',#1167,#1168,#490,.T.);
#1463=EDGE_CURVE('',#1168,#1169,#491,.T.);
#1464=EDGE_CURVE('',#1169,#1170,#492,.T.);
#1465=EDGE_CURVE('',#1170,#1171,#493,.T.);
#1466=EDGE_CURVE('',#1171,#1172,#494,.T.);
#1467=EDGE_CURVE('',#1172,#1173,#495,.T.);
#1468=EDGE_CURVE('',#1173,#1174,#496,.T.);
#1469=EDGE_CURVE('',#1174,#1175,#497,.T.);
#1470=EDGE_CURVE('',#1175,#1176,#498,.T.);
#1471=EDGE_CURVE('',#1176,#1177,#499,.T.);
#1472=EDGE_CURVE('',#1177,#1178,#500,.T.);
#1473=EDGE_CURVE('',#1178,#1163,#501,.T.);
#1474=EDGE_CURVE('',#1121,#1179,#647,.T.);
#1475=EDGE_CURVE('',#1180,#1179,#109,.T.);
#1476=EDGE_CURVE('',#1152,#1180,#648,.T.);
#1477=EDGE_CURVE('',#1181,#1079,#649,.T.);
#1478=EDGE_CURVE('',#1182,#1181,#502,.T.);
#1479=EDGE_CURVE('',#1182,#1183,#650,.T.);
#1480=EDGE_CURVE('',#1184,#1183,#503,.T.);
#1481=EDGE_CURVE('',#1185,#1184,#651,.T.);
#1482=EDGE_CURVE('',#1186,#1185,#504,.T.);
#1483=EDGE_CURVE('',#1080,#1186,#652,.T.);
#1484=EDGE_CURVE('',#1187,#1188,#505,.T.);
#1485=EDGE_CURVE('',#1189,#1187,#506,.T.);
#1486=EDGE_CURVE('',#1190,#1189,#507,.T.);
#1487=EDGE_CURVE('',#1191,#1190,#508,.T.);
#1488=EDGE_CURVE('',#1192,#1191,#509,.T.);
#1489=EDGE_CURVE('',#1193,#1192,#510,.T.);
#1490=EDGE_CURVE('',#1194,#1193,#511,.T.);
#1491=EDGE_CURVE('',#1195,#1194,#512,.T.);
#1492=EDGE_CURVE('',#1196,#1195,#513,.T.);
#1493=EDGE_CURVE('',#1197,#1196,#514,.T.);
#1494=EDGE_CURVE('',#1198,#1197,#515,.T.);
#1495=EDGE_CURVE('',#1199,#1198,#516,.T.);
#1496=EDGE_CURVE('',#1200,#1199,#517,.T.);
#1497=EDGE_CURVE('',#1201,#1200,#518,.T.);
#1498=EDGE_CURVE('',#1202,#1201,#519,.T.);
#1499=EDGE_CURVE('',#1188,#1202,#520,.T.);
#1500=EDGE_CURVE('',#1203,#1122,#653,.T.);
#1501=EDGE_CURVE('',#1204,#1203,#521,.T.);
#1502=EDGE_CURVE('',#1123,#1204,#654,.T.);
#1503=EDGE_CURVE('',#1146,#1205,#522,.T.);
#1504=EDGE_CURVE('',#1205,#1180,#110,.T.);
#1505=EDGE_CURVE('',#1179,#1203,#655,.T.);
#1506=EDGE_CURVE('',#1203,#1206,#111,.T.);
#1507=EDGE_CURVE('',#1206,#1156,#112,.T.);
#1508=EDGE_CURVE('',#1207,#1208,#656,.T.);
#1509=EDGE_CURVE('',#1208,#1209,#657,.T.);
#1510=EDGE_CURVE('',#1209,#1210,#523,.T.);
#1511=EDGE_CURVE('',#1210,#1211,#658,.T.);
#1512=EDGE_CURVE('',#1207,#1211,#524,.T.);
#1513=EDGE_CURVE('',#1212,#1207,#659,.T.);
#1514=EDGE_CURVE('',#1212,#1213,#113,.T.);
#1515=EDGE_CURVE('',#1213,#1214,#114,.T.);
#1516=EDGE_CURVE('',#1214,#1215,#660,.T.);
#1517=EDGE_CURVE('',#1215,#1216,#115,.T.);
#1518=EDGE_CURVE('',#1216,#1207,#116,.T.);
#1519=EDGE_CURVE('',#1217,#1218,#661,.T.);
#1520=EDGE_CURVE('',#1217,#1219,#117,.T.);
#1521=EDGE_CURVE('',#1219,#1213,#662,.T.);
#1522=EDGE_CURVE('',#1218,#1212,#663,.T.);
#1523=EDGE_CURVE('',#1209,#1217,#664,.T.);
#1524=EDGE_CURVE('',#1220,#1217,#525,.T.);
#1525=EDGE_CURVE('',#1220,#1221,#665,.T.);
#1526=EDGE_CURVE('',#1222,#1221,#526,.T.);
#1527=EDGE_CURVE('',#1223,#1222,#666,.T.);
#1528=EDGE_CURVE('',#1224,#1223,#527,.T.);
#1529=EDGE_CURVE('',#1225,#1224,#667,.T.);
#1530=EDGE_CURVE('',#1226,#1225,#528,.T.);
#1531=EDGE_CURVE('',#1227,#1226,#668,.T.);
#1532=EDGE_CURVE('',#1227,#1228,#529,.T.);
#1533=EDGE_CURVE('',#1228,#1229,#669,.T.);
#1534=EDGE_CURVE('',#1229,#1230,#530,.T.);
#1535=EDGE_CURVE('',#1231,#1230,#670,.T.);
#1536=EDGE_CURVE('',#1232,#1231,#531,.T.);
#1537=EDGE_CURVE('',#1233,#1232,#671,.T.);
#1538=EDGE_CURVE('',#1234,#1233,#532,.T.);
#1539=EDGE_CURVE('',#1235,#1234,#672,.T.);
#1540=EDGE_CURVE('',#1236,#1235,#533,.T.);
#1541=EDGE_CURVE('',#1236,#1237,#673,.T.);
#1542=EDGE_CURVE('',#1238,#1237,#534,.T.);
#1543=EDGE_CURVE('',#1238,#1239,#674,.T.);
#1544=EDGE_CURVE('',#1239,#1240,#535,.T.);
#1545=EDGE_CURVE('',#1241,#1240,#675,.T.);
#1546=EDGE_CURVE('',#1241,#1242,#536,.T.);
#1547=EDGE_CURVE('',#1243,#1242,#676,.T.);
#1548=EDGE_CURVE('',#1243,#1244,#537,.T.);
#1549=EDGE_CURVE('',#1244,#1245,#677,.T.);
#1550=EDGE_CURVE('',#1245,#1246,#538,.T.);
#1551=EDGE_CURVE('',#1247,#1246,#678,.T.);
#1552=EDGE_CURVE('',#1248,#1247,#539,.T.);
#1553=EDGE_CURVE('',#1249,#1248,#679,.T.);
#1554=EDGE_CURVE('',#1250,#1249,#540,.T.);
#1555=EDGE_CURVE('',#1250,#1251,#680,.T.);
#1556=EDGE_CURVE('',#1252,#1251,#541,.T.);
#1557=EDGE_CURVE('',#1252,#1253,#681,.T.);
#1558=EDGE_CURVE('',#1254,#1253,#542,.T.);
#1559=EDGE_CURVE('',#1254,#1255,#682,.T.);
#1560=EDGE_CURVE('',#1255,#1256,#543,.T.);
#1561=EDGE_CURVE('',#1257,#1256,#683,.T.);
#1562=EDGE_CURVE('',#1257,#1258,#544,.T.);
#1563=EDGE_CURVE('',#1258,#1259,#684,.T.);
#1564=EDGE_CURVE('',#1260,#1259,#545,.T.);
#1565=EDGE_CURVE('',#1260,#1261,#685,.T.);
#1566=EDGE_CURVE('',#1262,#1261,#546,.T.);
#1567=EDGE_CURVE('',#1262,#1263,#686,.T.);
#1568=EDGE_CURVE('',#1264,#1263,#547,.T.);
#1569=EDGE_CURVE('',#1210,#1264,#687,.T.);
#1570=EDGE_CURVE('',#1211,#1265,#688,.T.);
#1571=EDGE_CURVE('',#1265,#1266,#548,.T.);
#1572=EDGE_CURVE('',#1266,#1267,#689,.T.);
#1573=EDGE_CURVE('',#1267,#1268,#549,.T.);
#1574=EDGE_CURVE('',#1268,#1269,#690,.T.);
#1575=EDGE_CURVE('',#1269,#1270,#550,.T.);
#1576=EDGE_CURVE('',#1270,#1271,#691,.T.);
#1577=EDGE_CURVE('',#1271,#1272,#551,.T.);
#1578=EDGE_CURVE('',#1272,#1273,#692,.T.);
#1579=EDGE_CURVE('',#1273,#1274,#552,.T.);
#1580=EDGE_CURVE('',#1274,#1275,#693,.T.);
#1581=EDGE_CURVE('',#1275,#1276,#553,.T.);
#1582=EDGE_CURVE('',#1276,#1277,#694,.T.);
#1583=EDGE_CURVE('',#1277,#1278,#554,.T.);
#1584=EDGE_CURVE('',#1278,#1279,#695,.T.);
#1585=EDGE_CURVE('',#1279,#1280,#555,.T.);
#1586=EDGE_CURVE('',#1280,#1281,#696,.T.);
#1587=EDGE_CURVE('',#1281,#1282,#556,.T.);
#1588=EDGE_CURVE('',#1282,#1283,#697,.T.);
#1589=EDGE_CURVE('',#1283,#1284,#557,.T.);
#1590=EDGE_CURVE('',#1284,#1285,#698,.T.);
#1591=EDGE_CURVE('',#1285,#1286,#558,.T.);
#1592=EDGE_CURVE('',#1286,#1287,#699,.T.);
#1593=EDGE_CURVE('',#1287,#1288,#559,.T.);
#1594=EDGE_CURVE('',#1288,#1289,#700,.T.);
#1595=EDGE_CURVE('',#1289,#1290,#560,.T.);
#1596=EDGE_CURVE('',#1290,#1291,#701,.T.);
#1597=EDGE_CURVE('',#1291,#1292,#561,.T.);
#1598=EDGE_CURVE('',#1292,#1293,#702,.T.);
#1599=EDGE_CURVE('',#1293,#1294,#562,.T.);
#1600=EDGE_CURVE('',#1294,#1295,#703,.T.);
#1601=EDGE_CURVE('',#1295,#1296,#563,.T.);
#1602=EDGE_CURVE('',#1296,#1297,#704,.T.);
#1603=EDGE_CURVE('',#1297,#1298,#564,.T.);
#1604=EDGE_CURVE('',#1298,#1299,#705,.T.);
#1605=EDGE_CURVE('',#1299,#1300,#565,.T.);
#1606=EDGE_CURVE('',#1300,#1301,#706,.T.);
#1607=EDGE_CURVE('',#1301,#1302,#566,.T.);
#1608=EDGE_CURVE('',#1302,#1303,#707,.T.);
#1609=EDGE_CURVE('',#1303,#1304,#567,.T.);
#1610=EDGE_CURVE('',#1304,#1305,#708,.T.);
#1611=EDGE_CURVE('',#1305,#1306,#568,.T.);
#1612=EDGE_CURVE('',#1306,#1307,#709,.T.);
#1613=EDGE_CURVE('',#1307,#1308,#569,.T.);
#1614=EDGE_CURVE('',#1308,#1309,#710,.T.);
#1615=EDGE_CURVE('',#1309,#1212,#570,.T.);
#1616=EDGE_CURVE('',#1116,#1214,#711,.T.);
#1617=EDGE_CURVE('',#1115,#1310,#712,.T.);
#1618=EDGE_CURVE('',#1214,#1310,#571,.T.);
#1619=EDGE_CURVE('',#1311,#1148,#572,.T.);
#1620=EDGE_CURVE('',#1311,#1312,#713,.T.);
#1621=EDGE_CURVE('',#1313,#1312,#573,.T.);
#1622=EDGE_CURVE('',#1314,#1313,#714,.T.);
#1623=EDGE_CURVE('',#1315,#1314,#574,.T.);
#1624=EDGE_CURVE('',#1315,#1316,#715,.T.);
#1625=EDGE_CURVE('',#1316,#1149,#575,.T.);
#1626=EDGE_CURVE('',#1317,#1318,#576,.T.);
#1627=EDGE_CURVE('',#1319,#1317,#577,.T.);
#1628=EDGE_CURVE('',#1320,#1319,#578,.T.);
#1629=EDGE_CURVE('',#1321,#1320,#579,.T.);
#1630=EDGE_CURVE('',#1322,#1321,#580,.T.);
#1631=EDGE_CURVE('',#1323,#1322,#581,.T.);
#1632=EDGE_CURVE('',#1324,#1323,#582,.T.);
#1633=EDGE_CURVE('',#1325,#1324,#583,.T.);
#1634=EDGE_CURVE('',#1326,#1325,#584,.T.);
#1635=EDGE_CURVE('',#1327,#1326,#585,.T.);
#1636=EDGE_CURVE('',#1328,#1327,#586,.T.);
#1637=EDGE_CURVE('',#1329,#1328,#587,.T.);
#1638=EDGE_CURVE('',#1330,#1329,#588,.T.);
#1639=EDGE_CURVE('',#1331,#1330,#589,.T.);
#1640=EDGE_CURVE('',#1332,#1331,#590,.T.);
#1641=EDGE_CURVE('',#1318,#1332,#591,.T.);
#1642=EDGE_CURVE('',#1215,#1117,#716,.T.);
#1643=EDGE_CURVE('',#1333,#1117,#118,.T.);
#1644=EDGE_CURVE('',#1333,#1216,#717,.T.);
#1645=EDGE_CURVE('',#1187,#1095,#718,.T.);
#1646=EDGE_CURVE('',#1189,#1110,#719,.T.);
#1647=EDGE_CURVE('',#1190,#1109,#720,.T.);
#1648=EDGE_CURVE('',#1191,#1108,#721,.T.);
#1649=EDGE_CURVE('',#1192,#1107,#722,.T.);
#1650=EDGE_CURVE('',#1193,#1106,#723,.T.);
#1651=EDGE_CURVE('',#1194,#1105,#724,.T.);
#1652=EDGE_CURVE('',#1195,#1104,#725,.T.);
#1653=EDGE_CURVE('',#1196,#1103,#726,.T.);
#1654=EDGE_CURVE('',#1197,#1102,#727,.T.);
#1655=EDGE_CURVE('',#1198,#1101,#728,.T.);
#1656=EDGE_CURVE('',#1199,#1100,#729,.T.);
#1657=EDGE_CURVE('',#1200,#1099,#730,.T.);
#1658=EDGE_CURVE('',#1201,#1098,#731,.T.);
#1659=EDGE_CURVE('',#1202,#1097,#732,.T.);
#1660=EDGE_CURVE('',#1188,#1096,#733,.T.);
#1661=EDGE_CURVE('',#1129,#1334,#734,.T.);
#1662=EDGE_CURVE('',#1334,#1334,#592,.T.);
#1663=EDGE_CURVE('',#1317,#1163,#735,.T.);
#1664=EDGE_CURVE('',#1319,#1178,#736,.T.);
#1665=EDGE_CURVE('',#1320,#1177,#737,.T.);
#1666=EDGE_CURVE('',#1321,#1176,#738,.T.);
#1667=EDGE_CURVE('',#1322,#1175,#739,.T.);
#1668=EDGE_CURVE('',#1323,#1174,#740,.T.);
#1669=EDGE_CURVE('',#1324,#1173,#741,.T.);
#1670=EDGE_CURVE('',#1325,#1172,#742,.T.);
#1671=EDGE_CURVE('',#1326,#1171,#743,.T.);
#1672=EDGE_CURVE('',#1327,#1170,#744,.T.);
#1673=EDGE_CURVE('',#1328,#1169,#745,.T.);
#1674=EDGE_CURVE('',#1329,#1168,#746,.T.);
#1675=EDGE_CURVE('',#1330,#1167,#747,.T.);
#1676=EDGE_CURVE('',#1331,#1166,#748,.T.);
#1677=EDGE_CURVE('',#1332,#1165,#749,.T.);
#1678=EDGE_CURVE('',#1318,#1164,#750,.T.);
#1679=EDGE_CURVE('',#1130,#1335,#751,.T.);
#1680=EDGE_CURVE('',#1336,#1335,#752,.T.);
#1681=EDGE_CURVE('',#1132,#1336,#753,.T.);
#1682=EDGE_CURVE('',#1337,#1336,#593,.T.);
#1683=EDGE_CURVE('',#1133,#1337,#754,.T.);
#1684=EDGE_CURVE('',#1338,#1337,#755,.T.);
#1685=EDGE_CURVE('',#1134,#1338,#756,.T.);
#1686=EDGE_CURVE('',#1339,#1338,#594,.T.);
#1687=EDGE_CURVE('',#1135,#1339,#757,.T.);
#1688=EDGE_CURVE('',#1340,#1339,#758,.T.);
#1689=EDGE_CURVE('',#1136,#1340,#759,.T.);
#1690=EDGE_CURVE('',#1341,#1340,#595,.T.);
#1691=EDGE_CURVE('',#1137,#1341,#760,.T.);
#1692=EDGE_CURVE('',#1342,#1341,#761,.T.);
#1693=EDGE_CURVE('',#1131,#1342,#762,.T.);
#1694=EDGE_CURVE('',#1335,#1342,#596,.T.);
#1695=EDGE_CURVE('',#1138,#1343,#763,.T.);
#1696=EDGE_CURVE('',#1343,#1343,#597,.T.);
#1697=EDGE_CURVE('',#1139,#1344,#764,.T.);
#1698=EDGE_CURVE('',#1344,#1344,#598,.T.);
#1699=EDGE_CURVE('',#1140,#1345,#765,.T.);
#1700=EDGE_CURVE('',#1345,#1345,#599,.T.);
#1701=EDGE_CURVE('',#1220,#1309,#766,.T.);
#1702=EDGE_CURVE('',#1221,#1308,#767,.T.);
#1703=EDGE_CURVE('',#1222,#1307,#768,.T.);
#1704=EDGE_CURVE('',#1223,#1306,#769,.T.);
#1705=EDGE_CURVE('',#1224,#1305,#770,.T.);
#1706=EDGE_CURVE('',#1225,#1304,#771,.T.);
#1707=EDGE_CURVE('',#1226,#1303,#772,.T.);
#1708=EDGE_CURVE('',#1227,#1302,#773,.T.);
#1709=EDGE_CURVE('',#1228,#1301,#774,.T.);
#1710=EDGE_CURVE('',#1229,#1300,#775,.T.);
#1711=EDGE_CURVE('',#1230,#1299,#776,.T.);
#1712=EDGE_CURVE('',#1231,#1298,#777,.T.);
#1713=EDGE_CURVE('',#1232,#1297,#778,.T.);
#1714=EDGE_CURVE('',#1233,#1296,#779,.T.);
#1715=EDGE_CURVE('',#1234,#1295,#780,.T.);
#1716=EDGE_CURVE('',#1235,#1294,#781,.T.);
#1717=EDGE_CURVE('',#1236,#1293,#782,.T.);
#1718=EDGE_CURVE('',#1237,#1292,#783,.T.);
#1719=EDGE_CURVE('',#1238,#1291,#784,.T.);
#1720=EDGE_CURVE('',#1239,#1290,#785,.T.);
#1721=EDGE_CURVE('',#1240,#1289,#786,.T.);
#1722=EDGE_CURVE('',#1241,#1288,#787,.T.);
#1723=EDGE_CURVE('',#1242,#1287,#788,.T.);
#1724=EDGE_CURVE('',#1243,#1286,#789,.T.);
#1725=EDGE_CURVE('',#1244,#1285,#790,.T.);
#1726=EDGE_CURVE('',#1245,#1284,#791,.T.);
#1727=EDGE_CURVE('',#1246,#1283,#792,.T.);
#1728=EDGE_CURVE('',#1247,#1282,#793,.T.);
#1729=EDGE_CURVE('',#1248,#1281,#794,.T.);
#1730=EDGE_CURVE('',#1249,#1280,#795,.T.);
#1731=EDGE_CURVE('',#1250,#1279,#796,.T.);
#1732=EDGE_CURVE('',#1251,#1278,#797,.T.);
#1733=EDGE_CURVE('',#1252,#1277,#798,.T.);
#1734=EDGE_CURVE('',#1253,#1276,#799,.T.);
#1735=EDGE_CURVE('',#1254,#1275,#800,.T.);
#1736=EDGE_CURVE('',#1255,#1274,#801,.T.);
#1737=EDGE_CURVE('',#1256,#1273,#802,.T.);
#1738=EDGE_CURVE('',#1257,#1272,#803,.T.);
#1739=EDGE_CURVE('',#1258,#1271,#804,.T.);
#1740=EDGE_CURVE('',#1259,#1270,#805,.T.);
#1741=EDGE_CURVE('',#1260,#1269,#806,.T.);
#1742=EDGE_CURVE('',#1261,#1268,#807,.T.);
#1743=EDGE_CURVE('',#1262,#1267,#808,.T.);
#1744=EDGE_CURVE('',#1263,#1266,#809,.T.);
#1745=EDGE_CURVE('',#1264,#1265,#810,.T.);
#1746=EDGE_CURVE('',#1333,#1209,#119,.T.);
#1747=EDGE_CURVE('',#1346,#1215,#600,.T.);
#1748=EDGE_CURVE('',#1118,#1346,#811,.T.);
#1749=EDGE_CURVE('',#1347,#1346,#601,.T.);
#1750=EDGE_CURVE('',#1119,#1347,#812,.T.);
#1751=EDGE_CURVE('',#1348,#1347,#813,.T.);
#1752=EDGE_CURVE('',#1120,#1348,#814,.T.);
#1753=EDGE_CURVE('',#1179,#1348,#602,.T.);
#1754=EDGE_CURVE('',#1153,#1205,#815,.T.);
#1755=EDGE_CURVE('',#1311,#1162,#816,.T.);
#1756=EDGE_CURVE('',#1312,#1161,#817,.T.);
#1757=EDGE_CURVE('',#1313,#1160,#818,.T.);
#1758=EDGE_CURVE('',#1314,#1159,#819,.T.);
#1759=EDGE_CURVE('',#1315,#1158,#820,.T.);
#1760=EDGE_CURVE('',#1316,#1157,#821,.T.);
#1761=EDGE_CURVE('',#1151,#1206,#822,.T.);
#1762=EDGE_CURVE('',#1349,#1204,#823,.T.);
#1763=EDGE_CURVE('',#1124,#1349,#824,.T.);
#1764=EDGE_CURVE('',#1350,#1349,#603,.T.);
#1765=EDGE_CURVE('',#1125,#1350,#825,.T.);
#1766=EDGE_CURVE('',#1351,#1350,#826,.T.);
#1767=EDGE_CURVE('',#1126,#1351,#827,.T.);
#1768=EDGE_CURVE('',#1352,#1351,#604,.T.);
#1769=EDGE_CURVE('',#1127,#1352,#828,.T.);
#1770=EDGE_CURVE('',#1353,#1352,#829,.T.);
#1771=EDGE_CURVE('',#1128,#1353,#830,.T.);
#1772=EDGE_CURVE('',#1111,#1353,#605,.T.);
#1773=EDGE_CURVE('',#1086,#1143,#831,.T.);
#1774=EDGE_CURVE('',#1181,#1094,#832,.T.);
#1775=EDGE_CURVE('',#1182,#1093,#833,.T.);
#1776=EDGE_CURVE('',#1183,#1092,#834,.T.);
#1777=EDGE_CURVE('',#1184,#1091,#835,.T.);
#1778=EDGE_CURVE('',#1185,#1090,#836,.T.);
#1779=EDGE_CURVE('',#1186,#1089,#837,.T.);
#1780=EDGE_CURVE('',#1082,#1144,#838,.T.);
#1781=EDGE_CURVE('',#1354,#1142,#839,.T.);
#1782=EDGE_CURVE('',#1114,#1354,#840,.T.);
#1783=EDGE_CURVE('',#1310,#1354,#606,.T.);
#1784=EDGE_CURVE('',#1116,#1219,#120,.T.);
#1785=ORIENTED_EDGE('',*,*,#1355,.T.);
#1786=ORIENTED_EDGE('',*,*,#1356,.T.);
#1787=ORIENTED_EDGE('',*,*,#1357,.F.);
#1788=ORIENTED_EDGE('',*,*,#1358,.F.);
#1789=ORIENTED_EDGE('',*,*,#1359,.F.);
#1790=ORIENTED_EDGE('',*,*,#1360,.F.);
#1791=ORIENTED_EDGE('',*,*,#1361,.F.);
#1792=ORIENTED_EDGE('',*,*,#1362,.F.);
#1793=ORIENTED_EDGE('',*,*,#1363,.T.);
#1794=ORIENTED_EDGE('',*,*,#1364,.T.);
#1795=ORIENTED_EDGE('',*,*,#1365,.T.);
#1796=ORIENTED_EDGE('',*,*,#1366,.F.);
#1797=ORIENTED_EDGE('',*,*,#1367,.T.);
#1798=ORIENTED_EDGE('',*,*,#1368,.F.);
#1799=ORIENTED_EDGE('',*,*,#1369,.F.);
#1800=ORIENTED_EDGE('',*,*,#1370,.F.);
#1801=ORIENTED_EDGE('',*,*,#1361,.T.);
#1802=ORIENTED_EDGE('',*,*,#1371,.T.);
#1803=ORIENTED_EDGE('',*,*,#1372,.T.);
#1804=ORIENTED_EDGE('',*,*,#1373,.T.);
#1805=ORIENTED_EDGE('',*,*,#1374,.T.);
#1806=ORIENTED_EDGE('',*,*,#1375,.T.);
#1807=ORIENTED_EDGE('',*,*,#1376,.T.);
#1808=ORIENTED_EDGE('',*,*,#1377,.T.);
#1809=ORIENTED_EDGE('',*,*,#1378,.T.);
#1810=ORIENTED_EDGE('',*,*,#1357,.T.);
#1811=ORIENTED_EDGE('',*,*,#1379,.T.);
#1812=ORIENTED_EDGE('',*,*,#1380,.T.);
#1813=ORIENTED_EDGE('',*,*,#1381,.T.);
#1814=ORIENTED_EDGE('',*,*,#1382,.T.);
#1815=ORIENTED_EDGE('',*,*,#1383,.T.);
#1816=ORIENTED_EDGE('',*,*,#1384,.T.);
#1817=ORIENTED_EDGE('',*,*,#1385,.T.);
#1818=ORIENTED_EDGE('',*,*,#1386,.T.);
#1819=ORIENTED_EDGE('',*,*,#1387,.T.);
#1820=ORIENTED_EDGE('',*,*,#1388,.T.);
#1821=ORIENTED_EDGE('',*,*,#1389,.T.);
#1822=ORIENTED_EDGE('',*,*,#1390,.T.);
#1823=ORIENTED_EDGE('',*,*,#1391,.T.);
#1824=ORIENTED_EDGE('',*,*,#1392,.T.);
#1825=ORIENTED_EDGE('',*,*,#1393,.T.);
#1826=ORIENTED_EDGE('',*,*,#1394,.T.);
#1827=ORIENTED_EDGE('',*,*,#1395,.T.);
#1828=ORIENTED_EDGE('',*,*,#1396,.F.);
#1829=ORIENTED_EDGE('',*,*,#1397,.F.);
#1830=ORIENTED_EDGE('',*,*,#1365,.F.);
#1831=ORIENTED_EDGE('',*,*,#1364,.F.);
#1832=ORIENTED_EDGE('',*,*,#1398,.T.);
#1833=ORIENTED_EDGE('',*,*,#1399,.T.);
#1834=ORIENTED_EDGE('',*,*,#1400,.F.);
#1835=ORIENTED_EDGE('',*,*,#1401,.T.);
#1836=ORIENTED_EDGE('',*,*,#1402,.F.);
#1837=ORIENTED_EDGE('',*,*,#1403,.T.);
#1838=ORIENTED_EDGE('',*,*,#1404,.F.);
#1839=ORIENTED_EDGE('',*,*,#1405,.F.);
#1840=ORIENTED_EDGE('',*,*,#1406,.T.);
#1841=ORIENTED_EDGE('',*,*,#1407,.F.);
#1842=ORIENTED_EDGE('',*,*,#1408,.T.);
#1843=ORIENTED_EDGE('',*,*,#1409,.T.);
#1844=ORIENTED_EDGE('',*,*,#1410,.F.);
#1845=ORIENTED_EDGE('',*,*,#1411,.F.);
#1846=ORIENTED_EDGE('',*,*,#1412,.F.);
#1847=ORIENTED_EDGE('',*,*,#1413,.F.);
#1848=ORIENTED_EDGE('',*,*,#1414,.T.);
#1849=ORIENTED_EDGE('',*,*,#1415,.F.);
#1850=ORIENTED_EDGE('',*,*,#1416,.F.);
#1851=ORIENTED_EDGE('',*,*,#1417,.F.);
#1852=ORIENTED_EDGE('',*,*,#1418,.F.);
#1853=ORIENTED_EDGE('',*,*,#1419,.F.);
#1854=ORIENTED_EDGE('',*,*,#1420,.F.);
#1855=ORIENTED_EDGE('',*,*,#1421,.F.);
#1856=ORIENTED_EDGE('',*,*,#1422,.F.);
#1857=ORIENTED_EDGE('',*,*,#1423,.F.);
#1858=ORIENTED_EDGE('',*,*,#1424,.F.);
#1859=ORIENTED_EDGE('',*,*,#1425,.F.);
#1860=ORIENTED_EDGE('',*,*,#1426,.F.);
#1861=ORIENTED_EDGE('',*,*,#1427,.F.);
#1862=ORIENTED_EDGE('',*,*,#1428,.F.);
#1863=ORIENTED_EDGE('',*,*,#1429,.F.);
#1864=ORIENTED_EDGE('',*,*,#1398,.F.);
#1865=ORIENTED_EDGE('',*,*,#1371,.F.);
#1866=ORIENTED_EDGE('',*,*,#1430,.T.);
#1867=ORIENTED_EDGE('',*,*,#1431,.T.);
#1868=ORIENTED_EDGE('',*,*,#1396,.T.);
#1869=ORIENTED_EDGE('',*,*,#1432,.T.);
#1870=ORIENTED_EDGE('',*,*,#1433,.T.);
#1871=ORIENTED_EDGE('',*,*,#1434,.T.);
#1872=ORIENTED_EDGE('',*,*,#1369,.T.);
#1873=ORIENTED_EDGE('',*,*,#1435,.T.);
#1874=ORIENTED_EDGE('',*,*,#1436,.F.);
#1875=ORIENTED_EDGE('',*,*,#1437,.F.);
#1876=ORIENTED_EDGE('',*,*,#1438,.F.);
#1877=ORIENTED_EDGE('',*,*,#1439,.F.);
#1878=ORIENTED_EDGE('',*,*,#1440,.T.);
#1879=ORIENTED_EDGE('',*,*,#1441,.F.);
#1880=ORIENTED_EDGE('',*,*,#1442,.T.);
#1881=ORIENTED_EDGE('',*,*,#1407,.T.);
#1882=ORIENTED_EDGE('',*,*,#1443,.T.);
#1883=ORIENTED_EDGE('',*,*,#1444,.F.);
#1884=ORIENTED_EDGE('',*,*,#1445,.T.);
#1885=ORIENTED_EDGE('',*,*,#1446,.F.);
#1886=ORIENTED_EDGE('',*,*,#1447,.F.);
#1887=ORIENTED_EDGE('',*,*,#1448,.F.);
#1888=ORIENTED_EDGE('',*,*,#1440,.F.);
#1889=ORIENTED_EDGE('',*,*,#1449,.F.);
#1890=ORIENTED_EDGE('',*,*,#1450,.T.);
#1891=ORIENTED_EDGE('',*,*,#1451,.T.);
#1892=ORIENTED_EDGE('',*,*,#1452,.T.);
#1893=ORIENTED_EDGE('',*,*,#1453,.T.);
#1894=ORIENTED_EDGE('',*,*,#1454,.T.);
#1895=ORIENTED_EDGE('',*,*,#1455,.T.);
#1896=ORIENTED_EDGE('',*,*,#1456,.T.);
#1897=ORIENTED_EDGE('',*,*,#1457,.T.);
#1898=ORIENTED_EDGE('',*,*,#1436,.T.);
#1899=ORIENTED_EDGE('',*,*,#1458,.T.);
#1900=ORIENTED_EDGE('',*,*,#1459,.T.);
#1901=ORIENTED_EDGE('',*,*,#1460,.T.);
#1902=ORIENTED_EDGE('',*,*,#1461,.T.);
#1903=ORIENTED_EDGE('',*,*,#1462,.T.);
#1904=ORIENTED_EDGE('',*,*,#1463,.T.);
#1905=ORIENTED_EDGE('',*,*,#1464,.T.);
#1906=ORIENTED_EDGE('',*,*,#1465,.T.);
#1907=ORIENTED_EDGE('',*,*,#1466,.T.);
#1908=ORIENTED_EDGE('',*,*,#1467,.T.);
#1909=ORIENTED_EDGE('',*,*,#1468,.T.);
#1910=ORIENTED_EDGE('',*,*,#1469,.T.);
#1911=ORIENTED_EDGE('',*,*,#1470,.T.);
#1912=ORIENTED_EDGE('',*,*,#1471,.T.);
#1913=ORIENTED_EDGE('',*,*,#1472,.T.);
#1914=ORIENTED_EDGE('',*,*,#1473,.T.);
#1915=ORIENTED_EDGE('',*,*,#1474,.T.);
#1916=ORIENTED_EDGE('',*,*,#1475,.F.);
#1917=ORIENTED_EDGE('',*,*,#1476,.F.);
#1918=ORIENTED_EDGE('',*,*,#1443,.F.);
#1919=ORIENTED_EDGE('',*,*,#1360,.T.);
#1920=ORIENTED_EDGE('',*,*,#1359,.T.);
#1921=ORIENTED_EDGE('',*,*,#1477,.F.);
#1922=ORIENTED_EDGE('',*,*,#1478,.F.);
#1923=ORIENTED_EDGE('',*,*,#1479,.T.);
#1924=ORIENTED_EDGE('',*,*,#1480,.F.);
#1925=ORIENTED_EDGE('',*,*,#1481,.F.);
#1926=ORIENTED_EDGE('',*,*,#1482,.F.);
#1927=ORIENTED_EDGE('',*,*,#1483,.F.);
#1928=ORIENTED_EDGE('',*,*,#1484,.F.);
#1929=ORIENTED_EDGE('',*,*,#1485,.F.);
#1930=ORIENTED_EDGE('',*,*,#1486,.F.);
#1931=ORIENTED_EDGE('',*,*,#1487,.F.);
#1932=ORIENTED_EDGE('',*,*,#1488,.F.);
#1933=ORIENTED_EDGE('',*,*,#1489,.F.);
#1934=ORIENTED_EDGE('',*,*,#1490,.F.);
#1935=ORIENTED_EDGE('',*,*,#1491,.F.);
#1936=ORIENTED_EDGE('',*,*,#1492,.F.);
#1937=ORIENTED_EDGE('',*,*,#1493,.F.);
#1938=ORIENTED_EDGE('',*,*,#1494,.F.);
#1939=ORIENTED_EDGE('',*,*,#1495,.F.);
#1940=ORIENTED_EDGE('',*,*,#1496,.F.);
#1941=ORIENTED_EDGE('',*,*,#1497,.F.);
#1942=ORIENTED_EDGE('',*,*,#1498,.F.);
#1943=ORIENTED_EDGE('',*,*,#1499,.F.);
#1944=ORIENTED_EDGE('',*,*,#1500,.F.);
#1945=ORIENTED_EDGE('',*,*,#1501,.F.);
#1946=ORIENTED_EDGE('',*,*,#1502,.F.);
#1947=ORIENTED_EDGE('',*,*,#1408,.F.);
#1948=ORIENTED_EDGE('',*,*,#1450,.F.);
#1949=ORIENTED_EDGE('',*,*,#1503,.T.);
#1950=ORIENTED_EDGE('',*,*,#1504,.T.);
#1951=ORIENTED_EDGE('',*,*,#1475,.T.);
#1952=ORIENTED_EDGE('',*,*,#1505,.T.);
#1953=ORIENTED_EDGE('',*,*,#1506,.T.);
#1954=ORIENTED_EDGE('',*,*,#1507,.T.);
#1955=ORIENTED_EDGE('',*,*,#1447,.T.);
#1956=ORIENTED_EDGE('',*,*,#1508,.T.);
#1957=ORIENTED_EDGE('',*,*,#1509,.T.);
#1958=ORIENTED_EDGE('',*,*,#1510,.T.);
#1959=ORIENTED_EDGE('',*,*,#1511,.T.);
#1960=ORIENTED_EDGE('',*,*,#1512,.F.);
#1961=ORIENTED_EDGE('',*,*,#1513,.F.);
#1962=ORIENTED_EDGE('',*,*,#1514,.T.);
#1963=ORIENTED_EDGE('',*,*,#1515,.T.);
#1964=ORIENTED_EDGE('',*,*,#1516,.T.);
#1965=ORIENTED_EDGE('',*,*,#1517,.T.);
#1966=ORIENTED_EDGE('',*,*,#1518,.T.);
#1967=ORIENTED_EDGE('',*,*,#1519,.F.);
#1968=ORIENTED_EDGE('',*,*,#1520,.T.);
#1969=ORIENTED_EDGE('',*,*,#1521,.T.);
#1970=ORIENTED_EDGE('',*,*,#1514,.F.);
#1971=ORIENTED_EDGE('',*,*,#1522,.F.);
#1972=ORIENTED_EDGE('',*,*,#1523,.T.);
#1973=ORIENTED_EDGE('',*,*,#1524,.F.);
#1974=ORIENTED_EDGE('',*,*,#1525,.T.);
#1975=ORIENTED_EDGE('',*,*,#1526,.F.);
#1976=ORIENTED_EDGE('',*,*,#1527,.F.);
#1977=ORIENTED_EDGE('',*,*,#1528,.F.);
#1978=ORIENTED_EDGE('',*,*,#1529,.F.);
#1979=ORIENTED_EDGE('',*,*,#1530,.F.);
#1980=ORIENTED_EDGE('',*,*,#1531,.F.);
#1981=ORIENTED_EDGE('',*,*,#1532,.T.);
#1982=ORIENTED_EDGE('',*,*,#1533,.T.);
#1983=ORIENTED_EDGE('',*,*,#1534,.T.);
#1984=ORIENTED_EDGE('',*,*,#1535,.F.);
#1985=ORIENTED_EDGE('',*,*,#1536,.F.);
#1986=ORIENTED_EDGE('',*,*,#1537,.F.);
#1987=ORIENTED_EDGE('',*,*,#1538,.F.);
#1988=ORIENTED_EDGE('',*,*,#1539,.F.);
#1989=ORIENTED_EDGE('',*,*,#1540,.F.);
#1990=ORIENTED_EDGE('',*,*,#1541,.T.);
#1991=ORIENTED_EDGE('',*,*,#1542,.F.);
#1992=ORIENTED_EDGE('',*,*,#1543,.T.);
#1993=ORIENTED_EDGE('',*,*,#1544,.T.);
#1994=ORIENTED_EDGE('',*,*,#1545,.F.);
#1995=ORIENTED_EDGE('',*,*,#1546,.T.);
#1996=ORIENTED_EDGE('',*,*,#1547,.F.);
#1997=ORIENTED_EDGE('',*,*,#1548,.T.);
#1998=ORIENTED_EDGE('',*,*,#1549,.T.);
#1999=ORIENTED_EDGE('',*,*,#1550,.T.);
#2000=ORIENTED_EDGE('',*,*,#1551,.F.);
#2001=ORIENTED_EDGE('',*,*,#1552,.F.);
#2002=ORIENTED_EDGE('',*,*,#1553,.F.);
#2003=ORIENTED_EDGE('',*,*,#1554,.F.);
#2004=ORIENTED_EDGE('',*,*,#1555,.T.);
#2005=ORIENTED_EDGE('',*,*,#1556,.F.);
#2006=ORIENTED_EDGE('',*,*,#1557,.T.);
#2007=ORIENTED_EDGE('',*,*,#1558,.F.);
#2008=ORIENTED_EDGE('',*,*,#1559,.T.);
#2009=ORIENTED_EDGE('',*,*,#1560,.T.);
#2010=ORIENTED_EDGE('',*,*,#1561,.F.);
#2011=ORIENTED_EDGE('',*,*,#1562,.T.);
#2012=ORIENTED_EDGE('',*,*,#1563,.T.);
#2013=ORIENTED_EDGE('',*,*,#1564,.F.);
#2014=ORIENTED_EDGE('',*,*,#1565,.T.);
#2015=ORIENTED_EDGE('',*,*,#1566,.F.);
#2016=ORIENTED_EDGE('',*,*,#1567,.T.);
#2017=ORIENTED_EDGE('',*,*,#1568,.F.);
#2018=ORIENTED_EDGE('',*,*,#1569,.F.);
#2019=ORIENTED_EDGE('',*,*,#1510,.F.);
#2020=ORIENTED_EDGE('',*,*,#1513,.T.);
#2021=ORIENTED_EDGE('',*,*,#1512,.T.);
#2022=ORIENTED_EDGE('',*,*,#1570,.T.);
#2023=ORIENTED_EDGE('',*,*,#1571,.T.);
#2024=ORIENTED_EDGE('',*,*,#1572,.T.);
#2025=ORIENTED_EDGE('',*,*,#1573,.T.);
#2026=ORIENTED_EDGE('',*,*,#1574,.T.);
#2027=ORIENTED_EDGE('',*,*,#1575,.T.);
#2028=ORIENTED_EDGE('',*,*,#1576,.T.);
#2029=ORIENTED_EDGE('',*,*,#1577,.T.);
#2030=ORIENTED_EDGE('',*,*,#1578,.T.);
#2031=ORIENTED_EDGE('',*,*,#1579,.T.);
#2032=ORIENTED_EDGE('',*,*,#1580,.T.);
#2033=ORIENTED_EDGE('',*,*,#1581,.T.);
#2034=ORIENTED_EDGE('',*,*,#1582,.T.);
#2035=ORIENTED_EDGE('',*,*,#1583,.T.);
#2036=ORIENTED_EDGE('',*,*,#1584,.T.);
#2037=ORIENTED_EDGE('',*,*,#1585,.T.);
#2038=ORIENTED_EDGE('',*,*,#1586,.T.);
#2039=ORIENTED_EDGE('',*,*,#1587,.T.);
#2040=ORIENTED_EDGE('',*,*,#1588,.T.);
#2041=ORIENTED_EDGE('',*,*,#1589,.T.);
#2042=ORIENTED_EDGE('',*,*,#1590,.T.);
#2043=ORIENTED_EDGE('',*,*,#1591,.T.);
#2044=ORIENTED_EDGE('',*,*,#1592,.T.);
#2045=ORIENTED_EDGE('',*,*,#1593,.T.);
#2046=ORIENTED_EDGE('',*,*,#1594,.T.);
#2047=ORIENTED_EDGE('',*,*,#1595,.T.);
#2048=ORIENTED_EDGE('',*,*,#1596,.T.);
#2049=ORIENTED_EDGE('',*,*,#1597,.T.);
#2050=ORIENTED_EDGE('',*,*,#1598,.T.);
#2051=ORIENTED_EDGE('',*,*,#1599,.T.);
#2052=ORIENTED_EDGE('',*,*,#1600,.T.);
#2053=ORIENTED_EDGE('',*,*,#1601,.T.);
#2054=ORIENTED_EDGE('',*,*,#1602,.T.);
#2055=ORIENTED_EDGE('',*,*,#1603,.T.);
#2056=ORIENTED_EDGE('',*,*,#1604,.T.);
#2057=ORIENTED_EDGE('',*,*,#1605,.T.);
#2058=ORIENTED_EDGE('',*,*,#1606,.T.);
#2059=ORIENTED_EDGE('',*,*,#1607,.T.);
#2060=ORIENTED_EDGE('',*,*,#1608,.T.);
#2061=ORIENTED_EDGE('',*,*,#1609,.T.);
#2062=ORIENTED_EDGE('',*,*,#1610,.T.);
#2063=ORIENTED_EDGE('',*,*,#1611,.T.);
#2064=ORIENTED_EDGE('',*,*,#1612,.T.);
#2065=ORIENTED_EDGE('',*,*,#1613,.T.);
#2066=ORIENTED_EDGE('',*,*,#1614,.T.);
#2067=ORIENTED_EDGE('',*,*,#1615,.T.);
#2068=ORIENTED_EDGE('',*,*,#1616,.F.);
#2069=ORIENTED_EDGE('',*,*,#1401,.F.);
#2070=ORIENTED_EDGE('',*,*,#1617,.T.);
#2071=ORIENTED_EDGE('',*,*,#1618,.F.);
#2072=ORIENTED_EDGE('',*,*,#1439,.T.);
#2073=ORIENTED_EDGE('',*,*,#1438,.T.);
#2074=ORIENTED_EDGE('',*,*,#1619,.F.);
#2075=ORIENTED_EDGE('',*,*,#1620,.T.);
#2076=ORIENTED_EDGE('',*,*,#1621,.F.);
#2077=ORIENTED_EDGE('',*,*,#1622,.F.);
#2078=ORIENTED_EDGE('',*,*,#1623,.F.);
#2079=ORIENTED_EDGE('',*,*,#1624,.T.);
#2080=ORIENTED_EDGE('',*,*,#1625,.T.);
#2081=ORIENTED_EDGE('',*,*,#1626,.F.);
#2082=ORIENTED_EDGE('',*,*,#1627,.F.);
#2083=ORIENTED_EDGE('',*,*,#1628,.F.);
#2084=ORIENTED_EDGE('',*,*,#1629,.F.);
#2085=ORIENTED_EDGE('',*,*,#1630,.F.);
#2086=ORIENTED_EDGE('',*,*,#1631,.F.);
#2087=ORIENTED_EDGE('',*,*,#1632,.F.);
#2088=ORIENTED_EDGE('',*,*,#1633,.F.);
#2089=ORIENTED_EDGE('',*,*,#1634,.F.);
#2090=ORIENTED_EDGE('',*,*,#1635,.F.);
#2091=ORIENTED_EDGE('',*,*,#1636,.F.);
#2092=ORIENTED_EDGE('',*,*,#1637,.F.);
#2093=ORIENTED_EDGE('',*,*,#1638,.F.);
#2094=ORIENTED_EDGE('',*,*,#1639,.F.);
#2095=ORIENTED_EDGE('',*,*,#1640,.F.);
#2096=ORIENTED_EDGE('',*,*,#1641,.F.);
#2097=ORIENTED_EDGE('',*,*,#1642,.T.);
#2098=ORIENTED_EDGE('',*,*,#1643,.F.);
#2099=ORIENTED_EDGE('',*,*,#1644,.T.);
#2100=ORIENTED_EDGE('',*,*,#1517,.F.);
#2101=ORIENTED_EDGE('',*,*,#1485,.T.);
#2102=ORIENTED_EDGE('',*,*,#1645,.T.);
#2103=ORIENTED_EDGE('',*,*,#1394,.F.);
#2104=ORIENTED_EDGE('',*,*,#1646,.F.);
#2105=ORIENTED_EDGE('',*,*,#1486,.T.);
#2106=ORIENTED_EDGE('',*,*,#1646,.T.);
#2107=ORIENTED_EDGE('',*,*,#1393,.F.);
#2108=ORIENTED_EDGE('',*,*,#1647,.F.);
#2109=ORIENTED_EDGE('',*,*,#1487,.T.);
#2110=ORIENTED_EDGE('',*,*,#1647,.T.);
#2111=ORIENTED_EDGE('',*,*,#1392,.F.);
#2112=ORIENTED_EDGE('',*,*,#1648,.F.);
#2113=ORIENTED_EDGE('',*,*,#1488,.T.);
#2114=ORIENTED_EDGE('',*,*,#1648,.T.);
#2115=ORIENTED_EDGE('',*,*,#1391,.F.);
#2116=ORIENTED_EDGE('',*,*,#1649,.F.);
#2117=ORIENTED_EDGE('',*,*,#1489,.T.);
#2118=ORIENTED_EDGE('',*,*,#1649,.T.);
#2119=ORIENTED_EDGE('',*,*,#1390,.F.);
#2120=ORIENTED_EDGE('',*,*,#1650,.F.);
#2121=ORIENTED_EDGE('',*,*,#1490,.T.);
#2122=ORIENTED_EDGE('',*,*,#1650,.T.);
#2123=ORIENTED_EDGE('',*,*,#1389,.F.);
#2124=ORIENTED_EDGE('',*,*,#1651,.F.);
#2125=ORIENTED_EDGE('',*,*,#1491,.T.);
#2126=ORIENTED_EDGE('',*,*,#1651,.T.);
#2127=ORIENTED_EDGE('',*,*,#1388,.F.);
#2128=ORIENTED_EDGE('',*,*,#1652,.F.);
#2129=ORIENTED_EDGE('',*,*,#1492,.T.);
#2130=ORIENTED_EDGE('',*,*,#1652,.T.);
#2131=ORIENTED_EDGE('',*,*,#1387,.F.);
#2132=ORIENTED_EDGE('',*,*,#1653,.F.);
#2133=ORIENTED_EDGE('',*,*,#1493,.T.);
#2134=ORIENTED_EDGE('',*,*,#1653,.T.);
#2135=ORIENTED_EDGE('',*,*,#1386,.F.);
#2136=ORIENTED_EDGE('',*,*,#1654,.F.);
#2137=ORIENTED_EDGE('',*,*,#1494,.T.);
#2138=ORIENTED_EDGE('',*,*,#1654,.T.);
#2139=ORIENTED_EDGE('',*,*,#1385,.F.);
#2140=ORIENTED_EDGE('',*,*,#1655,.F.);
#2141=ORIENTED_EDGE('',*,*,#1495,.T.);
#2142=ORIENTED_EDGE('',*,*,#1655,.T.);
#2143=ORIENTED_EDGE('',*,*,#1384,.F.);
#2144=ORIENTED_EDGE('',*,*,#1656,.F.);
#2145=ORIENTED_EDGE('',*,*,#1496,.T.);
#2146=ORIENTED_EDGE('',*,*,#1656,.T.);
#2147=ORIENTED_EDGE('',*,*,#1383,.F.);
#2148=ORIENTED_EDGE('',*,*,#1657,.F.);
#2149=ORIENTED_EDGE('',*,*,#1497,.T.);
#2150=ORIENTED_EDGE('',*,*,#1657,.T.);
#2151=ORIENTED_EDGE('',*,*,#1382,.F.);
#2152=ORIENTED_EDGE('',*,*,#1658,.F.);
#2153=ORIENTED_EDGE('',*,*,#1498,.T.);
#2154=ORIENTED_EDGE('',*,*,#1658,.T.);
#2155=ORIENTED_EDGE('',*,*,#1381,.F.);
#2156=ORIENTED_EDGE('',*,*,#1659,.F.);
#2157=ORIENTED_EDGE('',*,*,#1499,.T.);
#2158=ORIENTED_EDGE('',*,*,#1659,.T.);
#2159=ORIENTED_EDGE('',*,*,#1380,.F.);
#2160=ORIENTED_EDGE('',*,*,#1660,.F.);
#2161=ORIENTED_EDGE('',*,*,#1484,.T.);
#2162=ORIENTED_EDGE('',*,*,#1660,.T.);
#2163=ORIENTED_EDGE('',*,*,#1379,.F.);
#2164=ORIENTED_EDGE('',*,*,#1645,.F.);
#2165=ORIENTED_EDGE('',*,*,#1415,.T.);
#2166=ORIENTED_EDGE('',*,*,#1661,.T.);
#2167=ORIENTED_EDGE('',*,*,#1662,.F.);
#2168=ORIENTED_EDGE('',*,*,#1661,.F.);
#2169=ORIENTED_EDGE('',*,*,#1627,.T.);
#2170=ORIENTED_EDGE('',*,*,#1663,.T.);
#2171=ORIENTED_EDGE('',*,*,#1473,.F.);
#2172=ORIENTED_EDGE('',*,*,#1664,.F.);
#2173=ORIENTED_EDGE('',*,*,#1628,.T.);
#2174=ORIENTED_EDGE('',*,*,#1664,.T.);
#2175=ORIENTED_EDGE('',*,*,#1472,.F.);
#2176=ORIENTED_EDGE('',*,*,#1665,.F.);
#2177=ORIENTED_EDGE('',*,*,#1629,.T.);
#2178=ORIENTED_EDGE('',*,*,#1665,.T.);
#2179=ORIENTED_EDGE('',*,*,#1471,.F.);
#2180=ORIENTED_EDGE('',*,*,#1666,.F.);
#2181=ORIENTED_EDGE('',*,*,#1630,.T.);
#2182=ORIENTED_EDGE('',*,*,#1666,.T.);
#2183=ORIENTED_EDGE('',*,*,#1470,.F.);
#2184=ORIENTED_EDGE('',*,*,#1667,.F.);
#2185=ORIENTED_EDGE('',*,*,#1631,.T.);
#2186=ORIENTED_EDGE('',*,*,#1667,.T.);
#2187=ORIENTED_EDGE('',*,*,#1469,.F.);
#2188=ORIENTED_EDGE('',*,*,#1668,.F.);
#2189=ORIENTED_EDGE('',*,*,#1632,.T.);
#2190=ORIENTED_EDGE('',*,*,#1668,.T.);
#2191=ORIENTED_EDGE('',*,*,#1468,.F.);
#2192=ORIENTED_EDGE('',*,*,#1669,.F.);
#2193=ORIENTED_EDGE('',*,*,#1633,.T.);
#2194=ORIENTED_EDGE('',*,*,#1669,.T.);
#2195=ORIENTED_EDGE('',*,*,#1467,.F.);
#2196=ORIENTED_EDGE('',*,*,#1670,.F.);
#2197=ORIENTED_EDGE('',*,*,#1634,.T.);
#2198=ORIENTED_EDGE('',*,*,#1670,.T.);
#2199=ORIENTED_EDGE('',*,*,#1466,.F.);
#2200=ORIENTED_EDGE('',*,*,#1671,.F.);
#2201=ORIENTED_EDGE('',*,*,#1635,.T.);
#2202=ORIENTED_EDGE('',*,*,#1671,.T.);
#2203=ORIENTED_EDGE('',*,*,#1465,.F.);
#2204=ORIENTED_EDGE('',*,*,#1672,.F.);
#2205=ORIENTED_EDGE('',*,*,#1636,.T.);
#2206=ORIENTED_EDGE('',*,*,#1672,.T.);
#2207=ORIENTED_EDGE('',*,*,#1464,.F.);
#2208=ORIENTED_EDGE('',*,*,#1673,.F.);
#2209=ORIENTED_EDGE('',*,*,#1637,.T.);
#2210=ORIENTED_EDGE('',*,*,#1673,.T.);
#2211=ORIENTED_EDGE('',*,*,#1463,.F.);
#2212=ORIENTED_EDGE('',*,*,#1674,.F.);
#2213=ORIENTED_EDGE('',*,*,#1638,.T.);
#2214=ORIENTED_EDGE('',*,*,#1674,.T.);
#2215=ORIENTED_EDGE('',*,*,#1462,.F.);
#2216=ORIENTED_EDGE('',*,*,#1675,.F.);
#2217=ORIENTED_EDGE('',*,*,#1639,.T.);
#2218=ORIENTED_EDGE('',*,*,#1675,.T.);
#2219=ORIENTED_EDGE('',*,*,#1461,.F.);
#2220=ORIENTED_EDGE('',*,*,#1676,.F.);
#2221=ORIENTED_EDGE('',*,*,#1640,.T.);
#2222=ORIENTED_EDGE('',*,*,#1676,.T.);
#2223=ORIENTED_EDGE('',*,*,#1460,.F.);
#2224=ORIENTED_EDGE('',*,*,#1677,.F.);
#2225=ORIENTED_EDGE('',*,*,#1641,.T.);
#2226=ORIENTED_EDGE('',*,*,#1677,.T.);
#2227=ORIENTED_EDGE('',*,*,#1459,.F.);
#2228=ORIENTED_EDGE('',*,*,#1678,.F.);
#2229=ORIENTED_EDGE('',*,*,#1626,.T.);
#2230=ORIENTED_EDGE('',*,*,#1678,.T.);
#2231=ORIENTED_EDGE('',*,*,#1458,.F.);
#2232=ORIENTED_EDGE('',*,*,#1663,.F.);
#2233=ORIENTED_EDGE('',*,*,#1417,.T.);
#2234=ORIENTED_EDGE('',*,*,#1679,.T.);
#2235=ORIENTED_EDGE('',*,*,#1680,.F.);
#2236=ORIENTED_EDGE('',*,*,#1681,.F.);
#2237=ORIENTED_EDGE('',*,*,#1418,.T.);
#2238=ORIENTED_EDGE('',*,*,#1681,.T.);
#2239=ORIENTED_EDGE('',*,*,#1682,.F.);
#2240=ORIENTED_EDGE('',*,*,#1683,.F.);
#2241=ORIENTED_EDGE('',*,*,#1419,.T.);
#2242=ORIENTED_EDGE('',*,*,#1683,.T.);
#2243=ORIENTED_EDGE('',*,*,#1684,.F.);
#2244=ORIENTED_EDGE('',*,*,#1685,.F.);
#2245=ORIENTED_EDGE('',*,*,#1420,.T.);
#2246=ORIENTED_EDGE('',*,*,#1685,.T.);
#2247=ORIENTED_EDGE('',*,*,#1686,.F.);
#2248=ORIENTED_EDGE('',*,*,#1687,.F.);
#2249=ORIENTED_EDGE('',*,*,#1421,.T.);
#2250=ORIENTED_EDGE('',*,*,#1687,.T.);
#2251=ORIENTED_EDGE('',*,*,#1688,.F.);
#2252=ORIENTED_EDGE('',*,*,#1689,.F.);
#2253=ORIENTED_EDGE('',*,*,#1422,.T.);
#2254=ORIENTED_EDGE('',*,*,#1689,.T.);
#2255=ORIENTED_EDGE('',*,*,#1690,.F.);
#2256=ORIENTED_EDGE('',*,*,#1691,.F.);
#2257=ORIENTED_EDGE('',*,*,#1423,.T.);
#2258=ORIENTED_EDGE('',*,*,#1691,.T.);
#2259=ORIENTED_EDGE('',*,*,#1692,.F.);
#2260=ORIENTED_EDGE('',*,*,#1693,.F.);
#2261=ORIENTED_EDGE('',*,*,#1416,.T.);
#2262=ORIENTED_EDGE('',*,*,#1693,.T.);
#2263=ORIENTED_EDGE('',*,*,#1694,.F.);
#2264=ORIENTED_EDGE('',*,*,#1679,.F.);
#2265=ORIENTED_EDGE('',*,*,#1424,.T.);
#2266=ORIENTED_EDGE('',*,*,#1695,.T.);
#2267=ORIENTED_EDGE('',*,*,#1696,.F.);
#2268=ORIENTED_EDGE('',*,*,#1695,.F.);
#2269=ORIENTED_EDGE('',*,*,#1425,.T.);
#2270=ORIENTED_EDGE('',*,*,#1697,.T.);
#2271=ORIENTED_EDGE('',*,*,#1698,.F.);
#2272=ORIENTED_EDGE('',*,*,#1697,.F.);
#2273=ORIENTED_EDGE('',*,*,#1426,.T.);
#2274=ORIENTED_EDGE('',*,*,#1699,.T.);
#2275=ORIENTED_EDGE('',*,*,#1700,.F.);
#2276=ORIENTED_EDGE('',*,*,#1699,.F.);
#2277=ORIENTED_EDGE('',*,*,#1525,.F.);
#2278=ORIENTED_EDGE('',*,*,#1701,.T.);
#2279=ORIENTED_EDGE('',*,*,#1614,.F.);
#2280=ORIENTED_EDGE('',*,*,#1702,.F.);
#2281=ORIENTED_EDGE('',*,*,#1526,.T.);
#2282=ORIENTED_EDGE('',*,*,#1702,.T.);
#2283=ORIENTED_EDGE('',*,*,#1613,.F.);
#2284=ORIENTED_EDGE('',*,*,#1703,.F.);
#2285=ORIENTED_EDGE('',*,*,#1527,.T.);
#2286=ORIENTED_EDGE('',*,*,#1703,.T.);
#2287=ORIENTED_EDGE('',*,*,#1612,.F.);
#2288=ORIENTED_EDGE('',*,*,#1704,.F.);
#2289=ORIENTED_EDGE('',*,*,#1528,.T.);
#2290=ORIENTED_EDGE('',*,*,#1704,.T.);
#2291=ORIENTED_EDGE('',*,*,#1611,.F.);
#2292=ORIENTED_EDGE('',*,*,#1705,.F.);
#2293=ORIENTED_EDGE('',*,*,#1529,.T.);
#2294=ORIENTED_EDGE('',*,*,#1705,.T.);
#2295=ORIENTED_EDGE('',*,*,#1610,.F.);
#2296=ORIENTED_EDGE('',*,*,#1706,.F.);
#2297=ORIENTED_EDGE('',*,*,#1530,.T.);
#2298=ORIENTED_EDGE('',*,*,#1706,.T.);
#2299=ORIENTED_EDGE('',*,*,#1609,.F.);
#2300=ORIENTED_EDGE('',*,*,#1707,.F.);
#2301=ORIENTED_EDGE('',*,*,#1531,.T.);
#2302=ORIENTED_EDGE('',*,*,#1707,.T.);
#2303=ORIENTED_EDGE('',*,*,#1608,.F.);
#2304=ORIENTED_EDGE('',*,*,#1708,.F.);
#2305=ORIENTED_EDGE('',*,*,#1532,.F.);
#2306=ORIENTED_EDGE('',*,*,#1708,.T.);
#2307=ORIENTED_EDGE('',*,*,#1607,.F.);
#2308=ORIENTED_EDGE('',*,*,#1709,.F.);
#2309=ORIENTED_EDGE('',*,*,#1533,.F.);
#2310=ORIENTED_EDGE('',*,*,#1709,.T.);
#2311=ORIENTED_EDGE('',*,*,#1606,.F.);
#2312=ORIENTED_EDGE('',*,*,#1710,.F.);
#2313=ORIENTED_EDGE('',*,*,#1534,.F.);
#2314=ORIENTED_EDGE('',*,*,#1710,.T.);
#2315=ORIENTED_EDGE('',*,*,#1605,.F.);
#2316=ORIENTED_EDGE('',*,*,#1711,.F.);
#2317=ORIENTED_EDGE('',*,*,#1535,.T.);
#2318=ORIENTED_EDGE('',*,*,#1711,.T.);
#2319=ORIENTED_EDGE('',*,*,#1604,.F.);
#2320=ORIENTED_EDGE('',*,*,#1712,.F.);
#2321=ORIENTED_EDGE('',*,*,#1536,.T.);
#2322=ORIENTED_EDGE('',*,*,#1712,.T.);
#2323=ORIENTED_EDGE('',*,*,#1603,.F.);
#2324=ORIENTED_EDGE('',*,*,#1713,.F.);
#2325=ORIENTED_EDGE('',*,*,#1537,.T.);
#2326=ORIENTED_EDGE('',*,*,#1713,.T.);
#2327=ORIENTED_EDGE('',*,*,#1602,.F.);
#2328=ORIENTED_EDGE('',*,*,#1714,.F.);
#2329=ORIENTED_EDGE('',*,*,#1538,.T.);
#2330=ORIENTED_EDGE('',*,*,#1714,.T.);
#2331=ORIENTED_EDGE('',*,*,#1601,.F.);
#2332=ORIENTED_EDGE('',*,*,#1715,.F.);
#2333=ORIENTED_EDGE('',*,*,#1539,.T.);
#2334=ORIENTED_EDGE('',*,*,#1715,.T.);
#2335=ORIENTED_EDGE('',*,*,#1600,.F.);
#2336=ORIENTED_EDGE('',*,*,#1716,.F.);
#2337=ORIENTED_EDGE('',*,*,#1540,.T.);
#2338=ORIENTED_EDGE('',*,*,#1716,.T.);
#2339=ORIENTED_EDGE('',*,*,#1599,.F.);
#2340=ORIENTED_EDGE('',*,*,#1717,.F.);
#2341=ORIENTED_EDGE('',*,*,#1541,.F.);
#2342=ORIENTED_EDGE('',*,*,#1717,.T.);
#2343=ORIENTED_EDGE('',*,*,#1598,.F.);
#2344=ORIENTED_EDGE('',*,*,#1718,.F.);
#2345=ORIENTED_EDGE('',*,*,#1542,.T.);
#2346=ORIENTED_EDGE('',*,*,#1718,.T.);
#2347=ORIENTED_EDGE('',*,*,#1597,.F.);
#2348=ORIENTED_EDGE('',*,*,#1719,.F.);
#2349=ORIENTED_EDGE('',*,*,#1543,.F.);
#2350=ORIENTED_EDGE('',*,*,#1719,.T.);
#2351=ORIENTED_EDGE('',*,*,#1596,.F.);
#2352=ORIENTED_EDGE('',*,*,#1720,.F.);
#2353=ORIENTED_EDGE('',*,*,#1544,.F.);
#2354=ORIENTED_EDGE('',*,*,#1720,.T.);
#2355=ORIENTED_EDGE('',*,*,#1595,.F.);
#2356=ORIENTED_EDGE('',*,*,#1721,.F.);
#2357=ORIENTED_EDGE('',*,*,#1545,.T.);
#2358=ORIENTED_EDGE('',*,*,#1721,.T.);
#2359=ORIENTED_EDGE('',*,*,#1594,.F.);
#2360=ORIENTED_EDGE('',*,*,#1722,.F.);
#2361=ORIENTED_EDGE('',*,*,#1546,.F.);
#2362=ORIENTED_EDGE('',*,*,#1722,.T.);
#2363=ORIENTED_EDGE('',*,*,#1593,.F.);
#2364=ORIENTED_EDGE('',*,*,#1723,.F.);
#2365=ORIENTED_EDGE('',*,*,#1547,.T.);
#2366=ORIENTED_EDGE('',*,*,#1723,.T.);
#2367=ORIENTED_EDGE('',*,*,#1592,.F.);
#2368=ORIENTED_EDGE('',*,*,#1724,.F.);
#2369=ORIENTED_EDGE('',*,*,#1548,.F.);
#2370=ORIENTED_EDGE('',*,*,#1724,.T.);
#2371=ORIENTED_EDGE('',*,*,#1591,.F.);
#2372=ORIENTED_EDGE('',*,*,#1725,.F.);
#2373=ORIENTED_EDGE('',*,*,#1549,.F.);
#2374=ORIENTED_EDGE('',*,*,#1725,.T.);
#2375=ORIENTED_EDGE('',*,*,#1590,.F.);
#2376=ORIENTED_EDGE('',*,*,#1726,.F.);
#2377=ORIENTED_EDGE('',*,*,#1550,.F.);
#2378=ORIENTED_EDGE('',*,*,#1726,.T.);
#2379=ORIENTED_EDGE('',*,*,#1589,.F.);
#2380=ORIENTED_EDGE('',*,*,#1727,.F.);
#2381=ORIENTED_EDGE('',*,*,#1551,.T.);
#2382=ORIENTED_EDGE('',*,*,#1727,.T.);
#2383=ORIENTED_EDGE('',*,*,#1588,.F.);
#2384=ORIENTED_EDGE('',*,*,#1728,.F.);
#2385=ORIENTED_EDGE('',*,*,#1552,.T.);
#2386=ORIENTED_EDGE('',*,*,#1728,.T.);
#2387=ORIENTED_EDGE('',*,*,#1587,.F.);
#2388=ORIENTED_EDGE('',*,*,#1729,.F.);
#2389=ORIENTED_EDGE('',*,*,#1553,.T.);
#2390=ORIENTED_EDGE('',*,*,#1729,.T.);
#2391=ORIENTED_EDGE('',*,*,#1586,.F.);
#2392=ORIENTED_EDGE('',*,*,#1730,.F.);
#2393=ORIENTED_EDGE('',*,*,#1554,.T.);
#2394=ORIENTED_EDGE('',*,*,#1730,.T.);
#2395=ORIENTED_EDGE('',*,*,#1585,.F.);
#2396=ORIENTED_EDGE('',*,*,#1731,.F.);
#2397=ORIENTED_EDGE('',*,*,#1555,.F.);
#2398=ORIENTED_EDGE('',*,*,#1731,.T.);
#2399=ORIENTED_EDGE('',*,*,#1584,.F.);
#2400=ORIENTED_EDGE('',*,*,#1732,.F.);
#2401=ORIENTED_EDGE('',*,*,#1556,.T.);
#2402=ORIENTED_EDGE('',*,*,#1732,.T.);
#2403=ORIENTED_EDGE('',*,*,#1583,.F.);
#2404=ORIENTED_EDGE('',*,*,#1733,.F.);
#2405=ORIENTED_EDGE('',*,*,#1557,.F.);
#2406=ORIENTED_EDGE('',*,*,#1733,.T.);
#2407=ORIENTED_EDGE('',*,*,#1582,.F.);
#2408=ORIENTED_EDGE('',*,*,#1734,.F.);
#2409=ORIENTED_EDGE('',*,*,#1558,.T.);
#2410=ORIENTED_EDGE('',*,*,#1734,.T.);
#2411=ORIENTED_EDGE('',*,*,#1581,.F.);
#2412=ORIENTED_EDGE('',*,*,#1735,.F.);
#2413=ORIENTED_EDGE('',*,*,#1559,.F.);
#2414=ORIENTED_EDGE('',*,*,#1735,.T.);
#2415=ORIENTED_EDGE('',*,*,#1580,.F.);
#2416=ORIENTED_EDGE('',*,*,#1736,.F.);
#2417=ORIENTED_EDGE('',*,*,#1560,.F.);
#2418=ORIENTED_EDGE('',*,*,#1736,.T.);
#2419=ORIENTED_EDGE('',*,*,#1579,.F.);
#2420=ORIENTED_EDGE('',*,*,#1737,.F.);
#2421=ORIENTED_EDGE('',*,*,#1561,.T.);
#2422=ORIENTED_EDGE('',*,*,#1737,.T.);
#2423=ORIENTED_EDGE('',*,*,#1578,.F.);
#2424=ORIENTED_EDGE('',*,*,#1738,.F.);
#2425=ORIENTED_EDGE('',*,*,#1562,.F.);
#2426=ORIENTED_EDGE('',*,*,#1738,.T.);
#2427=ORIENTED_EDGE('',*,*,#1577,.F.);
#2428=ORIENTED_EDGE('',*,*,#1739,.F.);
#2429=ORIENTED_EDGE('',*,*,#1563,.F.);
#2430=ORIENTED_EDGE('',*,*,#1739,.T.);
#2431=ORIENTED_EDGE('',*,*,#1576,.F.);
#2432=ORIENTED_EDGE('',*,*,#1740,.F.);
#2433=ORIENTED_EDGE('',*,*,#1564,.T.);
#2434=ORIENTED_EDGE('',*,*,#1740,.T.);
#2435=ORIENTED_EDGE('',*,*,#1575,.F.);
#2436=ORIENTED_EDGE('',*,*,#1741,.F.);
#2437=ORIENTED_EDGE('',*,*,#1565,.F.);
#2438=ORIENTED_EDGE('',*,*,#1741,.T.);
#2439=ORIENTED_EDGE('',*,*,#1574,.F.);
#2440=ORIENTED_EDGE('',*,*,#1742,.F.);
#2441=ORIENTED_EDGE('',*,*,#1566,.T.);
#2442=ORIENTED_EDGE('',*,*,#1742,.T.);
#2443=ORIENTED_EDGE('',*,*,#1573,.F.);
#2444=ORIENTED_EDGE('',*,*,#1743,.F.);
#2445=ORIENTED_EDGE('',*,*,#1567,.F.);
#2446=ORIENTED_EDGE('',*,*,#1743,.T.);
#2447=ORIENTED_EDGE('',*,*,#1572,.F.);
#2448=ORIENTED_EDGE('',*,*,#1744,.F.);
#2449=ORIENTED_EDGE('',*,*,#1568,.T.);
#2450=ORIENTED_EDGE('',*,*,#1744,.T.);
#2451=ORIENTED_EDGE('',*,*,#1571,.F.);
#2452=ORIENTED_EDGE('',*,*,#1745,.F.);
#2453=ORIENTED_EDGE('',*,*,#1569,.T.);
#2454=ORIENTED_EDGE('',*,*,#1745,.T.);
#2455=ORIENTED_EDGE('',*,*,#1570,.F.);
#2456=ORIENTED_EDGE('',*,*,#1511,.F.);
#2457=ORIENTED_EDGE('',*,*,#1508,.F.);
#2458=ORIENTED_EDGE('',*,*,#1518,.F.);
#2459=ORIENTED_EDGE('',*,*,#1644,.F.);
#2460=ORIENTED_EDGE('',*,*,#1746,.T.);
#2461=ORIENTED_EDGE('',*,*,#1509,.F.);
#2462=ORIENTED_EDGE('',*,*,#1642,.F.);
#2463=ORIENTED_EDGE('',*,*,#1747,.F.);
#2464=ORIENTED_EDGE('',*,*,#1748,.F.);
#2465=ORIENTED_EDGE('',*,*,#1403,.F.);
#2466=ORIENTED_EDGE('',*,*,#1404,.T.);
#2467=ORIENTED_EDGE('',*,*,#1748,.T.);
#2468=ORIENTED_EDGE('',*,*,#1749,.F.);
#2469=ORIENTED_EDGE('',*,*,#1750,.F.);
#2470=ORIENTED_EDGE('',*,*,#1405,.T.);
#2471=ORIENTED_EDGE('',*,*,#1750,.T.);
#2472=ORIENTED_EDGE('',*,*,#1751,.F.);
#2473=ORIENTED_EDGE('',*,*,#1752,.F.);
#2474=ORIENTED_EDGE('',*,*,#1474,.F.);
#2475=ORIENTED_EDGE('',*,*,#1406,.F.);
#2476=ORIENTED_EDGE('',*,*,#1752,.T.);
#2477=ORIENTED_EDGE('',*,*,#1753,.F.);
#2478=ORIENTED_EDGE('',*,*,#1444,.T.);
#2479=ORIENTED_EDGE('',*,*,#1476,.T.);
#2480=ORIENTED_EDGE('',*,*,#1504,.F.);
#2481=ORIENTED_EDGE('',*,*,#1754,.F.);
#2482=ORIENTED_EDGE('',*,*,#1435,.F.);
#2483=ORIENTED_EDGE('',*,*,#1445,.F.);
#2484=ORIENTED_EDGE('',*,*,#1754,.T.);
#2485=ORIENTED_EDGE('',*,*,#1503,.F.);
#2486=ORIENTED_EDGE('',*,*,#1619,.T.);
#2487=ORIENTED_EDGE('',*,*,#1437,.T.);
#2488=ORIENTED_EDGE('',*,*,#1457,.F.);
#2489=ORIENTED_EDGE('',*,*,#1755,.F.);
#2490=ORIENTED_EDGE('',*,*,#1620,.F.);
#2491=ORIENTED_EDGE('',*,*,#1755,.T.);
#2492=ORIENTED_EDGE('',*,*,#1456,.F.);
#2493=ORIENTED_EDGE('',*,*,#1756,.F.);
#2494=ORIENTED_EDGE('',*,*,#1621,.T.);
#2495=ORIENTED_EDGE('',*,*,#1756,.T.);
#2496=ORIENTED_EDGE('',*,*,#1455,.F.);
#2497=ORIENTED_EDGE('',*,*,#1757,.F.);
#2498=ORIENTED_EDGE('',*,*,#1622,.T.);
#2499=ORIENTED_EDGE('',*,*,#1757,.T.);
#2500=ORIENTED_EDGE('',*,*,#1454,.F.);
#2501=ORIENTED_EDGE('',*,*,#1758,.F.);
#2502=ORIENTED_EDGE('',*,*,#1623,.T.);
#2503=ORIENTED_EDGE('',*,*,#1758,.T.);
#2504=ORIENTED_EDGE('',*,*,#1453,.F.);
#2505=ORIENTED_EDGE('',*,*,#1759,.F.);
#2506=ORIENTED_EDGE('',*,*,#1624,.F.);
#2507=ORIENTED_EDGE('',*,*,#1759,.T.);
#2508=ORIENTED_EDGE('',*,*,#1452,.F.);
#2509=ORIENTED_EDGE('',*,*,#1760,.F.);
#2510=ORIENTED_EDGE('',*,*,#1446,.T.);
#2511=ORIENTED_EDGE('',*,*,#1449,.T.);
#2512=ORIENTED_EDGE('',*,*,#1625,.F.);
#2513=ORIENTED_EDGE('',*,*,#1760,.T.);
#2514=ORIENTED_EDGE('',*,*,#1451,.F.);
#2515=ORIENTED_EDGE('',*,*,#1441,.T.);
#2516=ORIENTED_EDGE('',*,*,#1448,.T.);
#2517=ORIENTED_EDGE('',*,*,#1507,.F.);
#2518=ORIENTED_EDGE('',*,*,#1761,.F.);
#2519=ORIENTED_EDGE('',*,*,#1500,.T.);
#2520=ORIENTED_EDGE('',*,*,#1442,.F.);
#2521=ORIENTED_EDGE('',*,*,#1761,.T.);
#2522=ORIENTED_EDGE('',*,*,#1506,.F.);
#2523=ORIENTED_EDGE('',*,*,#1409,.F.);
#2524=ORIENTED_EDGE('',*,*,#1502,.T.);
#2525=ORIENTED_EDGE('',*,*,#1762,.F.);
#2526=ORIENTED_EDGE('',*,*,#1763,.F.);
#2527=ORIENTED_EDGE('',*,*,#1410,.T.);
#2528=ORIENTED_EDGE('',*,*,#1763,.T.);
#2529=ORIENTED_EDGE('',*,*,#1764,.F.);
#2530=ORIENTED_EDGE('',*,*,#1765,.F.);
#2531=ORIENTED_EDGE('',*,*,#1411,.T.);
#2532=ORIENTED_EDGE('',*,*,#1765,.T.);
#2533=ORIENTED_EDGE('',*,*,#1766,.F.);
#2534=ORIENTED_EDGE('',*,*,#1767,.F.);
#2535=ORIENTED_EDGE('',*,*,#1412,.T.);
#2536=ORIENTED_EDGE('',*,*,#1767,.T.);
#2537=ORIENTED_EDGE('',*,*,#1768,.F.);
#2538=ORIENTED_EDGE('',*,*,#1769,.F.);
#2539=ORIENTED_EDGE('',*,*,#1413,.T.);
#2540=ORIENTED_EDGE('',*,*,#1769,.T.);
#2541=ORIENTED_EDGE('',*,*,#1770,.F.);
#2542=ORIENTED_EDGE('',*,*,#1771,.F.);
#2543=ORIENTED_EDGE('',*,*,#1395,.F.);
#2544=ORIENTED_EDGE('',*,*,#1414,.F.);
#2545=ORIENTED_EDGE('',*,*,#1771,.T.);
#2546=ORIENTED_EDGE('',*,*,#1772,.F.);
#2547=ORIENTED_EDGE('',*,*,#1366,.T.);
#2548=ORIENTED_EDGE('',*,*,#1397,.T.);
#2549=ORIENTED_EDGE('',*,*,#1431,.F.);
#2550=ORIENTED_EDGE('',*,*,#1773,.F.);
#2551=ORIENTED_EDGE('',*,*,#1355,.F.);
#2552=ORIENTED_EDGE('',*,*,#1367,.F.);
#2553=ORIENTED_EDGE('',*,*,#1773,.T.);
#2554=ORIENTED_EDGE('',*,*,#1430,.F.);
#2555=ORIENTED_EDGE('',*,*,#1356,.F.);
#2556=ORIENTED_EDGE('',*,*,#1477,.T.);
#2557=ORIENTED_EDGE('',*,*,#1358,.T.);
#2558=ORIENTED_EDGE('',*,*,#1378,.F.);
#2559=ORIENTED_EDGE('',*,*,#1774,.F.);
#2560=ORIENTED_EDGE('',*,*,#1478,.T.);
#2561=ORIENTED_EDGE('',*,*,#1774,.T.);
#2562=ORIENTED_EDGE('',*,*,#1377,.F.);
#2563=ORIENTED_EDGE('',*,*,#1775,.F.);
#2564=ORIENTED_EDGE('',*,*,#1479,.F.);
#2565=ORIENTED_EDGE('',*,*,#1775,.T.);
#2566=ORIENTED_EDGE('',*,*,#1376,.F.);
#2567=ORIENTED_EDGE('',*,*,#1776,.F.);
#2568=ORIENTED_EDGE('',*,*,#1480,.T.);
#2569=ORIENTED_EDGE('',*,*,#1776,.T.);
#2570=ORIENTED_EDGE('',*,*,#1375,.F.);
#2571=ORIENTED_EDGE('',*,*,#1777,.F.);
#2572=ORIENTED_EDGE('',*,*,#1481,.T.);
#2573=ORIENTED_EDGE('',*,*,#1777,.T.);
#2574=ORIENTED_EDGE('',*,*,#1374,.F.);
#2575=ORIENTED_EDGE('',*,*,#1778,.F.);
#2576=ORIENTED_EDGE('',*,*,#1482,.T.);
#2577=ORIENTED_EDGE('',*,*,#1778,.T.);
#2578=ORIENTED_EDGE('',*,*,#1373,.F.);
#2579=ORIENTED_EDGE('',*,*,#1779,.F.);
#2580=ORIENTED_EDGE('',*,*,#1368,.T.);
#2581=ORIENTED_EDGE('',*,*,#1483,.T.);
#2582=ORIENTED_EDGE('',*,*,#1779,.T.);
#2583=ORIENTED_EDGE('',*,*,#1372,.F.);
#2584=ORIENTED_EDGE('',*,*,#1362,.T.);
#2585=ORIENTED_EDGE('',*,*,#1370,.T.);
#2586=ORIENTED_EDGE('',*,*,#1434,.F.);
#2587=ORIENTED_EDGE('',*,*,#1780,.F.);
#2588=ORIENTED_EDGE('',*,*,#1427,.T.);
#2589=ORIENTED_EDGE('',*,*,#1363,.F.);
#2590=ORIENTED_EDGE('',*,*,#1780,.T.);
#2591=ORIENTED_EDGE('',*,*,#1433,.F.);
#2592=ORIENTED_EDGE('',*,*,#1399,.F.);
#2593=ORIENTED_EDGE('',*,*,#1429,.T.);
#2594=ORIENTED_EDGE('',*,*,#1781,.F.);
#2595=ORIENTED_EDGE('',*,*,#1782,.F.);
#2596=ORIENTED_EDGE('',*,*,#1400,.T.);
#2597=ORIENTED_EDGE('',*,*,#1782,.T.);
#2598=ORIENTED_EDGE('',*,*,#1783,.F.);
#2599=ORIENTED_EDGE('',*,*,#1617,.F.);
#2600=ORIENTED_EDGE('',*,*,#1616,.T.);
#2601=ORIENTED_EDGE('',*,*,#1515,.F.);
#2602=ORIENTED_EDGE('',*,*,#1521,.F.);
#2603=ORIENTED_EDGE('',*,*,#1784,.F.);
#2604=ORIENTED_EDGE('',*,*,#1519,.T.);
#2605=ORIENTED_EDGE('',*,*,#1522,.T.);
#2606=ORIENTED_EDGE('',*,*,#1615,.F.);
#2607=ORIENTED_EDGE('',*,*,#1701,.F.);
#2608=ORIENTED_EDGE('',*,*,#1524,.T.);
#2609=ORIENTED_EDGE('',*,*,#1432,.F.);
#2610=ORIENTED_EDGE('',*,*,#1772,.T.);
#2611=ORIENTED_EDGE('',*,*,#1770,.T.);
#2612=ORIENTED_EDGE('',*,*,#1768,.T.);
#2613=ORIENTED_EDGE('',*,*,#1766,.T.);
#2614=ORIENTED_EDGE('',*,*,#1764,.T.);
#2615=ORIENTED_EDGE('',*,*,#1762,.T.);
#2616=ORIENTED_EDGE('',*,*,#1501,.T.);
#2617=ORIENTED_EDGE('',*,*,#1505,.F.);
#2618=ORIENTED_EDGE('',*,*,#1753,.T.);
#2619=ORIENTED_EDGE('',*,*,#1751,.T.);
#2620=ORIENTED_EDGE('',*,*,#1749,.T.);
#2621=ORIENTED_EDGE('',*,*,#1747,.T.);
#2622=ORIENTED_EDGE('',*,*,#1516,.F.);
#2623=ORIENTED_EDGE('',*,*,#1618,.T.);
#2624=ORIENTED_EDGE('',*,*,#1783,.T.);
#2625=ORIENTED_EDGE('',*,*,#1781,.T.);
#2626=ORIENTED_EDGE('',*,*,#1428,.T.);
#2627=ORIENTED_EDGE('',*,*,#1700,.T.);
#2628=ORIENTED_EDGE('',*,*,#1698,.T.);
#2629=ORIENTED_EDGE('',*,*,#1696,.T.);
#2630=ORIENTED_EDGE('',*,*,#1694,.T.);
#2631=ORIENTED_EDGE('',*,*,#1692,.T.);
#2632=ORIENTED_EDGE('',*,*,#1690,.T.);
#2633=ORIENTED_EDGE('',*,*,#1688,.T.);
#2634=ORIENTED_EDGE('',*,*,#1686,.T.);
#2635=ORIENTED_EDGE('',*,*,#1684,.T.);
#2636=ORIENTED_EDGE('',*,*,#1682,.T.);
#2637=ORIENTED_EDGE('',*,*,#1680,.T.);
#2638=ORIENTED_EDGE('',*,*,#1662,.T.);
#2639=ORIENTED_EDGE('',*,*,#1523,.F.);
#2640=ORIENTED_EDGE('',*,*,#1746,.F.);
#2641=ORIENTED_EDGE('',*,*,#1643,.T.);
#2642=ORIENTED_EDGE('',*,*,#1402,.T.);
#2643=ORIENTED_EDGE('',*,*,#1784,.T.);
#2644=ORIENTED_EDGE('',*,*,#1520,.F.);
#2645=CYLINDRICAL_SURFACE('',#2899,1.69);
#2646=CYLINDRICAL_SURFACE('',#2902,1.51);
#2647=CYLINDRICAL_SURFACE('',#2945,0.689999999999994);
#2648=CYLINDRICAL_SURFACE('',#2947,0.0100000000000001);
#2649=CYLINDRICAL_SURFACE('',#2950,1.51);
#2650=CYLINDRICAL_SURFACE('',#2994,0.68999999999999);
#2651=CYLINDRICAL_SURFACE('',#2996,0.0100000000000001);
#2652=CYLINDRICAL_SURFACE('',#2998,0.890000000000021);
#2653=CYLINDRICAL_SURFACE('',#3001,1.51);
#2654=CYLINDRICAL_SURFACE('',#3050,1.00000000000001);
#2655=CYLINDRICAL_SURFACE('',#3073,0.359999999999995);
#2656=CYLINDRICAL_SURFACE('',#3074,1.60000000000001);
#2657=CYLINDRICAL_SURFACE('',#3075,0.360000000000005);
#2658=CYLINDRICAL_SURFACE('',#3076,5.59999999999998);
#2659=CYLINDRICAL_SURFACE('',#3077,0.359999999999982);
#2660=CYLINDRICAL_SURFACE('',#3078,1.6);
#2661=CYLINDRICAL_SURFACE('',#3079,0.359999999999976);
#2662=CYLINDRICAL_SURFACE('',#3080,5.60000000000001);
#2663=CYLINDRICAL_SURFACE('',#3081,0.360000000000032);
#2664=CYLINDRICAL_SURFACE('',#3082,1.6);
#2665=CYLINDRICAL_SURFACE('',#3083,0.360000000000005);
#2666=CYLINDRICAL_SURFACE('',#3084,5.59999999999998);
#2667=CYLINDRICAL_SURFACE('',#3085,0.359999999999982);
#2668=CYLINDRICAL_SURFACE('',#3086,1.6);
#2669=CYLINDRICAL_SURFACE('',#3087,0.359999999999976);
#2670=CYLINDRICAL_SURFACE('',#3088,5.60000000000001);
#2671=CYLINDRICAL_SURFACE('',#3089,2.60000000000002);
#2672=CYLINDRICAL_SURFACE('',#3091,0.359999999999982);
#2673=CYLINDRICAL_SURFACE('',#3092,1.6);
#2674=CYLINDRICAL_SURFACE('',#3093,0.359999999999976);
#2675=CYLINDRICAL_SURFACE('',#3094,5.60000000000001);
#2676=CYLINDRICAL_SURFACE('',#3095,0.359999999999992);
#2677=CYLINDRICAL_SURFACE('',#3096,1.59999999999997);
#2678=CYLINDRICAL_SURFACE('',#3097,0.360000000000005);
#2679=CYLINDRICAL_SURFACE('',#3098,5.59999999999998);
#2680=CYLINDRICAL_SURFACE('',#3099,0.359999999999982);
#2681=CYLINDRICAL_SURFACE('',#3100,1.6);
#2682=CYLINDRICAL_SURFACE('',#3101,0.359999999999976);
#2683=CYLINDRICAL_SURFACE('',#3102,5.60000000000001);
#2684=CYLINDRICAL_SURFACE('',#3103,0.359999999999997);
#2685=CYLINDRICAL_SURFACE('',#3104,1.59999999999999);
#2686=CYLINDRICAL_SURFACE('',#3105,0.360000000000005);
#2687=CYLINDRICAL_SURFACE('',#3106,5.59999999999998);
#2688=CYLINDRICAL_SURFACE('',#3108,1.88999999999998);
#2689=CYLINDRICAL_SURFACE('',#3111,1.89000000000001);
#2690=CYLINDRICAL_SURFACE('',#3114,1.89000000000001);
#2691=CYLINDRICAL_SURFACE('',#3117,1.88999999999998);
#2692=CYLINDRICAL_SURFACE('',#3119,2.60000000000002);
#2693=CYLINDRICAL_SURFACE('',#3121,2.60000000000002);
#2694=CYLINDRICAL_SURFACE('',#3123,2.60000000000002);
#2695=CYLINDRICAL_SURFACE('',#3126,0.889999999999985);
#2696=CYLINDRICAL_SURFACE('',#3128,0.889999999999986);
#2697=CYLINDRICAL_SURFACE('',#3130,0.889999999999986);
#2698=CYLINDRICAL_SURFACE('',#3132,2.00000000000003);
#2699=CYLINDRICAL_SURFACE('',#3134,0.889999999999986);
#2700=CYLINDRICAL_SURFACE('',#3136,0.889999999999986);
#2701=CYLINDRICAL_SURFACE('',#3138,0.889999999999986);
#2702=CYLINDRICAL_SURFACE('',#3140,0.889999999999986);
#2703=CYLINDRICAL_SURFACE('',#3142,0.889999999999986);
#2704=CYLINDRICAL_SURFACE('',#3144,0.889999999999986);
#2705=CYLINDRICAL_SURFACE('',#3146,0.889999999999986);
#2706=CYLINDRICAL_SURFACE('',#3148,0.889999999999986);
#2707=CYLINDRICAL_SURFACE('',#3150,0.889999999999986);
#2708=CYLINDRICAL_SURFACE('',#3152,0.889999999999986);
#2709=CYLINDRICAL_SURFACE('',#3154,0.889999999999986);
#2710=CYLINDRICAL_SURFACE('',#3156,0.889999999999986);
#2711=CYLINDRICAL_SURFACE('',#3158,0.889999999999986);
#2712=CYLINDRICAL_SURFACE('',#3160,0.889999999999986);
#2713=CYLINDRICAL_SURFACE('',#3162,2.00000000000003);
#2714=CYLINDRICAL_SURFACE('',#3164,0.889999999999986);
#2715=CYLINDRICAL_SURFACE('',#3166,0.89000000000001);
#2716=CYLINDRICAL_SURFACE('',#3168,0.889999999999986);
#2717=CYLINDRICAL_SURFACE('',#3170,1.00000000000002);
#2718=CYLINDRICAL_SURFACE('',#3172,0.89000000000001);
#2719=CYLINDRICAL_SURFACE('',#3175,0.68999999999999);
#2720=CYLINDRICAL_SURFACE('',#3178,3.69000000000001);
#2721=CYLINDRICAL_SURFACE('',#3180,3.69);
#2722=CYLINDRICAL_SURFACE('',#3182,10.);
#2723=CYLINDRICAL_SURFACE('',#3184,1.68999999999997);
#2724=CYLINDRICAL_SURFACE('',#3186,1.69);
#2725=CYLINDRICAL_SURFACE('',#3189,1.68999999999999);
#2726=CYLINDRICAL_SURFACE('',#3192,0.68999999999999);
#2727=CYLINDRICAL_SURFACE('',#3195,10.);
#2728=CYLINDRICAL_SURFACE('',#3197,3.69000000000001);
#2729=CYLINDRICAL_SURFACE('',#3199,3.69);
#2730=CYLINDRICAL_SURFACE('',#3202,0.890000000000013);
#2731=CYLINDRICAL_SURFACE('',#3204,0.889999999999986);
#2732=CYLINDRICAL_SURFACE('',#3206,0.01);
#2733=ADVANCED_FACE('',(#121),#2645,.F.);
#2734=ADVANCED_FACE('',(#122),#2646,.T.);
#2735=ADVANCED_FACE('',(#123),#45,.T.);
#2736=ADVANCED_FACE('',(#124,#31),#46,.T.);
#2737=ADVANCED_FACE('',(#125),#17,.T.);
#2738=ADVANCED_FACE('',(#126,#32,#33,#34,#35,#36),#47,.F.);
#2739=ADVANCED_FACE('',(#127),#2647,.F.);
#2740=ADVANCED_FACE('',(#128),#2648,.F.);
#2741=ADVANCED_FACE('',(#129),#48,.T.);
#2742=ADVANCED_FACE('',(#130),#2649,.T.);
#2743=ADVANCED_FACE('',(#131),#18,.T.);
#2744=ADVANCED_FACE('',(#132,#37),#49,.T.);
#2745=ADVANCED_FACE('',(#133),#19,.T.);
#2746=ADVANCED_FACE('',(#134,#38),#50,.F.);
#2747=ADVANCED_FACE('',(#135),#2650,.F.);
#2748=ADVANCED_FACE('',(#136),#2651,.F.);
#2749=ADVANCED_FACE('',(#137),#2652,.T.);
#2750=ADVANCED_FACE('',(#138),#2653,.T.);
#2751=ADVANCED_FACE('',(#139),#20,.F.);
#2752=ADVANCED_FACE('',(#140),#51,.F.);
#2753=ADVANCED_FACE('',(#141),#52,.T.);
#2754=ADVANCED_FACE('',(#142),#2654,.F.);
#2755=ADVANCED_FACE('',(#143,#39),#53,.F.);
#2756=ADVANCED_FACE('',(#144),#21,.T.);
#2757=ADVANCED_FACE('',(#145),#2655,.T.);
#2758=ADVANCED_FACE('',(#146),#2656,.F.);
#2759=ADVANCED_FACE('',(#147),#2657,.T.);
#2760=ADVANCED_FACE('',(#148),#2658,.F.);
#2761=ADVANCED_FACE('',(#149),#2659,.T.);
#2762=ADVANCED_FACE('',(#150),#2660,.F.);
#2763=ADVANCED_FACE('',(#151),#2661,.T.);
#2764=ADVANCED_FACE('',(#152),#2662,.F.);
#2765=ADVANCED_FACE('',(#153),#2663,.T.);
#2766=ADVANCED_FACE('',(#154),#2664,.F.);
#2767=ADVANCED_FACE('',(#155),#2665,.T.);
#2768=ADVANCED_FACE('',(#156),#2666,.F.);
#2769=ADVANCED_FACE('',(#157),#2667,.T.);
#2770=ADVANCED_FACE('',(#158),#2668,.F.);
#2771=ADVANCED_FACE('',(#159),#2669,.T.);
#2772=ADVANCED_FACE('',(#160),#2670,.F.);
#2773=ADVANCED_FACE('',(#161),#2671,.F.);
#2774=ADVANCED_FACE('',(#162),#2672,.T.);
#2775=ADVANCED_FACE('',(#163),#2673,.F.);
#2776=ADVANCED_FACE('',(#164),#2674,.T.);
#2777=ADVANCED_FACE('',(#165),#2675,.F.);
#2778=ADVANCED_FACE('',(#166),#2676,.T.);
#2779=ADVANCED_FACE('',(#167),#2677,.F.);
#2780=ADVANCED_FACE('',(#168),#2678,.T.);
#2781=ADVANCED_FACE('',(#169),#2679,.F.);
#2782=ADVANCED_FACE('',(#170),#2680,.T.);
#2783=ADVANCED_FACE('',(#171),#2681,.F.);
#2784=ADVANCED_FACE('',(#172),#2682,.T.);
#2785=ADVANCED_FACE('',(#173),#2683,.F.);
#2786=ADVANCED_FACE('',(#174),#2684,.T.);
#2787=ADVANCED_FACE('',(#175),#2685,.F.);
#2788=ADVANCED_FACE('',(#176),#2686,.T.);
#2789=ADVANCED_FACE('',(#177),#2687,.F.);
#2790=ADVANCED_FACE('',(#178),#54,.T.);
#2791=ADVANCED_FACE('',(#179),#2688,.F.);
#2792=ADVANCED_FACE('',(#180),#55,.T.);
#2793=ADVANCED_FACE('',(#181),#2689,.F.);
#2794=ADVANCED_FACE('',(#182),#56,.T.);
#2795=ADVANCED_FACE('',(#183),#2690,.F.);
#2796=ADVANCED_FACE('',(#184),#57,.T.);
#2797=ADVANCED_FACE('',(#185),#2691,.F.);
#2798=ADVANCED_FACE('',(#186),#2692,.F.);
#2799=ADVANCED_FACE('',(#187),#2693,.F.);
#2800=ADVANCED_FACE('',(#188),#2694,.F.);
#2801=ADVANCED_FACE('',(#189),#58,.T.);
#2802=ADVANCED_FACE('',(#190),#2695,.T.);
#2803=ADVANCED_FACE('',(#191),#59,.T.);
#2804=ADVANCED_FACE('',(#192),#2696,.T.);
#2805=ADVANCED_FACE('',(#193),#60,.T.);
#2806=ADVANCED_FACE('',(#194),#2697,.T.);
#2807=ADVANCED_FACE('',(#195),#61,.T.);
#2808=ADVANCED_FACE('',(#196),#2698,.F.);
#2809=ADVANCED_FACE('',(#197),#62,.T.);
#2810=ADVANCED_FACE('',(#198),#2699,.F.);
#2811=ADVANCED_FACE('',(#199),#63,.T.);
#2812=ADVANCED_FACE('',(#200),#2700,.T.);
#2813=ADVANCED_FACE('',(#201),#64,.T.);
#2814=ADVANCED_FACE('',(#202),#2701,.T.);
#2815=ADVANCED_FACE('',(#203),#65,.T.);
#2816=ADVANCED_FACE('',(#204),#2702,.T.);
#2817=ADVANCED_FACE('',(#205),#66,.T.);
#2818=ADVANCED_FACE('',(#206),#2703,.T.);
#2819=ADVANCED_FACE('',(#207),#67,.T.);
#2820=ADVANCED_FACE('',(#208),#2704,.F.);
#2821=ADVANCED_FACE('',(#209),#68,.T.);
#2822=ADVANCED_FACE('',(#210),#2705,.F.);
#2823=ADVANCED_FACE('',(#211),#69,.T.);
#2824=ADVANCED_FACE('',(#212),#2706,.F.);
#2825=ADVANCED_FACE('',(#213),#70,.T.);
#2826=ADVANCED_FACE('',(#214),#2707,.F.);
#2827=ADVANCED_FACE('',(#215),#71,.T.);
#2828=ADVANCED_FACE('',(#216),#2708,.T.);
#2829=ADVANCED_FACE('',(#217),#72,.T.);
#2830=ADVANCED_FACE('',(#218),#2709,.T.);
#2831=ADVANCED_FACE('',(#219),#73,.T.);
#2832=ADVANCED_FACE('',(#220),#2710,.T.);
#2833=ADVANCED_FACE('',(#221),#74,.T.);
#2834=ADVANCED_FACE('',(#222),#2711,.T.);
#2835=ADVANCED_FACE('',(#223),#75,.T.);
#2836=ADVANCED_FACE('',(#224),#2712,.F.);
#2837=ADVANCED_FACE('',(#225),#76,.T.);
#2838=ADVANCED_FACE('',(#226),#2713,.F.);
#2839=ADVANCED_FACE('',(#227),#77,.T.);
#2840=ADVANCED_FACE('',(#228),#2714,.T.);
#2841=ADVANCED_FACE('',(#229),#78,.T.);
#2842=ADVANCED_FACE('',(#230),#2715,.T.);
#2843=ADVANCED_FACE('',(#231),#79,.T.);
#2844=ADVANCED_FACE('',(#232),#2716,.T.);
#2845=ADVANCED_FACE('',(#233),#80,.T.);
#2846=ADVANCED_FACE('',(#234),#22,.F.);
#2847=ADVANCED_FACE('',(#235),#2717,.F.);
#2848=ADVANCED_FACE('',(#236),#2718,.T.);
#2849=ADVANCED_FACE('',(#237),#81,.T.);
#2850=ADVANCED_FACE('',(#238),#2719,.F.);
#2851=ADVANCED_FACE('',(#239),#23,.F.);
#2852=ADVANCED_FACE('',(#240),#82,.T.);
#2853=ADVANCED_FACE('',(#241),#2720,.T.);
#2854=ADVANCED_FACE('',(#242),#83,.T.);
#2855=ADVANCED_FACE('',(#243),#2721,.T.);
#2856=ADVANCED_FACE('',(#244),#84,.T.);
#2857=ADVANCED_FACE('',(#245),#2722,.T.);
#2858=ADVANCED_FACE('',(#246),#85,.T.);
#2859=ADVANCED_FACE('',(#247),#2723,.F.);
#2860=ADVANCED_FACE('',(#248),#24,.F.);
#2861=ADVANCED_FACE('',(#249),#25,.T.);
#2862=ADVANCED_FACE('',(#250),#86,.T.);
#2863=ADVANCED_FACE('',(#251),#2724,.T.);
#2864=ADVANCED_FACE('',(#252),#87,.T.);
#2865=ADVANCED_FACE('',(#253),#2725,.T.);
#2866=ADVANCED_FACE('',(#254),#88,.T.);
#2867=ADVANCED_FACE('',(#255),#2726,.F.);
#2868=ADVANCED_FACE('',(#256),#26,.F.);
#2869=ADVANCED_FACE('',(#257),#27,.T.);
#2870=ADVANCED_FACE('',(#258),#89,.T.);
#2871=ADVANCED_FACE('',(#259),#2727,.T.);
#2872=ADVANCED_FACE('',(#260),#90,.T.);
#2873=ADVANCED_FACE('',(#261),#2728,.T.);
#2874=ADVANCED_FACE('',(#262),#91,.T.);
#2875=ADVANCED_FACE('',(#263),#2729,.T.);
#2876=ADVANCED_FACE('',(#264),#92,.T.);
#2877=ADVANCED_FACE('',(#265),#28,.F.);
#2878=ADVANCED_FACE('',(#266),#29,.T.);
#2879=ADVANCED_FACE('',(#267),#93,.T.);
#2880=ADVANCED_FACE('',(#268),#2730,.T.);
#2881=ADVANCED_FACE('',(#269),#30,.T.);
#2882=ADVANCED_FACE('',(#270),#2731,.T.);
#2883=ADVANCED_FACE('',(#271,#40,#41,#42,#43,#44),#94,.T.);
#2884=ADVANCED_FACE('',(#272),#2732,.F.);
#2885=CLOSED_SHELL('',(#2733,#2734,#2735,#2736,#2737,#2738,#2739,#2740,
#2741,#2742,#2743,#2744,#2745,#2746,#2747,#2748,#2749,#2750,#2751,#2752,
#2753,#2754,#2755,#2756,#2757,#2758,#2759,#2760,#2761,#2762,#2763,#2764,
#2765,#2766,#2767,#2768,#2769,#2770,#2771,#2772,#2773,#2774,#2775,#2776,
#2777,#2778,#2779,#2780,#2781,#2782,#2783,#2784,#2785,#2786,#2787,#2788,
#2789,#2790,#2791,#2792,#2793,#2794,#2795,#2796,#2797,#2798,#2799,#2800,
#2801,#2802,#2803,#2804,#2805,#2806,#2807,#2808,#2809,#2810,#2811,#2812,
#2813,#2814,#2815,#2816,#2817,#2818,#2819,#2820,#2821,#2822,#2823,#2824,
#2825,#2826,#2827,#2828,#2829,#2830,#2831,#2832,#2833,#2834,#2835,#2836,
#2837,#2838,#2839,#2840,#2841,#2842,#2843,#2844,#2845,#2846,#2847,#2848,
#2849,#2850,#2851,#2852,#2853,#2854,#2855,#2856,#2857,#2858,#2859,#2860,
#2861,#2862,#2863,#2864,#2865,#2866,#2867,#2868,#2869,#2870,#2871,#2872,
#2873,#2874,#2875,#2876,#2877,#2878,#2879,#2880,#2881,#2882,#2883,#2884));
#2886=DERIVED_UNIT_ELEMENT(#2888,1.);
#2887=DERIVED_UNIT_ELEMENT(#5556,-3.);
#2888=(
MASS_UNIT()
NAMED_UNIT(*)
SI_UNIT(.KILO.,.GRAM.)
);
#2889=DERIVED_UNIT((#2886,#2887));
#2890=MEASURE_REPRESENTATION_ITEM('density measure',
POSITIVE_RATIO_MEASURE(7850.),#2889);
#2891=PROPERTY_DEFINITION_REPRESENTATION(#2896,#2893);
#2892=PROPERTY_DEFINITION_REPRESENTATION(#2897,#2894);
#2893=REPRESENTATION('material name',(#2895),#5553);
#2894=REPRESENTATION('density',(#2890),#5553);
#2895=DESCRIPTIVE_REPRESENTATION_ITEM('\X2\94A2\X0\','\X2\94A2\X0\');
#2896=PROPERTY_DEFINITION('material property','material name',#5563);
#2897=PROPERTY_DEFINITION('material property','density of part',#5563);
#2898=AXIS2_PLACEMENT_3D('',#4059,#3207,#3208);
#2899=AXIS2_PLACEMENT_3D('',#4060,#3209,#3210);
#2900=AXIS2_PLACEMENT_3D('',#4067,#3213,#3214);
#2901=AXIS2_PLACEMENT_3D('',#4070,#3216,#3217);
#2902=AXIS2_PLACEMENT_3D('',#4071,#3218,#3219);
#2903=AXIS2_PLACEMENT_3D('',#4075,#3221,#3222);
#2904=AXIS2_PLACEMENT_3D('',#4151,#3224,#3225);
#2905=AXIS2_PLACEMENT_3D('',#4155,#3227,#3228);
#2906=AXIS2_PLACEMENT_3D('',#4157,#3230,#3231);
#2907=AXIS2_PLACEMENT_3D('',#4162,#3234,#3235);
#2908=AXIS2_PLACEMENT_3D('',#4166,#3237,#3238);
#2909=AXIS2_PLACEMENT_3D('',#4170,#3240,#3241);
#2910=AXIS2_PLACEMENT_3D('',#4174,#3243,#3244);
#2911=AXIS2_PLACEMENT_3D('',#4176,#3245,#3246);
#2912=AXIS2_PLACEMENT_3D('',#4178,#3247,#3248);
#2913=AXIS2_PLACEMENT_3D('',#4180,#3249,#3250);
#2914=AXIS2_PLACEMENT_3D('',#4182,#3251,#3252);
#2915=AXIS2_PLACEMENT_3D('',#4184,#3253,#3254);
#2916=AXIS2_PLACEMENT_3D('',#4186,#3255,#3256);
#2917=AXIS2_PLACEMENT_3D('',#4188,#3257,#3258);
#2918=AXIS2_PLACEMENT_3D('',#4190,#3259,#3260);
#2919=AXIS2_PLACEMENT_3D('',#4192,#3261,#3262);
#2920=AXIS2_PLACEMENT_3D('',#4194,#3263,#3264);
#2921=AXIS2_PLACEMENT_3D('',#4196,#3265,#3266);
#2922=AXIS2_PLACEMENT_3D('',#4198,#3267,#3268);
#2923=AXIS2_PLACEMENT_3D('',#4200,#3269,#3270);
#2924=AXIS2_PLACEMENT_3D('',#4202,#3271,#3272);
#2925=AXIS2_PLACEMENT_3D('',#4203,#3273,#3274);
#2926=AXIS2_PLACEMENT_3D('',#4254,#3277,#3278);
#2927=AXIS2_PLACEMENT_3D('',#4256,#3279,#3280);
#2928=AXIS2_PLACEMENT_3D('',#4260,#3282,#3283);
#2929=AXIS2_PLACEMENT_3D('',#4262,#3284,#3285);
#2930=AXIS2_PLACEMENT_3D('',#4266,#3287,#3288);
#2931=AXIS2_PLACEMENT_3D('',#4268,#3289,#3290);
#2932=AXIS2_PLACEMENT_3D('',#4272,#3292,#3293);
#2933=AXIS2_PLACEMENT_3D('',#4276,#3295,#3296);
#2934=AXIS2_PLACEMENT_3D('',#4280,#3298,#3299);
#2935=AXIS2_PLACEMENT_3D('',#4284,#3301,#3302);
#2936=AXIS2_PLACEMENT_3D('',#4287,#3304,#3305);
#2937=AXIS2_PLACEMENT_3D('',#4289,#3306,#3307);
#2938=AXIS2_PLACEMENT_3D('',#4292,#3308,#3309);
#2939=AXIS2_PLACEMENT_3D('',#4296,#3311,#3312);
#2940=AXIS2_PLACEMENT_3D('',#4300,#3314,#3315);
#2941=AXIS2_PLACEMENT_3D('',#4304,#3317,#3318);
#2942=AXIS2_PLACEMENT_3D('',#4307,#3320,#3321);
#2943=AXIS2_PLACEMENT_3D('',#4309,#3322,#3323);
#2944=AXIS2_PLACEMENT_3D('',#4311,#3324,#3325);
#2945=AXIS2_PLACEMENT_3D('',#4312,#3326,#3327);
#2946=AXIS2_PLACEMENT_3D('',#4316,#3329,#3330);
#2947=AXIS2_PLACEMENT_3D('',#4318,#3332,#3333);
#2948=AXIS2_PLACEMENT_3D('',#4320,#3334,#3335);
#2949=AXIS2_PLACEMENT_3D('',#4364,#3337,#3338);
#2950=AXIS2_PLACEMENT_3D('',#4373,#3343,#3344);
#2951=AXIS2_PLACEMENT_3D('',#4492,#3346,#3347);
#2952=AXIS2_PLACEMENT_3D('',#4513,#3349,#3350);
#2953=AXIS2_PLACEMENT_3D('',#4516,#3353,#3354);
#2954=AXIS2_PLACEMENT_3D('',#4519,#3356,#3357);
#2955=AXIS2_PLACEMENT_3D('',#4523,#3359,#3360);
#2956=AXIS2_PLACEMENT_3D('',#4527,#3362,#3363);
#2957=AXIS2_PLACEMENT_3D('',#4530,#3365,#3366);
#2958=AXIS2_PLACEMENT_3D('',#4533,#3367,#3368);
#2959=AXIS2_PLACEMENT_3D('',#4535,#3369,#3370);
#2960=AXIS2_PLACEMENT_3D('',#4537,#3371,#3372);
#2961=AXIS2_PLACEMENT_3D('',#4539,#3373,#3374);
#2962=AXIS2_PLACEMENT_3D('',#4541,#3375,#3376);
#2963=AXIS2_PLACEMENT_3D('',#4543,#3377,#3378);
#2964=AXIS2_PLACEMENT_3D('',#4545,#3379,#3380);
#2965=AXIS2_PLACEMENT_3D('',#4547,#3381,#3382);
#2966=AXIS2_PLACEMENT_3D('',#4549,#3383,#3384);
#2967=AXIS2_PLACEMENT_3D('',#4551,#3385,#3386);
#2968=AXIS2_PLACEMENT_3D('',#4553,#3387,#3388);
#2969=AXIS2_PLACEMENT_3D('',#4555,#3389,#3390);
#2970=AXIS2_PLACEMENT_3D('',#4557,#3391,#3392);
#2971=AXIS2_PLACEMENT_3D('',#4559,#3393,#3394);
#2972=AXIS2_PLACEMENT_3D('',#4561,#3395,#3396);
#2973=AXIS2_PLACEMENT_3D('',#4562,#3397,#3398);
#2974=AXIS2_PLACEMENT_3D('',#4611,#3401,#3402);
#2975=AXIS2_PLACEMENT_3D('',#4615,#3404,#3405);
#2976=AXIS2_PLACEMENT_3D('',#4619,#3407,#3408);
#2977=AXIS2_PLACEMENT_3D('',#4623,#3410,#3411);
#2978=AXIS2_PLACEMENT_3D('',#4627,#3413,#3414);
#2979=AXIS2_PLACEMENT_3D('',#4629,#3415,#3416);
#2980=AXIS2_PLACEMENT_3D('',#4631,#3417,#3418);
#2981=AXIS2_PLACEMENT_3D('',#4633,#3419,#3420);
#2982=AXIS2_PLACEMENT_3D('',#4635,#3421,#3422);
#2983=AXIS2_PLACEMENT_3D('',#4637,#3423,#3424);
#2984=AXIS2_PLACEMENT_3D('',#4639,#3425,#3426);
#2985=AXIS2_PLACEMENT_3D('',#4641,#3427,#3428);
#2986=AXIS2_PLACEMENT_3D('',#4643,#3429,#3430);
#2987=AXIS2_PLACEMENT_3D('',#4645,#3431,#3432);
#2988=AXIS2_PLACEMENT_3D('',#4647,#3433,#3434);
#2989=AXIS2_PLACEMENT_3D('',#4649,#3435,#3436);
#2990=AXIS2_PLACEMENT_3D('',#4651,#3437,#3438);
#2991=AXIS2_PLACEMENT_3D('',#4653,#3439,#3440);
#2992=AXIS2_PLACEMENT_3D('',#4655,#3441,#3442);
#2993=AXIS2_PLACEMENT_3D('',#4656,#3443,#3444);
#2994=AXIS2_PLACEMENT_3D('',#4657,#3445,#3446);
#2995=AXIS2_PLACEMENT_3D('',#4661,#3448,#3449);
#2996=AXIS2_PLACEMENT_3D('',#4663,#3451,#3452);
#2997=AXIS2_PLACEMENT_3D('',#4665,#3453,#3454);
#2998=AXIS2_PLACEMENT_3D('',#4709,#3456,#3457);
#2999=AXIS2_PLACEMENT_3D('',#4716,#3460,#3461);
#3000=AXIS2_PLACEMENT_3D('',#4719,#3463,#3464);
#3001=AXIS2_PLACEMENT_3D('',#4720,#3465,#3466);
#3002=AXIS2_PLACEMENT_3D('',#4780,#3472,#3473);
#3003=AXIS2_PLACEMENT_3D('',#4783,#3475,#3476);
#3004=AXIS2_PLACEMENT_3D('',#4787,#3478,#3479);
#3005=AXIS2_PLACEMENT_3D('',#4791,#3481,#3482);
#3006=AXIS2_PLACEMENT_3D('',#4795,#3484,#3485);
#3007=AXIS2_PLACEMENT_3D('',#4799,#3487,#3488);
#3008=AXIS2_PLACEMENT_3D('',#4803,#3490,#3491);
#3009=AXIS2_PLACEMENT_3D('',#4807,#3493,#3494);
#3010=AXIS2_PLACEMENT_3D('',#4811,#3496,#3497);
#3011=AXIS2_PLACEMENT_3D('',#4815,#3499,#3500);
#3012=AXIS2_PLACEMENT_3D('',#4819,#3502,#3503);
#3013=AXIS2_PLACEMENT_3D('',#4823,#3505,#3506);
#3014=AXIS2_PLACEMENT_3D('',#4827,#3508,#3509);
#3015=AXIS2_PLACEMENT_3D('',#4831,#3511,#3512);
#3016=AXIS2_PLACEMENT_3D('',#4835,#3514,#3515);
#3017=AXIS2_PLACEMENT_3D('',#4839,#3517,#3518);
#3018=AXIS2_PLACEMENT_3D('',#4843,#3520,#3521);
#3019=AXIS2_PLACEMENT_3D('',#4847,#3523,#3524);
#3020=AXIS2_PLACEMENT_3D('',#4851,#3526,#3527);
#3021=AXIS2_PLACEMENT_3D('',#4855,#3529,#3530);
#3022=AXIS2_PLACEMENT_3D('',#4859,#3532,#3533);
#3023=AXIS2_PLACEMENT_3D('',#4863,#3535,#3536);
#3024=AXIS2_PLACEMENT_3D('',#4867,#3538,#3539);
#3025=AXIS2_PLACEMENT_3D('',#4871,#3541,#3542);
#3026=AXIS2_PLACEMENT_3D('',#4873,#3544,#3545);
#3027=AXIS2_PLACEMENT_3D('',#4877,#3547,#3548);
#3028=AXIS2_PLACEMENT_3D('',#4881,#3550,#3551);
#3029=AXIS2_PLACEMENT_3D('',#4885,#3553,#3554);
#3030=AXIS2_PLACEMENT_3D('',#4889,#3556,#3557);
#3031=AXIS2_PLACEMENT_3D('',#4893,#3559,#3560);
#3032=AXIS2_PLACEMENT_3D('',#4897,#3562,#3563);
#3033=AXIS2_PLACEMENT_3D('',#4901,#3565,#3566);
#3034=AXIS2_PLACEMENT_3D('',#4905,#3568,#3569);
#3035=AXIS2_PLACEMENT_3D('',#4909,#3571,#3572);
#3036=AXIS2_PLACEMENT_3D('',#4913,#3574,#3575);
#3037=AXIS2_PLACEMENT_3D('',#4917,#3577,#3578);
#3038=AXIS2_PLACEMENT_3D('',#4921,#3580,#3581);
#3039=AXIS2_PLACEMENT_3D('',#4925,#3583,#3584);
#3040=AXIS2_PLACEMENT_3D('',#4929,#3586,#3587);
#3041=AXIS2_PLACEMENT_3D('',#4933,#3589,#3590);
#3042=AXIS2_PLACEMENT_3D('',#4937,#3592,#3593);
#3043=AXIS2_PLACEMENT_3D('',#4941,#3595,#3596);
#3044=AXIS2_PLACEMENT_3D('',#4945,#3598,#3599);
#3045=AXIS2_PLACEMENT_3D('',#4949,#3601,#3602);
#3046=AXIS2_PLACEMENT_3D('',#4953,#3604,#3605);
#3047=AXIS2_PLACEMENT_3D('',#4957,#3607,#3608);
#3048=AXIS2_PLACEMENT_3D('',#4961,#3610,#3611);
#3049=AXIS2_PLACEMENT_3D('',#4964,#3613,#3614);
#3050=AXIS2_PLACEMENT_3D('',#4965,#3615,#3616);
#3051=AXIS2_PLACEMENT_3D('',#4969,#3619,#3620);
#3052=AXIS2_PLACEMENT_3D('',#4970,#3621,#3622);
#3053=AXIS2_PLACEMENT_3D('',#4972,#3623,#3624);
#3054=AXIS2_PLACEMENT_3D('',#4976,#3626,#3627);
#3055=AXIS2_PLACEMENT_3D('',#4980,#3629,#3630);
#3056=AXIS2_PLACEMENT_3D('',#4983,#3632,#3633);
#3057=AXIS2_PLACEMENT_3D('',#4986,#3634,#3635);
#3058=AXIS2_PLACEMENT_3D('',#4988,#3636,#3637);
#3059=AXIS2_PLACEMENT_3D('',#4990,#3638,#3639);
#3060=AXIS2_PLACEMENT_3D('',#4992,#3640,#3641);
#3061=AXIS2_PLACEMENT_3D('',#4994,#3642,#3643);
#3062=AXIS2_PLACEMENT_3D('',#4996,#3644,#3645);
#3063=AXIS2_PLACEMENT_3D('',#4998,#3646,#3647);
#3064=AXIS2_PLACEMENT_3D('',#5000,#3648,#3649);
#3065=AXIS2_PLACEMENT_3D('',#5002,#3650,#3651);
#3066=AXIS2_PLACEMENT_3D('',#5004,#3652,#3653);
#3067=AXIS2_PLACEMENT_3D('',#5006,#3654,#3655);
#3068=AXIS2_PLACEMENT_3D('',#5008,#3656,#3657);
#3069=AXIS2_PLACEMENT_3D('',#5010,#3658,#3659);
#3070=AXIS2_PLACEMENT_3D('',#5012,#3660,#3661);
#3071=AXIS2_PLACEMENT_3D('',#5014,#3662,#3663);
#3072=AXIS2_PLACEMENT_3D('',#5015,#3664,#3665);
#3073=AXIS2_PLACEMENT_3D('',#5063,#3668,#3669);
#3074=AXIS2_PLACEMENT_3D('',#5066,#3672,#3673);
#3075=AXIS2_PLACEMENT_3D('',#5068,#3675,#3676);
#3076=AXIS2_PLACEMENT_3D('',#5070,#3678,#3679);
#3077=AXIS2_PLACEMENT_3D('',#5072,#3681,#3682);
#3078=AXIS2_PLACEMENT_3D('',#5074,#3684,#3685);
#3079=AXIS2_PLACEMENT_3D('',#5076,#3687,#3688);
#3080=AXIS2_PLACEMENT_3D('',#5078,#3690,#3691);
#3081=AXIS2_PLACEMENT_3D('',#5080,#3693,#3694);
#3082=AXIS2_PLACEMENT_3D('',#5082,#3696,#3697);
#3083=AXIS2_PLACEMENT_3D('',#5084,#3699,#3700);
#3084=AXIS2_PLACEMENT_3D('',#5086,#3702,#3703);
#3085=AXIS2_PLACEMENT_3D('',#5088,#3705,#3706);
#3086=AXIS2_PLACEMENT_3D('',#5090,#3708,#3709);
#3087=AXIS2_PLACEMENT_3D('',#5092,#3711,#3712);
#3088=AXIS2_PLACEMENT_3D('',#5094,#3714,#3715);
#3089=AXIS2_PLACEMENT_3D('',#5095,#3716,#3717);
#3090=AXIS2_PLACEMENT_3D('',#5098,#3719,#3720);
#3091=AXIS2_PLACEMENT_3D('',#5099,#3721,#3722);
#3092=AXIS2_PLACEMENT_3D('',#5102,#3725,#3726);
#3093=AXIS2_PLACEMENT_3D('',#5104,#3728,#3729);
#3094=AXIS2_PLACEMENT_3D('',#5106,#3731,#3732);
#3095=AXIS2_PLACEMENT_3D('',#5108,#3734,#3735);
#3096=AXIS2_PLACEMENT_3D('',#5110,#3737,#3738);
#3097=AXIS2_PLACEMENT_3D('',#5112,#3740,#3741);
#3098=AXIS2_PLACEMENT_3D('',#5114,#3743,#3744);
#3099=AXIS2_PLACEMENT_3D('',#5116,#3746,#3747);
#3100=AXIS2_PLACEMENT_3D('',#5118,#3749,#3750);
#3101=AXIS2_PLACEMENT_3D('',#5120,#3752,#3753);
#3102=AXIS2_PLACEMENT_3D('',#5122,#3755,#3756);
#3103=AXIS2_PLACEMENT_3D('',#5124,#3758,#3759);
#3104=AXIS2_PLACEMENT_3D('',#5126,#3761,#3762);
#3105=AXIS2_PLACEMENT_3D('',#5128,#3764,#3765);
#3106=AXIS2_PLACEMENT_3D('',#5130,#3767,#3768);
#3107=AXIS2_PLACEMENT_3D('',#5131,#3769,#3770);
#3108=AXIS2_PLACEMENT_3D('',#5137,#3774,#3775);
#3109=AXIS2_PLACEMENT_3D('',#5139,#3776,#3777);
#3110=AXIS2_PLACEMENT_3D('',#5141,#3779,#3780);
#3111=AXIS2_PLACEMENT_3D('',#5145,#3783,#3784);
#3112=AXIS2_PLACEMENT_3D('',#5147,#3785,#3786);
#3113=AXIS2_PLACEMENT_3D('',#5149,#3788,#3789);
#3114=AXIS2_PLACEMENT_3D('',#5153,#3792,#3793);
#3115=AXIS2_PLACEMENT_3D('',#5155,#3794,#3795);
#3116=AXIS2_PLACEMENT_3D('',#5157,#3797,#3798);
#3117=AXIS2_PLACEMENT_3D('',#5161,#3801,#3802);
#3118=AXIS2_PLACEMENT_3D('',#5162,#3803,#3804);
#3119=AXIS2_PLACEMENT_3D('',#5163,#3805,#3806);
#3120=AXIS2_PLACEMENT_3D('',#5166,#3808,#3809);
#3121=AXIS2_PLACEMENT_3D('',#5167,#3810,#3811);
#3122=AXIS2_PLACEMENT_3D('',#5170,#3813,#3814);
#3123=AXIS2_PLACEMENT_3D('',#5171,#3815,#3816);
#3124=AXIS2_PLACEMENT_3D('',#5174,#3818,#3819);
#3125=AXIS2_PLACEMENT_3D('',#5175,#3820,#3821);
#3126=AXIS2_PLACEMENT_3D('',#5178,#3824,#3825);
#3127=AXIS2_PLACEMENT_3D('',#5180,#3827,#3828);
#3128=AXIS2_PLACEMENT_3D('',#5182,#3830,#3831);
#3129=AXIS2_PLACEMENT_3D('',#5184,#3833,#3834);
#3130=AXIS2_PLACEMENT_3D('',#5186,#3836,#3837);
#3131=AXIS2_PLACEMENT_3D('',#5188,#3839,#3840);
#3132=AXIS2_PLACEMENT_3D('',#5190,#3842,#3843);
#3133=AXIS2_PLACEMENT_3D('',#5192,#3845,#3846);
#3134=AXIS2_PLACEMENT_3D('',#5194,#3848,#3849);
#3135=AXIS2_PLACEMENT_3D('',#5196,#3851,#3852);
#3136=AXIS2_PLACEMENT_3D('',#5198,#3854,#3855);
#3137=AXIS2_PLACEMENT_3D('',#5200,#3857,#3858);
#3138=AXIS2_PLACEMENT_3D('',#5202,#3860,#3861);
#3139=AXIS2_PLACEMENT_3D('',#5204,#3863,#3864);
#3140=AXIS2_PLACEMENT_3D('',#5206,#3866,#3867);
#3141=AXIS2_PLACEMENT_3D('',#5208,#3869,#3870);
#3142=AXIS2_PLACEMENT_3D('',#5210,#3872,#3873);
#3143=AXIS2_PLACEMENT_3D('',#5212,#3875,#3876);
#3144=AXIS2_PLACEMENT_3D('',#5214,#3878,#3879);
#3145=AXIS2_PLACEMENT_3D('',#5216,#3881,#3882);
#3146=AXIS2_PLACEMENT_3D('',#5218,#3884,#3885);
#3147=AXIS2_PLACEMENT_3D('',#5220,#3887,#3888);
#3148=AXIS2_PLACEMENT_3D('',#5222,#3890,#3891);
#3149=AXIS2_PLACEMENT_3D('',#5224,#3893,#3894);
#3150=AXIS2_PLACEMENT_3D('',#5226,#3896,#3897);
#3151=AXIS2_PLACEMENT_3D('',#5228,#3899,#3900);
#3152=AXIS2_PLACEMENT_3D('',#5230,#3902,#3903);
#3153=AXIS2_PLACEMENT_3D('',#5232,#3905,#3906);
#3154=AXIS2_PLACEMENT_3D('',#5234,#3908,#3909);
#3155=AXIS2_PLACEMENT_3D('',#5236,#3911,#3912);
#3156=AXIS2_PLACEMENT_3D('',#5238,#3914,#3915);
#3157=AXIS2_PLACEMENT_3D('',#5240,#3917,#3918);
#3158=AXIS2_PLACEMENT_3D('',#5242,#3920,#3921);
#3159=AXIS2_PLACEMENT_3D('',#5244,#3923,#3924);
#3160=AXIS2_PLACEMENT_3D('',#5246,#3926,#3927);
#3161=AXIS2_PLACEMENT_3D('',#5248,#3929,#3930);
#3162=AXIS2_PLACEMENT_3D('',#5250,#3932,#3933);
#3163=AXIS2_PLACEMENT_3D('',#5252,#3935,#3936);
#3164=AXIS2_PLACEMENT_3D('',#5254,#3938,#3939);
#3165=AXIS2_PLACEMENT_3D('',#5256,#3941,#3942);
#3166=AXIS2_PLACEMENT_3D('',#5258,#3944,#3945);
#3167=AXIS2_PLACEMENT_3D('',#5260,#3947,#3948);
#3168=AXIS2_PLACEMENT_3D('',#5262,#3950,#3951);
#3169=AXIS2_PLACEMENT_3D('',#5264,#3953,#3954);
#3170=AXIS2_PLACEMENT_3D('',#5287,#3955,#3956);
#3171=AXIS2_PLACEMENT_3D('',#5289,#3957,#3958);
#3172=AXIS2_PLACEMENT_3D('',#5291,#3960,#3961);
#3173=AXIS2_PLACEMENT_3D('',#5293,#3962,#3963);
#3174=AXIS2_PLACEMENT_3D('',#5295,#3965,#3966);
#3175=AXIS2_PLACEMENT_3D('',#5299,#3969,#3970);
#3176=AXIS2_PLACEMENT_3D('',#5300,#3971,#3972);
#3177=AXIS2_PLACEMENT_3D('',#5322,#3974,#3975);
#3178=AXIS2_PLACEMENT_3D('',#5323,#3976,#3977);
#3179=AXIS2_PLACEMENT_3D('',#5325,#3979,#3980);
#3180=AXIS2_PLACEMENT_3D('',#5327,#3982,#3983);
#3181=AXIS2_PLACEMENT_3D('',#5329,#3985,#3986);
#3182=AXIS2_PLACEMENT_3D('',#5331,#3988,#3989);
#3183=AXIS2_PLACEMENT_3D('',#5333,#3991,#3992);
#3184=AXIS2_PLACEMENT_3D('',#5335,#3994,#3995);
#3185=AXIS2_PLACEMENT_3D('',#5381,#3997,#3998);
#3186=AXIS2_PLACEMENT_3D('',#5385,#4001,#4002);
#3187=AXIS2_PLACEMENT_3D('',#5387,#4003,#4004);
#3188=AXIS2_PLACEMENT_3D('',#5389,#4006,#4007);
#3189=AXIS2_PLACEMENT_3D('',#5393,#4010,#4011);
#3190=AXIS2_PLACEMENT_3D('',#5395,#4012,#4013);
#3191=AXIS2_PLACEMENT_3D('',#5397,#4015,#4016);
#3192=AXIS2_PLACEMENT_3D('',#5401,#4019,#4020);
#3193=AXIS2_PLACEMENT_3D('',#5402,#4021,#4022);
#3194=AXIS2_PLACEMENT_3D('',#5440,#4024,#4025);
#3195=AXIS2_PLACEMENT_3D('',#5442,#4027,#4028);
#3196=AXIS2_PLACEMENT_3D('',#5444,#4030,#4031);
#3197=AXIS2_PLACEMENT_3D('',#5446,#4033,#4034);
#3198=AXIS2_PLACEMENT_3D('',#5448,#4036,#4037);
#3199=AXIS2_PLACEMENT_3D('',#5450,#4039,#4040);
#3200=AXIS2_PLACEMENT_3D('',#5452,#4042,#4043);
#3201=AXIS2_PLACEMENT_3D('',#5498,#4045,#4046);
#3202=AXIS2_PLACEMENT_3D('',#5502,#4049,#4050);
#3203=AXIS2_PLACEMENT_3D('',#5503,#4051,#4052);
#3204=AXIS2_PLACEMENT_3D('',#5548,#4053,#4054);
#3205=AXIS2_PLACEMENT_3D('',#5549,#4055,#4056);
#3206=AXIS2_PLACEMENT_3D('',#5550,#4057,#4058);
#3207=DIRECTION('axis',(0.,0.,1.));
#3208=DIRECTION('refdir',(1.,0.,0.));
#3209=DIRECTION('center_axis',(0.,-1.,-5.14531160026499E-14));
#3210=DIRECTION('ref_axis',(0.936534562595555,-1.80381895307044E-14,0.350575260199507));
#3211=DIRECTION('',(0.,-1.,-5.14531160026499E-14));
#3212=DIRECTION('',(0.,-1.,-5.14531160026499E-14));
#3213=DIRECTION('center_axis',(0.,1.,5.14531160026499E-14));
#3214=DIRECTION('ref_axis',(0.936534562595555,-1.80381895307044E-14,0.350575260199507));
#3215=DIRECTION('',(0.,-1.,-5.14531160026499E-14));
#3216=DIRECTION('center_axis',(0.,-1.,-5.14531160026499E-14));
#3217=DIRECTION('ref_axis',(0.936534562595555,-1.80381895307044E-14,0.350575260199507));
#3218=DIRECTION('center_axis',(1.,0.,0.));
#3219=DIRECTION('ref_axis',(0.,0.,-1.));
#3220=DIRECTION('',(-1.,0.,0.));
#3221=DIRECTION('center_axis',(1.,0.,0.));
#3222=DIRECTION('ref_axis',(0.,0.996019439335698,-0.0891362802982149));
#3223=DIRECTION('',(-1.,0.,0.));
#3224=DIRECTION('center_axis',(1.,0.,0.));
#3225=DIRECTION('ref_axis',(0.,0.,-1.));
#3226=DIRECTION('',(0.,1.,5.14531160026499E-14));
#3227=DIRECTION('center_axis',(1.,0.,0.));
#3228=DIRECTION('ref_axis',(0.,0.996019439335687,-0.0891362802983374));
#3229=DIRECTION('',(0.,-0.996019439335698,0.0891362802982132));
#3230=DIRECTION('center_axis',(0.,-1.,-5.14531160026499E-14));
#3231=DIRECTION('ref_axis',(1.,0.,0.));
#3232=DIRECTION('',(1.,0.,0.));
#3233=DIRECTION('',(4.04202195918887E-13,-5.14531160026499E-14,1.));
#3234=DIRECTION('center_axis',(0.,-1.,-5.14531160026499E-14));
#3235=DIRECTION('ref_axis',(1.,0.,0.));
#3236=DIRECTION('',(-0.707106781186552,-3.63828472386516E-14,0.707106781186543));
#3237=DIRECTION('center_axis',(0.,-1.,-5.14531160026499E-14));
#3238=DIRECTION('ref_axis',(0.707106781188367,-3.63828472385582E-14,0.707106781184728));
#3239=DIRECTION('',(-1.,-4.40453341282508E-27,8.5602850808846E-14));
#3240=DIRECTION('center_axis',(0.,-1.,-5.14531160026499E-14));
#3241=DIRECTION('ref_axis',(0.,-5.14531160026499E-14,1.));
#3242=DIRECTION('',(1.,6.7688242582639E-26,-1.31553242721302E-12));
#3243=DIRECTION('center_axis',(0.,1.,5.14531160026499E-14));
#3244=DIRECTION('ref_axis',(-0.255070725226748,-4.97511703465245E-14,0.966922398712689));
#3245=DIRECTION('center_axis',(0.,-1.,-5.14531160026499E-14));
#3246=DIRECTION('ref_axis',(0.25507072522275,4.97511703465788E-14,-0.966922398713744));
#3247=DIRECTION('center_axis',(0.,1.,5.14531160026499E-14));
#3248=DIRECTION('ref_axis',(0.775623225690242,3.24770100304433E-14,-0.631196175344768));
#3249=DIRECTION('center_axis',(0.,-1.,-5.14531160026499E-14));
#3250=DIRECTION('ref_axis',(-0.775623225690125,-3.24770100304507E-14,0.631196175344912));
#3251=DIRECTION('center_axis',(0.,1.,5.14531160026499E-14));
#3252=DIRECTION('ref_axis',(0.96692239871262,-1.31241836139854E-14,0.25507072522701));
#3253=DIRECTION('center_axis',(0.,-1.,-5.14531160026499E-14));
#3254=DIRECTION('ref_axis',(-0.966922398711693,1.31241836141663E-14,-0.255070725230526));
#3255=DIRECTION('center_axis',(0.,1.,5.14531160026499E-14));
#3256=DIRECTION('ref_axis',(-0.631196175344731,3.99082318057911E-14,-0.775623225690273));
#3257=DIRECTION('center_axis',(0.,-1.,-5.14531160026499E-14));
#3258=DIRECTION('ref_axis',(0.631196175344923,-3.99082318057831E-14,0.775623225690116));
#3259=DIRECTION('center_axis',(0.,1.,5.14531160026499E-14));
#3260=DIRECTION('ref_axis',(0.255070725228299,4.97511703465034E-14,-0.96692239871228));
#3261=DIRECTION('center_axis',(0.,-1.,-5.14531160026499E-14));
#3262=DIRECTION('ref_axis',(-0.25507072522275,-4.97511703465788E-14,0.966922398713744));
#3263=DIRECTION('center_axis',(0.,1.,5.14531160026499E-14));
#3264=DIRECTION('ref_axis',(-0.775623225690273,-3.24770100304414E-14,0.631196175344731));
#3265=DIRECTION('center_axis',(0.,-1.,-5.14531160026499E-14));
#3266=DIRECTION('ref_axis',(0.775623225690125,3.24770100304507E-14,-0.631196175344912));
#3267=DIRECTION('center_axis',(0.,1.,5.14531160026499E-14));
#3268=DIRECTION('ref_axis',(-0.96692239871262,1.31241836139854E-14,-0.25507072522701));
#3269=DIRECTION('center_axis',(0.,-1.,-5.14531160026499E-14));
#3270=DIRECTION('ref_axis',(0.966922398711693,-1.31241836141663E-14,0.255070725230526));
#3271=DIRECTION('center_axis',(0.,1.,5.14531160026499E-14));
#3272=DIRECTION('ref_axis',(0.631196175342896,-3.99082318058679E-14,0.775623225691766));
#3273=DIRECTION('center_axis',(0.,-1.,-5.14531160026499E-14));
#3274=DIRECTION('ref_axis',(-0.631196175340943,3.99082318059497E-14,-0.775623225693355));
#3275=DIRECTION('',(0.,0.,1.));
#3276=DIRECTION('',(0.,-0.843320851180022,0.53741040366279));
#3277=DIRECTION('center_axis',(0.,0.,1.));
#3278=DIRECTION('ref_axis',(1.,0.,0.));
#3279=DIRECTION('center_axis',(0.,0.,1.));
#3280=DIRECTION('ref_axis',(-0.348441926134258,0.937330370846826,0.));
#3281=DIRECTION('',(0.707106781185821,-0.707106781187274,0.));
#3282=DIRECTION('center_axis',(0.,0.,1.));
#3283=DIRECTION('ref_axis',(0.956776532134662,-0.290824117906975,0.));
#3284=DIRECTION('center_axis',(0.,0.,1.));
#3285=DIRECTION('ref_axis',(-0.956776532135983,0.290824117902629,0.));
#3286=DIRECTION('',(0.,1.,0.));
#3287=DIRECTION('center_axis',(0.,0.,1.));
#3288=DIRECTION('ref_axis',(0.882186879857603,0.47089946804717,0.));
#3289=DIRECTION('center_axis',(0.,0.,1.));
#3290=DIRECTION('ref_axis',(0.707106781190719,-0.707106781182376,0.));
#3291=DIRECTION('',(0.707106781185212,0.707106781187883,0.));
#3292=DIRECTION('center_axis',(0.,0.,1.));
#3293=DIRECTION('ref_axis',(-0.707106781191851,0.707106781181244,0.));
#3294=DIRECTION('',(1.,0.,0.));
#3295=DIRECTION('center_axis',(0.,0.,1.));
#3296=DIRECTION('ref_axis',(0.225046897433346,-0.974347932699416,0.));
#3297=DIRECTION('',(-0.707106781186557,0.707106781186538,0.));
#3298=DIRECTION('center_axis',(0.,0.,1.));
#3299=DIRECTION('ref_axis',(-1.,0.,0.));
#3300=DIRECTION('',(0.,-1.,0.));
#3301=DIRECTION('center_axis',(0.,0.,1.));
#3302=DIRECTION('ref_axis',(-0.707106781188366,0.707106781184729,0.));
#3303=DIRECTION('',(-0.707106781186412,-0.707106781186683,0.));
#3304=DIRECTION('center_axis',(0.,0.,1.));
#3305=DIRECTION('ref_axis',(0.707106781188375,-0.70710678118472,0.));
#3306=DIRECTION('center_axis',(0.,0.,-1.));
#3307=DIRECTION('ref_axis',(1.,0.,0.));
#3308=DIRECTION('center_axis',(0.,0.,-1.));
#3309=DIRECTION('ref_axis',(-0.707106781187544,0.707106781185551,0.));
#3310=DIRECTION('',(-0.70710678118631,0.707106781186785,0.));
#3311=DIRECTION('center_axis',(0.,0.,-1.));
#3312=DIRECTION('ref_axis',(-0.707106781188371,-0.707106781184724,0.));
#3313=DIRECTION('',(-0.707106781186911,-0.707106781186184,0.));
#3314=DIRECTION('center_axis',(0.,0.,-1.));
#3315=DIRECTION('ref_axis',(0.707106781184621,-0.707106781188474,0.));
#3316=DIRECTION('',(0.707106781186943,-0.707106781186152,0.));
#3317=DIRECTION('center_axis',(0.,0.,-1.));
#3318=DIRECTION('ref_axis',(0.707106781184621,0.707106781188474,0.));
#3319=DIRECTION('',(0.70710678118614,0.707106781186955,0.));
#3320=DIRECTION('center_axis',(0.,0.,-1.));
#3321=DIRECTION('ref_axis',(1.,0.,0.));
#3322=DIRECTION('center_axis',(0.,0.,-1.));
#3323=DIRECTION('ref_axis',(1.,0.,0.));
#3324=DIRECTION('center_axis',(0.,0.,-1.));
#3325=DIRECTION('ref_axis',(1.,0.,0.));
#3326=DIRECTION('center_axis',(0.,0.,1.));
#3327=DIRECTION('ref_axis',(-0.348441926134258,0.937330370846826,0.));
#3328=DIRECTION('',(0.,0.,-1.));
#3329=DIRECTION('center_axis',(0.,0.,-1.));
#3330=DIRECTION('ref_axis',(-0.348441926134258,0.937330370846826,0.));
#3331=DIRECTION('',(0.,0.,1.));
#3332=DIRECTION('center_axis',(1.,0.,0.));
#3333=DIRECTION('ref_axis',(0.,0.,-1.));
#3334=DIRECTION('center_axis',(-0.0222731488861237,0.688227485075786,-0.725152973947536));
#3335=DIRECTION('ref_axis',(0.999480920480542,0.0322160569334356,-0.000123576006119911));
#3336=DIRECTION('',(1.,0.,0.));
#3337=DIRECTION('center_axis',(1.,0.,0.));
#3338=DIRECTION('ref_axis',(0.,-5.14531160026499E-14,-1.));
#3339=DIRECTION('',(0.,1.,-5.14531160026499E-14));
#3340=DIRECTION('',(0.,-5.14531160026499E-14,-1.));
#3341=DIRECTION('',(0.,1.,-5.14531160026499E-14));
#3342=DIRECTION('',(0.,5.14531160026499E-14,1.));
#3343=DIRECTION('center_axis',(-1.,0.,0.));
#3344=DIRECTION('ref_axis',(0.,0.,-1.));
#3345=DIRECTION('',(1.,0.,0.));
#3346=DIRECTION('center_axis',(-1.,0.,0.));
#3347=DIRECTION('ref_axis',(0.,-0.996019439335698,-0.0891362802982149));
#3348=DIRECTION('',(0.,-1.,5.14531160026499E-14));
#3349=DIRECTION('center_axis',(-0.0222731488989523,-0.688227484686765,-0.725152974316353));
#3350=DIRECTION('ref_axis',(0.999480921602668,-0.0322160219927593,-0.000123609236951139));
#3351=DIRECTION('',(0.,0.975056048120149,0.221958786769793));
#3352=DIRECTION('',(0.,-1.,5.14531160026499E-14));
#3353=DIRECTION('center_axis',(0.,1.,-5.14531160026499E-14));
#3354=DIRECTION('ref_axis',(1.,0.,0.));
#3355=DIRECTION('',(-1.,0.,0.));
#3356=DIRECTION('center_axis',(0.,-1.,5.14531160026499E-14));
#3357=DIRECTION('ref_axis',(0.,5.14531160026499E-14,1.));
#3358=DIRECTION('',(-1.,6.12987919553692E-26,1.19135237508671E-12));
#3359=DIRECTION('center_axis',(0.,1.,-5.14531160026499E-14));
#3360=DIRECTION('ref_axis',(0.,-5.14531160026499E-14,-1.));
#3361=DIRECTION('',(1.,0.,0.));
#3362=DIRECTION('center_axis',(0.,1.,-5.14531160026499E-14));
#3363=DIRECTION('ref_axis',(0.,5.14531160026499E-14,1.));
#3364=DIRECTION('',(0.707106781186544,-3.6382847238652E-14,-0.707106781186551));
#3365=DIRECTION('center_axis',(0.,1.,-5.14531160026499E-14));
#3366=DIRECTION('ref_axis',(0.707106781186538,3.63828472386523E-14,0.707106781186557));
#3367=DIRECTION('center_axis',(0.,-1.,5.14531160026499E-14));
#3368=DIRECTION('ref_axis',(-0.966922398712616,1.31241836139861E-14,0.255070725227024));
#3369=DIRECTION('center_axis',(0.,1.,-5.14531160026499E-14));
#3370=DIRECTION('ref_axis',(0.966922398711693,-1.31241836141663E-14,-0.255070725230526));
#3371=DIRECTION('center_axis',(0.,-1.,5.14531160026499E-14));
#3372=DIRECTION('ref_axis',(0.631196175343408,-3.99082318058465E-14,-0.77562322569135));
#3373=DIRECTION('center_axis',(0.,1.,-5.14531160026499E-14));
#3374=DIRECTION('ref_axis',(-0.631196175338767,3.99082318060408E-14,0.775623225695126));
#3375=DIRECTION('center_axis',(0.,-1.,5.14531160026499E-14));
#3376=DIRECTION('ref_axis',(-0.255070725227067,-4.97511703465202E-14,-0.966922398712605));
#3377=DIRECTION('center_axis',(0.,1.,-5.14531160026499E-14));
#3378=DIRECTION('ref_axis',(0.255070725222842,4.97511703465775E-14,0.96692239871372));
#3379=DIRECTION('center_axis',(0.,-1.,5.14531160026499E-14));
#3380=DIRECTION('ref_axis',(0.775623225690242,3.24770100304433E-14,0.631196175344768));
#3381=DIRECTION('center_axis',(0.,1.,-5.14531160026499E-14));
#3382=DIRECTION('ref_axis',(-0.775623225690125,-3.24770100304507E-14,-0.631196175344912));
#3383=DIRECTION('center_axis',(0.,-1.,5.14531160026499E-14));
#3384=DIRECTION('ref_axis',(0.966922398711709,-1.3124183614163E-14,-0.255070725230462));
#3385=DIRECTION('center_axis',(0.,1.,-5.14531160026499E-14));
#3386=DIRECTION('ref_axis',(-0.966922398725906,1.31241836113939E-14,0.255070725176644));
#3387=DIRECTION('center_axis',(0.,-1.,5.14531160026499E-14));
#3388=DIRECTION('ref_axis',(-0.631196175343787,3.99082318058306E-14,0.775623225691041));
#3389=DIRECTION('center_axis',(0.,1.,-5.14531160026499E-14));
#3390=DIRECTION('ref_axis',(0.631196175348941,-3.99082318056148E-14,-0.775623225686847));
#3391=DIRECTION('center_axis',(0.,-1.,5.14531160026499E-14));
#3392=DIRECTION('ref_axis',(0.255070725227067,4.97511703465202E-14,0.966922398712605));
#3393=DIRECTION('center_axis',(0.,1.,-5.14531160026499E-14));
#3394=DIRECTION('ref_axis',(-0.255070725241823,-4.97511703463199E-14,-0.966922398708712));
#3395=DIRECTION('center_axis',(0.,-1.,5.14531160026499E-14));
#3396=DIRECTION('ref_axis',(-0.775623225692506,-3.24770100303002E-14,-0.631196175341987));
#3397=DIRECTION('center_axis',(0.,1.,-5.14531160026499E-14));
#3398=DIRECTION('ref_axis',(0.775623225690125,3.24770100304507E-14,0.631196175344912));
#3399=DIRECTION('',(0.,0.,1.));
#3400=DIRECTION('',(0.,0.822225613511671,0.569161699770246));
#3401=DIRECTION('center_axis',(0.,-1.,-5.14531160026499E-14));
#3402=DIRECTION('ref_axis',(1.,0.,0.));
#3403=DIRECTION('',(1.,6.7688242582639E-26,-1.31553242721302E-12));
#3404=DIRECTION('center_axis',(0.,-1.,-5.14531160026499E-14));
#3405=DIRECTION('ref_axis',(0.,-5.14531160026499E-14,1.));
#3406=DIRECTION('',(1.,4.40453341282508E-27,-8.5602850808846E-14));
#3407=DIRECTION('center_axis',(0.,-1.,-5.14531160026499E-14));
#3408=DIRECTION('ref_axis',(0.707106781188367,-3.63828472385582E-14,0.707106781184728));
#3409=DIRECTION('',(-0.707106781186552,-3.63828472386516E-14,0.707106781186543));
#3410=DIRECTION('center_axis',(0.,-1.,-5.14531160026499E-14));
#3411=DIRECTION('ref_axis',(1.,0.,0.));
#3412=DIRECTION('',(4.04202195918887E-13,-5.14531160026499E-14,1.));
#3413=DIRECTION('center_axis',(0.,1.,5.14531160026499E-14));
#3414=DIRECTION('ref_axis',(-0.255070725226748,-4.97511703465245E-14,0.966922398712689));
#3415=DIRECTION('center_axis',(0.,-1.,-5.14531160026499E-14));
#3416=DIRECTION('ref_axis',(-0.631196175340943,3.99082318059497E-14,-0.775623225693355));
#3417=DIRECTION('center_axis',(0.,1.,5.14531160026499E-14));
#3418=DIRECTION('ref_axis',(0.631196175342896,-3.99082318058679E-14,0.775623225691766));
#3419=DIRECTION('center_axis',(0.,-1.,-5.14531160026499E-14));
#3420=DIRECTION('ref_axis',(0.966922398711693,-1.31241836141663E-14,0.255070725230526));
#3421=DIRECTION('center_axis',(0.,1.,5.14531160026499E-14));
#3422=DIRECTION('ref_axis',(-0.96692239871262,1.31241836139854E-14,-0.25507072522701));
#3423=DIRECTION('center_axis',(0.,-1.,-5.14531160026499E-14));
#3424=DIRECTION('ref_axis',(0.775623225690125,3.24770100304507E-14,-0.631196175344912));
#3425=DIRECTION('center_axis',(0.,1.,5.14531160026499E-14));
#3426=DIRECTION('ref_axis',(-0.775623225690273,-3.24770100304414E-14,0.631196175344731));
#3427=DIRECTION('center_axis',(0.,-1.,-5.14531160026499E-14));
#3428=DIRECTION('ref_axis',(-0.25507072522275,-4.97511703465788E-14,0.966922398713744));
#3429=DIRECTION('center_axis',(0.,1.,5.14531160026499E-14));
#3430=DIRECTION('ref_axis',(0.255070725228299,4.97511703465034E-14,-0.96692239871228));
#3431=DIRECTION('center_axis',(0.,-1.,-5.14531160026499E-14));
#3432=DIRECTION('ref_axis',(0.631196175344923,-3.99082318057831E-14,0.775623225690116));
#3433=DIRECTION('center_axis',(0.,1.,5.14531160026499E-14));
#3434=DIRECTION('ref_axis',(-0.631196175344731,3.99082318057911E-14,-0.775623225690273));
#3435=DIRECTION('center_axis',(0.,-1.,-5.14531160026499E-14));
#3436=DIRECTION('ref_axis',(-0.966922398711693,1.31241836141663E-14,-0.255070725230526));
#3437=DIRECTION('center_axis',(0.,1.,5.14531160026499E-14));
#3438=DIRECTION('ref_axis',(0.96692239871262,-1.31241836139854E-14,0.25507072522701));
#3439=DIRECTION('center_axis',(0.,-1.,-5.14531160026499E-14));
#3440=DIRECTION('ref_axis',(-0.775623225690125,-3.24770100304507E-14,0.631196175344912));
#3441=DIRECTION('center_axis',(0.,1.,5.14531160026499E-14));
#3442=DIRECTION('ref_axis',(0.775623225690242,3.24770100304433E-14,-0.631196175344768));
#3443=DIRECTION('center_axis',(0.,-1.,-5.14531160026499E-14));
#3444=DIRECTION('ref_axis',(0.25507072522275,4.97511703465788E-14,-0.966922398713744));
#3445=DIRECTION('center_axis',(0.,0.,1.));
#3446=DIRECTION('ref_axis',(0.225046897433346,-0.974347932699416,0.));
#3447=DIRECTION('',(0.,0.,-1.));
#3448=DIRECTION('center_axis',(0.,0.,-1.));
#3449=DIRECTION('ref_axis',(0.225046897433346,-0.974347932699416,0.));
#3450=DIRECTION('',(0.,0.,1.));
#3451=DIRECTION('center_axis',(-1.,0.,0.));
#3452=DIRECTION('ref_axis',(0.,0.,-1.));
#3453=DIRECTION('center_axis',(1.,0.,0.));
#3454=DIRECTION('ref_axis',(0.,-1.,5.55111512313872E-14));
#3455=DIRECTION('',(-1.,0.,0.));
#3456=DIRECTION('center_axis',(1.,0.,5.39030285815812E-15));
#3457=DIRECTION('ref_axis',(-4.75525445992603E-15,-0.47089946804717,0.882186879857603));
#3458=DIRECTION('',(-1.,0.,-5.39030285815812E-15));
#3459=DIRECTION('',(-1.,0.,-5.39030285815812E-15));
#3460=DIRECTION('center_axis',(1.,0.,5.39030285815812E-15));
#3461=DIRECTION('ref_axis',(-4.75525445992603E-15,-0.47089946804717,0.882186879857603));
#3462=DIRECTION('',(1.,0.,5.39030285815812E-15));
#3463=DIRECTION('center_axis',(1.,0.,5.39030285815812E-15));
#3464=DIRECTION('ref_axis',(-4.75525445992603E-15,-0.47089946804717,0.882186879857603));
#3465=DIRECTION('center_axis',(0.,1.,0.));
#3466=DIRECTION('ref_axis',(0.,0.,1.));
#3467=DIRECTION('',(0.,-1.,0.));
#3468=DIRECTION('',(0.,-1.,0.));
#3469=DIRECTION('',(1.,0.,5.39030285815812E-15));
#3470=DIRECTION('',(0.96789005631655,0.,0.251373902550655));
#3471=DIRECTION('',(1.,0.,5.39030285815812E-15));
#3472=DIRECTION('center_axis',(1.,0.,5.39030285815812E-15));
#3473=DIRECTION('ref_axis',(5.39030285815812E-15,0.,-1.));
#3474=DIRECTION('',(0.,1.,0.));
#3475=DIRECTION('center_axis',(1.,0.,5.39030285815812E-15));
#3476=DIRECTION('ref_axis',(0.,1.,0.));
#3477=DIRECTION('',(5.39030285815812E-15,4.56770794470934E-14,-1.));
#3478=DIRECTION('center_axis',(1.,0.,5.39030285815812E-15));
#3479=DIRECTION('ref_axis',(3.81151970366273E-15,0.707106781184711,-0.707106781188384));
#3480=DIRECTION('',(-3.8115197036517E-15,0.707106781186758,0.707106781186337));
#3481=DIRECTION('center_axis',(1.,0.,5.39030285815812E-15));
#3482=DIRECTION('ref_axis',(5.39030285815812E-15,0.,-1.));
#3483=DIRECTION('',(0.,1.,0.));
#3484=DIRECTION('center_axis',(1.,0.,5.39030285815812E-15));
#3485=DIRECTION('ref_axis',(0.,-1.,0.));
#3486=DIRECTION('',(5.39030285815812E-15,-1.38507355899118E-14,-1.));
#3487=DIRECTION('center_axis',(1.,0.,5.39030285815812E-15));
#3488=DIRECTION('ref_axis',(3.92579155289638E-26,1.,-7.28306304154092E-12));
#3489=DIRECTION('',(5.39030285815812E-15,-2.35973602282029E-13,-1.));
#3490=DIRECTION('center_axis',(1.,0.,5.39030285815812E-15));
#3491=DIRECTION('ref_axis',(0.,-1.,0.));
#3492=DIRECTION('',(6.92176001096875E-27,-1.,-1.28411337787687E-12));
#3493=DIRECTION('center_axis',(1.,0.,5.39030285815812E-15));
#3494=DIRECTION('ref_axis',(0.,1.,0.));
#3495=DIRECTION('',(-5.39030285815812E-15,0.,1.));
#3496=DIRECTION('center_axis',(1.,0.,5.39030285815812E-15));
#3497=DIRECTION('ref_axis',(5.39030285815812E-15,0.,-1.));
#3498=DIRECTION('',(4.37571835819677E-28,1.,-8.11775974994467E-14));
#3499=DIRECTION('center_axis',(1.,0.,5.39030285815812E-15));
#3500=DIRECTION('ref_axis',(0.,-1.,0.));
#3501=DIRECTION('',(-5.39030285815812E-15,-1.22124532708882E-12,1.));
#3502=DIRECTION('center_axis',(1.,0.,5.39030285815812E-15));
#3503=DIRECTION('ref_axis',(-5.39030285815812E-15,0.,1.));
#3504=DIRECTION('',(2.99942933808646E-27,1.,-5.56449130413308E-13));
#3505=DIRECTION('center_axis',(1.,0.,5.39030285815812E-15));
#3506=DIRECTION('ref_axis',(5.39030285815812E-15,0.,-1.));
#3507=DIRECTION('',(5.39030285815812E-15,0.,-1.));
#3508=DIRECTION('center_axis',(1.,0.,5.39030285815812E-15));
#3509=DIRECTION('ref_axis',(0.,1.,0.));
#3510=DIRECTION('',(0.,1.,0.));
#3511=DIRECTION('center_axis',(1.,0.,5.39030285815812E-15));
#3512=DIRECTION('ref_axis',(-5.39030285815812E-15,0.,1.));
#3513=DIRECTION('',(5.39030285815812E-15,0.,-1.));
#3514=DIRECTION('center_axis',(1.,0.,5.39030285815812E-15));
#3515=DIRECTION('ref_axis',(0.,-1.,0.));
#3516=DIRECTION('',(2.99942933808697E-27,-1.,-5.56449130413404E-13));
#3517=DIRECTION('center_axis',(1.,0.,5.39030285815812E-15));
#3518=DIRECTION('ref_axis',(0.,1.,0.));
#3519=DIRECTION('',(-5.39030285815812E-15,0.,1.));
#3520=DIRECTION('center_axis',(1.,0.,5.39030285815812E-15));
#3521=DIRECTION('ref_axis',(5.39030285815812E-15,0.,-1.));
#3522=DIRECTION('',(0.,-1.,0.));
#3523=DIRECTION('center_axis',(1.,0.,5.39030285815812E-15));
#3524=DIRECTION('ref_axis',(0.,-1.,0.));
#3525=DIRECTION('',(-5.39030285815812E-15,8.88178419700963E-13,1.));
#3526=DIRECTION('center_axis',(1.,0.,5.39030285815812E-15));
#3527=DIRECTION('ref_axis',(-5.39030285815812E-15,0.,1.));
#3528=DIRECTION('',(0.,1.,0.));
#3529=DIRECTION('center_axis',(1.,0.,5.39030285815812E-15));
#3530=DIRECTION('ref_axis',(5.39030285815812E-15,0.,-1.));
#3531=DIRECTION('',(5.39030285815812E-15,0.,-1.));
#3532=DIRECTION('center_axis',(1.,0.,5.39030285815812E-15));
#3533=DIRECTION('ref_axis',(0.,1.,0.));
#3534=DIRECTION('',(5.39030285815812E-15,1.38507355898725E-13,-1.));
#3535=DIRECTION('center_axis',(1.,0.,5.39030285815812E-15));
#3536=DIRECTION('ref_axis',(5.39030285815812E-15,0.,-1.));
#3537=DIRECTION('',(0.,-1.,0.));
#3538=DIRECTION('center_axis',(1.,0.,5.39030285815812E-15));
#3539=DIRECTION('ref_axis',(3.81151970364304E-15,-0.707106781188364,-0.707106781184731));
#3540=DIRECTION('',(-3.81151970365715E-15,-0.707106781185747,0.707106781187348));
#3541=DIRECTION('center_axis',(1.,0.,5.39030285815812E-15));
#3542=DIRECTION('ref_axis',(0.,-1.,0.));
#3543=DIRECTION('',(5.39030285815812E-15,0.,-1.));
#3544=DIRECTION('center_axis',(1.,0.,5.39030285815812E-15));
#3545=DIRECTION('ref_axis',(5.39030285815812E-15,0.,-1.));
#3546=DIRECTION('',(5.39030285815812E-15,0.,-1.));
#3547=DIRECTION('center_axis',(1.,0.,5.39030285815812E-15));
#3548=DIRECTION('ref_axis',(0.,-1.,0.));
#3549=DIRECTION('',(3.81151970365715E-15,0.707106781185747,-0.707106781187348));
#3550=DIRECTION('center_axis',(1.,0.,5.39030285815812E-15));
#3551=DIRECTION('ref_axis',(3.81151970364304E-15,-0.707106781188364,-0.707106781184731));
#3552=DIRECTION('',(0.,1.,0.));
#3553=DIRECTION('center_axis',(1.,0.,5.39030285815812E-15));
#3554=DIRECTION('ref_axis',(5.39030285815812E-15,0.,-1.));
#3555=DIRECTION('',(-5.39030285815812E-15,-1.38507355898725E-13,1.));
#3556=DIRECTION('center_axis',(-1.,0.,-5.39030285815812E-15));
#3557=DIRECTION('ref_axis',(0.,1.,0.));
#3558=DIRECTION('',(5.39030285815812E-15,0.,-1.));
#3559=DIRECTION('center_axis',(-1.,0.,-5.39030285815812E-15));
#3560=DIRECTION('ref_axis',(5.39030285815812E-15,0.,-1.));
#3561=DIRECTION('',(0.,-1.,0.));
#3562=DIRECTION('center_axis',(1.,0.,5.39030285815812E-15));
#3563=DIRECTION('ref_axis',(-5.39030285815812E-15,0.,1.));
#3564=DIRECTION('',(5.39030285815812E-15,-8.88178419700963E-13,-1.));
#3565=DIRECTION('center_axis',(1.,0.,5.39030285815812E-15));
#3566=DIRECTION('ref_axis',(0.,-1.,0.));
#3567=DIRECTION('',(0.,1.,0.));
#3568=DIRECTION('center_axis',(1.,0.,5.39030285815812E-15));
#3569=DIRECTION('ref_axis',(5.39030285815812E-15,0.,-1.));
#3570=DIRECTION('',(-5.39030285815812E-15,0.,1.));
#3571=DIRECTION('center_axis',(1.,0.,5.39030285815812E-15));
#3572=DIRECTION('ref_axis',(0.,1.,0.));
#3573=DIRECTION('',(2.99942933808697E-27,-1.,-5.56449130413404E-13));
#3574=DIRECTION('center_axis',(-1.,0.,-5.39030285815812E-15));
#3575=DIRECTION('ref_axis',(0.,-1.,0.));
#3576=DIRECTION('',(-5.39030285815812E-15,0.,1.));
#3577=DIRECTION('center_axis',(-1.,0.,-5.39030285815812E-15));
#3578=DIRECTION('ref_axis',(-5.39030285815812E-15,0.,1.));
#3579=DIRECTION('',(0.,1.,0.));
#3580=DIRECTION('center_axis',(-1.,0.,-5.39030285815812E-15));
#3581=DIRECTION('ref_axis',(0.,1.,0.));
#3582=DIRECTION('',(5.39030285815812E-15,0.,-1.));
#3583=DIRECTION('center_axis',(-1.,0.,-5.39030285815812E-15));
#3584=DIRECTION('ref_axis',(5.39030285815812E-15,0.,-1.));
#3585=DIRECTION('',(-2.99942933808646E-27,-1.,5.56449130413308E-13));
#3586=DIRECTION('center_axis',(1.,0.,5.39030285815812E-15));
#3587=DIRECTION('ref_axis',(-5.39030285815812E-15,0.,1.));
#3588=DIRECTION('',(5.39030285815812E-15,1.22124532708882E-12,-1.));
#3589=DIRECTION('center_axis',(1.,0.,5.39030285815812E-15));
#3590=DIRECTION('ref_axis',(0.,-1.,0.));
#3591=DIRECTION('',(4.37571835819677E-28,1.,-8.11775974994467E-14));
#3592=DIRECTION('center_axis',(1.,0.,5.39030285815812E-15));
#3593=DIRECTION('ref_axis',(5.39030285815812E-15,0.,-1.));
#3594=DIRECTION('',(-5.39030285815812E-15,0.,1.));
#3595=DIRECTION('center_axis',(1.,0.,5.39030285815812E-15));
#3596=DIRECTION('ref_axis',(0.,1.,0.));
#3597=DIRECTION('',(6.92176001096875E-27,-1.,-1.28411337787687E-12));
#3598=DIRECTION('center_axis',(-1.,0.,-5.39030285815812E-15));
#3599=DIRECTION('ref_axis',(0.,-1.,0.));
#3600=DIRECTION('',(-5.39030285815812E-15,2.35973602282029E-13,1.));
#3601=DIRECTION('center_axis',(-1.,0.,-5.39030285815812E-15));
#3602=DIRECTION('ref_axis',(3.92579155289638E-26,1.,-7.28306304154092E-12));
#3603=DIRECTION('',(5.39030285815812E-15,-1.38507355899118E-14,-1.));
#3604=DIRECTION('center_axis',(1.,0.,5.39030285815812E-15));
#3605=DIRECTION('ref_axis',(0.,-1.,0.));
#3606=DIRECTION('',(0.,1.,0.));
#3607=DIRECTION('center_axis',(1.,0.,5.39030285815812E-15));
#3608=DIRECTION('ref_axis',(5.39030285815812E-15,0.,-1.));
#3609=DIRECTION('',(-3.8115197036517E-15,0.707106781186758,0.707106781186337));
#3610=DIRECTION('center_axis',(1.,0.,5.39030285815812E-15));
#3611=DIRECTION('ref_axis',(3.81151970366273E-15,0.707106781184711,-0.707106781188384));
#3612=DIRECTION('',(-5.39030285815812E-15,-4.56770794470934E-14,1.));
#3613=DIRECTION('center_axis',(1.,0.,5.39030285815812E-15));
#3614=DIRECTION('ref_axis',(0.,1.,0.));
#3615=DIRECTION('center_axis',(0.,0.,1.));
#3616=DIRECTION('ref_axis',(-0.956776532135983,0.290824117902629,0.));
#3617=DIRECTION('',(0.,0.,1.));
#3618=DIRECTION('',(0.,0.,1.));
#3619=DIRECTION('center_axis',(0.,0.,-1.));
#3620=DIRECTION('ref_axis',(-0.956776532135983,0.290824117902629,0.));
#3621=DIRECTION('center_axis',(0.,1.,-5.14531160026499E-14));
#3622=DIRECTION('ref_axis',(1.,0.,0.));
#3623=DIRECTION('center_axis',(0.,1.,-5.14531160026499E-14));
#3624=DIRECTION('ref_axis',(0.707106781186538,3.63828472386523E-14,0.707106781186557));
#3625=DIRECTION('',(-0.707106781186544,3.6382847238652E-14,0.707106781186551));
#3626=DIRECTION('center_axis',(0.,1.,-5.14531160026499E-14));
#3627=DIRECTION('ref_axis',(0.,5.14531160026499E-14,1.));
#3628=DIRECTION('',(1.,0.,0.));
#3629=DIRECTION('center_axis',(0.,1.,-5.14531160026499E-14));
#3630=DIRECTION('ref_axis',(0.,-5.14531160026499E-14,-1.));
#3631=DIRECTION('',(1.,-6.12987919553692E-26,-1.19135237508671E-12));
#3632=DIRECTION('center_axis',(0.,1.,-5.14531160026499E-14));
#3633=DIRECTION('ref_axis',(0.,5.14531160026499E-14,1.));
#3634=DIRECTION('center_axis',(0.,-1.,5.14531160026499E-14));
#3635=DIRECTION('ref_axis',(-0.966922398712616,1.31241836139861E-14,0.255070725227024));
#3636=DIRECTION('center_axis',(0.,1.,-5.14531160026499E-14));
#3637=DIRECTION('ref_axis',(0.775623225690125,3.24770100304507E-14,0.631196175344912));
#3638=DIRECTION('center_axis',(0.,-1.,5.14531160026499E-14));
#3639=DIRECTION('ref_axis',(-0.775623225692506,-3.24770100303002E-14,-0.631196175341987));
#3640=DIRECTION('center_axis',(0.,1.,-5.14531160026499E-14));
#3641=DIRECTION('ref_axis',(-0.255070725241823,-4.97511703463199E-14,-0.966922398708712));
#3642=DIRECTION('center_axis',(0.,-1.,5.14531160026499E-14));
#3643=DIRECTION('ref_axis',(0.255070725227067,4.97511703465202E-14,0.966922398712605));
#3644=DIRECTION('center_axis',(0.,1.,-5.14531160026499E-14));
#3645=DIRECTION('ref_axis',(0.631196175348941,-3.99082318056148E-14,-0.775623225686847));
#3646=DIRECTION('center_axis',(0.,-1.,5.14531160026499E-14));
#3647=DIRECTION('ref_axis',(-0.631196175343787,3.99082318058306E-14,0.775623225691041));
#3648=DIRECTION('center_axis',(0.,1.,-5.14531160026499E-14));
#3649=DIRECTION('ref_axis',(-0.966922398725906,1.31241836113939E-14,0.255070725176644));
#3650=DIRECTION('center_axis',(0.,-1.,5.14531160026499E-14));
#3651=DIRECTION('ref_axis',(0.966922398711709,-1.3124183614163E-14,-0.255070725230462));
#3652=DIRECTION('center_axis',(0.,1.,-5.14531160026499E-14));
#3653=DIRECTION('ref_axis',(-0.775623225690125,-3.24770100304507E-14,-0.631196175344912));
#3654=DIRECTION('center_axis',(0.,-1.,5.14531160026499E-14));
#3655=DIRECTION('ref_axis',(0.775623225690242,3.24770100304433E-14,0.631196175344768));
#3656=DIRECTION('center_axis',(0.,1.,-5.14531160026499E-14));
#3657=DIRECTION('ref_axis',(0.255070725222842,4.97511703465775E-14,0.96692239871372));
#3658=DIRECTION('center_axis',(0.,-1.,5.14531160026499E-14));
#3659=DIRECTION('ref_axis',(-0.255070725227067,-4.97511703465202E-14,-0.966922398712605));
#3660=DIRECTION('center_axis',(0.,1.,-5.14531160026499E-14));
#3661=DIRECTION('ref_axis',(-0.631196175338767,3.99082318060408E-14,0.775623225695126));
#3662=DIRECTION('center_axis',(0.,-1.,5.14531160026499E-14));
#3663=DIRECTION('ref_axis',(0.631196175343408,-3.99082318058465E-14,-0.77562322569135));
#3664=DIRECTION('center_axis',(0.,1.,-5.14531160026499E-14));
#3665=DIRECTION('ref_axis',(0.966922398711693,-1.31241836141663E-14,-0.255070725230526));
#3666=DIRECTION('',(0.,0.,-1.));
#3667=DIRECTION('',(0.967890056315192,0.,0.251373902555881));
#3668=DIRECTION('center_axis',(0.,-1.,-5.14531160026499E-14));
#3669=DIRECTION('ref_axis',(-0.631196175340943,3.99082318059497E-14,-0.775623225693355));
#3670=DIRECTION('',(0.,-1.,-5.14531160026499E-14));
#3671=DIRECTION('',(0.,-1.,-5.14531160026499E-14));
#3672=DIRECTION('center_axis',(0.,-1.,-5.14531160026499E-14));
#3673=DIRECTION('ref_axis',(-1.,1.33885392362932E-29,-2.6020852139652E-16));
#3674=DIRECTION('',(0.,-1.,-5.14531160026499E-14));
#3675=DIRECTION('center_axis',(0.,-1.,-5.14531160026499E-14));
#3676=DIRECTION('ref_axis',(0.966922398711693,-1.31241836141663E-14,0.255070725230526));
#3677=DIRECTION('',(0.,-1.,-5.14531160026499E-14));
#3678=DIRECTION('center_axis',(0.,-1.,-5.14531160026499E-14));
#3679=DIRECTION('ref_axis',(-0.96692239871262,1.31241836139854E-14,-0.25507072522701));
#3680=DIRECTION('',(0.,-1.,-5.14531160026499E-14));
#3681=DIRECTION('center_axis',(0.,-1.,-5.14531160026499E-14));
#3682=DIRECTION('ref_axis',(0.775623225690125,3.24770100304507E-14,-0.631196175344912));
#3683=DIRECTION('',(0.,-1.,-5.14531160026499E-14));
#3684=DIRECTION('center_axis',(0.,-1.,-5.14531160026499E-14));
#3685=DIRECTION('ref_axis',(6.93889390390724E-16,5.14531160026499E-14,-1.));
#3686=DIRECTION('',(0.,-1.,-5.14531160026499E-14));
#3687=DIRECTION('center_axis',(0.,-1.,-5.14531160026499E-14));
#3688=DIRECTION('ref_axis',(-0.25507072522275,-4.97511703465788E-14,0.966922398713744));
#3689=DIRECTION('',(0.,-1.,-5.14531160026499E-14));
#3690=DIRECTION('center_axis',(0.,-1.,-5.14531160026499E-14));
#3691=DIRECTION('ref_axis',(0.255070725228299,4.97511703465034E-14,-0.96692239871228));
#3692=DIRECTION('',(0.,-1.,-5.14531160026499E-14));
#3693=DIRECTION('center_axis',(0.,-1.,-5.14531160026499E-14));
#3694=DIRECTION('ref_axis',(0.631196175344923,-3.99082318057831E-14,0.775623225690116));
#3695=DIRECTION('',(0.,-1.,-5.14531160026499E-14));
#3696=DIRECTION('center_axis',(0.,-1.,-5.14531160026499E-14));
#3697=DIRECTION('ref_axis',(1.,1.20050568485429E-27,-2.33320307518881E-14));
#3698=DIRECTION('',(0.,-1.,-5.14531160026499E-14));
#3699=DIRECTION('center_axis',(0.,-1.,-5.14531160026499E-14));
#3700=DIRECTION('ref_axis',(-0.966922398711693,1.31241836141663E-14,-0.255070725230526));
#3701=DIRECTION('',(0.,-1.,-5.14531160026499E-14));
#3702=DIRECTION('center_axis',(0.,-1.,-5.14531160026499E-14));
#3703=DIRECTION('ref_axis',(0.96692239871262,-1.31241836139854E-14,0.25507072522701));
#3704=DIRECTION('',(0.,-1.,-5.14531160026499E-14));
#3705=DIRECTION('center_axis',(0.,-1.,-5.14531160026499E-14));
#3706=DIRECTION('ref_axis',(-0.775623225690125,-3.24770100304507E-14,0.631196175344912));
#3707=DIRECTION('',(0.,-1.,-5.14531160026499E-14));
#3708=DIRECTION('center_axis',(0.,-1.,-5.14531160026499E-14));
#3709=DIRECTION('ref_axis',(1.79977560632594E-12,-5.14531160026499E-14,
1.));
#3710=DIRECTION('',(0.,-1.,-5.14531160026499E-14));
#3711=DIRECTION('center_axis',(0.,-1.,-5.14531160026499E-14));
#3712=DIRECTION('ref_axis',(0.25507072522275,4.97511703465788E-14,-0.966922398713744));
#3713=DIRECTION('',(0.,-1.,-5.14531160026499E-14));
#3714=DIRECTION('center_axis',(0.,-1.,-5.14531160026499E-14));
#3715=DIRECTION('ref_axis',(-0.255070725226748,-4.97511703465245E-14,0.966922398712689));
#3716=DIRECTION('center_axis',(0.,0.,1.));
#3717=DIRECTION('ref_axis',(1.,0.,0.));
#3718=DIRECTION('',(0.,0.,1.));
#3719=DIRECTION('center_axis',(0.,0.,-1.));
#3720=DIRECTION('ref_axis',(1.,0.,0.));
#3721=DIRECTION('center_axis',(0.,1.,-5.14531160026499E-14));
#3722=DIRECTION('ref_axis',(0.775623225690125,3.24770100304507E-14,0.631196175344912));
#3723=DIRECTION('',(0.,1.,-5.14531160026499E-14));
#3724=DIRECTION('',(0.,1.,-5.14531160026499E-14));
#3725=DIRECTION('center_axis',(0.,1.,-5.14531160026499E-14));
#3726=DIRECTION('ref_axis',(1.77340780949109E-12,5.14531160026499E-14,1.));
#3727=DIRECTION('',(0.,1.,-5.14531160026499E-14));
#3728=DIRECTION('center_axis',(0.,1.,-5.14531160026499E-14));
#3729=DIRECTION('ref_axis',(-0.255070725241823,-4.97511703463199E-14,-0.966922398708712));
#3730=DIRECTION('',(0.,1.,-5.14531160026499E-14));
#3731=DIRECTION('center_axis',(0.,1.,-5.14531160026499E-14));
#3732=DIRECTION('ref_axis',(0.255070725227067,4.97511703465202E-14,0.966922398712605));
#3733=DIRECTION('',(0.,1.,-5.14531160026499E-14));
#3734=DIRECTION('center_axis',(0.,1.,-5.14531160026499E-14));
#3735=DIRECTION('ref_axis',(0.631196175348941,-3.99082318056148E-14,-0.775623225686847));
#3736=DIRECTION('',(0.,1.,-5.14531160026499E-14));
#3737=DIRECTION('center_axis',(0.,1.,-5.14531160026499E-14));
#3738=DIRECTION('ref_axis',(1.,-8.70255050359075E-28,-1.69135538907742E-14));
#3739=DIRECTION('',(0.,1.,-5.14531160026499E-14));
#3740=DIRECTION('center_axis',(0.,1.,-5.14531160026499E-14));
#3741=DIRECTION('ref_axis',(-0.966922398725906,1.31241836113939E-14,0.255070725176644));
#3742=DIRECTION('',(0.,1.,-5.14531160026499E-14));
#3743=DIRECTION('center_axis',(0.,1.,-5.14531160026499E-14));
#3744=DIRECTION('ref_axis',(0.966922398711709,-1.3124183614163E-14,-0.255070725230462));
#3745=DIRECTION('',(0.,1.,-5.14531160026499E-14));
#3746=DIRECTION('center_axis',(0.,1.,-5.14531160026499E-14));
#3747=DIRECTION('ref_axis',(-0.775623225690125,-3.24770100304507E-14,-0.631196175344912));
#3748=DIRECTION('',(0.,1.,-5.14531160026499E-14));
#3749=DIRECTION('center_axis',(0.,1.,-5.14531160026499E-14));
#3750=DIRECTION('ref_axis',(1.09287578986539E-14,-5.14531160026499E-14,
-1.));
#3751=DIRECTION('',(0.,1.,-5.14531160026499E-14));
#3752=DIRECTION('center_axis',(0.,1.,-5.14531160026499E-14));
#3753=DIRECTION('ref_axis',(0.255070725222842,4.97511703465775E-14,0.96692239871372));
#3754=DIRECTION('',(0.,1.,-5.14531160026499E-14));
#3755=DIRECTION('center_axis',(0.,1.,-5.14531160026499E-14));
#3756=DIRECTION('ref_axis',(-0.255070725227067,-4.97511703465202E-14,-0.966922398712605));
#3757=DIRECTION('',(0.,1.,-5.14531160026499E-14));
#3758=DIRECTION('center_axis',(0.,1.,-5.14531160026499E-14));
#3759=DIRECTION('ref_axis',(-0.631196175338767,3.99082318060408E-14,0.775623225695126));
#3760=DIRECTION('',(0.,1.,-5.14531160026499E-14));
#3761=DIRECTION('center_axis',(0.,1.,-5.14531160026499E-14));
#3762=DIRECTION('ref_axis',(-1.,-1.62001324759149E-27,-3.14852310889792E-14));
#3763=DIRECTION('',(0.,1.,-5.14531160026499E-14));
#3764=DIRECTION('center_axis',(0.,1.,-5.14531160026499E-14));
#3765=DIRECTION('ref_axis',(0.966922398711693,-1.31241836141663E-14,-0.255070725230526));
#3766=DIRECTION('',(0.,1.,-5.14531160026499E-14));
#3767=DIRECTION('center_axis',(0.,1.,-5.14531160026499E-14));
#3768=DIRECTION('ref_axis',(-0.966922398712616,1.31241836139861E-14,0.255070725227024));
#3769=DIRECTION('center_axis',(0.707106781186785,0.70710678118631,0.));
#3770=DIRECTION('ref_axis',(-0.70710678118631,0.707106781186785,0.));
#3771=DIRECTION('',(0.,0.,1.));
#3772=DIRECTION('',(-0.70710678118631,0.707106781186785,0.));
#3773=DIRECTION('',(0.,0.,1.));
#3774=DIRECTION('center_axis',(0.,0.,1.));
#3775=DIRECTION('ref_axis',(-0.707106781188371,-0.707106781184724,0.));
#3776=DIRECTION('center_axis',(0.,0.,-1.));
#3777=DIRECTION('ref_axis',(-0.707106781188371,-0.707106781184724,0.));
#3778=DIRECTION('',(0.,0.,1.));
#3779=DIRECTION('center_axis',(-0.707106781186184,0.707106781186911,0.));
#3780=DIRECTION('ref_axis',(-0.707106781186911,-0.707106781186184,0.));
#3781=DIRECTION('',(-0.707106781186911,-0.707106781186184,0.));
#3782=DIRECTION('',(0.,0.,1.));
#3783=DIRECTION('center_axis',(0.,0.,1.));
#3784=DIRECTION('ref_axis',(0.707106781184621,-0.707106781188474,0.));
#3785=DIRECTION('center_axis',(0.,0.,-1.));
#3786=DIRECTION('ref_axis',(0.707106781184621,-0.707106781188474,0.));
#3787=DIRECTION('',(0.,0.,1.));
#3788=DIRECTION('center_axis',(-0.707106781186152,-0.707106781186943,0.));
#3789=DIRECTION('ref_axis',(0.707106781186943,-0.707106781186152,0.));
#3790=DIRECTION('',(0.707106781186943,-0.707106781186152,0.));
#3791=DIRECTION('',(0.,0.,1.));
#3792=DIRECTION('center_axis',(0.,0.,1.));
#3793=DIRECTION('ref_axis',(0.707106781184621,0.707106781188474,0.));
#3794=DIRECTION('center_axis',(0.,0.,-1.));
#3795=DIRECTION('ref_axis',(0.707106781184621,0.707106781188474,0.));
#3796=DIRECTION('',(0.,0.,1.));
#3797=DIRECTION('center_axis',(0.707106781186955,-0.70710678118614,0.));
#3798=DIRECTION('ref_axis',(0.70710678118614,0.707106781186955,0.));
#3799=DIRECTION('',(0.70710678118614,0.707106781186955,0.));
#3800=DIRECTION('',(0.,0.,1.));
#3801=DIRECTION('center_axis',(0.,0.,1.));
#3802=DIRECTION('ref_axis',(-0.707106781187544,0.707106781185551,0.));
#3803=DIRECTION('center_axis',(0.,0.,-1.));
#3804=DIRECTION('ref_axis',(-0.707106781187544,0.707106781185551,0.));
#3805=DIRECTION('center_axis',(0.,0.,1.));
#3806=DIRECTION('ref_axis',(1.,0.,0.));
#3807=DIRECTION('',(0.,0.,1.));
#3808=DIRECTION('center_axis',(0.,0.,-1.));
#3809=DIRECTION('ref_axis',(1.,0.,0.));
#3810=DIRECTION('center_axis',(0.,0.,1.));
#3811=DIRECTION('ref_axis',(1.,0.,0.));
#3812=DIRECTION('',(0.,0.,1.));
#3813=DIRECTION('center_axis',(0.,0.,-1.));
#3814=DIRECTION('ref_axis',(1.,0.,0.));
#3815=DIRECTION('center_axis',(0.,0.,1.));
#3816=DIRECTION('ref_axis',(1.,0.,0.));
#3817=DIRECTION('',(0.,0.,1.));
#3818=DIRECTION('center_axis',(0.,0.,-1.));
#3819=DIRECTION('ref_axis',(1.,0.,0.));
#3820=DIRECTION('center_axis',(-2.46213291895983E-28,1.,4.56770794470934E-14));
#3821=DIRECTION('ref_axis',(-5.39030285815812E-15,-4.56770794470934E-14,
1.));
#3822=DIRECTION('',(1.,0.,5.39030285815812E-15));
#3823=DIRECTION('',(1.,0.,5.39030285815812E-15));
#3824=DIRECTION('center_axis',(1.,0.,5.39030285815812E-15));
#3825=DIRECTION('ref_axis',(3.81151970366273E-15,0.707106781184711,-0.707106781188384));
#3826=DIRECTION('',(1.,0.,5.39030285815812E-15));
#3827=DIRECTION('center_axis',(3.81151970365397E-15,0.707106781186337,-0.707106781186758));
#3828=DIRECTION('ref_axis',(-3.8115197036517E-15,0.707106781186758,0.707106781186337));
#3829=DIRECTION('',(1.,0.,5.39030285815812E-15));
#3830=DIRECTION('center_axis',(1.,0.,5.39030285815812E-15));
#3831=DIRECTION('ref_axis',(5.39030285815812E-15,0.,-1.));
#3832=DIRECTION('',(1.,0.,5.39030285815812E-15));
#3833=DIRECTION('center_axis',(5.39030285815812E-15,0.,-1.));
#3834=DIRECTION('ref_axis',(0.,1.,0.));
#3835=DIRECTION('',(1.,0.,5.39030285815812E-15));
#3836=DIRECTION('center_axis',(1.,0.,5.39030285815812E-15));
#3837=DIRECTION('ref_axis',(0.,-1.,0.));
#3838=DIRECTION('',(1.,0.,5.39030285815812E-15));
#3839=DIRECTION('center_axis',(-7.46596596378939E-29,-1.,1.38507355899118E-14));
#3840=DIRECTION('ref_axis',(5.39030285815812E-15,-1.38507355899118E-14,
-1.));
#3841=DIRECTION('',(1.,0.,5.39030285815812E-15));
#3842=DIRECTION('center_axis',(1.,0.,5.39030285815812E-15));
#3843=DIRECTION('ref_axis',(3.92579155289638E-26,1.,-7.28306304154092E-12));
#3844=DIRECTION('',(1.,0.,5.39030285815812E-15));
#3845=DIRECTION('center_axis',(1.27196918283069E-27,1.,-2.35973602282029E-13));
#3846=DIRECTION('ref_axis',(-5.39030285815812E-15,2.35973602282029E-13,
1.));
#3847=DIRECTION('',(1.,0.,5.39030285815812E-15));
#3848=DIRECTION('center_axis',(1.,0.,5.39030285815812E-15));
#3849=DIRECTION('ref_axis',(0.,-1.,0.));
#3850=DIRECTION('',(1.,0.,5.39030285815812E-15));
#3851=DIRECTION('center_axis',(-5.39030285815812E-15,-1.28411337787687E-12,
1.));
#3852=DIRECTION('ref_axis',(6.92176001096875E-27,-1.,-1.28411337787687E-12));
#3853=DIRECTION('',(1.,0.,5.39030285815812E-15));
#3854=DIRECTION('center_axis',(1.,0.,5.39030285815812E-15));
#3855=DIRECTION('ref_axis',(0.,1.,0.));
#3856=DIRECTION('',(1.,0.,5.39030285815812E-15));
#3857=DIRECTION('center_axis',(0.,1.,0.));
#3858=DIRECTION('ref_axis',(-5.39030285815812E-15,0.,1.));
#3859=DIRECTION('',(1.,0.,5.39030285815812E-15));
#3860=DIRECTION('center_axis',(1.,0.,5.39030285815812E-15));
#3861=DIRECTION('ref_axis',(5.39030285815812E-15,0.,-1.));
#3862=DIRECTION('',(1.,0.,5.39030285815812E-15));
#3863=DIRECTION('center_axis',(5.39030285815812E-15,-8.11775974994467E-14,
-1.));
#3864=DIRECTION('ref_axis',(4.37571835819677E-28,1.,-8.11775974994467E-14));
#3865=DIRECTION('',(1.,0.,5.39030285815812E-15));
#3866=DIRECTION('center_axis',(1.,0.,5.39030285815812E-15));
#3867=DIRECTION('ref_axis',(0.,-1.,0.));
#3868=DIRECTION('',(1.,0.,5.39030285815812E-15));
#3869=DIRECTION('center_axis',(6.58288217711913E-27,-1.,-1.22124532708882E-12));
#3870=DIRECTION('ref_axis',(5.39030285815812E-15,1.22124532708882E-12,-1.));
#3871=DIRECTION('',(1.,0.,5.39030285815812E-15));
#3872=DIRECTION('center_axis',(1.,0.,5.39030285815812E-15));
#3873=DIRECTION('ref_axis',(-5.39030285815812E-15,0.,1.));
#3874=DIRECTION('',(1.,0.,5.39030285815812E-15));
#3875=DIRECTION('center_axis',(-5.39030285815812E-15,5.56449130413308E-13,
1.));
#3876=DIRECTION('ref_axis',(-2.99942933808646E-27,-1.,5.56449130413308E-13));
#3877=DIRECTION('',(1.,0.,5.39030285815812E-15));
#3878=DIRECTION('center_axis',(1.,0.,5.39030285815812E-15));
#3879=DIRECTION('ref_axis',(5.39030285815812E-15,0.,-1.));
#3880=DIRECTION('',(1.,0.,5.39030285815812E-15));
#3881=DIRECTION('center_axis',(0.,-1.,0.));
#3882=DIRECTION('ref_axis',(5.39030285815812E-15,0.,-1.));
#3883=DIRECTION('',(1.,0.,5.39030285815812E-15));
#3884=DIRECTION('center_axis',(1.,0.,5.39030285815812E-15));
#3885=DIRECTION('ref_axis',(0.,1.,0.));
#3886=DIRECTION('',(1.,0.,5.39030285815812E-15));
#3887=DIRECTION('center_axis',(5.39030285815812E-15,0.,-1.));
#3888=DIRECTION('ref_axis',(0.,1.,0.));
#3889=DIRECTION('',(1.,0.,5.39030285815812E-15));
#3890=DIRECTION('center_axis',(1.,0.,5.39030285815812E-15));
#3891=DIRECTION('ref_axis',(-5.39030285815812E-15,0.,1.));
#3892=DIRECTION('',(1.,0.,5.39030285815812E-15));
#3893=DIRECTION('center_axis',(0.,1.,0.));
#3894=DIRECTION('ref_axis',(-5.39030285815812E-15,0.,1.));
#3895=DIRECTION('',(1.,0.,5.39030285815812E-15));
#3896=DIRECTION('center_axis',(1.,0.,5.39030285815812E-15));
#3897=DIRECTION('ref_axis',(0.,-1.,0.));
#3898=DIRECTION('',(1.,0.,5.39030285815812E-15));
#3899=DIRECTION('center_axis',(-5.39030285815812E-15,-5.56449130413404E-13,
1.));
#3900=DIRECTION('ref_axis',(2.99942933808697E-27,-1.,-5.56449130413404E-13));
#3901=DIRECTION('',(1.,0.,5.39030285815812E-15));
#3902=DIRECTION('center_axis',(1.,0.,5.39030285815812E-15));
#3903=DIRECTION('ref_axis',(0.,1.,0.));
#3904=DIRECTION('',(1.,0.,5.39030285815812E-15));
#3905=DIRECTION('center_axis',(0.,1.,0.));
#3906=DIRECTION('ref_axis',(-5.39030285815812E-15,0.,1.));
#3907=DIRECTION('',(1.,0.,5.39030285815812E-15));
#3908=DIRECTION('center_axis',(1.,0.,5.39030285815812E-15));
#3909=DIRECTION('ref_axis',(5.39030285815812E-15,0.,-1.));
#3910=DIRECTION('',(1.,0.,5.39030285815812E-15));
#3911=DIRECTION('center_axis',(5.39030285815812E-15,0.,-1.));
#3912=DIRECTION('ref_axis',(0.,1.,0.));
#3913=DIRECTION('',(1.,0.,5.39030285815812E-15));
#3914=DIRECTION('center_axis',(1.,0.,5.39030285815812E-15));
#3915=DIRECTION('ref_axis',(0.,-1.,0.));
#3916=DIRECTION('',(1.,0.,5.39030285815812E-15));
#3917=DIRECTION('center_axis',(-4.78755067426846E-27,-1.,8.88178419700963E-13));
#3918=DIRECTION('ref_axis',(5.39030285815812E-15,-8.88178419700963E-13,
-1.));
#3919=DIRECTION('',(1.,0.,5.39030285815812E-15));
#3920=DIRECTION('center_axis',(1.,0.,5.39030285815812E-15));
#3921=DIRECTION('ref_axis',(-5.39030285815812E-15,0.,1.));
#3922=DIRECTION('',(1.,0.,5.39030285815812E-15));
#3923=DIRECTION('center_axis',(-5.39030285815812E-15,0.,1.));
#3924=DIRECTION('ref_axis',(0.,-1.,0.));
#3925=DIRECTION('',(1.,0.,5.39030285815812E-15));
#3926=DIRECTION('center_axis',(1.,0.,5.39030285815812E-15));
#3927=DIRECTION('ref_axis',(5.39030285815812E-15,0.,-1.));
#3928=DIRECTION('',(1.,0.,5.39030285815812E-15));
#3929=DIRECTION('center_axis',(0.,-1.,0.));
#3930=DIRECTION('ref_axis',(5.39030285815812E-15,0.,-1.));
#3931=DIRECTION('',(1.,0.,5.39030285815812E-15));
#3932=DIRECTION('center_axis',(1.,0.,5.39030285815812E-15));
#3933=DIRECTION('ref_axis',(0.,1.,0.));
#3934=DIRECTION('',(1.,0.,5.39030285815812E-15));
#3935=DIRECTION('center_axis',(-7.46596596376819E-28,1.,1.38507355898725E-13));
#3936=DIRECTION('ref_axis',(-5.39030285815812E-15,-1.38507355898725E-13,
1.));
#3937=DIRECTION('',(1.,0.,5.39030285815812E-15));
#3938=DIRECTION('center_axis',(1.,0.,5.39030285815812E-15));
#3939=DIRECTION('ref_axis',(5.39030285815812E-15,0.,-1.));
#3940=DIRECTION('',(1.,0.,5.39030285815812E-15));
#3941=DIRECTION('center_axis',(5.39030285815812E-15,0.,-1.));
#3942=DIRECTION('ref_axis',(0.,1.,0.));
#3943=DIRECTION('',(1.,0.,5.39030285815812E-15));
#3944=DIRECTION('center_axis',(1.,0.,5.39030285815812E-15));
#3945=DIRECTION('ref_axis',(3.81151970364304E-15,-0.707106781188364,-0.707106781184731));
#3946=DIRECTION('',(1.,0.,5.39030285815812E-15));
#3947=DIRECTION('center_axis',(3.81151970364852E-15,-0.707106781187348,
-0.707106781185747));
#3948=DIRECTION('ref_axis',(3.81151970365715E-15,0.707106781185747,-0.707106781187348));
#3949=DIRECTION('',(1.,0.,5.39030285815812E-15));
#3950=DIRECTION('center_axis',(1.,0.,5.39030285815812E-15));
#3951=DIRECTION('ref_axis',(0.,-1.,0.));
#3952=DIRECTION('',(1.,0.,5.39030285815812E-15));
#3953=DIRECTION('center_axis',(0.,-1.,0.));
#3954=DIRECTION('ref_axis',(5.39030285815812E-15,0.,-1.));
#3955=DIRECTION('center_axis',(0.,0.,1.));
#3956=DIRECTION('ref_axis',(0.882186879857603,0.47089946804717,0.));
#3957=DIRECTION('center_axis',(0.,0.,-1.));
#3958=DIRECTION('ref_axis',(0.882186879857603,0.47089946804717,0.));
#3959=DIRECTION('',(0.,0.,1.));
#3960=DIRECTION('center_axis',(0.,0.,1.));
#3961=DIRECTION('ref_axis',(0.707106781190719,-0.707106781182376,0.));
#3962=DIRECTION('center_axis',(0.,0.,1.));
#3963=DIRECTION('ref_axis',(0.707106781190719,-0.707106781182376,0.));
#3964=DIRECTION('',(0.,0.,1.));
#3965=DIRECTION('center_axis',(0.707106781187883,-0.707106781185212,0.));
#3966=DIRECTION('ref_axis',(0.707106781185212,0.707106781187883,0.));
#3967=DIRECTION('',(0.707106781185212,0.707106781187883,0.));
#3968=DIRECTION('',(0.,0.,1.));
#3969=DIRECTION('center_axis',(0.,0.,1.));
#3970=DIRECTION('ref_axis',(-0.707106781191851,0.707106781181244,0.));
#3971=DIRECTION('center_axis',(0.,0.,-1.));
#3972=DIRECTION('ref_axis',(-0.707106781191851,0.707106781181244,0.));
#3973=DIRECTION('',(0.,0.996019439335698,0.0891362802982132));
#3974=DIRECTION('center_axis',(1.,0.,0.));
#3975=DIRECTION('ref_axis',(0.,0.,-1.));
#3976=DIRECTION('center_axis',(0.,1.,-5.14531160026499E-14));
#3977=DIRECTION('ref_axis',(0.707106781186538,3.63828472386523E-14,0.707106781186557));
#3978=DIRECTION('',(0.,1.,-5.14531160026499E-14));
#3979=DIRECTION('center_axis',(0.707106781186551,3.63828472386517E-14,0.707106781186544));
#3980=DIRECTION('ref_axis',(0.707106781186544,-3.6382847238652E-14,-0.707106781186551));
#3981=DIRECTION('',(0.,1.,-5.14531160026499E-14));
#3982=DIRECTION('center_axis',(0.,1.,-5.14531160026499E-14));
#3983=DIRECTION('ref_axis',(0.,5.14531160026499E-14,1.));
#3984=DIRECTION('',(0.,1.,-5.14531160026499E-14));
#3985=DIRECTION('center_axis',(0.,5.14531160026499E-14,1.));
#3986=DIRECTION('ref_axis',(1.,0.,0.));
#3987=DIRECTION('',(0.,1.,-5.14531160026499E-14));
#3988=DIRECTION('center_axis',(0.,1.,-5.14531160026499E-14));
#3989=DIRECTION('ref_axis',(0.,-5.14531160026499E-14,-1.));
#3990=DIRECTION('',(0.,1.,-5.14531160026499E-14));
#3991=DIRECTION('center_axis',(-1.19135237508671E-12,-5.14531160026499E-14,
-1.));
#3992=DIRECTION('ref_axis',(-1.,6.12987919553692E-26,1.19135237508671E-12));
#3993=DIRECTION('',(0.,1.,-5.14531160026499E-14));
#3994=DIRECTION('center_axis',(0.,1.,-5.14531160026499E-14));
#3995=DIRECTION('ref_axis',(0.,5.14531160026499E-14,1.));
#3996=DIRECTION('',(0.,0.843320851185276,0.537410403654545));
#3997=DIRECTION('center_axis',(-0.707106781186538,-0.707106781186557,0.));
#3998=DIRECTION('ref_axis',(0.707106781186557,-0.707106781186538,0.));
#3999=DIRECTION('',(0.707106781186557,-0.707106781186538,0.));
#4000=DIRECTION('',(0.,0.,1.));
#4001=DIRECTION('center_axis',(0.,0.,1.));
#4002=DIRECTION('ref_axis',(-1.,0.,0.));
#4003=DIRECTION('center_axis',(0.,0.,1.));
#4004=DIRECTION('ref_axis',(-1.,0.,0.));
#4005=DIRECTION('',(0.,0.,1.));
#4006=DIRECTION('center_axis',(-1.,0.,0.));
#4007=DIRECTION('ref_axis',(0.,-1.,0.));
#4008=DIRECTION('',(0.,-1.,0.));
#4009=DIRECTION('',(0.,0.,1.));
#4010=DIRECTION('center_axis',(0.,0.,1.));
#4011=DIRECTION('ref_axis',(-0.707106781188366,0.707106781184729,0.));
#4012=DIRECTION('center_axis',(0.,0.,1.));
#4013=DIRECTION('ref_axis',(-0.707106781188366,0.707106781184729,0.));
#4014=DIRECTION('',(0.,0.,1.));
#4015=DIRECTION('center_axis',(-0.707106781186683,0.707106781186412,0.));
#4016=DIRECTION('ref_axis',(-0.707106781186412,-0.707106781186683,0.));
#4017=DIRECTION('',(-0.707106781186412,-0.707106781186683,0.));
#4018=DIRECTION('',(0.,0.,1.));
#4019=DIRECTION('center_axis',(0.,0.,1.));
#4020=DIRECTION('ref_axis',(0.707106781188375,-0.70710678118472,0.));
#4021=DIRECTION('center_axis',(0.,0.,-1.));
#4022=DIRECTION('ref_axis',(0.707106781188375,-0.70710678118472,0.));
#4023=DIRECTION('',(0.,-0.975056048117751,0.221958786780324));
#4024=DIRECTION('center_axis',(-1.31553242721302E-12,5.14531160026499E-14,
-1.));
#4025=DIRECTION('ref_axis',(1.,6.7688242582639E-26,-1.31553242721302E-12));
#4026=DIRECTION('',(0.,-1.,-5.14531160026499E-14));
#4027=DIRECTION('center_axis',(0.,-1.,-5.14531160026499E-14));
#4028=DIRECTION('ref_axis',(0.,-5.14531160026499E-14,1.));
#4029=DIRECTION('',(0.,-1.,-5.14531160026499E-14));
#4030=DIRECTION('center_axis',(8.5602850808846E-14,-5.14531160026499E-14,
1.));
#4031=DIRECTION('ref_axis',(-1.,-4.40453341282508E-27,8.5602850808846E-14));
#4032=DIRECTION('',(0.,-1.,-5.14531160026499E-14));
#4033=DIRECTION('center_axis',(0.,-1.,-5.14531160026499E-14));
#4034=DIRECTION('ref_axis',(0.707106781188367,-3.63828472385582E-14,0.707106781184728));
#4035=DIRECTION('',(0.,-1.,-5.14531160026499E-14));
#4036=DIRECTION('center_axis',(0.707106781186543,-3.6382847238652E-14,0.707106781186552));
#4037=DIRECTION('ref_axis',(-0.707106781186552,-3.63828472386516E-14,0.707106781186543));
#4038=DIRECTION('',(0.,-1.,-5.14531160026499E-14));
#4039=DIRECTION('center_axis',(0.,-1.,-5.14531160026499E-14));
#4040=DIRECTION('ref_axis',(1.,0.,0.));
#4041=DIRECTION('',(0.,-1.,-5.14531160026499E-14));
#4042=DIRECTION('center_axis',(1.,2.07974624751403E-26,-4.04202195918887E-13));
#4043=DIRECTION('ref_axis',(4.04202195918887E-13,-5.14531160026499E-14,
1.));
#4044=DIRECTION('',(0.,-0.822225613511671,0.569161699770246));
#4045=DIRECTION('center_axis',(0.707106781187274,0.707106781185821,0.));
#4046=DIRECTION('ref_axis',(-0.707106781185821,0.707106781187274,0.));
#4047=DIRECTION('',(-0.707106781185821,0.707106781187274,0.));
#4048=DIRECTION('',(0.,0.,1.));
#4049=DIRECTION('center_axis',(0.,0.,1.));
#4050=DIRECTION('ref_axis',(0.956776532134662,-0.290824117906975,0.));
#4051=DIRECTION('center_axis',(0.,0.,1.));
#4052=DIRECTION('ref_axis',(0.956776532134662,-0.290824117906975,0.));
#4053=DIRECTION('center_axis',(1.,0.,5.39030285815812E-15));
#4054=DIRECTION('ref_axis',(0.,1.,0.));
#4055=DIRECTION('center_axis',(0.,0.,1.));
#4056=DIRECTION('ref_axis',(1.,0.,0.));
#4057=DIRECTION('center_axis',(0.,1.,0.));
#4058=DIRECTION('ref_axis',(0.,0.,1.));
#4059=CARTESIAN_POINT('',(0.,0.,0.));
#4060=CARTESIAN_POINT('Origin',(208.423564134566,471.780134186142,0.767566461016216));
#4061=CARTESIAN_POINT('',(209.941751356285,471.780134186142,1.5100000000001));
#4062=CARTESIAN_POINT('',(209.941751356285,470.940134186142,1.51000000000006));
#4063=CARTESIAN_POINT('',(209.941751356285,471.780134186142,1.5100000000001));
#4064=CARTESIAN_POINT('',(209.941751356285,470.280134186142,1.51000000000003));
#4065=CARTESIAN_POINT('',(209.941751356285,471.780134186142,1.5100000000001));
#4066=CARTESIAN_POINT('',(208.423564134566,470.280134186142,2.45756646101611));
#4067=CARTESIAN_POINT('Origin',(208.423564134566,470.280134186142,0.767566461016145));
#4068=CARTESIAN_POINT('',(208.423564134566,471.780134186142,2.45756646101619));
#4069=CARTESIAN_POINT('',(208.423564134566,471.780134186142,2.45756646101619));
#4070=CARTESIAN_POINT('Origin',(208.423564134566,471.780134186142,0.767566461016216));
#4071=CARTESIAN_POINT('Origin',(220.113564134565,470.270134186142,1.51));
#4072=CARTESIAN_POINT('',(230.113564134562,471.780134186142,1.5100000000001));
#4073=CARTESIAN_POINT('',(106.959088072927,471.780134186142,1.5100000000001));
#4074=CARTESIAN_POINT('',(230.113564134562,471.774123539539,1.3754042167497));
#4075=CARTESIAN_POINT('Origin',(230.113564134562,470.270134186142,1.51));
#4076=CARTESIAN_POINT('',(229.873139205456,471.511694862806,0.650565833724049));
#4077=CARTESIAN_POINT('Ctrl Pts',(229.873139205305,471.511694863328,0.650565834478098));
#4078=CARTESIAN_POINT('Ctrl Pts',(229.943172416688,471.545089718929,0.698808900903188));
#4079=CARTESIAN_POINT('Ctrl Pts',(230.066676172987,471.66543060428,0.880860854509951));
#4080=CARTESIAN_POINT('Ctrl Pts',(230.113564134562,471.759113978067,1.20768558465593));
#4081=CARTESIAN_POINT('Ctrl Pts',(230.113564134562,471.774123539539,1.3754042167497));
#4082=CARTESIAN_POINT('',(229.423564134565,470.270134186142,0.));
#4083=CARTESIAN_POINT('Ctrl Pts',(229.873139205532,471.511694862545,0.650565833347089));
#4084=CARTESIAN_POINT('Ctrl Pts',(229.851142928538,471.501206088998,0.63541348162003));
#4085=CARTESIAN_POINT('Ctrl Pts',(229.829580601975,471.488964423245,0.618314566411239));
#4086=CARTESIAN_POINT('Ctrl Pts',(229.808550103338,471.474824127204,0.599603303002755));
#4087=CARTESIAN_POINT('Ctrl Pts',(229.786977746384,471.46031950138,0.580409937201392));
#4088=CARTESIAN_POINT('Ctrl Pts',(229.765964975885,471.443815560597,0.559519932217835));
#4089=CARTESIAN_POINT('Ctrl Pts',(229.745617431487,471.425142925159,0.537346509390135));
#4090=CARTESIAN_POINT('Ctrl Pts',(229.725659750076,471.406828061119,0.515597933742006));
#4091=CARTESIAN_POINT('Ctrl Pts',(229.706342047251,471.386425293989,0.492615042354762));
#4092=CARTESIAN_POINT('Ctrl Pts',(229.68776400603,471.363786681224,0.468835161945544));
#4093=CARTESIAN_POINT('Ctrl Pts',(229.669731200096,471.341812474915,0.445753182340353));
#4094=CARTESIAN_POINT('Ctrl Pts',(229.652395277126,471.317730603251,0.421920905268495));
#4095=CARTESIAN_POINT('Ctrl Pts',(229.635847398594,471.291436219772,0.397776031501517));
#4096=CARTESIAN_POINT('Ctrl Pts',(229.619969998052,471.266207217897,0.374609446666573));
#4097=CARTESIAN_POINT('Ctrl Pts',(229.604818076536,471.238940698877,0.351155790649287));
#4098=CARTESIAN_POINT('Ctrl Pts',(229.590472157532,471.209585129626,0.327827455577459));
#4099=CARTESIAN_POINT('Ctrl Pts',(229.588059482721,471.204648154694,0.323904131710432));
#4100=CARTESIAN_POINT('Ctrl Pts',(229.585669604884,471.199652203058,0.319984399265044));
#4101=CARTESIAN_POINT('Ctrl Pts',(229.583302907054,471.194597168446,0.316070272440921));
#4102=CARTESIAN_POINT('Ctrl Pts',(229.570529540628,471.167314509643,0.294945236736899));
#4103=CARTESIAN_POINT('Ctrl Pts',(229.558431383886,471.138276129438,0.273960331797423));
#4104=CARTESIAN_POINT('Ctrl Pts',(229.547044771658,471.107537805183,0.253474958937587));
#4105=CARTESIAN_POINT('Ctrl Pts',(229.535995407434,471.077709886789,0.233596320633232));
#4106=CARTESIAN_POINT('Ctrl Pts',(229.52561606294,471.046281263261,0.214188721221245));
#4107=CARTESIAN_POINT('Ctrl Pts',(229.515939939196,471.013350304008,0.195568639242027));
#4108=CARTESIAN_POINT('Ctrl Pts',(229.506414133373,470.98093092496,0.177237818965292));
#4109=CARTESIAN_POINT('Ctrl Pts',(229.497569869039,470.947055646412,0.159670862702231));
#4110=CARTESIAN_POINT('Ctrl Pts',(229.489438823797,470.911863952237,0.143148542339836));
#4111=CARTESIAN_POINT('Ctrl Pts',(229.481435755684,470.877226151423,0.126886272076625));
#4112=CARTESIAN_POINT('Ctrl Pts',(229.474123632178,470.841313334515,0.111636552462919));
#4113=CARTESIAN_POINT('Ctrl Pts',(229.467532658552,470.80430000072,0.0976378359158021));
#4114=CARTESIAN_POINT('Ctrl Pts',(229.466593089569,470.799023605702,0.0956422643021507));
#4115=CARTESIAN_POINT('Ctrl Pts',(229.465668175515,470.793724911635,0.0936720580901778));
#4116=CARTESIAN_POINT('Ctrl Pts',(229.464758003893,470.788404488007,0.0917278490341373));
#4117=CARTESIAN_POINT('Ctrl Pts',(229.458518710746,470.751932594271,0.078400153525741));
#4118=CARTESIAN_POINT('Ctrl Pts',(229.452972194389,470.714397773826,0.0662830775214839));
#4119=CARTESIAN_POINT('Ctrl Pts',(229.448129409651,470.676006258384,0.0555695750657903));
#4120=CARTESIAN_POINT('Ctrl Pts',(229.44333244274,470.637977966967,0.0449574335865363));
#4121=CARTESIAN_POINT('Ctrl Pts',(229.439225954361,470.599109595012,0.0357227947651831));
#4122=CARTESIAN_POINT('Ctrl Pts',(229.435820591345,470.55963020411,0.0280107775085048));
#4123=CARTESIAN_POINT('Ctrl Pts',(229.432428712862,470.520307143423,0.0203292982439045));
#4124=CARTESIAN_POINT('Ctrl Pts',(229.429732418113,470.480378430936,0.0141586883676973));
#4125=CARTESIAN_POINT('Ctrl Pts',(229.42774222795,470.440091377662,0.00959520360314969));
#4126=CARTESIAN_POINT('Ctrl Pts',(229.425757469199,470.399914271447,0.00504417300654959));
#4127=CARTESIAN_POINT('Ctrl Pts',(229.424474966246,470.359381367072,0.00209167065139071));
#4128=CARTESIAN_POINT('Ctrl Pts',(229.423905154042,470.318750394149,0.000782830630712938));
#4129=CARTESIAN_POINT('Ctrl Pts',(229.423678028004,470.302554967273,0.000261129541080183));
#4130=CARTESIAN_POINT('Ctrl Pts',(229.423564134565,470.286344048994,0.));
#4131=CARTESIAN_POINT('Ctrl Pts',(229.423564134565,470.270134186142,0.));
#4132=CARTESIAN_POINT('',(210.803564134565,470.270134186142,0.));
#4133=CARTESIAN_POINT('',(106.959088072927,470.270134186142,0.));
#4134=CARTESIAN_POINT('',(210.268846493796,471.543548671424,0.698510290469187));
#4135=CARTESIAN_POINT('Ctrl Pts',(210.803564134565,470.270134186142,0.));
#4136=CARTESIAN_POINT('Ctrl Pts',(210.803564134565,470.568665229833,0.));
#4137=CARTESIAN_POINT('Ctrl Pts',(210.73797820242,471.054638922264,0.167516082748487));
#4138=CARTESIAN_POINT('Ctrl Pts',(210.51896873725,471.42781920348,0.524177910172118));
#4139=CARTESIAN_POINT('Ctrl Pts',(210.354888427805,471.519478602174,0.660738801213227));
#4140=CARTESIAN_POINT('Ctrl Pts',(210.268846493797,471.543548671431,0.698510290480189));
#4141=CARTESIAN_POINT('',(210.006307545352,471.7424688188,1.17484223196171));
#4142=CARTESIAN_POINT('Ctrl Pts',(210.006307545352,471.7424688188,1.17484223196171));
#4143=CARTESIAN_POINT('Ctrl Pts',(210.024522120541,471.718127949845,1.06791377089467));
#4144=CARTESIAN_POINT('Ctrl Pts',(210.091335060469,471.637129373758,0.845684873817436));
#4145=CARTESIAN_POINT('Ctrl Pts',(210.201348543254,471.562431096173,0.728141169222963));
#4146=CARTESIAN_POINT('Ctrl Pts',(210.268846493796,471.543548671424,0.698510290469187));
#4147=CARTESIAN_POINT('Ctrl Pts',(210.006307545352,471.7424688188,1.17484223196221));
#4148=CARTESIAN_POINT('Ctrl Pts',(209.987221068072,471.767974845566,1.28688918456191));
#4149=CARTESIAN_POINT('Ctrl Pts',(209.965668834809,471.780134186142,1.39977368558403));
#4150=CARTESIAN_POINT('Ctrl Pts',(209.941751356285,471.780134186142,1.51000000000008));
#4151=CARTESIAN_POINT('Origin',(230.113564134562,470.280134186142,1.51));
#4152=CARTESIAN_POINT('',(230.113564134562,470.280134186142,1.51000000000003));
#4153=CARTESIAN_POINT('',(230.113564134562,471.780134186142,1.51000000000018));
#4154=CARTESIAN_POINT('',(230.113564134562,470.280094380535,1.50910863719702));
#4155=CARTESIAN_POINT('Origin',(230.113564134562,470.270134186142,1.51));
#4156=CARTESIAN_POINT('',(230.113564134562,471.774123539539,1.3754042167497));
#4157=CARTESIAN_POINT('Origin',(213.918176145853,470.280134186143,-18.2424335389532));
#4158=CARTESIAN_POINT('',(106.959088072927,470.280134186142,1.51000000000003));
#4159=CARTESIAN_POINT('',(230.113564134566,470.280134186141,10.6791184158811));
#4160=CARTESIAN_POINT('',(230.113564134562,470.280134186142,1.45019932438487));
#4161=CARTESIAN_POINT('',(229.032788157151,470.280134186141,13.2883424384528));
#4162=CARTESIAN_POINT('Origin',(226.423564134566,470.280134186141,10.6791184158811));
#4163=CARTESIAN_POINT('',(220.944340111994,470.280134186141,21.3767904836095));
#4164=CARTESIAN_POINT('',(229.032788157151,470.280134186141,13.2883424384528));
#4165=CARTESIAN_POINT('',(218.335116089409,470.280134186141,22.4575664610379));
#4166=CARTESIAN_POINT('Origin',(218.335116089409,470.280134186141,18.7675664610379));
#4167=CARTESIAN_POINT('',(190.113564134568,470.280134186141,22.4575664610402));
#4168=CARTESIAN_POINT('',(190.113564134568,470.280134186141,22.4575664610403));
#4169=CARTESIAN_POINT('',(190.113564134568,470.280134186142,2.4575664610402));
#4170=CARTESIAN_POINT('Origin',(190.113564134568,470.280134186141,12.4575664610402));
#4171=CARTESIAN_POINT('',(190.113564134568,470.280134186142,2.4575664610402));
#4172=CARTESIAN_POINT('',(184.698798701782,470.280134186141,13.8859625223309));
#4173=CARTESIAN_POINT('',(188.685168073298,470.280134186141,17.8723318938313));
#4174=CARTESIAN_POINT('Origin',(190.113564134568,470.280134186141,12.4575664610402));
#4175=CARTESIAN_POINT('',(188.872566973464,470.280134186141,18.4476545804937));
#4176=CARTESIAN_POINT('Origin',(188.593342612217,470.280134186141,18.2204239573711));
#4177=CARTESIAN_POINT('',(191.354561295676,470.280134186141,18.4476545804893));
#4178=CARTESIAN_POINT('Origin',(190.113564134572,470.280134186141,19.4575684610409));
#4179=CARTESIAN_POINT('',(191.541960195847,470.280134186141,17.8723318938289));
#4180=CARTESIAN_POINT('Origin',(191.633785656926,470.280134186141,18.2204239573638));
#4181=CARTESIAN_POINT('',(195.528329567359,470.280134186141,13.8859625223115));
#4182=CARTESIAN_POINT('Origin',(190.113564134568,470.280134186141,12.4575664610402));
#4183=CARTESIAN_POINT('',(196.103652254021,470.280134186141,13.6985636221447));
#4184=CARTESIAN_POINT('Origin',(195.876421630896,470.280134186141,13.9777879833946));
#4185=CARTESIAN_POINT('',(196.103652254021,470.280134186141,11.2165692999358));
#4186=CARTESIAN_POINT('Origin',(197.113566134572,470.280134186141,12.4575664610402));
#4187=CARTESIAN_POINT('',(195.528329567359,470.280134186141,11.0291703997689));
#4188=CARTESIAN_POINT('Origin',(195.876421630896,470.280134186141,10.9373449386859));
#4189=CARTESIAN_POINT('',(191.541960195847,470.280134186142,7.04280102825145));
#4190=CARTESIAN_POINT('Origin',(190.113564134568,470.280134186141,12.4575664610402));
#4191=CARTESIAN_POINT('',(191.354561295676,470.280134186142,6.46747834159115));
#4192=CARTESIAN_POINT('Origin',(191.633785656926,470.280134186142,6.69470896471658));
#4193=CARTESIAN_POINT('',(188.872566973467,470.280134186142,6.46747834159115));
#4194=CARTESIAN_POINT('Origin',(190.113564134572,470.280134186142,5.45756446103958));
#4195=CARTESIAN_POINT('',(188.685168073297,470.280134186142,7.04280102824967));
#4196=CARTESIAN_POINT('Origin',(188.593342612217,470.280134186142,6.69470896471658));
#4197=CARTESIAN_POINT('',(184.698798701777,470.280134186141,11.0291703997689));
#4198=CARTESIAN_POINT('Origin',(190.113564134568,470.280134186141,12.4575664610402));
#4199=CARTESIAN_POINT('',(184.12347601512,470.280134186141,11.2165692999334));
#4200=CARTESIAN_POINT('Origin',(184.350706638241,470.280134186141,10.9373449386859));
#4201=CARTESIAN_POINT('',(184.12347601512,470.280134186141,13.698563622147));
#4202=CARTESIAN_POINT('Origin',(183.113562134571,470.280134186141,12.4575664610402));
#4203=CARTESIAN_POINT('Origin',(184.350706638241,470.280134186141,13.9777879833946));
#4204=CARTESIAN_POINT('Ctrl Pts',(210.803564134565,470.270134186142,0.));
#4205=CARTESIAN_POINT('Ctrl Pts',(210.803564134565,470.568665229833,0.));
#4206=CARTESIAN_POINT('Ctrl Pts',(210.73797820242,471.054638922264,0.167516082748487));
#4207=CARTESIAN_POINT('Ctrl Pts',(210.51896873725,471.42781920348,0.524177910172118));
#4208=CARTESIAN_POINT('Ctrl Pts',(210.354888427805,471.519478602174,0.660738801213227));
#4209=CARTESIAN_POINT('Ctrl Pts',(210.268846493797,471.543548671431,0.698510290480189));
#4210=CARTESIAN_POINT('Ctrl Pts',(210.803564134565,470.270134186142,0.5));
#4211=CARTESIAN_POINT('Ctrl Pts',(210.803564134565,470.469813890862,0.5));
#4212=CARTESIAN_POINT('Ctrl Pts',(210.73797820242,470.794869142091,0.61204718117614));
#4213=CARTESIAN_POINT('Ctrl Pts',(210.51896873725,471.044479793766,0.850609065744264));
#4214=CARTESIAN_POINT('Ctrl Pts',(210.354888427805,471.10578839819,0.941951118692291));
#4215=CARTESIAN_POINT('Ctrl Pts',(210.268846493797,471.121888245838,0.967215492307941));
#4216=CARTESIAN_POINT('Ctrl Pts',(210.803564134565,470.270134186142,1.));
#4217=CARTESIAN_POINT('Ctrl Pts',(210.803564134565,470.370962551892,1.));
#4218=CARTESIAN_POINT('Ctrl Pts',(210.73797820242,470.535099361918,1.05657827960379));
#4219=CARTESIAN_POINT('Ctrl Pts',(210.51896873725,470.661140384051,1.17704022131641));
#4220=CARTESIAN_POINT('Ctrl Pts',(210.354888427805,470.692098194206,1.22316343617135));
#4221=CARTESIAN_POINT('Ctrl Pts',(210.268846493797,470.700227820246,1.23592069413569));
#4222=CARTESIAN_POINT('Ctrl Pts',(210.803564134565,470.270134186142,1.5));
#4223=CARTESIAN_POINT('Ctrl Pts',(210.803564134565,470.272111212921,1.5));
#4224=CARTESIAN_POINT('Ctrl Pts',(210.73797820242,470.275329581745,1.50110937803145));
#4225=CARTESIAN_POINT('Ctrl Pts',(210.51896873725,470.277800974336,1.50347137688856));
#4226=CARTESIAN_POINT('Ctrl Pts',(210.354888427805,470.278407990222,1.50437575365042));
#4227=CARTESIAN_POINT('Ctrl Pts',(210.268846493797,470.278567394654,1.50462589596345));
#4228=CARTESIAN_POINT('',(210.803564134565,470.270134186142,1.5));
#4229=CARTESIAN_POINT('',(210.803564134565,470.270134186142,0.));
#4230=CARTESIAN_POINT('',(210.268846493796,470.278567394654,1.50462589596337));
#4231=CARTESIAN_POINT('Ctrl Pts',(210.268846493797,470.278567394654,1.5046258959635));
#4232=CARTESIAN_POINT('Ctrl Pts',(210.345505427836,470.278425373511,1.50440303203919));
#4233=CARTESIAN_POINT('Ctrl Pts',(210.418987792413,470.278172531923,1.50401793938275));
#4234=CARTESIAN_POINT('Ctrl Pts',(210.485240315072,470.277763646724,1.50353537849253));
#4235=CARTESIAN_POINT('Ctrl Pts',(210.493349577559,470.277713599461,1.50347631337671));
#4236=CARTESIAN_POINT('Ctrl Pts',(210.501350525526,470.277661185813,1.50341584515915));
#4237=CARTESIAN_POINT('Ctrl Pts',(210.509235726341,470.277606306086,1.50335414237683));
#4238=CARTESIAN_POINT('Ctrl Pts',(210.572446044239,470.277166372455,1.50285951293403));
#4239=CARTESIAN_POINT('Ctrl Pts',(210.628218283847,470.276567725872,1.50228745321849));
#4240=CARTESIAN_POINT('Ctrl Pts',(210.673343788682,470.275797288559,1.50175807843928));
#4241=CARTESIAN_POINT('Ctrl Pts',(210.679837963613,470.275686412134,1.5016818941964));
#4242=CARTESIAN_POINT('Ctrl Pts',(210.686111632623,470.275572064064,1.50160662010357));
#4243=CARTESIAN_POINT('Ctrl Pts',(210.692155231948,470.275454302517,1.50153262958438));
#4244=CARTESIAN_POINT('Ctrl Pts',(210.728183903613,470.274752271844,1.50109153811234));
#4245=CARTESIAN_POINT('Ctrl Pts',(210.756036129267,470.273919991538,1.50069581639529));
#4246=CARTESIAN_POINT('Ctrl Pts',(210.774881187005,470.273011344268,1.50042284169909));
#4247=CARTESIAN_POINT('Ctrl Pts',(210.784303715874,470.272557020632,1.500286354351));
#4248=CARTESIAN_POINT('Ctrl Pts',(210.791474452764,470.272084437781,1.5001799114807));
#4249=CARTESIAN_POINT('Ctrl Pts',(210.796289557437,470.271602256566,1.50010834850843));
#4250=CARTESIAN_POINT('Ctrl Pts',(210.80110466211,470.27112007535,1.50003678553617));
#4251=CARTESIAN_POINT('Ctrl Pts',(210.803564134565,470.270628442837,1.5));
#4252=CARTESIAN_POINT('Ctrl Pts',(210.803564134565,470.270134186142,1.5));
#4253=CARTESIAN_POINT('',(210.268846493796,471.543548671424,0.698510290469159));
#4254=CARTESIAN_POINT('Origin',(213.918176145853,451.570134186141,0.));
#4255=CARTESIAN_POINT('',(229.625660455545,469.782230507124,0.));
#4256=CARTESIAN_POINT('Origin',(230.113564134565,470.270134186142,0.));
#4257=CARTESIAN_POINT('',(231.543805535698,467.864085426961,0.));
#4258=CARTESIAN_POINT('',(229.625660455545,469.782230507124,0.));
#4259=CARTESIAN_POINT('',(231.766011619319,466.975926925162,0.));
#4260=CARTESIAN_POINT('Origin',(230.914480500443,467.234760391703,0.));
#4261=CARTESIAN_POINT('',(232.722788157138,465.685102805534,0.));
#4262=CARTESIAN_POINT('Origin',(232.722788157138,466.685102805534,0.));
#4263=CARTESIAN_POINT('',(232.722788157138,437.455165566756,0.));
#4264=CARTESIAN_POINT('',(232.722788157138,225.785067093071,0.));
#4265=CARTESIAN_POINT('',(231.76601161932,436.164341447121,0.));
#4266=CARTESIAN_POINT('Origin',(232.722788157138,436.455165566756,0.));
#4267=CARTESIAN_POINT('',(231.543805535703,435.276182945327,0.));
#4268=CARTESIAN_POINT('Origin',(230.914480500443,435.905507980579,0.));
#4269=CARTESIAN_POINT('',(229.625660455542,433.358037865156,0.));
#4270=CARTESIAN_POINT('',(229.625660455542,433.358037865156,0.));
#4271=CARTESIAN_POINT('',(229.423564134565,432.870134186141,0.));
#4272=CARTESIAN_POINT('Origin',(230.113564134565,432.870134186141,0.));
#4273=CARTESIAN_POINT('',(210.803564134565,432.870134186141,0.));
#4274=CARTESIAN_POINT('',(106.959088072927,432.870134186141,0.));
#4275=CARTESIAN_POINT('',(210.601467813585,433.358037865157,0.));
#4276=CARTESIAN_POINT('Origin',(210.113564134565,432.870134186141,0.));
#4277=CARTESIAN_POINT('',(207.999329651781,435.960176026963,0.));
#4278=CARTESIAN_POINT('',(210.601467813584,433.358037865156,0.));
#4279=CARTESIAN_POINT('',(207.504340111986,437.155186487168,0.));
#4280=CARTESIAN_POINT('Origin',(209.194340111986,437.155186487168,0.));
#4281=CARTESIAN_POINT('',(207.504340111986,465.985081885115,0.));
#4282=CARTESIAN_POINT('',(207.504340111984,465.985081885115,0.));
#4283=CARTESIAN_POINT('',(207.999329651778,467.180092345317,0.));
#4284=CARTESIAN_POINT('Origin',(209.194340111986,465.985081885115,0.));
#4285=CARTESIAN_POINT('',(210.601467813585,469.782230507124,0.));
#4286=CARTESIAN_POINT('',(210.601467813585,469.782230507124,0.));
#4287=CARTESIAN_POINT('Origin',(210.113564134565,470.270134186142,0.));
#4288=CARTESIAN_POINT('',(210.513564134568,463.470134186139,0.));
#4289=CARTESIAN_POINT('Origin',(213.113564134568,463.470134186139,0.));
#4290=CARTESIAN_POINT('',(212.420685708721,450.233702369701,0.));
#4291=CARTESIAN_POINT('',(212.420685708717,452.906566002586,0.));
#4292=CARTESIAN_POINT('Origin',(213.757117525161,451.570134186145,0.));
#4293=CARTESIAN_POINT('',(218.777132318119,443.877255760295,0.));
#4294=CARTESIAN_POINT('',(212.420685708719,450.233702369699,0.));
#4295=CARTESIAN_POINT('',(221.449995951004,443.877255760289,0.));
#4296=CARTESIAN_POINT('Origin',(220.113564134565,445.213687576735,0.));
#4297=CARTESIAN_POINT('',(227.806442560421,450.233702369699,0.));
#4298=CARTESIAN_POINT('',(221.449995951004,443.877255760289,0.));
#4299=CARTESIAN_POINT('',(227.806442560425,452.906566002588,0.));
#4300=CARTESIAN_POINT('Origin',(226.470010743982,451.570134186145,0.));
#4301=CARTESIAN_POINT('',(221.449995951003,459.263012611994,0.));
#4302=CARTESIAN_POINT('',(221.449995951003,459.263012611994,0.));
#4303=CARTESIAN_POINT('',(218.777132318124,459.263012611992,0.));
#4304=CARTESIAN_POINT('Origin',(220.113564134565,457.926580795548,0.));
#4305=CARTESIAN_POINT('',(212.420685708719,452.906566002583,0.));
#4306=CARTESIAN_POINT('',(224.513564134568,463.470134186139,0.));
#4307=CARTESIAN_POINT('Origin',(227.113564134568,463.470134186139,0.));
#4308=CARTESIAN_POINT('',(210.513564134568,439.670134186136,0.));
#4309=CARTESIAN_POINT('Origin',(213.113564134568,439.670134186136,0.));
#4310=CARTESIAN_POINT('',(224.513564134568,439.670134186136,0.));
#4311=CARTESIAN_POINT('Origin',(227.113564134568,439.670134186136,0.));
#4312=CARTESIAN_POINT('Origin',(230.113564134565,470.270134186142,0.));
#4313=CARTESIAN_POINT('',(229.423564134565,470.270134186142,1.5));
#4314=CARTESIAN_POINT('',(229.423564134565,470.270134186142,0.));
#4315=CARTESIAN_POINT('',(229.625660455545,469.782230507124,1.5));
#4316=CARTESIAN_POINT('Origin',(230.113564134565,470.270134186142,1.5));
#4317=CARTESIAN_POINT('',(229.625660455545,469.782230507124,0.));
#4318=CARTESIAN_POINT('Origin',(220.113564134565,470.270134186142,1.51));
#4319=CARTESIAN_POINT('',(210.006307545352,470.279884746623,1.5077804121322));
#4320=CARTESIAN_POINT('Origin',(208.221952169317,470.212195170235,1.49834431490416));
#4321=CARTESIAN_POINT('Ctrl Pts',(210.006307545352,470.279884746623,1.5077804121322));
#4322=CARTESIAN_POINT('Ctrl Pts',(210.024522120541,470.279723548815,1.50707227662844));
#4323=CARTESIAN_POINT('Ctrl Pts',(210.091335060469,470.279187134404,1.50560056207826));
#4324=CARTESIAN_POINT('Ctrl Pts',(210.201348543254,470.278692443824,1.5048221269485));
#4325=CARTESIAN_POINT('Ctrl Pts',(210.268846493796,470.278567394654,1.50462589596337));
#4326=CARTESIAN_POINT('',(106.959088072927,470.270134186142,1.5));
#4327=CARTESIAN_POINT('',(229.873139205532,470.278356442277,1.5043083830023));
#4328=CARTESIAN_POINT('Ctrl Pts',(229.423564134565,470.270134186142,1.5));
#4329=CARTESIAN_POINT('Ctrl Pts',(229.423564134565,470.270150875577,1.5));
#4330=CARTESIAN_POINT('Ctrl Pts',(229.423566887419,470.270167171316,1.50000004178212));
#4331=CARTESIAN_POINT('Ctrl Pts',(229.423577564048,470.27020033933,1.50000020388109));
#4332=CARTESIAN_POINT('Ctrl Pts',(229.423585768307,470.270216660884,1.50000032845955));
#4333=CARTESIAN_POINT('Ctrl Pts',(229.423619693984,470.27026937481,1.50000084370135));
#4334=CARTESIAN_POINT('Ctrl Pts',(229.423654825425,470.27030238095,1.50000137741199));
#4335=CARTESIAN_POINT('Ctrl Pts',(229.423783045912,470.270402048965,1.50000332579948));
#4336=CARTESIAN_POINT('Ctrl Pts',(229.423918773145,470.270467446442,1.50000538916602));
#4337=CARTESIAN_POINT('Ctrl Pts',(229.424470131999,470.270681861532,1.50001377347165));
#4338=CARTESIAN_POINT('Ctrl Pts',(229.425052498188,470.270814098932,1.5000226329275));
#4339=CARTESIAN_POINT('Ctrl Pts',(229.427197565873,470.271230836978,1.50005524956839));
#4340=CARTESIAN_POINT('Ctrl Pts',(229.429542373308,470.271493052315,1.50009083669243));
#4341=CARTESIAN_POINT('Ctrl Pts',(229.438420665342,470.27234667836,1.50022490276674));
#4342=CARTESIAN_POINT('Ctrl Pts',(229.44840955984,470.272858284415,1.5003727676752));
#4343=CARTESIAN_POINT('Ctrl Pts',(229.482090393236,470.274387177909,1.50085920476737));
#4344=CARTESIAN_POINT('Ctrl Pts',(229.520199172923,470.275198974932,1.50135816764412));
#4345=CARTESIAN_POINT('Ctrl Pts',(229.644458682514,470.277422891189,1.50284010375724));
#4346=CARTESIAN_POINT('Ctrl Pts',(229.768714377629,470.278026678955,1.50383199843513));
#4347=CARTESIAN_POINT('Ctrl Pts',(229.873139205532,470.278356442277,1.50430838300224));
#4348=CARTESIAN_POINT('Ctrl Pts',(229.873139205532,470.278356442283,1.50430838301082));
#4349=CARTESIAN_POINT('Ctrl Pts',(229.939607209963,470.278566341695,1.50461160909451));
#4350=CARTESIAN_POINT('Ctrl Pts',(229.998615581441,470.278931997443,1.50517115065829));
#4351=CARTESIAN_POINT('Ctrl Pts',(230.04086909673,470.279275778331,1.50594644695976));
#4352=CARTESIAN_POINT('Ctrl Pts',(230.043135488263,470.27929421803,1.50598803225654));
#4353=CARTESIAN_POINT('Ctrl Pts',(230.045353675595,470.279312588298,1.50603022683875));
#4354=CARTESIAN_POINT('Ctrl Pts',(230.047522224306,470.279330860756,1.50607301947499));
#4355=CARTESIAN_POINT('Ctrl Pts',(230.068821189041,470.279510328449,1.50649331847288));
#4356=CARTESIAN_POINT('Ctrl Pts',(230.085331666605,470.27968010427,1.50697366028117));
#4357=CARTESIAN_POINT('Ctrl Pts',(230.096517402985,470.279813758984,1.50748885094266));
#4358=CARTESIAN_POINT('Ctrl Pts',(230.102110271175,470.279880586342,1.50774644627341));
#4359=CARTESIAN_POINT('Ctrl Pts',(230.106371954069,470.279938573043,1.50801260400409));
#4360=CARTESIAN_POINT('Ctrl Pts',(230.109235419916,470.27998580776,1.50828373909671));
#4361=CARTESIAN_POINT('Ctrl Pts',(230.112098885763,470.280033042477,1.50855487418933));
#4362=CARTESIAN_POINT('Ctrl Pts',(230.113564134562,470.280069530268,1.50883095734252));
#4363=CARTESIAN_POINT('Ctrl Pts',(230.113564134562,470.280094380535,1.50910863719699));
#4364=CARTESIAN_POINT('Origin',(230.113564134565,431.360134186141,10.6791184158811));
#4365=CARTESIAN_POINT('',(230.113564134565,431.360134186141,1.5100000000001));
#4366=CARTESIAN_POINT('',(230.113564134565,432.860134186141,1.51000000000003));
#4367=CARTESIAN_POINT('',(230.113564134565,431.360134186141,1.5100000000001));
#4368=CARTESIAN_POINT('',(230.113564134566,432.860134186141,10.6791184158811));
#4369=CARTESIAN_POINT('',(230.113564134565,432.860134186141,1.45019932438487));
#4370=CARTESIAN_POINT('',(230.113564134566,431.360134186141,10.6791184158811));
#4371=CARTESIAN_POINT('',(230.113564134566,431.360134186141,10.6791184158811));
#4372=CARTESIAN_POINT('',(230.113564134565,431.360134186141,1.45019932438494));
#4373=CARTESIAN_POINT('Origin',(220.113564134565,432.870134186141,1.51));
#4374=CARTESIAN_POINT('',(209.941751356289,431.360134186141,1.5100000000001));
#4375=CARTESIAN_POINT('',(106.959088072927,431.360134186141,1.5100000000001));
#4376=CARTESIAN_POINT('',(210.006307545352,431.397799553479,1.17484223197761));
#4377=CARTESIAN_POINT('Ctrl Pts',(209.941751356289,431.360134186141,1.51000000000008));
#4378=CARTESIAN_POINT('Ctrl Pts',(209.965668834812,431.360134186141,1.39977368558919));
#4379=CARTESIAN_POINT('Ctrl Pts',(209.987221068073,431.372293526716,1.28688918457242));
#4380=CARTESIAN_POINT('Ctrl Pts',(210.006307545352,431.397799553479,1.17484223197795));
#4381=CARTESIAN_POINT('',(210.268846493794,431.596719700851,0.698510290481637));
#4382=CARTESIAN_POINT('Ctrl Pts',(210.268846493794,431.596719700849,0.698510290483954));
#4383=CARTESIAN_POINT('Ctrl Pts',(210.201348543253,431.5778372761,0.72814116923843));
#4384=CARTESIAN_POINT('Ctrl Pts',(210.091335003413,431.503139029995,0.845684655360447));
#4385=CARTESIAN_POINT('Ctrl Pts',(210.024522120541,431.422140422433,1.06791377091087));
#4386=CARTESIAN_POINT('Ctrl Pts',(210.006307545352,431.397799553479,1.17484223197761));
#4387=CARTESIAN_POINT('Ctrl Pts',(210.268846493794,431.596719700851,0.698510290481735));
#4388=CARTESIAN_POINT('Ctrl Pts',(210.290472118268,431.602769428636,0.689016872509135));
#4389=CARTESIAN_POINT('Ctrl Pts',(210.311841429692,431.610225455988,0.677542429098895));
#4390=CARTESIAN_POINT('Ctrl Pts',(210.33286612641,431.619179815664,0.664297237213158));
#4391=CARTESIAN_POINT('Ctrl Pts',(210.35469045769,431.62847473747,0.650548289512131));
#4392=CARTESIAN_POINT('Ctrl Pts',(210.376143462236,431.639385028071,0.634891018038238));
#4393=CARTESIAN_POINT('Ctrl Pts',(210.397126375184,431.652049616458,0.617604358425675));
#4394=CARTESIAN_POINT('Ctrl Pts',(210.41882162071,431.665144145099,0.599730847461086));
#4395=CARTESIAN_POINT('Ctrl Pts',(210.440014315319,431.680115368617,0.580115105747725));
#4396=CARTESIAN_POINT('Ctrl Pts',(210.460595290133,431.697137764561,0.559116518725465));
#4397=CARTESIAN_POINT('Ctrl Pts',(210.481057488566,431.714061921301,0.538239118196727));
#4398=CARTESIAN_POINT('Ctrl Pts',(210.500915007512,431.733015089593,0.515994881856739));
#4399=CARTESIAN_POINT('Ctrl Pts',(210.520060557306,431.754168294729,0.492788060823119));
#4400=CARTESIAN_POINT('Ctrl Pts',(210.538562459178,431.774610357239,0.470361422250188));
#4401=CARTESIAN_POINT('Ctrl Pts',(210.556399458131,431.797108167855,0.447036283245362));
#4402=CARTESIAN_POINT('Ctrl Pts',(210.573474725603,431.821796799318,0.423220940857959));
#4403=CARTESIAN_POINT('Ctrl Pts',(210.586033825313,431.839955635469,0.405704421121764));
#4404=CARTESIAN_POINT('Ctrl Pts',(210.59818084279,431.85929933838,0.38792364548681));
#4405=CARTESIAN_POINT('Ctrl Pts',(210.609877250033,431.87986943347,0.37005451024284));
#4406=CARTESIAN_POINT('Ctrl Pts',(210.624301418664,431.90523675475,0.348018049413175));
#4407=CARTESIAN_POINT('Ctrl Pts',(210.638040292126,431.932489561156,0.325832835928493));
#4408=CARTESIAN_POINT('Ctrl Pts',(210.651048733873,431.961611600108,0.303896061415694));
#4409=CARTESIAN_POINT('Ctrl Pts',(210.663504197905,431.989495686135,0.282891800393552));
#4410=CARTESIAN_POINT('Ctrl Pts',(210.675290010365,432.019093518825,0.262116013481745));
#4411=CARTESIAN_POINT('Ctrl Pts',(210.686366549632,432.050343055403,0.241913842846655));
#4412=CARTESIAN_POINT('Ctrl Pts',(210.697233922551,432.081002484253,0.222093164494171));
#4413=CARTESIAN_POINT('Ctrl Pts',(210.707418556797,432.113251834935,0.202825308214335));
#4414=CARTESIAN_POINT('Ctrl Pts',(210.716883033242,432.146984827961,0.184422765070041));
#4415=CARTESIAN_POINT('Ctrl Pts',(210.726154453713,432.180029736882,0.166395596190417));
#4416=CARTESIAN_POINT('Ctrl Pts',(210.734734796236,432.214498186983,0.149199385093511));
#4417=CARTESIAN_POINT('Ctrl Pts',(210.742588885113,432.250245484016,0.133105669639869));
#4418=CARTESIAN_POINT('Ctrl Pts',(210.746314783658,432.267203632068,0.125470977452995));
#4419=CARTESIAN_POINT('Ctrl Pts',(210.749877242053,432.284448937583,0.118084016128743));
#4420=CARTESIAN_POINT('Ctrl Pts',(210.753272504965,432.301962568814,0.110971403700485));
#4421=CARTESIAN_POINT('Ctrl Pts',(210.76014502549,432.337412780826,0.096574411139558));
#4422=CARTESIAN_POINT('Ctrl Pts',(210.766332515669,432.374017866555,0.0832823478692764));
#4423=CARTESIAN_POINT('Ctrl Pts',(210.771823005464,432.411585046021,0.0713086897824129));
#4424=CARTESIAN_POINT('Ctrl Pts',(210.777250187254,432.448719057718,0.0594730937711558));
#4425=CARTESIAN_POINT('Ctrl Pts',(210.781996349497,432.486792660242,0.0489260743104019));
#4426=CARTESIAN_POINT('Ctrl Pts',(210.786049931459,432.525587981479,0.0398340526140817));
#4427=CARTESIAN_POINT('Ctrl Pts',(210.790084268528,432.564199117016,0.0307851964421078));
#4428=CARTESIAN_POINT('Ctrl Pts',(210.793432585931,432.603524630725,0.0231778874221928));
#4429=CARTESIAN_POINT('Ctrl Pts',(210.796083486813,432.643325200062,0.0171310560420905));
#4430=CARTESIAN_POINT('Ctrl Pts',(210.79872477593,432.682981458585,0.0111061495534623));
#4431=CARTESIAN_POINT('Ctrl Pts',(210.800673696811,432.723108765625,0.00663064111390354));
#4432=CARTESIAN_POINT('Ctrl Pts',(210.801918976119,432.763454003654,0.00377314501948733));
#4433=CARTESIAN_POINT('Ctrl Pts',(210.803013198956,432.798905231799,0.00126227258656646));
#4434=CARTESIAN_POINT('Ctrl Pts',(210.803564134565,432.834524223412,0.));
#4435=CARTESIAN_POINT('Ctrl Pts',(210.803564134565,432.870134186141,0.));
#4436=CARTESIAN_POINT('',(229.873139205456,431.628573509477,0.650565833724043));
#4437=CARTESIAN_POINT('Ctrl Pts',(229.423564134565,432.870134186141,0.));
#4438=CARTESIAN_POINT('Ctrl Pts',(229.423564134565,432.829481754003,0.));
#4439=CARTESIAN_POINT('Ctrl Pts',(229.42428046154,432.788822950054,0.00164601459868643));
#4440=CARTESIAN_POINT('Ctrl Pts',(229.425702692848,432.748417686487,0.00491359260941815));
#4441=CARTESIAN_POINT('Ctrl Pts',(229.42713017178,432.707863339115,0.00819322704339837));
#4442=CARTESIAN_POINT('Ctrl Pts',(229.429268773824,432.66756501736,0.0131063107430491));
#4443=CARTESIAN_POINT('Ctrl Pts',(229.432107960542,432.627776524841,0.0195763139264351));
#4444=CARTESIAN_POINT('Ctrl Pts',(229.434956583953,432.587855786066,0.0260678216616082));
#4445=CARTESIAN_POINT('Ctrl Pts',(229.438510456887,432.548448841255,0.0341263743584473));
#4446=CARTESIAN_POINT('Ctrl Pts',(229.442758935476,432.509794062635,0.0436252200095943));
#4447=CARTESIAN_POINT('Ctrl Pts',(229.447042972901,432.470815751983,0.0532035689189229));
#4448=CARTESIAN_POINT('Ctrl Pts',(229.452033292036,432.432602774503,0.0642460889319793));
#4449=CARTESIAN_POINT('Ctrl Pts',(229.457718979507,432.395372966034,0.0765768999063525));
#4450=CARTESIAN_POINT('Ctrl Pts',(229.459957704967,432.380713820503,0.0814321264039134));
#4451=CARTESIAN_POINT('Ctrl Pts',(229.462304238335,432.366206772191,0.0864866158716308));
#4452=CARTESIAN_POINT('Ctrl Pts',(229.4647579134,432.351863750066,0.0917278980777985));
#4453=CARTESIAN_POINT('Ctrl Pts',(229.471139096698,432.31456237526,0.105358709655434));
#4454=CARTESIAN_POINT('Ctrl Pts',(229.478244927598,432.278332242292,0.12027028204277));
#4455=CARTESIAN_POINT('Ctrl Pts',(229.486045251388,432.243353175104,0.136229435384871));
#4456=CARTESIAN_POINT('Ctrl Pts',(229.494006124901,432.20765415324,0.152517067099438));
#4457=CARTESIAN_POINT('Ctrl Pts',(229.502690374238,432.1732585832,0.169895315207747));
#4458=CARTESIAN_POINT('Ctrl Pts',(229.512065944125,432.140313925475,0.188083819933522));
#4459=CARTESIAN_POINT('Ctrl Pts',(229.521587639741,432.106855799007,0.206555806999108));
#4460=CARTESIAN_POINT('Ctrl Pts',(229.531822373405,432.074894317483,0.225862849544265));
#4461=CARTESIAN_POINT('Ctrl Pts',(229.542736567542,432.044535425189,0.245687267360494));
#4462=CARTESIAN_POINT('Ctrl Pts',(229.553969055435,432.013291167862,0.266089830326348));
#4463=CARTESIAN_POINT('Ctrl Pts',(229.565921212279,431.98374439,0.287039672696188));
#4464=CARTESIAN_POINT('Ctrl Pts',(229.578556436298,431.955957747112,0.308175787261463));
#4465=CARTESIAN_POINT('Ctrl Pts',(229.580128011621,431.952501630925,0.310804707494121));
#4466=CARTESIAN_POINT('Ctrl Pts',(229.581710154338,431.949072679729,0.313436499443557));
#4467=CARTESIAN_POINT('Ctrl Pts',(229.58330279402,431.945670959389,0.316070461717765));
#4468=CARTESIAN_POINT('Ctrl Pts',(229.597428609972,431.915499618063,0.339432221908208));
#4469=CARTESIAN_POINT('Ctrl Pts',(229.612380189545,431.887437166164,0.362992117733602));
#4470=CARTESIAN_POINT('Ctrl Pts',(229.628076090377,431.861439548266,0.38632961793894));
#4471=CARTESIAN_POINT('Ctrl Pts',(229.644310522615,431.834549943733,0.410467835283867));
#4472=CARTESIAN_POINT('Ctrl Pts',(229.661341228128,431.8098685596,0.434367381936341));
#4473=CARTESIAN_POINT('Ctrl Pts',(229.679078090701,431.787298157765,0.457590319480387));
#4474=CARTESIAN_POINT('Ctrl Pts',(229.69764067855,431.76367700915,0.481894382076721));
#4475=CARTESIAN_POINT('Ctrl Pts',(229.716976703047,431.742366854788,0.505456575218846));
#4476=CARTESIAN_POINT('Ctrl Pts',(229.736982867101,431.72321828145,0.527816764769786));
#4477=CARTESIAN_POINT('Ctrl Pts',(229.757135612322,431.703929410341,0.550340782962477));
#4478=CARTESIAN_POINT('Ctrl Pts',(229.777968353031,431.686832295573,0.57164477557883));
#4479=CARTESIAN_POINT('Ctrl Pts',(229.799375504946,431.671757944928,0.591308330017409));
#4480=CARTESIAN_POINT('Ctrl Pts',(229.820188578988,431.65710192822,0.610426193808451));
#4481=CARTESIAN_POINT('Ctrl Pts',(229.841544625212,431.644356463289,0.62799353704748));
#4482=CARTESIAN_POINT('Ctrl Pts',(229.863346607976,431.633374022103,0.643671946287778));
#4483=CARTESIAN_POINT('Ctrl Pts',(229.866600978659,431.631734678792,0.646012254319812));
#4484=CARTESIAN_POINT('Ctrl Pts',(229.869865285422,431.630134656048,0.648310561282174));
#4485=CARTESIAN_POINT('Ctrl Pts',(229.873139205532,431.628573509738,0.650565833347089));
#4486=CARTESIAN_POINT('',(230.113564134562,431.366144832744,1.3754042167497));
#4487=CARTESIAN_POINT('Ctrl Pts',(230.113564134562,431.366144832744,1.3754042167497));
#4488=CARTESIAN_POINT('Ctrl Pts',(230.113564134562,431.381154394215,1.20768558465593));
#4489=CARTESIAN_POINT('Ctrl Pts',(230.066676513814,431.474837323285,0.880859793394533));
#4490=CARTESIAN_POINT('Ctrl Pts',(229.943172416688,431.595178653353,0.698808900903176));
#4491=CARTESIAN_POINT('Ctrl Pts',(229.873139205305,431.628573508955,0.650565834478098));
#4492=CARTESIAN_POINT('Origin',(230.113564134565,432.870134186141,1.51));
#4493=CARTESIAN_POINT('Ctrl Pts',(209.941751356289,431.360134186141,1.51000000000008));
#4494=CARTESIAN_POINT('Ctrl Pts',(209.965668834812,431.360134186141,1.39977368558919));
#4495=CARTESIAN_POINT('Ctrl Pts',(209.987221068073,431.372293526716,1.28688918457242));
#4496=CARTESIAN_POINT('Ctrl Pts',(210.006307545352,431.397799553479,1.17484223197795));
#4497=CARTESIAN_POINT('Ctrl Pts',(209.941751356289,431.860134186141,1.51000000000005));
#4498=CARTESIAN_POINT('Ctrl Pts',(209.965668834812,431.860134186141,1.43627246519542));
#4499=CARTESIAN_POINT('Ctrl Pts',(209.987221068073,431.868267255002,1.36076693802526));
#4500=CARTESIAN_POINT('Ctrl Pts',(210.006307545352,431.885327577539,1.28582162536273));
#4501=CARTESIAN_POINT('Ctrl Pts',(209.941751356289,432.360134186141,1.51000000000003));
#4502=CARTESIAN_POINT('Ctrl Pts',(209.965668834812,432.360134186141,1.47277124480165));
#4503=CARTESIAN_POINT('Ctrl Pts',(209.987221068073,432.364240983289,1.4346446914781));
#4504=CARTESIAN_POINT('Ctrl Pts',(210.006307545352,432.372855601599,1.39680101874752));
#4505=CARTESIAN_POINT('Ctrl Pts',(209.941751356289,432.860134186141,1.51));
#4506=CARTESIAN_POINT('Ctrl Pts',(209.965668834812,432.860134186141,1.50927002440788));
#4507=CARTESIAN_POINT('Ctrl Pts',(209.987221068073,432.860214711575,1.50852244493094));
#4508=CARTESIAN_POINT('Ctrl Pts',(210.006307545352,432.860383625659,1.5077804121323));
#4509=CARTESIAN_POINT('',(209.941751356289,432.860134186141,1.51000000000003));
#4510=CARTESIAN_POINT('',(209.941751356289,432.200134186141,1.51000000000006));
#4511=CARTESIAN_POINT('',(209.941751356289,431.360134186141,1.5100000000001));
#4512=CARTESIAN_POINT('',(210.006307545352,432.860383625659,1.5077804121323));
#4513=CARTESIAN_POINT('Origin',(208.221963485025,432.928072765181,1.49834438203501));
#4514=CARTESIAN_POINT('',(210.006307545352,431.397799553479,1.17484223197764));
#4515=CARTESIAN_POINT('',(209.941751356289,431.360134186141,1.5100000000001));
#4516=CARTESIAN_POINT('Origin',(213.918176145853,432.86013418614,-18.2424335389533));
#4517=CARTESIAN_POINT('',(106.959088072927,432.860134186141,1.51000000000003));
#4518=CARTESIAN_POINT('',(208.423564134566,432.860134186141,2.45756646102329));
#4519=CARTESIAN_POINT('Origin',(208.423564134566,432.860134186141,0.767566461023321));
#4520=CARTESIAN_POINT('',(190.113564134568,432.860134186141,2.4575664610402));
#4521=CARTESIAN_POINT('',(190.113564134568,432.860134186141,2.4575664610402));
#4522=CARTESIAN_POINT('',(190.113564134568,432.860134186142,22.4575664610402));
#4523=CARTESIAN_POINT('Origin',(190.113564134568,432.860134186141,12.4575664610402));
#4524=CARTESIAN_POINT('',(218.335116089409,432.860134186142,22.4575664610379));
#4525=CARTESIAN_POINT('',(190.113564134568,432.860134186142,22.4575664610402));
#4526=CARTESIAN_POINT('',(220.944340111987,432.860134186142,21.3767904836163));
#4527=CARTESIAN_POINT('Origin',(218.335116089409,432.860134186142,18.7675664610379));
#4528=CARTESIAN_POINT('',(229.032788157144,432.860134186141,13.2883424384595));
#4529=CARTESIAN_POINT('',(229.032788157143,432.860134186141,13.2883424384582));
#4530=CARTESIAN_POINT('Origin',(226.423564134566,432.860134186141,10.6791184158811));
#4531=CARTESIAN_POINT('',(188.685168073296,432.860134186141,17.8723318938337));
#4532=CARTESIAN_POINT('',(184.698798701777,432.860134186141,13.8859625223115));
#4533=CARTESIAN_POINT('Origin',(190.113564134568,432.860134186141,12.4575664610402));
#4534=CARTESIAN_POINT('',(184.12347601512,432.860134186141,13.6985636221464));
#4535=CARTESIAN_POINT('Origin',(184.350706638241,432.860134186141,13.9777879833947));
#4536=CARTESIAN_POINT('',(184.123476015121,432.860134186141,11.2165692999341));
#4537=CARTESIAN_POINT('Origin',(183.113562134571,432.860134186141,12.4575664610402));
#4538=CARTESIAN_POINT('',(184.698798701782,432.860134186141,11.0291703997495));
#4539=CARTESIAN_POINT('Origin',(184.350706638241,432.860134186141,10.9373449386859));
#4540=CARTESIAN_POINT('',(188.685168073298,432.860134186141,7.04280102825351));
#4541=CARTESIAN_POINT('Origin',(190.113564134568,432.860134186141,12.4575664610402));
#4542=CARTESIAN_POINT('',(188.872566973467,432.860134186141,6.46747834159108));
#4543=CARTESIAN_POINT('Origin',(188.593342612217,432.860134186141,6.69470896471658));
#4544=CARTESIAN_POINT('',(191.354561295676,432.860134186141,6.46747834159115));
#4545=CARTESIAN_POINT('Origin',(190.113564134572,432.860134186141,5.45756446103951));
#4546=CARTESIAN_POINT('',(191.541960195839,432.860134186141,7.04280102825166));
#4547=CARTESIAN_POINT('Origin',(191.633785656926,432.860134186141,6.69470896471658));
#4548=CARTESIAN_POINT('',(195.528329567354,432.860134186141,11.0291703997495));
#4549=CARTESIAN_POINT('Origin',(190.113564134568,432.860134186141,12.4575664610402));
#4550=CARTESIAN_POINT('',(196.103652254022,432.860134186141,11.2165692999346));
#4551=CARTESIAN_POINT('Origin',(195.876421630896,432.860134186141,10.9373449386859));
#4552=CARTESIAN_POINT('',(196.103652254022,432.860134186141,13.6985636221458));
#4553=CARTESIAN_POINT('Origin',(197.113566134572,432.860134186141,12.4575664610402));
#4554=CARTESIAN_POINT('',(195.528329567354,432.860134186141,13.885962522331));
#4555=CARTESIAN_POINT('Origin',(195.876421630896,432.860134186141,13.9777879833947));
#4556=CARTESIAN_POINT('',(191.541960195839,432.860134186141,17.8723318938288));
#4557=CARTESIAN_POINT('Origin',(190.113564134568,432.860134186141,12.4575664610402));
#4558=CARTESIAN_POINT('',(191.354561295676,432.860134186142,18.4476545804893));
#4559=CARTESIAN_POINT('Origin',(191.633785656926,432.860134186142,18.220423957364));
#4560=CARTESIAN_POINT('',(188.872566973464,432.860134186142,18.4476545804937));
#4561=CARTESIAN_POINT('Origin',(190.113564134572,432.860134186142,19.4575684610409));
#4562=CARTESIAN_POINT('Origin',(188.593342612217,432.860134186142,18.2204239573711));
#4563=CARTESIAN_POINT('Ctrl Pts',(229.423564158242,432.870539042668,-0.000179559797161495));
#4564=CARTESIAN_POINT('Ctrl Pts',(229.423543094766,432.690454387938,-0.00023017407766874));
#4565=CARTESIAN_POINT('Ctrl Pts',(229.451598889072,432.331125366538,0.0671917194410842));
#4566=CARTESIAN_POINT('Ctrl Pts',(229.592674679829,431.84766252313,0.354965193972289));
#4567=CARTESIAN_POINT('Ctrl Pts',(229.760991799297,431.681857584919,0.573261951022095));
#4568=CARTESIAN_POINT('Ctrl Pts',(229.873307574183,431.62834556781,0.650579552562346));
#4569=CARTESIAN_POINT('Ctrl Pts',(229.423564158242,432.870404983893,0.499881096523975));
#4570=CARTESIAN_POINT('Ctrl Pts',(229.423543094766,432.749951152567,0.4998472419792));
#4571=CARTESIAN_POINT('Ctrl Pts',(229.451598889072,432.509605536228,0.544943951645027));
#4572=CARTESIAN_POINT('Ctrl Pts',(229.592674679829,432.186230111043,0.737427967639779));
#4573=CARTESIAN_POINT('Ctrl Pts',(229.760991799297,432.075327601939,0.883440856923713));
#4574=CARTESIAN_POINT('Ctrl Pts',(229.873307574183,432.039534838295,0.935156542241111));
#4575=CARTESIAN_POINT('Ctrl Pts',(229.423564158242,432.870270925119,0.999941752845111));
#4576=CARTESIAN_POINT('Ctrl Pts',(229.423543094766,432.809447917196,0.999924658036068));
#4577=CARTESIAN_POINT('Ctrl Pts',(229.451598889073,432.688085705917,1.02269618384897));
#4578=CARTESIAN_POINT('Ctrl Pts',(229.592674679829,432.524797698954,1.11989074130727));
#4579=CARTESIAN_POINT('Ctrl Pts',(229.760991799297,432.46879761896,1.19361976282533));
#4580=CARTESIAN_POINT('Ctrl Pts',(229.873307574183,432.450724108781,1.21973353191987));
#4581=CARTESIAN_POINT('Ctrl Pts',(229.423564158242,432.870136866345,1.50000240916625));
#4582=CARTESIAN_POINT('Ctrl Pts',(229.423543094766,432.868944681825,1.50000207409294));
#4583=CARTESIAN_POINT('Ctrl Pts',(229.451598889073,432.866565875605,1.50044841605291));
#4584=CARTESIAN_POINT('Ctrl Pts',(229.592674679829,432.863365286867,1.50235351497477));
#4585=CARTESIAN_POINT('Ctrl Pts',(229.760991799297,432.862267635982,1.50379866872696));
#4586=CARTESIAN_POINT('Ctrl Pts',(229.873307574183,432.861913379266,1.50431052159864));
#4587=CARTESIAN_POINT('',(229.423564134565,432.870134186141,1.5));
#4588=CARTESIAN_POINT('',(229.423564134565,432.870134186141,0.));
#4589=CARTESIAN_POINT('',(229.873139205532,432.861911930006,1.5043083830023));
#4590=CARTESIAN_POINT('Ctrl Pts',(229.873139205532,432.861911930006,1.50430838300216));
#4591=CARTESIAN_POINT('Ctrl Pts',(229.768714502575,432.862241692934,1.50383199900506));
#4592=CARTESIAN_POINT('Ctrl Pts',(229.644458573146,432.862845479193,1.50284010551697));
#4593=CARTESIAN_POINT('Ctrl Pts',(229.520199084223,432.865069395146,1.50135816897783));
#4594=CARTESIAN_POINT('Ctrl Pts',(229.482090291955,432.865881192341,1.50085920551789));
#4595=CARTESIAN_POINT('Ctrl Pts',(229.448409498688,432.867410087009,1.50037276792243));
#4596=CARTESIAN_POINT('Ctrl Pts',(229.438420623181,432.867921693143,1.50022490290567));
#4597=CARTESIAN_POINT('Ctrl Pts',(229.429542353399,432.868775319727,1.50009083672554));
#4598=CARTESIAN_POINT('Ctrl Pts',(229.427197553174,432.869037535106,1.50005524958613));
#4599=CARTESIAN_POINT('Ctrl Pts',(229.425052492572,432.8694542733,1.50002263293082));
#4600=CARTESIAN_POINT('Ctrl Pts',(229.42447012852,432.869586510712,1.50001377347347));
#4601=CARTESIAN_POINT('Ctrl Pts',(229.42391877171,432.869800925842,1.5000053891659));
#4602=CARTESIAN_POINT('Ctrl Pts',(229.423783045025,432.869866323321,1.50000332579946));
#4603=CARTESIAN_POINT('Ctrl Pts',(229.42365482503,432.869965991352,1.5000013774116));
#4604=CARTESIAN_POINT('Ctrl Pts',(229.423619693747,432.86999899749,1.50000084370119));
#4605=CARTESIAN_POINT('Ctrl Pts',(229.423585768215,432.870051711405,1.5000003284595));
#4606=CARTESIAN_POINT('Ctrl Pts',(229.423577563992,432.870068032959,1.50000020388106));
#4607=CARTESIAN_POINT('Ctrl Pts',(229.423566887406,432.87010120097,1.5000000417821));
#4608=CARTESIAN_POINT('Ctrl Pts',(229.423564134565,432.870117496709,1.5));
#4609=CARTESIAN_POINT('Ctrl Pts',(229.423564134565,432.870134186141,1.5));
#4610=CARTESIAN_POINT('',(229.873139205532,431.628573509738,0.650565833346946));
#4611=CARTESIAN_POINT('Origin',(213.918176145853,471.780134186143,-18.2424335389531));
#4612=CARTESIAN_POINT('',(190.113564134568,471.780134186142,2.45756646104027));
#4613=CARTESIAN_POINT('',(190.113564134568,471.780134186142,2.45756646104027));
#4614=CARTESIAN_POINT('',(190.113564134568,471.780134186141,22.4575664610403));
#4615=CARTESIAN_POINT('Origin',(190.113564134568,471.780134186141,12.4575664610403));
#4616=CARTESIAN_POINT('',(218.335116089409,471.780134186141,22.4575664610379));
#4617=CARTESIAN_POINT('',(190.113564134568,471.780134186141,22.4575664610403));
#4618=CARTESIAN_POINT('',(220.944340111994,471.780134186141,21.3767904836096));
#4619=CARTESIAN_POINT('Origin',(218.335116089409,471.780134186141,18.7675664610379));
#4620=CARTESIAN_POINT('',(229.032788157151,471.780134186141,13.2883424384529));
#4621=CARTESIAN_POINT('',(229.032788157151,471.780134186141,13.2883424384529));
#4622=CARTESIAN_POINT('',(230.113564134566,471.780134186141,10.6791184158812));
#4623=CARTESIAN_POINT('Origin',(226.423564134566,471.780134186141,10.6791184158812));
#4624=CARTESIAN_POINT('',(230.113564134562,471.780134186142,1.45019932438494));
#4625=CARTESIAN_POINT('',(184.698798701782,471.780134186141,13.885962522331));
#4626=CARTESIAN_POINT('',(188.685168073298,471.780134186141,17.8723318938314));
#4627=CARTESIAN_POINT('Origin',(190.113564134568,471.780134186141,12.4575664610403));
#4628=CARTESIAN_POINT('',(184.12347601512,471.780134186141,13.6985636221471));
#4629=CARTESIAN_POINT('Origin',(184.350706638241,471.780134186141,13.9777879833947));
#4630=CARTESIAN_POINT('',(184.12347601512,471.780134186141,11.2165692999334));
#4631=CARTESIAN_POINT('Origin',(183.113562134571,471.780134186141,12.4575664610403));
#4632=CARTESIAN_POINT('',(184.698798701777,471.780134186141,11.029170399769));
#4633=CARTESIAN_POINT('Origin',(184.350706638241,471.780134186141,10.937344938686));
#4634=CARTESIAN_POINT('',(188.685168073297,471.780134186142,7.04280102824974));
#4635=CARTESIAN_POINT('Origin',(190.113564134568,471.780134186141,12.4575664610403));
#4636=CARTESIAN_POINT('',(188.872566973467,471.780134186142,6.46747834159122));
#4637=CARTESIAN_POINT('Origin',(188.593342612217,471.780134186142,6.69470896471665));
#4638=CARTESIAN_POINT('',(191.354561295676,471.780134186142,6.46747834159122));
#4639=CARTESIAN_POINT('Origin',(190.113564134572,471.780134186142,5.45756446103965));
#4640=CARTESIAN_POINT('',(191.541960195847,471.780134186142,7.04280102825152));
#4641=CARTESIAN_POINT('Origin',(191.633785656926,471.780134186142,6.69470896471665));
#4642=CARTESIAN_POINT('',(195.528329567359,471.780134186141,11.029170399769));
#4643=CARTESIAN_POINT('Origin',(190.113564134568,471.780134186141,12.4575664610403));
#4644=CARTESIAN_POINT('',(196.103652254021,471.780134186141,11.2165692999358));
#4645=CARTESIAN_POINT('Origin',(195.876421630896,471.780134186141,10.937344938686));
#4646=CARTESIAN_POINT('',(196.103652254021,471.780134186141,13.6985636221448));
#4647=CARTESIAN_POINT('Origin',(197.113566134572,471.780134186141,12.4575664610403));
#4648=CARTESIAN_POINT('',(195.528329567359,471.780134186141,13.8859625223115));
#4649=CARTESIAN_POINT('Origin',(195.876421630896,471.780134186141,13.9777879833947));
#4650=CARTESIAN_POINT('',(191.541960195847,471.780134186141,17.872331893829));
#4651=CARTESIAN_POINT('Origin',(190.113564134568,471.780134186141,12.4575664610403));
#4652=CARTESIAN_POINT('',(191.354561295676,471.780134186141,18.4476545804893));
#4653=CARTESIAN_POINT('Origin',(191.633785656926,471.780134186141,18.2204239573639));
#4654=CARTESIAN_POINT('',(188.872566973464,471.780134186141,18.4476545804938));
#4655=CARTESIAN_POINT('Origin',(190.113564134572,471.780134186141,19.457568461041));
#4656=CARTESIAN_POINT('Origin',(188.593342612217,471.780134186141,18.2204239573712));
#4657=CARTESIAN_POINT('Origin',(210.113564134565,432.870134186141,0.));
#4658=CARTESIAN_POINT('',(210.803564134565,432.870134186141,1.5));
#4659=CARTESIAN_POINT('',(210.803564134565,432.870134186141,0.));
#4660=CARTESIAN_POINT('',(210.601467813585,433.358037865157,1.5));
#4661=CARTESIAN_POINT('Origin',(210.113564134565,432.870134186141,1.5));
#4662=CARTESIAN_POINT('',(210.601467813585,433.358037865157,0.));
#4663=CARTESIAN_POINT('Origin',(220.113564134565,432.870134186141,1.51));
#4664=CARTESIAN_POINT('',(230.113564134562,432.860173991747,1.50910863719702));
#4665=CARTESIAN_POINT('Origin',(230.113564134565,432.870134186141,1.51));
#4666=CARTESIAN_POINT('Ctrl Pts',(230.113564134562,432.860173991748,1.50910863719707));
#4667=CARTESIAN_POINT('Ctrl Pts',(230.113564134562,432.860198842015,1.50883095734262));
#4668=CARTESIAN_POINT('Ctrl Pts',(230.112098896414,432.860235329828,1.50855487398078));
#4669=CARTESIAN_POINT('Ctrl Pts',(230.109235446543,432.860282564609,1.50828373860272));
#4670=CARTESIAN_POINT('Ctrl Pts',(230.101512197393,432.86040996547,1.50755243679095));
#4671=CARTESIAN_POINT('Ctrl Pts',(230.083617240803,432.860619264912,1.50685817485026));
#4672=CARTESIAN_POINT('Ctrl Pts',(230.056865733305,432.860856712313,1.50626791219587));
#4673=CARTESIAN_POINT('Ctrl Pts',(230.053862302489,432.86088337088,1.50620164254562));
#4674=CARTESIAN_POINT('Ctrl Pts',(230.050747235905,432.860910339651,1.50613665378976));
#4675=CARTESIAN_POINT('Ctrl Pts',(230.04752239472,432.860937512569,1.50607301703515));
#4676=CARTESIAN_POINT('Ctrl Pts',(230.007093142528,432.861278174532,1.50527521452245));
#4677=CARTESIAN_POINT('Ctrl Pts',(229.949410413707,432.861651148328,1.50468980194652));
#4678=CARTESIAN_POINT('Ctrl Pts',(229.883769634225,432.861876867875,1.50435937104025));
#4679=CARTESIAN_POINT('Ctrl Pts',(229.880248578153,432.861888975763,1.50434164630026));
#4680=CARTESIAN_POINT('Ctrl Pts',(229.876704623683,432.861900670761,1.50432464839733));
#4681=CARTESIAN_POINT('Ctrl Pts',(229.873139205532,432.86191193,1.50430838301079));
#4682=CARTESIAN_POINT('',(106.959088072927,432.870134186141,1.5));
#4683=CARTESIAN_POINT('',(210.268846493794,432.861700977629,1.50462589596345));
#4684=CARTESIAN_POINT('Ctrl Pts',(210.803564134565,432.870134186141,1.5));
#4685=CARTESIAN_POINT('Ctrl Pts',(210.803564134565,432.870115631384,1.5));
#4686=CARTESIAN_POINT('Ctrl Pts',(210.803560723947,432.870097603767,1.50000005164477));
#4687=CARTESIAN_POINT('Ctrl Pts',(210.803547599086,432.870060825096,1.50000025046276));
#4688=CARTESIAN_POINT('Ctrl Pts',(210.803537461727,432.87004275794,1.50000040405099));
#4689=CARTESIAN_POINT('Ctrl Pts',(210.803496908665,432.869985916258,1.50000101859286));
#4690=CARTESIAN_POINT('Ctrl Pts',(210.803455143756,432.869949696583,1.50000165171121));
#4691=CARTESIAN_POINT('Ctrl Pts',(210.803295233381,432.869837553715,1.50000407660848));
#4692=CARTESIAN_POINT('Ctrl Pts',(210.803128259251,432.869765197718,1.50000661000707));
#4693=CARTESIAN_POINT('Ctrl Pts',(210.802452595858,432.869528112751,1.50001686505629));
#4694=CARTESIAN_POINT('Ctrl Pts',(210.801737567717,432.869381873254,1.50002772322683));
#4695=CARTESIAN_POINT('Ctrl Pts',(210.799110817715,432.868921495779,1.50006758904381));
#4696=CARTESIAN_POINT('Ctrl Pts',(210.796237468941,432.868632293304,1.50011109862547));
#4697=CARTESIAN_POINT('Ctrl Pts',(210.785391399289,432.867693724607,1.5002743187716));
#4698=CARTESIAN_POINT('Ctrl Pts',(210.773243560078,432.867138340364,1.5004526898764));
#4699=CARTESIAN_POINT('Ctrl Pts',(210.732258781396,432.865486517279,1.50103620546802));
#4700=CARTESIAN_POINT('Ctrl Pts',(210.686242231211,432.86464807902,1.50161553063307));
#4701=CARTESIAN_POINT('Ctrl Pts',(210.53803382742,432.862412988856,1.50328276437663));
#4702=CARTESIAN_POINT('Ctrl Pts',(210.393255692207,432.861931462658,1.50426421180332));
#4703=CARTESIAN_POINT('Ctrl Pts',(210.268846493794,432.861700977629,1.50462589596358));
#4704=CARTESIAN_POINT('Ctrl Pts',(210.268846493794,432.861700977629,1.50462589596347));
#4705=CARTESIAN_POINT('Ctrl Pts',(210.201348543253,432.861575928458,1.5048221269486));
#4706=CARTESIAN_POINT('Ctrl Pts',(210.091335003413,432.861081238087,1.50560056063153));
#4707=CARTESIAN_POINT('Ctrl Pts',(210.024522120541,432.860544823467,1.50707227662855));
#4708=CARTESIAN_POINT('Ctrl Pts',(210.006307545352,432.860383625659,1.5077804121323));
#4709=CARTESIAN_POINT('Origin',(232.732788157138,437.345165566762,-0.624899674081441));
#4710=CARTESIAN_POINT('',(234.232788157138,436.701738499555,-0.0100000000000122));
#4711=CARTESIAN_POINT('',(233.392788157138,436.701738499555,-0.0100000000000087));
#4712=CARTESIAN_POINT('',(232.732788157138,436.701738499555,-0.0100000000000122));
#4713=CARTESIAN_POINT('',(232.732788157138,436.701738499555,-0.0100000000000122));
#4714=CARTESIAN_POINT('',(232.732788157138,436.701738499555,-0.0100000000000122));
#4715=CARTESIAN_POINT('',(232.732788157138,436.455165566762,-0.624899674081441));
#4716=CARTESIAN_POINT('Origin',(232.732788157138,437.345165566762,-0.624899674081441));
#4717=CARTESIAN_POINT('',(234.232788157138,436.455165566762,-0.624899674081441));
#4718=CARTESIAN_POINT('',(232.732788157138,436.455165566762,-0.624899674081441));
#4719=CARTESIAN_POINT('Origin',(234.232788157138,437.345165566762,-0.624899674081441));
#4720=CARTESIAN_POINT('Origin',(232.722788157138,451.570134186145,-0.01));
#4721=CARTESIAN_POINT('',(234.232788157138,466.438529872738,-0.0100000000000122));
#4722=CARTESIAN_POINT('',(234.232788157138,225.785067093071,-0.0100000000000122));
#4723=CARTESIAN_POINT('',(234.18430213942,466.214203334694,0.36957460346449));
#4724=CARTESIAN_POINT('Ctrl Pts',(234.232788157138,466.438529872738,-0.00999999999999187));
#4725=CARTESIAN_POINT('Ctrl Pts',(234.232788157138,466.407662430858,0.0627943793148923));
#4726=CARTESIAN_POINT('Ctrl Pts',(234.227464577982,466.372866839816,0.133767107425118));
#4727=CARTESIAN_POINT('Ctrl Pts',(234.20953264508,466.297867680136,0.260792408533366));
#4728=CARTESIAN_POINT('Ctrl Pts',(234.197697514773,466.258499367816,0.317997051166521));
#4729=CARTESIAN_POINT('Ctrl Pts',(234.184302142176,466.214203332097,0.369574592851498));
#4730=CARTESIAN_POINT('',(232.722788157138,465.685102805534,1.5));
#4731=CARTESIAN_POINT('Ctrl Pts',(234.184302136451,466.21420333749,0.369574614894663));
#4732=CARTESIAN_POINT('Ctrl Pts',(234.143123519462,466.078033225767,0.528128748963053));
#4733=CARTESIAN_POINT('Ctrl Pts',(233.996601683842,465.879921578937,0.908247455457428));
#4734=CARTESIAN_POINT('Ctrl Pts',(233.416945917439,465.717204231577,1.38879005976153));
#4735=CARTESIAN_POINT('Ctrl Pts',(232.954704890289,465.685102805534,1.5));
#4736=CARTESIAN_POINT('Ctrl Pts',(232.722788157138,465.685102805534,1.5));
#4737=CARTESIAN_POINT('',(232.722788157138,437.455165566756,1.5));
#4738=CARTESIAN_POINT('',(232.722788157138,225.785067093071,1.5));
#4739=CARTESIAN_POINT('',(234.184302139418,436.926065037603,0.369574603472532));
#4740=CARTESIAN_POINT('Ctrl Pts',(232.722788157138,437.455165566756,1.5));
#4741=CARTESIAN_POINT('Ctrl Pts',(232.954704890287,437.455165566756,1.5));
#4742=CARTESIAN_POINT('Ctrl Pts',(233.416946359909,437.423064218858,1.38878949079882));
#4743=CARTESIAN_POINT('Ctrl Pts',(233.99660255145,437.260346929013,0.908245898784302));
#4744=CARTESIAN_POINT('Ctrl Pts',(234.143123519459,437.062235146528,0.528128748971474));
#4745=CARTESIAN_POINT('Ctrl Pts',(234.184302136449,436.926065034806,0.369574614902072));
#4746=CARTESIAN_POINT('Ctrl Pts',(234.184302142174,436.9260650402,0.369574592859372));
#4747=CARTESIAN_POINT('Ctrl Pts',(234.197697514772,436.88176900448,0.317997051173473));
#4748=CARTESIAN_POINT('Ctrl Pts',(234.209532645079,436.842400692159,0.260792408538778));
#4749=CARTESIAN_POINT('Ctrl Pts',(234.227464577982,436.767401532478,0.133767107428346));
#4750=CARTESIAN_POINT('Ctrl Pts',(234.232788157138,436.732605941436,0.0627943793166157));
#4751=CARTESIAN_POINT('Ctrl Pts',(234.232788157138,436.701738499555,-0.00999999999999186));
#4752=CARTESIAN_POINT('Ctrl Pts',(232.732788151751,466.438529872738,-0.00999999999999996));
#4753=CARTESIAN_POINT('Ctrl Pts',(232.732788151751,466.373400706588,-0.00898282531066628));
#4754=CARTESIAN_POINT('Ctrl Pts',(232.732633598644,466.29736474441,-0.00812753163442134));
#4755=CARTESIAN_POINT('Ctrl Pts',(232.732467052487,466.214203332097,-0.00748626232857136));
#4756=CARTESIAN_POINT('Ctrl Pts',(233.232788153547,466.438529872738,-0.00999999999999726));
#4757=CARTESIAN_POINT('Ctrl Pts',(233.232788153547,466.373400706588,0.0418759367347928));
#4758=CARTESIAN_POINT('Ctrl Pts',(233.224905940838,466.29736474441,0.0854959374129591));
#4759=CARTESIAN_POINT('Ctrl Pts',(233.216412082383,466.214203332097,0.118200689398115));
#4760=CARTESIAN_POINT('Ctrl Pts',(233.732788155342,466.438529872738,-0.00999999999999456));
#4761=CARTESIAN_POINT('Ctrl Pts',(233.732788155342,466.373400706588,0.0927346987802518));
#4762=CARTESIAN_POINT('Ctrl Pts',(233.717178283034,466.29736474441,0.179119406460339));
#4763=CARTESIAN_POINT('Ctrl Pts',(233.70035711228,466.214203332097,0.243887641124802));
#4764=CARTESIAN_POINT('Ctrl Pts',(234.232788157138,466.438529872738,-0.00999999999999187));
#4765=CARTESIAN_POINT('Ctrl Pts',(234.232788157138,466.373400706588,0.143593460825711));
#4766=CARTESIAN_POINT('Ctrl Pts',(234.20945062523,466.29736474441,0.27274287550772));
#4767=CARTESIAN_POINT('Ctrl Pts',(234.184302142176,466.214203332097,0.369574592851489));
#4768=CARTESIAN_POINT('',(232.732788157138,466.438529872738,-0.0100000000000122));
#4769=CARTESIAN_POINT('',(233.392788157138,466.438529872738,-0.0100000000000087));
#4770=CARTESIAN_POINT('',(232.732788157138,466.438529872738,-0.0100000000000122));
#4771=CARTESIAN_POINT('',(232.732467057701,466.214203332097,-0.00748626097449346));
#4772=CARTESIAN_POINT('Ctrl Pts',(232.732788157138,466.438529872738,-0.00999999999999663));
#4773=CARTESIAN_POINT('Ctrl Pts',(232.732788157138,466.404002221555,-0.00946075354775104));
#4774=CARTESIAN_POINT('Ctrl Pts',(232.732745843242,466.36848712518,-0.00899963155406867));
#4775=CARTESIAN_POINT('Ctrl Pts',(232.732628664849,466.294207122459,-0.00816462800248162));
#4776=CARTESIAN_POINT('Ctrl Pts',(232.732546648989,466.253945590313,-0.00779271926278331));
#4777=CARTESIAN_POINT('Ctrl Pts',(232.732467057701,466.214203332097,-0.00748626097444393));
#4778=CARTESIAN_POINT('',(232.732467057701,466.214203332097,-0.00748626097450966));
#4779=CARTESIAN_POINT('',(232.732788157138,466.438529872738,-0.0100000000000122));
#4780=CARTESIAN_POINT('Origin',(232.732788157138,451.570134186141,19.8470455502372));
#4781=CARTESIAN_POINT('',(232.732788157138,225.785067093071,-0.0100000000000122));
#4782=CARTESIAN_POINT('',(232.732788157138,466.685102805535,-0.624899674085029));
#4783=CARTESIAN_POINT('Origin',(232.732788157138,465.795102805535,-0.624899674085029));
#4784=CARTESIAN_POINT('',(232.732788157138,466.685102805535,-11.5139477711327));
#4785=CARTESIAN_POINT('',(232.732788157138,466.685102805534,-0.624899674085029));
#4786=CARTESIAN_POINT('',(232.732788157138,466.424427840789,-12.1432728063904));
#4787=CARTESIAN_POINT('Origin',(232.732788157138,465.795102805535,-11.5139477711327));
#4788=CARTESIAN_POINT('',(232.732788157138,464.870809150879,-13.6968914963041));
#4789=CARTESIAN_POINT('',(232.732788157138,464.870809150877,-13.6968914963018));
#4790=CARTESIAN_POINT('',(232.732788157138,464.241484115623,-13.957566461048));
#4791=CARTESIAN_POINT('Origin',(232.732788157138,464.241484115623,-13.0675664610481));
#4792=CARTESIAN_POINT('',(232.732788157138,463.610134186139,-13.957566461048));
#4793=CARTESIAN_POINT('',(232.732788157138,463.610134186139,-13.957566461048));
#4794=CARTESIAN_POINT('',(232.732788157138,462.720134186139,-13.0675664610481));
#4795=CARTESIAN_POINT('Origin',(232.732788157138,463.610134186139,-13.0675664610481));
#4796=CARTESIAN_POINT('',(232.732788157138,462.720134186139,-7.9375664610652));
#4797=CARTESIAN_POINT('',(232.732788157138,462.720134186139,-7.9375664610652));
#4798=CARTESIAN_POINT('',(232.732788157138,458.720134186139,-7.93756646105063));
#4799=CARTESIAN_POINT('Origin',(232.732788157138,460.720134186139,-7.93756646105063));
#4800=CARTESIAN_POINT('',(232.732788157138,458.720134186139,-10.6475664610497));
#4801=CARTESIAN_POINT('',(232.732788157138,458.720134186139,-7.93756646105063));
#4802=CARTESIAN_POINT('',(232.732788157138,459.610134186139,-11.5375664610497));
#4803=CARTESIAN_POINT('Origin',(232.732788157138,459.610134186139,-10.6475664610497));
#4804=CARTESIAN_POINT('',(232.732788157138,460.44013418614,-11.5375664610487));
#4805=CARTESIAN_POINT('',(232.732788157138,460.44013418614,-11.5375664610487));
#4806=CARTESIAN_POINT('',(232.732788157138,461.33013418614,-12.4275664610487));
#4807=CARTESIAN_POINT('Origin',(232.732788157138,460.44013418614,-12.4275664610487));
#4808=CARTESIAN_POINT('',(232.732788157138,461.33013418614,-13.0675664610481));
#4809=CARTESIAN_POINT('',(232.732788157138,461.33013418614,-13.0675664610481));
#4810=CARTESIAN_POINT('',(232.732788157138,460.44013418614,-13.957566461048));
#4811=CARTESIAN_POINT('Origin',(232.732788157138,460.44013418614,-13.0675664610481));
#4812=CARTESIAN_POINT('',(232.732788157138,453.000134186138,-13.957566461048));
#4813=CARTESIAN_POINT('',(232.732788157138,453.000134186138,-13.9575664610474));
#4814=CARTESIAN_POINT('',(232.732788157138,452.110134186138,-13.0675664610481));
#4815=CARTESIAN_POINT('Origin',(232.732788157138,453.000134186138,-13.0675664610481));
#4816=CARTESIAN_POINT('',(232.732788157138,452.110134186138,-12.4275664610487));
#4817=CARTESIAN_POINT('',(232.732788157138,452.110134186139,-13.0675664610481));
#4818=CARTESIAN_POINT('',(232.732788157138,453.000134186138,-11.5375664610487));
#4819=CARTESIAN_POINT('Origin',(232.732788157138,453.000134186138,-12.4275664610487));
#4820=CARTESIAN_POINT('',(232.732788157138,453.83013418614,-11.5375664610497));
#4821=CARTESIAN_POINT('',(232.732788157138,453.000134186138,-11.5375664610487));
#4822=CARTESIAN_POINT('',(232.732788157138,454.72013418614,-10.6475664610497));
#4823=CARTESIAN_POINT('Origin',(232.732788157138,453.83013418614,-10.6475664610497));
#4824=CARTESIAN_POINT('',(232.732788157138,454.72013418614,-6.82756646105002));
#4825=CARTESIAN_POINT('',(232.732788157138,454.720134186139,-6.82756646105002));
#4826=CARTESIAN_POINT('',(232.732788157138,453.83013418614,-5.93756646105003));
#4827=CARTESIAN_POINT('Origin',(232.732788157138,453.83013418614,-6.82756646105002));
#4828=CARTESIAN_POINT('',(232.732788157138,449.31013418615,-5.93756646105003));
#4829=CARTESIAN_POINT('',(232.732788157138,449.31013418615,-5.93756646105064));
#4830=CARTESIAN_POINT('',(232.732788157138,448.42013418615,-6.82756646105002));
#4831=CARTESIAN_POINT('Origin',(232.732788157138,449.31013418615,-6.82756646105002));
#4832=CARTESIAN_POINT('',(232.732788157138,448.42013418615,-10.6475664610497));
#4833=CARTESIAN_POINT('',(232.732788157138,448.420134186151,-6.82756646105002));
#4834=CARTESIAN_POINT('',(232.732788157138,449.31013418615,-11.5375664610497));
#4835=CARTESIAN_POINT('Origin',(232.732788157138,449.31013418615,-10.6475664610497));
#4836=CARTESIAN_POINT('',(232.732788157138,450.140134186152,-11.5375664610487));
#4837=CARTESIAN_POINT('',(232.732788157138,450.140134186152,-11.5375664610487));
#4838=CARTESIAN_POINT('',(232.732788157138,451.030134186152,-12.4275664610487));
#4839=CARTESIAN_POINT('Origin',(232.732788157138,450.140134186152,-12.4275664610487));
#4840=CARTESIAN_POINT('',(232.732788157138,451.030134186152,-13.0675664610481));
#4841=CARTESIAN_POINT('',(232.732788157138,451.030134186152,-13.0675664610481));
#4842=CARTESIAN_POINT('',(232.732788157138,450.140134186152,-13.957566461048));
#4843=CARTESIAN_POINT('Origin',(232.732788157138,450.140134186152,-13.0675664610481));
#4844=CARTESIAN_POINT('',(232.732788157138,442.70013418615,-13.957566461048));
#4845=CARTESIAN_POINT('',(232.732788157138,450.140134186152,-13.957566461048));
#4846=CARTESIAN_POINT('',(232.732788157138,441.81013418615,-13.0675664610481));
#4847=CARTESIAN_POINT('Origin',(232.732788157138,442.70013418615,-13.0675664610481));
#4848=CARTESIAN_POINT('',(232.732788157138,441.81013418615,-12.4275664610487));
#4849=CARTESIAN_POINT('',(232.732788157138,441.81013418615,-13.0675664610481));
#4850=CARTESIAN_POINT('',(232.732788157138,442.70013418615,-11.5375664610487));
#4851=CARTESIAN_POINT('Origin',(232.732788157138,442.70013418615,-12.4275664610487));
#4852=CARTESIAN_POINT('',(232.732788157138,443.530134186151,-11.5375664610497));
#4853=CARTESIAN_POINT('',(232.732788157138,442.70013418615,-11.5375664610491));
#4854=CARTESIAN_POINT('',(232.732788157138,444.420134186151,-10.6475664610497));
#4855=CARTESIAN_POINT('Origin',(232.732788157138,443.530134186151,-10.6475664610497));
#4856=CARTESIAN_POINT('',(232.732788157138,444.420134186151,-7.93756646105063));
#4857=CARTESIAN_POINT('',(232.732788157138,444.420134186151,-7.93756646105063));
#4858=CARTESIAN_POINT('',(232.732788157138,440.420134186151,-7.93756646105063));
#4859=CARTESIAN_POINT('Origin',(232.732788157138,442.420134186151,-7.93756646105063));
#4860=CARTESIAN_POINT('',(232.732788157138,440.420134186151,-13.0675664610481));
#4861=CARTESIAN_POINT('',(232.732788157138,440.420134186151,-7.93756646105063));
#4862=CARTESIAN_POINT('',(232.732788157138,439.530134186151,-13.957566461048));
#4863=CARTESIAN_POINT('Origin',(232.732788157138,439.530134186151,-13.0675664610481));
#4864=CARTESIAN_POINT('',(232.732788157138,438.898784256667,-13.957566461048));
#4865=CARTESIAN_POINT('',(232.732788157138,439.530134186151,-13.957566461048));
#4866=CARTESIAN_POINT('',(232.732788157138,438.269459221409,-13.6968914963025));
#4867=CARTESIAN_POINT('Origin',(232.732788157138,438.898784256667,-13.0675664610481));
#4868=CARTESIAN_POINT('',(232.732788157138,436.715840531497,-12.1432728063872));
#4869=CARTESIAN_POINT('',(232.732788157138,438.269459221409,-13.6968914963025));
#4870=CARTESIAN_POINT('',(232.732788157138,436.455165566755,-11.5139477711327));
#4871=CARTESIAN_POINT('Origin',(232.732788157138,437.345165566755,-11.5139477711327));
#4872=CARTESIAN_POINT('',(232.732788157138,436.455165566756,-0.624899674081441));
#4873=CARTESIAN_POINT('Origin',(234.232788157138,451.570134186141,19.8470455502372));
#4874=CARTESIAN_POINT('',(234.232788157138,436.455165566755,-11.5139477711327));
#4875=CARTESIAN_POINT('',(234.232788157138,436.455165566756,-0.624899674081441));
#4876=CARTESIAN_POINT('',(234.232788157138,436.715840531497,-12.1432728063872));
#4877=CARTESIAN_POINT('Origin',(234.232788157138,437.345165566755,-11.5139477711327));
#4878=CARTESIAN_POINT('',(234.232788157138,438.269459221409,-13.6968914963025));
#4879=CARTESIAN_POINT('',(234.232788157138,438.269459221409,-13.6968914963025));
#4880=CARTESIAN_POINT('',(234.232788157138,438.898784256667,-13.957566461048));
#4881=CARTESIAN_POINT('Origin',(234.232788157138,438.898784256667,-13.0675664610481));
#4882=CARTESIAN_POINT('',(234.232788157138,439.530134186151,-13.957566461048));
#4883=CARTESIAN_POINT('',(234.232788157138,439.530134186151,-13.957566461048));
#4884=CARTESIAN_POINT('',(234.232788157138,440.420134186151,-13.0675664610481));
#4885=CARTESIAN_POINT('Origin',(234.232788157138,439.530134186151,-13.0675664610481));
#4886=CARTESIAN_POINT('',(234.232788157138,440.420134186151,-7.93756646105063));
#4887=CARTESIAN_POINT('',(234.232788157138,440.420134186151,-7.93756646105063));
#4888=CARTESIAN_POINT('',(234.232788157138,444.420134186151,-7.93756646105063));
#4889=CARTESIAN_POINT('Origin',(234.232788157138,442.420134186151,-7.93756646105063));
#4890=CARTESIAN_POINT('',(234.232788157138,444.420134186151,-10.6475664610497));
#4891=CARTESIAN_POINT('',(234.232788157138,444.420134186151,-7.93756646105063));
#4892=CARTESIAN_POINT('',(234.232788157138,443.530134186151,-11.5375664610497));
#4893=CARTESIAN_POINT('Origin',(234.232788157138,443.530134186151,-10.6475664610497));
#4894=CARTESIAN_POINT('',(234.232788157138,442.70013418615,-11.5375664610487));
#4895=CARTESIAN_POINT('',(234.232788157138,442.70013418615,-11.5375664610491));
#4896=CARTESIAN_POINT('',(234.232788157138,441.81013418615,-12.4275664610487));
#4897=CARTESIAN_POINT('Origin',(234.232788157138,442.70013418615,-12.4275664610487));
#4898=CARTESIAN_POINT('',(234.232788157138,441.81013418615,-13.0675664610481));
#4899=CARTESIAN_POINT('',(234.232788157138,441.81013418615,-13.0675664610481));
#4900=CARTESIAN_POINT('',(234.232788157138,442.70013418615,-13.957566461048));
#4901=CARTESIAN_POINT('Origin',(234.232788157138,442.70013418615,-13.0675664610481));
#4902=CARTESIAN_POINT('',(234.232788157138,450.140134186152,-13.957566461048));
#4903=CARTESIAN_POINT('',(234.232788157138,450.140134186152,-13.957566461048));
#4904=CARTESIAN_POINT('',(234.232788157138,451.030134186152,-13.0675664610481));
#4905=CARTESIAN_POINT('Origin',(234.232788157138,450.140134186152,-13.0675664610481));
#4906=CARTESIAN_POINT('',(234.232788157138,451.030134186152,-12.4275664610487));
#4907=CARTESIAN_POINT('',(234.232788157138,451.030134186152,-13.0675664610481));
#4908=CARTESIAN_POINT('',(234.232788157138,450.140134186152,-11.5375664610487));
#4909=CARTESIAN_POINT('Origin',(234.232788157138,450.140134186152,-12.4275664610487));
#4910=CARTESIAN_POINT('',(234.232788157138,449.31013418615,-11.5375664610497));
#4911=CARTESIAN_POINT('',(234.232788157138,450.140134186152,-11.5375664610487));
#4912=CARTESIAN_POINT('',(234.232788157138,448.42013418615,-10.6475664610497));
#4913=CARTESIAN_POINT('Origin',(234.232788157138,449.31013418615,-10.6475664610497));
#4914=CARTESIAN_POINT('',(234.232788157138,448.42013418615,-6.82756646105002));
#4915=CARTESIAN_POINT('',(234.232788157138,448.420134186151,-6.82756646105002));
#4916=CARTESIAN_POINT('',(234.232788157138,449.31013418615,-5.93756646105003));
#4917=CARTESIAN_POINT('Origin',(234.232788157138,449.31013418615,-6.82756646105002));
#4918=CARTESIAN_POINT('',(234.232788157138,453.83013418614,-5.93756646105003));
#4919=CARTESIAN_POINT('',(234.232788157138,449.31013418615,-5.93756646105064));
#4920=CARTESIAN_POINT('',(234.232788157138,454.72013418614,-6.82756646105002));
#4921=CARTESIAN_POINT('Origin',(234.232788157138,453.83013418614,-6.82756646105002));
#4922=CARTESIAN_POINT('',(234.232788157138,454.72013418614,-10.6475664610497));
#4923=CARTESIAN_POINT('',(234.232788157138,454.720134186139,-6.82756646105002));
#4924=CARTESIAN_POINT('',(234.232788157138,453.83013418614,-11.5375664610497));
#4925=CARTESIAN_POINT('Origin',(234.232788157138,453.83013418614,-10.6475664610497));
#4926=CARTESIAN_POINT('',(234.232788157138,453.000134186138,-11.5375664610487));
#4927=CARTESIAN_POINT('',(234.232788157138,453.000134186138,-11.5375664610487));
#4928=CARTESIAN_POINT('',(234.232788157138,452.110134186138,-12.4275664610487));
#4929=CARTESIAN_POINT('Origin',(234.232788157138,453.000134186138,-12.4275664610487));
#4930=CARTESIAN_POINT('',(234.232788157138,452.110134186138,-13.0675664610481));
#4931=CARTESIAN_POINT('',(234.232788157138,452.110134186139,-13.0675664610481));
#4932=CARTESIAN_POINT('',(234.232788157138,453.000134186138,-13.957566461048));
#4933=CARTESIAN_POINT('Origin',(234.232788157138,453.000134186138,-13.0675664610481));
#4934=CARTESIAN_POINT('',(234.232788157138,460.44013418614,-13.957566461048));
#4935=CARTESIAN_POINT('',(234.232788157138,453.000134186138,-13.9575664610474));
#4936=CARTESIAN_POINT('',(234.232788157138,461.33013418614,-13.0675664610481));
#4937=CARTESIAN_POINT('Origin',(234.232788157138,460.44013418614,-13.0675664610481));
#4938=CARTESIAN_POINT('',(234.232788157138,461.33013418614,-12.4275664610487));
#4939=CARTESIAN_POINT('',(234.232788157138,461.33013418614,-13.0675664610481));
#4940=CARTESIAN_POINT('',(234.232788157138,460.44013418614,-11.5375664610487));
#4941=CARTESIAN_POINT('Origin',(234.232788157138,460.44013418614,-12.4275664610487));
#4942=CARTESIAN_POINT('',(234.232788157138,459.610134186139,-11.5375664610497));
#4943=CARTESIAN_POINT('',(234.232788157138,460.44013418614,-11.5375664610487));
#4944=CARTESIAN_POINT('',(234.232788157138,458.720134186139,-10.6475664610497));
#4945=CARTESIAN_POINT('Origin',(234.232788157138,459.610134186139,-10.6475664610497));
#4946=CARTESIAN_POINT('',(234.232788157138,458.720134186139,-7.93756646105063));
#4947=CARTESIAN_POINT('',(234.232788157138,458.720134186139,-7.93756646105063));
#4948=CARTESIAN_POINT('',(234.232788157138,462.720134186139,-7.9375664610652));
#4949=CARTESIAN_POINT('Origin',(234.232788157138,460.720134186139,-7.93756646105063));
#4950=CARTESIAN_POINT('',(234.232788157138,462.720134186139,-13.0675664610481));
#4951=CARTESIAN_POINT('',(234.232788157138,462.720134186139,-7.9375664610652));
#4952=CARTESIAN_POINT('',(234.232788157138,463.610134186139,-13.957566461048));
#4953=CARTESIAN_POINT('Origin',(234.232788157138,463.610134186139,-13.0675664610481));
#4954=CARTESIAN_POINT('',(234.232788157138,464.241484115623,-13.957566461048));
#4955=CARTESIAN_POINT('',(234.232788157138,463.610134186139,-13.957566461048));
#4956=CARTESIAN_POINT('',(234.232788157138,464.870809150879,-13.6968914963041));
#4957=CARTESIAN_POINT('Origin',(234.232788157138,464.241484115623,-13.0675664610481));
#4958=CARTESIAN_POINT('',(234.232788157138,466.424427840789,-12.1432728063904));
#4959=CARTESIAN_POINT('',(234.232788157138,464.870809150877,-13.6968914963018));
#4960=CARTESIAN_POINT('',(234.232788157138,466.685102805535,-11.5139477711327));
#4961=CARTESIAN_POINT('Origin',(234.232788157138,465.795102805535,-11.5139477711327));
#4962=CARTESIAN_POINT('',(234.232788157138,466.685102805535,-0.624899674085029));
#4963=CARTESIAN_POINT('',(234.232788157138,466.685102805534,-0.624899674085029));
#4964=CARTESIAN_POINT('Origin',(234.232788157138,465.795102805535,-0.624899674085029));
#4965=CARTESIAN_POINT('Origin',(232.722788157138,466.685102805534,0.));
#4966=CARTESIAN_POINT('',(232.722788157138,465.685102805534,0.));
#4967=CARTESIAN_POINT('',(231.766011619319,466.975926925162,1.5));
#4968=CARTESIAN_POINT('',(231.766011614043,466.975926926766,0.));
#4969=CARTESIAN_POINT('Origin',(232.722788157138,466.685102805534,1.5));
#4970=CARTESIAN_POINT('Origin',(213.918176145853,431.36013418614,-18.2424335389532));
#4971=CARTESIAN_POINT('',(229.032788157144,431.360134186141,13.2883424384595));
#4972=CARTESIAN_POINT('Origin',(226.423564134566,431.360134186141,10.6791184158811));
#4973=CARTESIAN_POINT('',(220.944340111987,431.360134186142,21.3767904836163));
#4974=CARTESIAN_POINT('',(229.032788157143,431.360134186141,13.2883424384583));
#4975=CARTESIAN_POINT('',(218.335116089409,431.360134186142,22.457566461038));
#4976=CARTESIAN_POINT('Origin',(218.335116089409,431.360134186142,18.767566461038));
#4977=CARTESIAN_POINT('',(190.113564134568,431.360134186142,22.4575664610403));
#4978=CARTESIAN_POINT('',(190.113564134568,431.360134186142,22.4575664610403));
#4979=CARTESIAN_POINT('',(190.113564134568,431.360134186141,2.45756646104027));
#4980=CARTESIAN_POINT('Origin',(190.113564134568,431.360134186141,12.4575664610403));
#4981=CARTESIAN_POINT('',(208.423564134566,431.360134186141,2.45756646102336));
#4982=CARTESIAN_POINT('',(190.113564134568,431.360134186141,2.45756646104027));
#4983=CARTESIAN_POINT('Origin',(208.423564134566,431.360134186141,0.767566461023392));
#4984=CARTESIAN_POINT('',(188.685168073296,431.360134186141,17.8723318938338));
#4985=CARTESIAN_POINT('',(184.698798701777,431.360134186141,13.8859625223116));
#4986=CARTESIAN_POINT('Origin',(190.113564134568,431.360134186141,12.4575664610403));
#4987=CARTESIAN_POINT('',(188.872566973464,431.360134186142,18.4476545804938));
#4988=CARTESIAN_POINT('Origin',(188.593342612217,431.360134186141,18.2204239573712));
#4989=CARTESIAN_POINT('',(191.354561295676,431.360134186142,18.4476545804894));
#4990=CARTESIAN_POINT('Origin',(190.113564134572,431.360134186142,19.457568461041));
#4991=CARTESIAN_POINT('',(191.541960195839,431.360134186141,17.8723318938289));
#4992=CARTESIAN_POINT('Origin',(191.633785656926,431.360134186141,18.220423957364));
#4993=CARTESIAN_POINT('',(195.528329567354,431.360134186141,13.8859625223311));
#4994=CARTESIAN_POINT('Origin',(190.113564134568,431.360134186141,12.4575664610403));
#4995=CARTESIAN_POINT('',(196.103652254022,431.360134186141,13.6985636221459));
#4996=CARTESIAN_POINT('Origin',(195.876421630896,431.360134186141,13.9777879833947));
#4997=CARTESIAN_POINT('',(196.103652254022,431.360134186141,11.2165692999346));
#4998=CARTESIAN_POINT('Origin',(197.113566134572,431.360134186141,12.4575664610403));
#4999=CARTESIAN_POINT('',(195.528329567354,431.360134186141,11.0291703997495));
#5000=CARTESIAN_POINT('Origin',(195.876421630896,431.360134186141,10.937344938686));
#5001=CARTESIAN_POINT('',(191.541960195839,431.360134186141,7.04280102825173));
#5002=CARTESIAN_POINT('Origin',(190.113564134568,431.360134186141,12.4575664610403));
#5003=CARTESIAN_POINT('',(191.354561295676,431.360134186141,6.46747834159122));
#5004=CARTESIAN_POINT('Origin',(191.633785656926,431.360134186141,6.69470896471665));
#5005=CARTESIAN_POINT('',(188.872566973467,431.360134186141,6.46747834159115));
#5006=CARTESIAN_POINT('Origin',(190.113564134572,431.360134186141,5.45756446103958));
#5007=CARTESIAN_POINT('',(188.685168073298,431.360134186141,7.04280102825358));
#5008=CARTESIAN_POINT('Origin',(188.593342612217,431.360134186141,6.69470896471665));
#5009=CARTESIAN_POINT('',(184.698798701782,431.360134186141,11.0291703997496));
#5010=CARTESIAN_POINT('Origin',(190.113564134568,431.360134186141,12.4575664610403));
#5011=CARTESIAN_POINT('',(184.123476015121,431.360134186141,11.2165692999341));
#5012=CARTESIAN_POINT('Origin',(184.350706638241,431.360134186141,10.937344938686));
#5013=CARTESIAN_POINT('',(184.12347601512,431.360134186141,13.6985636221465));
#5014=CARTESIAN_POINT('Origin',(183.113562134571,431.360134186141,12.4575664610403));
#5015=CARTESIAN_POINT('Origin',(184.350706638241,431.360134186141,13.9777879833947));
#5016=CARTESIAN_POINT('Ctrl Pts',(232.732460752623,436.926065034806,-0.00748789833110692));
#5017=CARTESIAN_POINT('Ctrl Pts',(232.732188224197,437.062235146528,-0.00643855496311482));
#5018=CARTESIAN_POINT('Ctrl Pts',(232.731218518759,437.260346929012,-0.00392286268831388));
#5019=CARTESIAN_POINT('Ctrl Pts',(232.727382236698,437.423064218859,-0.000742527881712004));
#5020=CARTESIAN_POINT('Ctrl Pts',(232.724323029043,437.455165566756,-6.5142106323137E-6));
#5021=CARTESIAN_POINT('Ctrl Pts',(232.722788157138,437.455165566756,-6.5142106323137E-6));
#5022=CARTESIAN_POINT('Ctrl Pts',(233.216407880565,436.926065034806,0.118199606079953));
#5023=CARTESIAN_POINT('Ctrl Pts',(233.202499989284,437.062235146528,0.171750546348415));
#5024=CARTESIAN_POINT('Ctrl Pts',(233.153013196322,437.260346929012,0.30013339113589));
#5025=CARTESIAN_POINT('Ctrl Pts',(232.957236944434,437.423064218859,0.462434811678465));
#5026=CARTESIAN_POINT('Ctrl Pts',(232.801116982791,437.455165566756,0.499995657192912));
#5027=CARTESIAN_POINT('Ctrl Pts',(232.722788157138,437.455165566756,0.499995657192912));
#5028=CARTESIAN_POINT('Ctrl Pts',(233.700355008507,436.926065034806,0.243887110491012));
#5029=CARTESIAN_POINT('Ctrl Pts',(233.672811754372,437.062235146528,0.349939647659944));
#5030=CARTESIAN_POINT('Ctrl Pts',(233.574807873886,437.260346929012,0.604189644960094));
#5031=CARTESIAN_POINT('Ctrl Pts',(233.187091652172,437.423064218859,0.925612151238643));
#5032=CARTESIAN_POINT('Ctrl Pts',(232.877910936539,437.455165566756,0.999997828596456));
#5033=CARTESIAN_POINT('Ctrl Pts',(232.722788157138,437.455165566756,0.999997828596456));
#5034=CARTESIAN_POINT('Ctrl Pts',(234.184302136449,436.926065034806,0.369574614902072));
#5035=CARTESIAN_POINT('Ctrl Pts',(234.143123519459,437.062235146528,0.528128748971474));
#5036=CARTESIAN_POINT('Ctrl Pts',(233.99660255145,437.260346929012,0.908245898784298));
#5037=CARTESIAN_POINT('Ctrl Pts',(233.416946359909,437.423064218859,1.38878949079882));
#5038=CARTESIAN_POINT('Ctrl Pts',(232.954704890287,437.455165566756,1.5));
#5039=CARTESIAN_POINT('Ctrl Pts',(232.722788157138,437.455165566756,1.5));
#5040=CARTESIAN_POINT('',(232.722788157138,437.455165566756,0.));
#5041=CARTESIAN_POINT('',(232.732467057701,436.9260650402,-0.00748626097444119));
#5042=CARTESIAN_POINT('Ctrl Pts',(232.732467057652,436.926065040198,-0.00748626078680554));
#5043=CARTESIAN_POINT('Ctrl Pts',(232.732214633255,437.052107914417,-0.00651432598375989));
#5044=CARTESIAN_POINT('Ctrl Pts',(232.731791958907,437.19783000509,-0.00479090531935378));
#5045=CARTESIAN_POINT('Ctrl Pts',(232.729168375642,437.344018896209,-0.00226030764927309));
#5046=CARTESIAN_POINT('Ctrl Pts',(232.728208780614,437.387760586489,-0.00143139039917864));
#5047=CARTESIAN_POINT('Ctrl Pts',(232.726276912852,437.42667699636,-0.000618848744731392));
#5048=CARTESIAN_POINT('Ctrl Pts',(232.725631848319,437.43812003362,-0.000373855885458338));
#5049=CARTESIAN_POINT('Ctrl Pts',(232.724537222476,437.448313606989,-0.000150937649150373));
#5050=CARTESIAN_POINT('Ctrl Pts',(232.724200754098,437.451002801349,-9.18040903024387E-5));
#5051=CARTESIAN_POINT('Ctrl Pts',(232.723663445009,437.453464756746,-3.75261428860857E-5));
#5052=CARTESIAN_POINT('Ctrl Pts',(232.723493333819,437.454129851332,-2.28512238185692E-5));
#5053=CARTESIAN_POINT('Ctrl Pts',(232.723217095261,437.454761004457,-8.92460529325783E-6));
#5054=CARTESIAN_POINT('Ctrl Pts',(232.723132876378,437.454915668651,-5.51204322044621E-6));
#5055=CARTESIAN_POINT('Ctrl Pts',(232.723004067219,437.455062803555,-2.26630995450882E-6));
#5056=CARTESIAN_POINT('Ctrl Pts',(232.722961664852,437.4551024267,-1.39235152950198E-6));
#5057=CARTESIAN_POINT('Ctrl Pts',(232.722894221197,437.455140955216,-5.42670981661369E-7));
#5058=CARTESIAN_POINT('Ctrl Pts',(232.722873198814,437.455150268751,-3.37298141804552E-7));
#5059=CARTESIAN_POINT('Ctrl Pts',(232.722830565505,437.455162448617,-6.87399768008943E-8));
#5060=CARTESIAN_POINT('Ctrl Pts',(232.722809564088,437.455165566756,0.));
#5061=CARTESIAN_POINT('Ctrl Pts',(232.722788157138,437.455165566756,0.));
#5062=CARTESIAN_POINT('',(232.732467057701,436.9260650402,-0.00748626097443861));
#5063=CARTESIAN_POINT('Origin',(184.350706638241,471.780134186141,13.9777879833947));
#5064=CARTESIAN_POINT('',(184.698798701782,471.780134186141,13.885962522331));
#5065=CARTESIAN_POINT('',(184.12347601512,471.780134186141,13.6985636221471));
#5066=CARTESIAN_POINT('Origin',(183.113562134571,471.780134186141,12.4575664610403));
#5067=CARTESIAN_POINT('',(184.12347601512,471.780134186141,11.2165692999334));
#5068=CARTESIAN_POINT('Origin',(184.350706638241,471.780134186141,10.937344938686));
#5069=CARTESIAN_POINT('',(184.698798701777,471.780134186141,11.029170399769));
#5070=CARTESIAN_POINT('Origin',(190.113564134568,471.780134186141,12.4575664610403));
#5071=CARTESIAN_POINT('',(188.685168073297,471.780134186142,7.04280102824974));
#5072=CARTESIAN_POINT('Origin',(188.593342612217,471.780134186142,6.69470896471665));
#5073=CARTESIAN_POINT('',(188.872566973467,471.780134186142,6.46747834159122));
#5074=CARTESIAN_POINT('Origin',(190.113564134572,471.780134186142,5.45756446103965));
#5075=CARTESIAN_POINT('',(191.354561295676,471.780134186142,6.46747834159122));
#5076=CARTESIAN_POINT('Origin',(191.633785656926,471.780134186142,6.69470896471665));
#5077=CARTESIAN_POINT('',(191.541960195847,471.780134186142,7.04280102825152));
#5078=CARTESIAN_POINT('Origin',(190.113564134568,471.780134186141,12.4575664610403));
#5079=CARTESIAN_POINT('',(195.528329567359,471.780134186141,11.029170399769));
#5080=CARTESIAN_POINT('Origin',(195.876421630896,471.780134186141,10.937344938686));
#5081=CARTESIAN_POINT('',(196.103652254021,471.780134186141,11.2165692999358));
#5082=CARTESIAN_POINT('Origin',(197.113566134572,471.780134186141,12.4575664610403));
#5083=CARTESIAN_POINT('',(196.103652254021,471.780134186141,13.6985636221448));
#5084=CARTESIAN_POINT('Origin',(195.876421630896,471.780134186141,13.9777879833947));
#5085=CARTESIAN_POINT('',(195.528329567359,471.780134186141,13.8859625223115));
#5086=CARTESIAN_POINT('Origin',(190.113564134568,471.780134186141,12.4575664610403));
#5087=CARTESIAN_POINT('',(191.541960195847,471.780134186141,17.872331893829));
#5088=CARTESIAN_POINT('Origin',(191.633785656926,471.780134186141,18.2204239573639));
#5089=CARTESIAN_POINT('',(191.354561295676,471.780134186141,18.4476545804893));
#5090=CARTESIAN_POINT('Origin',(190.113564134572,471.780134186141,19.457568461041));
#5091=CARTESIAN_POINT('',(188.872566973464,471.780134186141,18.4476545804938));
#5092=CARTESIAN_POINT('Origin',(188.593342612217,471.780134186141,18.2204239573712));
#5093=CARTESIAN_POINT('',(188.685168073298,471.780134186141,17.8723318938314));
#5094=CARTESIAN_POINT('Origin',(190.113564134568,471.780134186141,12.4575664610403));
#5095=CARTESIAN_POINT('Origin',(213.113564134568,463.470134186139,0.));
#5096=CARTESIAN_POINT('',(210.513564134568,463.470134186139,1.5));
#5097=CARTESIAN_POINT('',(210.513564134568,463.470134186139,0.));
#5098=CARTESIAN_POINT('Origin',(213.113564134568,463.470134186139,1.5));
#5099=CARTESIAN_POINT('Origin',(188.593342612217,431.360134186141,18.2204239573712));
#5100=CARTESIAN_POINT('',(188.685168073296,431.360134186141,17.8723318938338));
#5101=CARTESIAN_POINT('',(188.872566973464,431.360134186142,18.4476545804938));
#5102=CARTESIAN_POINT('Origin',(190.113564134572,431.360134186142,19.457568461041));
#5103=CARTESIAN_POINT('',(191.354561295676,431.360134186142,18.4476545804894));
#5104=CARTESIAN_POINT('Origin',(191.633785656926,431.360134186141,18.220423957364));
#5105=CARTESIAN_POINT('',(191.541960195839,431.360134186141,17.8723318938289));
#5106=CARTESIAN_POINT('Origin',(190.113564134568,431.360134186141,12.4575664610403));
#5107=CARTESIAN_POINT('',(195.528329567354,431.360134186141,13.8859625223311));
#5108=CARTESIAN_POINT('Origin',(195.876421630896,431.360134186141,13.9777879833947));
#5109=CARTESIAN_POINT('',(196.103652254022,431.360134186141,13.6985636221459));
#5110=CARTESIAN_POINT('Origin',(197.113566134572,431.360134186141,12.4575664610403));
#5111=CARTESIAN_POINT('',(196.103652254022,431.360134186141,11.2165692999346));
#5112=CARTESIAN_POINT('Origin',(195.876421630896,431.360134186141,10.937344938686));
#5113=CARTESIAN_POINT('',(195.528329567354,431.360134186141,11.0291703997495));
#5114=CARTESIAN_POINT('Origin',(190.113564134568,431.360134186141,12.4575664610403));
#5115=CARTESIAN_POINT('',(191.541960195839,431.360134186141,7.04280102825173));
#5116=CARTESIAN_POINT('Origin',(191.633785656926,431.360134186141,6.69470896471665));
#5117=CARTESIAN_POINT('',(191.354561295676,431.360134186141,6.46747834159122));
#5118=CARTESIAN_POINT('Origin',(190.113564134572,431.360134186141,5.45756446103958));
#5119=CARTESIAN_POINT('',(188.872566973467,431.360134186141,6.46747834159115));
#5120=CARTESIAN_POINT('Origin',(188.593342612217,431.360134186141,6.69470896471665));
#5121=CARTESIAN_POINT('',(188.685168073298,431.360134186141,7.04280102825358));
#5122=CARTESIAN_POINT('Origin',(190.113564134568,431.360134186141,12.4575664610403));
#5123=CARTESIAN_POINT('',(184.698798701782,431.360134186141,11.0291703997496));
#5124=CARTESIAN_POINT('Origin',(184.350706638241,431.360134186141,10.937344938686));
#5125=CARTESIAN_POINT('',(184.123476015121,431.360134186141,11.2165692999341));
#5126=CARTESIAN_POINT('Origin',(183.113562134571,431.360134186141,12.4575664610403));
#5127=CARTESIAN_POINT('',(184.12347601512,431.360134186141,13.6985636221465));
#5128=CARTESIAN_POINT('Origin',(184.350706638241,431.360134186141,13.9777879833947));
#5129=CARTESIAN_POINT('',(184.698798701777,431.360134186141,13.8859625223116));
#5130=CARTESIAN_POINT('Origin',(190.113564134568,431.360134186141,12.4575664610403));
#5131=CARTESIAN_POINT('Origin',(218.777132318119,443.877255760295,0.));
#5132=CARTESIAN_POINT('',(212.420685708721,450.233702369701,1.5));
#5133=CARTESIAN_POINT('',(212.420685708721,450.233702369701,0.));
#5134=CARTESIAN_POINT('',(218.777132318119,443.877255760295,1.5));
#5135=CARTESIAN_POINT('',(212.420685708719,450.233702369699,1.5));
#5136=CARTESIAN_POINT('',(218.777132318119,443.877255760295,0.));
#5137=CARTESIAN_POINT('Origin',(220.113564134565,445.213687576735,0.));
#5138=CARTESIAN_POINT('',(221.449995951004,443.877255760289,1.5));
#5139=CARTESIAN_POINT('Origin',(220.113564134565,445.213687576735,1.5));
#5140=CARTESIAN_POINT('',(221.449995951004,443.877255760289,0.));
#5141=CARTESIAN_POINT('Origin',(227.806442560421,450.233702369699,0.));
#5142=CARTESIAN_POINT('',(227.806442560421,450.233702369699,1.5));
#5143=CARTESIAN_POINT('',(221.449995951004,443.877255760289,1.5));
#5144=CARTESIAN_POINT('',(227.806442560421,450.233702369699,0.));
#5145=CARTESIAN_POINT('Origin',(226.470010743982,451.570134186145,0.));
#5146=CARTESIAN_POINT('',(227.806442560425,452.906566002588,1.5));
#5147=CARTESIAN_POINT('Origin',(226.470010743982,451.570134186145,1.5));
#5148=CARTESIAN_POINT('',(227.806442560425,452.906566002588,0.));
#5149=CARTESIAN_POINT('Origin',(221.449995951003,459.263012611994,0.));
#5150=CARTESIAN_POINT('',(221.449995951003,459.263012611994,1.5));
#5151=CARTESIAN_POINT('',(221.449995951003,459.263012611994,1.5));
#5152=CARTESIAN_POINT('',(221.449995951003,459.263012611994,0.));
#5153=CARTESIAN_POINT('Origin',(220.113564134565,457.926580795548,0.));
#5154=CARTESIAN_POINT('',(218.777132318124,459.263012611992,1.5));
#5155=CARTESIAN_POINT('Origin',(220.113564134565,457.926580795548,1.5));
#5156=CARTESIAN_POINT('',(218.777132318124,459.263012611992,0.));
#5157=CARTESIAN_POINT('Origin',(212.420685708719,452.906566002583,0.));
#5158=CARTESIAN_POINT('',(212.420685708717,452.906566002586,1.5));
#5159=CARTESIAN_POINT('',(212.420685708719,452.906566002583,1.5));
#5160=CARTESIAN_POINT('',(212.420685708717,452.906566002586,0.));
#5161=CARTESIAN_POINT('Origin',(213.757117525161,451.570134186145,0.));
#5162=CARTESIAN_POINT('Origin',(213.757117525161,451.570134186145,1.5));
#5163=CARTESIAN_POINT('Origin',(227.113564134568,463.470134186139,0.));
#5164=CARTESIAN_POINT('',(224.513564134568,463.470134186139,1.5));
#5165=CARTESIAN_POINT('',(224.513564134568,463.470134186139,0.));
#5166=CARTESIAN_POINT('Origin',(227.113564134568,463.470134186139,1.5));
#5167=CARTESIAN_POINT('Origin',(213.113564134568,439.670134186136,0.));
#5168=CARTESIAN_POINT('',(210.513564134568,439.670134186136,1.5));
#5169=CARTESIAN_POINT('',(210.513564134568,439.670134186136,0.));
#5170=CARTESIAN_POINT('Origin',(213.113564134568,439.670134186136,1.5));
#5171=CARTESIAN_POINT('Origin',(227.113564134568,439.670134186136,0.));
#5172=CARTESIAN_POINT('',(224.513564134568,439.670134186136,1.5));
#5173=CARTESIAN_POINT('',(224.513564134568,439.670134186136,0.));
#5174=CARTESIAN_POINT('Origin',(227.113564134568,439.670134186136,1.5));
#5175=CARTESIAN_POINT('Origin',(232.732788157138,466.685102805535,-11.5139477711327));
#5176=CARTESIAN_POINT('',(232.732788157138,466.685102805535,-0.624899674085029));
#5177=CARTESIAN_POINT('',(232.732788157138,466.685102805535,-11.5139477711327));
#5178=CARTESIAN_POINT('Origin',(232.732788157138,465.795102805535,-11.5139477711327));
#5179=CARTESIAN_POINT('',(232.732788157138,466.424427840789,-12.1432728063904));
#5180=CARTESIAN_POINT('Origin',(232.732788157138,464.870809150877,-13.6968914963018));
#5181=CARTESIAN_POINT('',(232.732788157138,464.870809150879,-13.6968914963041));
#5182=CARTESIAN_POINT('Origin',(232.732788157138,464.241484115623,-13.0675664610481));
#5183=CARTESIAN_POINT('',(232.732788157138,464.241484115623,-13.957566461048));
#5184=CARTESIAN_POINT('Origin',(232.732788157138,463.610134186139,-13.957566461048));
#5185=CARTESIAN_POINT('',(232.732788157138,463.610134186139,-13.957566461048));
#5186=CARTESIAN_POINT('Origin',(232.732788157138,463.610134186139,-13.0675664610481));
#5187=CARTESIAN_POINT('',(232.732788157138,462.720134186139,-13.0675664610481));
#5188=CARTESIAN_POINT('Origin',(232.732788157138,462.720134186139,-7.9375664610652));
#5189=CARTESIAN_POINT('',(232.732788157138,462.720134186139,-7.9375664610652));
#5190=CARTESIAN_POINT('Origin',(232.732788157138,460.720134186139,-7.93756646105063));
#5191=CARTESIAN_POINT('',(232.732788157138,458.720134186139,-7.93756646105063));
#5192=CARTESIAN_POINT('Origin',(232.732788157138,458.720134186139,-10.6475664610497));
#5193=CARTESIAN_POINT('',(232.732788157138,458.720134186139,-10.6475664610497));
#5194=CARTESIAN_POINT('Origin',(232.732788157138,459.610134186139,-10.6475664610497));
#5195=CARTESIAN_POINT('',(232.732788157138,459.610134186139,-11.5375664610497));
#5196=CARTESIAN_POINT('Origin',(232.732788157138,460.44013418614,-11.5375664610487));
#5197=CARTESIAN_POINT('',(232.732788157138,460.44013418614,-11.5375664610487));
#5198=CARTESIAN_POINT('Origin',(232.732788157138,460.44013418614,-12.4275664610487));
#5199=CARTESIAN_POINT('',(232.732788157138,461.33013418614,-12.4275664610487));
#5200=CARTESIAN_POINT('Origin',(232.732788157138,461.33013418614,-13.0675664610481));
#5201=CARTESIAN_POINT('',(232.732788157138,461.33013418614,-13.0675664610481));
#5202=CARTESIAN_POINT('Origin',(232.732788157138,460.44013418614,-13.0675664610481));
#5203=CARTESIAN_POINT('',(232.732788157138,460.44013418614,-13.957566461048));
#5204=CARTESIAN_POINT('Origin',(232.732788157138,453.000134186138,-13.9575664610474));
#5205=CARTESIAN_POINT('',(232.732788157138,453.000134186138,-13.957566461048));
#5206=CARTESIAN_POINT('Origin',(232.732788157138,453.000134186138,-13.0675664610481));
#5207=CARTESIAN_POINT('',(232.732788157138,452.110134186138,-13.0675664610481));
#5208=CARTESIAN_POINT('Origin',(232.732788157138,452.110134186138,-12.4275664610487));
#5209=CARTESIAN_POINT('',(232.732788157138,452.110134186138,-12.4275664610487));
#5210=CARTESIAN_POINT('Origin',(232.732788157138,453.000134186138,-12.4275664610487));
#5211=CARTESIAN_POINT('',(232.732788157138,453.000134186138,-11.5375664610487));
#5212=CARTESIAN_POINT('Origin',(232.732788157138,453.83013418614,-11.5375664610491));
#5213=CARTESIAN_POINT('',(232.732788157138,453.83013418614,-11.5375664610497));
#5214=CARTESIAN_POINT('Origin',(232.732788157138,453.83013418614,-10.6475664610497));
#5215=CARTESIAN_POINT('',(232.732788157138,454.72013418614,-10.6475664610497));
#5216=CARTESIAN_POINT('Origin',(232.732788157138,454.720134186139,-6.82756646105002));
#5217=CARTESIAN_POINT('',(232.732788157138,454.72013418614,-6.82756646105002));
#5218=CARTESIAN_POINT('Origin',(232.732788157138,453.83013418614,-6.82756646105002));
#5219=CARTESIAN_POINT('',(232.732788157138,453.83013418614,-5.93756646105003));
#5220=CARTESIAN_POINT('Origin',(232.732788157138,449.31013418615,-5.93756646105064));
#5221=CARTESIAN_POINT('',(232.732788157138,449.31013418615,-5.93756646105003));
#5222=CARTESIAN_POINT('Origin',(232.732788157138,449.31013418615,-6.82756646105002));
#5223=CARTESIAN_POINT('',(232.732788157138,448.42013418615,-6.82756646105002));
#5224=CARTESIAN_POINT('Origin',(232.732788157138,448.420134186151,-10.6475664610497));
#5225=CARTESIAN_POINT('',(232.732788157138,448.42013418615,-10.6475664610497));
#5226=CARTESIAN_POINT('Origin',(232.732788157138,449.31013418615,-10.6475664610497));
#5227=CARTESIAN_POINT('',(232.732788157138,449.31013418615,-11.5375664610497));
#5228=CARTESIAN_POINT('Origin',(232.732788157138,450.140134186152,-11.5375664610487));
#5229=CARTESIAN_POINT('',(232.732788157138,450.140134186152,-11.5375664610487));
#5230=CARTESIAN_POINT('Origin',(232.732788157138,450.140134186152,-12.4275664610487));
#5231=CARTESIAN_POINT('',(232.732788157138,451.030134186152,-12.4275664610487));
#5232=CARTESIAN_POINT('Origin',(232.732788157138,451.030134186152,-13.0675664610481));
#5233=CARTESIAN_POINT('',(232.732788157138,451.030134186152,-13.0675664610481));
#5234=CARTESIAN_POINT('Origin',(232.732788157138,450.140134186152,-13.0675664610481));
#5235=CARTESIAN_POINT('',(232.732788157138,450.140134186152,-13.957566461048));
#5236=CARTESIAN_POINT('Origin',(232.732788157138,442.70013418615,-13.957566461048));
#5237=CARTESIAN_POINT('',(232.732788157138,442.70013418615,-13.957566461048));
#5238=CARTESIAN_POINT('Origin',(232.732788157138,442.70013418615,-13.0675664610481));
#5239=CARTESIAN_POINT('',(232.732788157138,441.81013418615,-13.0675664610481));
#5240=CARTESIAN_POINT('Origin',(232.732788157138,441.81013418615,-12.4275664610487));
#5241=CARTESIAN_POINT('',(232.732788157138,441.81013418615,-12.4275664610487));
#5242=CARTESIAN_POINT('Origin',(232.732788157138,442.70013418615,-12.4275664610487));
#5243=CARTESIAN_POINT('',(232.732788157138,442.70013418615,-11.5375664610487));
#5244=CARTESIAN_POINT('Origin',(232.732788157138,443.530134186151,-11.5375664610491));
#5245=CARTESIAN_POINT('',(232.732788157138,443.530134186151,-11.5375664610497));
#5246=CARTESIAN_POINT('Origin',(232.732788157138,443.530134186151,-10.6475664610497));
#5247=CARTESIAN_POINT('',(232.732788157138,444.420134186151,-10.6475664610497));
#5248=CARTESIAN_POINT('Origin',(232.732788157138,444.420134186151,-7.93756646105063));
#5249=CARTESIAN_POINT('',(232.732788157138,444.420134186151,-7.93756646105063));
#5250=CARTESIAN_POINT('Origin',(232.732788157138,442.420134186151,-7.93756646105063));
#5251=CARTESIAN_POINT('',(232.732788157138,440.420134186151,-7.93756646105063));
#5252=CARTESIAN_POINT('Origin',(232.732788157138,440.420134186151,-13.0675664610481));
#5253=CARTESIAN_POINT('',(232.732788157138,440.420134186151,-13.0675664610481));
#5254=CARTESIAN_POINT('Origin',(232.732788157138,439.530134186151,-13.0675664610481));
#5255=CARTESIAN_POINT('',(232.732788157138,439.530134186151,-13.957566461048));
#5256=CARTESIAN_POINT('Origin',(232.732788157138,438.898784256667,-13.957566461048));
#5257=CARTESIAN_POINT('',(232.732788157138,438.898784256667,-13.957566461048));
#5258=CARTESIAN_POINT('Origin',(232.732788157138,438.898784256667,-13.0675664610481));
#5259=CARTESIAN_POINT('',(232.732788157138,438.269459221409,-13.6968914963025));
#5260=CARTESIAN_POINT('Origin',(232.732788157138,436.715840531497,-12.1432728063872));
#5261=CARTESIAN_POINT('',(232.732788157138,436.715840531497,-12.1432728063872));
#5262=CARTESIAN_POINT('Origin',(232.732788157138,437.345165566755,-11.5139477711327));
#5263=CARTESIAN_POINT('',(232.732788157138,436.455165566755,-11.5139477711327));
#5264=CARTESIAN_POINT('Origin',(232.732788157138,436.455165566756,-0.624899674081441));
#5265=CARTESIAN_POINT('Ctrl Pts',(232.732467052487,436.9260650402,-0.00748626232851852));
#5266=CARTESIAN_POINT('Ctrl Pts',(232.732633598644,436.842903627885,-0.00812753163437913));
#5267=CARTESIAN_POINT('Ctrl Pts',(232.732788151751,436.766867665707,-0.0089828253106425));
#5268=CARTESIAN_POINT('Ctrl Pts',(232.732788151751,436.701738499555,-0.00999999999999996));
#5269=CARTESIAN_POINT('Ctrl Pts',(233.216412082383,436.9260650402,0.118200689400781));
#5270=CARTESIAN_POINT('Ctrl Pts',(233.224905940838,436.842903627885,0.0854959374150905));
#5271=CARTESIAN_POINT('Ctrl Pts',(233.232788153547,436.766867665707,0.0418759367359936));
#5272=CARTESIAN_POINT('Ctrl Pts',(233.232788153547,436.701738499555,-0.00999999999999726));
#5273=CARTESIAN_POINT('Ctrl Pts',(233.700357112278,436.9260650402,0.243887641130081));
#5274=CARTESIAN_POINT('Ctrl Pts',(233.717178283033,436.842903627885,0.17911940646456));
#5275=CARTESIAN_POINT('Ctrl Pts',(233.732788155342,436.766867665707,0.0927346987826296));
#5276=CARTESIAN_POINT('Ctrl Pts',(233.732788155342,436.701738499555,-0.00999999999999456));
#5277=CARTESIAN_POINT('Ctrl Pts',(234.184302142174,436.9260650402,0.369574592859381));
#5278=CARTESIAN_POINT('Ctrl Pts',(234.209450625229,436.842903627885,0.27274287551403));
#5279=CARTESIAN_POINT('Ctrl Pts',(234.232788157138,436.766867665707,0.143593460829266));
#5280=CARTESIAN_POINT('Ctrl Pts',(234.232788157138,436.701738499555,-0.00999999999999187));
#5281=CARTESIAN_POINT('Ctrl Pts',(232.732467057701,436.9260650402,-0.00748626097440395));
#5282=CARTESIAN_POINT('Ctrl Pts',(232.732546648989,436.886322781984,-0.00779271926273605));
#5283=CARTESIAN_POINT('Ctrl Pts',(232.732628664849,436.846061249839,-0.00816462800242313));
#5284=CARTESIAN_POINT('Ctrl Pts',(232.732745843242,436.771781247115,-0.00899963155404076));
#5285=CARTESIAN_POINT('Ctrl Pts',(232.732788157138,436.73626615074,-0.00946075354773731));
#5286=CARTESIAN_POINT('Ctrl Pts',(232.732788157138,436.701738499555,-0.00999999999999996));
#5287=CARTESIAN_POINT('Origin',(232.722788157138,436.455165566756,0.));
#5288=CARTESIAN_POINT('',(231.76601161932,436.164341447121,1.5));
#5289=CARTESIAN_POINT('Origin',(232.722788157138,436.455165566756,1.5));
#5290=CARTESIAN_POINT('',(231.766011614043,436.164341445517,0.));
#5291=CARTESIAN_POINT('Origin',(230.914480500443,435.905507980579,0.));
#5292=CARTESIAN_POINT('',(231.543805535703,435.276182945327,1.5));
#5293=CARTESIAN_POINT('Origin',(230.914480500443,435.905507980579,1.5));
#5294=CARTESIAN_POINT('',(231.543805535703,435.276182945327,0.));
#5295=CARTESIAN_POINT('Origin',(229.625660455542,433.358037865156,0.));
#5296=CARTESIAN_POINT('',(229.625660455542,433.358037865156,1.5));
#5297=CARTESIAN_POINT('',(229.625660455542,433.358037865156,1.5));
#5298=CARTESIAN_POINT('',(229.625660455542,433.358037865156,0.));
#5299=CARTESIAN_POINT('Origin',(230.113564134565,432.870134186141,0.));
#5300=CARTESIAN_POINT('Origin',(230.113564134565,432.870134186141,1.5));
#5301=CARTESIAN_POINT('Ctrl Pts',(230.113564134562,431.366144832744,1.3754042167497));
#5302=CARTESIAN_POINT('Ctrl Pts',(230.113564134562,431.381154394215,1.20768558465593));
#5303=CARTESIAN_POINT('Ctrl Pts',(230.066676513814,431.474837323285,0.880859793394533));
#5304=CARTESIAN_POINT('Ctrl Pts',(229.943172416688,431.595178653353,0.698808900903176));
#5305=CARTESIAN_POINT('Ctrl Pts',(229.873139205305,431.628573508955,0.650565834478098));
#5306=CARTESIAN_POINT('Ctrl Pts',(230.113564134562,431.864154552412,1.4199723568988));
#5307=CARTESIAN_POINT('Ctrl Pts',(230.113564134562,431.874194060416,1.30778969569701));
#5308=CARTESIAN_POINT('Ctrl Pts',(230.066676513814,431.936856152046,1.0891843651182));
#5309=CARTESIAN_POINT('Ctrl Pts',(229.943172416688,432.017349359574,0.967415225107422));
#5310=CARTESIAN_POINT('Ctrl Pts',(229.873139205305,432.03968631597,0.935146683988661));
#5311=CARTESIAN_POINT('Ctrl Pts',(230.113564134562,432.362164272079,1.46454049704791));
#5312=CARTESIAN_POINT('Ctrl Pts',(230.113564134562,432.367233726616,1.4078938067381));
#5313=CARTESIAN_POINT('Ctrl Pts',(230.066676513814,432.398874980806,1.29750893684186));
#5314=CARTESIAN_POINT('Ctrl Pts',(229.943172416688,432.439520065795,1.23602154931167));
#5315=CARTESIAN_POINT('Ctrl Pts',(229.873139205305,432.450799122985,1.21972753349923));
#5316=CARTESIAN_POINT('Ctrl Pts',(230.113564134562,432.860173991747,1.50910863719702));
#5317=CARTESIAN_POINT('Ctrl Pts',(230.113564134562,432.860273392817,1.50799791777918));
#5318=CARTESIAN_POINT('Ctrl Pts',(230.066676513814,432.860893809566,1.50583350856553));
#5319=CARTESIAN_POINT('Ctrl Pts',(229.943172416688,432.861690772016,1.50462787351592));
#5320=CARTESIAN_POINT('Ctrl Pts',(229.873139205305,432.86191193,1.50430838300979));
#5321=CARTESIAN_POINT('',(230.113564134562,431.366144832744,1.3754042167497));
#5322=CARTESIAN_POINT('Origin',(230.113564134565,431.360134186141,1.51000000000008));
#5323=CARTESIAN_POINT('Origin',(226.423564134566,431.360134186141,10.6791184158811));
#5324=CARTESIAN_POINT('',(229.032788157144,431.360134186141,13.2883424384595));
#5325=CARTESIAN_POINT('Origin',(220.944340111986,431.360134186142,21.3767904836151));
#5326=CARTESIAN_POINT('',(220.944340111987,431.360134186142,21.3767904836163));
#5327=CARTESIAN_POINT('Origin',(218.335116089409,431.360134186142,18.767566461038));
#5328=CARTESIAN_POINT('',(218.335116089409,431.360134186142,22.457566461038));
#5329=CARTESIAN_POINT('Origin',(190.113564134568,431.360134186142,22.4575664610403));
#5330=CARTESIAN_POINT('',(190.113564134568,431.360134186142,22.4575664610403));
#5331=CARTESIAN_POINT('Origin',(190.113564134568,431.360134186141,12.4575664610403));
#5332=CARTESIAN_POINT('',(190.113564134568,431.360134186141,2.45756646104027));
#5333=CARTESIAN_POINT('Origin',(208.423564134566,431.360134186141,2.45756646101846));
#5334=CARTESIAN_POINT('',(208.423564134566,431.360134186141,2.45756646102336));
#5335=CARTESIAN_POINT('Origin',(208.423564134566,431.360134186141,0.767566461023392));
#5336=CARTESIAN_POINT('Ctrl Pts',(210.268846493794,431.596719700849,0.698510290483954));
#5337=CARTESIAN_POINT('Ctrl Pts',(210.201348543253,431.5778372761,0.72814116923843));
#5338=CARTESIAN_POINT('Ctrl Pts',(210.091335003413,431.503139029995,0.845684655360447));
#5339=CARTESIAN_POINT('Ctrl Pts',(210.024522120541,431.422140422433,1.06791377091087));
#5340=CARTESIAN_POINT('Ctrl Pts',(210.006307545352,431.397799553479,1.17484223197761));
#5341=CARTESIAN_POINT('Ctrl Pts',(210.268846493794,432.018380126443,0.967215492310459));
#5342=CARTESIAN_POINT('Ctrl Pts',(210.201348543253,432.00575016022,0.987034821808486));
#5343=CARTESIAN_POINT('Ctrl Pts',(210.091335003413,431.955786432692,1.06565662378414));
#5344=CARTESIAN_POINT('Ctrl Pts',(210.024522120541,431.901608556111,1.21429993948343));
#5345=CARTESIAN_POINT('Ctrl Pts',(210.006307545352,431.885327577539,1.28582162536251));
#5346=CARTESIAN_POINT('Ctrl Pts',(210.268846493794,432.440040552036,1.23592069413696));
#5347=CARTESIAN_POINT('Ctrl Pts',(210.201348543253,432.433663044339,1.24592847437854));
#5348=CARTESIAN_POINT('Ctrl Pts',(210.091335003413,432.408433835389,1.28562859220783));
#5349=CARTESIAN_POINT('Ctrl Pts',(210.024522120541,432.381076689789,1.36068610805599));
#5350=CARTESIAN_POINT('Ctrl Pts',(210.006307545352,432.372855601599,1.39680101874741));
#5351=CARTESIAN_POINT('Ctrl Pts',(210.268846493794,432.861700977629,1.50462589596347));
#5352=CARTESIAN_POINT('Ctrl Pts',(210.201348543253,432.861575928458,1.5048221269486));
#5353=CARTESIAN_POINT('Ctrl Pts',(210.091335003413,432.861081238087,1.50560056063153));
#5354=CARTESIAN_POINT('Ctrl Pts',(210.024522120541,432.860544823467,1.50707227662855));
#5355=CARTESIAN_POINT('Ctrl Pts',(210.006307545352,432.860383625659,1.5077804121323));
#5356=CARTESIAN_POINT('',(210.268846493794,431.596719700851,0.698510290481664));
#5357=CARTESIAN_POINT('Ctrl Pts',(210.268558730847,431.596390215556,0.698477798365782));
#5358=CARTESIAN_POINT('Ctrl Pts',(210.397731116755,431.632457571899,0.641879711666293));
#5359=CARTESIAN_POINT('Ctrl Pts',(210.597744198312,431.77290776909,0.421507702525813));
#5360=CARTESIAN_POINT('Ctrl Pts',(210.769200816069,432.274047944806,0.082325275604954));
#5361=CARTESIAN_POINT('Ctrl Pts',(210.803602482464,432.671517367127,-0.000387511344401202));
#5362=CARTESIAN_POINT('Ctrl Pts',(210.803564070407,432.870799897812,-0.0002951692584189));
#5363=CARTESIAN_POINT('Ctrl Pts',(210.268558730847,432.01816165835,0.967194979955746));
#5364=CARTESIAN_POINT('Ctrl Pts',(210.397731116755,432.04228612721,0.92933806670862));
#5365=CARTESIAN_POINT('Ctrl Pts',(210.597744198312,432.136229425309,0.781937253030565));
#5366=CARTESIAN_POINT('Ctrl Pts',(210.769200816069,432.471428391618,0.555067398240787));
#5367=CARTESIAN_POINT('Ctrl Pts',(210.803602482464,432.737284824523,0.499743075766862));
#5368=CARTESIAN_POINT('Ctrl Pts',(210.803564070407,432.870579462482,0.499804840864269));
#5369=CARTESIAN_POINT('Ctrl Pts',(210.268558730847,432.439933101144,1.23591216154571));
#5370=CARTESIAN_POINT('Ctrl Pts',(210.397731116755,432.452114682521,1.21679642175095));
#5371=CARTESIAN_POINT('Ctrl Pts',(210.597744198312,432.499551081527,1.14236680353531));
#5372=CARTESIAN_POINT('Ctrl Pts',(210.769200816069,432.668808838429,1.02780952087662));
#5373=CARTESIAN_POINT('Ctrl Pts',(210.803602482464,432.803052281919,0.999873662878125));
#5374=CARTESIAN_POINT('Ctrl Pts',(210.803564070407,432.870359027153,0.999904850986957));
#5375=CARTESIAN_POINT('Ctrl Pts',(210.268558730847,432.861704543938,1.50462934313567));
#5376=CARTESIAN_POINT('Ctrl Pts',(210.397731116755,432.861943237833,1.50425477679327));
#5377=CARTESIAN_POINT('Ctrl Pts',(210.597744198312,432.862872737746,1.50279635404007));
#5378=CARTESIAN_POINT('Ctrl Pts',(210.769200816069,432.86618928524,1.50055164351246));
#5379=CARTESIAN_POINT('Ctrl Pts',(210.803602482464,432.868819739315,1.50000424998939));
#5380=CARTESIAN_POINT('Ctrl Pts',(210.803564070407,432.870138591823,1.50000486110965));
#5381=CARTESIAN_POINT('Origin',(207.999329651779,435.960176026961,0.));
#5382=CARTESIAN_POINT('',(207.999329651781,435.960176026963,1.5));
#5383=CARTESIAN_POINT('',(210.601467813584,433.358037865156,1.5));
#5384=CARTESIAN_POINT('',(207.999329651781,435.960176026963,0.));
#5385=CARTESIAN_POINT('Origin',(209.194340111986,437.155186487168,0.));
#5386=CARTESIAN_POINT('',(207.504340111986,437.155186487168,1.5));
#5387=CARTESIAN_POINT('Origin',(209.194340111986,437.155186487168,1.5));
#5388=CARTESIAN_POINT('',(207.504340111986,437.155186487168,0.));
#5389=CARTESIAN_POINT('Origin',(207.504340111984,465.985081885115,0.));
#5390=CARTESIAN_POINT('',(207.504340111986,465.985081885115,1.5));
#5391=CARTESIAN_POINT('',(207.504340111984,465.985081885115,1.5));
#5392=CARTESIAN_POINT('',(207.504340111986,465.985081885115,0.));
#5393=CARTESIAN_POINT('Origin',(209.194340111986,465.985081885115,0.));
#5394=CARTESIAN_POINT('',(207.999329651778,467.180092345317,1.5));
#5395=CARTESIAN_POINT('Origin',(209.194340111986,465.985081885115,1.5));
#5396=CARTESIAN_POINT('',(207.999329651778,467.180092345317,0.));
#5397=CARTESIAN_POINT('Origin',(210.601467813585,469.782230507124,0.));
#5398=CARTESIAN_POINT('',(210.601467813585,469.782230507124,1.5));
#5399=CARTESIAN_POINT('',(210.601467813585,469.782230507124,1.5));
#5400=CARTESIAN_POINT('',(210.601467813585,469.782230507124,0.));
#5401=CARTESIAN_POINT('Origin',(210.113564134565,470.270134186142,0.));
#5402=CARTESIAN_POINT('Origin',(210.113564134565,470.270134186142,1.5));
#5403=CARTESIAN_POINT('Ctrl Pts',(210.006307545352,471.7424688188,1.17484223196171));
#5404=CARTESIAN_POINT('Ctrl Pts',(210.024522120541,471.718127949845,1.06791377089467));
#5405=CARTESIAN_POINT('Ctrl Pts',(210.091335060469,471.637129373758,0.845684873817436));
#5406=CARTESIAN_POINT('Ctrl Pts',(210.201348543254,471.562431096173,0.728141169222963));
#5407=CARTESIAN_POINT('Ctrl Pts',(210.268846493796,471.543548671424,0.698510290469187));
#5408=CARTESIAN_POINT('Ctrl Pts',(210.006307545352,471.254940794741,1.28582162535187));
#5409=CARTESIAN_POINT('Ctrl Pts',(210.024522120541,471.238659816169,1.21429993947259));
#5410=CARTESIAN_POINT('Ctrl Pts',(210.091335060469,471.18448196064,1.06565676990438));
#5411=CARTESIAN_POINT('Ctrl Pts',(210.201348543254,471.134518212057,0.987034821798141));
#5412=CARTESIAN_POINT('Ctrl Pts',(210.268846493796,471.121888245834,0.967215492300582));
#5413=CARTESIAN_POINT('Ctrl Pts',(210.006307545352,470.767412770682,1.39680101874203));
#5414=CARTESIAN_POINT('Ctrl Pts',(210.024522120541,470.759191682492,1.36068610805052));
#5415=CARTESIAN_POINT('Ctrl Pts',(210.091335060469,470.731834547522,1.28562866599132));
#5416=CARTESIAN_POINT('Ctrl Pts',(210.201348543254,470.706605327941,1.24592847437332));
#5417=CARTESIAN_POINT('Ctrl Pts',(210.268846493796,470.700227820244,1.23592069413198));
#5418=CARTESIAN_POINT('Ctrl Pts',(210.006307545352,470.279884746623,1.5077804121322));
#5419=CARTESIAN_POINT('Ctrl Pts',(210.024522120541,470.279723548815,1.50707227662844));
#5420=CARTESIAN_POINT('Ctrl Pts',(210.091335060469,470.279187134404,1.50560056207826));
#5421=CARTESIAN_POINT('Ctrl Pts',(210.201348543254,470.278692443824,1.5048221269485));
#5422=CARTESIAN_POINT('Ctrl Pts',(210.268846493796,470.278567394654,1.50462589596337));
#5423=CARTESIAN_POINT('',(210.006307545352,471.7424688188,1.17484223196172));
#5424=CARTESIAN_POINT('Ctrl Pts',(210.006307545352,471.7424688188,1.17484223196221));
#5425=CARTESIAN_POINT('Ctrl Pts',(209.987221068072,471.767974845566,1.28688918456191));
#5426=CARTESIAN_POINT('Ctrl Pts',(209.965668834809,471.780134186142,1.39977368558403));
#5427=CARTESIAN_POINT('Ctrl Pts',(209.941751356285,471.780134186142,1.51000000000008));
#5428=CARTESIAN_POINT('Ctrl Pts',(210.006307545352,471.254940794741,1.28582162535221));
#5429=CARTESIAN_POINT('Ctrl Pts',(209.987221068072,471.27200111728,1.36076693801823));
#5430=CARTESIAN_POINT('Ctrl Pts',(209.965668834809,471.280134186142,1.43627246519197));
#5431=CARTESIAN_POINT('Ctrl Pts',(209.941751356285,471.280134186142,1.51000000000005));
#5432=CARTESIAN_POINT('Ctrl Pts',(210.006307545352,470.767412770682,1.3968010187422));
#5433=CARTESIAN_POINT('Ctrl Pts',(209.987221068072,470.776027388994,1.43464469147455));
#5434=CARTESIAN_POINT('Ctrl Pts',(209.965668834809,470.780134186142,1.47277124479991));
#5435=CARTESIAN_POINT('Ctrl Pts',(209.941751356285,470.780134186142,1.51000000000003));
#5436=CARTESIAN_POINT('Ctrl Pts',(210.006307545352,470.279884746623,1.5077804121322));
#5437=CARTESIAN_POINT('Ctrl Pts',(209.987221068072,470.280053660708,1.50852244493087));
#5438=CARTESIAN_POINT('Ctrl Pts',(209.965668834809,470.280134186142,1.50927002440784));
#5439=CARTESIAN_POINT('Ctrl Pts',(209.941751356285,470.280134186142,1.51));
#5440=CARTESIAN_POINT('Origin',(190.113564134568,471.780134186142,2.45756646104027));
#5441=CARTESIAN_POINT('',(190.113564134568,471.780134186142,2.45756646104027));
#5442=CARTESIAN_POINT('Origin',(190.113564134568,471.780134186141,12.4575664610403));
#5443=CARTESIAN_POINT('',(190.113564134568,471.780134186141,22.4575664610403));
#5444=CARTESIAN_POINT('Origin',(218.335116089409,471.780134186141,22.4575664610379));
#5445=CARTESIAN_POINT('',(218.335116089409,471.780134186141,22.4575664610379));
#5446=CARTESIAN_POINT('Origin',(218.335116089409,471.780134186141,18.7675664610379));
#5447=CARTESIAN_POINT('',(220.944340111994,471.780134186141,21.3767904836096));
#5448=CARTESIAN_POINT('Origin',(229.032788157151,471.780134186141,13.2883424384529));
#5449=CARTESIAN_POINT('',(229.032788157151,471.780134186141,13.2883424384529));
#5450=CARTESIAN_POINT('Origin',(226.423564134566,471.780134186141,10.6791184158812));
#5451=CARTESIAN_POINT('',(230.113564134566,471.780134186141,10.6791184158812));
#5452=CARTESIAN_POINT('Origin',(230.113564134562,471.780134186142,1.45019932438494));
#5453=CARTESIAN_POINT('Ctrl Pts',(229.873139205305,471.511694863328,0.650565834478098));
#5454=CARTESIAN_POINT('Ctrl Pts',(229.943172416688,471.545089718929,0.698808900903188));
#5455=CARTESIAN_POINT('Ctrl Pts',(230.066676172987,471.66543060428,0.880860854509951));
#5456=CARTESIAN_POINT('Ctrl Pts',(230.113564134562,471.759113978067,1.20768558465593));
#5457=CARTESIAN_POINT('Ctrl Pts',(230.113564134562,471.774123539539,1.3754042167497));
#5458=CARTESIAN_POINT('Ctrl Pts',(229.873139205305,471.100582056312,0.935146683988661));
#5459=CARTESIAN_POINT('Ctrl Pts',(229.943172416688,471.122919012708,0.96741522510743));
#5460=CARTESIAN_POINT('Ctrl Pts',(230.066676172987,471.203411922777,1.08918507487089));
#5461=CARTESIAN_POINT('Ctrl Pts',(230.113564134562,471.266074311867,1.30778969569701));
#5462=CARTESIAN_POINT('Ctrl Pts',(230.113564134562,471.276113819871,1.4199723568988));
#5463=CARTESIAN_POINT('Ctrl Pts',(229.873139205305,470.689469249297,1.21972753349923));
#5464=CARTESIAN_POINT('Ctrl Pts',(229.943172416688,470.700748306487,1.23602154931167));
#5465=CARTESIAN_POINT('Ctrl Pts',(230.066676172987,470.741393241275,1.29750929523184));
#5466=CARTESIAN_POINT('Ctrl Pts',(230.113564134562,470.773034645666,1.4078938067381));
#5467=CARTESIAN_POINT('Ctrl Pts',(230.113564134562,470.778104100203,1.46454049704791));
#5468=CARTESIAN_POINT('Ctrl Pts',(229.873139205305,470.278356442282,1.50430838300979));
#5469=CARTESIAN_POINT('Ctrl Pts',(229.943172416688,470.278577600266,1.50462787351592));
#5470=CARTESIAN_POINT('Ctrl Pts',(230.066676172987,470.279374559772,1.50583351559278));
#5471=CARTESIAN_POINT('Ctrl Pts',(230.113564134562,470.279994979466,1.50799791777918));
#5472=CARTESIAN_POINT('Ctrl Pts',(230.113564134562,470.280094380535,1.50910863719702));
#5473=CARTESIAN_POINT('',(229.873139205532,471.511694862545,0.650565833346946));
#5474=CARTESIAN_POINT('Ctrl Pts',(229.873307585776,471.511922820165,0.650579553504924));
#5475=CARTESIAN_POINT('Ctrl Pts',(229.760991806162,471.458410804119,0.573261952612685));
#5476=CARTESIAN_POINT('Ctrl Pts',(229.592674824937,471.292605569118,0.35496477729228));
#5477=CARTESIAN_POINT('Ctrl Pts',(229.451599002382,470.809142842456,0.0671917442288786));
#5478=CARTESIAN_POINT('Ctrl Pts',(229.423543093231,470.44981396739,-0.000230189955462987));
#5479=CARTESIAN_POINT('Ctrl Pts',(229.423564158245,470.269729301737,-0.000179572156079889));
#5480=CARTESIAN_POINT('Ctrl Pts',(229.873307585776,471.100733544312,0.935156542990113));
#5481=CARTESIAN_POINT('Ctrl Pts',(229.760991806162,471.064940781386,0.883440858116818));
#5482=CARTESIAN_POINT('Ctrl Pts',(229.592674824937,470.954038073792,0.737427689092925));
#5483=CARTESIAN_POINT('Ctrl Pts',(229.451599002382,470.630662726761,0.544943968423925));
#5484=CARTESIAN_POINT('Ctrl Pts',(229.423543093231,470.390317208351,0.499847231567266));
#5485=CARTESIAN_POINT('Ctrl Pts',(229.423564158245,470.269863369742,0.499881088465717));
#5486=CARTESIAN_POINT('Ctrl Pts',(229.873307585776,470.68954426846,1.2197335324753));
#5487=CARTESIAN_POINT('Ctrl Pts',(229.760991806162,470.671470758654,1.19361976362095));
#5488=CARTESIAN_POINT('Ctrl Pts',(229.592674824937,470.615470578465,1.11989060089357));
#5489=CARTESIAN_POINT('Ctrl Pts',(229.451599002382,470.452182611068,1.02269619261897));
#5490=CARTESIAN_POINT('Ctrl Pts',(229.423543093231,470.330820449311,0.999924653089996));
#5491=CARTESIAN_POINT('Ctrl Pts',(229.423564158245,470.269997437748,0.999941749087514));
#5492=CARTESIAN_POINT('Ctrl Pts',(229.873307585776,470.278354992607,1.50431052196049));
#5493=CARTESIAN_POINT('Ctrl Pts',(229.760991806162,470.278000735921,1.50379866912509));
#5494=CARTESIAN_POINT('Ctrl Pts',(229.592674824937,470.276903083139,1.50235351269422));
#5495=CARTESIAN_POINT('Ctrl Pts',(229.451599002382,470.273702495374,1.50044841681401));
#5496=CARTESIAN_POINT('Ctrl Pts',(229.423543093231,470.271323690271,1.50000207461273));
#5497=CARTESIAN_POINT('Ctrl Pts',(229.423564158245,470.270131505753,1.50000240970931));
#5498=CARTESIAN_POINT('Origin',(231.543805535701,467.864085426964,0.));
#5499=CARTESIAN_POINT('',(231.543805535698,467.864085426961,1.5));
#5500=CARTESIAN_POINT('',(229.625660455545,469.782230507124,1.5));
#5501=CARTESIAN_POINT('',(231.543805535698,467.864085426961,0.));
#5502=CARTESIAN_POINT('Origin',(230.914480500443,467.234760391703,0.));
#5503=CARTESIAN_POINT('Origin',(230.914480500443,467.234760391703,1.5));
#5504=CARTESIAN_POINT('Ctrl Pts',(232.722788157138,465.685102805534,-4.54843501329823E-6));
#5505=CARTESIAN_POINT('Ctrl Pts',(232.724323330961,465.685102805534,-4.54843501329823E-6));
#5506=CARTESIAN_POINT('Ctrl Pts',(232.72738313745,465.717204231577,-0.000740703117926382));
#5507=CARTESIAN_POINT('Ctrl Pts',(232.731220171316,465.879921578937,-0.00392165697636192));
#5508=CARTESIAN_POINT('Ctrl Pts',(232.732190073244,466.078033225768,-0.00643785440663626));
#5509=CARTESIAN_POINT('Ctrl Pts',(232.732462655278,466.214203337491,-0.00748740418644377));
#5510=CARTESIAN_POINT('Ctrl Pts',(232.722788157138,465.685102805534,0.499996967709991));
#5511=CARTESIAN_POINT('Ctrl Pts',(232.801117184071,465.685102805534,0.499996967709991));
#5512=CARTESIAN_POINT('Ctrl Pts',(232.957237397447,465.717204231577,0.46243621784189));
#5513=CARTESIAN_POINT('Ctrl Pts',(233.153014008825,465.879921578937,0.300134713834785));
#5514=CARTESIAN_POINT('Ctrl Pts',(233.202501221983,466.078033225768,0.171751013383));
#5515=CARTESIAN_POINT('Ctrl Pts',(233.216409149003,466.214203337491,0.118199935506987));
#5516=CARTESIAN_POINT('Ctrl Pts',(232.722788157138,465.685102805534,0.999998483854996));
#5517=CARTESIAN_POINT('Ctrl Pts',(232.877911037179,465.685102805534,0.999998483854996));
#5518=CARTESIAN_POINT('Ctrl Pts',(233.187091657442,465.717204231577,0.925613138801707));
#5519=CARTESIAN_POINT('Ctrl Pts',(233.574807846334,465.879921578937,0.604191084645931));
#5520=CARTESIAN_POINT('Ctrl Pts',(233.672812370723,466.078033225768,0.349939881172635));
#5521=CARTESIAN_POINT('Ctrl Pts',(233.700355642727,466.214203337491,0.243887275200417));
#5522=CARTESIAN_POINT('Ctrl Pts',(232.722788157138,465.685102805534,1.5));
#5523=CARTESIAN_POINT('Ctrl Pts',(232.954704890289,465.685102805534,1.5));
#5524=CARTESIAN_POINT('Ctrl Pts',(233.416945917439,465.717204231577,1.38879005976152));
#5525=CARTESIAN_POINT('Ctrl Pts',(233.996601683843,465.879921578937,0.908247455457078));
#5526=CARTESIAN_POINT('Ctrl Pts',(234.143123519462,466.078033225768,0.52812874896227));
#5527=CARTESIAN_POINT('Ctrl Pts',(234.184302136451,466.214203337491,0.369574614893847));
#5528=CARTESIAN_POINT('Ctrl Pts',(232.722788157138,465.685102805534,5.29395592033938E-22));
#5529=CARTESIAN_POINT('Ctrl Pts',(232.722809564089,465.685102805534,5.29395592033938E-22));
#5530=CARTESIAN_POINT('Ctrl Pts',(232.722830565506,465.685105923681,-6.87399886439055E-8));
#5531=CARTESIAN_POINT('Ctrl Pts',(232.722873198816,465.685118103577,-3.37298155788461E-7));
#5532=CARTESIAN_POINT('Ctrl Pts',(232.722894221198,465.685127417136,-5.42671010765227E-7));
#5533=CARTESIAN_POINT('Ctrl Pts',(232.72296166486,465.68516594575,-1.39235161613967E-6));
#5534=CARTESIAN_POINT('Ctrl Pts',(232.723004067226,465.685205569,-2.26631017931798E-6));
#5535=CARTESIAN_POINT('Ctrl Pts',(232.723132876364,465.68535270424,-5.51204273408366E-6));
#5536=CARTESIAN_POINT('Ctrl Pts',(232.723217095234,465.685507368806,-8.92460431063174E-6));
#5537=CARTESIAN_POINT('Ctrl Pts',(232.723493333722,465.686138523339,-2.28512178672229E-5));
#5538=CARTESIAN_POINT('Ctrl Pts',(232.723663444856,465.686803619401,-3.75261302246062E-5));
#5539=CARTESIAN_POINT('Ctrl Pts',(232.724200753646,465.689265579663,-9.18040357251303E-5));
#5540=CARTESIAN_POINT('Ctrl Pts',(232.724537221789,465.69195477902,-0.000150937531446832));
#5541=CARTESIAN_POINT('Ctrl Pts',(232.725631846501,465.702148368355,-0.000373855439102997));
#5542=CARTESIAN_POINT('Ctrl Pts',(232.726276910361,465.713591422207,-0.000618847842476434));
#5543=CARTESIAN_POINT('Ctrl Pts',(232.728208774775,465.752507857041,-0.00143138736533548));
#5544=CARTESIAN_POINT('Ctrl Pts',(232.729168369947,465.796249582993,-0.00226030301002672));
#5545=CARTESIAN_POINT('Ctrl Pts',(232.731791954058,465.942438494306,-0.00479089751320059));
#5546=CARTESIAN_POINT('Ctrl Pts',(232.732214632295,466.08815997821,-0.00651432228503734));
#5547=CARTESIAN_POINT('Ctrl Pts',(232.732467057652,466.214203332099,-0.00748626078686879));
#5548=CARTESIAN_POINT('Origin',(232.732788157138,465.795102805535,-0.624899674085029));
#5549=CARTESIAN_POINT('Origin',(213.918176145853,451.570134186141,1.5));
#5550=CARTESIAN_POINT('Origin',(232.722788157138,451.570134186145,-0.01));
#5551=UNCERTAINTY_MEASURE_WITH_UNIT(LENGTH_MEASURE(0.01),#5555,
'DISTANCE_ACCURACY_VALUE',
'Maximum model space distance between geometric entities at asserted c
onnectivities');
#5552=UNCERTAINTY_MEASURE_WITH_UNIT(LENGTH_MEASURE(0.01),#5555,
'DISTANCE_ACCURACY_VALUE',
'Maximum model space distance between geometric entities at asserted c
onnectivities');
#5553=(
GEOMETRIC_REPRESENTATION_CONTEXT(3)
GLOBAL_UNCERTAINTY_ASSIGNED_CONTEXT((#5551))
GLOBAL_UNIT_ASSIGNED_CONTEXT((#5555,#5557,#5558))
REPRESENTATION_CONTEXT('','3D')
);
#5554=(
GEOMETRIC_REPRESENTATION_CONTEXT(3)
GLOBAL_UNCERTAINTY_ASSIGNED_CONTEXT((#5552))
GLOBAL_UNIT_ASSIGNED_CONTEXT((#5555,#5557,#5558))
REPRESENTATION_CONTEXT('','3D')
);
#5555=(
LENGTH_UNIT()
NAMED_UNIT(*)
SI_UNIT(.MILLI.,.METRE.)
);
#5556=(
LENGTH_UNIT()
NAMED_UNIT(*)
SI_UNIT($,.METRE.)
);
#5557=(
NAMED_UNIT(*)
PLANE_ANGLE_UNIT()
SI_UNIT($,.RADIAN.)
);
#5558=(
NAMED_UNIT(*)
SI_UNIT($,.STERADIAN.)
SOLID_ANGLE_UNIT()
);
#5559=SHAPE_DEFINITION_REPRESENTATION(#5560,#5561);
#5560=PRODUCT_DEFINITION_SHAPE('',$,#5563);
#5561=SHAPE_REPRESENTATION('',(#2898),#5553);
#5562=PRODUCT_DEFINITION_CONTEXT('part definition',#5567,'design');
#5563=PRODUCT_DEFINITION('AL-ELBOW-A','AL-ELBOW-A',#5564,#5562);
#5564=PRODUCT_DEFINITION_FORMATION('',$,#5569);
#5565=PRODUCT_RELATED_PRODUCT_CATEGORY('AL-ELBOW-A','AL-ELBOW-A',(#5569));
#5566=APPLICATION_PROTOCOL_DEFINITION('international standard',
'automotive_design',2009,#5567);
#5567=APPLICATION_CONTEXT(
'Core Data for Automotive Mechanical Design Process');
#5568=PRODUCT_CONTEXT('part definition',#5567,'mechanical');
#5569=PRODUCT('AL-ELBOW-A','AL-ELBOW-A',$,(#5568));
#5570=PRESENTATION_STYLE_ASSIGNMENT((#5572));
#5571=PRESENTATION_STYLE_ASSIGNMENT((#5573));
#5572=SURFACE_STYLE_USAGE(.BOTH.,#5574);
#5573=SURFACE_STYLE_USAGE(.BOTH.,#5575);
#5574=SURFACE_SIDE_STYLE('',(#5576));
#5575=SURFACE_SIDE_STYLE('',(#5577));
#5576=SURFACE_STYLE_FILL_AREA(#5578);
#5577=SURFACE_STYLE_FILL_AREA(#5579);
#5578=FILL_AREA_STYLE('Acero - Satinado',(#5580));
#5579=FILL_AREA_STYLE('Opaque(56,56,56)',(#5581));
#5580=FILL_AREA_STYLE_COLOUR('Acero - Satinado',#5582);
#5581=FILL_AREA_STYLE_COLOUR('Opaque(56,56,56)',#5583);
#5582=COLOUR_RGB('Acero - Satinado',0.627450980392157,0.627450980392157,
0.627450980392157);
#5583=COLOUR_RGB('Opaque(56,56,56)',0.219607843137255,0.219607843137255,
0.219607843137255);
ENDSEC;
END-ISO-10303-21;
