ISO-10303-21;
HEADER;
/* Generated by software containing ST-Developer
 * from STEP Tools, Inc. (www.steptools.com) 
 */

FILE_DESCRIPTION(
/* description */ (''),
/* implementation_level */ '2;1');

FILE_NAME(
/* name */ 'AL-gripper.step',
/* time_stamp */ '2026-06-03T00:36:06-06:00',
/* author */ (''),
/* organization */ (''),
/* preprocessor_version */ 'ST-DEVELOPER v20.1',
/* originating_system */ 'Autodesk Translation Framework v14.24.0.0',
/* authorisation */ '');

FILE_SCHEMA (('AUTOMOTIVE_DESIGN { 1 0 10303 214 3 1 1 }'));
ENDSEC;

DATA;
#10=MECHANICAL_DESIGN_GEOMETRIC_PRESENTATION_REPRESENTATION('',(#13),#5644);
#11=SHAPE_REPRESENTATION_RELATIONSHIP('SRR','None',#5651,#12);
#12=ADVANCED_BREP_SHAPE_REPRESENTATION('',(#14),#5643);
#13=STYLED_ITEM('',(#5661),#14);
#14=MANIFOLD_SOLID_BREP('Cuerpo1',#3094);
#15=CYLINDRICAL_SURFACE('',#3140,1.51);
#16=CYLINDRICAL_SURFACE('',#3142,0.999999999999992);
#17=CYLINDRICAL_SURFACE('',#3189,0.01);
#18=CYLINDRICAL_SURFACE('',#3190,0.999999999999991);
#19=CYLINDRICAL_SURFACE('',#3193,0.01);
#20=CYLINDRICAL_SURFACE('',#3289,1.68999999999997);
#21=CYLINDRICAL_SURFACE('',#3291,3.69000000000001);
#22=CYLINDRICAL_SURFACE('',#3293,3.69);
#23=CYLINDRICAL_SURFACE('',#3295,1.69000000000001);
#24=CYLINDRICAL_SURFACE('',#3296,0.500000000000011);
#25=CYLINDRICAL_SURFACE('',#3297,5.49999999999999);
#26=CYLINDRICAL_SURFACE('',#3298,0.500000000000018);
#27=CYLINDRICAL_SURFACE('',#3299,1.60000000000002);
#28=CYLINDRICAL_SURFACE('',#3300,0.499999999999972);
#29=CYLINDRICAL_SURFACE('',#3301,5.50000000000001);
#30=CYLINDRICAL_SURFACE('',#3302,0.499999999999998);
#31=CYLINDRICAL_SURFACE('',#3303,1.60000000000002);
#32=CYLINDRICAL_SURFACE('',#3304,0.500000000000011);
#33=CYLINDRICAL_SURFACE('',#3305,5.49999999999999);
#34=CYLINDRICAL_SURFACE('',#3306,0.500000000000017);
#35=CYLINDRICAL_SURFACE('',#3307,1.60000000000002);
#36=CYLINDRICAL_SURFACE('',#3308,0.499999999999972);
#37=CYLINDRICAL_SURFACE('',#3309,5.50000000000001);
#38=CYLINDRICAL_SURFACE('',#3310,0.499999999999987);
#39=CYLINDRICAL_SURFACE('',#3311,1.60000000000002);
#40=CYLINDRICAL_SURFACE('',#3312,1.59999999999997);
#41=CYLINDRICAL_SURFACE('',#3314,1.09999999999857);
#42=CYLINDRICAL_SURFACE('',#3316,1.59999999999997);
#43=CYLINDRICAL_SURFACE('',#3318,1.59999999999997);
#44=CYLINDRICAL_SURFACE('',#3320,1.09999999999857);
#45=CYLINDRICAL_SURFACE('',#3322,0.499999999999987);
#46=CYLINDRICAL_SURFACE('',#3323,1.60000000000001);
#47=CYLINDRICAL_SURFACE('',#3324,0.499999999999977);
#48=CYLINDRICAL_SURFACE('',#3325,5.50000000000002);
#49=CYLINDRICAL_SURFACE('',#3326,0.499999999999947);
#50=CYLINDRICAL_SURFACE('',#3327,1.59999999999995);
#51=CYLINDRICAL_SURFACE('',#3328,0.499999999999972);
#52=CYLINDRICAL_SURFACE('',#3329,5.50000000000001);
#53=CYLINDRICAL_SURFACE('',#3330,0.499999999999987);
#54=CYLINDRICAL_SURFACE('',#3331,1.60000000000001);
#55=CYLINDRICAL_SURFACE('',#3332,0.499999999999977);
#56=CYLINDRICAL_SURFACE('',#3333,5.50000000000002);
#57=CYLINDRICAL_SURFACE('',#3334,0.499999999999947);
#58=CYLINDRICAL_SURFACE('',#3335,1.59999999999995);
#59=CYLINDRICAL_SURFACE('',#3336,0.499999999999972);
#60=CYLINDRICAL_SURFACE('',#3337,5.50000000000001);
#61=CYLINDRICAL_SURFACE('',#3338,0.689999999999932);
#62=CYLINDRICAL_SURFACE('',#3340,1.59999999999995);
#63=CYLINDRICAL_SURFACE('',#3342,0.690000000000036);
#64=CYLINDRICAL_SURFACE('',#3344,2.09999999999994);
#65=CYLINDRICAL_SURFACE('',#3346,0.690000000000022);
#66=CYLINDRICAL_SURFACE('',#3348,5.09999999999994);
#67=CYLINDRICAL_SURFACE('',#3350,0.690000000000004);
#68=CYLINDRICAL_SURFACE('',#3352,2.09999999999858);
#69=CYLINDRICAL_SURFACE('',#3354,0.689999999999991);
#70=CYLINDRICAL_SURFACE('',#3356,5.09999999999999);
#71=CYLINDRICAL_SURFACE('',#3358,0.690000000000003);
#72=CYLINDRICAL_SURFACE('',#3360,2.10000000000003);
#73=CYLINDRICAL_SURFACE('',#3362,0.689999999999994);
#74=CYLINDRICAL_SURFACE('',#3364,1.60000000000001);
#75=CYLINDRICAL_SURFACE('',#3366,0.689999999999991);
#76=CYLINDRICAL_SURFACE('',#3368,2.1);
#77=CYLINDRICAL_SURFACE('',#3370,0.690000000000022);
#78=CYLINDRICAL_SURFACE('',#3372,5.10000000000006);
#79=CYLINDRICAL_SURFACE('',#3374,0.690000000000004);
#80=CYLINDRICAL_SURFACE('',#3376,2.10000000000003);
#81=CYLINDRICAL_SURFACE('',#3379,3.69000000000001);
#82=CYLINDRICAL_SURFACE('',#3381,3.69);
#83=CYLINDRICAL_SURFACE('',#3383,1.69000000000001);
#84=CYLINDRICAL_SURFACE('',#3385,1.68999999999997);
#85=CYLINDRICAL_SURFACE('',#3386,3.69);
#86=CYLINDRICAL_SURFACE('',#3388,3.69000000000001);
#87=CYLINDRICAL_SURFACE('',#3390,3.69000000000001);
#88=CYLINDRICAL_SURFACE('',#3392,3.69000000000001);
#89=CYLINDRICAL_SURFACE('',#3394,3.69);
#90=CYLINDRICAL_SURFACE('',#3396,3.69000000000001);
#91=CYLINDRICAL_SURFACE('',#3398,3.69);
#92=CYLINDRICAL_SURFACE('',#3400,3.69000000000001);
#93=CYLINDRICAL_SURFACE('',#3402,1.69000000000001);
#94=CYLINDRICAL_SURFACE('',#3404,0.689999999999998);
#95=CYLINDRICAL_SURFACE('',#3405,0.999999999999992);
#96=CYLINDRICAL_SURFACE('',#3407,0.690000000000026);
#97=CYLINDRICAL_SURFACE('',#3410,0.640000000000001);
#98=CYLINDRICAL_SURFACE('',#3413,0.640000000000042);
#99=CYLINDRICAL_SURFACE('',#3415,1.09999999999851);
#100=CYLINDRICAL_SURFACE('',#3417,0.640000000000001);
#101=CYLINDRICAL_SURFACE('',#3420,0.63999999999993);
#102=CYLINDRICAL_SURFACE('',#3423,1.89999999999998);
#103=CYLINDRICAL_SURFACE('',#3426,1.89999999999998);
#104=CYLINDRICAL_SURFACE('',#3429,0.640000000000001);
#105=CYLINDRICAL_SURFACE('',#3432,0.639999999999984);
#106=CYLINDRICAL_SURFACE('',#3434,1.09999999999853);
#107=CYLINDRICAL_SURFACE('',#3436,0.640000000000023);
#108=CYLINDRICAL_SURFACE('',#3439,0.640000000000023);
#109=CYLINDRICAL_SURFACE('',#3442,0.68999999999996);
#110=CYLINDRICAL_SURFACE('',#3444,0.999999999999992);
#111=CYLINDRICAL_SURFACE('',#3446,0.690000000000026);
#112=CYLINDRICAL_SURFACE('',#3448,1.68999999999997);
#113=CYLINDRICAL_SURFACE('',#3450,3.69);
#114=CYLINDRICAL_SURFACE('',#3452,3.69000000000001);
#115=CYLINDRICAL_SURFACE('',#3454,3.69);
#116=CYLINDRICAL_SURFACE('',#3456,3.69000000000001);
#117=CYLINDRICAL_SURFACE('',#3458,3.69);
#118=CYLINDRICAL_SURFACE('',#3460,3.69);
#119=CYLINDRICAL_SURFACE('',#3462,3.69);
#120=CYLINDRICAL_SURFACE('',#3464,3.69000000000001);
#121=CYLINDRICAL_SURFACE('',#3466,3.69);
#122=CYLINDRICAL_SURFACE('',#3469,3.69000000000001);
#123=CYLINDRICAL_SURFACE('',#3471,1.51);
#124=B_SPLINE_CURVE_WITH_KNOTS('',3,(#4584,#4585,#4586,#4587,#4588,#4589,
#4590,#4591,#4592,#4593,#4594,#4595,#4596,#4597,#4598,#4599,#4600,#4601,
#4602,#4603,#4604,#4605,#4606,#4607,#4608,#4609,#4610,#4611,#4612,#4613,
#4614,#4615,#4616,#4617,#4618,#4619,#4620,#4621,#4622,#4623,#4624,#4625,
#4626,#4627,#4628,#4629,#4630,#4631,#4632,#4633,#4634,#4635,#4636,#4637,
#4638,#4639,#4640,#4641,#4642,#4643,#4644),.UNSPECIFIED.,.F.,.F.,(4,3,3,
3,3,3,3,3,3,3,3,3,3,3,3,3,3,3,3,3,4),(-3.27516455547036,-3.20925821758755,
-3.14415947638142,-3.11683730285504,-3.05362350513467,-2.99082788807722,
-2.95851005023972,-2.89587329234663,-2.83341327270416,-2.80018279762439,
-2.73916250998582,-2.67813147715774,-2.64185554500907,-2.5797887600556,
-2.51762773577378,-2.45516542230637,-2.40436466608609,-2.34095231664999,
-2.27717424022456,-2.21258263225923,-2.1668737871631),.UNSPECIFIED.);
#125=B_SPLINE_CURVE_WITH_KNOTS('',3,(#4649,#4650,#4651,#4652,#4653,#4654,
#4655,#4656,#4657),.UNSPECIFIED.,.F.,.F.,(4,1,1,1,1,1,4),(2.1668737871631,
2.40436466608609,2.64185554500907,2.80018279762439,2.95851005023972,3.11683730285504,
3.27516455547036),.UNSPECIFIED.);
#126=B_SPLINE_CURVE_WITH_KNOTS('',3,(#4663,#4664,#4665,#4666,#4667),
 .UNSPECIFIED.,.F.,.F.,(4,1,4),(0.,0.673198425769246,1.57079632679494),
 .UNSPECIFIED.);
#127=B_SPLINE_CURVE_WITH_KNOTS('',3,(#4802,#4803,#4804,#4805,#4806,#4807),
 .UNSPECIFIED.,.F.,.F.,(4,2,4),(0.,0.0533357691228274,0.106657411733685),
 .UNSPECIFIED.);
#128=B_SPLINE_CURVE_WITH_KNOTS('',3,(#4823,#4824,#4825,#4826,#4827,#4828),
 .UNSPECIFIED.,.F.,.F.,(4,2,4),(-0.106716066264034,-0.0533509661101804,
0.),.UNSPECIFIED.);
#129=B_SPLINE_CURVE_WITH_KNOTS('',3,(#4831,#4832,#4833,#4834,#4835,#4836,
#4837,#4838,#4839),.UNSPECIFIED.,.F.,.F.,(4,1,1,1,1,1,4),(0.596077460368267,
0.833568339291272,1.07105921821428,1.22938647082961,1.38771372344495,1.54604097606029,
1.70436822867562),.UNSPECIFIED.);
#130=B_SPLINE_CURVE_WITH_KNOTS('',3,(#4863,#4864,#4865,#4866,#4867),
 .UNSPECIFIED.,.F.,.F.,(4,1,4),(0.,0.89759790102564,1.57079632679494),
 .UNSPECIFIED.);
#131=B_SPLINE_CURVE_WITH_KNOTS('',3,(#5178,#5179,#5180,#5181,#5182,#5183,
#5184,#5185,#5186,#5187,#5188,#5189,#5190,#5191,#5192,#5193,#5194,#5195,
#5196,#5197,#5198,#5199,#5200,#5201,#5202,#5203,#5204,#5205,#5206,#5207,
#5208,#5209,#5210,#5211,#5212,#5213,#5214,#5215,#5216,#5217,#5218,#5219,
#5220,#5221,#5222,#5223,#5224,#5225,#5226,#5227,#5228,#5229,#5230,#5231,
#5232,#5233,#5234,#5235,#5236,#5237,#5238),.UNSPECIFIED.,.F.,.F.,(4,3,3,
3,3,3,3,3,3,3,3,3,3,3,3,3,3,3,3,3,4),(-1.70436822867556,-1.63846197856794,
-1.57336332529421,-1.54604097606029,-1.48282713511729,-1.4200314748083,
-1.38771372344495,-1.32507706165252,-1.26261713776199,-1.22938647082961,
-1.1683660885519,-1.10733496084696,-1.07105921821428,-1.0089925511538,-0.946831644646756,
-0.88436944717954,-0.833568339291272,-0.770155786806185,-0.706377505418908,
-0.641785693937544,-0.596077460368267),.UNSPECIFIED.);
#132=B_SPLINE_SURFACE_WITH_KNOTS('',3,3,((#4544,#4545,#4546,#4547,#4548,
#4549,#4550,#4551,#4552),(#4553,#4554,#4555,#4556,#4557,#4558,#4559,#4560,
#4561),(#4562,#4563,#4564,#4565,#4566,#4567,#4568,#4569,#4570),(#4571,#4572,
#4573,#4574,#4575,#4576,#4577,#4578,#4579)),.UNSPECIFIED.,.F.,.F.,.F.,(4,
4),(4,1,1,1,1,1,4),(0.,1.50006383731875),(2.16680994984436,2.40436466608609,
2.64185554500907,2.80018279762439,2.95851005023972,3.11683730285504,3.2752283927891),
 .UNSPECIFIED.);
#133=B_SPLINE_SURFACE_WITH_KNOTS('',3,3,((#4840,#4841,#4842,#4843),(#4844,
#4845,#4846,#4847),(#4848,#4849,#4850,#4851),(#4852,#4853,#4854,#4855),
(#4856,#4857,#4858,#4859)),.UNSPECIFIED.,.F.,.F.,.F.,(4,1,4),(4,4),(1.92941260505262,
2.01446207844023,2.07824918348094),(-1.21386456646539E-6,0.15),
 .UNSPECIFIED.);
#134=B_SPLINE_SURFACE_WITH_KNOTS('',3,3,((#5139,#5140,#5141,#5142,#5143,
#5144,#5145,#5146,#5147),(#5148,#5149,#5150,#5151,#5152,#5153,#5154,#5155,
#5156),(#5157,#5158,#5159,#5160,#5161,#5162,#5163,#5164,#5165),(#5166,#5167,
#5168,#5169,#5170,#5171,#5172,#5173,#5174)),.UNSPECIFIED.,.F.,.F.,.F.,(4,
4),(4,1,1,1,1,1,4),(0.,1.50006383744202),(0.596013622926255,0.833568339291272,
1.07105921821428,1.22938647082961,1.38771372344495,1.54604097606029,1.70443206611758),
 .UNSPECIFIED.);
#135=B_SPLINE_SURFACE_WITH_KNOTS('',3,3,((#5435,#5436,#5437,#5438),(#5439,
#5440,#5441,#5442),(#5443,#5444,#5445,#5446),(#5447,#5448,#5449,#5450),
(#5451,#5452,#5453,#5454)),.UNSPECIFIED.,.F.,.F.,.F.,(4,1,4),(4,4),(2.6351050150911,
2.69889212013181,2.78394159351942),(-1.21384673732217E-6,0.15),
 .UNSPECIFIED.);
#136=FACE_BOUND('',#316,.T.);
#137=FACE_BOUND('',#317,.T.);
#138=FACE_BOUND('',#323,.T.);
#139=FACE_BOUND('',#324,.T.);
#140=FACE_BOUND('',#325,.T.);
#141=FACE_BOUND('',#326,.T.);
#142=FACE_BOUND('',#327,.T.);
#143=FACE_BOUND('',#328,.T.);
#144=FACE_BOUND('',#335,.T.);
#145=FACE_BOUND('',#336,.T.);
#146=FACE_BOUND('',#338,.T.);
#147=FACE_BOUND('',#339,.T.);
#148=FACE_BOUND('',#342,.T.);
#149=FACE_BOUND('',#343,.T.);
#150=FACE_BOUND('',#488,.T.);
#151=FACE_BOUND('',#489,.T.);
#152=FACE_BOUND('',#490,.T.);
#153=FACE_BOUND('',#491,.T.);
#154=FACE_BOUND('',#492,.T.);
#155=FACE_BOUND('',#493,.T.);
#156=FACE_OUTER_BOUND('',#315,.T.);
#157=FACE_OUTER_BOUND('',#318,.T.);
#158=FACE_OUTER_BOUND('',#319,.T.);
#159=FACE_OUTER_BOUND('',#320,.T.);
#160=FACE_OUTER_BOUND('',#321,.T.);
#161=FACE_OUTER_BOUND('',#322,.T.);
#162=FACE_OUTER_BOUND('',#329,.T.);
#163=FACE_OUTER_BOUND('',#330,.T.);
#164=FACE_OUTER_BOUND('',#331,.T.);
#165=FACE_OUTER_BOUND('',#332,.T.);
#166=FACE_OUTER_BOUND('',#333,.T.);
#167=FACE_OUTER_BOUND('',#334,.T.);
#168=FACE_OUTER_BOUND('',#337,.T.);
#169=FACE_OUTER_BOUND('',#340,.T.);
#170=FACE_OUTER_BOUND('',#341,.T.);
#171=FACE_OUTER_BOUND('',#344,.T.);
#172=FACE_OUTER_BOUND('',#345,.T.);
#173=FACE_OUTER_BOUND('',#346,.T.);
#174=FACE_OUTER_BOUND('',#347,.T.);
#175=FACE_OUTER_BOUND('',#348,.T.);
#176=FACE_OUTER_BOUND('',#349,.T.);
#177=FACE_OUTER_BOUND('',#350,.T.);
#178=FACE_OUTER_BOUND('',#351,.T.);
#179=FACE_OUTER_BOUND('',#352,.T.);
#180=FACE_OUTER_BOUND('',#353,.T.);
#181=FACE_OUTER_BOUND('',#354,.T.);
#182=FACE_OUTER_BOUND('',#355,.T.);
#183=FACE_OUTER_BOUND('',#356,.T.);
#184=FACE_OUTER_BOUND('',#357,.T.);
#185=FACE_OUTER_BOUND('',#358,.T.);
#186=FACE_OUTER_BOUND('',#359,.T.);
#187=FACE_OUTER_BOUND('',#360,.T.);
#188=FACE_OUTER_BOUND('',#361,.T.);
#189=FACE_OUTER_BOUND('',#362,.T.);
#190=FACE_OUTER_BOUND('',#363,.T.);
#191=FACE_OUTER_BOUND('',#364,.T.);
#192=FACE_OUTER_BOUND('',#365,.T.);
#193=FACE_OUTER_BOUND('',#366,.T.);
#194=FACE_OUTER_BOUND('',#367,.T.);
#195=FACE_OUTER_BOUND('',#368,.T.);
#196=FACE_OUTER_BOUND('',#369,.T.);
#197=FACE_OUTER_BOUND('',#370,.T.);
#198=FACE_OUTER_BOUND('',#371,.T.);
#199=FACE_OUTER_BOUND('',#372,.T.);
#200=FACE_OUTER_BOUND('',#373,.T.);
#201=FACE_OUTER_BOUND('',#374,.T.);
#202=FACE_OUTER_BOUND('',#375,.T.);
#203=FACE_OUTER_BOUND('',#376,.T.);
#204=FACE_OUTER_BOUND('',#377,.T.);
#205=FACE_OUTER_BOUND('',#378,.T.);
#206=FACE_OUTER_BOUND('',#379,.T.);
#207=FACE_OUTER_BOUND('',#380,.T.);
#208=FACE_OUTER_BOUND('',#381,.T.);
#209=FACE_OUTER_BOUND('',#382,.T.);
#210=FACE_OUTER_BOUND('',#383,.T.);
#211=FACE_OUTER_BOUND('',#384,.T.);
#212=FACE_OUTER_BOUND('',#385,.T.);
#213=FACE_OUTER_BOUND('',#386,.T.);
#214=FACE_OUTER_BOUND('',#387,.T.);
#215=FACE_OUTER_BOUND('',#388,.T.);
#216=FACE_OUTER_BOUND('',#389,.T.);
#217=FACE_OUTER_BOUND('',#390,.T.);
#218=FACE_OUTER_BOUND('',#391,.T.);
#219=FACE_OUTER_BOUND('',#392,.T.);
#220=FACE_OUTER_BOUND('',#393,.T.);
#221=FACE_OUTER_BOUND('',#394,.T.);
#222=FACE_OUTER_BOUND('',#395,.T.);
#223=FACE_OUTER_BOUND('',#396,.T.);
#224=FACE_OUTER_BOUND('',#397,.T.);
#225=FACE_OUTER_BOUND('',#398,.T.);
#226=FACE_OUTER_BOUND('',#399,.T.);
#227=FACE_OUTER_BOUND('',#400,.T.);
#228=FACE_OUTER_BOUND('',#401,.T.);
#229=FACE_OUTER_BOUND('',#402,.T.);
#230=FACE_OUTER_BOUND('',#403,.T.);
#231=FACE_OUTER_BOUND('',#404,.T.);
#232=FACE_OUTER_BOUND('',#405,.T.);
#233=FACE_OUTER_BOUND('',#406,.T.);
#234=FACE_OUTER_BOUND('',#407,.T.);
#235=FACE_OUTER_BOUND('',#408,.T.);
#236=FACE_OUTER_BOUND('',#409,.T.);
#237=FACE_OUTER_BOUND('',#410,.T.);
#238=FACE_OUTER_BOUND('',#411,.T.);
#239=FACE_OUTER_BOUND('',#412,.T.);
#240=FACE_OUTER_BOUND('',#413,.T.);
#241=FACE_OUTER_BOUND('',#414,.T.);
#242=FACE_OUTER_BOUND('',#415,.T.);
#243=FACE_OUTER_BOUND('',#416,.T.);
#244=FACE_OUTER_BOUND('',#417,.T.);
#245=FACE_OUTER_BOUND('',#418,.T.);
#246=FACE_OUTER_BOUND('',#419,.T.);
#247=FACE_OUTER_BOUND('',#420,.T.);
#248=FACE_OUTER_BOUND('',#421,.T.);
#249=FACE_OUTER_BOUND('',#422,.T.);
#250=FACE_OUTER_BOUND('',#423,.T.);
#251=FACE_OUTER_BOUND('',#424,.T.);
#252=FACE_OUTER_BOUND('',#425,.T.);
#253=FACE_OUTER_BOUND('',#426,.T.);
#254=FACE_OUTER_BOUND('',#427,.T.);
#255=FACE_OUTER_BOUND('',#428,.T.);
#256=FACE_OUTER_BOUND('',#429,.T.);
#257=FACE_OUTER_BOUND('',#430,.T.);
#258=FACE_OUTER_BOUND('',#431,.T.);
#259=FACE_OUTER_BOUND('',#432,.T.);
#260=FACE_OUTER_BOUND('',#433,.T.);
#261=FACE_OUTER_BOUND('',#434,.T.);
#262=FACE_OUTER_BOUND('',#435,.T.);
#263=FACE_OUTER_BOUND('',#436,.T.);
#264=FACE_OUTER_BOUND('',#437,.T.);
#265=FACE_OUTER_BOUND('',#438,.T.);
#266=FACE_OUTER_BOUND('',#439,.T.);
#267=FACE_OUTER_BOUND('',#440,.T.);
#268=FACE_OUTER_BOUND('',#441,.T.);
#269=FACE_OUTER_BOUND('',#442,.T.);
#270=FACE_OUTER_BOUND('',#443,.T.);
#271=FACE_OUTER_BOUND('',#444,.T.);
#272=FACE_OUTER_BOUND('',#445,.T.);
#273=FACE_OUTER_BOUND('',#446,.T.);
#274=FACE_OUTER_BOUND('',#447,.T.);
#275=FACE_OUTER_BOUND('',#448,.T.);
#276=FACE_OUTER_BOUND('',#449,.T.);
#277=FACE_OUTER_BOUND('',#450,.T.);
#278=FACE_OUTER_BOUND('',#451,.T.);
#279=FACE_OUTER_BOUND('',#452,.T.);
#280=FACE_OUTER_BOUND('',#453,.T.);
#281=FACE_OUTER_BOUND('',#454,.T.);
#282=FACE_OUTER_BOUND('',#455,.T.);
#283=FACE_OUTER_BOUND('',#456,.T.);
#284=FACE_OUTER_BOUND('',#457,.T.);
#285=FACE_OUTER_BOUND('',#458,.T.);
#286=FACE_OUTER_BOUND('',#459,.T.);
#287=FACE_OUTER_BOUND('',#460,.T.);
#288=FACE_OUTER_BOUND('',#461,.T.);
#289=FACE_OUTER_BOUND('',#462,.T.);
#290=FACE_OUTER_BOUND('',#463,.T.);
#291=FACE_OUTER_BOUND('',#464,.T.);
#292=FACE_OUTER_BOUND('',#465,.T.);
#293=FACE_OUTER_BOUND('',#466,.T.);
#294=FACE_OUTER_BOUND('',#467,.T.);
#295=FACE_OUTER_BOUND('',#468,.T.);
#296=FACE_OUTER_BOUND('',#469,.T.);
#297=FACE_OUTER_BOUND('',#470,.T.);
#298=FACE_OUTER_BOUND('',#471,.T.);
#299=FACE_OUTER_BOUND('',#472,.T.);
#300=FACE_OUTER_BOUND('',#473,.T.);
#301=FACE_OUTER_BOUND('',#474,.T.);
#302=FACE_OUTER_BOUND('',#475,.T.);
#303=FACE_OUTER_BOUND('',#476,.T.);
#304=FACE_OUTER_BOUND('',#477,.T.);
#305=FACE_OUTER_BOUND('',#478,.T.);
#306=FACE_OUTER_BOUND('',#479,.T.);
#307=FACE_OUTER_BOUND('',#480,.T.);
#308=FACE_OUTER_BOUND('',#481,.T.);
#309=FACE_OUTER_BOUND('',#482,.T.);
#310=FACE_OUTER_BOUND('',#483,.T.);
#311=FACE_OUTER_BOUND('',#484,.T.);
#312=FACE_OUTER_BOUND('',#485,.T.);
#313=FACE_OUTER_BOUND('',#486,.T.);
#314=FACE_OUTER_BOUND('',#487,.T.);
#315=EDGE_LOOP('',(#1963,#1964,#1965,#1966,#1967,#1968,#1969,#1970,#1971,
#1972,#1973,#1974,#1975,#1976,#1977,#1978,#1979,#1980,#1981,#1982,#1983,
#1984));
#316=EDGE_LOOP('',(#1985,#1986,#1987,#1988,#1989,#1990,#1991,#1992,#1993,
#1994,#1995,#1996,#1997,#1998,#1999,#2000));
#317=EDGE_LOOP('',(#2001,#2002,#2003,#2004,#2005,#2006,#2007,#2008));
#318=EDGE_LOOP('',(#2009,#2010,#2011,#2012,#2013,#2014));
#319=EDGE_LOOP('',(#2015,#2016,#2017,#2018));
#320=EDGE_LOOP('',(#2019,#2020,#2021,#2022,#2023));
#321=EDGE_LOOP('',(#2024,#2025,#2026,#2027,#2028));
#322=EDGE_LOOP('',(#2029,#2030,#2031,#2032,#2033,#2034,#2035,#2036,#2037,
#2038,#2039,#2040,#2041,#2042,#2043,#2044,#2045,#2046,#2047,#2048,#2049,
#2050,#2051,#2052,#2053,#2054,#2055,#2056,#2057,#2058,#2059,#2060));
#323=EDGE_LOOP('',(#2061,#2062,#2063,#2064,#2065,#2066,#2067,#2068,#2069,
#2070,#2071,#2072,#2073,#2074,#2075,#2076,#2077,#2078,#2079,#2080));
#324=EDGE_LOOP('',(#2081));
#325=EDGE_LOOP('',(#2082));
#326=EDGE_LOOP('',(#2083));
#327=EDGE_LOOP('',(#2084));
#328=EDGE_LOOP('',(#2085));
#329=EDGE_LOOP('',(#2086,#2087,#2088,#2089,#2090));
#330=EDGE_LOOP('',(#2091,#2092,#2093,#2094));
#331=EDGE_LOOP('',(#2095,#2096,#2097,#2098,#2099));
#332=EDGE_LOOP('',(#2100,#2101,#2102,#2103));
#333=EDGE_LOOP('',(#2104,#2105,#2106,#2107,#2108,#2109));
#334=EDGE_LOOP('',(#2110,#2111,#2112,#2113,#2114,#2115,#2116,#2117,#2118,
#2119,#2120,#2121,#2122,#2123,#2124,#2125,#2126,#2127,#2128,#2129,#2130,
#2131));
#335=EDGE_LOOP('',(#2132,#2133,#2134,#2135,#2136,#2137,#2138,#2139,#2140,
#2141,#2142,#2143,#2144,#2145,#2146,#2147));
#336=EDGE_LOOP('',(#2148,#2149,#2150,#2151,#2152,#2153,#2154,#2155));
#337=EDGE_LOOP('',(#2156,#2157,#2158,#2159,#2160,#2161,#2162,#2163,#2164,
#2165,#2166,#2167,#2168,#2169,#2170,#2171,#2172,#2173,#2174,#2175,#2176,
#2177));
#338=EDGE_LOOP('',(#2178,#2179,#2180,#2181,#2182,#2183,#2184,#2185,#2186,
#2187,#2188,#2189,#2190,#2191,#2192,#2193));
#339=EDGE_LOOP('',(#2194,#2195,#2196,#2197,#2198,#2199,#2200,#2201));
#340=EDGE_LOOP('',(#2202,#2203,#2204,#2205,#2206));
#341=EDGE_LOOP('',(#2207,#2208,#2209,#2210,#2211,#2212,#2213,#2214,#2215,
#2216,#2217,#2218,#2219,#2220,#2221,#2222,#2223,#2224,#2225,#2226,#2227,
#2228));
#342=EDGE_LOOP('',(#2229,#2230,#2231,#2232,#2233,#2234,#2235,#2236));
#343=EDGE_LOOP('',(#2237,#2238,#2239,#2240,#2241,#2242,#2243,#2244,#2245,
#2246,#2247,#2248,#2249,#2250,#2251,#2252));
#344=EDGE_LOOP('',(#2253,#2254,#2255,#2256,#2257,#2258));
#345=EDGE_LOOP('',(#2259,#2260,#2261,#2262));
#346=EDGE_LOOP('',(#2263,#2264,#2265,#2266));
#347=EDGE_LOOP('',(#2267,#2268,#2269,#2270));
#348=EDGE_LOOP('',(#2271,#2272,#2273,#2274));
#349=EDGE_LOOP('',(#2275,#2276,#2277,#2278));
#350=EDGE_LOOP('',(#2279,#2280,#2281,#2282));
#351=EDGE_LOOP('',(#2283,#2284,#2285,#2286));
#352=EDGE_LOOP('',(#2287,#2288,#2289,#2290));
#353=EDGE_LOOP('',(#2291,#2292,#2293,#2294));
#354=EDGE_LOOP('',(#2295,#2296,#2297,#2298));
#355=EDGE_LOOP('',(#2299,#2300,#2301,#2302));
#356=EDGE_LOOP('',(#2303,#2304,#2305,#2306));
#357=EDGE_LOOP('',(#2307,#2308,#2309,#2310));
#358=EDGE_LOOP('',(#2311,#2312,#2313,#2314));
#359=EDGE_LOOP('',(#2315,#2316,#2317,#2318));
#360=EDGE_LOOP('',(#2319,#2320,#2321,#2322));
#361=EDGE_LOOP('',(#2323,#2324,#2325,#2326));
#362=EDGE_LOOP('',(#2327,#2328,#2329,#2330));
#363=EDGE_LOOP('',(#2331,#2332,#2333,#2334));
#364=EDGE_LOOP('',(#2335,#2336,#2337,#2338));
#365=EDGE_LOOP('',(#2339,#2340,#2341,#2342));
#366=EDGE_LOOP('',(#2343,#2344,#2345,#2346));
#367=EDGE_LOOP('',(#2347,#2348,#2349,#2350));
#368=EDGE_LOOP('',(#2351,#2352,#2353,#2354));
#369=EDGE_LOOP('',(#2355,#2356,#2357,#2358));
#370=EDGE_LOOP('',(#2359,#2360,#2361,#2362));
#371=EDGE_LOOP('',(#2363,#2364,#2365,#2366));
#372=EDGE_LOOP('',(#2367,#2368,#2369,#2370));
#373=EDGE_LOOP('',(#2371,#2372,#2373,#2374));
#374=EDGE_LOOP('',(#2375,#2376,#2377,#2378));
#375=EDGE_LOOP('',(#2379,#2380,#2381,#2382));
#376=EDGE_LOOP('',(#2383,#2384,#2385,#2386));
#377=EDGE_LOOP('',(#2387,#2388,#2389,#2390));
#378=EDGE_LOOP('',(#2391,#2392,#2393,#2394));
#379=EDGE_LOOP('',(#2395,#2396,#2397,#2398));
#380=EDGE_LOOP('',(#2399,#2400,#2401,#2402));
#381=EDGE_LOOP('',(#2403,#2404,#2405,#2406));
#382=EDGE_LOOP('',(#2407,#2408,#2409,#2410));
#383=EDGE_LOOP('',(#2411,#2412,#2413,#2414));
#384=EDGE_LOOP('',(#2415,#2416,#2417,#2418));
#385=EDGE_LOOP('',(#2419,#2420,#2421,#2422));
#386=EDGE_LOOP('',(#2423,#2424,#2425,#2426));
#387=EDGE_LOOP('',(#2427,#2428,#2429,#2430));
#388=EDGE_LOOP('',(#2431,#2432,#2433,#2434));
#389=EDGE_LOOP('',(#2435,#2436,#2437,#2438));
#390=EDGE_LOOP('',(#2439,#2440,#2441,#2442));
#391=EDGE_LOOP('',(#2443,#2444,#2445,#2446));
#392=EDGE_LOOP('',(#2447,#2448,#2449,#2450));
#393=EDGE_LOOP('',(#2451,#2452,#2453,#2454));
#394=EDGE_LOOP('',(#2455,#2456,#2457,#2458));
#395=EDGE_LOOP('',(#2459,#2460,#2461,#2462));
#396=EDGE_LOOP('',(#2463,#2464,#2465,#2466));
#397=EDGE_LOOP('',(#2467,#2468,#2469,#2470));
#398=EDGE_LOOP('',(#2471,#2472,#2473,#2474));
#399=EDGE_LOOP('',(#2475,#2476,#2477,#2478));
#400=EDGE_LOOP('',(#2479,#2480,#2481,#2482));
#401=EDGE_LOOP('',(#2483,#2484,#2485,#2486));
#402=EDGE_LOOP('',(#2487,#2488,#2489,#2490));
#403=EDGE_LOOP('',(#2491,#2492,#2493,#2494));
#404=EDGE_LOOP('',(#2495,#2496,#2497,#2498));
#405=EDGE_LOOP('',(#2499,#2500,#2501,#2502));
#406=EDGE_LOOP('',(#2503,#2504,#2505,#2506));
#407=EDGE_LOOP('',(#2507,#2508,#2509,#2510));
#408=EDGE_LOOP('',(#2511,#2512,#2513,#2514));
#409=EDGE_LOOP('',(#2515,#2516,#2517,#2518));
#410=EDGE_LOOP('',(#2519,#2520,#2521,#2522));
#411=EDGE_LOOP('',(#2523,#2524,#2525,#2526));
#412=EDGE_LOOP('',(#2527,#2528,#2529,#2530));
#413=EDGE_LOOP('',(#2531,#2532,#2533,#2534));
#414=EDGE_LOOP('',(#2535,#2536,#2537,#2538));
#415=EDGE_LOOP('',(#2539,#2540,#2541,#2542));
#416=EDGE_LOOP('',(#2543,#2544,#2545,#2546));
#417=EDGE_LOOP('',(#2547,#2548,#2549,#2550));
#418=EDGE_LOOP('',(#2551,#2552,#2553,#2554,#2555,#2556));
#419=EDGE_LOOP('',(#2557,#2558,#2559,#2560));
#420=EDGE_LOOP('',(#2561,#2562,#2563,#2564));
#421=EDGE_LOOP('',(#2565,#2566,#2567,#2568));
#422=EDGE_LOOP('',(#2569,#2570,#2571,#2572));
#423=EDGE_LOOP('',(#2573,#2574,#2575,#2576));
#424=EDGE_LOOP('',(#2577,#2578,#2579,#2580));
#425=EDGE_LOOP('',(#2581,#2582,#2583,#2584));
#426=EDGE_LOOP('',(#2585,#2586,#2587,#2588));
#427=EDGE_LOOP('',(#2589,#2590,#2591,#2592));
#428=EDGE_LOOP('',(#2593,#2594,#2595,#2596));
#429=EDGE_LOOP('',(#2597,#2598,#2599,#2600));
#430=EDGE_LOOP('',(#2601,#2602,#2603,#2604));
#431=EDGE_LOOP('',(#2605,#2606,#2607,#2608));
#432=EDGE_LOOP('',(#2609,#2610,#2611,#2612));
#433=EDGE_LOOP('',(#2613,#2614,#2615,#2616));
#434=EDGE_LOOP('',(#2617,#2618,#2619,#2620));
#435=EDGE_LOOP('',(#2621,#2622,#2623,#2624));
#436=EDGE_LOOP('',(#2625,#2626,#2627,#2628));
#437=EDGE_LOOP('',(#2629,#2630,#2631,#2632));
#438=EDGE_LOOP('',(#2633,#2634,#2635,#2636,#2637));
#439=EDGE_LOOP('',(#2638,#2639,#2640,#2641));
#440=EDGE_LOOP('',(#2642,#2643,#2644,#2645));
#441=EDGE_LOOP('',(#2646,#2647,#2648,#2649));
#442=EDGE_LOOP('',(#2650,#2651,#2652,#2653));
#443=EDGE_LOOP('',(#2654,#2655,#2656,#2657));
#444=EDGE_LOOP('',(#2658,#2659,#2660,#2661));
#445=EDGE_LOOP('',(#2662,#2663,#2664,#2665));
#446=EDGE_LOOP('',(#2666,#2667,#2668,#2669));
#447=EDGE_LOOP('',(#2670,#2671,#2672,#2673));
#448=EDGE_LOOP('',(#2674,#2675,#2676,#2677));
#449=EDGE_LOOP('',(#2678,#2679,#2680,#2681));
#450=EDGE_LOOP('',(#2682,#2683,#2684,#2685));
#451=EDGE_LOOP('',(#2686,#2687,#2688,#2689));
#452=EDGE_LOOP('',(#2690,#2691,#2692,#2693));
#453=EDGE_LOOP('',(#2694,#2695,#2696,#2697));
#454=EDGE_LOOP('',(#2698,#2699,#2700,#2701));
#455=EDGE_LOOP('',(#2702,#2703,#2704,#2705));
#456=EDGE_LOOP('',(#2706,#2707,#2708,#2709));
#457=EDGE_LOOP('',(#2710,#2711,#2712,#2713));
#458=EDGE_LOOP('',(#2714,#2715,#2716,#2717));
#459=EDGE_LOOP('',(#2718,#2719,#2720,#2721));
#460=EDGE_LOOP('',(#2722,#2723,#2724,#2725));
#461=EDGE_LOOP('',(#2726,#2727,#2728,#2729));
#462=EDGE_LOOP('',(#2730,#2731,#2732,#2733,#2734));
#463=EDGE_LOOP('',(#2735,#2736,#2737,#2738));
#464=EDGE_LOOP('',(#2739,#2740,#2741,#2742));
#465=EDGE_LOOP('',(#2743,#2744,#2745,#2746));
#466=EDGE_LOOP('',(#2747,#2748,#2749,#2750));
#467=EDGE_LOOP('',(#2751,#2752,#2753,#2754));
#468=EDGE_LOOP('',(#2755,#2756,#2757,#2758));
#469=EDGE_LOOP('',(#2759,#2760,#2761,#2762));
#470=EDGE_LOOP('',(#2763,#2764,#2765,#2766));
#471=EDGE_LOOP('',(#2767,#2768,#2769,#2770));
#472=EDGE_LOOP('',(#2771,#2772,#2773,#2774));
#473=EDGE_LOOP('',(#2775,#2776,#2777,#2778));
#474=EDGE_LOOP('',(#2779,#2780,#2781,#2782));
#475=EDGE_LOOP('',(#2783,#2784,#2785,#2786));
#476=EDGE_LOOP('',(#2787,#2788,#2789,#2790));
#477=EDGE_LOOP('',(#2791,#2792,#2793,#2794));
#478=EDGE_LOOP('',(#2795,#2796,#2797,#2798));
#479=EDGE_LOOP('',(#2799,#2800,#2801,#2802));
#480=EDGE_LOOP('',(#2803,#2804,#2805,#2806));
#481=EDGE_LOOP('',(#2807,#2808,#2809,#2810));
#482=EDGE_LOOP('',(#2811,#2812,#2813,#2814,#2815));
#483=EDGE_LOOP('',(#2816,#2817,#2818,#2819));
#484=EDGE_LOOP('',(#2820,#2821,#2822,#2823));
#485=EDGE_LOOP('',(#2824,#2825,#2826,#2827));
#486=EDGE_LOOP('',(#2828,#2829,#2830,#2831));
#487=EDGE_LOOP('',(#2832,#2833,#2834,#2835,#2836,#2837,#2838,#2839,#2840,
#2841,#2842,#2843,#2844,#2845,#2846,#2847,#2848,#2849,#2850,#2851,#2852,
#2853,#2854,#2855,#2856,#2857,#2858,#2859,#2860,#2861,#2862,#2863));
#488=EDGE_LOOP('',(#2864,#2865,#2866,#2867,#2868,#2869,#2870,#2871,#2872,
#2873,#2874,#2875,#2876,#2877,#2878,#2879,#2880,#2881,#2882,#2883));
#489=EDGE_LOOP('',(#2884));
#490=EDGE_LOOP('',(#2885));
#491=EDGE_LOOP('',(#2886));
#492=EDGE_LOOP('',(#2887));
#493=EDGE_LOOP('',(#2888));
#494=CIRCLE('',#3109,3.69);
#495=CIRCLE('',#3110,3.69000000000001);
#496=CIRCLE('',#3111,3.69000000000001);
#497=CIRCLE('',#3112,3.69000000000001);
#498=CIRCLE('',#3113,3.69);
#499=CIRCLE('',#3114,3.69000000000001);
#500=CIRCLE('',#3115,3.69);
#501=CIRCLE('',#3116,3.69000000000001);
#502=CIRCLE('',#3117,1.69000000000001);
#503=CIRCLE('',#3118,0.689999999999998);
#504=CIRCLE('',#3119,0.999999999999992);
#505=CIRCLE('',#3120,5.50000000000001);
#506=CIRCLE('',#3121,0.499999999999987);
#507=CIRCLE('',#3122,1.60000000000001);
#508=CIRCLE('',#3123,0.499999999999977);
#509=CIRCLE('',#3124,5.50000000000002);
#510=CIRCLE('',#3125,0.499999999999947);
#511=CIRCLE('',#3126,1.59999999999995);
#512=CIRCLE('',#3127,0.499999999999972);
#513=CIRCLE('',#3128,5.50000000000001);
#514=CIRCLE('',#3129,0.499999999999987);
#515=CIRCLE('',#3130,1.60000000000001);
#516=CIRCLE('',#3131,0.499999999999977);
#517=CIRCLE('',#3132,5.50000000000002);
#518=CIRCLE('',#3133,0.499999999999947);
#519=CIRCLE('',#3134,1.59999999999995);
#520=CIRCLE('',#3135,0.499999999999972);
#521=CIRCLE('',#3136,1.69000000000001);
#522=CIRCLE('',#3137,1.68999999999997);
#523=CIRCLE('',#3138,3.69000000000001);
#524=CIRCLE('',#3139,3.69);
#525=CIRCLE('',#3143,0.999999999999992);
#526=CIRCLE('',#3145,3.69000000000001);
#527=CIRCLE('',#3146,3.69);
#528=CIRCLE('',#3147,0.999999999999992);
#529=CIRCLE('',#3148,0.68999999999996);
#530=CIRCLE('',#3149,0.640000000000023);
#531=CIRCLE('',#3150,0.640000000000023);
#532=CIRCLE('',#3151,1.09999999999853);
#533=CIRCLE('',#3152,0.639999999999984);
#534=CIRCLE('',#3153,0.640000000000001);
#535=CIRCLE('',#3154,1.89999999999998);
#536=CIRCLE('',#3155,1.89999999999998);
#537=CIRCLE('',#3156,0.63999999999993);
#538=CIRCLE('',#3157,0.640000000000001);
#539=CIRCLE('',#3158,1.09999999999851);
#540=CIRCLE('',#3159,0.640000000000042);
#541=CIRCLE('',#3160,0.640000000000001);
#542=CIRCLE('',#3161,0.690000000000026);
#543=CIRCLE('',#3162,0.999999999999992);
#544=CIRCLE('',#3163,2.10000000000003);
#545=CIRCLE('',#3164,0.690000000000004);
#546=CIRCLE('',#3165,5.10000000000006);
#547=CIRCLE('',#3166,0.690000000000022);
#548=CIRCLE('',#3167,2.1);
#549=CIRCLE('',#3168,0.689999999999991);
#550=CIRCLE('',#3169,1.60000000000001);
#551=CIRCLE('',#3170,0.689999999999994);
#552=CIRCLE('',#3171,2.10000000000003);
#553=CIRCLE('',#3172,0.690000000000003);
#554=CIRCLE('',#3173,5.09999999999999);
#555=CIRCLE('',#3174,0.689999999999991);
#556=CIRCLE('',#3175,2.09999999999858);
#557=CIRCLE('',#3176,0.690000000000004);
#558=CIRCLE('',#3177,5.09999999999994);
#559=CIRCLE('',#3178,0.690000000000022);
#560=CIRCLE('',#3179,2.09999999999994);
#561=CIRCLE('',#3180,0.690000000000036);
#562=CIRCLE('',#3181,1.59999999999995);
#563=CIRCLE('',#3182,0.689999999999932);
#564=CIRCLE('',#3183,1.09999999999857);
#565=CIRCLE('',#3184,1.59999999999997);
#566=CIRCLE('',#3185,1.59999999999997);
#567=CIRCLE('',#3186,1.09999999999857);
#568=CIRCLE('',#3187,1.59999999999997);
#569=CIRCLE('',#3191,0.999999999999992);
#570=CIRCLE('',#3192,0.999999999999992);
#571=CIRCLE('',#3195,3.69000000000001);
#572=CIRCLE('',#3196,3.69);
#573=CIRCLE('',#3197,3.69);
#574=CIRCLE('',#3198,3.69);
#575=CIRCLE('',#3199,3.69000000000001);
#576=CIRCLE('',#3200,3.69);
#577=CIRCLE('',#3201,3.69000000000001);
#578=CIRCLE('',#3202,3.69);
#579=CIRCLE('',#3203,1.68999999999997);
#580=CIRCLE('',#3204,0.690000000000026);
#581=CIRCLE('',#3205,1.60000000000002);
#582=CIRCLE('',#3206,0.499999999999987);
#583=CIRCLE('',#3207,5.50000000000001);
#584=CIRCLE('',#3208,0.499999999999972);
#585=CIRCLE('',#3209,1.60000000000002);
#586=CIRCLE('',#3210,0.500000000000017);
#587=CIRCLE('',#3211,5.49999999999999);
#588=CIRCLE('',#3212,0.500000000000011);
#589=CIRCLE('',#3213,1.60000000000002);
#590=CIRCLE('',#3214,0.499999999999998);
#591=CIRCLE('',#3215,5.50000000000001);
#592=CIRCLE('',#3216,0.499999999999972);
#593=CIRCLE('',#3217,1.60000000000002);
#594=CIRCLE('',#3218,0.500000000000018);
#595=CIRCLE('',#3219,5.49999999999999);
#596=CIRCLE('',#3220,0.500000000000011);
#597=CIRCLE('',#3221,1.68999999999997);
#598=CIRCLE('',#3222,1.69000000000001);
#599=CIRCLE('',#3223,3.69);
#600=CIRCLE('',#3224,3.69000000000001);
#601=CIRCLE('',#3226,0.690000000000026);
#602=CIRCLE('',#3227,1.68999999999997);
#603=CIRCLE('',#3228,3.69);
#604=CIRCLE('',#3229,3.69000000000001);
#605=CIRCLE('',#3230,3.69);
#606=CIRCLE('',#3231,3.69000000000001);
#607=CIRCLE('',#3232,3.69);
#608=CIRCLE('',#3233,3.69);
#609=CIRCLE('',#3234,3.69);
#610=CIRCLE('',#3235,3.69000000000001);
#611=CIRCLE('',#3236,1.60000000000002);
#612=CIRCLE('',#3237,0.500000000000011);
#613=CIRCLE('',#3238,5.49999999999999);
#614=CIRCLE('',#3239,0.500000000000018);
#615=CIRCLE('',#3240,1.60000000000002);
#616=CIRCLE('',#3241,0.499999999999972);
#617=CIRCLE('',#3242,5.50000000000001);
#618=CIRCLE('',#3243,0.499999999999998);
#619=CIRCLE('',#3244,1.60000000000002);
#620=CIRCLE('',#3245,0.500000000000011);
#621=CIRCLE('',#3246,5.49999999999999);
#622=CIRCLE('',#3247,0.500000000000017);
#623=CIRCLE('',#3248,1.60000000000002);
#624=CIRCLE('',#3249,0.499999999999972);
#625=CIRCLE('',#3250,5.50000000000001);
#626=CIRCLE('',#3251,0.499999999999987);
#627=CIRCLE('',#3252,1.68999999999997);
#628=CIRCLE('',#3253,3.69000000000001);
#629=CIRCLE('',#3254,3.69);
#630=CIRCLE('',#3255,1.69000000000001);
#631=CIRCLE('',#3258,0.689999999999998);
#632=CIRCLE('',#3259,1.69000000000001);
#633=CIRCLE('',#3260,3.69000000000001);
#634=CIRCLE('',#3261,3.69);
#635=CIRCLE('',#3262,3.69000000000001);
#636=CIRCLE('',#3263,3.69);
#637=CIRCLE('',#3264,3.69000000000001);
#638=CIRCLE('',#3265,3.69000000000001);
#639=CIRCLE('',#3266,3.69000000000001);
#640=CIRCLE('',#3267,3.69);
#641=CIRCLE('',#3268,1.69000000000001);
#642=CIRCLE('',#3269,3.69);
#643=CIRCLE('',#3270,3.69000000000001);
#644=CIRCLE('',#3271,1.68999999999997);
#645=CIRCLE('',#3272,5.50000000000001);
#646=CIRCLE('',#3273,0.499999999999972);
#647=CIRCLE('',#3274,1.59999999999995);
#648=CIRCLE('',#3275,0.499999999999947);
#649=CIRCLE('',#3276,5.50000000000002);
#650=CIRCLE('',#3277,0.499999999999977);
#651=CIRCLE('',#3278,1.60000000000001);
#652=CIRCLE('',#3279,0.499999999999987);
#653=CIRCLE('',#3280,5.50000000000001);
#654=CIRCLE('',#3281,0.499999999999972);
#655=CIRCLE('',#3282,1.59999999999995);
#656=CIRCLE('',#3283,0.499999999999947);
#657=CIRCLE('',#3284,5.50000000000002);
#658=CIRCLE('',#3285,0.499999999999977);
#659=CIRCLE('',#3286,1.60000000000001);
#660=CIRCLE('',#3287,0.499999999999987);
#661=CIRCLE('',#3313,1.59999999999997);
#662=CIRCLE('',#3315,1.09999999999857);
#663=CIRCLE('',#3317,1.59999999999997);
#664=CIRCLE('',#3319,1.59999999999997);
#665=CIRCLE('',#3321,1.09999999999857);
#666=CIRCLE('',#3339,0.689999999999932);
#667=CIRCLE('',#3341,1.59999999999995);
#668=CIRCLE('',#3343,0.690000000000036);
#669=CIRCLE('',#3345,2.09999999999994);
#670=CIRCLE('',#3347,0.690000000000022);
#671=CIRCLE('',#3349,5.09999999999994);
#672=CIRCLE('',#3351,0.690000000000004);
#673=CIRCLE('',#3353,2.09999999999858);
#674=CIRCLE('',#3355,0.689999999999991);
#675=CIRCLE('',#3357,5.09999999999999);
#676=CIRCLE('',#3359,0.690000000000003);
#677=CIRCLE('',#3361,2.10000000000003);
#678=CIRCLE('',#3363,0.689999999999994);
#679=CIRCLE('',#3365,1.60000000000001);
#680=CIRCLE('',#3367,0.689999999999991);
#681=CIRCLE('',#3369,2.1);
#682=CIRCLE('',#3371,0.690000000000022);
#683=CIRCLE('',#3373,5.10000000000006);
#684=CIRCLE('',#3375,0.690000000000004);
#685=CIRCLE('',#3377,2.10000000000003);
#686=CIRCLE('',#3406,0.999999999999992);
#687=CIRCLE('',#3408,0.690000000000026);
#688=CIRCLE('',#3411,0.640000000000001);
#689=CIRCLE('',#3414,0.640000000000042);
#690=CIRCLE('',#3416,1.09999999999851);
#691=CIRCLE('',#3418,0.640000000000001);
#692=CIRCLE('',#3421,0.63999999999993);
#693=CIRCLE('',#3424,1.89999999999998);
#694=CIRCLE('',#3427,1.89999999999998);
#695=CIRCLE('',#3430,0.640000000000001);
#696=CIRCLE('',#3433,0.639999999999984);
#697=CIRCLE('',#3435,1.09999999999853);
#698=CIRCLE('',#3437,0.640000000000023);
#699=CIRCLE('',#3440,0.640000000000023);
#700=CIRCLE('',#3443,0.68999999999996);
#701=CIRCLE('',#3445,0.999999999999992);
#702=CIRCLE('',#3467,3.69);
#703=CIRCLE('',#3470,3.69000000000001);
#704=LINE('',#4454,#949);
#705=LINE('',#4456,#950);
#706=LINE('',#4460,#951);
#707=LINE('',#4464,#952);
#708=LINE('',#4468,#953);
#709=LINE('',#4472,#954);
#710=LINE('',#4476,#955);
#711=LINE('',#4480,#956);
#712=LINE('',#4484,#957);
#713=LINE('',#4488,#958);
#714=LINE('',#4492,#959);
#715=LINE('',#4532,#960);
#716=LINE('',#4536,#961);
#717=LINE('',#4540,#962);
#718=LINE('',#4543,#963);
#719=LINE('',#4582,#964);
#720=LINE('',#4646,#965);
#721=LINE('',#4648,#966);
#722=LINE('',#4658,#967);
#723=LINE('',#4661,#968);
#724=LINE('',#4668,#969);
#725=LINE('',#4671,#970);
#726=LINE('',#4672,#971);
#727=LINE('',#4674,#972);
#728=LINE('',#4675,#973);
#729=LINE('',#4678,#974);
#730=LINE('',#4682,#975);
#731=LINE('',#4686,#976);
#732=LINE('',#4690,#977);
#733=LINE('',#4692,#978);
#734=LINE('',#4698,#979);
#735=LINE('',#4702,#980);
#736=LINE('',#4710,#981);
#737=LINE('',#4714,#982);
#738=LINE('',#4718,#983);
#739=LINE('',#4722,#984);
#740=LINE('',#4726,#985);
#741=LINE('',#4734,#986);
#742=LINE('',#4738,#987);
#743=LINE('',#4795,#988);
#744=LINE('',#4797,#989);
#745=LINE('',#4798,#990);
#746=LINE('',#4799,#991);
#747=LINE('',#4801,#992);
#748=LINE('',#4811,#993);
#749=LINE('',#4813,#994);
#750=LINE('',#4817,#995);
#751=LINE('',#4821,#996);
#752=LINE('',#4830,#997);
#753=LINE('',#4862,#998);
#754=LINE('',#4869,#999);
#755=LINE('',#4870,#1000);
#756=LINE('',#4871,#1001);
#757=LINE('',#4873,#1002);
#758=LINE('',#4875,#1003);
#759=LINE('',#4879,#1004);
#760=LINE('',#4883,#1005);
#761=LINE('',#4887,#1006);
#762=LINE('',#4891,#1007);
#763=LINE('',#4895,#1008);
#764=LINE('',#4899,#1009);
#765=LINE('',#4903,#1010);
#766=LINE('',#4907,#1011);
#767=LINE('',#4911,#1012);
#768=LINE('',#4949,#1013);
#769=LINE('',#4953,#1014);
#770=LINE('',#4957,#1015);
#771=LINE('',#4960,#1016);
#772=LINE('',#4965,#1017);
#773=LINE('',#4969,#1018);
#774=LINE('',#4973,#1019);
#775=LINE('',#4977,#1020);
#776=LINE('',#4981,#1021);
#777=LINE('',#4985,#1022);
#778=LINE('',#4989,#1023);
#779=LINE('',#4993,#1024);
#780=LINE('',#4997,#1025);
#781=LINE('',#5000,#1026);
#782=LINE('',#5037,#1027);
#783=LINE('',#5041,#1028);
#784=LINE('',#5045,#1029);
#785=LINE('',#5048,#1030);
#786=LINE('',#5051,#1031);
#787=LINE('',#5052,#1032);
#788=LINE('',#5057,#1033);
#789=LINE('',#5061,#1034);
#790=LINE('',#5065,#1035);
#791=LINE('',#5069,#1036);
#792=LINE('',#5073,#1037);
#793=LINE('',#5077,#1038);
#794=LINE('',#5081,#1039);
#795=LINE('',#5085,#1040);
#796=LINE('',#5089,#1041);
#797=LINE('',#5095,#1042);
#798=LINE('',#5099,#1043);
#799=LINE('',#5103,#1044);
#800=LINE('',#5106,#1045);
#801=LINE('',#5176,#1046);
#802=LINE('',#5177,#1047);
#803=LINE('',#5240,#1048);
#804=LINE('',#5241,#1049);
#805=LINE('',#5243,#1050);
#806=LINE('',#5245,#1051);
#807=LINE('',#5247,#1052);
#808=LINE('',#5249,#1053);
#809=LINE('',#5251,#1054);
#810=LINE('',#5253,#1055);
#811=LINE('',#5256,#1056);
#812=LINE('',#5257,#1057);
#813=LINE('',#5259,#1058);
#814=LINE('',#5261,#1059);
#815=LINE('',#5263,#1060);
#816=LINE('',#5265,#1061);
#817=LINE('',#5267,#1062);
#818=LINE('',#5269,#1063);
#819=LINE('',#5271,#1064);
#820=LINE('',#5273,#1065);
#821=LINE('',#5275,#1066);
#822=LINE('',#5277,#1067);
#823=LINE('',#5279,#1068);
#824=LINE('',#5281,#1069);
#825=LINE('',#5283,#1070);
#826=LINE('',#5285,#1071);
#827=LINE('',#5290,#1072);
#828=LINE('',#5294,#1073);
#829=LINE('',#5298,#1074);
#830=LINE('',#5302,#1075);
#831=LINE('',#5306,#1076);
#832=LINE('',#5308,#1077);
#833=LINE('',#5309,#1078);
#834=LINE('',#5311,#1079);
#835=LINE('',#5313,#1080);
#836=LINE('',#5315,#1081);
#837=LINE('',#5317,#1082);
#838=LINE('',#5319,#1083);
#839=LINE('',#5321,#1084);
#840=LINE('',#5323,#1085);
#841=LINE('',#5325,#1086);
#842=LINE('',#5327,#1087);
#843=LINE('',#5329,#1088);
#844=LINE('',#5331,#1089);
#845=LINE('',#5333,#1090);
#846=LINE('',#5335,#1091);
#847=LINE('',#5337,#1092);
#848=LINE('',#5343,#1093);
#849=LINE('',#5344,#1094);
#850=LINE('',#5348,#1095);
#851=LINE('',#5352,#1096);
#852=LINE('',#5356,#1097);
#853=LINE('',#5360,#1098);
#854=LINE('',#5364,#1099);
#855=LINE('',#5368,#1100);
#856=LINE('',#5372,#1101);
#857=LINE('',#5376,#1102);
#858=LINE('',#5380,#1103);
#859=LINE('',#5384,#1104);
#860=LINE('',#5388,#1105);
#861=LINE('',#5392,#1106);
#862=LINE('',#5396,#1107);
#863=LINE('',#5400,#1108);
#864=LINE('',#5404,#1109);
#865=LINE('',#5408,#1110);
#866=LINE('',#5412,#1111);
#867=LINE('',#5416,#1112);
#868=LINE('',#5420,#1113);
#869=LINE('',#5421,#1114);
#870=LINE('',#5423,#1115);
#871=LINE('',#5425,#1116);
#872=LINE('',#5427,#1117);
#873=LINE('',#5429,#1118);
#874=LINE('',#5431,#1119);
#875=LINE('',#5433,#1120);
#876=LINE('',#5456,#1121);
#877=LINE('',#5458,#1122);
#878=LINE('',#5460,#1123);
#879=LINE('',#5462,#1124);
#880=LINE('',#5464,#1125);
#881=LINE('',#5466,#1126);
#882=LINE('',#5468,#1127);
#883=LINE('',#5470,#1128);
#884=LINE('',#5472,#1129);
#885=LINE('',#5474,#1130);
#886=LINE('',#5476,#1131);
#887=LINE('',#5478,#1132);
#888=LINE('',#5480,#1133);
#889=LINE('',#5482,#1134);
#890=LINE('',#5484,#1135);
#891=LINE('',#5486,#1136);
#892=LINE('',#5488,#1137);
#893=LINE('',#5490,#1138);
#894=LINE('',#5494,#1139);
#895=LINE('',#5499,#1140);
#896=LINE('',#5502,#1141);
#897=LINE('',#5503,#1142);
#898=LINE('',#5507,#1143);
#899=LINE('',#5510,#1144);
#900=LINE('',#5511,#1145);
#901=LINE('',#5515,#1146);
#902=LINE('',#5519,#1147);
#903=LINE('',#5523,#1148);
#904=LINE('',#5526,#1149);
#905=LINE('',#5527,#1150);
#906=LINE('',#5531,#1151);
#907=LINE('',#5534,#1152);
#908=LINE('',#5535,#1153);
#909=LINE('',#5539,#1154);
#910=LINE('',#5542,#1155);
#911=LINE('',#5543,#1156);
#912=LINE('',#5547,#1157);
#913=LINE('',#5550,#1158);
#914=LINE('',#5551,#1159);
#915=LINE('',#5555,#1160);
#916=LINE('',#5558,#1161);
#917=LINE('',#5559,#1162);
#918=LINE('',#5563,#1163);
#919=LINE('',#5567,#1164);
#920=LINE('',#5571,#1165);
#921=LINE('',#5574,#1166);
#922=LINE('',#5575,#1167);
#923=LINE('',#5579,#1168);
#924=LINE('',#5582,#1169);
#925=LINE('',#5583,#1170);
#926=LINE('',#5587,#1171);
#927=LINE('',#5591,#1172);
#928=LINE('',#5593,#1173);
#929=LINE('',#5595,#1174);
#930=LINE('',#5597,#1175);
#931=LINE('',#5599,#1176);
#932=LINE('',#5601,#1177);
#933=LINE('',#5603,#1178);
#934=LINE('',#5605,#1179);
#935=LINE('',#5607,#1180);
#936=LINE('',#5609,#1181);
#937=LINE('',#5611,#1182);
#938=LINE('',#5613,#1183);
#939=LINE('',#5615,#1184);
#940=LINE('',#5617,#1185);
#941=LINE('',#5619,#1186);
#942=LINE('',#5621,#1187);
#943=LINE('',#5623,#1188);
#944=LINE('',#5625,#1189);
#945=LINE('',#5627,#1190);
#946=LINE('',#5632,#1191);
#947=LINE('',#5635,#1192);
#948=LINE('',#5636,#1193);
#949=VECTOR('',#3477,10.);
#950=VECTOR('',#3478,10.);
#951=VECTOR('',#3481,10.);
#952=VECTOR('',#3484,10.);
#953=VECTOR('',#3487,10.);
#954=VECTOR('',#3490,10.);
#955=VECTOR('',#3493,10.);
#956=VECTOR('',#3496,10.);
#957=VECTOR('',#3499,10.);
#958=VECTOR('',#3502,10.);
#959=VECTOR('',#3505,10.);
#960=VECTOR('',#3544,10.);
#961=VECTOR('',#3547,10.);
#962=VECTOR('',#3550,10.);
#963=VECTOR('',#3553,9.99999999999999);
#964=VECTOR('',#3554,10.);
#965=VECTOR('',#3555,10.);
#966=VECTOR('',#3556,10.);
#967=VECTOR('',#3557,10.);
#968=VECTOR('',#3560,10.);
#969=VECTOR('',#3561,10.);
#970=VECTOR('',#3564,10.);
#971=VECTOR('',#3565,10.);
#972=VECTOR('',#3566,10.);
#973=VECTOR('',#3567,10.);
#974=VECTOR('',#3570,10.);
#975=VECTOR('',#3575,10.);
#976=VECTOR('',#3578,10.);
#977=VECTOR('',#3581,10.);
#978=VECTOR('',#3582,10.);
#979=VECTOR('',#3587,10.);
#980=VECTOR('',#3590,10.);
#981=VECTOR('',#3597,10.);
#982=VECTOR('',#3600,10.);
#983=VECTOR('',#3603,10.);
#984=VECTOR('',#3606,10.);
#985=VECTOR('',#3609,10.);
#986=VECTOR('',#3616,10.);
#987=VECTOR('',#3619,10.);
#988=VECTOR('',#3676,10.);
#989=VECTOR('',#3677,10.);
#990=VECTOR('',#3678,10.);
#991=VECTOR('',#3679,10.);
#992=VECTOR('',#3682,10.);
#993=VECTOR('',#3685,10.);
#994=VECTOR('',#3686,10.);
#995=VECTOR('',#3689,10.);
#996=VECTOR('',#3694,10.);
#997=VECTOR('',#3695,10.);
#998=VECTOR('',#3696,10.);
#999=VECTOR('',#3697,10.);
#1000=VECTOR('',#3698,10.);
#1001=VECTOR('',#3699,10.);
#1002=VECTOR('',#3702,10.);
#1003=VECTOR('',#3703,10.);
#1004=VECTOR('',#3706,10.);
#1005=VECTOR('',#3709,10.);
#1006=VECTOR('',#3712,10.);
#1007=VECTOR('',#3715,10.);
#1008=VECTOR('',#3718,10.);
#1009=VECTOR('',#3721,9.99999999999999);
#1010=VECTOR('',#3724,10.);
#1011=VECTOR('',#3727,10.);
#1012=VECTOR('',#3730,10.);
#1013=VECTOR('',#3767,10.);
#1014=VECTOR('',#3770,10.);
#1015=VECTOR('',#3773,10.);
#1016=VECTOR('',#3776,10.);
#1017=VECTOR('',#3781,10.);
#1018=VECTOR('',#3784,10.);
#1019=VECTOR('',#3787,10.);
#1020=VECTOR('',#3790,9.99999999999999);
#1021=VECTOR('',#3793,10.);
#1022=VECTOR('',#3796,10.);
#1023=VECTOR('',#3799,10.);
#1024=VECTOR('',#3802,10.);
#1025=VECTOR('',#3805,10.);
#1026=VECTOR('',#3808,10.);
#1027=VECTOR('',#3843,10.);
#1028=VECTOR('',#3846,10.);
#1029=VECTOR('',#3849,10.);
#1030=VECTOR('',#3852,10.);
#1031=VECTOR('',#3855,10.);
#1032=VECTOR('',#3856,10.);
#1033=VECTOR('',#3861,10.);
#1034=VECTOR('',#3864,10.);
#1035=VECTOR('',#3867,10.);
#1036=VECTOR('',#3870,10.);
#1037=VECTOR('',#3873,10.);
#1038=VECTOR('',#3876,10.);
#1039=VECTOR('',#3879,10.);
#1040=VECTOR('',#3882,10.);
#1041=VECTOR('',#3885,10.);
#1042=VECTOR('',#3890,9.99999999999999);
#1043=VECTOR('',#3893,10.);
#1044=VECTOR('',#3896,10.);
#1045=VECTOR('',#3899,10.);
#1046=VECTOR('',#3932,10.);
#1047=VECTOR('',#3933,10.);
#1048=VECTOR('',#3936,10.);
#1049=VECTOR('',#3937,10.);
#1050=VECTOR('',#3940,10.);
#1051=VECTOR('',#3943,10.);
#1052=VECTOR('',#3946,10.);
#1053=VECTOR('',#3949,10.);
#1054=VECTOR('',#3952,10.);
#1055=VECTOR('',#3955,10.);
#1056=VECTOR('',#3960,10.);
#1057=VECTOR('',#3961,10.);
#1058=VECTOR('',#3964,10.);
#1059=VECTOR('',#3967,10.);
#1060=VECTOR('',#3970,10.);
#1061=VECTOR('',#3973,10.);
#1062=VECTOR('',#3976,10.);
#1063=VECTOR('',#3979,10.);
#1064=VECTOR('',#3982,10.);
#1065=VECTOR('',#3985,10.);
#1066=VECTOR('',#3988,10.);
#1067=VECTOR('',#3991,10.);
#1068=VECTOR('',#3994,10.);
#1069=VECTOR('',#3997,10.);
#1070=VECTOR('',#4000,10.);
#1071=VECTOR('',#4003,10.);
#1072=VECTOR('',#4010,1.59999999999997);
#1073=VECTOR('',#4015,1.09999999999857);
#1074=VECTOR('',#4020,1.59999999999997);
#1075=VECTOR('',#4025,1.59999999999997);
#1076=VECTOR('',#4030,1.09999999999857);
#1077=VECTOR('',#4033,10.);
#1078=VECTOR('',#4034,10.);
#1079=VECTOR('',#4037,10.);
#1080=VECTOR('',#4040,10.);
#1081=VECTOR('',#4043,10.);
#1082=VECTOR('',#4046,10.);
#1083=VECTOR('',#4049,10.);
#1084=VECTOR('',#4052,10.);
#1085=VECTOR('',#4055,10.);
#1086=VECTOR('',#4058,10.);
#1087=VECTOR('',#4061,10.);
#1088=VECTOR('',#4064,10.);
#1089=VECTOR('',#4067,10.);
#1090=VECTOR('',#4070,10.);
#1091=VECTOR('',#4073,10.);
#1092=VECTOR('',#4076,10.);
#1093=VECTOR('',#4083,10.);
#1094=VECTOR('',#4084,10.);
#1095=VECTOR('',#4089,10.);
#1096=VECTOR('',#4094,10.);
#1097=VECTOR('',#4099,10.);
#1098=VECTOR('',#4104,10.);
#1099=VECTOR('',#4109,10.);
#1100=VECTOR('',#4114,10.);
#1101=VECTOR('',#4119,10.);
#1102=VECTOR('',#4124,10.);
#1103=VECTOR('',#4129,10.);
#1104=VECTOR('',#4134,10.);
#1105=VECTOR('',#4139,10.);
#1106=VECTOR('',#4144,10.);
#1107=VECTOR('',#4149,10.);
#1108=VECTOR('',#4154,10.);
#1109=VECTOR('',#4159,10.);
#1110=VECTOR('',#4164,10.);
#1111=VECTOR('',#4169,10.);
#1112=VECTOR('',#4174,10.);
#1113=VECTOR('',#4181,10.);
#1114=VECTOR('',#4182,10.);
#1115=VECTOR('',#4185,10.);
#1116=VECTOR('',#4188,10.);
#1117=VECTOR('',#4191,10.);
#1118=VECTOR('',#4194,10.);
#1119=VECTOR('',#4197,10.);
#1120=VECTOR('',#4200,10.);
#1121=VECTOR('',#4205,10.);
#1122=VECTOR('',#4208,10.);
#1123=VECTOR('',#4211,10.);
#1124=VECTOR('',#4214,10.);
#1125=VECTOR('',#4217,10.);
#1126=VECTOR('',#4220,10.);
#1127=VECTOR('',#4223,10.);
#1128=VECTOR('',#4226,10.);
#1129=VECTOR('',#4229,10.);
#1130=VECTOR('',#4232,10.);
#1131=VECTOR('',#4235,10.);
#1132=VECTOR('',#4238,10.);
#1133=VECTOR('',#4241,10.);
#1134=VECTOR('',#4244,10.);
#1135=VECTOR('',#4247,10.);
#1136=VECTOR('',#4250,10.);
#1137=VECTOR('',#4253,10.);
#1138=VECTOR('',#4256,10.);
#1139=VECTOR('',#4261,10.);
#1140=VECTOR('',#4268,10.);
#1141=VECTOR('',#4271,10.);
#1142=VECTOR('',#4272,10.);
#1143=VECTOR('',#4277,10.);
#1144=VECTOR('',#4280,10.);
#1145=VECTOR('',#4281,10.);
#1146=VECTOR('',#4286,10.);
#1147=VECTOR('',#4291,10.);
#1148=VECTOR('',#4296,10.);
#1149=VECTOR('',#4299,10.);
#1150=VECTOR('',#4300,10.);
#1151=VECTOR('',#4305,10.);
#1152=VECTOR('',#4308,10.);
#1153=VECTOR('',#4309,10.);
#1154=VECTOR('',#4314,10.);
#1155=VECTOR('',#4317,10.);
#1156=VECTOR('',#4318,10.);
#1157=VECTOR('',#4323,10.);
#1158=VECTOR('',#4326,10.);
#1159=VECTOR('',#4327,10.);
#1160=VECTOR('',#4332,10.);
#1161=VECTOR('',#4335,10.);
#1162=VECTOR('',#4336,10.);
#1163=VECTOR('',#4341,10.);
#1164=VECTOR('',#4346,10.);
#1165=VECTOR('',#4351,10.);
#1166=VECTOR('',#4354,10.);
#1167=VECTOR('',#4355,10.);
#1168=VECTOR('',#4360,10.);
#1169=VECTOR('',#4363,10.);
#1170=VECTOR('',#4364,10.);
#1171=VECTOR('',#4369,10.);
#1172=VECTOR('',#4376,10.);
#1173=VECTOR('',#4379,10.);
#1174=VECTOR('',#4382,10.);
#1175=VECTOR('',#4385,10.);
#1176=VECTOR('',#4388,10.);
#1177=VECTOR('',#4391,10.);
#1178=VECTOR('',#4394,10.);
#1179=VECTOR('',#4397,10.);
#1180=VECTOR('',#4400,10.);
#1181=VECTOR('',#4403,10.);
#1182=VECTOR('',#4406,10.);
#1183=VECTOR('',#4409,10.);
#1184=VECTOR('',#4412,10.);
#1185=VECTOR('',#4415,10.);
#1186=VECTOR('',#4418,10.);
#1187=VECTOR('',#4421,10.);
#1188=VECTOR('',#4424,10.);
#1189=VECTOR('',#4427,10.);
#1190=VECTOR('',#4430,10.);
#1191=VECTOR('',#4437,10.);
#1192=VECTOR('',#4440,10.);
#1193=VECTOR('',#4441,10.);
#1194=VERTEX_POINT('',#4452);
#1195=VERTEX_POINT('',#4453);
#1196=VERTEX_POINT('',#4455);
#1197=VERTEX_POINT('',#4457);
#1198=VERTEX_POINT('',#4459);
#1199=VERTEX_POINT('',#4461);
#1200=VERTEX_POINT('',#4463);
#1201=VERTEX_POINT('',#4465);
#1202=VERTEX_POINT('',#4467);
#1203=VERTEX_POINT('',#4469);
#1204=VERTEX_POINT('',#4471);
#1205=VERTEX_POINT('',#4473);
#1206=VERTEX_POINT('',#4475);
#1207=VERTEX_POINT('',#4477);
#1208=VERTEX_POINT('',#4479);
#1209=VERTEX_POINT('',#4481);
#1210=VERTEX_POINT('',#4483);
#1211=VERTEX_POINT('',#4485);
#1212=VERTEX_POINT('',#4487);
#1213=VERTEX_POINT('',#4489);
#1214=VERTEX_POINT('',#4491);
#1215=VERTEX_POINT('',#4493);
#1216=VERTEX_POINT('',#4496);
#1217=VERTEX_POINT('',#4497);
#1218=VERTEX_POINT('',#4499);
#1219=VERTEX_POINT('',#4501);
#1220=VERTEX_POINT('',#4503);
#1221=VERTEX_POINT('',#4505);
#1222=VERTEX_POINT('',#4507);
#1223=VERTEX_POINT('',#4509);
#1224=VERTEX_POINT('',#4511);
#1225=VERTEX_POINT('',#4513);
#1226=VERTEX_POINT('',#4515);
#1227=VERTEX_POINT('',#4517);
#1228=VERTEX_POINT('',#4519);
#1229=VERTEX_POINT('',#4521);
#1230=VERTEX_POINT('',#4523);
#1231=VERTEX_POINT('',#4525);
#1232=VERTEX_POINT('',#4528);
#1233=VERTEX_POINT('',#4529);
#1234=VERTEX_POINT('',#4531);
#1235=VERTEX_POINT('',#4533);
#1236=VERTEX_POINT('',#4535);
#1237=VERTEX_POINT('',#4537);
#1238=VERTEX_POINT('',#4539);
#1239=VERTEX_POINT('',#4541);
#1240=VERTEX_POINT('',#4580);
#1241=VERTEX_POINT('',#4581);
#1242=VERTEX_POINT('',#4583);
#1243=VERTEX_POINT('',#4645);
#1244=VERTEX_POINT('',#4647);
#1245=VERTEX_POINT('',#4660);
#1246=VERTEX_POINT('',#4662);
#1247=VERTEX_POINT('',#4670);
#1248=VERTEX_POINT('',#4673);
#1249=VERTEX_POINT('',#4677);
#1250=VERTEX_POINT('',#4681);
#1251=VERTEX_POINT('',#4683);
#1252=VERTEX_POINT('',#4685);
#1253=VERTEX_POINT('',#4687);
#1254=VERTEX_POINT('',#4689);
#1255=VERTEX_POINT('',#4691);
#1256=VERTEX_POINT('',#4693);
#1257=VERTEX_POINT('',#4695);
#1258=VERTEX_POINT('',#4697);
#1259=VERTEX_POINT('',#4699);
#1260=VERTEX_POINT('',#4701);
#1261=VERTEX_POINT('',#4703);
#1262=VERTEX_POINT('',#4705);
#1263=VERTEX_POINT('',#4707);
#1264=VERTEX_POINT('',#4709);
#1265=VERTEX_POINT('',#4711);
#1266=VERTEX_POINT('',#4713);
#1267=VERTEX_POINT('',#4715);
#1268=VERTEX_POINT('',#4717);
#1269=VERTEX_POINT('',#4719);
#1270=VERTEX_POINT('',#4721);
#1271=VERTEX_POINT('',#4723);
#1272=VERTEX_POINT('',#4725);
#1273=VERTEX_POINT('',#4727);
#1274=VERTEX_POINT('',#4729);
#1275=VERTEX_POINT('',#4731);
#1276=VERTEX_POINT('',#4733);
#1277=VERTEX_POINT('',#4735);
#1278=VERTEX_POINT('',#4737);
#1279=VERTEX_POINT('',#4739);
#1280=VERTEX_POINT('',#4742);
#1281=VERTEX_POINT('',#4743);
#1282=VERTEX_POINT('',#4745);
#1283=VERTEX_POINT('',#4747);
#1284=VERTEX_POINT('',#4749);
#1285=VERTEX_POINT('',#4751);
#1286=VERTEX_POINT('',#4753);
#1287=VERTEX_POINT('',#4755);
#1288=VERTEX_POINT('',#4757);
#1289=VERTEX_POINT('',#4759);
#1290=VERTEX_POINT('',#4761);
#1291=VERTEX_POINT('',#4763);
#1292=VERTEX_POINT('',#4765);
#1293=VERTEX_POINT('',#4767);
#1294=VERTEX_POINT('',#4769);
#1295=VERTEX_POINT('',#4771);
#1296=VERTEX_POINT('',#4773);
#1297=VERTEX_POINT('',#4775);
#1298=VERTEX_POINT('',#4777);
#1299=VERTEX_POINT('',#4779);
#1300=VERTEX_POINT('',#4782);
#1301=VERTEX_POINT('',#4784);
#1302=VERTEX_POINT('',#4786);
#1303=VERTEX_POINT('',#4788);
#1304=VERTEX_POINT('',#4790);
#1305=VERTEX_POINT('',#4793);
#1306=VERTEX_POINT('',#4794);
#1307=VERTEX_POINT('',#4796);
#1308=VERTEX_POINT('',#4809);
#1309=VERTEX_POINT('',#4810);
#1310=VERTEX_POINT('',#4812);
#1311=VERTEX_POINT('',#4814);
#1312=VERTEX_POINT('',#4816);
#1313=VERTEX_POINT('',#4820);
#1314=VERTEX_POINT('',#4822);
#1315=VERTEX_POINT('',#4829);
#1316=VERTEX_POINT('',#4860);
#1317=VERTEX_POINT('',#4861);
#1318=VERTEX_POINT('',#4868);
#1319=VERTEX_POINT('',#4874);
#1320=VERTEX_POINT('',#4876);
#1321=VERTEX_POINT('',#4878);
#1322=VERTEX_POINT('',#4880);
#1323=VERTEX_POINT('',#4882);
#1324=VERTEX_POINT('',#4884);
#1325=VERTEX_POINT('',#4886);
#1326=VERTEX_POINT('',#4888);
#1327=VERTEX_POINT('',#4890);
#1328=VERTEX_POINT('',#4892);
#1329=VERTEX_POINT('',#4894);
#1330=VERTEX_POINT('',#4896);
#1331=VERTEX_POINT('',#4898);
#1332=VERTEX_POINT('',#4900);
#1333=VERTEX_POINT('',#4902);
#1334=VERTEX_POINT('',#4904);
#1335=VERTEX_POINT('',#4906);
#1336=VERTEX_POINT('',#4908);
#1337=VERTEX_POINT('',#4910);
#1338=VERTEX_POINT('',#4913);
#1339=VERTEX_POINT('',#4914);
#1340=VERTEX_POINT('',#4916);
#1341=VERTEX_POINT('',#4918);
#1342=VERTEX_POINT('',#4920);
#1343=VERTEX_POINT('',#4922);
#1344=VERTEX_POINT('',#4924);
#1345=VERTEX_POINT('',#4926);
#1346=VERTEX_POINT('',#4928);
#1347=VERTEX_POINT('',#4930);
#1348=VERTEX_POINT('',#4932);
#1349=VERTEX_POINT('',#4934);
#1350=VERTEX_POINT('',#4936);
#1351=VERTEX_POINT('',#4938);
#1352=VERTEX_POINT('',#4940);
#1353=VERTEX_POINT('',#4942);
#1354=VERTEX_POINT('',#4945);
#1355=VERTEX_POINT('',#4946);
#1356=VERTEX_POINT('',#4948);
#1357=VERTEX_POINT('',#4950);
#1358=VERTEX_POINT('',#4952);
#1359=VERTEX_POINT('',#4954);
#1360=VERTEX_POINT('',#4956);
#1361=VERTEX_POINT('',#4958);
#1362=VERTEX_POINT('',#4962);
#1363=VERTEX_POINT('',#4964);
#1364=VERTEX_POINT('',#4966);
#1365=VERTEX_POINT('',#4968);
#1366=VERTEX_POINT('',#4970);
#1367=VERTEX_POINT('',#4972);
#1368=VERTEX_POINT('',#4974);
#1369=VERTEX_POINT('',#4976);
#1370=VERTEX_POINT('',#4978);
#1371=VERTEX_POINT('',#4980);
#1372=VERTEX_POINT('',#4982);
#1373=VERTEX_POINT('',#4984);
#1374=VERTEX_POINT('',#4986);
#1375=VERTEX_POINT('',#4988);
#1376=VERTEX_POINT('',#4990);
#1377=VERTEX_POINT('',#4992);
#1378=VERTEX_POINT('',#4994);
#1379=VERTEX_POINT('',#4996);
#1380=VERTEX_POINT('',#4998);
#1381=VERTEX_POINT('',#5001);
#1382=VERTEX_POINT('',#5002);
#1383=VERTEX_POINT('',#5004);
#1384=VERTEX_POINT('',#5006);
#1385=VERTEX_POINT('',#5008);
#1386=VERTEX_POINT('',#5010);
#1387=VERTEX_POINT('',#5012);
#1388=VERTEX_POINT('',#5014);
#1389=VERTEX_POINT('',#5016);
#1390=VERTEX_POINT('',#5018);
#1391=VERTEX_POINT('',#5020);
#1392=VERTEX_POINT('',#5022);
#1393=VERTEX_POINT('',#5024);
#1394=VERTEX_POINT('',#5026);
#1395=VERTEX_POINT('',#5028);
#1396=VERTEX_POINT('',#5030);
#1397=VERTEX_POINT('',#5033);
#1398=VERTEX_POINT('',#5034);
#1399=VERTEX_POINT('',#5036);
#1400=VERTEX_POINT('',#5038);
#1401=VERTEX_POINT('',#5040);
#1402=VERTEX_POINT('',#5042);
#1403=VERTEX_POINT('',#5044);
#1404=VERTEX_POINT('',#5046);
#1405=VERTEX_POINT('',#5050);
#1406=VERTEX_POINT('',#5054);
#1407=VERTEX_POINT('',#5056);
#1408=VERTEX_POINT('',#5058);
#1409=VERTEX_POINT('',#5060);
#1410=VERTEX_POINT('',#5062);
#1411=VERTEX_POINT('',#5064);
#1412=VERTEX_POINT('',#5066);
#1413=VERTEX_POINT('',#5068);
#1414=VERTEX_POINT('',#5070);
#1415=VERTEX_POINT('',#5072);
#1416=VERTEX_POINT('',#5074);
#1417=VERTEX_POINT('',#5076);
#1418=VERTEX_POINT('',#5078);
#1419=VERTEX_POINT('',#5080);
#1420=VERTEX_POINT('',#5082);
#1421=VERTEX_POINT('',#5084);
#1422=VERTEX_POINT('',#5086);
#1423=VERTEX_POINT('',#5088);
#1424=VERTEX_POINT('',#5091);
#1425=VERTEX_POINT('',#5092);
#1426=VERTEX_POINT('',#5094);
#1427=VERTEX_POINT('',#5096);
#1428=VERTEX_POINT('',#5098);
#1429=VERTEX_POINT('',#5100);
#1430=VERTEX_POINT('',#5102);
#1431=VERTEX_POINT('',#5104);
#1432=VERTEX_POINT('',#5107);
#1433=VERTEX_POINT('',#5108);
#1434=VERTEX_POINT('',#5110);
#1435=VERTEX_POINT('',#5112);
#1436=VERTEX_POINT('',#5114);
#1437=VERTEX_POINT('',#5116);
#1438=VERTEX_POINT('',#5118);
#1439=VERTEX_POINT('',#5120);
#1440=VERTEX_POINT('',#5122);
#1441=VERTEX_POINT('',#5124);
#1442=VERTEX_POINT('',#5126);
#1443=VERTEX_POINT('',#5128);
#1444=VERTEX_POINT('',#5130);
#1445=VERTEX_POINT('',#5132);
#1446=VERTEX_POINT('',#5134);
#1447=VERTEX_POINT('',#5136);
#1448=VERTEX_POINT('',#5175);
#1449=VERTEX_POINT('',#5288);
#1450=VERTEX_POINT('',#5292);
#1451=VERTEX_POINT('',#5296);
#1452=VERTEX_POINT('',#5300);
#1453=VERTEX_POINT('',#5304);
#1454=VERTEX_POINT('',#5340);
#1455=VERTEX_POINT('',#5341);
#1456=VERTEX_POINT('',#5346);
#1457=VERTEX_POINT('',#5350);
#1458=VERTEX_POINT('',#5354);
#1459=VERTEX_POINT('',#5358);
#1460=VERTEX_POINT('',#5362);
#1461=VERTEX_POINT('',#5366);
#1462=VERTEX_POINT('',#5370);
#1463=VERTEX_POINT('',#5374);
#1464=VERTEX_POINT('',#5378);
#1465=VERTEX_POINT('',#5382);
#1466=VERTEX_POINT('',#5386);
#1467=VERTEX_POINT('',#5390);
#1468=VERTEX_POINT('',#5394);
#1469=VERTEX_POINT('',#5398);
#1470=VERTEX_POINT('',#5402);
#1471=VERTEX_POINT('',#5406);
#1472=VERTEX_POINT('',#5410);
#1473=VERTEX_POINT('',#5414);
#1474=VERTEX_POINT('',#5493);
#1475=VERTEX_POINT('',#5497);
#1476=VERTEX_POINT('',#5501);
#1477=VERTEX_POINT('',#5505);
#1478=VERTEX_POINT('',#5509);
#1479=VERTEX_POINT('',#5513);
#1480=VERTEX_POINT('',#5517);
#1481=VERTEX_POINT('',#5521);
#1482=VERTEX_POINT('',#5525);
#1483=VERTEX_POINT('',#5529);
#1484=VERTEX_POINT('',#5533);
#1485=VERTEX_POINT('',#5537);
#1486=VERTEX_POINT('',#5541);
#1487=VERTEX_POINT('',#5545);
#1488=VERTEX_POINT('',#5549);
#1489=VERTEX_POINT('',#5553);
#1490=VERTEX_POINT('',#5557);
#1491=VERTEX_POINT('',#5561);
#1492=VERTEX_POINT('',#5565);
#1493=VERTEX_POINT('',#5569);
#1494=VERTEX_POINT('',#5573);
#1495=VERTEX_POINT('',#5577);
#1496=VERTEX_POINT('',#5581);
#1497=VERTEX_POINT('',#5585);
#1498=VERTEX_POINT('',#5630);
#1499=VERTEX_POINT('',#5634);
#1500=EDGE_CURVE('',#1194,#1195,#704,.T.);
#1501=EDGE_CURVE('',#1195,#1196,#705,.T.);
#1502=EDGE_CURVE('',#1197,#1196,#494,.T.);
#1503=EDGE_CURVE('',#1198,#1197,#706,.T.);
#1504=EDGE_CURVE('',#1199,#1198,#495,.T.);
#1505=EDGE_CURVE('',#1200,#1199,#707,.T.);
#1506=EDGE_CURVE('',#1200,#1201,#496,.T.);
#1507=EDGE_CURVE('',#1201,#1202,#708,.T.);
#1508=EDGE_CURVE('',#1203,#1202,#497,.T.);
#1509=EDGE_CURVE('',#1203,#1204,#709,.T.);
#1510=EDGE_CURVE('',#1205,#1204,#498,.T.);
#1511=EDGE_CURVE('',#1206,#1205,#710,.T.);
#1512=EDGE_CURVE('',#1207,#1206,#499,.T.);
#1513=EDGE_CURVE('',#1207,#1208,#711,.T.);
#1514=EDGE_CURVE('',#1209,#1208,#500,.T.);
#1515=EDGE_CURVE('',#1209,#1210,#712,.T.);
#1516=EDGE_CURVE('',#1211,#1210,#501,.T.);
#1517=EDGE_CURVE('',#1211,#1212,#713,.T.);
#1518=EDGE_CURVE('',#1212,#1213,#502,.T.);
#1519=EDGE_CURVE('',#1214,#1213,#714,.T.);
#1520=EDGE_CURVE('',#1215,#1214,#503,.T.);
#1521=EDGE_CURVE('',#1215,#1194,#504,.T.);
#1522=EDGE_CURVE('',#1216,#1217,#505,.T.);
#1523=EDGE_CURVE('',#1218,#1216,#506,.T.);
#1524=EDGE_CURVE('',#1219,#1218,#507,.T.);
#1525=EDGE_CURVE('',#1220,#1219,#508,.T.);
#1526=EDGE_CURVE('',#1221,#1220,#509,.T.);
#1527=EDGE_CURVE('',#1222,#1221,#510,.T.);
#1528=EDGE_CURVE('',#1223,#1222,#511,.T.);
#1529=EDGE_CURVE('',#1224,#1223,#512,.T.);
#1530=EDGE_CURVE('',#1225,#1224,#513,.T.);
#1531=EDGE_CURVE('',#1226,#1225,#514,.T.);
#1532=EDGE_CURVE('',#1227,#1226,#515,.T.);
#1533=EDGE_CURVE('',#1228,#1227,#516,.T.);
#1534=EDGE_CURVE('',#1229,#1228,#517,.T.);
#1535=EDGE_CURVE('',#1230,#1229,#518,.T.);
#1536=EDGE_CURVE('',#1231,#1230,#519,.T.);
#1537=EDGE_CURVE('',#1217,#1231,#520,.T.);
#1538=EDGE_CURVE('',#1232,#1233,#521,.T.);
#1539=EDGE_CURVE('',#1234,#1232,#715,.T.);
#1540=EDGE_CURVE('',#1235,#1234,#522,.T.);
#1541=EDGE_CURVE('',#1236,#1235,#716,.T.);
#1542=EDGE_CURVE('',#1237,#1236,#523,.T.);
#1543=EDGE_CURVE('',#1238,#1237,#717,.T.);
#1544=EDGE_CURVE('',#1239,#1238,#524,.T.);
#1545=EDGE_CURVE('',#1233,#1239,#718,.T.);
#1546=EDGE_CURVE('',#1240,#1241,#719,.T.);
#1547=EDGE_CURVE('',#1242,#1240,#124,.T.);
#1548=EDGE_CURVE('',#1242,#1243,#720,.T.);
#1549=EDGE_CURVE('',#1243,#1244,#721,.T.);
#1550=EDGE_CURVE('',#1194,#1244,#125,.T.);
#1551=EDGE_CURVE('',#1241,#1194,#722,.T.);
#1552=EDGE_CURVE('',#1245,#1240,#723,.T.);
#1553=EDGE_CURVE('',#1245,#1246,#126,.T.);
#1554=EDGE_CURVE('',#1246,#1242,#724,.T.);
#1555=EDGE_CURVE('',#1195,#1247,#725,.T.);
#1556=EDGE_CURVE('',#1247,#1245,#726,.T.);
#1557=EDGE_CURVE('',#1248,#1245,#727,.T.);
#1558=EDGE_CURVE('',#1196,#1248,#728,.T.);
#1559=EDGE_CURVE('',#1215,#1249,#729,.T.);
#1560=EDGE_CURVE('',#1240,#1249,#525,.T.);
#1561=EDGE_CURVE('',#1246,#1250,#730,.T.);
#1562=EDGE_CURVE('',#1250,#1251,#526,.T.);
#1563=EDGE_CURVE('',#1251,#1252,#731,.T.);
#1564=EDGE_CURVE('',#1252,#1253,#527,.T.);
#1565=EDGE_CURVE('',#1253,#1254,#732,.T.);
#1566=EDGE_CURVE('',#1255,#1254,#733,.T.);
#1567=EDGE_CURVE('',#1255,#1256,#528,.T.);
#1568=EDGE_CURVE('',#1256,#1257,#529,.T.);
#1569=EDGE_CURVE('',#1257,#1258,#734,.T.);
#1570=EDGE_CURVE('',#1258,#1259,#530,.T.);
#1571=EDGE_CURVE('',#1259,#1260,#735,.T.);
#1572=EDGE_CURVE('',#1260,#1261,#531,.T.);
#1573=EDGE_CURVE('',#1261,#1262,#532,.T.);
#1574=EDGE_CURVE('',#1262,#1263,#533,.T.);
#1575=EDGE_CURVE('',#1263,#1264,#736,.T.);
#1576=EDGE_CURVE('',#1264,#1265,#534,.T.);
#1577=EDGE_CURVE('',#1265,#1266,#737,.T.);
#1578=EDGE_CURVE('',#1266,#1267,#535,.T.);
#1579=EDGE_CURVE('',#1267,#1268,#738,.T.);
#1580=EDGE_CURVE('',#1268,#1269,#536,.T.);
#1581=EDGE_CURVE('',#1269,#1270,#739,.T.);
#1582=EDGE_CURVE('',#1270,#1271,#537,.T.);
#1583=EDGE_CURVE('',#1271,#1272,#740,.T.);
#1584=EDGE_CURVE('',#1272,#1273,#538,.T.);
#1585=EDGE_CURVE('',#1273,#1274,#539,.T.);
#1586=EDGE_CURVE('',#1274,#1275,#540,.T.);
#1587=EDGE_CURVE('',#1275,#1276,#741,.T.);
#1588=EDGE_CURVE('',#1276,#1277,#541,.T.);
#1589=EDGE_CURVE('',#1277,#1278,#742,.T.);
#1590=EDGE_CURVE('',#1278,#1279,#542,.T.);
#1591=EDGE_CURVE('',#1279,#1242,#543,.T.);
#1592=EDGE_CURVE('',#1280,#1281,#544,.T.);
#1593=EDGE_CURVE('',#1281,#1282,#545,.T.);
#1594=EDGE_CURVE('',#1282,#1283,#546,.T.);
#1595=EDGE_CURVE('',#1283,#1284,#547,.T.);
#1596=EDGE_CURVE('',#1284,#1285,#548,.T.);
#1597=EDGE_CURVE('',#1285,#1286,#549,.T.);
#1598=EDGE_CURVE('',#1286,#1287,#550,.T.);
#1599=EDGE_CURVE('',#1287,#1288,#551,.T.);
#1600=EDGE_CURVE('',#1288,#1289,#552,.T.);
#1601=EDGE_CURVE('',#1289,#1290,#553,.T.);
#1602=EDGE_CURVE('',#1290,#1291,#554,.T.);
#1603=EDGE_CURVE('',#1291,#1292,#555,.T.);
#1604=EDGE_CURVE('',#1292,#1293,#556,.T.);
#1605=EDGE_CURVE('',#1293,#1294,#557,.T.);
#1606=EDGE_CURVE('',#1294,#1295,#558,.T.);
#1607=EDGE_CURVE('',#1295,#1296,#559,.T.);
#1608=EDGE_CURVE('',#1296,#1297,#560,.T.);
#1609=EDGE_CURVE('',#1297,#1298,#561,.T.);
#1610=EDGE_CURVE('',#1298,#1299,#562,.T.);
#1611=EDGE_CURVE('',#1299,#1280,#563,.T.);
#1612=EDGE_CURVE('',#1300,#1300,#564,.T.);
#1613=EDGE_CURVE('',#1301,#1301,#565,.T.);
#1614=EDGE_CURVE('',#1302,#1302,#566,.T.);
#1615=EDGE_CURVE('',#1303,#1303,#567,.T.);
#1616=EDGE_CURVE('',#1304,#1304,#568,.T.);
#1617=EDGE_CURVE('',#1305,#1306,#743,.T.);
#1618=EDGE_CURVE('',#1307,#1305,#744,.T.);
#1619=EDGE_CURVE('',#1307,#1250,#745,.T.);
#1620=EDGE_CURVE('',#1306,#1246,#746,.T.);
#1621=EDGE_CURVE('',#1244,#1305,#747,.T.);
#1622=EDGE_CURVE('',#1305,#1195,#127,.T.);
#1623=EDGE_CURVE('',#1308,#1309,#748,.T.);
#1624=EDGE_CURVE('',#1309,#1310,#749,.T.);
#1625=EDGE_CURVE('',#1311,#1310,#569,.T.);
#1626=EDGE_CURVE('',#1312,#1311,#750,.T.);
#1627=EDGE_CURVE('',#1308,#1312,#570,.T.);
#1628=EDGE_CURVE('',#1313,#1308,#751,.T.);
#1629=EDGE_CURVE('',#1314,#1313,#128,.T.);
#1630=EDGE_CURVE('',#1314,#1315,#752,.T.);
#1631=EDGE_CURVE('',#1315,#1308,#129,.T.);
#1632=EDGE_CURVE('',#1316,#1317,#753,.T.);
#1633=EDGE_CURVE('',#1254,#1316,#130,.T.);
#1634=EDGE_CURVE('',#1254,#1318,#754,.T.);
#1635=EDGE_CURVE('',#1318,#1314,#755,.T.);
#1636=EDGE_CURVE('',#1317,#1313,#756,.T.);
#1637=EDGE_CURVE('',#1310,#1316,#757,.T.);
#1638=EDGE_CURVE('',#1316,#1319,#758,.T.);
#1639=EDGE_CURVE('',#1319,#1320,#571,.T.);
#1640=EDGE_CURVE('',#1320,#1321,#759,.T.);
#1641=EDGE_CURVE('',#1321,#1322,#572,.T.);
#1642=EDGE_CURVE('',#1322,#1323,#760,.T.);
#1643=EDGE_CURVE('',#1323,#1324,#573,.T.);
#1644=EDGE_CURVE('',#1324,#1325,#761,.T.);
#1645=EDGE_CURVE('',#1325,#1326,#574,.T.);
#1646=EDGE_CURVE('',#1326,#1327,#762,.T.);
#1647=EDGE_CURVE('',#1327,#1328,#575,.T.);
#1648=EDGE_CURVE('',#1328,#1329,#763,.T.);
#1649=EDGE_CURVE('',#1329,#1330,#576,.T.);
#1650=EDGE_CURVE('',#1330,#1331,#764,.T.);
#1651=EDGE_CURVE('',#1331,#1332,#577,.T.);
#1652=EDGE_CURVE('',#1332,#1333,#765,.T.);
#1653=EDGE_CURVE('',#1333,#1334,#578,.T.);
#1654=EDGE_CURVE('',#1334,#1335,#766,.T.);
#1655=EDGE_CURVE('',#1335,#1336,#579,.T.);
#1656=EDGE_CURVE('',#1336,#1337,#767,.T.);
#1657=EDGE_CURVE('',#1337,#1311,#580,.T.);
#1658=EDGE_CURVE('',#1338,#1339,#581,.T.);
#1659=EDGE_CURVE('',#1339,#1340,#582,.T.);
#1660=EDGE_CURVE('',#1340,#1341,#583,.T.);
#1661=EDGE_CURVE('',#1341,#1342,#584,.T.);
#1662=EDGE_CURVE('',#1342,#1343,#585,.T.);
#1663=EDGE_CURVE('',#1343,#1344,#586,.T.);
#1664=EDGE_CURVE('',#1344,#1345,#587,.T.);
#1665=EDGE_CURVE('',#1345,#1346,#588,.T.);
#1666=EDGE_CURVE('',#1346,#1347,#589,.T.);
#1667=EDGE_CURVE('',#1347,#1348,#590,.T.);
#1668=EDGE_CURVE('',#1348,#1349,#591,.T.);
#1669=EDGE_CURVE('',#1349,#1350,#592,.T.);
#1670=EDGE_CURVE('',#1350,#1351,#593,.T.);
#1671=EDGE_CURVE('',#1351,#1352,#594,.T.);
#1672=EDGE_CURVE('',#1352,#1353,#595,.T.);
#1673=EDGE_CURVE('',#1353,#1338,#596,.T.);
#1674=EDGE_CURVE('',#1354,#1355,#597,.T.);
#1675=EDGE_CURVE('',#1355,#1356,#768,.T.);
#1676=EDGE_CURVE('',#1356,#1357,#598,.T.);
#1677=EDGE_CURVE('',#1357,#1358,#769,.T.);
#1678=EDGE_CURVE('',#1358,#1359,#599,.T.);
#1679=EDGE_CURVE('',#1359,#1360,#770,.T.);
#1680=EDGE_CURVE('',#1360,#1361,#600,.T.);
#1681=EDGE_CURVE('',#1361,#1354,#771,.T.);
#1682=EDGE_CURVE('',#1362,#1312,#601,.T.);
#1683=EDGE_CURVE('',#1362,#1363,#772,.T.);
#1684=EDGE_CURVE('',#1363,#1364,#602,.T.);
#1685=EDGE_CURVE('',#1365,#1364,#773,.T.);
#1686=EDGE_CURVE('',#1366,#1365,#603,.T.);
#1687=EDGE_CURVE('',#1367,#1366,#774,.T.);
#1688=EDGE_CURVE('',#1368,#1367,#604,.T.);
#1689=EDGE_CURVE('',#1369,#1368,#775,.T.);
#1690=EDGE_CURVE('',#1370,#1369,#605,.T.);
#1691=EDGE_CURVE('',#1370,#1371,#776,.T.);
#1692=EDGE_CURVE('',#1372,#1371,#606,.T.);
#1693=EDGE_CURVE('',#1373,#1372,#777,.T.);
#1694=EDGE_CURVE('',#1374,#1373,#607,.T.);
#1695=EDGE_CURVE('',#1375,#1374,#778,.T.);
#1696=EDGE_CURVE('',#1375,#1376,#608,.T.);
#1697=EDGE_CURVE('',#1376,#1377,#779,.T.);
#1698=EDGE_CURVE('',#1378,#1377,#609,.T.);
#1699=EDGE_CURVE('',#1378,#1379,#780,.T.);
#1700=EDGE_CURVE('',#1380,#1379,#610,.T.);
#1701=EDGE_CURVE('',#1313,#1380,#781,.T.);
#1702=EDGE_CURVE('',#1381,#1382,#611,.T.);
#1703=EDGE_CURVE('',#1383,#1381,#612,.T.);
#1704=EDGE_CURVE('',#1384,#1383,#613,.T.);
#1705=EDGE_CURVE('',#1385,#1384,#614,.T.);
#1706=EDGE_CURVE('',#1386,#1385,#615,.T.);
#1707=EDGE_CURVE('',#1387,#1386,#616,.T.);
#1708=EDGE_CURVE('',#1388,#1387,#617,.T.);
#1709=EDGE_CURVE('',#1389,#1388,#618,.T.);
#1710=EDGE_CURVE('',#1390,#1389,#619,.T.);
#1711=EDGE_CURVE('',#1391,#1390,#620,.T.);
#1712=EDGE_CURVE('',#1392,#1391,#621,.T.);
#1713=EDGE_CURVE('',#1393,#1392,#622,.T.);
#1714=EDGE_CURVE('',#1394,#1393,#623,.T.);
#1715=EDGE_CURVE('',#1395,#1394,#624,.T.);
#1716=EDGE_CURVE('',#1396,#1395,#625,.T.);
#1717=EDGE_CURVE('',#1382,#1396,#626,.T.);
#1718=EDGE_CURVE('',#1397,#1398,#627,.T.);
#1719=EDGE_CURVE('',#1399,#1397,#782,.T.);
#1720=EDGE_CURVE('',#1400,#1399,#628,.T.);
#1721=EDGE_CURVE('',#1401,#1400,#783,.T.);
#1722=EDGE_CURVE('',#1402,#1401,#629,.T.);
#1723=EDGE_CURVE('',#1403,#1402,#784,.T.);
#1724=EDGE_CURVE('',#1404,#1403,#630,.T.);
#1725=EDGE_CURVE('',#1398,#1404,#785,.T.);
#1726=EDGE_CURVE('',#1405,#1253,#786,.T.);
#1727=EDGE_CURVE('',#1405,#1314,#787,.T.);
#1728=EDGE_CURVE('',#1249,#1406,#631,.T.);
#1729=EDGE_CURVE('',#1406,#1407,#788,.T.);
#1730=EDGE_CURVE('',#1407,#1408,#632,.T.);
#1731=EDGE_CURVE('',#1408,#1409,#789,.T.);
#1732=EDGE_CURVE('',#1409,#1410,#633,.T.);
#1733=EDGE_CURVE('',#1410,#1411,#790,.T.);
#1734=EDGE_CURVE('',#1411,#1412,#634,.T.);
#1735=EDGE_CURVE('',#1412,#1413,#791,.T.);
#1736=EDGE_CURVE('',#1413,#1414,#635,.T.);
#1737=EDGE_CURVE('',#1414,#1415,#792,.T.);
#1738=EDGE_CURVE('',#1415,#1416,#636,.T.);
#1739=EDGE_CURVE('',#1416,#1417,#793,.T.);
#1740=EDGE_CURVE('',#1417,#1418,#637,.T.);
#1741=EDGE_CURVE('',#1418,#1419,#794,.T.);
#1742=EDGE_CURVE('',#1419,#1420,#638,.T.);
#1743=EDGE_CURVE('',#1420,#1421,#795,.T.);
#1744=EDGE_CURVE('',#1421,#1422,#639,.T.);
#1745=EDGE_CURVE('',#1422,#1423,#796,.T.);
#1746=EDGE_CURVE('',#1423,#1248,#640,.T.);
#1747=EDGE_CURVE('',#1424,#1425,#641,.T.);
#1748=EDGE_CURVE('',#1425,#1426,#797,.T.);
#1749=EDGE_CURVE('',#1426,#1427,#642,.T.);
#1750=EDGE_CURVE('',#1427,#1428,#798,.T.);
#1751=EDGE_CURVE('',#1428,#1429,#643,.T.);
#1752=EDGE_CURVE('',#1429,#1430,#799,.T.);
#1753=EDGE_CURVE('',#1430,#1431,#644,.T.);
#1754=EDGE_CURVE('',#1431,#1424,#800,.T.);
#1755=EDGE_CURVE('',#1432,#1433,#645,.T.);
#1756=EDGE_CURVE('',#1433,#1434,#646,.T.);
#1757=EDGE_CURVE('',#1434,#1435,#647,.T.);
#1758=EDGE_CURVE('',#1435,#1436,#648,.T.);
#1759=EDGE_CURVE('',#1436,#1437,#649,.T.);
#1760=EDGE_CURVE('',#1437,#1438,#650,.T.);
#1761=EDGE_CURVE('',#1438,#1439,#651,.T.);
#1762=EDGE_CURVE('',#1439,#1440,#652,.T.);
#1763=EDGE_CURVE('',#1440,#1441,#653,.T.);
#1764=EDGE_CURVE('',#1441,#1442,#654,.T.);
#1765=EDGE_CURVE('',#1442,#1443,#655,.T.);
#1766=EDGE_CURVE('',#1443,#1444,#656,.T.);
#1767=EDGE_CURVE('',#1444,#1445,#657,.T.);
#1768=EDGE_CURVE('',#1445,#1446,#658,.T.);
#1769=EDGE_CURVE('',#1446,#1447,#659,.T.);
#1770=EDGE_CURVE('',#1447,#1432,#660,.T.);
#1771=EDGE_CURVE('',#1315,#1448,#801,.T.);
#1772=EDGE_CURVE('',#1448,#1255,#802,.T.);
#1773=EDGE_CURVE('',#1310,#1255,#131,.T.);
#1774=EDGE_CURVE('',#1232,#1424,#803,.T.);
#1775=EDGE_CURVE('',#1234,#1431,#804,.T.);
#1776=EDGE_CURVE('',#1235,#1430,#805,.T.);
#1777=EDGE_CURVE('',#1236,#1429,#806,.T.);
#1778=EDGE_CURVE('',#1237,#1428,#807,.T.);
#1779=EDGE_CURVE('',#1238,#1427,#808,.T.);
#1780=EDGE_CURVE('',#1239,#1426,#809,.T.);
#1781=EDGE_CURVE('',#1233,#1425,#810,.T.);
#1782=EDGE_CURVE('',#1381,#1338,#811,.T.);
#1783=EDGE_CURVE('',#1383,#1353,#812,.T.);
#1784=EDGE_CURVE('',#1384,#1352,#813,.T.);
#1785=EDGE_CURVE('',#1385,#1351,#814,.T.);
#1786=EDGE_CURVE('',#1386,#1350,#815,.T.);
#1787=EDGE_CURVE('',#1387,#1349,#816,.T.);
#1788=EDGE_CURVE('',#1388,#1348,#817,.T.);
#1789=EDGE_CURVE('',#1389,#1347,#818,.T.);
#1790=EDGE_CURVE('',#1390,#1346,#819,.T.);
#1791=EDGE_CURVE('',#1391,#1345,#820,.T.);
#1792=EDGE_CURVE('',#1392,#1344,#821,.T.);
#1793=EDGE_CURVE('',#1393,#1343,#822,.T.);
#1794=EDGE_CURVE('',#1394,#1342,#823,.T.);
#1795=EDGE_CURVE('',#1395,#1341,#824,.T.);
#1796=EDGE_CURVE('',#1396,#1340,#825,.T.);
#1797=EDGE_CURVE('',#1382,#1339,#826,.T.);
#1798=EDGE_CURVE('',#1449,#1449,#661,.T.);
#1799=EDGE_CURVE('',#1449,#1304,#827,.T.);
#1800=EDGE_CURVE('',#1450,#1450,#662,.T.);
#1801=EDGE_CURVE('',#1450,#1303,#828,.T.);
#1802=EDGE_CURVE('',#1451,#1451,#663,.T.);
#1803=EDGE_CURVE('',#1451,#1302,#829,.T.);
#1804=EDGE_CURVE('',#1452,#1452,#664,.T.);
#1805=EDGE_CURVE('',#1452,#1301,#830,.T.);
#1806=EDGE_CURVE('',#1453,#1453,#665,.T.);
#1807=EDGE_CURVE('',#1453,#1300,#831,.T.);
#1808=EDGE_CURVE('',#1216,#1432,#832,.T.);
#1809=EDGE_CURVE('',#1218,#1447,#833,.T.);
#1810=EDGE_CURVE('',#1219,#1446,#834,.T.);
#1811=EDGE_CURVE('',#1220,#1445,#835,.T.);
#1812=EDGE_CURVE('',#1221,#1444,#836,.T.);
#1813=EDGE_CURVE('',#1222,#1443,#837,.T.);
#1814=EDGE_CURVE('',#1223,#1442,#838,.T.);
#1815=EDGE_CURVE('',#1224,#1441,#839,.T.);
#1816=EDGE_CURVE('',#1225,#1440,#840,.T.);
#1817=EDGE_CURVE('',#1226,#1439,#841,.T.);
#1818=EDGE_CURVE('',#1227,#1438,#842,.T.);
#1819=EDGE_CURVE('',#1228,#1437,#843,.T.);
#1820=EDGE_CURVE('',#1229,#1436,#844,.T.);
#1821=EDGE_CURVE('',#1230,#1435,#845,.T.);
#1822=EDGE_CURVE('',#1231,#1434,#846,.T.);
#1823=EDGE_CURVE('',#1217,#1433,#847,.T.);
#1824=EDGE_CURVE('',#1454,#1455,#666,.T.);
#1825=EDGE_CURVE('',#1455,#1280,#848,.T.);
#1826=EDGE_CURVE('',#1454,#1299,#849,.T.);
#1827=EDGE_CURVE('',#1456,#1454,#667,.T.);
#1828=EDGE_CURVE('',#1456,#1298,#850,.T.);
#1829=EDGE_CURVE('',#1457,#1456,#668,.T.);
#1830=EDGE_CURVE('',#1457,#1297,#851,.T.);
#1831=EDGE_CURVE('',#1458,#1457,#669,.T.);
#1832=EDGE_CURVE('',#1458,#1296,#852,.T.);
#1833=EDGE_CURVE('',#1459,#1458,#670,.T.);
#1834=EDGE_CURVE('',#1459,#1295,#853,.T.);
#1835=EDGE_CURVE('',#1460,#1459,#671,.T.);
#1836=EDGE_CURVE('',#1460,#1294,#854,.T.);
#1837=EDGE_CURVE('',#1461,#1460,#672,.T.);
#1838=EDGE_CURVE('',#1461,#1293,#855,.T.);
#1839=EDGE_CURVE('',#1462,#1461,#673,.T.);
#1840=EDGE_CURVE('',#1462,#1292,#856,.T.);
#1841=EDGE_CURVE('',#1463,#1462,#674,.T.);
#1842=EDGE_CURVE('',#1463,#1291,#857,.T.);
#1843=EDGE_CURVE('',#1464,#1463,#675,.T.);
#1844=EDGE_CURVE('',#1464,#1290,#858,.T.);
#1845=EDGE_CURVE('',#1465,#1464,#676,.T.);
#1846=EDGE_CURVE('',#1465,#1289,#859,.T.);
#1847=EDGE_CURVE('',#1466,#1465,#677,.T.);
#1848=EDGE_CURVE('',#1466,#1288,#860,.T.);
#1849=EDGE_CURVE('',#1467,#1466,#678,.T.);
#1850=EDGE_CURVE('',#1467,#1287,#861,.T.);
#1851=EDGE_CURVE('',#1468,#1467,#679,.T.);
#1852=EDGE_CURVE('',#1468,#1286,#862,.T.);
#1853=EDGE_CURVE('',#1469,#1468,#680,.T.);
#1854=EDGE_CURVE('',#1469,#1285,#863,.T.);
#1855=EDGE_CURVE('',#1470,#1469,#681,.T.);
#1856=EDGE_CURVE('',#1470,#1284,#864,.T.);
#1857=EDGE_CURVE('',#1471,#1470,#682,.T.);
#1858=EDGE_CURVE('',#1471,#1283,#865,.T.);
#1859=EDGE_CURVE('',#1472,#1471,#683,.T.);
#1860=EDGE_CURVE('',#1472,#1282,#866,.T.);
#1861=EDGE_CURVE('',#1473,#1472,#684,.T.);
#1862=EDGE_CURVE('',#1473,#1281,#867,.T.);
#1863=EDGE_CURVE('',#1455,#1473,#685,.T.);
#1864=EDGE_CURVE('',#1397,#1354,#868,.T.);
#1865=EDGE_CURVE('',#1399,#1361,#869,.T.);
#1866=EDGE_CURVE('',#1400,#1360,#870,.T.);
#1867=EDGE_CURVE('',#1401,#1359,#871,.T.);
#1868=EDGE_CURVE('',#1402,#1358,#872,.T.);
#1869=EDGE_CURVE('',#1403,#1357,#873,.T.);
#1870=EDGE_CURVE('',#1404,#1356,#874,.T.);
#1871=EDGE_CURVE('',#1398,#1355,#875,.T.);
#1872=EDGE_CURVE('',#1197,#1423,#876,.T.);
#1873=EDGE_CURVE('',#1198,#1422,#877,.T.);
#1874=EDGE_CURVE('',#1199,#1421,#878,.T.);
#1875=EDGE_CURVE('',#1200,#1420,#879,.T.);
#1876=EDGE_CURVE('',#1201,#1419,#880,.T.);
#1877=EDGE_CURVE('',#1202,#1418,#881,.T.);
#1878=EDGE_CURVE('',#1203,#1417,#882,.T.);
#1879=EDGE_CURVE('',#1204,#1416,#883,.T.);
#1880=EDGE_CURVE('',#1205,#1415,#884,.T.);
#1881=EDGE_CURVE('',#1206,#1414,#885,.T.);
#1882=EDGE_CURVE('',#1207,#1413,#886,.T.);
#1883=EDGE_CURVE('',#1208,#1412,#887,.T.);
#1884=EDGE_CURVE('',#1209,#1411,#888,.T.);
#1885=EDGE_CURVE('',#1210,#1410,#889,.T.);
#1886=EDGE_CURVE('',#1211,#1409,#890,.T.);
#1887=EDGE_CURVE('',#1212,#1408,#891,.T.);
#1888=EDGE_CURVE('',#1213,#1407,#892,.T.);
#1889=EDGE_CURVE('',#1214,#1406,#893,.T.);
#1890=EDGE_CURVE('',#1474,#1279,#894,.T.);
#1891=EDGE_CURVE('',#1244,#1474,#686,.T.);
#1892=EDGE_CURVE('',#1475,#1474,#687,.T.);
#1893=EDGE_CURVE('',#1475,#1278,#895,.T.);
#1894=EDGE_CURVE('',#1475,#1476,#896,.T.);
#1895=EDGE_CURVE('',#1476,#1277,#897,.T.);
#1896=EDGE_CURVE('',#1476,#1477,#688,.T.);
#1897=EDGE_CURVE('',#1477,#1276,#898,.T.);
#1898=EDGE_CURVE('',#1478,#1477,#899,.T.);
#1899=EDGE_CURVE('',#1478,#1275,#900,.T.);
#1900=EDGE_CURVE('',#1479,#1478,#689,.T.);
#1901=EDGE_CURVE('',#1479,#1274,#901,.T.);
#1902=EDGE_CURVE('',#1479,#1480,#690,.T.);
#1903=EDGE_CURVE('',#1480,#1273,#902,.T.);
#1904=EDGE_CURVE('',#1481,#1480,#691,.T.);
#1905=EDGE_CURVE('',#1481,#1272,#903,.T.);
#1906=EDGE_CURVE('',#1482,#1481,#904,.T.);
#1907=EDGE_CURVE('',#1482,#1271,#905,.T.);
#1908=EDGE_CURVE('',#1483,#1482,#692,.T.);
#1909=EDGE_CURVE('',#1483,#1270,#906,.T.);
#1910=EDGE_CURVE('',#1484,#1483,#907,.T.);
#1911=EDGE_CURVE('',#1484,#1269,#908,.T.);
#1912=EDGE_CURVE('',#1484,#1485,#693,.T.);
#1913=EDGE_CURVE('',#1485,#1268,#909,.T.);
#1914=EDGE_CURVE('',#1485,#1486,#910,.T.);
#1915=EDGE_CURVE('',#1486,#1267,#911,.T.);
#1916=EDGE_CURVE('',#1486,#1487,#694,.T.);
#1917=EDGE_CURVE('',#1487,#1266,#912,.T.);
#1918=EDGE_CURVE('',#1487,#1488,#913,.T.);
#1919=EDGE_CURVE('',#1488,#1265,#914,.T.);
#1920=EDGE_CURVE('',#1489,#1488,#695,.T.);
#1921=EDGE_CURVE('',#1489,#1264,#915,.T.);
#1922=EDGE_CURVE('',#1490,#1489,#916,.T.);
#1923=EDGE_CURVE('',#1490,#1263,#917,.T.);
#1924=EDGE_CURVE('',#1491,#1490,#696,.T.);
#1925=EDGE_CURVE('',#1491,#1262,#918,.T.);
#1926=EDGE_CURVE('',#1491,#1492,#697,.T.);
#1927=EDGE_CURVE('',#1492,#1261,#919,.T.);
#1928=EDGE_CURVE('',#1493,#1492,#698,.T.);
#1929=EDGE_CURVE('',#1493,#1260,#920,.T.);
#1930=EDGE_CURVE('',#1493,#1494,#921,.T.);
#1931=EDGE_CURVE('',#1494,#1259,#922,.T.);
#1932=EDGE_CURVE('',#1494,#1495,#699,.T.);
#1933=EDGE_CURVE('',#1495,#1258,#923,.T.);
#1934=EDGE_CURVE('',#1495,#1496,#924,.T.);
#1935=EDGE_CURVE('',#1496,#1257,#925,.T.);
#1936=EDGE_CURVE('',#1497,#1496,#700,.T.);
#1937=EDGE_CURVE('',#1497,#1256,#926,.T.);
#1938=EDGE_CURVE('',#1497,#1315,#701,.T.);
#1939=EDGE_CURVE('',#1362,#1337,#927,.T.);
#1940=EDGE_CURVE('',#1363,#1336,#928,.T.);
#1941=EDGE_CURVE('',#1364,#1335,#929,.T.);
#1942=EDGE_CURVE('',#1365,#1334,#930,.T.);
#1943=EDGE_CURVE('',#1366,#1333,#931,.T.);
#1944=EDGE_CURVE('',#1367,#1332,#932,.T.);
#1945=EDGE_CURVE('',#1368,#1331,#933,.T.);
#1946=EDGE_CURVE('',#1369,#1330,#934,.T.);
#1947=EDGE_CURVE('',#1370,#1329,#935,.T.);
#1948=EDGE_CURVE('',#1371,#1328,#936,.T.);
#1949=EDGE_CURVE('',#1372,#1327,#937,.T.);
#1950=EDGE_CURVE('',#1373,#1326,#938,.T.);
#1951=EDGE_CURVE('',#1374,#1325,#939,.T.);
#1952=EDGE_CURVE('',#1375,#1324,#940,.T.);
#1953=EDGE_CURVE('',#1376,#1323,#941,.T.);
#1954=EDGE_CURVE('',#1377,#1322,#942,.T.);
#1955=EDGE_CURVE('',#1378,#1321,#943,.T.);
#1956=EDGE_CURVE('',#1379,#1320,#944,.T.);
#1957=EDGE_CURVE('',#1380,#1319,#945,.T.);
#1958=EDGE_CURVE('',#1498,#1405,#702,.T.);
#1959=EDGE_CURVE('',#1498,#1252,#946,.T.);
#1960=EDGE_CURVE('',#1499,#1498,#947,.T.);
#1961=EDGE_CURVE('',#1499,#1251,#948,.T.);
#1962=EDGE_CURVE('',#1307,#1499,#703,.T.);
#1963=ORIENTED_EDGE('',*,*,#1500,.T.);
#1964=ORIENTED_EDGE('',*,*,#1501,.T.);
#1965=ORIENTED_EDGE('',*,*,#1502,.F.);
#1966=ORIENTED_EDGE('',*,*,#1503,.F.);
#1967=ORIENTED_EDGE('',*,*,#1504,.F.);
#1968=ORIENTED_EDGE('',*,*,#1505,.F.);
#1969=ORIENTED_EDGE('',*,*,#1506,.T.);
#1970=ORIENTED_EDGE('',*,*,#1507,.T.);
#1971=ORIENTED_EDGE('',*,*,#1508,.F.);
#1972=ORIENTED_EDGE('',*,*,#1509,.T.);
#1973=ORIENTED_EDGE('',*,*,#1510,.F.);
#1974=ORIENTED_EDGE('',*,*,#1511,.F.);
#1975=ORIENTED_EDGE('',*,*,#1512,.F.);
#1976=ORIENTED_EDGE('',*,*,#1513,.T.);
#1977=ORIENTED_EDGE('',*,*,#1514,.F.);
#1978=ORIENTED_EDGE('',*,*,#1515,.T.);
#1979=ORIENTED_EDGE('',*,*,#1516,.F.);
#1980=ORIENTED_EDGE('',*,*,#1517,.T.);
#1981=ORIENTED_EDGE('',*,*,#1518,.T.);
#1982=ORIENTED_EDGE('',*,*,#1519,.F.);
#1983=ORIENTED_EDGE('',*,*,#1520,.F.);
#1984=ORIENTED_EDGE('',*,*,#1521,.T.);
#1985=ORIENTED_EDGE('',*,*,#1522,.F.);
#1986=ORIENTED_EDGE('',*,*,#1523,.F.);
#1987=ORIENTED_EDGE('',*,*,#1524,.F.);
#1988=ORIENTED_EDGE('',*,*,#1525,.F.);
#1989=ORIENTED_EDGE('',*,*,#1526,.F.);
#1990=ORIENTED_EDGE('',*,*,#1527,.F.);
#1991=ORIENTED_EDGE('',*,*,#1528,.F.);
#1992=ORIENTED_EDGE('',*,*,#1529,.F.);
#1993=ORIENTED_EDGE('',*,*,#1530,.F.);
#1994=ORIENTED_EDGE('',*,*,#1531,.F.);
#1995=ORIENTED_EDGE('',*,*,#1532,.F.);
#1996=ORIENTED_EDGE('',*,*,#1533,.F.);
#1997=ORIENTED_EDGE('',*,*,#1534,.F.);
#1998=ORIENTED_EDGE('',*,*,#1535,.F.);
#1999=ORIENTED_EDGE('',*,*,#1536,.F.);
#2000=ORIENTED_EDGE('',*,*,#1537,.F.);
#2001=ORIENTED_EDGE('',*,*,#1538,.F.);
#2002=ORIENTED_EDGE('',*,*,#1539,.F.);
#2003=ORIENTED_EDGE('',*,*,#1540,.F.);
#2004=ORIENTED_EDGE('',*,*,#1541,.F.);
#2005=ORIENTED_EDGE('',*,*,#1542,.F.);
#2006=ORIENTED_EDGE('',*,*,#1543,.F.);
#2007=ORIENTED_EDGE('',*,*,#1544,.F.);
#2008=ORIENTED_EDGE('',*,*,#1545,.F.);
#2009=ORIENTED_EDGE('',*,*,#1546,.F.);
#2010=ORIENTED_EDGE('',*,*,#1547,.F.);
#2011=ORIENTED_EDGE('',*,*,#1548,.T.);
#2012=ORIENTED_EDGE('',*,*,#1549,.T.);
#2013=ORIENTED_EDGE('',*,*,#1550,.F.);
#2014=ORIENTED_EDGE('',*,*,#1551,.F.);
#2015=ORIENTED_EDGE('',*,*,#1552,.F.);
#2016=ORIENTED_EDGE('',*,*,#1553,.T.);
#2017=ORIENTED_EDGE('',*,*,#1554,.T.);
#2018=ORIENTED_EDGE('',*,*,#1547,.T.);
#2019=ORIENTED_EDGE('',*,*,#1555,.T.);
#2020=ORIENTED_EDGE('',*,*,#1556,.T.);
#2021=ORIENTED_EDGE('',*,*,#1557,.F.);
#2022=ORIENTED_EDGE('',*,*,#1558,.F.);
#2023=ORIENTED_EDGE('',*,*,#1501,.F.);
#2024=ORIENTED_EDGE('',*,*,#1546,.T.);
#2025=ORIENTED_EDGE('',*,*,#1551,.T.);
#2026=ORIENTED_EDGE('',*,*,#1521,.F.);
#2027=ORIENTED_EDGE('',*,*,#1559,.T.);
#2028=ORIENTED_EDGE('',*,*,#1560,.F.);
#2029=ORIENTED_EDGE('',*,*,#1554,.F.);
#2030=ORIENTED_EDGE('',*,*,#1561,.T.);
#2031=ORIENTED_EDGE('',*,*,#1562,.T.);
#2032=ORIENTED_EDGE('',*,*,#1563,.T.);
#2033=ORIENTED_EDGE('',*,*,#1564,.T.);
#2034=ORIENTED_EDGE('',*,*,#1565,.T.);
#2035=ORIENTED_EDGE('',*,*,#1566,.F.);
#2036=ORIENTED_EDGE('',*,*,#1567,.T.);
#2037=ORIENTED_EDGE('',*,*,#1568,.T.);
#2038=ORIENTED_EDGE('',*,*,#1569,.T.);
#2039=ORIENTED_EDGE('',*,*,#1570,.T.);
#2040=ORIENTED_EDGE('',*,*,#1571,.T.);
#2041=ORIENTED_EDGE('',*,*,#1572,.T.);
#2042=ORIENTED_EDGE('',*,*,#1573,.T.);
#2043=ORIENTED_EDGE('',*,*,#1574,.T.);
#2044=ORIENTED_EDGE('',*,*,#1575,.T.);
#2045=ORIENTED_EDGE('',*,*,#1576,.T.);
#2046=ORIENTED_EDGE('',*,*,#1577,.T.);
#2047=ORIENTED_EDGE('',*,*,#1578,.T.);
#2048=ORIENTED_EDGE('',*,*,#1579,.T.);
#2049=ORIENTED_EDGE('',*,*,#1580,.T.);
#2050=ORIENTED_EDGE('',*,*,#1581,.T.);
#2051=ORIENTED_EDGE('',*,*,#1582,.T.);
#2052=ORIENTED_EDGE('',*,*,#1583,.T.);
#2053=ORIENTED_EDGE('',*,*,#1584,.T.);
#2054=ORIENTED_EDGE('',*,*,#1585,.T.);
#2055=ORIENTED_EDGE('',*,*,#1586,.T.);
#2056=ORIENTED_EDGE('',*,*,#1587,.T.);
#2057=ORIENTED_EDGE('',*,*,#1588,.T.);
#2058=ORIENTED_EDGE('',*,*,#1589,.T.);
#2059=ORIENTED_EDGE('',*,*,#1590,.T.);
#2060=ORIENTED_EDGE('',*,*,#1591,.T.);
#2061=ORIENTED_EDGE('',*,*,#1592,.T.);
#2062=ORIENTED_EDGE('',*,*,#1593,.T.);
#2063=ORIENTED_EDGE('',*,*,#1594,.T.);
#2064=ORIENTED_EDGE('',*,*,#1595,.T.);
#2065=ORIENTED_EDGE('',*,*,#1596,.T.);
#2066=ORIENTED_EDGE('',*,*,#1597,.T.);
#2067=ORIENTED_EDGE('',*,*,#1598,.T.);
#2068=ORIENTED_EDGE('',*,*,#1599,.T.);
#2069=ORIENTED_EDGE('',*,*,#1600,.T.);
#2070=ORIENTED_EDGE('',*,*,#1601,.T.);
#2071=ORIENTED_EDGE('',*,*,#1602,.T.);
#2072=ORIENTED_EDGE('',*,*,#1603,.T.);
#2073=ORIENTED_EDGE('',*,*,#1604,.T.);
#2074=ORIENTED_EDGE('',*,*,#1605,.T.);
#2075=ORIENTED_EDGE('',*,*,#1606,.T.);
#2076=ORIENTED_EDGE('',*,*,#1607,.T.);
#2077=ORIENTED_EDGE('',*,*,#1608,.T.);
#2078=ORIENTED_EDGE('',*,*,#1609,.T.);
#2079=ORIENTED_EDGE('',*,*,#1610,.T.);
#2080=ORIENTED_EDGE('',*,*,#1611,.T.);
#2081=ORIENTED_EDGE('',*,*,#1612,.T.);
#2082=ORIENTED_EDGE('',*,*,#1613,.T.);
#2083=ORIENTED_EDGE('',*,*,#1614,.T.);
#2084=ORIENTED_EDGE('',*,*,#1615,.T.);
#2085=ORIENTED_EDGE('',*,*,#1616,.T.);
#2086=ORIENTED_EDGE('',*,*,#1617,.F.);
#2087=ORIENTED_EDGE('',*,*,#1618,.F.);
#2088=ORIENTED_EDGE('',*,*,#1619,.T.);
#2089=ORIENTED_EDGE('',*,*,#1561,.F.);
#2090=ORIENTED_EDGE('',*,*,#1620,.F.);
#2091=ORIENTED_EDGE('',*,*,#1500,.F.);
#2092=ORIENTED_EDGE('',*,*,#1550,.T.);
#2093=ORIENTED_EDGE('',*,*,#1621,.T.);
#2094=ORIENTED_EDGE('',*,*,#1622,.T.);
#2095=ORIENTED_EDGE('',*,*,#1623,.T.);
#2096=ORIENTED_EDGE('',*,*,#1624,.T.);
#2097=ORIENTED_EDGE('',*,*,#1625,.F.);
#2098=ORIENTED_EDGE('',*,*,#1626,.F.);
#2099=ORIENTED_EDGE('',*,*,#1627,.F.);
#2100=ORIENTED_EDGE('',*,*,#1628,.F.);
#2101=ORIENTED_EDGE('',*,*,#1629,.F.);
#2102=ORIENTED_EDGE('',*,*,#1630,.T.);
#2103=ORIENTED_EDGE('',*,*,#1631,.T.);
#2104=ORIENTED_EDGE('',*,*,#1632,.F.);
#2105=ORIENTED_EDGE('',*,*,#1633,.F.);
#2106=ORIENTED_EDGE('',*,*,#1634,.T.);
#2107=ORIENTED_EDGE('',*,*,#1635,.T.);
#2108=ORIENTED_EDGE('',*,*,#1629,.T.);
#2109=ORIENTED_EDGE('',*,*,#1636,.F.);
#2110=ORIENTED_EDGE('',*,*,#1637,.T.);
#2111=ORIENTED_EDGE('',*,*,#1638,.T.);
#2112=ORIENTED_EDGE('',*,*,#1639,.T.);
#2113=ORIENTED_EDGE('',*,*,#1640,.T.);
#2114=ORIENTED_EDGE('',*,*,#1641,.T.);
#2115=ORIENTED_EDGE('',*,*,#1642,.T.);
#2116=ORIENTED_EDGE('',*,*,#1643,.T.);
#2117=ORIENTED_EDGE('',*,*,#1644,.T.);
#2118=ORIENTED_EDGE('',*,*,#1645,.T.);
#2119=ORIENTED_EDGE('',*,*,#1646,.T.);
#2120=ORIENTED_EDGE('',*,*,#1647,.T.);
#2121=ORIENTED_EDGE('',*,*,#1648,.T.);
#2122=ORIENTED_EDGE('',*,*,#1649,.T.);
#2123=ORIENTED_EDGE('',*,*,#1650,.T.);
#2124=ORIENTED_EDGE('',*,*,#1651,.T.);
#2125=ORIENTED_EDGE('',*,*,#1652,.T.);
#2126=ORIENTED_EDGE('',*,*,#1653,.T.);
#2127=ORIENTED_EDGE('',*,*,#1654,.T.);
#2128=ORIENTED_EDGE('',*,*,#1655,.T.);
#2129=ORIENTED_EDGE('',*,*,#1656,.T.);
#2130=ORIENTED_EDGE('',*,*,#1657,.T.);
#2131=ORIENTED_EDGE('',*,*,#1625,.T.);
#2132=ORIENTED_EDGE('',*,*,#1658,.T.);
#2133=ORIENTED_EDGE('',*,*,#1659,.T.);
#2134=ORIENTED_EDGE('',*,*,#1660,.T.);
#2135=ORIENTED_EDGE('',*,*,#1661,.T.);
#2136=ORIENTED_EDGE('',*,*,#1662,.T.);
#2137=ORIENTED_EDGE('',*,*,#1663,.T.);
#2138=ORIENTED_EDGE('',*,*,#1664,.T.);
#2139=ORIENTED_EDGE('',*,*,#1665,.T.);
#2140=ORIENTED_EDGE('',*,*,#1666,.T.);
#2141=ORIENTED_EDGE('',*,*,#1667,.T.);
#2142=ORIENTED_EDGE('',*,*,#1668,.T.);
#2143=ORIENTED_EDGE('',*,*,#1669,.T.);
#2144=ORIENTED_EDGE('',*,*,#1670,.T.);
#2145=ORIENTED_EDGE('',*,*,#1671,.T.);
#2146=ORIENTED_EDGE('',*,*,#1672,.T.);
#2147=ORIENTED_EDGE('',*,*,#1673,.T.);
#2148=ORIENTED_EDGE('',*,*,#1674,.T.);
#2149=ORIENTED_EDGE('',*,*,#1675,.T.);
#2150=ORIENTED_EDGE('',*,*,#1676,.T.);
#2151=ORIENTED_EDGE('',*,*,#1677,.T.);
#2152=ORIENTED_EDGE('',*,*,#1678,.T.);
#2153=ORIENTED_EDGE('',*,*,#1679,.T.);
#2154=ORIENTED_EDGE('',*,*,#1680,.T.);
#2155=ORIENTED_EDGE('',*,*,#1681,.T.);
#2156=ORIENTED_EDGE('',*,*,#1628,.T.);
#2157=ORIENTED_EDGE('',*,*,#1627,.T.);
#2158=ORIENTED_EDGE('',*,*,#1682,.F.);
#2159=ORIENTED_EDGE('',*,*,#1683,.T.);
#2160=ORIENTED_EDGE('',*,*,#1684,.T.);
#2161=ORIENTED_EDGE('',*,*,#1685,.F.);
#2162=ORIENTED_EDGE('',*,*,#1686,.F.);
#2163=ORIENTED_EDGE('',*,*,#1687,.F.);
#2164=ORIENTED_EDGE('',*,*,#1688,.F.);
#2165=ORIENTED_EDGE('',*,*,#1689,.F.);
#2166=ORIENTED_EDGE('',*,*,#1690,.F.);
#2167=ORIENTED_EDGE('',*,*,#1691,.T.);
#2168=ORIENTED_EDGE('',*,*,#1692,.F.);
#2169=ORIENTED_EDGE('',*,*,#1693,.F.);
#2170=ORIENTED_EDGE('',*,*,#1694,.F.);
#2171=ORIENTED_EDGE('',*,*,#1695,.F.);
#2172=ORIENTED_EDGE('',*,*,#1696,.T.);
#2173=ORIENTED_EDGE('',*,*,#1697,.T.);
#2174=ORIENTED_EDGE('',*,*,#1698,.F.);
#2175=ORIENTED_EDGE('',*,*,#1699,.T.);
#2176=ORIENTED_EDGE('',*,*,#1700,.F.);
#2177=ORIENTED_EDGE('',*,*,#1701,.F.);
#2178=ORIENTED_EDGE('',*,*,#1702,.F.);
#2179=ORIENTED_EDGE('',*,*,#1703,.F.);
#2180=ORIENTED_EDGE('',*,*,#1704,.F.);
#2181=ORIENTED_EDGE('',*,*,#1705,.F.);
#2182=ORIENTED_EDGE('',*,*,#1706,.F.);
#2183=ORIENTED_EDGE('',*,*,#1707,.F.);
#2184=ORIENTED_EDGE('',*,*,#1708,.F.);
#2185=ORIENTED_EDGE('',*,*,#1709,.F.);
#2186=ORIENTED_EDGE('',*,*,#1710,.F.);
#2187=ORIENTED_EDGE('',*,*,#1711,.F.);
#2188=ORIENTED_EDGE('',*,*,#1712,.F.);
#2189=ORIENTED_EDGE('',*,*,#1713,.F.);
#2190=ORIENTED_EDGE('',*,*,#1714,.F.);
#2191=ORIENTED_EDGE('',*,*,#1715,.F.);
#2192=ORIENTED_EDGE('',*,*,#1716,.F.);
#2193=ORIENTED_EDGE('',*,*,#1717,.F.);
#2194=ORIENTED_EDGE('',*,*,#1718,.F.);
#2195=ORIENTED_EDGE('',*,*,#1719,.F.);
#2196=ORIENTED_EDGE('',*,*,#1720,.F.);
#2197=ORIENTED_EDGE('',*,*,#1721,.F.);
#2198=ORIENTED_EDGE('',*,*,#1722,.F.);
#2199=ORIENTED_EDGE('',*,*,#1723,.F.);
#2200=ORIENTED_EDGE('',*,*,#1724,.F.);
#2201=ORIENTED_EDGE('',*,*,#1725,.F.);
#2202=ORIENTED_EDGE('',*,*,#1634,.F.);
#2203=ORIENTED_EDGE('',*,*,#1565,.F.);
#2204=ORIENTED_EDGE('',*,*,#1726,.F.);
#2205=ORIENTED_EDGE('',*,*,#1727,.T.);
#2206=ORIENTED_EDGE('',*,*,#1635,.F.);
#2207=ORIENTED_EDGE('',*,*,#1552,.T.);
#2208=ORIENTED_EDGE('',*,*,#1560,.T.);
#2209=ORIENTED_EDGE('',*,*,#1728,.T.);
#2210=ORIENTED_EDGE('',*,*,#1729,.T.);
#2211=ORIENTED_EDGE('',*,*,#1730,.T.);
#2212=ORIENTED_EDGE('',*,*,#1731,.T.);
#2213=ORIENTED_EDGE('',*,*,#1732,.T.);
#2214=ORIENTED_EDGE('',*,*,#1733,.T.);
#2215=ORIENTED_EDGE('',*,*,#1734,.T.);
#2216=ORIENTED_EDGE('',*,*,#1735,.T.);
#2217=ORIENTED_EDGE('',*,*,#1736,.T.);
#2218=ORIENTED_EDGE('',*,*,#1737,.T.);
#2219=ORIENTED_EDGE('',*,*,#1738,.T.);
#2220=ORIENTED_EDGE('',*,*,#1739,.T.);
#2221=ORIENTED_EDGE('',*,*,#1740,.T.);
#2222=ORIENTED_EDGE('',*,*,#1741,.T.);
#2223=ORIENTED_EDGE('',*,*,#1742,.T.);
#2224=ORIENTED_EDGE('',*,*,#1743,.T.);
#2225=ORIENTED_EDGE('',*,*,#1744,.T.);
#2226=ORIENTED_EDGE('',*,*,#1745,.T.);
#2227=ORIENTED_EDGE('',*,*,#1746,.T.);
#2228=ORIENTED_EDGE('',*,*,#1557,.T.);
#2229=ORIENTED_EDGE('',*,*,#1747,.T.);
#2230=ORIENTED_EDGE('',*,*,#1748,.T.);
#2231=ORIENTED_EDGE('',*,*,#1749,.T.);
#2232=ORIENTED_EDGE('',*,*,#1750,.T.);
#2233=ORIENTED_EDGE('',*,*,#1751,.T.);
#2234=ORIENTED_EDGE('',*,*,#1752,.T.);
#2235=ORIENTED_EDGE('',*,*,#1753,.T.);
#2236=ORIENTED_EDGE('',*,*,#1754,.T.);
#2237=ORIENTED_EDGE('',*,*,#1755,.T.);
#2238=ORIENTED_EDGE('',*,*,#1756,.T.);
#2239=ORIENTED_EDGE('',*,*,#1757,.T.);
#2240=ORIENTED_EDGE('',*,*,#1758,.T.);
#2241=ORIENTED_EDGE('',*,*,#1759,.T.);
#2242=ORIENTED_EDGE('',*,*,#1760,.T.);
#2243=ORIENTED_EDGE('',*,*,#1761,.T.);
#2244=ORIENTED_EDGE('',*,*,#1762,.T.);
#2245=ORIENTED_EDGE('',*,*,#1763,.T.);
#2246=ORIENTED_EDGE('',*,*,#1764,.T.);
#2247=ORIENTED_EDGE('',*,*,#1765,.T.);
#2248=ORIENTED_EDGE('',*,*,#1766,.T.);
#2249=ORIENTED_EDGE('',*,*,#1767,.T.);
#2250=ORIENTED_EDGE('',*,*,#1768,.T.);
#2251=ORIENTED_EDGE('',*,*,#1769,.T.);
#2252=ORIENTED_EDGE('',*,*,#1770,.T.);
#2253=ORIENTED_EDGE('',*,*,#1623,.F.);
#2254=ORIENTED_EDGE('',*,*,#1631,.F.);
#2255=ORIENTED_EDGE('',*,*,#1771,.T.);
#2256=ORIENTED_EDGE('',*,*,#1772,.T.);
#2257=ORIENTED_EDGE('',*,*,#1773,.F.);
#2258=ORIENTED_EDGE('',*,*,#1624,.F.);
#2259=ORIENTED_EDGE('',*,*,#1539,.T.);
#2260=ORIENTED_EDGE('',*,*,#1774,.T.);
#2261=ORIENTED_EDGE('',*,*,#1754,.F.);
#2262=ORIENTED_EDGE('',*,*,#1775,.F.);
#2263=ORIENTED_EDGE('',*,*,#1540,.T.);
#2264=ORIENTED_EDGE('',*,*,#1775,.T.);
#2265=ORIENTED_EDGE('',*,*,#1753,.F.);
#2266=ORIENTED_EDGE('',*,*,#1776,.F.);
#2267=ORIENTED_EDGE('',*,*,#1541,.T.);
#2268=ORIENTED_EDGE('',*,*,#1776,.T.);
#2269=ORIENTED_EDGE('',*,*,#1752,.F.);
#2270=ORIENTED_EDGE('',*,*,#1777,.F.);
#2271=ORIENTED_EDGE('',*,*,#1542,.T.);
#2272=ORIENTED_EDGE('',*,*,#1777,.T.);
#2273=ORIENTED_EDGE('',*,*,#1751,.F.);
#2274=ORIENTED_EDGE('',*,*,#1778,.F.);
#2275=ORIENTED_EDGE('',*,*,#1543,.T.);
#2276=ORIENTED_EDGE('',*,*,#1778,.T.);
#2277=ORIENTED_EDGE('',*,*,#1750,.F.);
#2278=ORIENTED_EDGE('',*,*,#1779,.F.);
#2279=ORIENTED_EDGE('',*,*,#1544,.T.);
#2280=ORIENTED_EDGE('',*,*,#1779,.T.);
#2281=ORIENTED_EDGE('',*,*,#1749,.F.);
#2282=ORIENTED_EDGE('',*,*,#1780,.F.);
#2283=ORIENTED_EDGE('',*,*,#1545,.T.);
#2284=ORIENTED_EDGE('',*,*,#1780,.T.);
#2285=ORIENTED_EDGE('',*,*,#1748,.F.);
#2286=ORIENTED_EDGE('',*,*,#1781,.F.);
#2287=ORIENTED_EDGE('',*,*,#1538,.T.);
#2288=ORIENTED_EDGE('',*,*,#1781,.T.);
#2289=ORIENTED_EDGE('',*,*,#1747,.F.);
#2290=ORIENTED_EDGE('',*,*,#1774,.F.);
#2291=ORIENTED_EDGE('',*,*,#1703,.T.);
#2292=ORIENTED_EDGE('',*,*,#1782,.T.);
#2293=ORIENTED_EDGE('',*,*,#1673,.F.);
#2294=ORIENTED_EDGE('',*,*,#1783,.F.);
#2295=ORIENTED_EDGE('',*,*,#1704,.T.);
#2296=ORIENTED_EDGE('',*,*,#1783,.T.);
#2297=ORIENTED_EDGE('',*,*,#1672,.F.);
#2298=ORIENTED_EDGE('',*,*,#1784,.F.);
#2299=ORIENTED_EDGE('',*,*,#1705,.T.);
#2300=ORIENTED_EDGE('',*,*,#1784,.T.);
#2301=ORIENTED_EDGE('',*,*,#1671,.F.);
#2302=ORIENTED_EDGE('',*,*,#1785,.F.);
#2303=ORIENTED_EDGE('',*,*,#1706,.T.);
#2304=ORIENTED_EDGE('',*,*,#1785,.T.);
#2305=ORIENTED_EDGE('',*,*,#1670,.F.);
#2306=ORIENTED_EDGE('',*,*,#1786,.F.);
#2307=ORIENTED_EDGE('',*,*,#1707,.T.);
#2308=ORIENTED_EDGE('',*,*,#1786,.T.);
#2309=ORIENTED_EDGE('',*,*,#1669,.F.);
#2310=ORIENTED_EDGE('',*,*,#1787,.F.);
#2311=ORIENTED_EDGE('',*,*,#1708,.T.);
#2312=ORIENTED_EDGE('',*,*,#1787,.T.);
#2313=ORIENTED_EDGE('',*,*,#1668,.F.);
#2314=ORIENTED_EDGE('',*,*,#1788,.F.);
#2315=ORIENTED_EDGE('',*,*,#1709,.T.);
#2316=ORIENTED_EDGE('',*,*,#1788,.T.);
#2317=ORIENTED_EDGE('',*,*,#1667,.F.);
#2318=ORIENTED_EDGE('',*,*,#1789,.F.);
#2319=ORIENTED_EDGE('',*,*,#1710,.T.);
#2320=ORIENTED_EDGE('',*,*,#1789,.T.);
#2321=ORIENTED_EDGE('',*,*,#1666,.F.);
#2322=ORIENTED_EDGE('',*,*,#1790,.F.);
#2323=ORIENTED_EDGE('',*,*,#1711,.T.);
#2324=ORIENTED_EDGE('',*,*,#1790,.T.);
#2325=ORIENTED_EDGE('',*,*,#1665,.F.);
#2326=ORIENTED_EDGE('',*,*,#1791,.F.);
#2327=ORIENTED_EDGE('',*,*,#1712,.T.);
#2328=ORIENTED_EDGE('',*,*,#1791,.T.);
#2329=ORIENTED_EDGE('',*,*,#1664,.F.);
#2330=ORIENTED_EDGE('',*,*,#1792,.F.);
#2331=ORIENTED_EDGE('',*,*,#1713,.T.);
#2332=ORIENTED_EDGE('',*,*,#1792,.T.);
#2333=ORIENTED_EDGE('',*,*,#1663,.F.);
#2334=ORIENTED_EDGE('',*,*,#1793,.F.);
#2335=ORIENTED_EDGE('',*,*,#1714,.T.);
#2336=ORIENTED_EDGE('',*,*,#1793,.T.);
#2337=ORIENTED_EDGE('',*,*,#1662,.F.);
#2338=ORIENTED_EDGE('',*,*,#1794,.F.);
#2339=ORIENTED_EDGE('',*,*,#1715,.T.);
#2340=ORIENTED_EDGE('',*,*,#1794,.T.);
#2341=ORIENTED_EDGE('',*,*,#1661,.F.);
#2342=ORIENTED_EDGE('',*,*,#1795,.F.);
#2343=ORIENTED_EDGE('',*,*,#1716,.T.);
#2344=ORIENTED_EDGE('',*,*,#1795,.T.);
#2345=ORIENTED_EDGE('',*,*,#1660,.F.);
#2346=ORIENTED_EDGE('',*,*,#1796,.F.);
#2347=ORIENTED_EDGE('',*,*,#1717,.T.);
#2348=ORIENTED_EDGE('',*,*,#1796,.T.);
#2349=ORIENTED_EDGE('',*,*,#1659,.F.);
#2350=ORIENTED_EDGE('',*,*,#1797,.F.);
#2351=ORIENTED_EDGE('',*,*,#1702,.T.);
#2352=ORIENTED_EDGE('',*,*,#1797,.T.);
#2353=ORIENTED_EDGE('',*,*,#1658,.F.);
#2354=ORIENTED_EDGE('',*,*,#1782,.F.);
#2355=ORIENTED_EDGE('',*,*,#1798,.T.);
#2356=ORIENTED_EDGE('',*,*,#1799,.T.);
#2357=ORIENTED_EDGE('',*,*,#1616,.F.);
#2358=ORIENTED_EDGE('',*,*,#1799,.F.);
#2359=ORIENTED_EDGE('',*,*,#1800,.T.);
#2360=ORIENTED_EDGE('',*,*,#1801,.T.);
#2361=ORIENTED_EDGE('',*,*,#1615,.F.);
#2362=ORIENTED_EDGE('',*,*,#1801,.F.);
#2363=ORIENTED_EDGE('',*,*,#1802,.T.);
#2364=ORIENTED_EDGE('',*,*,#1803,.T.);
#2365=ORIENTED_EDGE('',*,*,#1614,.F.);
#2366=ORIENTED_EDGE('',*,*,#1803,.F.);
#2367=ORIENTED_EDGE('',*,*,#1804,.T.);
#2368=ORIENTED_EDGE('',*,*,#1805,.T.);
#2369=ORIENTED_EDGE('',*,*,#1613,.F.);
#2370=ORIENTED_EDGE('',*,*,#1805,.F.);
#2371=ORIENTED_EDGE('',*,*,#1806,.T.);
#2372=ORIENTED_EDGE('',*,*,#1807,.T.);
#2373=ORIENTED_EDGE('',*,*,#1612,.F.);
#2374=ORIENTED_EDGE('',*,*,#1807,.F.);
#2375=ORIENTED_EDGE('',*,*,#1523,.T.);
#2376=ORIENTED_EDGE('',*,*,#1808,.T.);
#2377=ORIENTED_EDGE('',*,*,#1770,.F.);
#2378=ORIENTED_EDGE('',*,*,#1809,.F.);
#2379=ORIENTED_EDGE('',*,*,#1524,.T.);
#2380=ORIENTED_EDGE('',*,*,#1809,.T.);
#2381=ORIENTED_EDGE('',*,*,#1769,.F.);
#2382=ORIENTED_EDGE('',*,*,#1810,.F.);
#2383=ORIENTED_EDGE('',*,*,#1525,.T.);
#2384=ORIENTED_EDGE('',*,*,#1810,.T.);
#2385=ORIENTED_EDGE('',*,*,#1768,.F.);
#2386=ORIENTED_EDGE('',*,*,#1811,.F.);
#2387=ORIENTED_EDGE('',*,*,#1526,.T.);
#2388=ORIENTED_EDGE('',*,*,#1811,.T.);
#2389=ORIENTED_EDGE('',*,*,#1767,.F.);
#2390=ORIENTED_EDGE('',*,*,#1812,.F.);
#2391=ORIENTED_EDGE('',*,*,#1527,.T.);
#2392=ORIENTED_EDGE('',*,*,#1812,.T.);
#2393=ORIENTED_EDGE('',*,*,#1766,.F.);
#2394=ORIENTED_EDGE('',*,*,#1813,.F.);
#2395=ORIENTED_EDGE('',*,*,#1528,.T.);
#2396=ORIENTED_EDGE('',*,*,#1813,.T.);
#2397=ORIENTED_EDGE('',*,*,#1765,.F.);
#2398=ORIENTED_EDGE('',*,*,#1814,.F.);
#2399=ORIENTED_EDGE('',*,*,#1529,.T.);
#2400=ORIENTED_EDGE('',*,*,#1814,.T.);
#2401=ORIENTED_EDGE('',*,*,#1764,.F.);
#2402=ORIENTED_EDGE('',*,*,#1815,.F.);
#2403=ORIENTED_EDGE('',*,*,#1530,.T.);
#2404=ORIENTED_EDGE('',*,*,#1815,.T.);
#2405=ORIENTED_EDGE('',*,*,#1763,.F.);
#2406=ORIENTED_EDGE('',*,*,#1816,.F.);
#2407=ORIENTED_EDGE('',*,*,#1531,.T.);
#2408=ORIENTED_EDGE('',*,*,#1816,.T.);
#2409=ORIENTED_EDGE('',*,*,#1762,.F.);
#2410=ORIENTED_EDGE('',*,*,#1817,.F.);
#2411=ORIENTED_EDGE('',*,*,#1532,.T.);
#2412=ORIENTED_EDGE('',*,*,#1817,.T.);
#2413=ORIENTED_EDGE('',*,*,#1761,.F.);
#2414=ORIENTED_EDGE('',*,*,#1818,.F.);
#2415=ORIENTED_EDGE('',*,*,#1533,.T.);
#2416=ORIENTED_EDGE('',*,*,#1818,.T.);
#2417=ORIENTED_EDGE('',*,*,#1760,.F.);
#2418=ORIENTED_EDGE('',*,*,#1819,.F.);
#2419=ORIENTED_EDGE('',*,*,#1534,.T.);
#2420=ORIENTED_EDGE('',*,*,#1819,.T.);
#2421=ORIENTED_EDGE('',*,*,#1759,.F.);
#2422=ORIENTED_EDGE('',*,*,#1820,.F.);
#2423=ORIENTED_EDGE('',*,*,#1535,.T.);
#2424=ORIENTED_EDGE('',*,*,#1820,.T.);
#2425=ORIENTED_EDGE('',*,*,#1758,.F.);
#2426=ORIENTED_EDGE('',*,*,#1821,.F.);
#2427=ORIENTED_EDGE('',*,*,#1536,.T.);
#2428=ORIENTED_EDGE('',*,*,#1821,.T.);
#2429=ORIENTED_EDGE('',*,*,#1757,.F.);
#2430=ORIENTED_EDGE('',*,*,#1822,.F.);
#2431=ORIENTED_EDGE('',*,*,#1537,.T.);
#2432=ORIENTED_EDGE('',*,*,#1822,.T.);
#2433=ORIENTED_EDGE('',*,*,#1756,.F.);
#2434=ORIENTED_EDGE('',*,*,#1823,.F.);
#2435=ORIENTED_EDGE('',*,*,#1522,.T.);
#2436=ORIENTED_EDGE('',*,*,#1823,.T.);
#2437=ORIENTED_EDGE('',*,*,#1755,.F.);
#2438=ORIENTED_EDGE('',*,*,#1808,.F.);
#2439=ORIENTED_EDGE('',*,*,#1824,.T.);
#2440=ORIENTED_EDGE('',*,*,#1825,.T.);
#2441=ORIENTED_EDGE('',*,*,#1611,.F.);
#2442=ORIENTED_EDGE('',*,*,#1826,.F.);
#2443=ORIENTED_EDGE('',*,*,#1827,.T.);
#2444=ORIENTED_EDGE('',*,*,#1826,.T.);
#2445=ORIENTED_EDGE('',*,*,#1610,.F.);
#2446=ORIENTED_EDGE('',*,*,#1828,.F.);
#2447=ORIENTED_EDGE('',*,*,#1829,.T.);
#2448=ORIENTED_EDGE('',*,*,#1828,.T.);
#2449=ORIENTED_EDGE('',*,*,#1609,.F.);
#2450=ORIENTED_EDGE('',*,*,#1830,.F.);
#2451=ORIENTED_EDGE('',*,*,#1831,.T.);
#2452=ORIENTED_EDGE('',*,*,#1830,.T.);
#2453=ORIENTED_EDGE('',*,*,#1608,.F.);
#2454=ORIENTED_EDGE('',*,*,#1832,.F.);
#2455=ORIENTED_EDGE('',*,*,#1833,.T.);
#2456=ORIENTED_EDGE('',*,*,#1832,.T.);
#2457=ORIENTED_EDGE('',*,*,#1607,.F.);
#2458=ORIENTED_EDGE('',*,*,#1834,.F.);
#2459=ORIENTED_EDGE('',*,*,#1835,.T.);
#2460=ORIENTED_EDGE('',*,*,#1834,.T.);
#2461=ORIENTED_EDGE('',*,*,#1606,.F.);
#2462=ORIENTED_EDGE('',*,*,#1836,.F.);
#2463=ORIENTED_EDGE('',*,*,#1837,.T.);
#2464=ORIENTED_EDGE('',*,*,#1836,.T.);
#2465=ORIENTED_EDGE('',*,*,#1605,.F.);
#2466=ORIENTED_EDGE('',*,*,#1838,.F.);
#2467=ORIENTED_EDGE('',*,*,#1839,.T.);
#2468=ORIENTED_EDGE('',*,*,#1838,.T.);
#2469=ORIENTED_EDGE('',*,*,#1604,.F.);
#2470=ORIENTED_EDGE('',*,*,#1840,.F.);
#2471=ORIENTED_EDGE('',*,*,#1841,.T.);
#2472=ORIENTED_EDGE('',*,*,#1840,.T.);
#2473=ORIENTED_EDGE('',*,*,#1603,.F.);
#2474=ORIENTED_EDGE('',*,*,#1842,.F.);
#2475=ORIENTED_EDGE('',*,*,#1843,.T.);
#2476=ORIENTED_EDGE('',*,*,#1842,.T.);
#2477=ORIENTED_EDGE('',*,*,#1602,.F.);
#2478=ORIENTED_EDGE('',*,*,#1844,.F.);
#2479=ORIENTED_EDGE('',*,*,#1845,.T.);
#2480=ORIENTED_EDGE('',*,*,#1844,.T.);
#2481=ORIENTED_EDGE('',*,*,#1601,.F.);
#2482=ORIENTED_EDGE('',*,*,#1846,.F.);
#2483=ORIENTED_EDGE('',*,*,#1847,.T.);
#2484=ORIENTED_EDGE('',*,*,#1846,.T.);
#2485=ORIENTED_EDGE('',*,*,#1600,.F.);
#2486=ORIENTED_EDGE('',*,*,#1848,.F.);
#2487=ORIENTED_EDGE('',*,*,#1849,.T.);
#2488=ORIENTED_EDGE('',*,*,#1848,.T.);
#2489=ORIENTED_EDGE('',*,*,#1599,.F.);
#2490=ORIENTED_EDGE('',*,*,#1850,.F.);
#2491=ORIENTED_EDGE('',*,*,#1851,.T.);
#2492=ORIENTED_EDGE('',*,*,#1850,.T.);
#2493=ORIENTED_EDGE('',*,*,#1598,.F.);
#2494=ORIENTED_EDGE('',*,*,#1852,.F.);
#2495=ORIENTED_EDGE('',*,*,#1853,.T.);
#2496=ORIENTED_EDGE('',*,*,#1852,.T.);
#2497=ORIENTED_EDGE('',*,*,#1597,.F.);
#2498=ORIENTED_EDGE('',*,*,#1854,.F.);
#2499=ORIENTED_EDGE('',*,*,#1855,.T.);
#2500=ORIENTED_EDGE('',*,*,#1854,.T.);
#2501=ORIENTED_EDGE('',*,*,#1596,.F.);
#2502=ORIENTED_EDGE('',*,*,#1856,.F.);
#2503=ORIENTED_EDGE('',*,*,#1857,.T.);
#2504=ORIENTED_EDGE('',*,*,#1856,.T.);
#2505=ORIENTED_EDGE('',*,*,#1595,.F.);
#2506=ORIENTED_EDGE('',*,*,#1858,.F.);
#2507=ORIENTED_EDGE('',*,*,#1859,.T.);
#2508=ORIENTED_EDGE('',*,*,#1858,.T.);
#2509=ORIENTED_EDGE('',*,*,#1594,.F.);
#2510=ORIENTED_EDGE('',*,*,#1860,.F.);
#2511=ORIENTED_EDGE('',*,*,#1861,.T.);
#2512=ORIENTED_EDGE('',*,*,#1860,.T.);
#2513=ORIENTED_EDGE('',*,*,#1593,.F.);
#2514=ORIENTED_EDGE('',*,*,#1862,.F.);
#2515=ORIENTED_EDGE('',*,*,#1863,.T.);
#2516=ORIENTED_EDGE('',*,*,#1862,.T.);
#2517=ORIENTED_EDGE('',*,*,#1592,.F.);
#2518=ORIENTED_EDGE('',*,*,#1825,.F.);
#2519=ORIENTED_EDGE('',*,*,#1719,.T.);
#2520=ORIENTED_EDGE('',*,*,#1864,.T.);
#2521=ORIENTED_EDGE('',*,*,#1681,.F.);
#2522=ORIENTED_EDGE('',*,*,#1865,.F.);
#2523=ORIENTED_EDGE('',*,*,#1720,.T.);
#2524=ORIENTED_EDGE('',*,*,#1865,.T.);
#2525=ORIENTED_EDGE('',*,*,#1680,.F.);
#2526=ORIENTED_EDGE('',*,*,#1866,.F.);
#2527=ORIENTED_EDGE('',*,*,#1721,.T.);
#2528=ORIENTED_EDGE('',*,*,#1866,.T.);
#2529=ORIENTED_EDGE('',*,*,#1679,.F.);
#2530=ORIENTED_EDGE('',*,*,#1867,.F.);
#2531=ORIENTED_EDGE('',*,*,#1722,.T.);
#2532=ORIENTED_EDGE('',*,*,#1867,.T.);
#2533=ORIENTED_EDGE('',*,*,#1678,.F.);
#2534=ORIENTED_EDGE('',*,*,#1868,.F.);
#2535=ORIENTED_EDGE('',*,*,#1723,.T.);
#2536=ORIENTED_EDGE('',*,*,#1868,.T.);
#2537=ORIENTED_EDGE('',*,*,#1677,.F.);
#2538=ORIENTED_EDGE('',*,*,#1869,.F.);
#2539=ORIENTED_EDGE('',*,*,#1724,.T.);
#2540=ORIENTED_EDGE('',*,*,#1869,.T.);
#2541=ORIENTED_EDGE('',*,*,#1676,.F.);
#2542=ORIENTED_EDGE('',*,*,#1870,.F.);
#2543=ORIENTED_EDGE('',*,*,#1725,.T.);
#2544=ORIENTED_EDGE('',*,*,#1870,.T.);
#2545=ORIENTED_EDGE('',*,*,#1675,.F.);
#2546=ORIENTED_EDGE('',*,*,#1871,.F.);
#2547=ORIENTED_EDGE('',*,*,#1718,.T.);
#2548=ORIENTED_EDGE('',*,*,#1871,.T.);
#2549=ORIENTED_EDGE('',*,*,#1674,.F.);
#2550=ORIENTED_EDGE('',*,*,#1864,.F.);
#2551=ORIENTED_EDGE('',*,*,#1555,.F.);
#2552=ORIENTED_EDGE('',*,*,#1622,.F.);
#2553=ORIENTED_EDGE('',*,*,#1617,.T.);
#2554=ORIENTED_EDGE('',*,*,#1620,.T.);
#2555=ORIENTED_EDGE('',*,*,#1553,.F.);
#2556=ORIENTED_EDGE('',*,*,#1556,.F.);
#2557=ORIENTED_EDGE('',*,*,#1502,.T.);
#2558=ORIENTED_EDGE('',*,*,#1558,.T.);
#2559=ORIENTED_EDGE('',*,*,#1746,.F.);
#2560=ORIENTED_EDGE('',*,*,#1872,.F.);
#2561=ORIENTED_EDGE('',*,*,#1503,.T.);
#2562=ORIENTED_EDGE('',*,*,#1872,.T.);
#2563=ORIENTED_EDGE('',*,*,#1745,.F.);
#2564=ORIENTED_EDGE('',*,*,#1873,.F.);
#2565=ORIENTED_EDGE('',*,*,#1504,.T.);
#2566=ORIENTED_EDGE('',*,*,#1873,.T.);
#2567=ORIENTED_EDGE('',*,*,#1744,.F.);
#2568=ORIENTED_EDGE('',*,*,#1874,.F.);
#2569=ORIENTED_EDGE('',*,*,#1505,.T.);
#2570=ORIENTED_EDGE('',*,*,#1874,.T.);
#2571=ORIENTED_EDGE('',*,*,#1743,.F.);
#2572=ORIENTED_EDGE('',*,*,#1875,.F.);
#2573=ORIENTED_EDGE('',*,*,#1506,.F.);
#2574=ORIENTED_EDGE('',*,*,#1875,.T.);
#2575=ORIENTED_EDGE('',*,*,#1742,.F.);
#2576=ORIENTED_EDGE('',*,*,#1876,.F.);
#2577=ORIENTED_EDGE('',*,*,#1507,.F.);
#2578=ORIENTED_EDGE('',*,*,#1876,.T.);
#2579=ORIENTED_EDGE('',*,*,#1741,.F.);
#2580=ORIENTED_EDGE('',*,*,#1877,.F.);
#2581=ORIENTED_EDGE('',*,*,#1508,.T.);
#2582=ORIENTED_EDGE('',*,*,#1877,.T.);
#2583=ORIENTED_EDGE('',*,*,#1740,.F.);
#2584=ORIENTED_EDGE('',*,*,#1878,.F.);
#2585=ORIENTED_EDGE('',*,*,#1509,.F.);
#2586=ORIENTED_EDGE('',*,*,#1878,.T.);
#2587=ORIENTED_EDGE('',*,*,#1739,.F.);
#2588=ORIENTED_EDGE('',*,*,#1879,.F.);
#2589=ORIENTED_EDGE('',*,*,#1510,.T.);
#2590=ORIENTED_EDGE('',*,*,#1879,.T.);
#2591=ORIENTED_EDGE('',*,*,#1738,.F.);
#2592=ORIENTED_EDGE('',*,*,#1880,.F.);
#2593=ORIENTED_EDGE('',*,*,#1511,.T.);
#2594=ORIENTED_EDGE('',*,*,#1880,.T.);
#2595=ORIENTED_EDGE('',*,*,#1737,.F.);
#2596=ORIENTED_EDGE('',*,*,#1881,.F.);
#2597=ORIENTED_EDGE('',*,*,#1512,.T.);
#2598=ORIENTED_EDGE('',*,*,#1881,.T.);
#2599=ORIENTED_EDGE('',*,*,#1736,.F.);
#2600=ORIENTED_EDGE('',*,*,#1882,.F.);
#2601=ORIENTED_EDGE('',*,*,#1513,.F.);
#2602=ORIENTED_EDGE('',*,*,#1882,.T.);
#2603=ORIENTED_EDGE('',*,*,#1735,.F.);
#2604=ORIENTED_EDGE('',*,*,#1883,.F.);
#2605=ORIENTED_EDGE('',*,*,#1514,.T.);
#2606=ORIENTED_EDGE('',*,*,#1883,.T.);
#2607=ORIENTED_EDGE('',*,*,#1734,.F.);
#2608=ORIENTED_EDGE('',*,*,#1884,.F.);
#2609=ORIENTED_EDGE('',*,*,#1515,.F.);
#2610=ORIENTED_EDGE('',*,*,#1884,.T.);
#2611=ORIENTED_EDGE('',*,*,#1733,.F.);
#2612=ORIENTED_EDGE('',*,*,#1885,.F.);
#2613=ORIENTED_EDGE('',*,*,#1516,.T.);
#2614=ORIENTED_EDGE('',*,*,#1885,.T.);
#2615=ORIENTED_EDGE('',*,*,#1732,.F.);
#2616=ORIENTED_EDGE('',*,*,#1886,.F.);
#2617=ORIENTED_EDGE('',*,*,#1517,.F.);
#2618=ORIENTED_EDGE('',*,*,#1886,.T.);
#2619=ORIENTED_EDGE('',*,*,#1731,.F.);
#2620=ORIENTED_EDGE('',*,*,#1887,.F.);
#2621=ORIENTED_EDGE('',*,*,#1518,.F.);
#2622=ORIENTED_EDGE('',*,*,#1887,.T.);
#2623=ORIENTED_EDGE('',*,*,#1730,.F.);
#2624=ORIENTED_EDGE('',*,*,#1888,.F.);
#2625=ORIENTED_EDGE('',*,*,#1519,.T.);
#2626=ORIENTED_EDGE('',*,*,#1888,.T.);
#2627=ORIENTED_EDGE('',*,*,#1729,.F.);
#2628=ORIENTED_EDGE('',*,*,#1889,.F.);
#2629=ORIENTED_EDGE('',*,*,#1520,.T.);
#2630=ORIENTED_EDGE('',*,*,#1889,.T.);
#2631=ORIENTED_EDGE('',*,*,#1728,.F.);
#2632=ORIENTED_EDGE('',*,*,#1559,.F.);
#2633=ORIENTED_EDGE('',*,*,#1548,.F.);
#2634=ORIENTED_EDGE('',*,*,#1591,.F.);
#2635=ORIENTED_EDGE('',*,*,#1890,.F.);
#2636=ORIENTED_EDGE('',*,*,#1891,.F.);
#2637=ORIENTED_EDGE('',*,*,#1549,.F.);
#2638=ORIENTED_EDGE('',*,*,#1892,.T.);
#2639=ORIENTED_EDGE('',*,*,#1890,.T.);
#2640=ORIENTED_EDGE('',*,*,#1590,.F.);
#2641=ORIENTED_EDGE('',*,*,#1893,.F.);
#2642=ORIENTED_EDGE('',*,*,#1894,.F.);
#2643=ORIENTED_EDGE('',*,*,#1893,.T.);
#2644=ORIENTED_EDGE('',*,*,#1589,.F.);
#2645=ORIENTED_EDGE('',*,*,#1895,.F.);
#2646=ORIENTED_EDGE('',*,*,#1896,.F.);
#2647=ORIENTED_EDGE('',*,*,#1895,.T.);
#2648=ORIENTED_EDGE('',*,*,#1588,.F.);
#2649=ORIENTED_EDGE('',*,*,#1897,.F.);
#2650=ORIENTED_EDGE('',*,*,#1898,.T.);
#2651=ORIENTED_EDGE('',*,*,#1897,.T.);
#2652=ORIENTED_EDGE('',*,*,#1587,.F.);
#2653=ORIENTED_EDGE('',*,*,#1899,.F.);
#2654=ORIENTED_EDGE('',*,*,#1900,.T.);
#2655=ORIENTED_EDGE('',*,*,#1899,.T.);
#2656=ORIENTED_EDGE('',*,*,#1586,.F.);
#2657=ORIENTED_EDGE('',*,*,#1901,.F.);
#2658=ORIENTED_EDGE('',*,*,#1902,.F.);
#2659=ORIENTED_EDGE('',*,*,#1901,.T.);
#2660=ORIENTED_EDGE('',*,*,#1585,.F.);
#2661=ORIENTED_EDGE('',*,*,#1903,.F.);
#2662=ORIENTED_EDGE('',*,*,#1904,.T.);
#2663=ORIENTED_EDGE('',*,*,#1903,.T.);
#2664=ORIENTED_EDGE('',*,*,#1584,.F.);
#2665=ORIENTED_EDGE('',*,*,#1905,.F.);
#2666=ORIENTED_EDGE('',*,*,#1906,.T.);
#2667=ORIENTED_EDGE('',*,*,#1905,.T.);
#2668=ORIENTED_EDGE('',*,*,#1583,.F.);
#2669=ORIENTED_EDGE('',*,*,#1907,.F.);
#2670=ORIENTED_EDGE('',*,*,#1908,.T.);
#2671=ORIENTED_EDGE('',*,*,#1907,.T.);
#2672=ORIENTED_EDGE('',*,*,#1582,.F.);
#2673=ORIENTED_EDGE('',*,*,#1909,.F.);
#2674=ORIENTED_EDGE('',*,*,#1910,.T.);
#2675=ORIENTED_EDGE('',*,*,#1909,.T.);
#2676=ORIENTED_EDGE('',*,*,#1581,.F.);
#2677=ORIENTED_EDGE('',*,*,#1911,.F.);
#2678=ORIENTED_EDGE('',*,*,#1912,.F.);
#2679=ORIENTED_EDGE('',*,*,#1911,.T.);
#2680=ORIENTED_EDGE('',*,*,#1580,.F.);
#2681=ORIENTED_EDGE('',*,*,#1913,.F.);
#2682=ORIENTED_EDGE('',*,*,#1914,.F.);
#2683=ORIENTED_EDGE('',*,*,#1913,.T.);
#2684=ORIENTED_EDGE('',*,*,#1579,.F.);
#2685=ORIENTED_EDGE('',*,*,#1915,.F.);
#2686=ORIENTED_EDGE('',*,*,#1916,.F.);
#2687=ORIENTED_EDGE('',*,*,#1915,.T.);
#2688=ORIENTED_EDGE('',*,*,#1578,.F.);
#2689=ORIENTED_EDGE('',*,*,#1917,.F.);
#2690=ORIENTED_EDGE('',*,*,#1918,.F.);
#2691=ORIENTED_EDGE('',*,*,#1917,.T.);
#2692=ORIENTED_EDGE('',*,*,#1577,.F.);
#2693=ORIENTED_EDGE('',*,*,#1919,.F.);
#2694=ORIENTED_EDGE('',*,*,#1920,.T.);
#2695=ORIENTED_EDGE('',*,*,#1919,.T.);
#2696=ORIENTED_EDGE('',*,*,#1576,.F.);
#2697=ORIENTED_EDGE('',*,*,#1921,.F.);
#2698=ORIENTED_EDGE('',*,*,#1922,.T.);
#2699=ORIENTED_EDGE('',*,*,#1921,.T.);
#2700=ORIENTED_EDGE('',*,*,#1575,.F.);
#2701=ORIENTED_EDGE('',*,*,#1923,.F.);
#2702=ORIENTED_EDGE('',*,*,#1924,.T.);
#2703=ORIENTED_EDGE('',*,*,#1923,.T.);
#2704=ORIENTED_EDGE('',*,*,#1574,.F.);
#2705=ORIENTED_EDGE('',*,*,#1925,.F.);
#2706=ORIENTED_EDGE('',*,*,#1926,.F.);
#2707=ORIENTED_EDGE('',*,*,#1925,.T.);
#2708=ORIENTED_EDGE('',*,*,#1573,.F.);
#2709=ORIENTED_EDGE('',*,*,#1927,.F.);
#2710=ORIENTED_EDGE('',*,*,#1928,.T.);
#2711=ORIENTED_EDGE('',*,*,#1927,.T.);
#2712=ORIENTED_EDGE('',*,*,#1572,.F.);
#2713=ORIENTED_EDGE('',*,*,#1929,.F.);
#2714=ORIENTED_EDGE('',*,*,#1930,.F.);
#2715=ORIENTED_EDGE('',*,*,#1929,.T.);
#2716=ORIENTED_EDGE('',*,*,#1571,.F.);
#2717=ORIENTED_EDGE('',*,*,#1931,.F.);
#2718=ORIENTED_EDGE('',*,*,#1932,.F.);
#2719=ORIENTED_EDGE('',*,*,#1931,.T.);
#2720=ORIENTED_EDGE('',*,*,#1570,.F.);
#2721=ORIENTED_EDGE('',*,*,#1933,.F.);
#2722=ORIENTED_EDGE('',*,*,#1934,.F.);
#2723=ORIENTED_EDGE('',*,*,#1933,.T.);
#2724=ORIENTED_EDGE('',*,*,#1569,.F.);
#2725=ORIENTED_EDGE('',*,*,#1935,.F.);
#2726=ORIENTED_EDGE('',*,*,#1936,.T.);
#2727=ORIENTED_EDGE('',*,*,#1935,.T.);
#2728=ORIENTED_EDGE('',*,*,#1568,.F.);
#2729=ORIENTED_EDGE('',*,*,#1937,.F.);
#2730=ORIENTED_EDGE('',*,*,#1771,.F.);
#2731=ORIENTED_EDGE('',*,*,#1938,.F.);
#2732=ORIENTED_EDGE('',*,*,#1937,.T.);
#2733=ORIENTED_EDGE('',*,*,#1567,.F.);
#2734=ORIENTED_EDGE('',*,*,#1772,.F.);
#2735=ORIENTED_EDGE('',*,*,#1682,.T.);
#2736=ORIENTED_EDGE('',*,*,#1626,.T.);
#2737=ORIENTED_EDGE('',*,*,#1657,.F.);
#2738=ORIENTED_EDGE('',*,*,#1939,.F.);
#2739=ORIENTED_EDGE('',*,*,#1683,.F.);
#2740=ORIENTED_EDGE('',*,*,#1939,.T.);
#2741=ORIENTED_EDGE('',*,*,#1656,.F.);
#2742=ORIENTED_EDGE('',*,*,#1940,.F.);
#2743=ORIENTED_EDGE('',*,*,#1684,.F.);
#2744=ORIENTED_EDGE('',*,*,#1940,.T.);
#2745=ORIENTED_EDGE('',*,*,#1655,.F.);
#2746=ORIENTED_EDGE('',*,*,#1941,.F.);
#2747=ORIENTED_EDGE('',*,*,#1685,.T.);
#2748=ORIENTED_EDGE('',*,*,#1941,.T.);
#2749=ORIENTED_EDGE('',*,*,#1654,.F.);
#2750=ORIENTED_EDGE('',*,*,#1942,.F.);
#2751=ORIENTED_EDGE('',*,*,#1686,.T.);
#2752=ORIENTED_EDGE('',*,*,#1942,.T.);
#2753=ORIENTED_EDGE('',*,*,#1653,.F.);
#2754=ORIENTED_EDGE('',*,*,#1943,.F.);
#2755=ORIENTED_EDGE('',*,*,#1687,.T.);
#2756=ORIENTED_EDGE('',*,*,#1943,.T.);
#2757=ORIENTED_EDGE('',*,*,#1652,.F.);
#2758=ORIENTED_EDGE('',*,*,#1944,.F.);
#2759=ORIENTED_EDGE('',*,*,#1688,.T.);
#2760=ORIENTED_EDGE('',*,*,#1944,.T.);
#2761=ORIENTED_EDGE('',*,*,#1651,.F.);
#2762=ORIENTED_EDGE('',*,*,#1945,.F.);
#2763=ORIENTED_EDGE('',*,*,#1689,.T.);
#2764=ORIENTED_EDGE('',*,*,#1945,.T.);
#2765=ORIENTED_EDGE('',*,*,#1650,.F.);
#2766=ORIENTED_EDGE('',*,*,#1946,.F.);
#2767=ORIENTED_EDGE('',*,*,#1690,.T.);
#2768=ORIENTED_EDGE('',*,*,#1946,.T.);
#2769=ORIENTED_EDGE('',*,*,#1649,.F.);
#2770=ORIENTED_EDGE('',*,*,#1947,.F.);
#2771=ORIENTED_EDGE('',*,*,#1691,.F.);
#2772=ORIENTED_EDGE('',*,*,#1947,.T.);
#2773=ORIENTED_EDGE('',*,*,#1648,.F.);
#2774=ORIENTED_EDGE('',*,*,#1948,.F.);
#2775=ORIENTED_EDGE('',*,*,#1692,.T.);
#2776=ORIENTED_EDGE('',*,*,#1948,.T.);
#2777=ORIENTED_EDGE('',*,*,#1647,.F.);
#2778=ORIENTED_EDGE('',*,*,#1949,.F.);
#2779=ORIENTED_EDGE('',*,*,#1693,.T.);
#2780=ORIENTED_EDGE('',*,*,#1949,.T.);
#2781=ORIENTED_EDGE('',*,*,#1646,.F.);
#2782=ORIENTED_EDGE('',*,*,#1950,.F.);
#2783=ORIENTED_EDGE('',*,*,#1694,.T.);
#2784=ORIENTED_EDGE('',*,*,#1950,.T.);
#2785=ORIENTED_EDGE('',*,*,#1645,.F.);
#2786=ORIENTED_EDGE('',*,*,#1951,.F.);
#2787=ORIENTED_EDGE('',*,*,#1695,.T.);
#2788=ORIENTED_EDGE('',*,*,#1951,.T.);
#2789=ORIENTED_EDGE('',*,*,#1644,.F.);
#2790=ORIENTED_EDGE('',*,*,#1952,.F.);
#2791=ORIENTED_EDGE('',*,*,#1696,.F.);
#2792=ORIENTED_EDGE('',*,*,#1952,.T.);
#2793=ORIENTED_EDGE('',*,*,#1643,.F.);
#2794=ORIENTED_EDGE('',*,*,#1953,.F.);
#2795=ORIENTED_EDGE('',*,*,#1697,.F.);
#2796=ORIENTED_EDGE('',*,*,#1953,.T.);
#2797=ORIENTED_EDGE('',*,*,#1642,.F.);
#2798=ORIENTED_EDGE('',*,*,#1954,.F.);
#2799=ORIENTED_EDGE('',*,*,#1698,.T.);
#2800=ORIENTED_EDGE('',*,*,#1954,.T.);
#2801=ORIENTED_EDGE('',*,*,#1641,.F.);
#2802=ORIENTED_EDGE('',*,*,#1955,.F.);
#2803=ORIENTED_EDGE('',*,*,#1699,.F.);
#2804=ORIENTED_EDGE('',*,*,#1955,.T.);
#2805=ORIENTED_EDGE('',*,*,#1640,.F.);
#2806=ORIENTED_EDGE('',*,*,#1956,.F.);
#2807=ORIENTED_EDGE('',*,*,#1700,.T.);
#2808=ORIENTED_EDGE('',*,*,#1956,.T.);
#2809=ORIENTED_EDGE('',*,*,#1639,.F.);
#2810=ORIENTED_EDGE('',*,*,#1957,.F.);
#2811=ORIENTED_EDGE('',*,*,#1632,.T.);
#2812=ORIENTED_EDGE('',*,*,#1636,.T.);
#2813=ORIENTED_EDGE('',*,*,#1701,.T.);
#2814=ORIENTED_EDGE('',*,*,#1957,.T.);
#2815=ORIENTED_EDGE('',*,*,#1638,.F.);
#2816=ORIENTED_EDGE('',*,*,#1958,.T.);
#2817=ORIENTED_EDGE('',*,*,#1726,.T.);
#2818=ORIENTED_EDGE('',*,*,#1564,.F.);
#2819=ORIENTED_EDGE('',*,*,#1959,.F.);
#2820=ORIENTED_EDGE('',*,*,#1960,.T.);
#2821=ORIENTED_EDGE('',*,*,#1959,.T.);
#2822=ORIENTED_EDGE('',*,*,#1563,.F.);
#2823=ORIENTED_EDGE('',*,*,#1961,.F.);
#2824=ORIENTED_EDGE('',*,*,#1962,.T.);
#2825=ORIENTED_EDGE('',*,*,#1961,.T.);
#2826=ORIENTED_EDGE('',*,*,#1562,.F.);
#2827=ORIENTED_EDGE('',*,*,#1619,.F.);
#2828=ORIENTED_EDGE('',*,*,#1637,.F.);
#2829=ORIENTED_EDGE('',*,*,#1773,.T.);
#2830=ORIENTED_EDGE('',*,*,#1566,.T.);
#2831=ORIENTED_EDGE('',*,*,#1633,.T.);
#2832=ORIENTED_EDGE('',*,*,#1621,.F.);
#2833=ORIENTED_EDGE('',*,*,#1891,.T.);
#2834=ORIENTED_EDGE('',*,*,#1892,.F.);
#2835=ORIENTED_EDGE('',*,*,#1894,.T.);
#2836=ORIENTED_EDGE('',*,*,#1896,.T.);
#2837=ORIENTED_EDGE('',*,*,#1898,.F.);
#2838=ORIENTED_EDGE('',*,*,#1900,.F.);
#2839=ORIENTED_EDGE('',*,*,#1902,.T.);
#2840=ORIENTED_EDGE('',*,*,#1904,.F.);
#2841=ORIENTED_EDGE('',*,*,#1906,.F.);
#2842=ORIENTED_EDGE('',*,*,#1908,.F.);
#2843=ORIENTED_EDGE('',*,*,#1910,.F.);
#2844=ORIENTED_EDGE('',*,*,#1912,.T.);
#2845=ORIENTED_EDGE('',*,*,#1914,.T.);
#2846=ORIENTED_EDGE('',*,*,#1916,.T.);
#2847=ORIENTED_EDGE('',*,*,#1918,.T.);
#2848=ORIENTED_EDGE('',*,*,#1920,.F.);
#2849=ORIENTED_EDGE('',*,*,#1922,.F.);
#2850=ORIENTED_EDGE('',*,*,#1924,.F.);
#2851=ORIENTED_EDGE('',*,*,#1926,.T.);
#2852=ORIENTED_EDGE('',*,*,#1928,.F.);
#2853=ORIENTED_EDGE('',*,*,#1930,.T.);
#2854=ORIENTED_EDGE('',*,*,#1932,.T.);
#2855=ORIENTED_EDGE('',*,*,#1934,.T.);
#2856=ORIENTED_EDGE('',*,*,#1936,.F.);
#2857=ORIENTED_EDGE('',*,*,#1938,.T.);
#2858=ORIENTED_EDGE('',*,*,#1630,.F.);
#2859=ORIENTED_EDGE('',*,*,#1727,.F.);
#2860=ORIENTED_EDGE('',*,*,#1958,.F.);
#2861=ORIENTED_EDGE('',*,*,#1960,.F.);
#2862=ORIENTED_EDGE('',*,*,#1962,.F.);
#2863=ORIENTED_EDGE('',*,*,#1618,.T.);
#2864=ORIENTED_EDGE('',*,*,#1863,.F.);
#2865=ORIENTED_EDGE('',*,*,#1824,.F.);
#2866=ORIENTED_EDGE('',*,*,#1827,.F.);
#2867=ORIENTED_EDGE('',*,*,#1829,.F.);
#2868=ORIENTED_EDGE('',*,*,#1831,.F.);
#2869=ORIENTED_EDGE('',*,*,#1833,.F.);
#2870=ORIENTED_EDGE('',*,*,#1835,.F.);
#2871=ORIENTED_EDGE('',*,*,#1837,.F.);
#2872=ORIENTED_EDGE('',*,*,#1839,.F.);
#2873=ORIENTED_EDGE('',*,*,#1841,.F.);
#2874=ORIENTED_EDGE('',*,*,#1843,.F.);
#2875=ORIENTED_EDGE('',*,*,#1845,.F.);
#2876=ORIENTED_EDGE('',*,*,#1847,.F.);
#2877=ORIENTED_EDGE('',*,*,#1849,.F.);
#2878=ORIENTED_EDGE('',*,*,#1851,.F.);
#2879=ORIENTED_EDGE('',*,*,#1853,.F.);
#2880=ORIENTED_EDGE('',*,*,#1855,.F.);
#2881=ORIENTED_EDGE('',*,*,#1857,.F.);
#2882=ORIENTED_EDGE('',*,*,#1859,.F.);
#2883=ORIENTED_EDGE('',*,*,#1861,.F.);
#2884=ORIENTED_EDGE('',*,*,#1806,.F.);
#2885=ORIENTED_EDGE('',*,*,#1804,.F.);
#2886=ORIENTED_EDGE('',*,*,#1802,.F.);
#2887=ORIENTED_EDGE('',*,*,#1800,.F.);
#2888=ORIENTED_EDGE('',*,*,#1798,.F.);
#2889=PLANE('',#3108);
#2890=PLANE('',#3141);
#2891=PLANE('',#3144);
#2892=PLANE('',#3188);
#2893=PLANE('',#3194);
#2894=PLANE('',#3225);
#2895=PLANE('',#3256);
#2896=PLANE('',#3257);
#2897=PLANE('',#3288);
#2898=PLANE('',#3290);
#2899=PLANE('',#3292);
#2900=PLANE('',#3294);
#2901=PLANE('',#3378);
#2902=PLANE('',#3380);
#2903=PLANE('',#3382);
#2904=PLANE('',#3384);
#2905=PLANE('',#3387);
#2906=PLANE('',#3389);
#2907=PLANE('',#3391);
#2908=PLANE('',#3393);
#2909=PLANE('',#3395);
#2910=PLANE('',#3397);
#2911=PLANE('',#3399);
#2912=PLANE('',#3401);
#2913=PLANE('',#3403);
#2914=PLANE('',#3409);
#2915=PLANE('',#3412);
#2916=PLANE('',#3419);
#2917=PLANE('',#3422);
#2918=PLANE('',#3425);
#2919=PLANE('',#3428);
#2920=PLANE('',#3431);
#2921=PLANE('',#3438);
#2922=PLANE('',#3441);
#2923=PLANE('',#3447);
#2924=PLANE('',#3449);
#2925=PLANE('',#3451);
#2926=PLANE('',#3453);
#2927=PLANE('',#3455);
#2928=PLANE('',#3457);
#2929=PLANE('',#3459);
#2930=PLANE('',#3461);
#2931=PLANE('',#3463);
#2932=PLANE('',#3465);
#2933=PLANE('',#3468);
#2934=PLANE('',#3472);
#2935=ADVANCED_FACE('',(#156,#136,#137),#2889,.F.);
#2936=ADVANCED_FACE('',(#157),#132,.T.);
#2937=ADVANCED_FACE('',(#158),#15,.T.);
#2938=ADVANCED_FACE('',(#159),#2890,.T.);
#2939=ADVANCED_FACE('',(#160),#16,.F.);
#2940=ADVANCED_FACE('',(#161,#138,#139,#140,#141,#142,#143),#2891,.T.);
#2941=ADVANCED_FACE('',(#162),#2892,.T.);
#2942=ADVANCED_FACE('',(#163),#17,.F.);
#2943=ADVANCED_FACE('',(#164),#18,.F.);
#2944=ADVANCED_FACE('',(#165),#19,.F.);
#2945=ADVANCED_FACE('',(#166),#133,.T.);
#2946=ADVANCED_FACE('',(#167,#144,#145),#2893,.T.);
#2947=ADVANCED_FACE('',(#168,#146,#147),#2894,.F.);
#2948=ADVANCED_FACE('',(#169),#2895,.T.);
#2949=ADVANCED_FACE('',(#170,#148,#149),#2896,.T.);
#2950=ADVANCED_FACE('',(#171),#134,.T.);
#2951=ADVANCED_FACE('',(#172),#2897,.T.);
#2952=ADVANCED_FACE('',(#173),#20,.F.);
#2953=ADVANCED_FACE('',(#174),#2898,.T.);
#2954=ADVANCED_FACE('',(#175),#21,.F.);
#2955=ADVANCED_FACE('',(#176),#2899,.T.);
#2956=ADVANCED_FACE('',(#177),#22,.F.);
#2957=ADVANCED_FACE('',(#178),#2900,.T.);
#2958=ADVANCED_FACE('',(#179),#23,.F.);
#2959=ADVANCED_FACE('',(#180),#24,.T.);
#2960=ADVANCED_FACE('',(#181),#25,.F.);
#2961=ADVANCED_FACE('',(#182),#26,.T.);
#2962=ADVANCED_FACE('',(#183),#27,.F.);
#2963=ADVANCED_FACE('',(#184),#28,.T.);
#2964=ADVANCED_FACE('',(#185),#29,.F.);
#2965=ADVANCED_FACE('',(#186),#30,.T.);
#2966=ADVANCED_FACE('',(#187),#31,.F.);
#2967=ADVANCED_FACE('',(#188),#32,.T.);
#2968=ADVANCED_FACE('',(#189),#33,.F.);
#2969=ADVANCED_FACE('',(#190),#34,.T.);
#2970=ADVANCED_FACE('',(#191),#35,.F.);
#2971=ADVANCED_FACE('',(#192),#36,.T.);
#2972=ADVANCED_FACE('',(#193),#37,.F.);
#2973=ADVANCED_FACE('',(#194),#38,.T.);
#2974=ADVANCED_FACE('',(#195),#39,.F.);
#2975=ADVANCED_FACE('',(#196),#40,.F.);
#2976=ADVANCED_FACE('',(#197),#41,.F.);
#2977=ADVANCED_FACE('',(#198),#42,.F.);
#2978=ADVANCED_FACE('',(#199),#43,.F.);
#2979=ADVANCED_FACE('',(#200),#44,.F.);
#2980=ADVANCED_FACE('',(#201),#45,.T.);
#2981=ADVANCED_FACE('',(#202),#46,.F.);
#2982=ADVANCED_FACE('',(#203),#47,.T.);
#2983=ADVANCED_FACE('',(#204),#48,.F.);
#2984=ADVANCED_FACE('',(#205),#49,.T.);
#2985=ADVANCED_FACE('',(#206),#50,.F.);
#2986=ADVANCED_FACE('',(#207),#51,.T.);
#2987=ADVANCED_FACE('',(#208),#52,.F.);
#2988=ADVANCED_FACE('',(#209),#53,.T.);
#2989=ADVANCED_FACE('',(#210),#54,.F.);
#2990=ADVANCED_FACE('',(#211),#55,.T.);
#2991=ADVANCED_FACE('',(#212),#56,.F.);
#2992=ADVANCED_FACE('',(#213),#57,.T.);
#2993=ADVANCED_FACE('',(#214),#58,.F.);
#2994=ADVANCED_FACE('',(#215),#59,.T.);
#2995=ADVANCED_FACE('',(#216),#60,.F.);
#2996=ADVANCED_FACE('',(#217),#61,.T.);
#2997=ADVANCED_FACE('',(#218),#62,.F.);
#2998=ADVANCED_FACE('',(#219),#63,.T.);
#2999=ADVANCED_FACE('',(#220),#64,.F.);
#3000=ADVANCED_FACE('',(#221),#65,.T.);
#3001=ADVANCED_FACE('',(#222),#66,.F.);
#3002=ADVANCED_FACE('',(#223),#67,.T.);
#3003=ADVANCED_FACE('',(#224),#68,.F.);
#3004=ADVANCED_FACE('',(#225),#69,.T.);
#3005=ADVANCED_FACE('',(#226),#70,.F.);
#3006=ADVANCED_FACE('',(#227),#71,.T.);
#3007=ADVANCED_FACE('',(#228),#72,.F.);
#3008=ADVANCED_FACE('',(#229),#73,.T.);
#3009=ADVANCED_FACE('',(#230),#74,.F.);
#3010=ADVANCED_FACE('',(#231),#75,.T.);
#3011=ADVANCED_FACE('',(#232),#76,.F.);
#3012=ADVANCED_FACE('',(#233),#77,.T.);
#3013=ADVANCED_FACE('',(#234),#78,.F.);
#3014=ADVANCED_FACE('',(#235),#79,.T.);
#3015=ADVANCED_FACE('',(#236),#80,.F.);
#3016=ADVANCED_FACE('',(#237),#2901,.T.);
#3017=ADVANCED_FACE('',(#238),#81,.F.);
#3018=ADVANCED_FACE('',(#239),#2902,.T.);
#3019=ADVANCED_FACE('',(#240),#82,.F.);
#3020=ADVANCED_FACE('',(#241),#2903,.T.);
#3021=ADVANCED_FACE('',(#242),#83,.F.);
#3022=ADVANCED_FACE('',(#243),#2904,.T.);
#3023=ADVANCED_FACE('',(#244),#84,.F.);
#3024=ADVANCED_FACE('',(#245),#135,.T.);
#3025=ADVANCED_FACE('',(#246),#85,.T.);
#3026=ADVANCED_FACE('',(#247),#2905,.T.);
#3027=ADVANCED_FACE('',(#248),#86,.T.);
#3028=ADVANCED_FACE('',(#249),#2906,.T.);
#3029=ADVANCED_FACE('',(#250),#87,.F.);
#3030=ADVANCED_FACE('',(#251),#2907,.T.);
#3031=ADVANCED_FACE('',(#252),#88,.T.);
#3032=ADVANCED_FACE('',(#253),#2908,.T.);
#3033=ADVANCED_FACE('',(#254),#89,.T.);
#3034=ADVANCED_FACE('',(#255),#2909,.T.);
#3035=ADVANCED_FACE('',(#256),#90,.T.);
#3036=ADVANCED_FACE('',(#257),#2910,.T.);
#3037=ADVANCED_FACE('',(#258),#91,.T.);
#3038=ADVANCED_FACE('',(#259),#2911,.T.);
#3039=ADVANCED_FACE('',(#260),#92,.T.);
#3040=ADVANCED_FACE('',(#261),#2912,.T.);
#3041=ADVANCED_FACE('',(#262),#93,.F.);
#3042=ADVANCED_FACE('',(#263),#2913,.T.);
#3043=ADVANCED_FACE('',(#264),#94,.T.);
#3044=ADVANCED_FACE('',(#265),#95,.F.);
#3045=ADVANCED_FACE('',(#266),#96,.T.);
#3046=ADVANCED_FACE('',(#267),#2914,.T.);
#3047=ADVANCED_FACE('',(#268),#97,.F.);
#3048=ADVANCED_FACE('',(#269),#2915,.T.);
#3049=ADVANCED_FACE('',(#270),#98,.T.);
#3050=ADVANCED_FACE('',(#271),#99,.F.);
#3051=ADVANCED_FACE('',(#272),#100,.T.);
#3052=ADVANCED_FACE('',(#273),#2916,.T.);
#3053=ADVANCED_FACE('',(#274),#101,.T.);
#3054=ADVANCED_FACE('',(#275),#2917,.T.);
#3055=ADVANCED_FACE('',(#276),#102,.F.);
#3056=ADVANCED_FACE('',(#277),#2918,.T.);
#3057=ADVANCED_FACE('',(#278),#103,.F.);
#3058=ADVANCED_FACE('',(#279),#2919,.T.);
#3059=ADVANCED_FACE('',(#280),#104,.T.);
#3060=ADVANCED_FACE('',(#281),#2920,.T.);
#3061=ADVANCED_FACE('',(#282),#105,.T.);
#3062=ADVANCED_FACE('',(#283),#106,.F.);
#3063=ADVANCED_FACE('',(#284),#107,.T.);
#3064=ADVANCED_FACE('',(#285),#2921,.T.);
#3065=ADVANCED_FACE('',(#286),#108,.F.);
#3066=ADVANCED_FACE('',(#287),#2922,.T.);
#3067=ADVANCED_FACE('',(#288),#109,.T.);
#3068=ADVANCED_FACE('',(#289),#110,.F.);
#3069=ADVANCED_FACE('',(#290),#111,.T.);
#3070=ADVANCED_FACE('',(#291),#2923,.T.);
#3071=ADVANCED_FACE('',(#292),#112,.F.);
#3072=ADVANCED_FACE('',(#293),#2924,.T.);
#3073=ADVANCED_FACE('',(#294),#113,.T.);
#3074=ADVANCED_FACE('',(#295),#2925,.T.);
#3075=ADVANCED_FACE('',(#296),#114,.T.);
#3076=ADVANCED_FACE('',(#297),#2926,.T.);
#3077=ADVANCED_FACE('',(#298),#115,.T.);
#3078=ADVANCED_FACE('',(#299),#2927,.T.);
#3079=ADVANCED_FACE('',(#300),#116,.T.);
#3080=ADVANCED_FACE('',(#301),#2928,.T.);
#3081=ADVANCED_FACE('',(#302),#117,.T.);
#3082=ADVANCED_FACE('',(#303),#2929,.T.);
#3083=ADVANCED_FACE('',(#304),#118,.F.);
#3084=ADVANCED_FACE('',(#305),#2930,.T.);
#3085=ADVANCED_FACE('',(#306),#119,.T.);
#3086=ADVANCED_FACE('',(#307),#2931,.T.);
#3087=ADVANCED_FACE('',(#308),#120,.T.);
#3088=ADVANCED_FACE('',(#309),#2932,.T.);
#3089=ADVANCED_FACE('',(#310),#121,.T.);
#3090=ADVANCED_FACE('',(#311),#2933,.T.);
#3091=ADVANCED_FACE('',(#312),#122,.T.);
#3092=ADVANCED_FACE('',(#313),#123,.T.);
#3093=ADVANCED_FACE('',(#314,#150,#151,#152,#153,#154,#155),#2934,.F.);
#3094=CLOSED_SHELL('',(#2935,#2936,#2937,#2938,#2939,#2940,#2941,#2942,
#2943,#2944,#2945,#2946,#2947,#2948,#2949,#2950,#2951,#2952,#2953,#2954,
#2955,#2956,#2957,#2958,#2959,#2960,#2961,#2962,#2963,#2964,#2965,#2966,
#2967,#2968,#2969,#2970,#2971,#2972,#2973,#2974,#2975,#2976,#2977,#2978,
#2979,#2980,#2981,#2982,#2983,#2984,#2985,#2986,#2987,#2988,#2989,#2990,
#2991,#2992,#2993,#2994,#2995,#2996,#2997,#2998,#2999,#3000,#3001,#3002,
#3003,#3004,#3005,#3006,#3007,#3008,#3009,#3010,#3011,#3012,#3013,#3014,
#3015,#3016,#3017,#3018,#3019,#3020,#3021,#3022,#3023,#3024,#3025,#3026,
#3027,#3028,#3029,#3030,#3031,#3032,#3033,#3034,#3035,#3036,#3037,#3038,
#3039,#3040,#3041,#3042,#3043,#3044,#3045,#3046,#3047,#3048,#3049,#3050,
#3051,#3052,#3053,#3054,#3055,#3056,#3057,#3058,#3059,#3060,#3061,#3062,
#3063,#3064,#3065,#3066,#3067,#3068,#3069,#3070,#3071,#3072,#3073,#3074,
#3075,#3076,#3077,#3078,#3079,#3080,#3081,#3082,#3083,#3084,#3085,#3086,
#3087,#3088,#3089,#3090,#3091,#3092,#3093));
#3095=DERIVED_UNIT_ELEMENT(#3097,1.);
#3096=DERIVED_UNIT_ELEMENT(#5646,-3.);
#3097=(
MASS_UNIT()
NAMED_UNIT(*)
SI_UNIT(.KILO.,.GRAM.)
);
#3098=DERIVED_UNIT((#3095,#3096));
#3099=MEASURE_REPRESENTATION_ITEM('density measure',
POSITIVE_RATIO_MEASURE(7850.),#3098);
#3100=PROPERTY_DEFINITION_REPRESENTATION(#3105,#3102);
#3101=PROPERTY_DEFINITION_REPRESENTATION(#3106,#3103);
#3102=REPRESENTATION('material name',(#3104),#5643);
#3103=REPRESENTATION('density',(#3099),#5643);
#3104=DESCRIPTIVE_REPRESENTATION_ITEM('\X2\94A2\X0\','\X2\94A2\X0\');
#3105=PROPERTY_DEFINITION('material property','material name',#5653);
#3106=PROPERTY_DEFINITION('material property','density of part',#5653);
#3107=AXIS2_PLACEMENT_3D('',#4450,#3473,#3474);
#3108=AXIS2_PLACEMENT_3D('',#4451,#3475,#3476);
#3109=AXIS2_PLACEMENT_3D('',#4458,#3479,#3480);
#3110=AXIS2_PLACEMENT_3D('',#4462,#3482,#3483);
#3111=AXIS2_PLACEMENT_3D('',#4466,#3485,#3486);
#3112=AXIS2_PLACEMENT_3D('',#4470,#3488,#3489);
#3113=AXIS2_PLACEMENT_3D('',#4474,#3491,#3492);
#3114=AXIS2_PLACEMENT_3D('',#4478,#3494,#3495);
#3115=AXIS2_PLACEMENT_3D('',#4482,#3497,#3498);
#3116=AXIS2_PLACEMENT_3D('',#4486,#3500,#3501);
#3117=AXIS2_PLACEMENT_3D('',#4490,#3503,#3504);
#3118=AXIS2_PLACEMENT_3D('',#4494,#3506,#3507);
#3119=AXIS2_PLACEMENT_3D('',#4495,#3508,#3509);
#3120=AXIS2_PLACEMENT_3D('',#4498,#3510,#3511);
#3121=AXIS2_PLACEMENT_3D('',#4500,#3512,#3513);
#3122=AXIS2_PLACEMENT_3D('',#4502,#3514,#3515);
#3123=AXIS2_PLACEMENT_3D('',#4504,#3516,#3517);
#3124=AXIS2_PLACEMENT_3D('',#4506,#3518,#3519);
#3125=AXIS2_PLACEMENT_3D('',#4508,#3520,#3521);
#3126=AXIS2_PLACEMENT_3D('',#4510,#3522,#3523);
#3127=AXIS2_PLACEMENT_3D('',#4512,#3524,#3525);
#3128=AXIS2_PLACEMENT_3D('',#4514,#3526,#3527);
#3129=AXIS2_PLACEMENT_3D('',#4516,#3528,#3529);
#3130=AXIS2_PLACEMENT_3D('',#4518,#3530,#3531);
#3131=AXIS2_PLACEMENT_3D('',#4520,#3532,#3533);
#3132=AXIS2_PLACEMENT_3D('',#4522,#3534,#3535);
#3133=AXIS2_PLACEMENT_3D('',#4524,#3536,#3537);
#3134=AXIS2_PLACEMENT_3D('',#4526,#3538,#3539);
#3135=AXIS2_PLACEMENT_3D('',#4527,#3540,#3541);
#3136=AXIS2_PLACEMENT_3D('',#4530,#3542,#3543);
#3137=AXIS2_PLACEMENT_3D('',#4534,#3545,#3546);
#3138=AXIS2_PLACEMENT_3D('',#4538,#3548,#3549);
#3139=AXIS2_PLACEMENT_3D('',#4542,#3551,#3552);
#3140=AXIS2_PLACEMENT_3D('',#4659,#3558,#3559);
#3141=AXIS2_PLACEMENT_3D('',#4669,#3562,#3563);
#3142=AXIS2_PLACEMENT_3D('',#4676,#3568,#3569);
#3143=AXIS2_PLACEMENT_3D('',#4679,#3571,#3572);
#3144=AXIS2_PLACEMENT_3D('',#4680,#3573,#3574);
#3145=AXIS2_PLACEMENT_3D('',#4684,#3576,#3577);
#3146=AXIS2_PLACEMENT_3D('',#4688,#3579,#3580);
#3147=AXIS2_PLACEMENT_3D('',#4694,#3583,#3584);
#3148=AXIS2_PLACEMENT_3D('',#4696,#3585,#3586);
#3149=AXIS2_PLACEMENT_3D('',#4700,#3588,#3589);
#3150=AXIS2_PLACEMENT_3D('',#4704,#3591,#3592);
#3151=AXIS2_PLACEMENT_3D('',#4706,#3593,#3594);
#3152=AXIS2_PLACEMENT_3D('',#4708,#3595,#3596);
#3153=AXIS2_PLACEMENT_3D('',#4712,#3598,#3599);
#3154=AXIS2_PLACEMENT_3D('',#4716,#3601,#3602);
#3155=AXIS2_PLACEMENT_3D('',#4720,#3604,#3605);
#3156=AXIS2_PLACEMENT_3D('',#4724,#3607,#3608);
#3157=AXIS2_PLACEMENT_3D('',#4728,#3610,#3611);
#3158=AXIS2_PLACEMENT_3D('',#4730,#3612,#3613);
#3159=AXIS2_PLACEMENT_3D('',#4732,#3614,#3615);
#3160=AXIS2_PLACEMENT_3D('',#4736,#3617,#3618);
#3161=AXIS2_PLACEMENT_3D('',#4740,#3620,#3621);
#3162=AXIS2_PLACEMENT_3D('',#4741,#3622,#3623);
#3163=AXIS2_PLACEMENT_3D('',#4744,#3624,#3625);
#3164=AXIS2_PLACEMENT_3D('',#4746,#3626,#3627);
#3165=AXIS2_PLACEMENT_3D('',#4748,#3628,#3629);
#3166=AXIS2_PLACEMENT_3D('',#4750,#3630,#3631);
#3167=AXIS2_PLACEMENT_3D('',#4752,#3632,#3633);
#3168=AXIS2_PLACEMENT_3D('',#4754,#3634,#3635);
#3169=AXIS2_PLACEMENT_3D('',#4756,#3636,#3637);
#3170=AXIS2_PLACEMENT_3D('',#4758,#3638,#3639);
#3171=AXIS2_PLACEMENT_3D('',#4760,#3640,#3641);
#3172=AXIS2_PLACEMENT_3D('',#4762,#3642,#3643);
#3173=AXIS2_PLACEMENT_3D('',#4764,#3644,#3645);
#3174=AXIS2_PLACEMENT_3D('',#4766,#3646,#3647);
#3175=AXIS2_PLACEMENT_3D('',#4768,#3648,#3649);
#3176=AXIS2_PLACEMENT_3D('',#4770,#3650,#3651);
#3177=AXIS2_PLACEMENT_3D('',#4772,#3652,#3653);
#3178=AXIS2_PLACEMENT_3D('',#4774,#3654,#3655);
#3179=AXIS2_PLACEMENT_3D('',#4776,#3656,#3657);
#3180=AXIS2_PLACEMENT_3D('',#4778,#3658,#3659);
#3181=AXIS2_PLACEMENT_3D('',#4780,#3660,#3661);
#3182=AXIS2_PLACEMENT_3D('',#4781,#3662,#3663);
#3183=AXIS2_PLACEMENT_3D('',#4783,#3664,#3665);
#3184=AXIS2_PLACEMENT_3D('',#4785,#3666,#3667);
#3185=AXIS2_PLACEMENT_3D('',#4787,#3668,#3669);
#3186=AXIS2_PLACEMENT_3D('',#4789,#3670,#3671);
#3187=AXIS2_PLACEMENT_3D('',#4791,#3672,#3673);
#3188=AXIS2_PLACEMENT_3D('',#4792,#3674,#3675);
#3189=AXIS2_PLACEMENT_3D('',#4800,#3680,#3681);
#3190=AXIS2_PLACEMENT_3D('',#4808,#3683,#3684);
#3191=AXIS2_PLACEMENT_3D('',#4815,#3687,#3688);
#3192=AXIS2_PLACEMENT_3D('',#4818,#3690,#3691);
#3193=AXIS2_PLACEMENT_3D('',#4819,#3692,#3693);
#3194=AXIS2_PLACEMENT_3D('',#4872,#3700,#3701);
#3195=AXIS2_PLACEMENT_3D('',#4877,#3704,#3705);
#3196=AXIS2_PLACEMENT_3D('',#4881,#3707,#3708);
#3197=AXIS2_PLACEMENT_3D('',#4885,#3710,#3711);
#3198=AXIS2_PLACEMENT_3D('',#4889,#3713,#3714);
#3199=AXIS2_PLACEMENT_3D('',#4893,#3716,#3717);
#3200=AXIS2_PLACEMENT_3D('',#4897,#3719,#3720);
#3201=AXIS2_PLACEMENT_3D('',#4901,#3722,#3723);
#3202=AXIS2_PLACEMENT_3D('',#4905,#3725,#3726);
#3203=AXIS2_PLACEMENT_3D('',#4909,#3728,#3729);
#3204=AXIS2_PLACEMENT_3D('',#4912,#3731,#3732);
#3205=AXIS2_PLACEMENT_3D('',#4915,#3733,#3734);
#3206=AXIS2_PLACEMENT_3D('',#4917,#3735,#3736);
#3207=AXIS2_PLACEMENT_3D('',#4919,#3737,#3738);
#3208=AXIS2_PLACEMENT_3D('',#4921,#3739,#3740);
#3209=AXIS2_PLACEMENT_3D('',#4923,#3741,#3742);
#3210=AXIS2_PLACEMENT_3D('',#4925,#3743,#3744);
#3211=AXIS2_PLACEMENT_3D('',#4927,#3745,#3746);
#3212=AXIS2_PLACEMENT_3D('',#4929,#3747,#3748);
#3213=AXIS2_PLACEMENT_3D('',#4931,#3749,#3750);
#3214=AXIS2_PLACEMENT_3D('',#4933,#3751,#3752);
#3215=AXIS2_PLACEMENT_3D('',#4935,#3753,#3754);
#3216=AXIS2_PLACEMENT_3D('',#4937,#3755,#3756);
#3217=AXIS2_PLACEMENT_3D('',#4939,#3757,#3758);
#3218=AXIS2_PLACEMENT_3D('',#4941,#3759,#3760);
#3219=AXIS2_PLACEMENT_3D('',#4943,#3761,#3762);
#3220=AXIS2_PLACEMENT_3D('',#4944,#3763,#3764);
#3221=AXIS2_PLACEMENT_3D('',#4947,#3765,#3766);
#3222=AXIS2_PLACEMENT_3D('',#4951,#3768,#3769);
#3223=AXIS2_PLACEMENT_3D('',#4955,#3771,#3772);
#3224=AXIS2_PLACEMENT_3D('',#4959,#3774,#3775);
#3225=AXIS2_PLACEMENT_3D('',#4961,#3777,#3778);
#3226=AXIS2_PLACEMENT_3D('',#4963,#3779,#3780);
#3227=AXIS2_PLACEMENT_3D('',#4967,#3782,#3783);
#3228=AXIS2_PLACEMENT_3D('',#4971,#3785,#3786);
#3229=AXIS2_PLACEMENT_3D('',#4975,#3788,#3789);
#3230=AXIS2_PLACEMENT_3D('',#4979,#3791,#3792);
#3231=AXIS2_PLACEMENT_3D('',#4983,#3794,#3795);
#3232=AXIS2_PLACEMENT_3D('',#4987,#3797,#3798);
#3233=AXIS2_PLACEMENT_3D('',#4991,#3800,#3801);
#3234=AXIS2_PLACEMENT_3D('',#4995,#3803,#3804);
#3235=AXIS2_PLACEMENT_3D('',#4999,#3806,#3807);
#3236=AXIS2_PLACEMENT_3D('',#5003,#3809,#3810);
#3237=AXIS2_PLACEMENT_3D('',#5005,#3811,#3812);
#3238=AXIS2_PLACEMENT_3D('',#5007,#3813,#3814);
#3239=AXIS2_PLACEMENT_3D('',#5009,#3815,#3816);
#3240=AXIS2_PLACEMENT_3D('',#5011,#3817,#3818);
#3241=AXIS2_PLACEMENT_3D('',#5013,#3819,#3820);
#3242=AXIS2_PLACEMENT_3D('',#5015,#3821,#3822);
#3243=AXIS2_PLACEMENT_3D('',#5017,#3823,#3824);
#3244=AXIS2_PLACEMENT_3D('',#5019,#3825,#3826);
#3245=AXIS2_PLACEMENT_3D('',#5021,#3827,#3828);
#3246=AXIS2_PLACEMENT_3D('',#5023,#3829,#3830);
#3247=AXIS2_PLACEMENT_3D('',#5025,#3831,#3832);
#3248=AXIS2_PLACEMENT_3D('',#5027,#3833,#3834);
#3249=AXIS2_PLACEMENT_3D('',#5029,#3835,#3836);
#3250=AXIS2_PLACEMENT_3D('',#5031,#3837,#3838);
#3251=AXIS2_PLACEMENT_3D('',#5032,#3839,#3840);
#3252=AXIS2_PLACEMENT_3D('',#5035,#3841,#3842);
#3253=AXIS2_PLACEMENT_3D('',#5039,#3844,#3845);
#3254=AXIS2_PLACEMENT_3D('',#5043,#3847,#3848);
#3255=AXIS2_PLACEMENT_3D('',#5047,#3850,#3851);
#3256=AXIS2_PLACEMENT_3D('',#5049,#3853,#3854);
#3257=AXIS2_PLACEMENT_3D('',#5053,#3857,#3858);
#3258=AXIS2_PLACEMENT_3D('',#5055,#3859,#3860);
#3259=AXIS2_PLACEMENT_3D('',#5059,#3862,#3863);
#3260=AXIS2_PLACEMENT_3D('',#5063,#3865,#3866);
#3261=AXIS2_PLACEMENT_3D('',#5067,#3868,#3869);
#3262=AXIS2_PLACEMENT_3D('',#5071,#3871,#3872);
#3263=AXIS2_PLACEMENT_3D('',#5075,#3874,#3875);
#3264=AXIS2_PLACEMENT_3D('',#5079,#3877,#3878);
#3265=AXIS2_PLACEMENT_3D('',#5083,#3880,#3881);
#3266=AXIS2_PLACEMENT_3D('',#5087,#3883,#3884);
#3267=AXIS2_PLACEMENT_3D('',#5090,#3886,#3887);
#3268=AXIS2_PLACEMENT_3D('',#5093,#3888,#3889);
#3269=AXIS2_PLACEMENT_3D('',#5097,#3891,#3892);
#3270=AXIS2_PLACEMENT_3D('',#5101,#3894,#3895);
#3271=AXIS2_PLACEMENT_3D('',#5105,#3897,#3898);
#3272=AXIS2_PLACEMENT_3D('',#5109,#3900,#3901);
#3273=AXIS2_PLACEMENT_3D('',#5111,#3902,#3903);
#3274=AXIS2_PLACEMENT_3D('',#5113,#3904,#3905);
#3275=AXIS2_PLACEMENT_3D('',#5115,#3906,#3907);
#3276=AXIS2_PLACEMENT_3D('',#5117,#3908,#3909);
#3277=AXIS2_PLACEMENT_3D('',#5119,#3910,#3911);
#3278=AXIS2_PLACEMENT_3D('',#5121,#3912,#3913);
#3279=AXIS2_PLACEMENT_3D('',#5123,#3914,#3915);
#3280=AXIS2_PLACEMENT_3D('',#5125,#3916,#3917);
#3281=AXIS2_PLACEMENT_3D('',#5127,#3918,#3919);
#3282=AXIS2_PLACEMENT_3D('',#5129,#3920,#3921);
#3283=AXIS2_PLACEMENT_3D('',#5131,#3922,#3923);
#3284=AXIS2_PLACEMENT_3D('',#5133,#3924,#3925);
#3285=AXIS2_PLACEMENT_3D('',#5135,#3926,#3927);
#3286=AXIS2_PLACEMENT_3D('',#5137,#3928,#3929);
#3287=AXIS2_PLACEMENT_3D('',#5138,#3930,#3931);
#3288=AXIS2_PLACEMENT_3D('',#5239,#3934,#3935);
#3289=AXIS2_PLACEMENT_3D('',#5242,#3938,#3939);
#3290=AXIS2_PLACEMENT_3D('',#5244,#3941,#3942);
#3291=AXIS2_PLACEMENT_3D('',#5246,#3944,#3945);
#3292=AXIS2_PLACEMENT_3D('',#5248,#3947,#3948);
#3293=AXIS2_PLACEMENT_3D('',#5250,#3950,#3951);
#3294=AXIS2_PLACEMENT_3D('',#5252,#3953,#3954);
#3295=AXIS2_PLACEMENT_3D('',#5254,#3956,#3957);
#3296=AXIS2_PLACEMENT_3D('',#5255,#3958,#3959);
#3297=AXIS2_PLACEMENT_3D('',#5258,#3962,#3963);
#3298=AXIS2_PLACEMENT_3D('',#5260,#3965,#3966);
#3299=AXIS2_PLACEMENT_3D('',#5262,#3968,#3969);
#3300=AXIS2_PLACEMENT_3D('',#5264,#3971,#3972);
#3301=AXIS2_PLACEMENT_3D('',#5266,#3974,#3975);
#3302=AXIS2_PLACEMENT_3D('',#5268,#3977,#3978);
#3303=AXIS2_PLACEMENT_3D('',#5270,#3980,#3981);
#3304=AXIS2_PLACEMENT_3D('',#5272,#3983,#3984);
#3305=AXIS2_PLACEMENT_3D('',#5274,#3986,#3987);
#3306=AXIS2_PLACEMENT_3D('',#5276,#3989,#3990);
#3307=AXIS2_PLACEMENT_3D('',#5278,#3992,#3993);
#3308=AXIS2_PLACEMENT_3D('',#5280,#3995,#3996);
#3309=AXIS2_PLACEMENT_3D('',#5282,#3998,#3999);
#3310=AXIS2_PLACEMENT_3D('',#5284,#4001,#4002);
#3311=AXIS2_PLACEMENT_3D('',#5286,#4004,#4005);
#3312=AXIS2_PLACEMENT_3D('',#5287,#4006,#4007);
#3313=AXIS2_PLACEMENT_3D('',#5289,#4008,#4009);
#3314=AXIS2_PLACEMENT_3D('',#5291,#4011,#4012);
#3315=AXIS2_PLACEMENT_3D('',#5293,#4013,#4014);
#3316=AXIS2_PLACEMENT_3D('',#5295,#4016,#4017);
#3317=AXIS2_PLACEMENT_3D('',#5297,#4018,#4019);
#3318=AXIS2_PLACEMENT_3D('',#5299,#4021,#4022);
#3319=AXIS2_PLACEMENT_3D('',#5301,#4023,#4024);
#3320=AXIS2_PLACEMENT_3D('',#5303,#4026,#4027);
#3321=AXIS2_PLACEMENT_3D('',#5305,#4028,#4029);
#3322=AXIS2_PLACEMENT_3D('',#5307,#4031,#4032);
#3323=AXIS2_PLACEMENT_3D('',#5310,#4035,#4036);
#3324=AXIS2_PLACEMENT_3D('',#5312,#4038,#4039);
#3325=AXIS2_PLACEMENT_3D('',#5314,#4041,#4042);
#3326=AXIS2_PLACEMENT_3D('',#5316,#4044,#4045);
#3327=AXIS2_PLACEMENT_3D('',#5318,#4047,#4048);
#3328=AXIS2_PLACEMENT_3D('',#5320,#4050,#4051);
#3329=AXIS2_PLACEMENT_3D('',#5322,#4053,#4054);
#3330=AXIS2_PLACEMENT_3D('',#5324,#4056,#4057);
#3331=AXIS2_PLACEMENT_3D('',#5326,#4059,#4060);
#3332=AXIS2_PLACEMENT_3D('',#5328,#4062,#4063);
#3333=AXIS2_PLACEMENT_3D('',#5330,#4065,#4066);
#3334=AXIS2_PLACEMENT_3D('',#5332,#4068,#4069);
#3335=AXIS2_PLACEMENT_3D('',#5334,#4071,#4072);
#3336=AXIS2_PLACEMENT_3D('',#5336,#4074,#4075);
#3337=AXIS2_PLACEMENT_3D('',#5338,#4077,#4078);
#3338=AXIS2_PLACEMENT_3D('',#5339,#4079,#4080);
#3339=AXIS2_PLACEMENT_3D('',#5342,#4081,#4082);
#3340=AXIS2_PLACEMENT_3D('',#5345,#4085,#4086);
#3341=AXIS2_PLACEMENT_3D('',#5347,#4087,#4088);
#3342=AXIS2_PLACEMENT_3D('',#5349,#4090,#4091);
#3343=AXIS2_PLACEMENT_3D('',#5351,#4092,#4093);
#3344=AXIS2_PLACEMENT_3D('',#5353,#4095,#4096);
#3345=AXIS2_PLACEMENT_3D('',#5355,#4097,#4098);
#3346=AXIS2_PLACEMENT_3D('',#5357,#4100,#4101);
#3347=AXIS2_PLACEMENT_3D('',#5359,#4102,#4103);
#3348=AXIS2_PLACEMENT_3D('',#5361,#4105,#4106);
#3349=AXIS2_PLACEMENT_3D('',#5363,#4107,#4108);
#3350=AXIS2_PLACEMENT_3D('',#5365,#4110,#4111);
#3351=AXIS2_PLACEMENT_3D('',#5367,#4112,#4113);
#3352=AXIS2_PLACEMENT_3D('',#5369,#4115,#4116);
#3353=AXIS2_PLACEMENT_3D('',#5371,#4117,#4118);
#3354=AXIS2_PLACEMENT_3D('',#5373,#4120,#4121);
#3355=AXIS2_PLACEMENT_3D('',#5375,#4122,#4123);
#3356=AXIS2_PLACEMENT_3D('',#5377,#4125,#4126);
#3357=AXIS2_PLACEMENT_3D('',#5379,#4127,#4128);
#3358=AXIS2_PLACEMENT_3D('',#5381,#4130,#4131);
#3359=AXIS2_PLACEMENT_3D('',#5383,#4132,#4133);
#3360=AXIS2_PLACEMENT_3D('',#5385,#4135,#4136);
#3361=AXIS2_PLACEMENT_3D('',#5387,#4137,#4138);
#3362=AXIS2_PLACEMENT_3D('',#5389,#4140,#4141);
#3363=AXIS2_PLACEMENT_3D('',#5391,#4142,#4143);
#3364=AXIS2_PLACEMENT_3D('',#5393,#4145,#4146);
#3365=AXIS2_PLACEMENT_3D('',#5395,#4147,#4148);
#3366=AXIS2_PLACEMENT_3D('',#5397,#4150,#4151);
#3367=AXIS2_PLACEMENT_3D('',#5399,#4152,#4153);
#3368=AXIS2_PLACEMENT_3D('',#5401,#4155,#4156);
#3369=AXIS2_PLACEMENT_3D('',#5403,#4157,#4158);
#3370=AXIS2_PLACEMENT_3D('',#5405,#4160,#4161);
#3371=AXIS2_PLACEMENT_3D('',#5407,#4162,#4163);
#3372=AXIS2_PLACEMENT_3D('',#5409,#4165,#4166);
#3373=AXIS2_PLACEMENT_3D('',#5411,#4167,#4168);
#3374=AXIS2_PLACEMENT_3D('',#5413,#4170,#4171);
#3375=AXIS2_PLACEMENT_3D('',#5415,#4172,#4173);
#3376=AXIS2_PLACEMENT_3D('',#5417,#4175,#4176);
#3377=AXIS2_PLACEMENT_3D('',#5418,#4177,#4178);
#3378=AXIS2_PLACEMENT_3D('',#5419,#4179,#4180);
#3379=AXIS2_PLACEMENT_3D('',#5422,#4183,#4184);
#3380=AXIS2_PLACEMENT_3D('',#5424,#4186,#4187);
#3381=AXIS2_PLACEMENT_3D('',#5426,#4189,#4190);
#3382=AXIS2_PLACEMENT_3D('',#5428,#4192,#4193);
#3383=AXIS2_PLACEMENT_3D('',#5430,#4195,#4196);
#3384=AXIS2_PLACEMENT_3D('',#5432,#4198,#4199);
#3385=AXIS2_PLACEMENT_3D('',#5434,#4201,#4202);
#3386=AXIS2_PLACEMENT_3D('',#5455,#4203,#4204);
#3387=AXIS2_PLACEMENT_3D('',#5457,#4206,#4207);
#3388=AXIS2_PLACEMENT_3D('',#5459,#4209,#4210);
#3389=AXIS2_PLACEMENT_3D('',#5461,#4212,#4213);
#3390=AXIS2_PLACEMENT_3D('',#5463,#4215,#4216);
#3391=AXIS2_PLACEMENT_3D('',#5465,#4218,#4219);
#3392=AXIS2_PLACEMENT_3D('',#5467,#4221,#4222);
#3393=AXIS2_PLACEMENT_3D('',#5469,#4224,#4225);
#3394=AXIS2_PLACEMENT_3D('',#5471,#4227,#4228);
#3395=AXIS2_PLACEMENT_3D('',#5473,#4230,#4231);
#3396=AXIS2_PLACEMENT_3D('',#5475,#4233,#4234);
#3397=AXIS2_PLACEMENT_3D('',#5477,#4236,#4237);
#3398=AXIS2_PLACEMENT_3D('',#5479,#4239,#4240);
#3399=AXIS2_PLACEMENT_3D('',#5481,#4242,#4243);
#3400=AXIS2_PLACEMENT_3D('',#5483,#4245,#4246);
#3401=AXIS2_PLACEMENT_3D('',#5485,#4248,#4249);
#3402=AXIS2_PLACEMENT_3D('',#5487,#4251,#4252);
#3403=AXIS2_PLACEMENT_3D('',#5489,#4254,#4255);
#3404=AXIS2_PLACEMENT_3D('',#5491,#4257,#4258);
#3405=AXIS2_PLACEMENT_3D('',#5492,#4259,#4260);
#3406=AXIS2_PLACEMENT_3D('',#5495,#4262,#4263);
#3407=AXIS2_PLACEMENT_3D('',#5496,#4264,#4265);
#3408=AXIS2_PLACEMENT_3D('',#5498,#4266,#4267);
#3409=AXIS2_PLACEMENT_3D('',#5500,#4269,#4270);
#3410=AXIS2_PLACEMENT_3D('',#5504,#4273,#4274);
#3411=AXIS2_PLACEMENT_3D('',#5506,#4275,#4276);
#3412=AXIS2_PLACEMENT_3D('',#5508,#4278,#4279);
#3413=AXIS2_PLACEMENT_3D('',#5512,#4282,#4283);
#3414=AXIS2_PLACEMENT_3D('',#5514,#4284,#4285);
#3415=AXIS2_PLACEMENT_3D('',#5516,#4287,#4288);
#3416=AXIS2_PLACEMENT_3D('',#5518,#4289,#4290);
#3417=AXIS2_PLACEMENT_3D('',#5520,#4292,#4293);
#3418=AXIS2_PLACEMENT_3D('',#5522,#4294,#4295);
#3419=AXIS2_PLACEMENT_3D('',#5524,#4297,#4298);
#3420=AXIS2_PLACEMENT_3D('',#5528,#4301,#4302);
#3421=AXIS2_PLACEMENT_3D('',#5530,#4303,#4304);
#3422=AXIS2_PLACEMENT_3D('',#5532,#4306,#4307);
#3423=AXIS2_PLACEMENT_3D('',#5536,#4310,#4311);
#3424=AXIS2_PLACEMENT_3D('',#5538,#4312,#4313);
#3425=AXIS2_PLACEMENT_3D('',#5540,#4315,#4316);
#3426=AXIS2_PLACEMENT_3D('',#5544,#4319,#4320);
#3427=AXIS2_PLACEMENT_3D('',#5546,#4321,#4322);
#3428=AXIS2_PLACEMENT_3D('',#5548,#4324,#4325);
#3429=AXIS2_PLACEMENT_3D('',#5552,#4328,#4329);
#3430=AXIS2_PLACEMENT_3D('',#5554,#4330,#4331);
#3431=AXIS2_PLACEMENT_3D('',#5556,#4333,#4334);
#3432=AXIS2_PLACEMENT_3D('',#5560,#4337,#4338);
#3433=AXIS2_PLACEMENT_3D('',#5562,#4339,#4340);
#3434=AXIS2_PLACEMENT_3D('',#5564,#4342,#4343);
#3435=AXIS2_PLACEMENT_3D('',#5566,#4344,#4345);
#3436=AXIS2_PLACEMENT_3D('',#5568,#4347,#4348);
#3437=AXIS2_PLACEMENT_3D('',#5570,#4349,#4350);
#3438=AXIS2_PLACEMENT_3D('',#5572,#4352,#4353);
#3439=AXIS2_PLACEMENT_3D('',#5576,#4356,#4357);
#3440=AXIS2_PLACEMENT_3D('',#5578,#4358,#4359);
#3441=AXIS2_PLACEMENT_3D('',#5580,#4361,#4362);
#3442=AXIS2_PLACEMENT_3D('',#5584,#4365,#4366);
#3443=AXIS2_PLACEMENT_3D('',#5586,#4367,#4368);
#3444=AXIS2_PLACEMENT_3D('',#5588,#4370,#4371);
#3445=AXIS2_PLACEMENT_3D('',#5589,#4372,#4373);
#3446=AXIS2_PLACEMENT_3D('',#5590,#4374,#4375);
#3447=AXIS2_PLACEMENT_3D('',#5592,#4377,#4378);
#3448=AXIS2_PLACEMENT_3D('',#5594,#4380,#4381);
#3449=AXIS2_PLACEMENT_3D('',#5596,#4383,#4384);
#3450=AXIS2_PLACEMENT_3D('',#5598,#4386,#4387);
#3451=AXIS2_PLACEMENT_3D('',#5600,#4389,#4390);
#3452=AXIS2_PLACEMENT_3D('',#5602,#4392,#4393);
#3453=AXIS2_PLACEMENT_3D('',#5604,#4395,#4396);
#3454=AXIS2_PLACEMENT_3D('',#5606,#4398,#4399);
#3455=AXIS2_PLACEMENT_3D('',#5608,#4401,#4402);
#3456=AXIS2_PLACEMENT_3D('',#5610,#4404,#4405);
#3457=AXIS2_PLACEMENT_3D('',#5612,#4407,#4408);
#3458=AXIS2_PLACEMENT_3D('',#5614,#4410,#4411);
#3459=AXIS2_PLACEMENT_3D('',#5616,#4413,#4414);
#3460=AXIS2_PLACEMENT_3D('',#5618,#4416,#4417);
#3461=AXIS2_PLACEMENT_3D('',#5620,#4419,#4420);
#3462=AXIS2_PLACEMENT_3D('',#5622,#4422,#4423);
#3463=AXIS2_PLACEMENT_3D('',#5624,#4425,#4426);
#3464=AXIS2_PLACEMENT_3D('',#5626,#4428,#4429);
#3465=AXIS2_PLACEMENT_3D('',#5628,#4431,#4432);
#3466=AXIS2_PLACEMENT_3D('',#5629,#4433,#4434);
#3467=AXIS2_PLACEMENT_3D('',#5631,#4435,#4436);
#3468=AXIS2_PLACEMENT_3D('',#5633,#4438,#4439);
#3469=AXIS2_PLACEMENT_3D('',#5637,#4442,#4443);
#3470=AXIS2_PLACEMENT_3D('',#5638,#4444,#4445);
#3471=AXIS2_PLACEMENT_3D('',#5639,#4446,#4447);
#3472=AXIS2_PLACEMENT_3D('',#5640,#4448,#4449);
#3473=DIRECTION('axis',(0.,0.,1.));
#3474=DIRECTION('refdir',(1.,0.,0.));
#3475=DIRECTION('center_axis',(0.,1.,-5.14531160026499E-14));
#3476=DIRECTION('ref_axis',(1.,0.,0.));
#3477=DIRECTION('',(-1.,0.,0.));
#3478=DIRECTION('',(0.707106781186549,-3.63828472386517E-14,-0.707106781186546));
#3479=DIRECTION('center_axis',(0.,1.,-5.14531160026499E-14));
#3480=DIRECTION('ref_axis',(0.,-5.14531160026499E-14,-1.));
#3481=DIRECTION('',(-1.,0.,0.));
#3482=DIRECTION('center_axis',(0.,1.,-5.14531160026499E-14));
#3483=DIRECTION('ref_axis',(0.707106781188367,-3.63828472385582E-14,-0.707106781184728));
#3484=DIRECTION('',(-0.707106781187094,-3.63828472386237E-14,-0.707106781186001));
#3485=DIRECTION('center_axis',(0.,1.,-5.14531160026499E-14));
#3486=DIRECTION('ref_axis',(-0.707106781186528,3.63828472386528E-14,0.707106781186567));
#3487=DIRECTION('',(1.,4.03837044302934E-26,7.84864116455329E-13));
#3488=DIRECTION('center_axis',(0.,1.,-5.14531160026499E-14));
#3489=DIRECTION('ref_axis',(0.707106781186028,-3.63828472386785E-14,-0.707106781187067));
#3490=DIRECTION('',(0.707106781185841,3.63828472386882E-14,0.707106781187254));
#3491=DIRECTION('center_axis',(0.,1.,-5.14531160026499E-14));
#3492=DIRECTION('ref_axis',(1.,0.,0.));
#3493=DIRECTION('',(7.06821705899527E-13,-5.14531160026499E-14,-1.));
#3494=DIRECTION('center_axis',(0.,1.,-5.14531160026499E-14));
#3495=DIRECTION('ref_axis',(0.707106781188367,3.63828472385582E-14,0.707106781184728));
#3496=DIRECTION('',(-0.707106781186547,3.63828472386518E-14,0.707106781186547));
#3497=DIRECTION('center_axis',(0.,1.,-5.14531160026499E-14));
#3498=DIRECTION('ref_axis',(-3.63936523194198E-12,5.14531160026499E-14,
1.));
#3499=DIRECTION('',(-1.,2.36041461155067E-26,4.58750566521395E-13));
#3500=DIRECTION('center_axis',(0.,1.,-5.14531160026499E-14));
#3501=DIRECTION('ref_axis',(-0.707106781186528,3.63828472386528E-14,0.707106781186567));
#3502=DIRECTION('',(-0.707106781186922,-3.63828472386326E-14,-0.707106781186173));
#3503=DIRECTION('center_axis',(0.,1.,-5.14531160026499E-14));
#3504=DIRECTION('ref_axis',(0.70710678118762,-3.63828472385966E-14,-0.707106781185475));
#3505=DIRECTION('',(1.,1.00835479730629E-25,1.9597545797894E-12));
#3506=DIRECTION('center_axis',(0.,1.,-5.14531160026499E-14));
#3507=DIRECTION('ref_axis',(-0.912854946785851,2.10074853670452E-14,0.408284026296158));
#3508=DIRECTION('center_axis',(0.,1.,-5.14531160026499E-14));
#3509=DIRECTION('ref_axis',(0.912854946784457,-2.10074853672055E-14,-0.408284026299274));
#3510=DIRECTION('center_axis',(0.,-1.,5.14531160026499E-14));
#3511=DIRECTION('ref_axis',(-0.478974120127472,4.51670385106727E-14,0.877829022217946));
#3512=DIRECTION('center_axis',(0.,1.,-5.14531160026499E-14));
#3513=DIRECTION('ref_axis',(0.988524444447191,-7.77255864715533E-15,-0.151060990101261));
#3514=DIRECTION('center_axis',(0.,-1.,5.14531160026499E-14));
#3515=DIRECTION('ref_axis',(-0.988524444446534,7.77255864737638E-15,0.151060990105557));
#3516=DIRECTION('center_axis',(0.,1.,-5.14531160026499E-14));
#3517=DIRECTION('ref_axis',(-0.877829022220351,-2.46447109649591E-14,-0.478974120123063));
#3518=DIRECTION('center_axis',(0.,-1.,5.14531160026499E-14));
#3519=DIRECTION('ref_axis',(0.877829022218574,2.46447109651267E-14,0.47897412012632));
#3520=DIRECTION('center_axis',(0.,1.,-5.14531160026499E-14));
#3521=DIRECTION('ref_axis',(-0.151060990105394,-5.08626629115639E-14,-0.988524444446559));
#3522=DIRECTION('center_axis',(0.,-1.,5.14531160026499E-14));
#3523=DIRECTION('ref_axis',(0.151060990107072,5.08626629115506E-14,0.988524444446302));
#3524=DIRECTION('center_axis',(0.,1.,-5.14531160026499E-14));
#3525=DIRECTION('ref_axis',(-0.478974120116084,4.51670385109924E-14,0.877829022224159));
#3526=DIRECTION('center_axis',(0.,-1.,5.14531160026499E-14));
#3527=DIRECTION('ref_axis',(0.478974120127472,-4.51670385106727E-14,-0.877829022217946));
#3528=DIRECTION('center_axis',(0.,1.,-5.14531160026499E-14));
#3529=DIRECTION('ref_axis',(-0.988524444447191,7.77255864715533E-15,0.151060990101261));
#3530=DIRECTION('center_axis',(0.,-1.,5.14531160026499E-14));
#3531=DIRECTION('ref_axis',(0.988524444446398,-7.77255864742207E-15,-0.151060990106445));
#3532=DIRECTION('center_axis',(0.,1.,-5.14531160026499E-14));
#3533=DIRECTION('ref_axis',(0.87782902219973,2.46447109669037E-14,0.478974120160856));
#3534=DIRECTION('center_axis',(0.,-1.,5.14531160026499E-14));
#3535=DIRECTION('ref_axis',(-0.877829022220308,-2.46447109649632E-14,-0.478974120123143));
#3536=DIRECTION('center_axis',(0.,1.,-5.14531160026499E-14));
#3537=DIRECTION('ref_axis',(0.151060990110798,5.08626629115214E-14,0.988524444445733));
#3538=DIRECTION('center_axis',(0.,-1.,5.14531160026499E-14));
#3539=DIRECTION('ref_axis',(-0.151060990105427,-5.08626629115636E-14,-0.988524444446554));
#3540=DIRECTION('center_axis',(0.,1.,-5.14531160026499E-14));
#3541=DIRECTION('ref_axis',(0.478974120104924,-4.51670385113057E-14,-0.877829022230249));
#3542=DIRECTION('center_axis',(0.,-1.,5.14531160026499E-14));
#3543=DIRECTION('ref_axis',(-0.707106781188734,-3.63828472385393E-14,-0.707106781184361));
#3544=DIRECTION('',(-1.,0.,0.));
#3545=DIRECTION('center_axis',(0.,-1.,5.14531160026499E-14));
#3546=DIRECTION('ref_axis',(0.,5.14531160026499E-14,1.));
#3547=DIRECTION('',(0.707106781186523,3.63828472386531E-14,0.707106781186572));
#3548=DIRECTION('center_axis',(0.,-1.,5.14531160026499E-14));
#3549=DIRECTION('ref_axis',(0.707106781187029,-3.6382847238627E-14,-0.707106781186066));
#3550=DIRECTION('',(1.,0.,0.));
#3551=DIRECTION('center_axis',(0.,-1.,5.14531160026499E-14));
#3552=DIRECTION('ref_axis',(0.,-5.14531160026499E-14,-1.));
#3553=DIRECTION('',(0.707106781186547,-3.63828472386518E-14,-0.707106781186547));
#3554=DIRECTION('',(0.,-1.,5.14531160026499E-14));
#3555=DIRECTION('',(0.,0.,-1.));
#3556=DIRECTION('',(0.,0.,-1.));
#3557=DIRECTION('',(0.,-1.,5.14531160026499E-14));
#3558=DIRECTION('center_axis',(-1.,0.,0.));
#3559=DIRECTION('ref_axis',(0.,0.,1.));
#3560=DIRECTION('',(1.,0.,0.));
#3561=DIRECTION('',(1.,0.,0.));
#3562=DIRECTION('center_axis',(-0.707106781186546,-3.63828472386519E-14,
-0.707106781186549));
#3563=DIRECTION('ref_axis',(-0.707106781186549,3.63828472386517E-14,0.707106781186546));
#3564=DIRECTION('',(0.,1.,-5.14531160026499E-14));
#3565=DIRECTION('',(0.,1.,-5.14531160026499E-14));
#3566=DIRECTION('',(-0.707106781186549,3.63828472386517E-14,0.707106781186546));
#3567=DIRECTION('',(0.,1.,-5.14531160026499E-14));
#3568=DIRECTION('center_axis',(0.,1.,-5.14531160026499E-14));
#3569=DIRECTION('ref_axis',(0.912854946784457,-2.10074853672055E-14,-0.408284026299274));
#3570=DIRECTION('',(0.,1.,-5.14531160026499E-14));
#3571=DIRECTION('center_axis',(0.,-1.,5.14531160026499E-14));
#3572=DIRECTION('ref_axis',(0.912854946784457,-2.10074853672055E-14,-0.408284026299274));
#3573=DIRECTION('center_axis',(0.,0.,1.));
#3574=DIRECTION('ref_axis',(1.,0.,0.));
#3575=DIRECTION('',(-0.707106781186549,-0.707106781186546,0.));
#3576=DIRECTION('center_axis',(0.,0.,1.));
#3577=DIRECTION('ref_axis',(-0.707106781187058,0.707106781186037,0.));
#3578=DIRECTION('',(-6.47107034730355E-13,-1.,0.));
#3579=DIRECTION('center_axis',(0.,0.,1.));
#3580=DIRECTION('ref_axis',(-1.,0.,0.));
#3581=DIRECTION('',(0.707106781186483,-0.707106781186612,0.));
#3582=DIRECTION('',(-1.,0.,0.));
#3583=DIRECTION('center_axis',(0.,0.,-1.));
#3584=DIRECTION('ref_axis',(-0.408284026299274,0.912854946784457,0.));
#3585=DIRECTION('center_axis',(0.,0.,1.));
#3586=DIRECTION('ref_axis',(0.408284026299269,-0.912854946784459,0.));
#3587=DIRECTION('',(-3.50728265839523E-12,1.,0.));
#3588=DIRECTION('center_axis',(0.,0.,-1.));
#3589=DIRECTION('ref_axis',(-0.707106781183661,0.707106781189434,0.));
#3590=DIRECTION('',(0.707106781186556,0.707106781186539,0.));
#3591=DIRECTION('center_axis',(0.,0.,1.));
#3592=DIRECTION('ref_axis',(0.707106781189545,-0.70710678118355,0.));
#3593=DIRECTION('center_axis',(0.,0.,-1.));
#3594=DIRECTION('ref_axis',(0.206896550018228,0.978362825127036,0.));
#3595=DIRECTION('center_axis',(0.,0.,1.));
#3596=DIRECTION('ref_axis',(-0.206896550014717,-0.978362825127778,0.));
#3597=DIRECTION('',(0.,1.,0.));
#3598=DIRECTION('center_axis',(0.,0.,1.));
#3599=DIRECTION('ref_axis',(1.,0.,0.));
#3600=DIRECTION('',(-1.,-3.7005713278368E-14,0.));
#3601=DIRECTION('center_axis',(0.,0.,-1.));
#3602=DIRECTION('ref_axis',(-1.,0.,0.));
#3603=DIRECTION('',(0.,1.,0.));
#3604=DIRECTION('center_axis',(0.,0.,-1.));
#3605=DIRECTION('ref_axis',(0.,1.,0.));
#3606=DIRECTION('',(1.,0.,0.));
#3607=DIRECTION('center_axis',(0.,0.,1.));
#3608=DIRECTION('ref_axis',(0.,-1.,0.));
#3609=DIRECTION('',(7.40487426943104E-13,1.,0.));
#3610=DIRECTION('center_axis',(0.,0.,1.));
#3611=DIRECTION('ref_axis',(1.,-7.32747196252603E-12,0.));
#3612=DIRECTION('center_axis',(0.,0.,-1.));
#3613=DIRECTION('ref_axis',(0.15243562297463,0.988313402139391,0.));
#3614=DIRECTION('center_axis',(0.,0.,1.));
#3615=DIRECTION('ref_axis',(-0.15243562297106,-0.988313402139941,0.));
#3616=DIRECTION('',(-0.707106781186573,0.707106781186522,0.));
#3617=DIRECTION('center_axis',(0.,0.,-1.));
#3618=DIRECTION('ref_axis',(-1.,3.5527136788005E-12,0.));
#3619=DIRECTION('',(1.91907919044712E-12,1.,0.));
#3620=DIRECTION('center_axis',(0.,0.,1.));
#3621=DIRECTION('ref_axis',(1.,0.,0.));
#3622=DIRECTION('center_axis',(0.,0.,-1.));
#3623=DIRECTION('ref_axis',(0.912854946784457,0.408284026299274,0.));
#3624=DIRECTION('center_axis',(0.,0.,-1.));
#3625=DIRECTION('ref_axis',(0.515185247906081,-0.85707885304676,0.));
#3626=DIRECTION('center_axis',(0.,0.,1.));
#3627=DIRECTION('ref_axis',(-0.51518524790718,0.857078853046099,0.));
#3628=DIRECTION('center_axis',(0.,0.,-1.));
#3629=DIRECTION('ref_axis',(0.24824988629556,-0.968696027634181,0.));
#3630=DIRECTION('center_axis',(0.,0.,1.));
#3631=DIRECTION('ref_axis',(-0.248249886306931,0.968696027631267,0.));
#3632=DIRECTION('center_axis',(0.,0.,-1.));
#3633=DIRECTION('ref_axis',(0.398822289567105,-0.917028233668109,0.));
#3634=DIRECTION('center_axis',(0.,0.,1.));
#3635=DIRECTION('ref_axis',(-0.398822289571033,0.917028233666401,0.));
#3636=DIRECTION('center_axis',(0.,0.,-1.));
#3637=DIRECTION('ref_axis',(-0.485901392095029,0.874013636712902,0.));
#3638=DIRECTION('center_axis',(0.,0.,1.));
#3639=DIRECTION('ref_axis',(0.485901392097297,-0.874013636711641,0.));
#3640=DIRECTION('center_axis',(0.,0.,-1.));
#3641=DIRECTION('ref_axis',(-0.515185247907225,0.857078853046073,0.));
#3642=DIRECTION('center_axis',(0.,0.,1.));
#3643=DIRECTION('ref_axis',(0.515185247904092,-0.857078853047956,0.));
#3644=DIRECTION('center_axis',(0.,0.,-1.));
#3645=DIRECTION('ref_axis',(-0.96869602763418,-0.248249886295564,0.));
#3646=DIRECTION('center_axis',(0.,0.,1.));
#3647=DIRECTION('ref_axis',(0.968696027631161,0.248249886307342,0.));
#3648=DIRECTION('center_axis',(0.,0.,-1.));
#3649=DIRECTION('ref_axis',(0.857078853047038,0.515185247905619,0.));
#3650=DIRECTION('center_axis',(0.,0.,1.));
#3651=DIRECTION('ref_axis',(-0.857078853049811,-0.515185247901005,0.));
#3652=DIRECTION('center_axis',(0.,0.,-1.));
#3653=DIRECTION('ref_axis',(-0.24824988629668,0.968696027633894,0.));
#3654=DIRECTION('center_axis',(0.,0.,1.));
#3655=DIRECTION('ref_axis',(0.248249886298995,-0.968696027633301,0.));
#3656=DIRECTION('center_axis',(0.,0.,-1.));
#3657=DIRECTION('ref_axis',(-0.398822289567993,0.917028233667723,0.));
#3658=DIRECTION('center_axis',(0.,0.,1.));
#3659=DIRECTION('ref_axis',(0.398822289567995,-0.917028233667722,0.));
#3660=DIRECTION('center_axis',(0.,0.,-1.));
#3661=DIRECTION('ref_axis',(0.485901392094561,-0.874013636713162,0.));
#3662=DIRECTION('center_axis',(0.,0.,1.));
#3663=DIRECTION('ref_axis',(-0.485901392093678,0.874013636713653,0.));
#3664=DIRECTION('center_axis',(0.,0.,-1.));
#3665=DIRECTION('ref_axis',(1.,0.,0.));
#3666=DIRECTION('center_axis',(0.,0.,-1.));
#3667=DIRECTION('ref_axis',(1.,0.,0.));
#3668=DIRECTION('center_axis',(0.,0.,-1.));
#3669=DIRECTION('ref_axis',(1.,0.,0.));
#3670=DIRECTION('center_axis',(0.,0.,-1.));
#3671=DIRECTION('ref_axis',(1.,0.,0.));
#3672=DIRECTION('center_axis',(0.,0.,-1.));
#3673=DIRECTION('ref_axis',(1.,0.,0.));
#3674=DIRECTION('center_axis',(-0.707106781186546,0.707106781186549,0.));
#3675=DIRECTION('ref_axis',(-0.707106781186549,-0.707106781186546,0.));
#3676=DIRECTION('',(0.,0.,1.));
#3677=DIRECTION('',(0.707106781186549,0.707106781186546,0.));
#3678=DIRECTION('',(0.,0.,1.));
#3679=DIRECTION('',(0.,0.,1.));
#3680=DIRECTION('center_axis',(-1.,0.,0.));
#3681=DIRECTION('ref_axis',(0.,0.,1.));
#3682=DIRECTION('',(-1.,0.,0.));
#3683=DIRECTION('center_axis',(0.,-1.,-5.14531160026499E-14));
#3684=DIRECTION('ref_axis',(0.0667363137448386,5.13384088547776E-14,-0.997770647206937));
#3685=DIRECTION('',(0.,-1.,-5.14531160026499E-14));
#3686=DIRECTION('',(0.,-1.,-5.14531160026499E-14));
#3687=DIRECTION('center_axis',(0.,1.,5.14531160026499E-14));
#3688=DIRECTION('ref_axis',(-0.408284026299274,-4.69692314704935E-14,0.912854946784457));
#3689=DIRECTION('',(0.,-1.,-5.14531160026499E-14));
#3690=DIRECTION('center_axis',(0.,-1.,-5.14531160026499E-14));
#3691=DIRECTION('ref_axis',(-0.408284026299274,-4.69692314704935E-14,0.912854946784457));
#3692=DIRECTION('center_axis',(1.,0.,0.));
#3693=DIRECTION('ref_axis',(0.,0.,1.));
#3694=DIRECTION('',(1.,0.,0.));
#3695=DIRECTION('',(1.,0.,0.));
#3696=DIRECTION('',(0.,1.,5.14531160026499E-14));
#3697=DIRECTION('',(0.,0.,-1.));
#3698=DIRECTION('',(0.,0.,-1.));
#3699=DIRECTION('',(0.,1.,5.14531160026499E-14));
#3700=DIRECTION('center_axis',(0.,-1.,-5.14531160026499E-14));
#3701=DIRECTION('ref_axis',(1.,0.,0.));
#3702=DIRECTION('',(-1.,0.,0.));
#3703=DIRECTION('',(0.707106781186483,3.63828472386551E-14,-0.707106781186612));
#3704=DIRECTION('center_axis',(0.,-1.,-5.14531160026499E-14));
#3705=DIRECTION('ref_axis',(-0.707106781188367,3.63828472385582E-14,-0.707106781184728));
#3706=DIRECTION('',(1.,0.,0.));
#3707=DIRECTION('center_axis',(0.,-1.,-5.14531160026499E-14));
#3708=DIRECTION('ref_axis',(0.,5.14531160026499E-14,-1.));
#3709=DIRECTION('',(0.707106781185968,-3.63828472386816E-14,0.707106781187127));
#3710=DIRECTION('center_axis',(0.,1.,5.14531160026499E-14));
#3711=DIRECTION('ref_axis',(0.,-5.14531160026499E-14,1.));
#3712=DIRECTION('',(1.,-4.06850753588891E-26,7.90721311354472E-13));
#3713=DIRECTION('center_axis',(0.,-1.,-5.14531160026499E-14));
#3714=DIRECTION('ref_axis',(0.,5.14531160026499E-14,-1.));
#3715=DIRECTION('',(0.707106781186181,-3.63828472386707E-14,0.707106781186915));
#3716=DIRECTION('center_axis',(0.,-1.,-5.14531160026499E-14));
#3717=DIRECTION('ref_axis',(0.707106781188367,3.63828472385582E-14,-0.707106781184728));
#3718=DIRECTION('',(0.,-5.14531160026499E-14,1.));
#3719=DIRECTION('center_axis',(0.,-1.,-5.14531160026499E-14));
#3720=DIRECTION('ref_axis',(1.,0.,0.));
#3721=DIRECTION('',(-0.707106781186778,-3.63828472386399E-14,0.707106781186317));
#3722=DIRECTION('center_axis',(0.,-1.,-5.14531160026499E-14));
#3723=DIRECTION('ref_axis',(0.707106781186557,-3.63828472386513E-14,0.707106781186538));
#3724=DIRECTION('',(-1.,-5.46066066850921E-27,1.06128862404135E-13));
#3725=DIRECTION('center_axis',(0.,-1.,-5.14531160026499E-14));
#3726=DIRECTION('ref_axis',(0.,-5.14531160026499E-14,1.));
#3727=DIRECTION('',(-0.707106781186261,3.63828472386665E-14,-0.707106781186834));
#3728=DIRECTION('center_axis',(0.,1.,5.14531160026499E-14));
#3729=DIRECTION('ref_axis',(0.,5.14531160026499E-14,-1.));
#3730=DIRECTION('',(-1.,-1.24363758334726E-25,2.41703064841246E-12));
#3731=DIRECTION('center_axis',(0.,-1.,-5.14531160026499E-14));
#3732=DIRECTION('ref_axis',(0.,-5.14531160026499E-14,1.));
#3733=DIRECTION('center_axis',(0.,1.,5.14531160026499E-14));
#3734=DIRECTION('ref_axis',(0.988524444446446,-7.77255864740611E-15,0.151060990106135));
#3735=DIRECTION('center_axis',(0.,-1.,-5.14531160026499E-14));
#3736=DIRECTION('ref_axis',(-0.988524444447191,7.77255864715533E-15,-0.151060990101261));
#3737=DIRECTION('center_axis',(0.,1.,5.14531160026499E-14));
#3738=DIRECTION('ref_axis',(0.478974120127472,-4.51670385106727E-14,0.877829022217946));
#3739=DIRECTION('center_axis',(0.,-1.,-5.14531160026499E-14));
#3740=DIRECTION('ref_axis',(-0.478974120104585,4.51670385113152E-14,-0.877829022230433));
#3741=DIRECTION('center_axis',(0.,1.,5.14531160026499E-14));
#3742=DIRECTION('ref_axis',(0.15106099010542,5.08626629115636E-14,-0.988524444446555));
#3743=DIRECTION('center_axis',(0.,-1.,-5.14531160026499E-14));
#3744=DIRECTION('ref_axis',(-0.151060990096551,-5.08626629116334E-14,0.98852444444791));
#3745=DIRECTION('center_axis',(0.,1.,5.14531160026499E-14));
#3746=DIRECTION('ref_axis',(0.877829022219291,2.46447109650591E-14,-0.478974120125005));
#3747=DIRECTION('center_axis',(0.,-1.,-5.14531160026499E-14));
#3748=DIRECTION('ref_axis',(-0.877829022220291,-2.46447109649648E-14,0.478974120123173));
#3749=DIRECTION('center_axis',(0.,1.,5.14531160026499E-14));
#3750=DIRECTION('ref_axis',(-0.988524444447125,7.77255864717735E-15,-0.151060990101689));
#3751=DIRECTION('center_axis',(0.,-1.,-5.14531160026499E-14));
#3752=DIRECTION('ref_axis',(0.988524444447169,-7.77255864716249E-15,0.1510609901014));
#3753=DIRECTION('center_axis',(0.,1.,5.14531160026499E-14));
#3754=DIRECTION('ref_axis',(-0.478974120125909,4.51670385107166E-14,-0.877829022218798));
#3755=DIRECTION('center_axis',(0.,-1.,-5.14531160026499E-14));
#3756=DIRECTION('ref_axis',(0.478974120127474,-4.51670385106726E-14,0.877829022217944));
#3757=DIRECTION('center_axis',(0.,1.,5.14531160026499E-14));
#3758=DIRECTION('ref_axis',(-0.151060990106445,-5.08626629115556E-14,0.988524444446398));
#3759=DIRECTION('center_axis',(0.,-1.,-5.14531160026499E-14));
#3760=DIRECTION('ref_axis',(0.151060990105373,5.0862662911564E-14,-0.988524444446562));
#3761=DIRECTION('center_axis',(0.,1.,5.14531160026499E-14));
#3762=DIRECTION('ref_axis',(-0.877829022218444,-2.4644710965139E-14,0.478974120126559));
#3763=DIRECTION('center_axis',(0.,-1.,-5.14531160026499E-14));
#3764=DIRECTION('ref_axis',(0.877829022220291,2.46447109649648E-14,-0.478974120123173));
#3765=DIRECTION('center_axis',(0.,1.,5.14531160026499E-14));
#3766=DIRECTION('ref_axis',(0.,-5.14531160026499E-14,1.));
#3767=DIRECTION('',(1.,0.,0.));
#3768=DIRECTION('center_axis',(0.,1.,5.14531160026499E-14));
#3769=DIRECTION('ref_axis',(0.70710678118659,3.63828472386496E-14,-0.707106781186505));
#3770=DIRECTION('',(-0.70710678118629,3.6382847238665E-14,-0.707106781186805));
#3771=DIRECTION('center_axis',(0.,1.,5.14531160026499E-14));
#3772=DIRECTION('ref_axis',(0.,5.14531160026499E-14,-1.));
#3773=DIRECTION('',(-1.,0.,0.));
#3774=DIRECTION('center_axis',(0.,1.,5.14531160026499E-14));
#3775=DIRECTION('ref_axis',(-0.707106781186567,3.63828472386508E-14,-0.707106781186528));
#3776=DIRECTION('',(-0.707106781186528,-3.63828472386528E-14,0.707106781186567));
#3777=DIRECTION('center_axis',(0.,-1.,-5.14531160026499E-14));
#3778=DIRECTION('ref_axis',(1.,0.,0.));
#3779=DIRECTION('center_axis',(0.,-1.,-5.14531160026499E-14));
#3780=DIRECTION('ref_axis',(0.,-5.14531160026499E-14,1.));
#3781=DIRECTION('',(1.,1.24363758334726E-25,-2.41703064841246E-12));
#3782=DIRECTION('center_axis',(0.,-1.,-5.14531160026499E-14));
#3783=DIRECTION('ref_axis',(0.,5.14531160026499E-14,-1.));
#3784=DIRECTION('',(-0.707106781186261,3.63828472386665E-14,-0.707106781186834));
#3785=DIRECTION('center_axis',(0.,-1.,-5.14531160026499E-14));
#3786=DIRECTION('ref_axis',(0.,-5.14531160026499E-14,1.));
#3787=DIRECTION('',(-1.,-5.46066066850921E-27,1.06128862404135E-13));
#3788=DIRECTION('center_axis',(0.,-1.,-5.14531160026499E-14));
#3789=DIRECTION('ref_axis',(0.707106781186557,-3.63828472386513E-14,0.707106781186538));
#3790=DIRECTION('',(-0.707106781186778,-3.63828472386399E-14,0.707106781186317));
#3791=DIRECTION('center_axis',(0.,-1.,-5.14531160026499E-14));
#3792=DIRECTION('ref_axis',(1.,0.,0.));
#3793=DIRECTION('',(0.,5.14531160026499E-14,-1.));
#3794=DIRECTION('center_axis',(0.,-1.,-5.14531160026499E-14));
#3795=DIRECTION('ref_axis',(0.707106781188367,3.63828472385582E-14,-0.707106781184728));
#3796=DIRECTION('',(0.707106781186181,-3.63828472386707E-14,0.707106781186915));
#3797=DIRECTION('center_axis',(0.,-1.,-5.14531160026499E-14));
#3798=DIRECTION('ref_axis',(0.,5.14531160026499E-14,-1.));
#3799=DIRECTION('',(1.,-4.06850753588891E-26,7.90721311354472E-13));
#3800=DIRECTION('center_axis',(0.,-1.,-5.14531160026499E-14));
#3801=DIRECTION('ref_axis',(0.,-5.14531160026499E-14,1.));
#3802=DIRECTION('',(-0.707106781185968,3.63828472386816E-14,-0.707106781187127));
#3803=DIRECTION('center_axis',(0.,-1.,-5.14531160026499E-14));
#3804=DIRECTION('ref_axis',(0.,5.14531160026499E-14,-1.));
#3805=DIRECTION('',(-1.,0.,0.));
#3806=DIRECTION('center_axis',(0.,-1.,-5.14531160026499E-14));
#3807=DIRECTION('ref_axis',(-0.707106781188367,3.63828472385582E-14,-0.707106781184728));
#3808=DIRECTION('',(0.707106781186483,3.63828472386551E-14,-0.707106781186612));
#3809=DIRECTION('center_axis',(0.,1.,5.14531160026499E-14));
#3810=DIRECTION('ref_axis',(0.988524444446446,-7.77255864740611E-15,0.151060990106135));
#3811=DIRECTION('center_axis',(0.,-1.,-5.14531160026499E-14));
#3812=DIRECTION('ref_axis',(0.877829022220291,2.46447109649648E-14,-0.478974120123173));
#3813=DIRECTION('center_axis',(0.,1.,5.14531160026499E-14));
#3814=DIRECTION('ref_axis',(-0.877829022218444,-2.4644710965139E-14,0.478974120126559));
#3815=DIRECTION('center_axis',(0.,-1.,-5.14531160026499E-14));
#3816=DIRECTION('ref_axis',(0.151060990105373,5.0862662911564E-14,-0.988524444446562));
#3817=DIRECTION('center_axis',(0.,1.,5.14531160026499E-14));
#3818=DIRECTION('ref_axis',(-0.151060990106445,-5.08626629115556E-14,0.988524444446398));
#3819=DIRECTION('center_axis',(0.,-1.,-5.14531160026499E-14));
#3820=DIRECTION('ref_axis',(0.478974120127474,-4.51670385106726E-14,0.877829022217944));
#3821=DIRECTION('center_axis',(0.,1.,5.14531160026499E-14));
#3822=DIRECTION('ref_axis',(-0.478974120125909,4.51670385107166E-14,-0.877829022218798));
#3823=DIRECTION('center_axis',(0.,-1.,-5.14531160026499E-14));
#3824=DIRECTION('ref_axis',(0.988524444447169,-7.77255864716249E-15,0.1510609901014));
#3825=DIRECTION('center_axis',(0.,1.,5.14531160026499E-14));
#3826=DIRECTION('ref_axis',(-0.988524444447125,7.77255864717735E-15,-0.151060990101689));
#3827=DIRECTION('center_axis',(0.,-1.,-5.14531160026499E-14));
#3828=DIRECTION('ref_axis',(-0.877829022220291,-2.46447109649648E-14,0.478974120123173));
#3829=DIRECTION('center_axis',(0.,1.,5.14531160026499E-14));
#3830=DIRECTION('ref_axis',(0.877829022219291,2.46447109650591E-14,-0.478974120125005));
#3831=DIRECTION('center_axis',(0.,-1.,-5.14531160026499E-14));
#3832=DIRECTION('ref_axis',(-0.151060990096551,-5.08626629116334E-14,0.98852444444791));
#3833=DIRECTION('center_axis',(0.,1.,5.14531160026499E-14));
#3834=DIRECTION('ref_axis',(0.15106099010542,5.08626629115636E-14,-0.988524444446555));
#3835=DIRECTION('center_axis',(0.,-1.,-5.14531160026499E-14));
#3836=DIRECTION('ref_axis',(-0.478974120104585,4.51670385113152E-14,-0.877829022230433));
#3837=DIRECTION('center_axis',(0.,1.,5.14531160026499E-14));
#3838=DIRECTION('ref_axis',(0.478974120127472,-4.51670385106727E-14,0.877829022217946));
#3839=DIRECTION('center_axis',(0.,-1.,-5.14531160026499E-14));
#3840=DIRECTION('ref_axis',(-0.988524444447191,7.77255864715533E-15,-0.151060990101261));
#3841=DIRECTION('center_axis',(0.,1.,5.14531160026499E-14));
#3842=DIRECTION('ref_axis',(0.,-5.14531160026499E-14,1.));
#3843=DIRECTION('',(-0.707106781186528,-3.63828472386528E-14,0.707106781186567));
#3844=DIRECTION('center_axis',(0.,1.,5.14531160026499E-14));
#3845=DIRECTION('ref_axis',(-0.707106781186567,3.63828472386508E-14,-0.707106781186528));
#3846=DIRECTION('',(-1.,0.,0.));
#3847=DIRECTION('center_axis',(0.,1.,5.14531160026499E-14));
#3848=DIRECTION('ref_axis',(0.,5.14531160026499E-14,-1.));
#3849=DIRECTION('',(-0.70710678118629,3.6382847238665E-14,-0.707106781186805));
#3850=DIRECTION('center_axis',(0.,1.,5.14531160026499E-14));
#3851=DIRECTION('ref_axis',(0.70710678118659,3.63828472386496E-14,-0.707106781186505));
#3852=DIRECTION('',(1.,0.,0.));
#3853=DIRECTION('center_axis',(-0.707106781186612,-0.707106781186483,0.));
#3854=DIRECTION('ref_axis',(0.707106781186483,-0.707106781186612,0.));
#3855=DIRECTION('',(0.,0.,1.));
#3856=DIRECTION('',(0.707106781186483,-0.707106781186612,0.));
#3857=DIRECTION('center_axis',(0.,1.,-5.14531160026499E-14));
#3858=DIRECTION('ref_axis',(1.,0.,0.));
#3859=DIRECTION('center_axis',(0.,1.,-5.14531160026499E-14));
#3860=DIRECTION('ref_axis',(-0.912854946785851,2.10074853670452E-14,0.408284026296158));
#3861=DIRECTION('',(1.,1.00835479730629E-25,1.9597545797894E-12));
#3862=DIRECTION('center_axis',(0.,-1.,5.14531160026499E-14));
#3863=DIRECTION('ref_axis',(0.70710678118762,-3.63828472385966E-14,-0.707106781185475));
#3864=DIRECTION('',(0.707106781186922,3.63828472386326E-14,0.707106781186173));
#3865=DIRECTION('center_axis',(0.,1.,-5.14531160026499E-14));
#3866=DIRECTION('ref_axis',(-0.707106781186528,3.63828472386528E-14,0.707106781186567));
#3867=DIRECTION('',(1.,-2.36041461155067E-26,-4.58750566521395E-13));
#3868=DIRECTION('center_axis',(0.,1.,-5.14531160026499E-14));
#3869=DIRECTION('ref_axis',(-3.63936523194198E-12,5.14531160026499E-14,
1.));
#3870=DIRECTION('',(0.707106781186547,-3.63828472386518E-14,-0.707106781186547));
#3871=DIRECTION('center_axis',(0.,1.,-5.14531160026499E-14));
#3872=DIRECTION('ref_axis',(0.707106781188367,3.63828472385582E-14,0.707106781184728));
#3873=DIRECTION('',(7.06821705899527E-13,-5.14531160026499E-14,-1.));
#3874=DIRECTION('center_axis',(0.,1.,-5.14531160026499E-14));
#3875=DIRECTION('ref_axis',(1.,0.,0.));
#3876=DIRECTION('',(-0.707106781185841,-3.63828472386882E-14,-0.707106781187254));
#3877=DIRECTION('center_axis',(0.,1.,-5.14531160026499E-14));
#3878=DIRECTION('ref_axis',(0.707106781186028,-3.63828472386785E-14,-0.707106781187067));
#3879=DIRECTION('',(-1.,-4.03837044302934E-26,-7.84864116455329E-13));
#3880=DIRECTION('center_axis',(0.,-1.,5.14531160026499E-14));
#3881=DIRECTION('ref_axis',(-0.707106781186528,3.63828472386528E-14,0.707106781186567));
#3882=DIRECTION('',(-0.707106781187094,-3.63828472386237E-14,-0.707106781186001));
#3883=DIRECTION('center_axis',(0.,1.,-5.14531160026499E-14));
#3884=DIRECTION('ref_axis',(0.707106781188367,-3.63828472385582E-14,-0.707106781184728));
#3885=DIRECTION('',(-1.,0.,0.));
#3886=DIRECTION('center_axis',(0.,1.,-5.14531160026499E-14));
#3887=DIRECTION('ref_axis',(0.,-5.14531160026499E-14,-1.));
#3888=DIRECTION('center_axis',(0.,-1.,5.14531160026499E-14));
#3889=DIRECTION('ref_axis',(-0.707106781188734,-3.63828472385393E-14,-0.707106781184361));
#3890=DIRECTION('',(0.707106781186547,-3.63828472386518E-14,-0.707106781186547));
#3891=DIRECTION('center_axis',(0.,-1.,5.14531160026499E-14));
#3892=DIRECTION('ref_axis',(0.,-5.14531160026499E-14,-1.));
#3893=DIRECTION('',(1.,0.,0.));
#3894=DIRECTION('center_axis',(0.,-1.,5.14531160026499E-14));
#3895=DIRECTION('ref_axis',(0.707106781187029,-3.6382847238627E-14,-0.707106781186066));
#3896=DIRECTION('',(0.707106781186523,3.63828472386531E-14,0.707106781186572));
#3897=DIRECTION('center_axis',(0.,-1.,5.14531160026499E-14));
#3898=DIRECTION('ref_axis',(0.,5.14531160026499E-14,1.));
#3899=DIRECTION('',(-1.,0.,0.));
#3900=DIRECTION('center_axis',(0.,-1.,5.14531160026499E-14));
#3901=DIRECTION('ref_axis',(-0.478974120127472,4.51670385106727E-14,0.877829022217946));
#3902=DIRECTION('center_axis',(0.,1.,-5.14531160026499E-14));
#3903=DIRECTION('ref_axis',(0.478974120104924,-4.51670385113057E-14,-0.877829022230249));
#3904=DIRECTION('center_axis',(0.,-1.,5.14531160026499E-14));
#3905=DIRECTION('ref_axis',(-0.151060990105427,-5.08626629115636E-14,-0.988524444446554));
#3906=DIRECTION('center_axis',(0.,1.,-5.14531160026499E-14));
#3907=DIRECTION('ref_axis',(0.151060990110798,5.08626629115214E-14,0.988524444445733));
#3908=DIRECTION('center_axis',(0.,-1.,5.14531160026499E-14));
#3909=DIRECTION('ref_axis',(-0.877829022220308,-2.46447109649632E-14,-0.478974120123143));
#3910=DIRECTION('center_axis',(0.,1.,-5.14531160026499E-14));
#3911=DIRECTION('ref_axis',(0.87782902219973,2.46447109669037E-14,0.478974120160856));
#3912=DIRECTION('center_axis',(0.,-1.,5.14531160026499E-14));
#3913=DIRECTION('ref_axis',(0.988524444446398,-7.77255864742207E-15,-0.151060990106445));
#3914=DIRECTION('center_axis',(0.,1.,-5.14531160026499E-14));
#3915=DIRECTION('ref_axis',(-0.988524444447191,7.77255864715533E-15,0.151060990101261));
#3916=DIRECTION('center_axis',(0.,-1.,5.14531160026499E-14));
#3917=DIRECTION('ref_axis',(0.478974120127472,-4.51670385106727E-14,-0.877829022217946));
#3918=DIRECTION('center_axis',(0.,1.,-5.14531160026499E-14));
#3919=DIRECTION('ref_axis',(-0.478974120116084,4.51670385109924E-14,0.877829022224159));
#3920=DIRECTION('center_axis',(0.,-1.,5.14531160026499E-14));
#3921=DIRECTION('ref_axis',(0.151060990107072,5.08626629115506E-14,0.988524444446302));
#3922=DIRECTION('center_axis',(0.,1.,-5.14531160026499E-14));
#3923=DIRECTION('ref_axis',(-0.151060990105394,-5.08626629115639E-14,-0.988524444446559));
#3924=DIRECTION('center_axis',(0.,-1.,5.14531160026499E-14));
#3925=DIRECTION('ref_axis',(0.877829022218574,2.46447109651267E-14,0.47897412012632));
#3926=DIRECTION('center_axis',(0.,1.,-5.14531160026499E-14));
#3927=DIRECTION('ref_axis',(-0.877829022220351,-2.46447109649591E-14,-0.478974120123063));
#3928=DIRECTION('center_axis',(0.,-1.,5.14531160026499E-14));
#3929=DIRECTION('ref_axis',(-0.988524444446534,7.77255864737638E-15,0.151060990105557));
#3930=DIRECTION('center_axis',(0.,1.,-5.14531160026499E-14));
#3931=DIRECTION('ref_axis',(0.988524444447191,-7.77255864715533E-15,-0.151060990101261));
#3932=DIRECTION('',(0.,0.,1.));
#3933=DIRECTION('',(0.,0.,1.));
#3934=DIRECTION('center_axis',(0.,-5.14531160026499E-14,-1.));
#3935=DIRECTION('ref_axis',(-1.,0.,0.));
#3936=DIRECTION('',(0.,1.,-5.14531160026499E-14));
#3937=DIRECTION('',(0.,1.,-5.14531160026499E-14));
#3938=DIRECTION('center_axis',(0.,1.,-5.14531160026499E-14));
#3939=DIRECTION('ref_axis',(0.,5.14531160026499E-14,1.));
#3940=DIRECTION('',(0.,1.,-5.14531160026499E-14));
#3941=DIRECTION('center_axis',(-0.707106781186572,3.63828472386505E-14,
0.707106781186523));
#3942=DIRECTION('ref_axis',(0.707106781186523,3.63828472386531E-14,0.707106781186572));
#3943=DIRECTION('',(0.,1.,-5.14531160026499E-14));
#3944=DIRECTION('center_axis',(0.,1.,-5.14531160026499E-14));
#3945=DIRECTION('ref_axis',(0.707106781187029,-3.6382847238627E-14,-0.707106781186066));
#3946=DIRECTION('',(0.,1.,-5.14531160026499E-14));
#3947=DIRECTION('center_axis',(0.,5.14531160026499E-14,1.));
#3948=DIRECTION('ref_axis',(1.,0.,0.));
#3949=DIRECTION('',(0.,1.,-5.14531160026499E-14));
#3950=DIRECTION('center_axis',(0.,1.,-5.14531160026499E-14));
#3951=DIRECTION('ref_axis',(0.,-5.14531160026499E-14,-1.));
#3952=DIRECTION('',(0.,1.,-5.14531160026499E-14));
#3953=DIRECTION('center_axis',(0.707106781186548,3.63828472386518E-14,0.707106781186548));
#3954=DIRECTION('ref_axis',(0.707106781186548,-3.63828472386518E-14,-0.707106781186548));
#3955=DIRECTION('',(0.,1.,-5.14531160026499E-14));
#3956=DIRECTION('center_axis',(0.,1.,-5.14531160026499E-14));
#3957=DIRECTION('ref_axis',(-0.707106781188734,-3.63828472385393E-14,-0.707106781184361));
#3958=DIRECTION('center_axis',(0.,-1.,-5.14531160026499E-14));
#3959=DIRECTION('ref_axis',(0.877829022220291,2.46447109649648E-14,-0.478974120123173));
#3960=DIRECTION('',(0.,-1.,-5.14531160026499E-14));
#3961=DIRECTION('',(0.,-1.,-5.14531160026499E-14));
#3962=DIRECTION('center_axis',(0.,-1.,-5.14531160026499E-14));
#3963=DIRECTION('ref_axis',(-0.877829022218444,-2.4644710965139E-14,0.478974120126559));
#3964=DIRECTION('',(0.,-1.,-5.14531160026499E-14));
#3965=DIRECTION('center_axis',(0.,-1.,-5.14531160026499E-14));
#3966=DIRECTION('ref_axis',(0.151060990105373,5.0862662911564E-14,-0.988524444446562));
#3967=DIRECTION('',(0.,-1.,-5.14531160026499E-14));
#3968=DIRECTION('center_axis',(0.,-1.,-5.14531160026499E-14));
#3969=DIRECTION('ref_axis',(-0.707106781184987,3.63828472387321E-14,-0.707106781188108));
#3970=DIRECTION('',(0.,-1.,-5.14531160026499E-14));
#3971=DIRECTION('center_axis',(0.,-1.,-5.14531160026499E-14));
#3972=DIRECTION('ref_axis',(0.478974120127474,-4.51670385106726E-14,0.877829022217944));
#3973=DIRECTION('',(0.,-1.,-5.14531160026499E-14));
#3974=DIRECTION('center_axis',(0.,-1.,-5.14531160026499E-14));
#3975=DIRECTION('ref_axis',(-0.478974120125909,4.51670385107166E-14,-0.877829022218798));
#3976=DIRECTION('',(0.,-1.,-5.14531160026499E-14));
#3977=DIRECTION('center_axis',(0.,-1.,-5.14531160026499E-14));
#3978=DIRECTION('ref_axis',(0.988524444447169,-7.77255864716249E-15,0.1510609901014));
#3979=DIRECTION('',(0.,-1.,-5.14531160026499E-14));
#3980=DIRECTION('center_axis',(0.,-1.,-5.14531160026499E-14));
#3981=DIRECTION('ref_axis',(0.707106781184861,3.63828472387386E-14,-0.707106781188234));
#3982=DIRECTION('',(0.,-1.,-5.14531160026499E-14));
#3983=DIRECTION('center_axis',(0.,-1.,-5.14531160026499E-14));
#3984=DIRECTION('ref_axis',(-0.877829022220291,-2.46447109649648E-14,0.478974120123173));
#3985=DIRECTION('',(0.,-1.,-5.14531160026499E-14));
#3986=DIRECTION('center_axis',(0.,-1.,-5.14531160026499E-14));
#3987=DIRECTION('ref_axis',(0.877829022219291,2.46447109650591E-14,-0.478974120125005));
#3988=DIRECTION('',(0.,-1.,-5.14531160026499E-14));
#3989=DIRECTION('center_axis',(0.,-1.,-5.14531160026499E-14));
#3990=DIRECTION('ref_axis',(-0.151060990096551,-5.08626629116334E-14,0.98852444444791));
#3991=DIRECTION('',(0.,-1.,-5.14531160026499E-14));
#3992=DIRECTION('center_axis',(0.,-1.,-5.14531160026499E-14));
#3993=DIRECTION('ref_axis',(0.707106781185076,-3.63828472387275E-14,0.707106781188019));
#3994=DIRECTION('',(0.,-1.,-5.14531160026499E-14));
#3995=DIRECTION('center_axis',(0.,-1.,-5.14531160026499E-14));
#3996=DIRECTION('ref_axis',(-0.478974120104585,4.51670385113152E-14,-0.877829022230433));
#3997=DIRECTION('',(0.,-1.,-5.14531160026499E-14));
#3998=DIRECTION('center_axis',(0.,-1.,-5.14531160026499E-14));
#3999=DIRECTION('ref_axis',(0.478974120127472,-4.51670385106727E-14,0.877829022217946));
#4000=DIRECTION('',(0.,-1.,-5.14531160026499E-14));
#4001=DIRECTION('center_axis',(0.,-1.,-5.14531160026499E-14));
#4002=DIRECTION('ref_axis',(-0.988524444447191,7.77255864715533E-15,-0.151060990101261));
#4003=DIRECTION('',(0.,-1.,-5.14531160026499E-14));
#4004=DIRECTION('center_axis',(0.,-1.,-5.14531160026499E-14));
#4005=DIRECTION('ref_axis',(-0.707106781185961,-3.6382847238682E-14,0.707106781187134));
#4006=DIRECTION('center_axis',(0.,0.,1.));
#4007=DIRECTION('ref_axis',(1.,0.,0.));
#4008=DIRECTION('center_axis',(0.,0.,-1.));
#4009=DIRECTION('ref_axis',(1.,0.,0.));
#4010=DIRECTION('',(0.,0.,1.));
#4011=DIRECTION('center_axis',(0.,0.,1.));
#4012=DIRECTION('ref_axis',(1.,0.,0.));
#4013=DIRECTION('center_axis',(0.,0.,-1.));
#4014=DIRECTION('ref_axis',(1.,0.,0.));
#4015=DIRECTION('',(0.,0.,1.));
#4016=DIRECTION('center_axis',(0.,0.,1.));
#4017=DIRECTION('ref_axis',(1.,0.,0.));
#4018=DIRECTION('center_axis',(0.,0.,-1.));
#4019=DIRECTION('ref_axis',(1.,0.,0.));
#4020=DIRECTION('',(0.,0.,1.));
#4021=DIRECTION('center_axis',(0.,0.,1.));
#4022=DIRECTION('ref_axis',(1.,0.,0.));
#4023=DIRECTION('center_axis',(0.,0.,-1.));
#4024=DIRECTION('ref_axis',(1.,0.,0.));
#4025=DIRECTION('',(0.,0.,1.));
#4026=DIRECTION('center_axis',(0.,0.,1.));
#4027=DIRECTION('ref_axis',(1.,0.,0.));
#4028=DIRECTION('center_axis',(0.,0.,-1.));
#4029=DIRECTION('ref_axis',(1.,0.,0.));
#4030=DIRECTION('',(0.,0.,1.));
#4031=DIRECTION('center_axis',(0.,1.,-5.14531160026499E-14));
#4032=DIRECTION('ref_axis',(0.988524444447191,-7.77255864715533E-15,-0.151060990101261));
#4033=DIRECTION('',(0.,1.,-5.14531160026499E-14));
#4034=DIRECTION('',(0.,1.,-5.14531160026499E-14));
#4035=DIRECTION('center_axis',(0.,1.,-5.14531160026499E-14));
#4036=DIRECTION('ref_axis',(0.707106781187332,3.63828472386115E-14,0.707106781185763));
#4037=DIRECTION('',(0.,1.,-5.14531160026499E-14));
#4038=DIRECTION('center_axis',(0.,1.,-5.14531160026499E-14));
#4039=DIRECTION('ref_axis',(-0.877829022220351,-2.46447109649591E-14,-0.478974120123063));
#4040=DIRECTION('',(0.,1.,-5.14531160026499E-14));
#4041=DIRECTION('center_axis',(0.,1.,-5.14531160026499E-14));
#4042=DIRECTION('ref_axis',(0.877829022218574,2.46447109651267E-14,0.47897412012632));
#4043=DIRECTION('',(0.,1.,-5.14531160026499E-14));
#4044=DIRECTION('center_axis',(0.,1.,-5.14531160026499E-14));
#4045=DIRECTION('ref_axis',(-0.151060990105394,-5.08626629115639E-14,-0.988524444446559));
#4046=DIRECTION('',(0.,1.,-5.14531160026499E-14));
#4047=DIRECTION('center_axis',(0.,1.,-5.14531160026499E-14));
#4048=DIRECTION('ref_axis',(0.707106781184466,-3.63828472387589E-14,-0.707106781188629));
#4049=DIRECTION('',(0.,1.,-5.14531160026499E-14));
#4050=DIRECTION('center_axis',(0.,1.,-5.14531160026499E-14));
#4051=DIRECTION('ref_axis',(-0.478974120116084,4.51670385109924E-14,0.877829022224159));
#4052=DIRECTION('',(0.,1.,-5.14531160026499E-14));
#4053=DIRECTION('center_axis',(0.,1.,-5.14531160026499E-14));
#4054=DIRECTION('ref_axis',(0.478974120127472,-4.51670385106727E-14,-0.877829022217946));
#4055=DIRECTION('',(0.,1.,-5.14531160026499E-14));
#4056=DIRECTION('center_axis',(0.,1.,-5.14531160026499E-14));
#4057=DIRECTION('ref_axis',(-0.988524444447191,7.77255864715533E-15,0.151060990101261));
#4058=DIRECTION('',(0.,1.,-5.14531160026499E-14));
#4059=DIRECTION('center_axis',(0.,1.,-5.14531160026499E-14));
#4060=DIRECTION('ref_axis',(-0.707106781186913,-3.6382847238633E-14,-0.707106781186182));
#4061=DIRECTION('',(0.,1.,-5.14531160026499E-14));
#4062=DIRECTION('center_axis',(0.,1.,-5.14531160026499E-14));
#4063=DIRECTION('ref_axis',(0.87782902219973,2.46447109669037E-14,0.478974120160856));
#4064=DIRECTION('',(0.,1.,-5.14531160026499E-14));
#4065=DIRECTION('center_axis',(0.,1.,-5.14531160026499E-14));
#4066=DIRECTION('ref_axis',(-0.877829022220308,-2.46447109649632E-14,-0.478974120123143));
#4067=DIRECTION('',(0.,1.,-5.14531160026499E-14));
#4068=DIRECTION('center_axis',(0.,1.,-5.14531160026499E-14));
#4069=DIRECTION('ref_axis',(0.151060990110798,5.08626629115214E-14,0.988524444445733));
#4070=DIRECTION('',(0.,1.,-5.14531160026499E-14));
#4071=DIRECTION('center_axis',(0.,1.,-5.14531160026499E-14));
#4072=DIRECTION('ref_axis',(-0.707106781186803,3.63828472386387E-14,0.707106781186292));
#4073=DIRECTION('',(0.,1.,-5.14531160026499E-14));
#4074=DIRECTION('center_axis',(0.,1.,-5.14531160026499E-14));
#4075=DIRECTION('ref_axis',(0.478974120104924,-4.51670385113057E-14,-0.877829022230249));
#4076=DIRECTION('',(0.,1.,-5.14531160026499E-14));
#4077=DIRECTION('center_axis',(0.,1.,-5.14531160026499E-14));
#4078=DIRECTION('ref_axis',(-0.478974120127472,4.51670385106727E-14,0.877829022217946));
#4079=DIRECTION('center_axis',(0.,0.,1.));
#4080=DIRECTION('ref_axis',(-0.485901392093678,0.874013636713653,0.));
#4081=DIRECTION('center_axis',(0.,0.,1.));
#4082=DIRECTION('ref_axis',(-0.485901392093678,0.874013636713653,0.));
#4083=DIRECTION('',(0.,0.,1.));
#4084=DIRECTION('',(0.,0.,1.));
#4085=DIRECTION('center_axis',(0.,0.,1.));
#4086=DIRECTION('ref_axis',(-1.91686944095443E-14,1.,0.));
#4087=DIRECTION('center_axis',(0.,0.,-1.));
#4088=DIRECTION('ref_axis',(0.485901392094561,-0.874013636713162,0.));
#4089=DIRECTION('',(0.,0.,1.));
#4090=DIRECTION('center_axis',(0.,0.,1.));
#4091=DIRECTION('ref_axis',(0.398822289567995,-0.917028233667722,0.));
#4092=DIRECTION('center_axis',(0.,0.,1.));
#4093=DIRECTION('ref_axis',(0.398822289567995,-0.917028233667722,0.));
#4094=DIRECTION('',(0.,0.,1.));
#4095=DIRECTION('center_axis',(0.,0.,1.));
#4096=DIRECTION('ref_axis',(-0.398822289567993,0.917028233667723,0.));
#4097=DIRECTION('center_axis',(0.,0.,-1.));
#4098=DIRECTION('ref_axis',(-0.398822289567993,0.917028233667723,0.));
#4099=DIRECTION('',(0.,0.,1.));
#4100=DIRECTION('center_axis',(0.,0.,1.));
#4101=DIRECTION('ref_axis',(0.248249886298995,-0.968696027633301,0.));
#4102=DIRECTION('center_axis',(0.,0.,1.));
#4103=DIRECTION('ref_axis',(0.248249886298995,-0.968696027633301,0.));
#4104=DIRECTION('',(0.,0.,1.));
#4105=DIRECTION('center_axis',(0.,0.,1.));
#4106=DIRECTION('ref_axis',(-0.24824988629668,0.968696027633894,0.));
#4107=DIRECTION('center_axis',(0.,0.,-1.));
#4108=DIRECTION('ref_axis',(-0.24824988629668,0.968696027633894,0.));
#4109=DIRECTION('',(0.,0.,1.));
#4110=DIRECTION('center_axis',(0.,0.,1.));
#4111=DIRECTION('ref_axis',(-0.857078853049811,-0.515185247901005,0.));
#4112=DIRECTION('center_axis',(0.,0.,1.));
#4113=DIRECTION('ref_axis',(-0.857078853049811,-0.515185247901005,0.));
#4114=DIRECTION('',(0.,0.,1.));
#4115=DIRECTION('center_axis',(0.,0.,1.));
#4116=DIRECTION('ref_axis',(-1.,5.15460690004886E-15,0.));
#4117=DIRECTION('center_axis',(0.,0.,-1.));
#4118=DIRECTION('ref_axis',(0.857078853047038,0.515185247905619,0.));
#4119=DIRECTION('',(0.,0.,1.));
#4120=DIRECTION('center_axis',(0.,0.,1.));
#4121=DIRECTION('ref_axis',(0.968696027631161,0.248249886307342,0.));
#4122=DIRECTION('center_axis',(0.,0.,1.));
#4123=DIRECTION('ref_axis',(0.968696027631161,0.248249886307342,0.));
#4124=DIRECTION('',(0.,0.,1.));
#4125=DIRECTION('center_axis',(0.,0.,1.));
#4126=DIRECTION('ref_axis',(-0.96869602763418,-0.248249886295564,0.));
#4127=DIRECTION('center_axis',(0.,0.,-1.));
#4128=DIRECTION('ref_axis',(-0.96869602763418,-0.248249886295564,0.));
#4129=DIRECTION('',(0.,0.,1.));
#4130=DIRECTION('center_axis',(0.,0.,1.));
#4131=DIRECTION('ref_axis',(0.515185247904092,-0.857078853047956,0.));
#4132=DIRECTION('center_axis',(0.,0.,1.));
#4133=DIRECTION('ref_axis',(0.515185247904092,-0.857078853047956,0.));
#4134=DIRECTION('',(0.,0.,1.));
#4135=DIRECTION('center_axis',(0.,0.,1.));
#4136=DIRECTION('ref_axis',(-0.515185247907225,0.857078853046073,0.));
#4137=DIRECTION('center_axis',(0.,0.,-1.));
#4138=DIRECTION('ref_axis',(-0.515185247907225,0.857078853046073,0.));
#4139=DIRECTION('',(0.,0.,1.));
#4140=DIRECTION('center_axis',(0.,0.,1.));
#4141=DIRECTION('ref_axis',(0.485901392097297,-0.874013636711641,0.));
#4142=DIRECTION('center_axis',(0.,0.,1.));
#4143=DIRECTION('ref_axis',(0.485901392097297,-0.874013636711641,0.));
#4144=DIRECTION('',(0.,0.,1.));
#4145=DIRECTION('center_axis',(0.,0.,1.));
#4146=DIRECTION('ref_axis',(1.94289029309401E-14,-1.,0.));
#4147=DIRECTION('center_axis',(0.,0.,-1.));
#4148=DIRECTION('ref_axis',(-0.485901392095029,0.874013636712902,0.));
#4149=DIRECTION('',(0.,0.,1.));
#4150=DIRECTION('center_axis',(0.,0.,1.));
#4151=DIRECTION('ref_axis',(-0.398822289571033,0.917028233666401,0.));
#4152=DIRECTION('center_axis',(0.,0.,1.));
#4153=DIRECTION('ref_axis',(-0.398822289571033,0.917028233666401,0.));
#4154=DIRECTION('',(0.,0.,1.));
#4155=DIRECTION('center_axis',(0.,0.,1.));
#4156=DIRECTION('ref_axis',(0.398822289567105,-0.917028233668109,0.));
#4157=DIRECTION('center_axis',(0.,0.,-1.));
#4158=DIRECTION('ref_axis',(0.398822289567105,-0.917028233668109,0.));
#4159=DIRECTION('',(0.,0.,1.));
#4160=DIRECTION('center_axis',(0.,0.,1.));
#4161=DIRECTION('ref_axis',(-0.248249886306931,0.968696027631267,0.));
#4162=DIRECTION('center_axis',(0.,0.,1.));
#4163=DIRECTION('ref_axis',(-0.248249886306931,0.968696027631267,0.));
#4164=DIRECTION('',(0.,0.,1.));
#4165=DIRECTION('center_axis',(0.,0.,1.));
#4166=DIRECTION('ref_axis',(0.24824988629556,-0.968696027634181,0.));
#4167=DIRECTION('center_axis',(0.,0.,-1.));
#4168=DIRECTION('ref_axis',(0.24824988629556,-0.968696027634181,0.));
#4169=DIRECTION('',(0.,0.,1.));
#4170=DIRECTION('center_axis',(0.,0.,1.));
#4171=DIRECTION('ref_axis',(-0.51518524790718,0.857078853046099,0.));
#4172=DIRECTION('center_axis',(0.,0.,1.));
#4173=DIRECTION('ref_axis',(-0.51518524790718,0.857078853046099,0.));
#4174=DIRECTION('',(0.,0.,1.));
#4175=DIRECTION('center_axis',(0.,0.,1.));
#4176=DIRECTION('ref_axis',(0.515185247906081,-0.85707885304676,0.));
#4177=DIRECTION('center_axis',(0.,0.,-1.));
#4178=DIRECTION('ref_axis',(0.515185247906081,-0.85707885304676,0.));
#4179=DIRECTION('center_axis',(0.707106781186567,-3.63828472386508E-14,
0.707106781186528));
#4180=DIRECTION('ref_axis',(-0.707106781186528,-3.63828472386528E-14,0.707106781186567));
#4181=DIRECTION('',(0.,-1.,-5.14531160026499E-14));
#4182=DIRECTION('',(0.,-1.,-5.14531160026499E-14));
#4183=DIRECTION('center_axis',(0.,-1.,-5.14531160026499E-14));
#4184=DIRECTION('ref_axis',(-0.707106781186567,3.63828472386508E-14,-0.707106781186528));
#4185=DIRECTION('',(0.,-1.,-5.14531160026499E-14));
#4186=DIRECTION('center_axis',(0.,-5.14531160026499E-14,1.));
#4187=DIRECTION('ref_axis',(-1.,0.,0.));
#4188=DIRECTION('',(0.,-1.,-5.14531160026499E-14));
#4189=DIRECTION('center_axis',(0.,-1.,-5.14531160026499E-14));
#4190=DIRECTION('ref_axis',(0.,5.14531160026499E-14,-1.));
#4191=DIRECTION('',(0.,-1.,-5.14531160026499E-14));
#4192=DIRECTION('center_axis',(-0.707106781186805,-3.63828472386386E-14,
0.70710678118629));
#4193=DIRECTION('ref_axis',(-0.70710678118629,3.6382847238665E-14,-0.707106781186805));
#4194=DIRECTION('',(0.,-1.,-5.14531160026499E-14));
#4195=DIRECTION('center_axis',(0.,-1.,-5.14531160026499E-14));
#4196=DIRECTION('ref_axis',(0.70710678118659,3.63828472386496E-14,-0.707106781186505));
#4197=DIRECTION('',(0.,-1.,-5.14531160026499E-14));
#4198=DIRECTION('center_axis',(0.,5.14531160026499E-14,-1.));
#4199=DIRECTION('ref_axis',(1.,0.,0.));
#4200=DIRECTION('',(0.,-1.,-5.14531160026499E-14));
#4201=DIRECTION('center_axis',(0.,-1.,-5.14531160026499E-14));
#4202=DIRECTION('ref_axis',(0.,-5.14531160026499E-14,1.));
#4203=DIRECTION('center_axis',(0.,1.,-5.14531160026499E-14));
#4204=DIRECTION('ref_axis',(0.,-5.14531160026499E-14,-1.));
#4205=DIRECTION('',(0.,1.,-5.14531160026499E-14));
#4206=DIRECTION('center_axis',(0.,-5.14531160026499E-14,-1.));
#4207=DIRECTION('ref_axis',(-1.,0.,0.));
#4208=DIRECTION('',(0.,1.,-5.14531160026499E-14));
#4209=DIRECTION('center_axis',(0.,1.,-5.14531160026499E-14));
#4210=DIRECTION('ref_axis',(0.707106781188367,-3.63828472385582E-14,-0.707106781184728));
#4211=DIRECTION('',(0.,1.,-5.14531160026499E-14));
#4212=DIRECTION('center_axis',(0.707106781186001,-3.63828472386799E-14,
-0.707106781187094));
#4213=DIRECTION('ref_axis',(-0.707106781187094,-3.63828472386237E-14,-0.707106781186001));
#4214=DIRECTION('',(0.,1.,-5.14531160026499E-14));
#4215=DIRECTION('center_axis',(0.,1.,-5.14531160026499E-14));
#4216=DIRECTION('ref_axis',(-0.707106781186528,3.63828472386528E-14,0.707106781186567));
#4217=DIRECTION('',(0.,1.,-5.14531160026499E-14));
#4218=DIRECTION('center_axis',(7.84864116455329E-13,-5.14531160026499E-14,
-1.));
#4219=DIRECTION('ref_axis',(-1.,-4.03837044302934E-26,-7.84864116455329E-13));
#4220=DIRECTION('',(0.,1.,-5.14531160026499E-14));
#4221=DIRECTION('center_axis',(0.,1.,-5.14531160026499E-14));
#4222=DIRECTION('ref_axis',(0.707106781186028,-3.63828472386785E-14,-0.707106781187067));
#4223=DIRECTION('',(0.,1.,-5.14531160026499E-14));
#4224=DIRECTION('center_axis',(0.707106781187254,-3.63828472386154E-14,
-0.707106781185841));
#4225=DIRECTION('ref_axis',(-0.707106781185841,-3.63828472386882E-14,-0.707106781187254));
#4226=DIRECTION('',(0.,1.,-5.14531160026499E-14));
#4227=DIRECTION('center_axis',(0.,1.,-5.14531160026499E-14));
#4228=DIRECTION('ref_axis',(1.,0.,0.));
#4229=DIRECTION('',(0.,1.,-5.14531160026499E-14));
#4230=DIRECTION('center_axis',(1.,3.63681792268392E-26,7.06821705899527E-13));
#4231=DIRECTION('ref_axis',(7.06821705899527E-13,-5.14531160026499E-14,
-1.));
#4232=DIRECTION('',(0.,1.,-5.14531160026499E-14));
#4233=DIRECTION('center_axis',(0.,1.,-5.14531160026499E-14));
#4234=DIRECTION('ref_axis',(0.707106781188367,3.63828472385582E-14,0.707106781184728));
#4235=DIRECTION('',(0.,1.,-5.14531160026499E-14));
#4236=DIRECTION('center_axis',(0.707106781186548,3.63828472386518E-14,0.707106781186548));
#4237=DIRECTION('ref_axis',(0.707106781186548,-3.63828472386518E-14,-0.707106781186548));
#4238=DIRECTION('',(0.,1.,-5.14531160026499E-14));
#4239=DIRECTION('center_axis',(0.,1.,-5.14531160026499E-14));
#4240=DIRECTION('ref_axis',(-3.63936523194198E-12,5.14531160026499E-14,
1.));
#4241=DIRECTION('',(0.,1.,-5.14531160026499E-14));
#4242=DIRECTION('center_axis',(4.58750566521395E-13,5.14531160026499E-14,
1.));
#4243=DIRECTION('ref_axis',(1.,-2.36041461155067E-26,-4.58750566521395E-13));
#4244=DIRECTION('',(0.,1.,-5.14531160026499E-14));
#4245=DIRECTION('center_axis',(0.,1.,-5.14531160026499E-14));
#4246=DIRECTION('ref_axis',(-0.707106781186528,3.63828472386528E-14,0.707106781186567));
#4247=DIRECTION('',(0.,1.,-5.14531160026499E-14));
#4248=DIRECTION('center_axis',(-0.707106781186173,3.63828472386711E-14,
0.707106781186922));
#4249=DIRECTION('ref_axis',(0.707106781186922,3.63828472386326E-14,0.707106781186173));
#4250=DIRECTION('',(0.,1.,-5.14531160026499E-14));
#4251=DIRECTION('center_axis',(0.,1.,-5.14531160026499E-14));
#4252=DIRECTION('ref_axis',(0.70710678118762,-3.63828472385966E-14,-0.707106781185475));
#4253=DIRECTION('',(0.,1.,-5.14531160026499E-14));
#4254=DIRECTION('center_axis',(-1.9597545797894E-12,5.14531160026499E-14,
1.));
#4255=DIRECTION('ref_axis',(1.,1.00835479730629E-25,1.9597545797894E-12));
#4256=DIRECTION('',(0.,1.,-5.14531160026499E-14));
#4257=DIRECTION('center_axis',(0.,1.,-5.14531160026499E-14));
#4258=DIRECTION('ref_axis',(-0.912854946785851,2.10074853670452E-14,0.408284026296158));
#4259=DIRECTION('center_axis',(0.,0.,1.));
#4260=DIRECTION('ref_axis',(0.912854946784457,0.408284026299274,0.));
#4261=DIRECTION('',(0.,0.,1.));
#4262=DIRECTION('center_axis',(0.,0.,1.));
#4263=DIRECTION('ref_axis',(0.912854946784457,0.408284026299274,0.));
#4264=DIRECTION('center_axis',(0.,0.,1.));
#4265=DIRECTION('ref_axis',(1.,0.,0.));
#4266=DIRECTION('center_axis',(0.,0.,1.));
#4267=DIRECTION('ref_axis',(1.,0.,0.));
#4268=DIRECTION('',(0.,0.,1.));
#4269=DIRECTION('center_axis',(1.,-1.91907919044712E-12,0.));
#4270=DIRECTION('ref_axis',(1.91907919044712E-12,1.,0.));
#4271=DIRECTION('',(-1.91907919044712E-12,-1.,0.));
#4272=DIRECTION('',(0.,0.,1.));
#4273=DIRECTION('center_axis',(0.,0.,1.));
#4274=DIRECTION('ref_axis',(-1.,3.5527136788005E-12,0.));
#4275=DIRECTION('center_axis',(0.,0.,1.));
#4276=DIRECTION('ref_axis',(-1.,3.5527136788005E-12,0.));
#4277=DIRECTION('',(0.,0.,1.));
#4278=DIRECTION('center_axis',(0.707106781186522,0.707106781186573,0.));
#4279=DIRECTION('ref_axis',(-0.707106781186573,0.707106781186522,0.));
#4280=DIRECTION('',(-0.707106781186573,0.707106781186522,0.));
#4281=DIRECTION('',(0.,0.,1.));
#4282=DIRECTION('center_axis',(0.,0.,1.));
#4283=DIRECTION('ref_axis',(-0.15243562297106,-0.988313402139941,0.));
#4284=DIRECTION('center_axis',(0.,0.,1.));
#4285=DIRECTION('ref_axis',(-0.15243562297106,-0.988313402139941,0.));
#4286=DIRECTION('',(0.,0.,1.));
#4287=DIRECTION('center_axis',(0.,0.,1.));
#4288=DIRECTION('ref_axis',(-0.999616800759536,-0.0276812506811024,0.));
#4289=DIRECTION('center_axis',(0.,0.,1.));
#4290=DIRECTION('ref_axis',(0.15243562297463,0.988313402139391,0.));
#4291=DIRECTION('',(0.,0.,1.));
#4292=DIRECTION('center_axis',(0.,0.,1.));
#4293=DIRECTION('ref_axis',(1.,-7.32747196252603E-12,0.));
#4294=DIRECTION('center_axis',(0.,0.,1.));
#4295=DIRECTION('ref_axis',(1.,-7.32747196252603E-12,0.));
#4296=DIRECTION('',(0.,0.,1.));
#4297=DIRECTION('center_axis',(1.,-7.40487426943104E-13,0.));
#4298=DIRECTION('ref_axis',(7.40487426943104E-13,1.,0.));
#4299=DIRECTION('',(7.40487426943104E-13,1.,0.));
#4300=DIRECTION('',(0.,0.,1.));
#4301=DIRECTION('center_axis',(0.,0.,1.));
#4302=DIRECTION('ref_axis',(0.,-1.,0.));
#4303=DIRECTION('center_axis',(0.,0.,1.));
#4304=DIRECTION('ref_axis',(0.,-1.,0.));
#4305=DIRECTION('',(0.,0.,1.));
#4306=DIRECTION('center_axis',(0.,-1.,0.));
#4307=DIRECTION('ref_axis',(1.,0.,0.));
#4308=DIRECTION('',(1.,0.,0.));
#4309=DIRECTION('',(0.,0.,1.));
#4310=DIRECTION('center_axis',(0.,0.,1.));
#4311=DIRECTION('ref_axis',(0.,1.,0.));
#4312=DIRECTION('center_axis',(0.,0.,1.));
#4313=DIRECTION('ref_axis',(0.,1.,0.));
#4314=DIRECTION('',(0.,0.,1.));
#4315=DIRECTION('center_axis',(1.,0.,0.));
#4316=DIRECTION('ref_axis',(0.,1.,0.));
#4317=DIRECTION('',(0.,-1.,0.));
#4318=DIRECTION('',(0.,0.,1.));
#4319=DIRECTION('center_axis',(0.,0.,1.));
#4320=DIRECTION('ref_axis',(-1.,0.,0.));
#4321=DIRECTION('center_axis',(0.,0.,1.));
#4322=DIRECTION('ref_axis',(-1.,0.,0.));
#4323=DIRECTION('',(0.,0.,1.));
#4324=DIRECTION('center_axis',(-3.7005713278368E-14,1.,0.));
#4325=DIRECTION('ref_axis',(-1.,-3.7005713278368E-14,0.));
#4326=DIRECTION('',(1.,3.7005713278368E-14,0.));
#4327=DIRECTION('',(0.,0.,1.));
#4328=DIRECTION('center_axis',(0.,0.,1.));
#4329=DIRECTION('ref_axis',(1.,0.,0.));
#4330=DIRECTION('center_axis',(0.,0.,1.));
#4331=DIRECTION('ref_axis',(1.,0.,0.));
#4332=DIRECTION('',(0.,0.,1.));
#4333=DIRECTION('center_axis',(1.,0.,0.));
#4334=DIRECTION('ref_axis',(0.,1.,0.));
#4335=DIRECTION('',(0.,1.,0.));
#4336=DIRECTION('',(0.,0.,1.));
#4337=DIRECTION('center_axis',(0.,0.,1.));
#4338=DIRECTION('ref_axis',(-0.206896550014717,-0.978362825127778,0.));
#4339=DIRECTION('center_axis',(0.,0.,1.));
#4340=DIRECTION('ref_axis',(-0.206896550014717,-0.978362825127778,0.));
#4341=DIRECTION('',(0.,0.,1.));
#4342=DIRECTION('center_axis',(0.,0.,1.));
#4343=DIRECTION('ref_axis',(-0.999616800759505,0.0276812506822173,0.));
#4344=DIRECTION('center_axis',(0.,0.,1.));
#4345=DIRECTION('ref_axis',(0.206896550018228,0.978362825127036,0.));
#4346=DIRECTION('',(0.,0.,1.));
#4347=DIRECTION('center_axis',(0.,0.,1.));
#4348=DIRECTION('ref_axis',(0.707106781189545,-0.70710678118355,0.));
#4349=DIRECTION('center_axis',(0.,0.,1.));
#4350=DIRECTION('ref_axis',(0.707106781189545,-0.70710678118355,0.));
#4351=DIRECTION('',(0.,0.,1.));
#4352=DIRECTION('center_axis',(0.707106781186539,-0.707106781186556,0.));
#4353=DIRECTION('ref_axis',(0.707106781186556,0.707106781186539,0.));
#4354=DIRECTION('',(-0.707106781186556,-0.707106781186539,0.));
#4355=DIRECTION('',(0.,0.,1.));
#4356=DIRECTION('center_axis',(0.,0.,1.));
#4357=DIRECTION('ref_axis',(-0.707106781183661,0.707106781189434,0.));
#4358=DIRECTION('center_axis',(0.,0.,1.));
#4359=DIRECTION('ref_axis',(-0.707106781183661,0.707106781189434,0.));
#4360=DIRECTION('',(0.,0.,1.));
#4361=DIRECTION('center_axis',(1.,3.50728265839523E-12,0.));
#4362=DIRECTION('ref_axis',(-3.50728265839523E-12,1.,0.));
#4363=DIRECTION('',(3.50728265839523E-12,-1.,0.));
#4364=DIRECTION('',(0.,0.,1.));
#4365=DIRECTION('center_axis',(0.,0.,1.));
#4366=DIRECTION('ref_axis',(0.408284026299269,-0.912854946784459,0.));
#4367=DIRECTION('center_axis',(0.,0.,1.));
#4368=DIRECTION('ref_axis',(0.408284026299269,-0.912854946784459,0.));
#4369=DIRECTION('',(0.,0.,1.));
#4370=DIRECTION('center_axis',(0.,0.,1.));
#4371=DIRECTION('ref_axis',(-0.408284026299274,0.912854946784457,0.));
#4372=DIRECTION('center_axis',(0.,0.,1.));
#4373=DIRECTION('ref_axis',(-0.408284026299274,0.912854946784457,0.));
#4374=DIRECTION('center_axis',(0.,-1.,-5.14531160026499E-14));
#4375=DIRECTION('ref_axis',(0.,-5.14531160026499E-14,1.));
#4376=DIRECTION('',(0.,-1.,-5.14531160026499E-14));
#4377=DIRECTION('center_axis',(2.41703064841246E-12,-5.14531160026499E-14,
1.));
#4378=DIRECTION('ref_axis',(-1.,-1.24363758334726E-25,2.41703064841246E-12));
#4379=DIRECTION('',(0.,-1.,-5.14531160026499E-14));
#4380=DIRECTION('center_axis',(0.,-1.,-5.14531160026499E-14));
#4381=DIRECTION('ref_axis',(0.,5.14531160026499E-14,-1.));
#4382=DIRECTION('',(0.,-1.,-5.14531160026499E-14));
#4383=DIRECTION('center_axis',(-0.707106781186834,-3.63828472386371E-14,
0.707106781186261));
#4384=DIRECTION('ref_axis',(-0.707106781186261,3.63828472386665E-14,-0.707106781186834));
#4385=DIRECTION('',(0.,-1.,-5.14531160026499E-14));
#4386=DIRECTION('center_axis',(0.,-1.,-5.14531160026499E-14));
#4387=DIRECTION('ref_axis',(0.,-5.14531160026499E-14,1.));
#4388=DIRECTION('',(0.,-1.,-5.14531160026499E-14));
#4389=DIRECTION('center_axis',(1.06128862404135E-13,-5.14531160026499E-14,
1.));
#4390=DIRECTION('ref_axis',(-1.,-5.46066066850921E-27,1.06128862404135E-13));
#4391=DIRECTION('',(0.,-1.,-5.14531160026499E-14));
#4392=DIRECTION('center_axis',(0.,-1.,-5.14531160026499E-14));
#4393=DIRECTION('ref_axis',(0.707106781186557,-3.63828472386513E-14,0.707106781186538));
#4394=DIRECTION('',(0.,-1.,-5.14531160026499E-14));
#4395=DIRECTION('center_axis',(0.707106781186317,-3.63828472386637E-14,
0.707106781186779));
#4396=DIRECTION('ref_axis',(-0.707106781186779,-3.63828472386399E-14,0.707106781186317));
#4397=DIRECTION('',(0.,-1.,-5.14531160026499E-14));
#4398=DIRECTION('center_axis',(0.,-1.,-5.14531160026499E-14));
#4399=DIRECTION('ref_axis',(1.,0.,0.));
#4400=DIRECTION('',(0.,-1.,-5.14531160026499E-14));
#4401=DIRECTION('center_axis',(1.,0.,0.));
#4402=DIRECTION('ref_axis',(0.,-5.14531160026499E-14,1.));
#4403=DIRECTION('',(0.,-1.,-5.14531160026499E-14));
#4404=DIRECTION('center_axis',(0.,-1.,-5.14531160026499E-14));
#4405=DIRECTION('ref_axis',(0.707106781188367,3.63828472385582E-14,-0.707106781184728));
#4406=DIRECTION('',(0.,-1.,-5.14531160026499E-14));
#4407=DIRECTION('center_axis',(0.707106781186915,3.63828472386329E-14,-0.707106781186181));
#4408=DIRECTION('ref_axis',(0.707106781186181,-3.63828472386707E-14,0.707106781186915));
#4409=DIRECTION('',(0.,-1.,-5.14531160026499E-14));
#4410=DIRECTION('center_axis',(0.,-1.,-5.14531160026499E-14));
#4411=DIRECTION('ref_axis',(0.,5.14531160026499E-14,-1.));
#4412=DIRECTION('',(0.,-1.,-5.14531160026499E-14));
#4413=DIRECTION('center_axis',(7.90721311354472E-13,5.14531160026499E-14,
-1.));
#4414=DIRECTION('ref_axis',(1.,-4.06850753588891E-26,7.90721311354472E-13));
#4415=DIRECTION('',(0.,-1.,-5.14531160026499E-14));
#4416=DIRECTION('center_axis',(0.,-1.,-5.14531160026499E-14));
#4417=DIRECTION('ref_axis',(0.,-5.14531160026499E-14,1.));
#4418=DIRECTION('',(0.,-1.,-5.14531160026499E-14));
#4419=DIRECTION('center_axis',(0.707106781187127,3.6382847238622E-14,-0.707106781185968));
#4420=DIRECTION('ref_axis',(0.707106781185968,-3.63828472386816E-14,0.707106781187127));
#4421=DIRECTION('',(0.,-1.,-5.14531160026499E-14));
#4422=DIRECTION('center_axis',(0.,-1.,-5.14531160026499E-14));
#4423=DIRECTION('ref_axis',(0.,5.14531160026499E-14,-1.));
#4424=DIRECTION('',(0.,-1.,-5.14531160026499E-14));
#4425=DIRECTION('center_axis',(0.,5.14531160026499E-14,-1.));
#4426=DIRECTION('ref_axis',(1.,0.,0.));
#4427=DIRECTION('',(0.,-1.,-5.14531160026499E-14));
#4428=DIRECTION('center_axis',(0.,-1.,-5.14531160026499E-14));
#4429=DIRECTION('ref_axis',(-0.707106781188367,3.63828472385582E-14,-0.707106781184728));
#4430=DIRECTION('',(0.,-1.,-5.14531160026499E-14));
#4431=DIRECTION('center_axis',(-0.707106781186612,3.63828472386485E-14,
-0.707106781186483));
#4432=DIRECTION('ref_axis',(0.707106781186483,3.63828472386551E-14,-0.707106781186612));
#4433=DIRECTION('center_axis',(0.,0.,1.));
#4434=DIRECTION('ref_axis',(-1.,0.,0.));
#4435=DIRECTION('center_axis',(0.,0.,1.));
#4436=DIRECTION('ref_axis',(-1.,0.,0.));
#4437=DIRECTION('',(0.,0.,1.));
#4438=DIRECTION('center_axis',(-1.,6.47107034730355E-13,0.));
#4439=DIRECTION('ref_axis',(-6.47107034730355E-13,-1.,0.));
#4440=DIRECTION('',(-6.47107034730355E-13,-1.,0.));
#4441=DIRECTION('',(0.,0.,1.));
#4442=DIRECTION('center_axis',(0.,0.,1.));
#4443=DIRECTION('ref_axis',(-0.707106781187058,0.707106781186037,0.));
#4444=DIRECTION('center_axis',(0.,0.,1.));
#4445=DIRECTION('ref_axis',(-0.707106781187058,0.707106781186037,0.));
#4446=DIRECTION('center_axis',(1.,0.,0.));
#4447=DIRECTION('ref_axis',(0.,0.,1.));
#4448=DIRECTION('center_axis',(0.,0.,1.));
#4449=DIRECTION('ref_axis',(1.,0.,0.));
#4450=CARTESIAN_POINT('',(0.,0.,0.));
#4451=CARTESIAN_POINT('Origin',(596.78357768324,666.77042370633,19.2162168837679));
#4452=CARTESIAN_POINT('',(596.858227276445,666.770423706329,-0.0100000000000477));
#4453=CARTESIAN_POINT('',(573.634794509859,666.770423706329,-0.0100000000000477));
#4454=CARTESIAN_POINT('',(298.39178884162,666.770423706329,-0.0100000000001899));
#4455=CARTESIAN_POINT('',(592.267800762955,666.770423706328,-18.6430062530955));
#4456=CARTESIAN_POINT('',(558.939353603517,666.77042370633,14.685440906342));
#4457=CARTESIAN_POINT('',(594.877024785535,666.770423706328,-19.7237822305189));
#4458=CARTESIAN_POINT('Origin',(594.877024785535,666.770423706328,-16.0337822305189));
#4459=CARTESIAN_POINT('',(607.894260575966,666.770423706328,-19.7237822305189));
#4460=CARTESIAN_POINT('',(607.894260575966,666.770423706328,-19.7237822305189));
#4461=CARTESIAN_POINT('',(610.503484598551,666.770423706328,-18.6430062530906));
#4462=CARTESIAN_POINT('Origin',(607.894260575966,666.770423706328,-16.0337822305189));
#4463=CARTESIAN_POINT('',(613.581931643689,666.770423706328,-15.5645592079547));
#4464=CARTESIAN_POINT('',(613.58193164369,666.770423706328,-15.5645592079561));
#4465=CARTESIAN_POINT('',(616.191155666267,666.770423706328,-14.4837832305332));
#4466=CARTESIAN_POINT('Origin',(616.191155666267,666.770423706328,-18.1737832305332));
#4467=CARTESIAN_POINT('',(628.322265318962,666.770423706328,-14.4837832305213));
#4468=CARTESIAN_POINT('',(616.191155666267,666.770423706328,-14.4837832305332));
#4469=CARTESIAN_POINT('',(630.931489341535,666.770423706328,-13.4030072531016));
#4470=CARTESIAN_POINT('Origin',(628.322265318959,666.770423706328,-10.7937832305213));
#4471=CARTESIAN_POINT('',(634.627801762964,666.770423706329,-9.70669483167612));
#4472=CARTESIAN_POINT('',(630.931489341539,666.770423706328,-13.4030072531057));
#4473=CARTESIAN_POINT('',(635.708577740386,666.770423706329,-7.09747080909779));
#4474=CARTESIAN_POINT('Origin',(632.018577740386,666.770423706329,-7.09747080909779));
#4475=CARTESIAN_POINT('',(635.708577740386,666.770423706329,-1.87009565194927));
#4476=CARTESIAN_POINT('',(635.708577740381,666.770423706329,-1.87009565194927));
#4477=CARTESIAN_POINT('',(634.627801762971,666.770423706329,0.739128370622382));
#4478=CARTESIAN_POINT('Origin',(632.018577740386,666.770423706329,-1.87009565194927));
#4479=CARTESIAN_POINT('',(630.931489341547,666.770423706329,4.43544079204585));
#4480=CARTESIAN_POINT('',(634.627801762971,666.770423706329,0.739128370622382));
#4481=CARTESIAN_POINT('',(628.322265318949,666.770423706329,5.5162167694742));
#4482=CARTESIAN_POINT('Origin',(628.322265318962,666.770423706329,1.8262167694742));
#4483=CARTESIAN_POINT('',(607.56747316385,666.770423706329,5.5162167694813));
#4484=CARTESIAN_POINT('',(628.322265318949,666.770423706329,5.5162167694742));
#4485=CARTESIAN_POINT('',(604.958249141272,666.770423706329,4.43544079205978));
#4486=CARTESIAN_POINT('Origin',(607.56747316385,666.770423706329,1.82621676948131));
#4487=CARTESIAN_POINT('',(601.534014658485,666.770423706329,1.011206309268));
#4488=CARTESIAN_POINT('',(604.958249141273,666.770423706329,4.4354407920585));
#4489=CARTESIAN_POINT('',(600.339004198278,666.770423706329,0.516216769471356));
#4490=CARTESIAN_POINT('Origin',(600.339004198278,666.770423706329,2.20621676947147));
#4491=CARTESIAN_POINT('',(599.251302590504,666.770423706329,0.516216769474198));
#4492=CARTESIAN_POINT('',(599.251302590504,666.770423706329,0.516216769474198));
#4493=CARTESIAN_POINT('',(598.621432682011,666.770423706329,0.107932745477513));
#4494=CARTESIAN_POINT('Origin',(599.251302590506,666.770423706329,-0.173783230525828));
#4495=CARTESIAN_POINT('Origin',(597.708577740384,666.770423706329,0.51621676947633));
#4496=CARTESIAN_POINT('',(628.342935401077,666.770423706329,0.344276391679728));
#4497=CARTESIAN_POINT('',(623.074220079686,666.770423706329,0.34427639166978));
#4498=CARTESIAN_POINT('Origin',(625.708577740384,666.770423706329,-4.48378323052367));
#4499=CARTESIAN_POINT('',(629.076684683369,666.770423706329,0.707660407733215));
#4500=CARTESIAN_POINT('Origin',(628.582422461139,666.770423706329,0.783190902784838));
#4501=CARTESIAN_POINT('',(630.900021378649,666.770423706329,-1.11567628755068));
#4502=CARTESIAN_POINT('Origin',(630.658323794483,666.770423706329,0.465962823564325));
#4503=CARTESIAN_POINT('',(630.536637362587,666.770423706329,-1.8494255698289));
#4504=CARTESIAN_POINT('Origin',(630.9755518737,666.770423706329,-1.60993850976567));
#4505=CARTESIAN_POINT('',(630.536637362587,666.770423706329,-7.11814089121816));
#4506=CARTESIAN_POINT('Origin',(625.708577740384,666.770423706329,-4.48378323052367));
#4507=CARTESIAN_POINT('',(630.900021378651,666.770423706329,-7.85189017350476));
#4508=CARTESIAN_POINT('Origin',(630.975551873704,666.770423706329,-7.35762795128153));
#4509=CARTESIAN_POINT('',(629.076684683366,666.770423706329,-9.67522686878056));
#4510=CARTESIAN_POINT('Origin',(630.65832379448,666.770423706329,-9.43352928461877));
#4511=CARTESIAN_POINT('',(628.342935401084,666.770423706329,-9.31184285271982));
#4512=CARTESIAN_POINT('Origin',(628.582422461142,666.770423706329,-9.75075736383189));
#4513=CARTESIAN_POINT('',(623.074220079683,666.770423706329,-9.31184285272394));
#4514=CARTESIAN_POINT('Origin',(625.708577740384,666.770423706329,-4.48378323052367));
#4515=CARTESIAN_POINT('',(622.340470797411,666.770423706329,-9.67522686878908));
#4516=CARTESIAN_POINT('Origin',(622.83473301963,666.770423706329,-9.75075736383914));
#4517=CARTESIAN_POINT('',(620.517134102128,666.770423706329,-7.85189017350447));
#4518=CARTESIAN_POINT('Origin',(620.758831686297,666.770423706329,-9.43352928461877));
#4519=CARTESIAN_POINT('',(620.880518118172,666.770423706329,-7.11814089120111));
#4520=CARTESIAN_POINT('Origin',(620.441603607073,666.770423706329,-7.35762795128153));
#4521=CARTESIAN_POINT('',(620.880518118167,666.770423706329,-1.84942556986329));
#4522=CARTESIAN_POINT('Origin',(625.708577740384,666.770423706329,-4.48378323052367));
#4523=CARTESIAN_POINT('',(620.517134102128,666.770423706329,-1.11567628755012));
#4524=CARTESIAN_POINT('Origin',(620.441603607073,666.770423706329,-1.60993850977292));
#4525=CARTESIAN_POINT('',(622.340470797411,666.770423706329,0.70766040773421));
#4526=CARTESIAN_POINT('Origin',(620.758831686297,666.770423706329,0.465962823564325));
#4527=CARTESIAN_POINT('Origin',(622.834733019634,666.770423706329,0.783190902784838));
#4528=CARTESIAN_POINT('',(590.708194610081,666.770423706329,-5.08378323052455));
#4529=CARTESIAN_POINT('',(589.513184149872,666.770423706329,-7.96879369072613));
#4530=CARTESIAN_POINT('Origin',(590.708194610081,666.770423706329,-6.77378323052451));
#4531=CARTESIAN_POINT('',(611.10896087069,666.770423706329,-5.08378323052455));
#4532=CARTESIAN_POINT('',(590.708194610081,666.770423706329,-5.08378323052199));
#4533=CARTESIAN_POINT('',(612.303971330898,666.770423706329,-7.9687936907267));
#4534=CARTESIAN_POINT('Origin',(611.10896087069,666.770423706329,-6.77378323052451));
#4535=CARTESIAN_POINT('',(607.229758768527,666.770423706328,-13.0430062530969));
#4536=CARTESIAN_POINT('',(612.303971330898,666.770423706329,-7.9687936907267));
#4537=CARTESIAN_POINT('',(604.620534745947,666.770423706328,-14.1237822305203));
#4538=CARTESIAN_POINT('Origin',(604.620534745947,666.770423706328,-10.4337822305203));
#4539=CARTESIAN_POINT('',(597.196620734823,666.770423706328,-14.1237822305203));
#4540=CARTESIAN_POINT('',(597.196620734823,666.770423706328,-14.1237822305227));
#4541=CARTESIAN_POINT('',(594.587396712245,666.770423706328,-13.0430062530986));
#4542=CARTESIAN_POINT('Origin',(597.196620734823,666.770423706328,-10.4337822305203));
#4543=CARTESIAN_POINT('',(589.513184149873,666.770423706329,-7.96879369072457));
#4544=CARTESIAN_POINT('Ctrl Pts',(596.858260870455,666.770423706295,-0.010000810193354));
#4545=CARTESIAN_POINT('Ctrl Pts',(596.816588123764,666.770423790073,-0.00899585354538913));
#4546=CARTESIAN_POINT('Ctrl Pts',(596.749333075583,666.770112254031,-0.00682926630218951));
#4547=CARTESIAN_POINT('Ctrl Pts',(596.707524022614,666.768638242296,-0.00403644494944807));
#4548=CARTESIAN_POINT('Ctrl Pts',(596.707544876797,666.766665963607,-0.00206821223608187));
#4549=CARTESIAN_POINT('Ctrl Pts',(596.7325739444,666.764655104291,-0.000840064576085956));
#4550=CARTESIAN_POINT('Ctrl Pts',(596.7820428791,666.762499681962,-0.000135726388057137));
#4551=CARTESIAN_POINT('Ctrl Pts',(596.830475314639,666.761092958421,5.47492843590113E-8));
#4552=CARTESIAN_POINT('Ctrl Pts',(596.858260870449,666.760422896135,-3.31194334523543E-11));
#4553=CARTESIAN_POINT('Ctrl Pts',(596.858260870455,667.270444983713,-0.0100413215850725));
#4554=CARTESIAN_POINT('Ctrl Pts',(596.816588123764,667.270449256541,0.0412136059190646));
#4555=CARTESIAN_POINT('Ctrl Pts',(596.749333075583,667.254560255492,0.151714165626259));
#4556=CARTESIAN_POINT('Ctrl Pts',(596.707524022614,667.179382520425,0.294153997490301));
#4557=CARTESIAN_POINT('Ctrl Pts',(596.707544876797,667.078792110494,0.394538054095281));
#4558=CARTESIAN_POINT('Ctrl Pts',(596.7325739444,666.97623400644,0.457176198143526));
#4559=CARTESIAN_POINT('Ctrl Pts',(596.7820428791,666.866302881112,0.49309894450171));
#4560=CARTESIAN_POINT('Ctrl Pts',(596.830475314639,666.794556987127,0.500024071436251));
#4561=CARTESIAN_POINT('Ctrl Pts',(596.858260870449,666.760382384708,0.500021277417086));
#4562=CARTESIAN_POINT('Ctrl Pts',(596.858260870455,667.77046626113,-0.0100818329767911));
#4563=CARTESIAN_POINT('Ctrl Pts',(596.816588123764,667.770474723009,0.0914230653835184));
#4564=CARTESIAN_POINT('Ctrl Pts',(596.749333075583,667.739008256953,0.310257597554708));
#4565=CARTESIAN_POINT('Ctrl Pts',(596.707524022614,667.590126798556,0.592344439930051));
#4566=CARTESIAN_POINT('Ctrl Pts',(596.707544876797,667.39091825738,0.791144320426644));
#4567=CARTESIAN_POINT('Ctrl Pts',(596.7325739444,667.187812908588,0.91519246086314));
#4568=CARTESIAN_POINT('Ctrl Pts',(596.7820428791,666.970106080262,0.986333615391478));
#4569=CARTESIAN_POINT('Ctrl Pts',(596.830475314639,666.828021015832,1.00004808812322));
#4570=CARTESIAN_POINT('Ctrl Pts',(596.858260870449,666.760341873281,1.00004255486729));
#4571=CARTESIAN_POINT('Ctrl Pts',(596.858260870455,668.270487538548,-0.0101223443685096));
#4572=CARTESIAN_POINT('Ctrl Pts',(596.816588123764,668.270500189477,0.141632524847973));
#4573=CARTESIAN_POINT('Ctrl Pts',(596.749333075583,668.223456258413,0.468801029483156));
#4574=CARTESIAN_POINT('Ctrl Pts',(596.707524022614,668.000871076685,0.890534882369802));
#4575=CARTESIAN_POINT('Ctrl Pts',(596.707544876797,667.703044404266,1.18775058675801));
#4576=CARTESIAN_POINT('Ctrl Pts',(596.7325739444,667.399391810737,1.37320872358275));
#4577=CARTESIAN_POINT('Ctrl Pts',(596.7820428791,667.073909279411,1.47956828628125));
#4578=CARTESIAN_POINT('Ctrl Pts',(596.830475314639,666.861485044538,1.50007210481018));
#4579=CARTESIAN_POINT('Ctrl Pts',(596.858260870449,666.760301361854,1.5000638323175));
#4580=CARTESIAN_POINT('',(596.858227276445,668.270423706329,-0.0100000000001899));
#4581=CARTESIAN_POINT('',(596.858227276445,667.430423706329,-0.0100000000000817));
#4582=CARTESIAN_POINT('',(596.858227276445,666.770423706329,-0.0100000000000477));
#4583=CARTESIAN_POINT('',(596.858227276445,666.760423706329,1.5));
#4584=CARTESIAN_POINT('Ctrl Pts',(596.858227276445,666.760423706329,1.5));
#4585=CARTESIAN_POINT('Ctrl Pts',(596.846666936376,666.802526025903,1.5));
#4586=CARTESIAN_POINT('Ctrl Pts',(596.835723760862,666.84548987034,1.49823591425098));
#4587=CARTESIAN_POINT('Ctrl Pts',(596.825419350627,666.889055357477,1.49451118251839));
#4588=CARTESIAN_POINT('Ctrl Pts',(596.815241207573,666.932087006083,1.49083209254143));
#4589=CARTESIAN_POINT('Ctrl Pts',(596.80568627123,666.975705195577,1.48523972634601));
#4590=CARTESIAN_POINT('Ctrl Pts',(596.796775357947,667.019629898732,1.47758601425932));
#4591=CARTESIAN_POINT('Ctrl Pts',(596.793035415906,667.038065253079,1.47437372403867));
#4592=CARTESIAN_POINT('Ctrl Pts',(596.789408919223,667.05655427851,1.47079886277497));
#4593=CARTESIAN_POINT('Ctrl Pts',(596.785897406875,667.075075005938,1.46685292417843));
#4594=CARTESIAN_POINT('Ctrl Pts',(596.777773015488,667.11792538591,1.45772342487202));
#4595=CARTESIAN_POINT('Ctrl Pts',(596.770264129623,667.160951740996,1.44660292025782));
#4596=CARTESIAN_POINT('Ctrl Pts',(596.763384180274,667.203858858399,1.43342137503526));
#4597=CARTESIAN_POINT('Ctrl Pts',(596.756549744118,667.2464821307,1.42032703019487));
#4598=CARTESIAN_POINT('Ctrl Pts',(596.750335950747,667.288987143816,1.40519869698712));
#4599=CARTESIAN_POINT('Ctrl Pts',(596.744755966363,667.331076318585,1.38801845342789));
#4600=CARTESIAN_POINT('Ctrl Pts',(596.741884220867,667.352737561657,1.37917662096611));
#4601=CARTESIAN_POINT('Ctrl Pts',(596.739180349713,667.374288584632,1.36979214680787));
#4602=CARTESIAN_POINT('Ctrl Pts',(596.736646147632,667.395688775838,1.3598679832236));
#4603=CARTESIAN_POINT('Ctrl Pts',(596.731734488536,667.437165517018,1.34063348384758));
#4604=CARTESIAN_POINT('Ctrl Pts',(596.727460177448,667.47808552607,1.31936370599766));
#4605=CARTESIAN_POINT('Ctrl Pts',(596.723829178914,667.518158808575,1.29611542936443));
#4606=CARTESIAN_POINT('Ctrl Pts',(596.720208425743,667.558119018788,1.27293275094988));
#4607=CARTESIAN_POINT('Ctrl Pts',(596.717227359856,667.59723667005,1.24778287590941));
#4608=CARTESIAN_POINT('Ctrl Pts',(596.714891895451,667.635238138614,1.22077199718938));
#4609=CARTESIAN_POINT('Ctrl Pts',(596.713649363153,667.655455981345,1.20640145524388));
#4610=CARTESIAN_POINT('Ctrl Pts',(596.712589570757,667.675358175712,1.1915049826311));
#4611=CARTESIAN_POINT('Ctrl Pts',(596.711713408895,667.694906011389,1.17610405172985));
#4612=CARTESIAN_POINT('Ctrl Pts',(596.710104534851,667.730801211589,1.14782370872423));
#4613=CARTESIAN_POINT('Ctrl Pts',(596.709114845626,667.765503753233,1.11783660059598));
#4614=CARTESIAN_POINT('Ctrl Pts',(596.708745161869,667.798785189413,1.08631447607357));
#4615=CARTESIAN_POINT('Ctrl Pts',(596.708375413013,667.83207248619,1.05478680075461));
#4616=CARTESIAN_POINT('Ctrl Pts',(596.708625888001,667.863937703571,1.02172399033498));
#4617=CARTESIAN_POINT('Ctrl Pts',(596.709497407915,667.894187281509,0.987336530763431));
#4618=CARTESIAN_POINT('Ctrl Pts',(596.710015426304,667.912167177735,0.966897139647491));
#4619=CARTESIAN_POINT('Ctrl Pts',(596.710752855866,667.929576984635,0.94599046826995));
#4620=CARTESIAN_POINT('Ctrl Pts',(596.711709869024,667.946382874638,0.924666170941929));
#4621=CARTESIAN_POINT('Ctrl Pts',(596.713347283318,667.975137133979,0.888181082947006));
#4622=CARTESIAN_POINT('Ctrl Pts',(596.715627505547,668.002139331655,0.85044893624814));
#4623=CARTESIAN_POINT('Ctrl Pts',(596.718542689554,668.027255189989,0.811728660817548));
#4624=CARTESIAN_POINT('Ctrl Pts',(596.721462299841,668.052409183077,0.77294959431613));
#4625=CARTESIAN_POINT('Ctrl Pts',(596.725018801563,668.075670882494,0.73317998972085));
#4626=CARTESIAN_POINT('Ctrl Pts',(596.729204312771,668.096954005864,0.692699621762601));
#4627=CARTESIAN_POINT('Ctrl Pts',(596.733410110795,668.118340286719,0.65202304891173));
#4628=CARTESIAN_POINT('Ctrl Pts',(596.738251030591,668.13772864182,0.610629426211525));
#4629=CARTESIAN_POINT('Ctrl Pts',(596.743719075045,668.155083222333,0.568813298413233));
#4630=CARTESIAN_POINT('Ctrl Pts',(596.748166249315,668.169197746195,0.53480413678547));
#4631=CARTESIAN_POINT('Ctrl Pts',(596.75302824207,668.181968001019,0.500515844961428));
#4632=CARTESIAN_POINT('Ctrl Pts',(596.758300751117,668.193400119898,0.466107758973941));
#4633=CARTESIAN_POINT('Ctrl Pts',(596.764882192241,668.207670331034,0.423157658731243));
#4634=CARTESIAN_POINT('Ctrl Pts',(596.772103276484,668.219862531795,0.379996124808208));
#4635=CARTESIAN_POINT('Ctrl Pts',(596.77994620012,668.230030548637,0.336923232202678));
#4636=CARTESIAN_POINT('Ctrl Pts',(596.787834357355,668.240257208916,0.293601919226757));
#4637=CARTESIAN_POINT('Ctrl Pts',(596.796351547513,668.248436493979,0.250370856216169));
#4638=CARTESIAN_POINT('Ctrl Pts',(596.80547965704,668.254674258114,0.207520777147886));
#4639=CARTESIAN_POINT('Ctrl Pts',(596.81472420164,668.260991589055,0.164124116985227));
#4640=CARTESIAN_POINT('Ctrl Pts',(596.824595350372,668.265317851244,0.121118771740607));
#4641=CARTESIAN_POINT('Ctrl Pts',(596.835074287653,668.267811362666,0.0787831826532994));
#4642=CARTESIAN_POINT('Ctrl Pts',(596.842489803942,668.269575918944,0.0488240138912621));
#4643=CARTESIAN_POINT('Ctrl Pts',(596.850209689511,668.270423706329,0.0191997471774179));
#4644=CARTESIAN_POINT('Ctrl Pts',(596.858227276445,668.270423706329,-0.0100000000000777));
#4645=CARTESIAN_POINT('',(596.858227276445,666.760423706329,0.66));
#4646=CARTESIAN_POINT('',(596.858227276445,666.760423706329,0.));
#4647=CARTESIAN_POINT('',(596.858227276445,666.760423706329,0.));
#4648=CARTESIAN_POINT('',(596.858227276445,666.760423706329,0.));
#4649=CARTESIAN_POINT('Ctrl Pts',(596.858227276445,666.770423706329,-0.0100000000000005));
#4650=CARTESIAN_POINT('Ctrl Pts',(596.81657004875,666.770423706329,-0.00899527124839098));
#4651=CARTESIAN_POINT('Ctrl Pts',(596.74932886167,666.770112105466,-0.00682898481518307));
#4652=CARTESIAN_POINT('Ctrl Pts',(596.707524022614,666.768638242296,-0.00403644494944807));
#4653=CARTESIAN_POINT('Ctrl Pts',(596.707544876797,666.766665963607,-0.00206821223608187));
#4654=CARTESIAN_POINT('Ctrl Pts',(596.7325739444,666.764655104291,-0.000840064576085956));
#4655=CARTESIAN_POINT('Ctrl Pts',(596.782036231393,666.762499971611,-0.000135821038048357));
#4656=CARTESIAN_POINT('Ctrl Pts',(596.830455791315,666.761093525497,0.));
#4657=CARTESIAN_POINT('Ctrl Pts',(596.858227276445,666.760423706329,0.));
#4658=CARTESIAN_POINT('',(596.858227276445,666.770423706329,-0.0100000000000477));
#4659=CARTESIAN_POINT('Origin',(584.908577740385,666.760423706329,-0.01));
#4660=CARTESIAN_POINT('',(573.634794509859,668.270423706329,-0.0100000000001899));
#4661=CARTESIAN_POINT('',(298.39178884162,668.270423706329,-0.010000000000332));
#4662=CARTESIAN_POINT('',(572.582360970906,666.760423706329,1.5));
#4663=CARTESIAN_POINT('Ctrl Pts',(573.634794509859,668.270423706329,-0.0100000000000211));
#4664=CARTESIAN_POINT('Ctrl Pts',(573.484446861437,668.270423706329,0.328843207637171));
#4665=CARTESIAN_POINT('Ctrl Pts',(573.133635681785,667.994276080309,1.12075739978916));
#4666=CARTESIAN_POINT('Ctrl Pts',(572.782824502135,667.212214649845,1.49999999999996));
#4667=CARTESIAN_POINT('Ctrl Pts',(572.582360970906,666.760423706329,1.49999999999996));
#4668=CARTESIAN_POINT('',(298.39178884162,666.760423706329,1.5));
#4669=CARTESIAN_POINT('Origin',(592.267800762955,666.770423706328,-18.643006253096));
#4670=CARTESIAN_POINT('',(573.634794509859,667.430423706329,-0.0100000000000817));
#4671=CARTESIAN_POINT('',(573.634794509859,666.770423706329,-0.0100000000000477));
#4672=CARTESIAN_POINT('',(573.634794509859,666.770423706329,-0.0100000000000477));
#4673=CARTESIAN_POINT('',(592.267800762955,668.270423706328,-18.6430062530957));
#4674=CARTESIAN_POINT('',(558.939353603517,668.27042370633,14.6854409063418));
#4675=CARTESIAN_POINT('',(592.267800762955,666.770423706328,-18.6430062530955));
#4676=CARTESIAN_POINT('Origin',(597.708577740384,666.770423706329,0.51621676947633));
#4677=CARTESIAN_POINT('',(598.621432682011,668.270423706329,0.107932745477439));
#4678=CARTESIAN_POINT('',(598.621432677224,666.770423706329,0.10793274761852));
#4679=CARTESIAN_POINT('Origin',(597.708577740384,668.270423706329,0.516216769476188));
#4680=CARTESIAN_POINT('Origin',(596.78357768324,648.586640361514,1.5));
#4681=CARTESIAN_POINT('',(558.939353603517,653.117416338939,1.5));
#4682=CARTESIAN_POINT('',(558.939353603517,653.11741633894,1.5));
#4683=CARTESIAN_POINT('',(557.858577626098,650.508192316363,1.5));
#4684=CARTESIAN_POINT('Origin',(561.548577626098,650.508192316363,1.5));
#4685=CARTESIAN_POINT('',(557.858577626098,646.665088406672,1.5));
#4686=CARTESIAN_POINT('',(557.858577626098,650.508192316363,1.5));
#4687=CARTESIAN_POINT('',(558.939353603517,644.055864384096,1.5));
#4688=CARTESIAN_POINT('Origin',(561.548577626098,646.665088406672,1.5));
#4689=CARTESIAN_POINT('',(572.582360970911,630.412857016699,1.5));
#4690=CARTESIAN_POINT('',(558.939353603517,644.055864384095,1.5));
#4691=CARTESIAN_POINT('',(596.858227276445,630.412857016699,1.5));
#4692=CARTESIAN_POINT('',(298.39178884162,630.412857016699,1.5));
#4693=CARTESIAN_POINT('',(597.300293716388,630.79949518885,1.5));
#4694=CARTESIAN_POINT('Origin',(597.708577740384,629.886640247222,1.5));
#4695=CARTESIAN_POINT('',(597.708577740382,631.429365097344,1.5));
#4696=CARTESIAN_POINT('Origin',(597.018577740382,631.429365097344,1.5));
#4697=CARTESIAN_POINT('',(597.70857774038,632.503095636431,1.5));
#4698=CARTESIAN_POINT('',(597.708577740381,632.503095636431,1.5));
#4699=CARTESIAN_POINT('',(597.896029400423,632.955643976392,1.5));
#4700=CARTESIAN_POINT('Origin',(598.34857774038,632.503095636431,1.5));
#4701=CARTESIAN_POINT('',(600.854812111671,635.91442668764,1.5));
#4702=CARTESIAN_POINT('',(600.854812111669,635.914426687642,1.5));
#4703=CARTESIAN_POINT('',(600.304704971871,636.999495612329,1.5));
#4704=CARTESIAN_POINT('Origin',(600.40226377171,636.366975027598,1.5));
#4705=CARTESIAN_POINT('',(600.364611991995,639.162839475919,1.5));
#4706=CARTESIAN_POINT('Origin',(600.137025785545,638.086640361517,1.5));
#4707=CARTESIAN_POINT('',(601.137025785546,639.788991691285,1.5));
#4708=CARTESIAN_POINT('Origin',(600.497025785546,639.788991691285,1.5));
#4709=CARTESIAN_POINT('',(601.137025785546,640.556640361518,1.5));
#4710=CARTESIAN_POINT('',(601.137025785546,639.788991691285,1.5));
#4711=CARTESIAN_POINT('',(600.497025785546,641.196640361518,1.5));
#4712=CARTESIAN_POINT('Origin',(600.497025785546,640.556640361518,1.5));
#4713=CARTESIAN_POINT('',(585.136311499831,641.196640361519,1.5));
#4714=CARTESIAN_POINT('',(585.136311499831,641.196640361518,1.5));
#4715=CARTESIAN_POINT('',(583.236311499831,643.096640361519,1.5));
#4716=CARTESIAN_POINT('Origin',(585.136311499831,643.096640361519,1.5));
#4717=CARTESIAN_POINT('',(583.236311499831,654.076640361515,1.5));
#4718=CARTESIAN_POINT('',(583.236311499833,654.076640361515,1.5));
#4719=CARTESIAN_POINT('',(585.136311499831,655.976640361515,1.5));
#4720=CARTESIAN_POINT('Origin',(585.136311499831,654.076640361515,1.5));
#4721=CARTESIAN_POINT('',(600.497025785546,655.976640361516,1.5));
#4722=CARTESIAN_POINT('',(585.136311499831,655.976640361517,1.5));
#4723=CARTESIAN_POINT('',(601.137025785546,656.616640361516,1.5));
#4724=CARTESIAN_POINT('Origin',(600.497025785546,656.616640361516,1.5));
#4725=CARTESIAN_POINT('',(601.137025785546,657.384289031737,1.5));
#4726=CARTESIAN_POINT('',(601.137025785545,656.616640361516,1.5));
#4727=CARTESIAN_POINT('',(600.364611991996,658.010441247112,1.5));
#4728=CARTESIAN_POINT('Origin',(600.497025785546,657.384289031742,1.5));
#4729=CARTESIAN_POINT('',(600.304704971954,660.173785111227,1.5));
#4730=CARTESIAN_POINT('Origin',(600.137025785545,659.086640361517,1.5));
#4731=CARTESIAN_POINT('',(600.854812111669,661.258854035389,1.5));
#4732=CARTESIAN_POINT('Origin',(600.40226377171,660.80630569543,1.5));
#4733=CARTESIAN_POINT('',(597.896029400421,664.217636746637,1.5));
#4734=CARTESIAN_POINT('',(600.854812111669,661.258854035389,1.5));
#4735=CARTESIAN_POINT('',(597.70857774038,664.670185086599,1.5));
#4736=CARTESIAN_POINT('Origin',(598.34857774038,664.670185086597,1.5));
#4737=CARTESIAN_POINT('',(597.708577740382,665.743915625683,1.5));
#4738=CARTESIAN_POINT('',(597.708577740382,665.743915625683,1.5));
#4739=CARTESIAN_POINT('',(597.300293716225,666.373785533808,1.5));
#4740=CARTESIAN_POINT('Origin',(597.018577740382,665.743915625683,1.5));
#4741=CARTESIAN_POINT('Origin',(597.708577740384,667.286640475805,1.5));
#4742=CARTESIAN_POINT('',(575.474552593642,658.512399652218,1.5));
#4743=CARTESIAN_POINT('',(575.718914806148,654.786774770119,1.5));
#4744=CARTESIAN_POINT('Origin',(574.637025785545,656.586640361517,1.5));
#4745=CARTESIAN_POINT('',(575.903100205658,653.52699010245,1.5));
#4746=CARTESIAN_POINT('Origin',(576.074392627204,654.195390361517,1.5));
#4747=CARTESIAN_POINT('',(575.903100205652,643.646290620583,1.5));
#4748=CARTESIAN_POINT('Origin',(574.637025785545,648.586640361517,1.5));
#4749=CARTESIAN_POINT('',(575.718914806151,642.386505952914,1.5));
#4750=CARTESIAN_POINT('Origin',(576.074392627204,642.977890361518,1.5));
#4751=CARTESIAN_POINT('',(575.474552593636,638.660881070814,1.5));
#4752=CARTESIAN_POINT('Origin',(574.637025785545,640.586640361517,1.5));
#4753=CARTESIAN_POINT('',(575.414468012897,637.425062180253,1.5));
#4754=CARTESIAN_POINT('Origin',(575.749739973442,638.02813158958,1.5));
#4755=CARTESIAN_POINT('',(573.859583558193,637.425062180253,1.5));
#4756=CARTESIAN_POINT('Origin',(574.637025785545,636.026640361512,1.5));
#4757=CARTESIAN_POINT('',(573.799498977454,638.660881070814,1.5));
#4758=CARTESIAN_POINT('Origin',(573.524311597648,638.02813158958,1.5));
#4759=CARTESIAN_POINT('',(573.55513676494,642.386505952915,1.5));
#4760=CARTESIAN_POINT('Origin',(574.637025785545,640.586640361517,1.5));
#4761=CARTESIAN_POINT('',(573.370951365438,643.646290620583,1.5));
#4762=CARTESIAN_POINT('Origin',(573.199658943886,642.977890361518,1.5));
#4763=CARTESIAN_POINT('',(569.696676044611,647.32056594141,1.5));
#4764=CARTESIAN_POINT('Origin',(574.637025785545,648.586640361517,1.5));
#4765=CARTESIAN_POINT('',(568.436891376945,647.504751340915,1.5));
#4766=CARTESIAN_POINT('Origin',(569.028275785546,647.149273519858,1.5));
#4767=CARTESIAN_POINT('',(568.436891376941,649.668529382118,1.5));
#4768=CARTESIAN_POINT('Origin',(566.637025785545,648.586640361517,1.5));
#4769=CARTESIAN_POINT('',(569.696676044613,649.852714781624,1.5));
#4770=CARTESIAN_POINT('Origin',(569.028275785546,650.024007203169,1.5));
#4771=CARTESIAN_POINT('',(573.370951365432,653.52699010245,1.5));
#4772=CARTESIAN_POINT('Origin',(574.637025785545,648.586640361517,1.5));
#4773=CARTESIAN_POINT('',(573.555136764942,654.786774770119,1.5));
#4774=CARTESIAN_POINT('Origin',(573.199658943886,654.195390361517,1.5));
#4775=CARTESIAN_POINT('',(573.799498977454,658.512399652217,1.5));
#4776=CARTESIAN_POINT('Origin',(574.637025785545,656.586640361517,1.5));
#4777=CARTESIAN_POINT('',(573.859583558197,659.74821854278,1.5));
#4778=CARTESIAN_POINT('Origin',(573.524311597652,659.145149133447,1.5));
#4779=CARTESIAN_POINT('',(575.414468012901,659.74821854278,1.5));
#4780=CARTESIAN_POINT('Origin',(574.637025785549,661.146640361522,1.5));
#4781=CARTESIAN_POINT('Origin',(575.749739973446,659.145149133447,1.5));
#4782=CARTESIAN_POINT('',(585.537025785547,659.086640361517,1.5));
#4783=CARTESIAN_POINT('Origin',(586.637025785545,659.086640361517,1.5));
#4784=CARTESIAN_POINT('',(592.41857774039,636.026640361512,1.5));
#4785=CARTESIAN_POINT('Origin',(594.018577740389,636.026640361512,1.5));
#4786=CARTESIAN_POINT('',(592.418577740393,661.146640361522,1.5));
#4787=CARTESIAN_POINT('Origin',(594.018577740393,661.146640361522,1.5));
#4788=CARTESIAN_POINT('',(585.537025785547,638.086640361517,1.5));
#4789=CARTESIAN_POINT('Origin',(586.637025785545,638.086640361517,1.5));
#4790=CARTESIAN_POINT('',(559.948577626098,648.586640361517,1.5));
#4791=CARTESIAN_POINT('Origin',(561.548577626098,648.586640361517,1.5));
#4792=CARTESIAN_POINT('Origin',(592.267800762955,686.445863498378,0.));
#4793=CARTESIAN_POINT('',(572.582360970906,666.760423706329,0.));
#4794=CARTESIAN_POINT('',(572.582360970906,666.760423706329,0.66));
#4795=CARTESIAN_POINT('',(572.582360970906,666.760423706329,0.));
#4796=CARTESIAN_POINT('',(558.939353603517,653.117416338939,0.));
#4797=CARTESIAN_POINT('',(558.939353603517,653.11741633894,0.));
#4798=CARTESIAN_POINT('',(558.939353603517,653.117416338939,0.));
#4799=CARTESIAN_POINT('',(572.582360970906,666.760423706329,0.));
#4800=CARTESIAN_POINT('Origin',(584.908577740385,666.760423706329,-0.01));
#4801=CARTESIAN_POINT('',(298.39178884162,666.760423706329,0.));
#4802=CARTESIAN_POINT('Ctrl Pts',(572.582360970906,666.760423706329,-1.53536580151103E-15));
#4803=CARTESIAN_POINT('Ctrl Pts',(572.760127068896,666.763076931672,-3.07247809837894E-15));
#4804=CARTESIAN_POINT('Ctrl Pts',(572.93067040888,666.765622690453,-0.00105656502400408));
#4805=CARTESIAN_POINT('Ctrl Pts',(573.2864379328,666.769367432243,-0.0048018737366407));
#4806=CARTESIAN_POINT('Ctrl Pts',(573.456977762512,666.770423706329,-0.00734601869631764));
#4807=CARTESIAN_POINT('Ctrl Pts',(573.634794509859,666.770423706329,-0.00999999999999289));
#4808=CARTESIAN_POINT('Origin',(597.708577740384,630.402857016698,0.516216769476259));
#4809=CARTESIAN_POINT('',(596.858227276445,630.402857016698,-0.0100000000000477));
#4810=CARTESIAN_POINT('',(596.858227276445,629.742857016699,-0.0100000000000817));
#4811=CARTESIAN_POINT('',(596.858227276445,630.402857016698,-0.0100000000000477));
#4812=CARTESIAN_POINT('',(596.858227276445,628.902857016699,-0.0100000000001188));
#4813=CARTESIAN_POINT('',(596.858227276445,630.402857016698,-0.0100000000000477));
#4814=CARTESIAN_POINT('',(598.62143268238,628.902857016699,0.107932745318742));
#4815=CARTESIAN_POINT('Origin',(597.708577740384,628.902857016699,0.516216769476188));
#4816=CARTESIAN_POINT('',(598.62143268238,630.402857016699,0.107932745318814));
#4817=CARTESIAN_POINT('',(598.621432687169,630.402857016698,0.107932743176988));
#4818=CARTESIAN_POINT('Origin',(597.708577740384,630.402857016698,0.516216769476259));
#4819=CARTESIAN_POINT('Origin',(584.908577740385,630.412857016699,-0.01));
#4820=CARTESIAN_POINT('',(573.634794509863,630.402857016698,-0.0100000000000477));
#4821=CARTESIAN_POINT('',(298.39178884162,630.402857016698,-0.0100000000001188));
#4822=CARTESIAN_POINT('',(572.582360970911,630.412857016699,0.));
#4823=CARTESIAN_POINT('Ctrl Pts',(572.582360970911,630.412857016699,-1.64188866495774E-15));
#4824=CARTESIAN_POINT('Ctrl Pts',(572.760127070062,630.410203791338,-6.85987688273722E-17));
#4825=CARTESIAN_POINT('Ctrl Pts',(572.930670407566,630.40765803257,-0.00105656503445854));
#4826=CARTESIAN_POINT('Ctrl Pts',(573.286437934913,630.403913290802,-0.0048018737136821));
#4827=CARTESIAN_POINT('Ctrl Pts',(573.45697776089,630.402857016699,-0.0073460186720522));
#4828=CARTESIAN_POINT('Ctrl Pts',(573.634794509863,630.402857016699,-0.0100000000000007));
#4829=CARTESIAN_POINT('',(596.858227276445,630.412857016699,0.));
#4830=CARTESIAN_POINT('',(298.39178884162,630.412857016699,0.));
#4831=CARTESIAN_POINT('Ctrl Pts',(596.858227276445,630.412857016699,0.));
#4832=CARTESIAN_POINT('Ctrl Pts',(596.81657004875,630.411852287947,0.));
#4833=CARTESIAN_POINT('Ctrl Pts',(596.749328855985,630.409686002358,-0.000311600322772238));
#4834=CARTESIAN_POINT('Ctrl Pts',(596.707524019116,630.406893462204,-0.00178546371176399));
#4835=CARTESIAN_POINT('Ctrl Pts',(596.707544872851,630.404925229628,-0.00375774238677718));
#4836=CARTESIAN_POINT('Ctrl Pts',(596.732573942031,630.4036970817,-0.00576860183596231));
#4837=CARTESIAN_POINT('Ctrl Pts',(596.782036229548,630.402992838076,-0.00792373457906977));
#4838=CARTESIAN_POINT('Ctrl Pts',(596.830455791315,630.402857016699,-0.00933018083226077));
#4839=CARTESIAN_POINT('Ctrl Pts',(596.858227276445,630.402857016699,-0.0100000000000005));
#4840=CARTESIAN_POINT('Ctrl Pts',(572.582360970911,630.412857016699,-1.21386456646538E-5));
#4841=CARTESIAN_POINT('Ctrl Pts',(572.582360970911,630.412857016699,0.499991907569557));
#4842=CARTESIAN_POINT('Ctrl Pts',(572.582360970911,630.412857016699,0.999995953784779));
#4843=CARTESIAN_POINT('Ctrl Pts',(572.582360970911,630.412857016699,1.5));
#4844=CARTESIAN_POINT('Ctrl Pts',(572.78282450214,630.409868671781,-1.21781205974016E-5));
#4845=CARTESIAN_POINT('Ctrl Pts',(572.78282450214,630.259600005479,0.501617923091447));
#4846=CARTESIAN_POINT('Ctrl Pts',(572.78282450214,630.111334707061,0.998369977737235));
#4847=CARTESIAN_POINT('Ctrl Pts',(572.78282450214,629.961066073182,1.50000000000005));
#4848=CARTESIAN_POINT('Ctrl Pts',(573.13363568179,630.404695722588,-0.00252062091091437));
#4849=CARTESIAN_POINT('Ctrl Pts',(573.13363568179,629.99633228798,0.371526129723672));
#4850=CARTESIAN_POINT('Ctrl Pts',(573.13363568179,629.587368054785,0.746710669472455));
#4851=CARTESIAN_POINT('Ctrl Pts',(573.13363568179,629.179004610454,1.1207574385217));
#4852=CARTESIAN_POINT('Ctrl Pts',(573.484446861441,630.402869164668,-0.00775872237600728));
#4853=CARTESIAN_POINT('Ctrl Pts',(573.484446861441,629.902481057123,0.104162758405849));
#4854=CARTESIAN_POINT('Ctrl Pts',(573.484446861441,629.403245105596,0.21692171330113));
#4855=CARTESIAN_POINT('Ctrl Pts',(573.484446861441,628.902857016699,0.32884320763717));
#4856=CARTESIAN_POINT('Ctrl Pts',(573.634794509863,630.402869155345,-0.0100000000000005));
#4857=CARTESIAN_POINT('Ctrl Pts',(573.634794509863,629.902865109129,-0.0100000000000262));
#4858=CARTESIAN_POINT('Ctrl Pts',(573.634794509863,629.402861062913,-0.010000000000052));
#4859=CARTESIAN_POINT('Ctrl Pts',(573.634794509863,628.902857016699,-0.0100000000000777));
#4860=CARTESIAN_POINT('',(573.634794509863,628.902857016699,-0.0100000000001188));
#4861=CARTESIAN_POINT('',(573.634794509863,629.742857016699,-0.0100000000001528));
#4862=CARTESIAN_POINT('',(573.634794509863,630.402857016698,-0.0100000000001188));
#4863=CARTESIAN_POINT('Ctrl Pts',(572.582360970911,630.412857016698,1.5));
#4864=CARTESIAN_POINT('Ctrl Pts',(572.78282450214,629.961066073182,1.49999999999999));
#4865=CARTESIAN_POINT('Ctrl Pts',(573.133635681791,629.179004610454,1.12075743852165));
#4866=CARTESIAN_POINT('Ctrl Pts',(573.484446861441,628.902857016699,0.328843207637188));
#4867=CARTESIAN_POINT('Ctrl Pts',(573.634794509863,628.902857016699,-0.0100000000000496));
#4868=CARTESIAN_POINT('',(572.582360970911,630.412857016699,0.66));
#4869=CARTESIAN_POINT('',(572.582360970911,630.412857016699,0.));
#4870=CARTESIAN_POINT('',(572.582360970911,630.412857016699,0.));
#4871=CARTESIAN_POINT('',(573.634794509863,630.402857016698,-0.0100000000001188));
#4872=CARTESIAN_POINT('Origin',(596.78357768324,628.902857016698,19.2162168837675));
#4873=CARTESIAN_POINT('',(298.39178884162,628.902857016699,-0.0100000000001899));
#4874=CARTESIAN_POINT('',(592.26780076295,628.902857016699,-18.6430062530908));
#4875=CARTESIAN_POINT('',(558.939353603517,628.902857016698,14.6854409063489));
#4876=CARTESIAN_POINT('',(594.877024785535,628.902857016699,-19.7237822305191));
#4877=CARTESIAN_POINT('Origin',(594.877024785535,628.902857016699,-16.0337822305191));
#4878=CARTESIAN_POINT('',(607.894260575966,628.902857016699,-19.7237822305191));
#4879=CARTESIAN_POINT('',(607.894260575966,628.902857016699,-19.7237822305143));
#4880=CARTESIAN_POINT('',(610.503484598551,628.902857016699,-18.6430062530908));
#4881=CARTESIAN_POINT('Origin',(607.894260575966,628.902857016699,-16.0337822305191));
#4882=CARTESIAN_POINT('',(613.581931643682,628.902857016699,-15.5645592079546));
#4883=CARTESIAN_POINT('',(613.581931643682,628.902857016699,-15.5645592079546));
#4884=CARTESIAN_POINT('',(616.191155666267,628.902857016699,-14.4837832305263));
#4885=CARTESIAN_POINT('Origin',(616.191155666267,628.902857016699,-18.1737832305263));
#4886=CARTESIAN_POINT('',(628.322265318959,628.902857016699,-14.4837832305215));
#4887=CARTESIAN_POINT('',(616.191155666267,628.902857016699,-14.4837832305311));
#4888=CARTESIAN_POINT('',(630.931489341544,628.902857016699,-13.4030072530932));
#4889=CARTESIAN_POINT('Origin',(628.322265318959,628.902857016699,-10.7937832305215));
#4890=CARTESIAN_POINT('',(634.627801762971,628.902857016699,-9.70669483166247));
#4891=CARTESIAN_POINT('',(630.931489341544,628.902857016699,-13.4030072530932));
#4892=CARTESIAN_POINT('',(635.708577740386,628.902857016699,-7.09747080909082));
#4893=CARTESIAN_POINT('Origin',(632.018577740386,628.902857016699,-7.09747080909082));
#4894=CARTESIAN_POINT('',(635.708577740386,628.902857016699,-1.87009565194238));
#4895=CARTESIAN_POINT('',(635.708577740386,628.902857016699,-1.87009565194238));
#4896=CARTESIAN_POINT('',(634.627801762971,628.902857016699,0.739128370629274));
#4897=CARTESIAN_POINT('Origin',(632.018577740386,628.902857016699,-1.87009565194238));
#4898=CARTESIAN_POINT('',(630.931489341541,628.902857016698,4.43544079205942));
#4899=CARTESIAN_POINT('',(634.627801762971,628.902857016699,0.739128370629274));
#4900=CARTESIAN_POINT('',(628.322265318962,628.902857016698,5.51621676948109));
#4901=CARTESIAN_POINT('Origin',(628.322265318962,628.902857016698,1.82621676948109));
#4902=CARTESIAN_POINT('',(607.56747316385,628.902857016698,5.51621676948827));
#4903=CARTESIAN_POINT('',(628.322265318962,628.902857016698,5.51621676948109));
#4904=CARTESIAN_POINT('',(604.958249141272,628.902857016698,4.4354407920666));
#4905=CARTESIAN_POINT('Origin',(607.56747316385,628.902857016698,1.82621676948827));
#4906=CARTESIAN_POINT('',(601.534014658487,628.902857016698,1.01120630927632));
#4907=CARTESIAN_POINT('',(604.958249141273,628.902857016698,4.43544079206539));
#4908=CARTESIAN_POINT('',(600.339004198278,628.902857016699,0.516216769478532));
#4909=CARTESIAN_POINT('Origin',(600.339004198278,628.902857016698,2.2062167694785));
#4910=CARTESIAN_POINT('',(599.251302590506,628.902857016699,0.516216769481161));
#4911=CARTESIAN_POINT('',(599.251302590506,628.902857016699,0.516216769481161));
#4912=CARTESIAN_POINT('Origin',(599.251302590506,628.902857016699,-0.173783230518865));
#4913=CARTESIAN_POINT('',(620.517134102124,628.902857016699,-1.1156762875499));
#4914=CARTESIAN_POINT('',(622.340470797411,628.902857016699,0.707660407733854));
#4915=CARTESIAN_POINT('Origin',(620.758831686297,628.902857016699,0.465962823564041));
#4916=CARTESIAN_POINT('',(623.074220079686,628.902857016699,0.344276391669283));
#4917=CARTESIAN_POINT('Origin',(622.834733019634,628.902857016698,0.783190902784412));
#4918=CARTESIAN_POINT('',(628.342935401086,628.902857016699,0.34427639167653));
#4919=CARTESIAN_POINT('Origin',(625.708577740384,628.902857016699,-4.48378323052381));
#4920=CARTESIAN_POINT('',(629.076684683361,628.902857016699,0.707660407734281));
#4921=CARTESIAN_POINT('Origin',(628.582422461139,628.902857016698,0.783190902791731));
#4922=CARTESIAN_POINT('',(630.900021378652,628.902857016699,-1.11567628754202));
#4923=CARTESIAN_POINT('Origin',(630.658323794483,628.902857016699,0.465962823571218));
#4924=CARTESIAN_POINT('',(630.536637362587,628.902857016699,-1.84942556982925));
#4925=CARTESIAN_POINT('Origin',(630.9755518737,628.902857016699,-1.60993850976595));
#4926=CARTESIAN_POINT('',(630.536637362591,628.902857016699,-7.11814089121134));
#4927=CARTESIAN_POINT('Origin',(625.708577740384,628.902857016699,-4.48378323052381));
#4928=CARTESIAN_POINT('',(630.90002137865,628.902857016699,-7.8518901735049));
#4929=CARTESIAN_POINT('Origin',(630.975551873704,628.902857016699,-7.35762795127457));
#4930=CARTESIAN_POINT('',(629.076684683364,628.902857016699,-9.67522686878183));
#4931=CARTESIAN_POINT('Origin',(630.65832379448,628.902857016699,-9.43352928461913));
#4932=CARTESIAN_POINT('',(628.34293540108,628.902857016699,-9.31184285272565));
#4933=CARTESIAN_POINT('Origin',(628.582422461142,628.902857016699,-9.75075736383232));
#4934=CARTESIAN_POINT('',(623.074220079692,628.902857016699,-9.31184285272721));
#4935=CARTESIAN_POINT('Origin',(625.708577740384,628.902857016699,-4.48378323052381));
#4936=CARTESIAN_POINT('',(622.340470797412,628.902857016699,-9.67522686878247));
#4937=CARTESIAN_POINT('Origin',(622.83473301963,628.902857016699,-9.75075736383232));
#4938=CARTESIAN_POINT('',(620.517134102126,628.902857016699,-7.8518901735049));
#4939=CARTESIAN_POINT('Origin',(620.758831686297,628.902857016699,-9.43352928461913));
#4940=CARTESIAN_POINT('',(620.880518118175,628.902857016699,-7.11814089119954));
#4941=CARTESIAN_POINT('Origin',(620.441603607073,628.902857016699,-7.35762795127457));
#4942=CARTESIAN_POINT('',(620.880518118183,628.902857016699,-1.84942556982776));
#4943=CARTESIAN_POINT('Origin',(625.708577740384,628.902857016699,-4.48378323052381));
#4944=CARTESIAN_POINT('Origin',(620.441603607073,628.902857016699,-1.60993850976595));
#4945=CARTESIAN_POINT('',(589.513184149875,628.902857016699,-7.96879369072258));
#4946=CARTESIAN_POINT('',(590.708194610081,628.902857016699,-5.08378323051744));
#4947=CARTESIAN_POINT('Origin',(590.708194610081,628.902857016699,-6.77378323051741));
#4948=CARTESIAN_POINT('',(611.10896087069,628.902857016699,-5.08378323051737));
#4949=CARTESIAN_POINT('',(590.708194610081,628.902857016699,-5.08378323052227));
#4950=CARTESIAN_POINT('',(612.303971330895,628.902857016699,-7.96879369072258));
#4951=CARTESIAN_POINT('Origin',(611.10896087069,628.902857016699,-6.77378323051741));
#4952=CARTESIAN_POINT('',(607.229758768527,628.902857016699,-13.0430062530973));
#4953=CARTESIAN_POINT('',(612.303971330897,628.902857016699,-7.96879369072471));
#4954=CARTESIAN_POINT('',(604.620534745947,628.902857016699,-14.1237822305207));
#4955=CARTESIAN_POINT('Origin',(604.620534745947,628.902857016699,-10.4337822305207));
#4956=CARTESIAN_POINT('',(597.196620734823,628.902857016699,-14.1237822305207));
#4957=CARTESIAN_POINT('',(597.196620734823,628.902857016699,-14.1237822305207));
#4958=CARTESIAN_POINT('',(594.587396712245,628.902857016699,-13.0430062530991));
#4959=CARTESIAN_POINT('Origin',(597.196620734823,628.902857016699,-10.4337822305207));
#4960=CARTESIAN_POINT('',(589.513184149873,628.902857016699,-7.96879369072471));
#4961=CARTESIAN_POINT('Origin',(596.78357768324,630.402857016698,19.2162168837677));
#4962=CARTESIAN_POINT('',(599.251302590506,630.402857016698,0.516216769481233));
#4963=CARTESIAN_POINT('Origin',(599.251302590506,630.402857016698,-0.173783230518794));
#4964=CARTESIAN_POINT('',(600.339004198278,630.402857016698,0.516216769478604));
#4965=CARTESIAN_POINT('',(599.251302590506,630.402857016698,0.516216769481233));
#4966=CARTESIAN_POINT('',(601.534014658487,630.402857016698,1.01120630927639));
#4967=CARTESIAN_POINT('Origin',(600.339004198278,630.402857016698,2.20621676947857));
#4968=CARTESIAN_POINT('',(604.958249141272,630.402857016698,4.43544079206667));
#4969=CARTESIAN_POINT('',(604.958249141273,630.402857016698,4.43544079206546));
#4970=CARTESIAN_POINT('',(607.56747316385,630.402857016698,5.51621676948834));
#4971=CARTESIAN_POINT('Origin',(607.56747316385,630.402857016698,1.82621676948834));
#4972=CARTESIAN_POINT('',(628.322265318962,630.402857016698,5.51621676948116));
#4973=CARTESIAN_POINT('',(628.322265318962,630.402857016698,5.51621676948116));
#4974=CARTESIAN_POINT('',(630.931489341541,630.402857016698,4.4354407920595));
#4975=CARTESIAN_POINT('Origin',(628.322265318962,630.402857016698,1.82621676948116));
#4976=CARTESIAN_POINT('',(634.627801762971,630.402857016698,0.739128370629345));
#4977=CARTESIAN_POINT('',(634.627801762971,630.402857016698,0.739128370629345));
#4978=CARTESIAN_POINT('',(635.708577740386,630.402857016699,-1.87009565194231));
#4979=CARTESIAN_POINT('Origin',(632.018577740386,630.402857016699,-1.87009565194231));
#4980=CARTESIAN_POINT('',(635.708577740386,630.402857016699,-7.09747080909075));
#4981=CARTESIAN_POINT('',(635.708577740386,630.402857016699,-1.87009565194231));
#4982=CARTESIAN_POINT('',(634.627801762971,630.402857016699,-9.7066948316624));
#4983=CARTESIAN_POINT('Origin',(632.018577740386,630.402857016699,-7.09747080909075));
#4984=CARTESIAN_POINT('',(630.931489341544,630.402857016699,-13.4030072530931));
#4985=CARTESIAN_POINT('',(630.931489341544,630.402857016699,-13.4030072530931));
#4986=CARTESIAN_POINT('',(628.322265318959,630.402857016699,-14.4837832305215));
#4987=CARTESIAN_POINT('Origin',(628.322265318959,630.402857016699,-10.7937832305215));
#4988=CARTESIAN_POINT('',(616.191155666267,630.402857016699,-14.4837832305262));
#4989=CARTESIAN_POINT('',(616.191155666267,630.402857016699,-14.4837832305311));
#4990=CARTESIAN_POINT('',(613.581931643682,630.402857016699,-15.5645592079546));
#4991=CARTESIAN_POINT('Origin',(616.191155666267,630.402857016699,-18.1737832305262));
#4992=CARTESIAN_POINT('',(610.503484598551,630.402857016699,-18.6430062530907));
#4993=CARTESIAN_POINT('',(613.581931643682,630.402857016699,-15.5645592079546));
#4994=CARTESIAN_POINT('',(607.894260575966,630.4028570167,-19.723782230519));
#4995=CARTESIAN_POINT('Origin',(607.894260575966,630.402857016699,-16.0337822305191));
#4996=CARTESIAN_POINT('',(594.877024785535,630.4028570167,-19.723782230519));
#4997=CARTESIAN_POINT('',(607.894260575966,630.4028570167,-19.7237822305142));
#4998=CARTESIAN_POINT('',(592.26780076295,630.402857016699,-18.6430062530907));
#4999=CARTESIAN_POINT('Origin',(594.877024785535,630.402857016699,-16.0337822305191));
#5000=CARTESIAN_POINT('',(558.939353603517,630.402857016698,14.685440906349));
#5001=CARTESIAN_POINT('',(620.517134102124,630.402857016699,-1.11567628754983));
#5002=CARTESIAN_POINT('',(622.340470797411,630.402857016698,0.707660407733925));
#5003=CARTESIAN_POINT('Origin',(620.758831686297,630.402857016698,0.465962823564112));
#5004=CARTESIAN_POINT('',(620.880518118183,630.402857016699,-1.84942556982769));
#5005=CARTESIAN_POINT('Origin',(620.441603607073,630.402857016699,-1.60993850976588));
#5006=CARTESIAN_POINT('',(620.880518118175,630.402857016699,-7.11814089119947));
#5007=CARTESIAN_POINT('Origin',(625.708577740384,630.402857016699,-4.48378323052374));
#5008=CARTESIAN_POINT('',(620.517134102126,630.402857016699,-7.85189017350483));
#5009=CARTESIAN_POINT('Origin',(620.441603607073,630.402857016699,-7.35762795127449));
#5010=CARTESIAN_POINT('',(622.340470797412,630.402857016699,-9.6752268687824));
#5011=CARTESIAN_POINT('Origin',(620.758831686297,630.402857016699,-9.43352928461906));
#5012=CARTESIAN_POINT('',(623.074220079692,630.402857016699,-9.31184285272714));
#5013=CARTESIAN_POINT('Origin',(622.83473301963,630.402857016699,-9.75075736383225));
#5014=CARTESIAN_POINT('',(628.34293540108,630.402857016699,-9.31184285272558));
#5015=CARTESIAN_POINT('Origin',(625.708577740384,630.402857016699,-4.48378323052374));
#5016=CARTESIAN_POINT('',(629.076684683364,630.402857016699,-9.67522686878176));
#5017=CARTESIAN_POINT('Origin',(628.582422461142,630.402857016699,-9.75075736383225));
#5018=CARTESIAN_POINT('',(630.90002137865,630.402857016699,-7.85189017350483));
#5019=CARTESIAN_POINT('Origin',(630.65832379448,630.402857016699,-9.43352928461906));
#5020=CARTESIAN_POINT('',(630.536637362591,630.402857016699,-7.11814089121127));
#5021=CARTESIAN_POINT('Origin',(630.975551873704,630.402857016699,-7.35762795127449));
#5022=CARTESIAN_POINT('',(630.536637362587,630.402857016699,-1.84942556982918));
#5023=CARTESIAN_POINT('Origin',(625.708577740384,630.402857016699,-4.48378323052374));
#5024=CARTESIAN_POINT('',(630.900021378652,630.402857016699,-1.11567628754194));
#5025=CARTESIAN_POINT('Origin',(630.9755518737,630.402857016699,-1.60993850976588));
#5026=CARTESIAN_POINT('',(629.076684683361,630.402857016698,0.707660407734352));
#5027=CARTESIAN_POINT('Origin',(630.658323794483,630.402857016698,0.465962823571289));
#5028=CARTESIAN_POINT('',(628.342935401086,630.402857016698,0.344276391676601));
#5029=CARTESIAN_POINT('Origin',(628.582422461139,630.402857016698,0.783190902791802));
#5030=CARTESIAN_POINT('',(623.074220079686,630.402857016698,0.344276391669354));
#5031=CARTESIAN_POINT('Origin',(625.708577740384,630.402857016699,-4.48378323052374));
#5032=CARTESIAN_POINT('Origin',(622.834733019634,630.402857016698,0.783190902784483));
#5033=CARTESIAN_POINT('',(589.513184149875,630.402857016699,-7.96879369072251));
#5034=CARTESIAN_POINT('',(590.708194610081,630.402857016699,-5.08378323051737));
#5035=CARTESIAN_POINT('Origin',(590.708194610081,630.402857016699,-6.77378323051734));
#5036=CARTESIAN_POINT('',(594.587396712245,630.402857016699,-13.043006253099));
#5037=CARTESIAN_POINT('',(589.513184149873,630.402857016699,-7.96879369072464));
#5038=CARTESIAN_POINT('',(597.196620734823,630.402857016699,-14.1237822305207));
#5039=CARTESIAN_POINT('Origin',(597.196620734823,630.402857016699,-10.4337822305207));
#5040=CARTESIAN_POINT('',(604.620534745947,630.402857016699,-14.1237822305207));
#5041=CARTESIAN_POINT('',(597.196620734823,630.402857016699,-14.1237822305207));
#5042=CARTESIAN_POINT('',(607.229758768527,630.402857016699,-13.0430062530972));
#5043=CARTESIAN_POINT('Origin',(604.620534745947,630.402857016699,-10.4337822305207));
#5044=CARTESIAN_POINT('',(612.303971330895,630.402857016699,-7.96879369072251));
#5045=CARTESIAN_POINT('',(612.303971330897,630.402857016699,-7.96879369072464));
#5046=CARTESIAN_POINT('',(611.10896087069,630.402857016699,-5.0837832305173));
#5047=CARTESIAN_POINT('Origin',(611.10896087069,630.402857016699,-6.77378323051734));
#5048=CARTESIAN_POINT('',(590.708194610081,630.402857016699,-5.0837832305222));
#5049=CARTESIAN_POINT('Origin',(558.939353603517,644.055864384095,0.));
#5050=CARTESIAN_POINT('',(558.939353603517,644.055864384096,0.));
#5051=CARTESIAN_POINT('',(558.939353603517,644.055864384096,0.));
#5052=CARTESIAN_POINT('',(558.939353603517,644.055864384095,0.));
#5053=CARTESIAN_POINT('Origin',(596.78357768324,668.27042370633,19.2162168837677));
#5054=CARTESIAN_POINT('',(599.251302590504,668.270423706329,0.516216769474056));
#5055=CARTESIAN_POINT('Origin',(599.251302590506,668.270423706329,-0.17378323052597));
#5056=CARTESIAN_POINT('',(600.339004198278,668.270423706329,0.516216769471214));
#5057=CARTESIAN_POINT('',(599.251302590504,668.270423706329,0.516216769474056));
#5058=CARTESIAN_POINT('',(601.534014658485,668.270423706329,1.01120630926786));
#5059=CARTESIAN_POINT('Origin',(600.339004198278,668.270423706329,2.20621676947133));
#5060=CARTESIAN_POINT('',(604.958249141272,668.270423706329,4.43544079205964));
#5061=CARTESIAN_POINT('',(604.958249141273,668.270423706329,4.43544079205836));
#5062=CARTESIAN_POINT('',(607.56747316385,668.270423706329,5.51621676948116));
#5063=CARTESIAN_POINT('Origin',(607.56747316385,668.270423706329,1.82621676948116));
#5064=CARTESIAN_POINT('',(628.322265318949,668.270423706329,5.51621676947406));
#5065=CARTESIAN_POINT('',(628.322265318949,668.270423706329,5.51621676947406));
#5066=CARTESIAN_POINT('',(630.931489341547,668.270423706329,4.43544079204571));
#5067=CARTESIAN_POINT('Origin',(628.322265318962,668.270423706329,1.82621676947406));
#5068=CARTESIAN_POINT('',(634.627801762971,668.270423706329,0.73912837062224));
#5069=CARTESIAN_POINT('',(634.627801762971,668.270423706329,0.73912837062224));
#5070=CARTESIAN_POINT('',(635.708577740386,668.270423706329,-1.87009565194941));
#5071=CARTESIAN_POINT('Origin',(632.018577740386,668.270423706329,-1.87009565194941));
#5072=CARTESIAN_POINT('',(635.708577740386,668.270423706329,-7.09747080909793));
#5073=CARTESIAN_POINT('',(635.708577740381,668.270423706329,-1.87009565194941));
#5074=CARTESIAN_POINT('',(634.627801762964,668.270423706328,-9.70669483167626));
#5075=CARTESIAN_POINT('Origin',(632.018577740386,668.270423706329,-7.09747080909793));
#5076=CARTESIAN_POINT('',(630.931489341535,668.270423706328,-13.4030072531017));
#5077=CARTESIAN_POINT('',(630.931489341539,668.270423706328,-13.4030072531058));
#5078=CARTESIAN_POINT('',(628.322265318962,668.270423706328,-14.4837832305214));
#5079=CARTESIAN_POINT('Origin',(628.322265318959,668.270423706328,-10.7937832305214));
#5080=CARTESIAN_POINT('',(616.191155666267,668.270423706328,-14.4837832305333));
#5081=CARTESIAN_POINT('',(616.191155666267,668.270423706328,-14.4837832305333));
#5082=CARTESIAN_POINT('',(613.581931643689,668.270423706328,-15.5645592079549));
#5083=CARTESIAN_POINT('Origin',(616.191155666267,668.270423706328,-18.1737832305333));
#5084=CARTESIAN_POINT('',(610.503484598551,668.270423706328,-18.6430062530907));
#5085=CARTESIAN_POINT('',(613.58193164369,668.270423706328,-15.5645592079563));
#5086=CARTESIAN_POINT('',(607.894260575966,668.270423706328,-19.723782230519));
#5087=CARTESIAN_POINT('Origin',(607.894260575966,668.270423706328,-16.0337822305191));
#5088=CARTESIAN_POINT('',(594.877024785535,668.270423706328,-19.723782230519));
#5089=CARTESIAN_POINT('',(607.894260575966,668.270423706328,-19.723782230519));
#5090=CARTESIAN_POINT('Origin',(594.877024785535,668.270423706328,-16.0337822305191));
#5091=CARTESIAN_POINT('',(590.708194610081,668.270423706329,-5.08378323052469));
#5092=CARTESIAN_POINT('',(589.513184149872,668.270423706329,-7.96879369072627));
#5093=CARTESIAN_POINT('Origin',(590.708194610081,668.270423706329,-6.77378323052466));
#5094=CARTESIAN_POINT('',(594.587396712245,668.270423706328,-13.0430062530988));
#5095=CARTESIAN_POINT('',(589.513184149873,668.270423706329,-7.96879369072471));
#5096=CARTESIAN_POINT('',(597.196620734823,668.270423706328,-14.1237822305204));
#5097=CARTESIAN_POINT('Origin',(597.196620734823,668.270423706328,-10.4337822305204));
#5098=CARTESIAN_POINT('',(604.620534745947,668.270423706328,-14.1237822305204));
#5099=CARTESIAN_POINT('',(597.196620734823,668.270423706328,-14.1237822305229));
#5100=CARTESIAN_POINT('',(607.229758768527,668.270423706328,-13.0430062530971));
#5101=CARTESIAN_POINT('Origin',(604.620534745947,668.270423706328,-10.4337822305204));
#5102=CARTESIAN_POINT('',(612.303971330898,668.270423706329,-7.96879369072684));
#5103=CARTESIAN_POINT('',(612.303971330898,668.270423706329,-7.96879369072684));
#5104=CARTESIAN_POINT('',(611.10896087069,668.270423706329,-5.08378323052469));
#5105=CARTESIAN_POINT('Origin',(611.10896087069,668.270423706329,-6.77378323052466));
#5106=CARTESIAN_POINT('',(590.708194610081,668.270423706329,-5.08378323052213));
#5107=CARTESIAN_POINT('',(628.342935401077,668.270423706329,0.344276391679585));
#5108=CARTESIAN_POINT('',(623.074220079686,668.270423706329,0.344276391669638));
#5109=CARTESIAN_POINT('Origin',(625.708577740384,668.270423706329,-4.48378323052381));
#5110=CARTESIAN_POINT('',(622.340470797411,668.270423706329,0.707660407734068));
#5111=CARTESIAN_POINT('Origin',(622.834733019634,668.270423706329,0.783190902784696));
#5112=CARTESIAN_POINT('',(620.517134102128,668.270423706329,-1.11567628755026));
#5113=CARTESIAN_POINT('Origin',(620.758831686297,668.270423706329,0.465962823564183));
#5114=CARTESIAN_POINT('',(620.880518118167,668.270423706329,-1.84942556986343));
#5115=CARTESIAN_POINT('Origin',(620.441603607073,668.270423706329,-1.60993850977306));
#5116=CARTESIAN_POINT('',(620.880518118172,668.270423706329,-7.11814089120125));
#5117=CARTESIAN_POINT('Origin',(625.708577740384,668.270423706329,-4.48378323052381));
#5118=CARTESIAN_POINT('',(620.517134102128,668.270423706329,-7.85189017350461));
#5119=CARTESIAN_POINT('Origin',(620.441603607073,668.270423706329,-7.35762795128167));
#5120=CARTESIAN_POINT('',(622.340470797411,668.270423706328,-9.67522686878922));
#5121=CARTESIAN_POINT('Origin',(620.758831686297,668.270423706328,-9.43352928461891));
#5122=CARTESIAN_POINT('',(623.074220079683,668.270423706328,-9.31184285272408));
#5123=CARTESIAN_POINT('Origin',(622.83473301963,668.270423706328,-9.75075736383928));
#5124=CARTESIAN_POINT('',(628.342935401084,668.270423706328,-9.31184285271996));
#5125=CARTESIAN_POINT('Origin',(625.708577740384,668.270423706329,-4.48378323052381));
#5126=CARTESIAN_POINT('',(629.076684683366,668.270423706328,-9.6752268687807));
#5127=CARTESIAN_POINT('Origin',(628.582422461142,668.270423706328,-9.75075736383204));
#5128=CARTESIAN_POINT('',(630.900021378651,668.270423706329,-7.8518901735049));
#5129=CARTESIAN_POINT('Origin',(630.65832379448,668.270423706328,-9.43352928461891));
#5130=CARTESIAN_POINT('',(630.536637362587,668.270423706329,-7.1181408912183));
#5131=CARTESIAN_POINT('Origin',(630.975551873704,668.270423706329,-7.35762795128167));
#5132=CARTESIAN_POINT('',(630.536637362587,668.270423706329,-1.84942556982904));
#5133=CARTESIAN_POINT('Origin',(625.708577740384,668.270423706329,-4.48378323052381));
#5134=CARTESIAN_POINT('',(630.900021378649,668.270423706329,-1.11567628755083));
#5135=CARTESIAN_POINT('Origin',(630.9755518737,668.270423706329,-1.60993850976581));
#5136=CARTESIAN_POINT('',(629.076684683369,668.270423706329,0.707660407733073));
#5137=CARTESIAN_POINT('Origin',(630.658323794483,668.270423706329,0.465962823564183));
#5138=CARTESIAN_POINT('Origin',(628.582422461139,668.270423706329,0.783190902784696));
#5139=CARTESIAN_POINT('Ctrl Pts',(596.85826087052,630.412857826894,-3.37703521139817E-11));
#5140=CARTESIAN_POINT('Ctrl Pts',(596.816588123801,630.411852870245,8.37436887685904E-8));
#5141=CARTESIAN_POINT('Ctrl Pts',(596.749333069906,630.409686283846,-0.000311451757589879));
#5142=CARTESIAN_POINT('Ctrl Pts',(596.707524019116,630.406893462204,-0.00178546371176399));
#5143=CARTESIAN_POINT('Ctrl Pts',(596.707544872851,630.404925229628,-0.00375774238677718));
#5144=CARTESIAN_POINT('Ctrl Pts',(596.732573942031,630.4036970817,-0.00576860183596231));
#5145=CARTESIAN_POINT('Ctrl Pts',(596.782042877268,630.402992743426,-0.00792402422842814));
#5146=CARTESIAN_POINT('Ctrl Pts',(596.830475314678,630.40285696195,-0.00933074790921396));
#5147=CARTESIAN_POINT('Ctrl Pts',(596.858260870515,630.402857016732,-0.0100008101956236));
#5148=CARTESIAN_POINT('Ctrl Pts',(596.85826087052,630.412898338364,0.500021277424977));
#5149=CARTESIAN_POINT('Ctrl Pts',(596.816588123801,630.361643410821,0.500025550253664));
#5150=CARTESIAN_POINT('Ctrl Pts',(596.749333069906,630.251142894149,0.48413657676747));
#5151=CARTESIAN_POINT('Ctrl Pts',(596.707524019116,630.108703047507,0.408958830532836));
#5152=CARTESIAN_POINT('Ctrl Pts',(596.707544872851,630.008318997915,0.308368421266311));
#5153=CARTESIAN_POINT('Ctrl Pts',(596.732573942031,629.9456808402,0.205810310420421));
#5154=CARTESIAN_POINT('Ctrl Pts',(596.782042877268,629.909758089428,0.0958791818495965));
#5155=CARTESIAN_POINT('Ctrl Pts',(596.830475314678,629.902832945209,0.024133280741473));
#5156=CARTESIAN_POINT('Ctrl Pts',(596.858260870515,629.902835739241,-0.0100413217008301));
#5157=CARTESIAN_POINT('Ctrl Pts',(596.85826087052,630.412938849834,1.00004255488373));
#5158=CARTESIAN_POINT('Ctrl Pts',(596.816588123801,630.311433951397,1.00005101676364));
#5159=CARTESIAN_POINT('Ctrl Pts',(596.749333069906,630.092599504453,0.96858460529253));
#5160=CARTESIAN_POINT('Ctrl Pts',(596.707524019116,629.81051263281,0.819703124777435));
#5161=CARTESIAN_POINT('Ctrl Pts',(596.707544872851,629.611712766203,0.620494584919399));
#5162=CARTESIAN_POINT('Ctrl Pts',(596.732573942031,629.487664598702,0.417389222676803));
#5163=CARTESIAN_POINT('Ctrl Pts',(596.782042877268,629.416523435431,0.199682387927621));
#5164=CARTESIAN_POINT('Ctrl Pts',(596.830475314678,629.402808928468,0.05759730939216));
#5165=CARTESIAN_POINT('Ctrl Pts',(596.858260870515,629.402814461748,-0.0100818332060368));
#5166=CARTESIAN_POINT('Ctrl Pts',(596.85826087052,630.412979361304,1.50006383234247));
#5167=CARTESIAN_POINT('Ctrl Pts',(596.816588123801,630.261224491974,1.50007648327361));
#5168=CARTESIAN_POINT('Ctrl Pts',(596.749333069905,629.934056114756,1.45303263381759));
#5169=CARTESIAN_POINT('Ctrl Pts',(596.707524019116,629.512322218113,1.23044741902204));
#5170=CARTESIAN_POINT('Ctrl Pts',(596.707544872851,629.215106534491,0.932620748572488));
#5171=CARTESIAN_POINT('Ctrl Pts',(596.732573942031,629.029648357202,0.628968134933186));
#5172=CARTESIAN_POINT('Ctrl Pts',(596.782042877268,628.923288781433,0.303485594005645));
#5173=CARTESIAN_POINT('Ctrl Pts',(596.830475314678,628.902784911729,0.091061338042847));
#5174=CARTESIAN_POINT('Ctrl Pts',(596.858260870515,628.902793184258,-0.0101223447112434));
#5175=CARTESIAN_POINT('',(596.858227276445,630.412857016699,0.66));
#5176=CARTESIAN_POINT('',(596.858227276445,630.412857016699,0.));
#5177=CARTESIAN_POINT('',(596.858227276445,630.412857016699,0.));
#5178=CARTESIAN_POINT('Ctrl Pts',(596.858227276445,628.902857016699,-0.00999999999996202));
#5179=CARTESIAN_POINT('Ctrl Pts',(596.846666951772,628.902857016699,0.0321022635009513));
#5180=CARTESIAN_POINT('Ctrl Pts',(596.835723789851,628.904621097765,0.0750660518170144));
#5181=CARTESIAN_POINT('Ctrl Pts',(596.825419391412,628.90834581979,0.118631482830532));
#5182=CARTESIAN_POINT('Ctrl Pts',(596.815241260202,628.912024900108,0.161663075185409));
#5183=CARTESIAN_POINT('Ctrl Pts',(596.805686333927,628.917617251669,0.205281208401214));
#5184=CARTESIAN_POINT('Ctrl Pts',(596.796775428941,628.925270943723,0.249205855429099));
#5185=CARTESIAN_POINT('Ctrl Pts',(596.79303546128,628.928483250534,0.267641329678104));
#5186=CARTESIAN_POINT('Ctrl Pts',(596.789408940429,628.93205813308,0.286130475874466));
#5187=CARTESIAN_POINT('Ctrl Pts',(596.785897405404,628.93600409781,0.304651324437312));
#5188=CARTESIAN_POINT('Ctrl Pts',(596.777773008243,628.945133605112,0.347501738402717));
#5189=CARTESIAN_POINT('Ctrl Pts',(596.770264117505,628.95625412073,0.390528126979299));
#5190=CARTESIAN_POINT('Ctrl Pts',(596.763384164177,628.969435680103,0.433435277194176));
#5191=CARTESIAN_POINT('Ctrl Pts',(596.756549724035,628.982530039067,0.476058582304677));
#5192=CARTESIAN_POINT('Ctrl Pts',(596.750335927565,628.997658389524,0.518563627559159));
#5193=CARTESIAN_POINT('Ctrl Pts',(596.744755940964,629.014838653606,0.560652833565078));
#5194=CARTESIAN_POINT('Ctrl Pts',(596.741884203988,629.023680466882,0.582314019833161));
#5195=CARTESIAN_POINT('Ctrl Pts',(596.739180340459,629.033064919068,0.603864986505544));
#5196=CARTESIAN_POINT('Ctrl Pts',(596.736646145088,629.042989057949,0.625265122282708));
#5197=CARTESIAN_POINT('Ctrl Pts',(596.731734493389,629.062223531402,0.666741803377119));
#5198=CARTESIAN_POINT('Ctrl Pts',(596.727460187715,629.083493277807,0.707661754523754));
#5199=CARTESIAN_POINT('Ctrl Pts',(596.723829192615,629.106741517431,0.747734981752451));
#5200=CARTESIAN_POINT('Ctrl Pts',(596.720208442865,629.129924158969,0.787695136893647));
#5201=CARTESIAN_POINT('Ctrl Pts',(596.717227378431,629.155073991603,0.826812735695157));
#5202=CARTESIAN_POINT('Ctrl Pts',(596.714891913516,629.182084822363,0.864814154920284));
#5203=CARTESIAN_POINT('Ctrl Pts',(596.713649371869,629.196455443789,0.885032119121475));
#5204=CARTESIAN_POINT('Ctrl Pts',(596.712589572238,629.211352002001,0.904934431227523));
#5205=CARTESIAN_POINT('Ctrl Pts',(596.711713405276,629.226753024135,0.92448238015729));
#5206=CARTESIAN_POINT('Ctrl Pts',(596.71010452866,629.255033415258,0.960377636754663));
#5207=CARTESIAN_POINT('Ctrl Pts',(596.709114838832,629.285020576007,0.995080229634081));
#5208=CARTESIAN_POINT('Ctrl Pts',(596.708745156411,629.316542757164,1.02836171170705));
#5209=CARTESIAN_POINT('Ctrl Pts',(596.70837540889,629.348070489241,1.06164905450605));
#5210=CARTESIAN_POINT('Ctrl Pts',(596.708625887157,629.381133360443,1.09351431255604));
#5211=CARTESIAN_POINT('Ctrl Pts',(596.709497412264,629.415520884356,1.12376392565821));
#5212=CARTESIAN_POINT('Ctrl Pts',(596.710015430228,629.43596017516,1.14174372090201));
#5213=CARTESIAN_POINT('Ctrl Pts',(596.710752857067,629.456866741144,1.15915343261042));
#5214=CARTESIAN_POINT('Ctrl Pts',(596.711709865192,629.478190928927,1.17595923385599));
#5215=CARTESIAN_POINT('Ctrl Pts',(596.713347276321,629.5146759508,1.20471343693752));
#5216=CARTESIAN_POINT('Ctrl Pts',(596.7156274929,629.552408027303,1.23171558534593));
#5217=CARTESIAN_POINT('Ctrl Pts',(596.718542668862,629.591128229097,1.25683140142102));
#5218=CARTESIAN_POINT('Ctrl Pts',(596.721462271107,629.629907222036,1.28198535230693));
#5219=CARTESIAN_POINT('Ctrl Pts',(596.72501876239,629.669676749628,1.30524701653311));
#5220=CARTESIAN_POINT('Ctrl Pts',(596.729204260851,629.710157037702,1.32653011171356));
#5221=CARTESIAN_POINT('Ctrl Pts',(596.733410046223,629.750833531808,1.34791636504505));
#5222=CARTESIAN_POINT('Ctrl Pts',(596.738250951086,629.792227072908,1.36730469954116));
#5223=CARTESIAN_POINT('Ctrl Pts',(596.743718978413,629.834043116709,1.38465926633656));
#5224=CARTESIAN_POINT('Ctrl Pts',(596.748166177798,629.868052508609,1.39877390296282));
#5225=CARTESIAN_POINT('Ctrl Pts',(596.753028201501,629.902341034017,1.41154425147055));
#5226=CARTESIAN_POINT('Ctrl Pts',(596.758300747263,629.936749352919,1.42297644519719));
#5227=CARTESIAN_POINT('Ctrl Pts',(596.764882209731,629.979699584105,1.43724669667094));
#5228=CARTESIAN_POINT('Ctrl Pts',(596.772103319545,630.022861247167,1.44943892424197));
#5229=CARTESIAN_POINT('Ctrl Pts',(596.779946272719,630.065934266272,1.45960695603833));
#5230=CARTESIAN_POINT('Ctrl Pts',(596.787834459754,630.109255706981,1.46983363147794));
#5231=CARTESIAN_POINT('Ctrl Pts',(596.796351683739,630.152486895056,1.47801291966624));
#5232=CARTESIAN_POINT('Ctrl Pts',(596.805479830856,630.195337096084,1.48425067647149));
#5233=CARTESIAN_POINT('Ctrl Pts',(596.814724412944,630.238733877034,1.49056799959259));
#5234=CARTESIAN_POINT('Ctrl Pts',(596.824595602944,630.281739339934,1.49489424349407));
#5235=CARTESIAN_POINT('Ctrl Pts',(596.835074585002,630.324075043531,1.49738772757387));
#5236=CARTESIAN_POINT('Ctrl Pts',(596.842490010401,630.354033798115,1.49915223533587));
#5237=CARTESIAN_POINT('Ctrl Pts',(596.850209796776,630.383657660177,1.5));
#5238=CARTESIAN_POINT('Ctrl Pts',(596.858227276445,630.412857016699,1.5));
#5239=CARTESIAN_POINT('Origin',(611.10896087069,666.770423706329,-5.08378323052199));
#5240=CARTESIAN_POINT('',(590.708194610081,666.770423706329,-5.08378323052455));
#5241=CARTESIAN_POINT('',(611.10896087069,666.770423706329,-5.08378323052455));
#5242=CARTESIAN_POINT('Origin',(611.10896087069,666.770423706329,-6.77378323052451));
#5243=CARTESIAN_POINT('',(612.303971330898,666.770423706329,-7.9687936907267));
#5244=CARTESIAN_POINT('Origin',(607.229758768528,666.770423706328,-13.0430062530974));
#5245=CARTESIAN_POINT('',(607.229758768527,666.770423706328,-13.0430062530969));
#5246=CARTESIAN_POINT('Origin',(604.620534745947,666.770423706328,-10.4337822305203));
#5247=CARTESIAN_POINT('',(604.620534745947,666.770423706328,-14.1237822305203));
#5248=CARTESIAN_POINT('Origin',(597.196620734823,666.770423706328,-14.1237822305227));
#5249=CARTESIAN_POINT('',(597.196620734823,666.770423706328,-14.1237822305203));
#5250=CARTESIAN_POINT('Origin',(597.196620734823,666.770423706328,-10.4337822305203));
#5251=CARTESIAN_POINT('',(594.587396712245,666.770423706328,-13.0430062530986));
#5252=CARTESIAN_POINT('Origin',(589.513184149873,666.770423706329,-7.96879369072457));
#5253=CARTESIAN_POINT('',(589.513184149872,666.770423706329,-7.96879369072613));
#5254=CARTESIAN_POINT('Origin',(590.708194610081,666.770423706329,-6.77378323052451));
#5255=CARTESIAN_POINT('Origin',(620.441603607073,630.402857016699,-1.60993850976588));
#5256=CARTESIAN_POINT('',(620.517134102124,630.402857016699,-1.11567628754983));
#5257=CARTESIAN_POINT('',(620.880518118183,630.402857016699,-1.84942556982769));
#5258=CARTESIAN_POINT('Origin',(625.708577740384,630.402857016699,-4.48378323052374));
#5259=CARTESIAN_POINT('',(620.880518118175,630.402857016699,-7.11814089119947));
#5260=CARTESIAN_POINT('Origin',(620.441603607073,630.402857016699,-7.35762795127449));
#5261=CARTESIAN_POINT('',(620.517134102126,630.402857016699,-7.85189017350483));
#5262=CARTESIAN_POINT('Origin',(620.758831686297,630.402857016699,-9.43352928461906));
#5263=CARTESIAN_POINT('',(622.340470797412,630.402857016699,-9.6752268687824));
#5264=CARTESIAN_POINT('Origin',(622.83473301963,630.402857016699,-9.75075736383225));
#5265=CARTESIAN_POINT('',(623.074220079692,630.402857016699,-9.31184285272714));
#5266=CARTESIAN_POINT('Origin',(625.708577740384,630.402857016699,-4.48378323052374));
#5267=CARTESIAN_POINT('',(628.34293540108,630.402857016699,-9.31184285272558));
#5268=CARTESIAN_POINT('Origin',(628.582422461142,630.402857016699,-9.75075736383225));
#5269=CARTESIAN_POINT('',(629.076684683364,630.402857016699,-9.67522686878176));
#5270=CARTESIAN_POINT('Origin',(630.65832379448,630.402857016699,-9.43352928461906));
#5271=CARTESIAN_POINT('',(630.90002137865,630.402857016699,-7.85189017350483));
#5272=CARTESIAN_POINT('Origin',(630.975551873704,630.402857016699,-7.35762795127449));
#5273=CARTESIAN_POINT('',(630.536637362591,630.402857016699,-7.11814089121127));
#5274=CARTESIAN_POINT('Origin',(625.708577740384,630.402857016699,-4.48378323052374));
#5275=CARTESIAN_POINT('',(630.536637362587,630.402857016699,-1.84942556982918));
#5276=CARTESIAN_POINT('Origin',(630.9755518737,630.402857016699,-1.60993850976588));
#5277=CARTESIAN_POINT('',(630.900021378652,630.402857016699,-1.11567628754194));
#5278=CARTESIAN_POINT('Origin',(630.658323794483,630.402857016698,0.465962823571289));
#5279=CARTESIAN_POINT('',(629.076684683361,630.402857016698,0.707660407734352));
#5280=CARTESIAN_POINT('Origin',(628.582422461139,630.402857016698,0.783190902791802));
#5281=CARTESIAN_POINT('',(628.342935401086,630.402857016698,0.344276391676601));
#5282=CARTESIAN_POINT('Origin',(625.708577740384,630.402857016699,-4.48378323052374));
#5283=CARTESIAN_POINT('',(623.074220079686,630.402857016698,0.344276391669354));
#5284=CARTESIAN_POINT('Origin',(622.834733019634,630.402857016698,0.783190902784483));
#5285=CARTESIAN_POINT('',(622.340470797411,630.402857016698,0.707660407733925));
#5286=CARTESIAN_POINT('Origin',(620.758831686297,630.402857016698,0.465962823564112));
#5287=CARTESIAN_POINT('Origin',(561.548577626098,648.586640361517,0.));
#5288=CARTESIAN_POINT('',(559.948577626098,648.586640361517,0.));
#5289=CARTESIAN_POINT('Origin',(561.548577626098,648.586640361517,0.));
#5290=CARTESIAN_POINT('',(559.948577626098,648.586640361517,0.));
#5291=CARTESIAN_POINT('Origin',(586.637025785545,638.086640361517,0.));
#5292=CARTESIAN_POINT('',(585.537025785547,638.086640361517,0.));
#5293=CARTESIAN_POINT('Origin',(586.637025785545,638.086640361517,0.));
#5294=CARTESIAN_POINT('',(585.537025785546,638.086640361517,0.));
#5295=CARTESIAN_POINT('Origin',(594.018577740393,661.146640361522,0.));
#5296=CARTESIAN_POINT('',(592.418577740393,661.146640361522,0.));
#5297=CARTESIAN_POINT('Origin',(594.018577740393,661.146640361522,0.));
#5298=CARTESIAN_POINT('',(592.418577740393,661.146640361522,0.));
#5299=CARTESIAN_POINT('Origin',(594.018577740389,636.026640361512,0.));
#5300=CARTESIAN_POINT('',(592.41857774039,636.026640361512,0.));
#5301=CARTESIAN_POINT('Origin',(594.018577740389,636.026640361512,0.));
#5302=CARTESIAN_POINT('',(592.418577740389,636.026640361512,0.));
#5303=CARTESIAN_POINT('Origin',(586.637025785545,659.086640361517,0.));
#5304=CARTESIAN_POINT('',(585.537025785547,659.086640361517,0.));
#5305=CARTESIAN_POINT('Origin',(586.637025785545,659.086640361517,0.));
#5306=CARTESIAN_POINT('',(585.537025785546,659.086640361517,0.));
#5307=CARTESIAN_POINT('Origin',(628.582422461139,666.770423706329,0.783190902784838));
#5308=CARTESIAN_POINT('',(628.342935401077,666.770423706329,0.344276391679728));
#5309=CARTESIAN_POINT('',(629.076684683369,666.770423706329,0.707660407733215));
#5310=CARTESIAN_POINT('Origin',(630.658323794483,666.770423706329,0.465962823564325));
#5311=CARTESIAN_POINT('',(630.900021378649,666.770423706329,-1.11567628755068));
#5312=CARTESIAN_POINT('Origin',(630.9755518737,666.770423706329,-1.60993850976567));
#5313=CARTESIAN_POINT('',(630.536637362587,666.770423706329,-1.8494255698289));
#5314=CARTESIAN_POINT('Origin',(625.708577740384,666.770423706329,-4.48378323052367));
#5315=CARTESIAN_POINT('',(630.536637362587,666.770423706329,-7.11814089121816));
#5316=CARTESIAN_POINT('Origin',(630.975551873704,666.770423706329,-7.35762795128153));
#5317=CARTESIAN_POINT('',(630.900021378651,666.770423706329,-7.85189017350476));
#5318=CARTESIAN_POINT('Origin',(630.65832379448,666.770423706329,-9.43352928461877));
#5319=CARTESIAN_POINT('',(629.076684683366,666.770423706329,-9.67522686878056));
#5320=CARTESIAN_POINT('Origin',(628.582422461142,666.770423706329,-9.75075736383189));
#5321=CARTESIAN_POINT('',(628.342935401084,666.770423706329,-9.31184285271982));
#5322=CARTESIAN_POINT('Origin',(625.708577740384,666.770423706329,-4.48378323052367));
#5323=CARTESIAN_POINT('',(623.074220079683,666.770423706329,-9.31184285272394));
#5324=CARTESIAN_POINT('Origin',(622.83473301963,666.770423706329,-9.75075736383914));
#5325=CARTESIAN_POINT('',(622.340470797411,666.770423706329,-9.67522686878908));
#5326=CARTESIAN_POINT('Origin',(620.758831686297,666.770423706329,-9.43352928461877));
#5327=CARTESIAN_POINT('',(620.517134102128,666.770423706329,-7.85189017350447));
#5328=CARTESIAN_POINT('Origin',(620.441603607073,666.770423706329,-7.35762795128153));
#5329=CARTESIAN_POINT('',(620.880518118172,666.770423706329,-7.11814089120111));
#5330=CARTESIAN_POINT('Origin',(625.708577740384,666.770423706329,-4.48378323052367));
#5331=CARTESIAN_POINT('',(620.880518118167,666.770423706329,-1.84942556986329));
#5332=CARTESIAN_POINT('Origin',(620.441603607073,666.770423706329,-1.60993850977292));
#5333=CARTESIAN_POINT('',(620.517134102128,666.770423706329,-1.11567628755012));
#5334=CARTESIAN_POINT('Origin',(620.758831686297,666.770423706329,0.465962823564325));
#5335=CARTESIAN_POINT('',(622.340470797411,666.770423706329,0.70766040773421));
#5336=CARTESIAN_POINT('Origin',(622.834733019634,666.770423706329,0.783190902784838));
#5337=CARTESIAN_POINT('',(623.074220079686,666.770423706329,0.34427639166978));
#5338=CARTESIAN_POINT('Origin',(625.708577740384,666.770423706329,-4.48378323052367));
#5339=CARTESIAN_POINT('Origin',(575.749739973446,659.145149133447,0.));
#5340=CARTESIAN_POINT('',(575.414468012901,659.74821854278,0.));
#5341=CARTESIAN_POINT('',(575.474552593642,658.512399652218,0.));
#5342=CARTESIAN_POINT('Origin',(575.749739973446,659.145149133447,0.));
#5343=CARTESIAN_POINT('',(575.474552593642,658.512399652218,0.));
#5344=CARTESIAN_POINT('',(575.414468012901,659.74821854278,0.));
#5345=CARTESIAN_POINT('Origin',(574.637025785549,661.146640361522,0.));
#5346=CARTESIAN_POINT('',(573.859583558197,659.74821854278,0.));
#5347=CARTESIAN_POINT('Origin',(574.637025785549,661.146640361522,0.));
#5348=CARTESIAN_POINT('',(573.859583558197,659.74821854278,0.));
#5349=CARTESIAN_POINT('Origin',(573.524311597652,659.145149133447,0.));
#5350=CARTESIAN_POINT('',(573.799498977454,658.512399652217,0.));
#5351=CARTESIAN_POINT('Origin',(573.524311597652,659.145149133447,0.));
#5352=CARTESIAN_POINT('',(573.799498977454,658.512399652217,0.));
#5353=CARTESIAN_POINT('Origin',(574.637025785545,656.586640361517,0.));
#5354=CARTESIAN_POINT('',(573.555136764942,654.786774770119,0.));
#5355=CARTESIAN_POINT('Origin',(574.637025785545,656.586640361517,0.));
#5356=CARTESIAN_POINT('',(573.555136764942,654.786774770119,0.));
#5357=CARTESIAN_POINT('Origin',(573.199658943886,654.195390361517,0.));
#5358=CARTESIAN_POINT('',(573.370951365432,653.52699010245,0.));
#5359=CARTESIAN_POINT('Origin',(573.199658943886,654.195390361517,0.));
#5360=CARTESIAN_POINT('',(573.370951365432,653.52699010245,0.));
#5361=CARTESIAN_POINT('Origin',(574.637025785545,648.586640361517,0.));
#5362=CARTESIAN_POINT('',(569.696676044613,649.852714781624,0.));
#5363=CARTESIAN_POINT('Origin',(574.637025785545,648.586640361517,0.));
#5364=CARTESIAN_POINT('',(569.696676044613,649.852714781624,0.));
#5365=CARTESIAN_POINT('Origin',(569.028275785546,650.024007203169,0.));
#5366=CARTESIAN_POINT('',(568.436891376941,649.668529382118,0.));
#5367=CARTESIAN_POINT('Origin',(569.028275785546,650.024007203169,0.));
#5368=CARTESIAN_POINT('',(568.436891376941,649.668529382118,0.));
#5369=CARTESIAN_POINT('Origin',(566.637025785545,648.586640361517,0.));
#5370=CARTESIAN_POINT('',(568.436891376945,647.504751340915,0.));
#5371=CARTESIAN_POINT('Origin',(566.637025785545,648.586640361517,0.));
#5372=CARTESIAN_POINT('',(568.436891376945,647.504751340915,0.));
#5373=CARTESIAN_POINT('Origin',(569.028275785546,647.149273519858,0.));
#5374=CARTESIAN_POINT('',(569.696676044611,647.32056594141,0.));
#5375=CARTESIAN_POINT('Origin',(569.028275785546,647.149273519858,0.));
#5376=CARTESIAN_POINT('',(569.696676044611,647.32056594141,0.));
#5377=CARTESIAN_POINT('Origin',(574.637025785545,648.586640361517,0.));
#5378=CARTESIAN_POINT('',(573.370951365438,643.646290620583,0.));
#5379=CARTESIAN_POINT('Origin',(574.637025785545,648.586640361517,0.));
#5380=CARTESIAN_POINT('',(573.370951365438,643.646290620583,0.));
#5381=CARTESIAN_POINT('Origin',(573.199658943886,642.977890361518,0.));
#5382=CARTESIAN_POINT('',(573.55513676494,642.386505952915,0.));
#5383=CARTESIAN_POINT('Origin',(573.199658943886,642.977890361518,0.));
#5384=CARTESIAN_POINT('',(573.55513676494,642.386505952915,0.));
#5385=CARTESIAN_POINT('Origin',(574.637025785545,640.586640361517,0.));
#5386=CARTESIAN_POINT('',(573.799498977454,638.660881070814,0.));
#5387=CARTESIAN_POINT('Origin',(574.637025785545,640.586640361517,0.));
#5388=CARTESIAN_POINT('',(573.799498977454,638.660881070814,0.));
#5389=CARTESIAN_POINT('Origin',(573.524311597648,638.02813158958,0.));
#5390=CARTESIAN_POINT('',(573.859583558193,637.425062180253,0.));
#5391=CARTESIAN_POINT('Origin',(573.524311597648,638.02813158958,0.));
#5392=CARTESIAN_POINT('',(573.859583558193,637.425062180253,0.));
#5393=CARTESIAN_POINT('Origin',(574.637025785545,636.026640361512,0.));
#5394=CARTESIAN_POINT('',(575.414468012897,637.425062180253,0.));
#5395=CARTESIAN_POINT('Origin',(574.637025785545,636.026640361512,0.));
#5396=CARTESIAN_POINT('',(575.414468012897,637.425062180253,0.));
#5397=CARTESIAN_POINT('Origin',(575.749739973442,638.02813158958,0.));
#5398=CARTESIAN_POINT('',(575.474552593636,638.660881070814,0.));
#5399=CARTESIAN_POINT('Origin',(575.749739973442,638.02813158958,0.));
#5400=CARTESIAN_POINT('',(575.474552593636,638.660881070814,0.));
#5401=CARTESIAN_POINT('Origin',(574.637025785545,640.586640361517,0.));
#5402=CARTESIAN_POINT('',(575.718914806151,642.386505952914,0.));
#5403=CARTESIAN_POINT('Origin',(574.637025785545,640.586640361517,0.));
#5404=CARTESIAN_POINT('',(575.718914806151,642.386505952914,0.));
#5405=CARTESIAN_POINT('Origin',(576.074392627204,642.977890361518,0.));
#5406=CARTESIAN_POINT('',(575.903100205652,643.646290620583,0.));
#5407=CARTESIAN_POINT('Origin',(576.074392627204,642.977890361518,0.));
#5408=CARTESIAN_POINT('',(575.903100205652,643.646290620583,0.));
#5409=CARTESIAN_POINT('Origin',(574.637025785545,648.586640361517,0.));
#5410=CARTESIAN_POINT('',(575.903100205658,653.52699010245,0.));
#5411=CARTESIAN_POINT('Origin',(574.637025785545,648.586640361517,0.));
#5412=CARTESIAN_POINT('',(575.903100205658,653.52699010245,0.));
#5413=CARTESIAN_POINT('Origin',(576.074392627204,654.195390361517,0.));
#5414=CARTESIAN_POINT('',(575.718914806148,654.786774770119,0.));
#5415=CARTESIAN_POINT('Origin',(576.074392627204,654.195390361517,0.));
#5416=CARTESIAN_POINT('',(575.718914806148,654.786774770119,0.));
#5417=CARTESIAN_POINT('Origin',(574.637025785545,656.586640361517,0.));
#5418=CARTESIAN_POINT('Origin',(574.637025785545,656.586640361517,0.));
#5419=CARTESIAN_POINT('Origin',(594.587396712246,630.402857016699,-13.0430062530977));
#5420=CARTESIAN_POINT('',(589.513184149875,630.402857016699,-7.96879369072251));
#5421=CARTESIAN_POINT('',(594.587396712245,630.402857016699,-13.043006253099));
#5422=CARTESIAN_POINT('Origin',(597.196620734823,630.402857016699,-10.4337822305207));
#5423=CARTESIAN_POINT('',(597.196620734823,630.402857016699,-14.1237822305207));
#5424=CARTESIAN_POINT('Origin',(604.620534745947,630.402857016699,-14.1237822305207));
#5425=CARTESIAN_POINT('',(604.620534745947,630.402857016699,-14.1237822305207));
#5426=CARTESIAN_POINT('Origin',(604.620534745947,630.402857016699,-10.4337822305207));
#5427=CARTESIAN_POINT('',(607.229758768527,630.402857016699,-13.0430062530972));
#5428=CARTESIAN_POINT('Origin',(612.303971330897,630.402857016699,-7.96879369072464));
#5429=CARTESIAN_POINT('',(612.303971330895,630.402857016699,-7.96879369072251));
#5430=CARTESIAN_POINT('Origin',(611.10896087069,630.402857016699,-6.77378323051734));
#5431=CARTESIAN_POINT('',(611.10896087069,630.402857016699,-5.0837832305173));
#5432=CARTESIAN_POINT('Origin',(590.708194610081,630.402857016699,-5.0837832305222));
#5433=CARTESIAN_POINT('',(590.708194610081,630.402857016699,-5.08378323051737));
#5434=CARTESIAN_POINT('Origin',(590.708194610081,630.402857016699,-6.77378323051734));
#5435=CARTESIAN_POINT('Ctrl Pts',(573.634794509859,666.770411567862,-0.0100000000000005));
#5436=CARTESIAN_POINT('Ctrl Pts',(573.634794509859,667.270415614017,-0.0100000000000262));
#5437=CARTESIAN_POINT('Ctrl Pts',(573.634794509859,667.770419660173,-0.010000000000052));
#5438=CARTESIAN_POINT('Ctrl Pts',(573.634794509859,668.270423706329,-0.0100000000000777));
#5439=CARTESIAN_POINT('Ctrl Pts',(573.484446861437,666.770411558538,-0.00775872233609856));
#5440=CARTESIAN_POINT('Ctrl Pts',(573.484446861437,667.270799666024,0.104162758432718));
#5441=CARTESIAN_POINT('Ctrl Pts',(573.484446861437,667.77003561749,0.216921713314333));
#5442=CARTESIAN_POINT('Ctrl Pts',(573.484446861437,668.270423706329,0.328843207637133));
#5443=CARTESIAN_POINT('Ctrl Pts',(573.133635681786,666.768585000372,-0.00252062103404363));
#5444=CARTESIAN_POINT('Ctrl Pts',(573.133635681786,667.176948434932,0.371526129556864));
#5445=CARTESIAN_POINT('Ctrl Pts',(573.133635681786,667.585912636026,0.746710630784493));
#5446=CARTESIAN_POINT('Ctrl Pts',(573.133635681786,667.99427608031,1.12075739978917));
#5447=CARTESIAN_POINT('Ctrl Pts',(572.782824502135,666.763412051299,-1.21779417264913E-5));
#5448=CARTESIAN_POINT('Ctrl Pts',(572.782824502135,666.913680717583,0.501617923209549));
#5449=CARTESIAN_POINT('Ctrl Pts',(572.782824502135,667.061946015984,0.998369977796793));
#5450=CARTESIAN_POINT('Ctrl Pts',(572.782824502135,667.212214649845,1.5));
#5451=CARTESIAN_POINT('Ctrl Pts',(572.582360970906,666.760423706329,-1.21384673732217E-5));
#5452=CARTESIAN_POINT('Ctrl Pts',(572.582360970906,666.760423706329,0.499991907688418));
#5453=CARTESIAN_POINT('Ctrl Pts',(572.582360970906,666.760423706329,0.999995953844209));
#5454=CARTESIAN_POINT('Ctrl Pts',(572.582360970906,666.760423706329,1.5));
#5455=CARTESIAN_POINT('Origin',(594.877024785535,666.770423706328,-16.0337822305189));
#5456=CARTESIAN_POINT('',(594.877024785535,666.770423706328,-19.7237822305189));
#5457=CARTESIAN_POINT('Origin',(607.894260575966,666.770423706328,-19.7237822305189));
#5458=CARTESIAN_POINT('',(607.894260575966,666.770423706328,-19.7237822305189));
#5459=CARTESIAN_POINT('Origin',(607.894260575966,666.770423706328,-16.0337822305189));
#5460=CARTESIAN_POINT('',(610.503484598551,666.770423706328,-18.6430062530906));
#5461=CARTESIAN_POINT('Origin',(613.58193164369,666.770423706328,-15.5645592079561));
#5462=CARTESIAN_POINT('',(613.581931643689,666.770423706328,-15.5645592079547));
#5463=CARTESIAN_POINT('Origin',(616.191155666267,666.770423706328,-18.1737832305332));
#5464=CARTESIAN_POINT('',(616.191155666267,666.770423706328,-14.4837832305332));
#5465=CARTESIAN_POINT('Origin',(628.322265318962,666.770423706328,-14.4837832305237));
#5466=CARTESIAN_POINT('',(628.322265318962,666.770423706328,-14.4837832305213));
#5467=CARTESIAN_POINT('Origin',(628.322265318959,666.770423706328,-10.7937832305213));
#5468=CARTESIAN_POINT('',(630.931489341535,666.770423706328,-13.4030072531016));
#5469=CARTESIAN_POINT('Origin',(634.627801762963,666.770423706329,-9.70669483167484));
#5470=CARTESIAN_POINT('',(634.627801762964,666.770423706329,-9.70669483167612));
#5471=CARTESIAN_POINT('Origin',(632.018577740386,666.770423706329,-7.09747080909779));
#5472=CARTESIAN_POINT('',(635.708577740386,666.770423706329,-7.09747080909779));
#5473=CARTESIAN_POINT('Origin',(635.708577740381,666.770423706329,-1.87009565194927));
#5474=CARTESIAN_POINT('',(635.708577740386,666.770423706329,-1.87009565194927));
#5475=CARTESIAN_POINT('Origin',(632.018577740386,666.770423706329,-1.87009565194927));
#5476=CARTESIAN_POINT('',(634.627801762971,666.770423706329,0.739128370622382));
#5477=CARTESIAN_POINT('Origin',(630.931489341547,666.770423706329,4.43544079204585));
#5478=CARTESIAN_POINT('',(630.931489341547,666.770423706329,4.43544079204585));
#5479=CARTESIAN_POINT('Origin',(628.322265318962,666.770423706329,1.8262167694742));
#5480=CARTESIAN_POINT('',(628.322265318949,666.770423706329,5.5162167694742));
#5481=CARTESIAN_POINT('Origin',(607.56747316385,666.770423706329,5.51621676948372));
#5482=CARTESIAN_POINT('',(607.56747316385,666.770423706329,5.5162167694813));
#5483=CARTESIAN_POINT('Origin',(607.56747316385,666.770423706329,1.82621676948131));
#5484=CARTESIAN_POINT('',(604.958249141272,666.770423706329,4.43544079205978));
#5485=CARTESIAN_POINT('Origin',(601.534014658482,666.770423706329,1.01120630927127));
#5486=CARTESIAN_POINT('',(601.534014658485,666.770423706329,1.011206309268));
#5487=CARTESIAN_POINT('Origin',(600.339004198278,666.770423706329,2.20621676947147));
#5488=CARTESIAN_POINT('',(600.339004198278,666.770423706329,0.516216769471356));
#5489=CARTESIAN_POINT('Origin',(599.251302590504,666.770423706329,0.516216769474198));
#5490=CARTESIAN_POINT('',(599.251302590504,666.770423706329,0.516216769474198));
#5491=CARTESIAN_POINT('Origin',(599.251302590506,666.770423706329,-0.173783230525828));
#5492=CARTESIAN_POINT('Origin',(597.708577740384,667.286640475805,0.));
#5493=CARTESIAN_POINT('',(597.300293716225,666.373785533808,0.));
#5494=CARTESIAN_POINT('',(597.300293714084,666.373785529021,0.));
#5495=CARTESIAN_POINT('Origin',(597.708577740384,667.286640475805,0.));
#5496=CARTESIAN_POINT('Origin',(597.018577740382,665.743915625683,0.));
#5497=CARTESIAN_POINT('',(597.708577740382,665.743915625683,0.));
#5498=CARTESIAN_POINT('Origin',(597.018577740382,665.743915625683,0.));
#5499=CARTESIAN_POINT('',(597.708577740382,665.743915625683,0.));
#5500=CARTESIAN_POINT('Origin',(597.70857774038,664.670185086599,0.));
#5501=CARTESIAN_POINT('',(597.70857774038,664.670185086599,0.));
#5502=CARTESIAN_POINT('',(597.708577740382,665.743915625683,0.));
#5503=CARTESIAN_POINT('',(597.70857774038,664.670185086599,0.));
#5504=CARTESIAN_POINT('Origin',(598.34857774038,664.670185086597,0.));
#5505=CARTESIAN_POINT('',(597.896029400421,664.217636746637,0.));
#5506=CARTESIAN_POINT('Origin',(598.34857774038,664.670185086597,0.));
#5507=CARTESIAN_POINT('',(597.896029400421,664.217636746637,0.));
#5508=CARTESIAN_POINT('Origin',(600.854812111669,661.258854035389,0.));
#5509=CARTESIAN_POINT('',(600.854812111669,661.258854035389,0.));
#5510=CARTESIAN_POINT('',(600.854812111669,661.258854035389,0.));
#5511=CARTESIAN_POINT('',(600.854812111669,661.258854035389,0.));
#5512=CARTESIAN_POINT('Origin',(600.40226377171,660.80630569543,0.));
#5513=CARTESIAN_POINT('',(600.304704971954,660.173785111227,0.));
#5514=CARTESIAN_POINT('Origin',(600.40226377171,660.80630569543,0.));
#5515=CARTESIAN_POINT('',(600.304704973008,660.17378511806,0.));
#5516=CARTESIAN_POINT('Origin',(600.137025785545,659.086640361517,0.));
#5517=CARTESIAN_POINT('',(600.364611991996,658.010441247112,0.));
#5518=CARTESIAN_POINT('Origin',(600.137025785545,659.086640361517,0.));
#5519=CARTESIAN_POINT('',(600.364611990565,658.010441253879,0.));
#5520=CARTESIAN_POINT('Origin',(600.497025785546,657.384289031742,0.));
#5521=CARTESIAN_POINT('',(601.137025785546,657.384289031737,0.));
#5522=CARTESIAN_POINT('Origin',(600.497025785546,657.384289031742,0.));
#5523=CARTESIAN_POINT('',(601.137025785546,657.384289031737,0.));
#5524=CARTESIAN_POINT('Origin',(601.137025785545,656.616640361516,0.));
#5525=CARTESIAN_POINT('',(601.137025785546,656.616640361516,0.));
#5526=CARTESIAN_POINT('',(601.137025785545,656.616640361516,0.));
#5527=CARTESIAN_POINT('',(601.137025785546,656.616640361516,0.));
#5528=CARTESIAN_POINT('Origin',(600.497025785546,656.616640361516,0.));
#5529=CARTESIAN_POINT('',(600.497025785546,655.976640361516,0.));
#5530=CARTESIAN_POINT('Origin',(600.497025785546,656.616640361516,0.));
#5531=CARTESIAN_POINT('',(600.497025785546,655.976640361516,0.));
#5532=CARTESIAN_POINT('Origin',(585.136311499831,655.976640361517,0.));
#5533=CARTESIAN_POINT('',(585.136311499831,655.976640361515,0.));
#5534=CARTESIAN_POINT('',(585.136311499831,655.976640361517,0.));
#5535=CARTESIAN_POINT('',(585.136311499831,655.976640361515,0.));
#5536=CARTESIAN_POINT('Origin',(585.136311499831,654.076640361515,0.));
#5537=CARTESIAN_POINT('',(583.236311499831,654.076640361515,0.));
#5538=CARTESIAN_POINT('Origin',(585.136311499831,654.076640361515,0.));
#5539=CARTESIAN_POINT('',(583.236311499831,654.076640361515,0.));
#5540=CARTESIAN_POINT('Origin',(583.236311499833,643.096640361519,0.));
#5541=CARTESIAN_POINT('',(583.236311499831,643.096640361519,0.));
#5542=CARTESIAN_POINT('',(583.236311499833,654.076640361515,0.));
#5543=CARTESIAN_POINT('',(583.236311499831,643.096640361519,0.));
#5544=CARTESIAN_POINT('Origin',(585.136311499831,643.096640361519,0.));
#5545=CARTESIAN_POINT('',(585.136311499831,641.196640361519,0.));
#5546=CARTESIAN_POINT('Origin',(585.136311499831,643.096640361519,0.));
#5547=CARTESIAN_POINT('',(585.136311499831,641.196640361519,0.));
#5548=CARTESIAN_POINT('Origin',(600.497025785546,641.196640361518,0.));
#5549=CARTESIAN_POINT('',(600.497025785546,641.196640361518,0.));
#5550=CARTESIAN_POINT('',(585.136311499831,641.196640361518,0.));
#5551=CARTESIAN_POINT('',(600.497025785546,641.196640361518,0.));
#5552=CARTESIAN_POINT('Origin',(600.497025785546,640.556640361518,0.));
#5553=CARTESIAN_POINT('',(601.137025785546,640.556640361518,0.));
#5554=CARTESIAN_POINT('Origin',(600.497025785546,640.556640361518,0.));
#5555=CARTESIAN_POINT('',(601.137025785546,640.556640361518,0.));
#5556=CARTESIAN_POINT('Origin',(601.137025785546,639.788991691285,0.));
#5557=CARTESIAN_POINT('',(601.137025785546,639.788991691285,0.));
#5558=CARTESIAN_POINT('',(601.137025785546,639.788991691285,0.));
#5559=CARTESIAN_POINT('',(601.137025785546,639.788991691285,0.));
#5560=CARTESIAN_POINT('Origin',(600.497025785546,639.788991691285,0.));
#5561=CARTESIAN_POINT('',(600.364611991995,639.162839475919,0.));
#5562=CARTESIAN_POINT('Origin',(600.497025785546,639.788991691285,0.));
#5563=CARTESIAN_POINT('',(600.364611990565,639.162839469156,0.));
#5564=CARTESIAN_POINT('Origin',(600.137025785545,638.086640361517,0.));
#5565=CARTESIAN_POINT('',(600.304704971871,636.999495612329,0.));
#5566=CARTESIAN_POINT('Origin',(600.137025785545,638.086640361517,0.));
#5567=CARTESIAN_POINT('',(600.304704970817,636.999495619165,0.));
#5568=CARTESIAN_POINT('Origin',(600.40226377171,636.366975027598,0.));
#5569=CARTESIAN_POINT('',(600.854812111671,635.91442668764,0.));
#5570=CARTESIAN_POINT('Origin',(600.40226377171,636.366975027598,0.));
#5571=CARTESIAN_POINT('',(600.854812111671,635.91442668764,0.));
#5572=CARTESIAN_POINT('Origin',(597.896029400421,632.955643976394,0.));
#5573=CARTESIAN_POINT('',(597.896029400423,632.955643976392,0.));
#5574=CARTESIAN_POINT('',(600.854812111669,635.914426687642,0.));
#5575=CARTESIAN_POINT('',(597.896029400423,632.955643976392,0.));
#5576=CARTESIAN_POINT('Origin',(598.34857774038,632.503095636431,0.));
#5577=CARTESIAN_POINT('',(597.70857774038,632.503095636431,0.));
#5578=CARTESIAN_POINT('Origin',(598.34857774038,632.503095636431,0.));
#5579=CARTESIAN_POINT('',(597.70857774038,632.503095636431,0.));
#5580=CARTESIAN_POINT('Origin',(597.708577740384,631.429365097344,0.));
#5581=CARTESIAN_POINT('',(597.708577740382,631.429365097344,0.));
#5582=CARTESIAN_POINT('',(597.708577740381,632.503095636431,0.));
#5583=CARTESIAN_POINT('',(597.708577740382,631.429365097344,0.));
#5584=CARTESIAN_POINT('Origin',(597.018577740382,631.429365097344,0.));
#5585=CARTESIAN_POINT('',(597.300293716388,630.79949518885,0.));
#5586=CARTESIAN_POINT('Origin',(597.018577740382,631.429365097344,0.));
#5587=CARTESIAN_POINT('',(597.300293718529,630.799495184063,0.));
#5588=CARTESIAN_POINT('Origin',(597.708577740384,629.886640247222,0.));
#5589=CARTESIAN_POINT('Origin',(597.708577740384,629.886640247222,0.));
#5590=CARTESIAN_POINT('Origin',(599.251302590506,630.402857016698,-0.173783230518794));
#5591=CARTESIAN_POINT('',(599.251302590506,630.402857016698,0.516216769481233));
#5592=CARTESIAN_POINT('Origin',(600.339004198278,630.402857016698,0.516216769478604));
#5593=CARTESIAN_POINT('',(600.339004198278,630.402857016698,0.516216769478604));
#5594=CARTESIAN_POINT('Origin',(600.339004198278,630.402857016698,2.20621676947857));
#5595=CARTESIAN_POINT('',(601.534014658487,630.402857016698,1.01120630927639));
#5596=CARTESIAN_POINT('Origin',(604.958249141273,630.402857016698,4.43544079206546));
#5597=CARTESIAN_POINT('',(604.958249141272,630.402857016698,4.43544079206667));
#5598=CARTESIAN_POINT('Origin',(607.56747316385,630.402857016698,1.82621676948834));
#5599=CARTESIAN_POINT('',(607.56747316385,630.402857016698,5.51621676948834));
#5600=CARTESIAN_POINT('Origin',(628.322265318962,630.402857016698,5.51621676948116));
#5601=CARTESIAN_POINT('',(628.322265318962,630.402857016698,5.51621676948116));
#5602=CARTESIAN_POINT('Origin',(628.322265318962,630.402857016698,1.82621676948116));
#5603=CARTESIAN_POINT('',(630.931489341541,630.402857016698,4.4354407920595));
#5604=CARTESIAN_POINT('Origin',(634.627801762971,630.402857016698,0.739128370629345));
#5605=CARTESIAN_POINT('',(634.627801762971,630.402857016698,0.739128370629345));
#5606=CARTESIAN_POINT('Origin',(632.018577740386,630.402857016699,-1.87009565194231));
#5607=CARTESIAN_POINT('',(635.708577740386,630.402857016699,-1.87009565194231));
#5608=CARTESIAN_POINT('Origin',(635.708577740386,630.402857016699,-7.09747080909075));
#5609=CARTESIAN_POINT('',(635.708577740386,630.402857016699,-7.09747080909075));
#5610=CARTESIAN_POINT('Origin',(632.018577740386,630.402857016699,-7.09747080909075));
#5611=CARTESIAN_POINT('',(634.627801762971,630.402857016699,-9.7066948316624));
#5612=CARTESIAN_POINT('Origin',(630.931489341544,630.402857016699,-13.4030072530931));
#5613=CARTESIAN_POINT('',(630.931489341544,630.402857016699,-13.4030072530931));
#5614=CARTESIAN_POINT('Origin',(628.322265318959,630.402857016699,-10.7937832305215));
#5615=CARTESIAN_POINT('',(628.322265318959,630.402857016699,-14.4837832305215));
#5616=CARTESIAN_POINT('Origin',(616.191155666267,630.402857016699,-14.4837832305311));
#5617=CARTESIAN_POINT('',(616.191155666267,630.402857016699,-14.4837832305262));
#5618=CARTESIAN_POINT('Origin',(616.191155666267,630.402857016699,-18.1737832305262));
#5619=CARTESIAN_POINT('',(613.581931643682,630.402857016699,-15.5645592079546));
#5620=CARTESIAN_POINT('Origin',(610.503484598551,630.402857016699,-18.6430062530907));
#5621=CARTESIAN_POINT('',(610.503484598551,630.402857016699,-18.6430062530907));
#5622=CARTESIAN_POINT('Origin',(607.894260575966,630.402857016699,-16.0337822305191));
#5623=CARTESIAN_POINT('',(607.894260575966,630.4028570167,-19.723782230519));
#5624=CARTESIAN_POINT('Origin',(594.877024785535,630.4028570167,-19.7237822305142));
#5625=CARTESIAN_POINT('',(594.877024785535,630.4028570167,-19.723782230519));
#5626=CARTESIAN_POINT('Origin',(594.877024785535,630.402857016699,-16.0337822305191));
#5627=CARTESIAN_POINT('',(592.26780076295,630.402857016699,-18.6430062530907));
#5628=CARTESIAN_POINT('Origin',(558.939353603517,630.402857016698,14.685440906349));
#5629=CARTESIAN_POINT('Origin',(561.548577626098,646.665088406672,0.));
#5630=CARTESIAN_POINT('',(557.858577626098,646.665088406672,0.));
#5631=CARTESIAN_POINT('Origin',(561.548577626098,646.665088406672,0.));
#5632=CARTESIAN_POINT('',(557.858577626098,646.665088406672,0.));
#5633=CARTESIAN_POINT('Origin',(557.858577626098,650.508192316363,0.));
#5634=CARTESIAN_POINT('',(557.858577626098,650.508192316363,0.));
#5635=CARTESIAN_POINT('',(557.858577626098,650.508192316363,0.));
#5636=CARTESIAN_POINT('',(557.858577626098,650.508192316363,0.));
#5637=CARTESIAN_POINT('Origin',(561.548577626098,650.508192316363,0.));
#5638=CARTESIAN_POINT('Origin',(561.548577626098,650.508192316363,0.));
#5639=CARTESIAN_POINT('Origin',(584.908577740385,630.412857016699,-0.01));
#5640=CARTESIAN_POINT('Origin',(596.78357768324,648.586640361514,0.));
#5641=UNCERTAINTY_MEASURE_WITH_UNIT(LENGTH_MEASURE(0.01),#5645,
'DISTANCE_ACCURACY_VALUE',
'Maximum model space distance between geometric entities at asserted c
onnectivities');
#5642=UNCERTAINTY_MEASURE_WITH_UNIT(LENGTH_MEASURE(0.01),#5645,
'DISTANCE_ACCURACY_VALUE',
'Maximum model space distance between geometric entities at asserted c
onnectivities');
#5643=(
GEOMETRIC_REPRESENTATION_CONTEXT(3)
GLOBAL_UNCERTAINTY_ASSIGNED_CONTEXT((#5641))
GLOBAL_UNIT_ASSIGNED_CONTEXT((#5645,#5647,#5648))
REPRESENTATION_CONTEXT('','3D')
);
#5644=(
GEOMETRIC_REPRESENTATION_CONTEXT(3)
GLOBAL_UNCERTAINTY_ASSIGNED_CONTEXT((#5642))
GLOBAL_UNIT_ASSIGNED_CONTEXT((#5645,#5647,#5648))
REPRESENTATION_CONTEXT('','3D')
);
#5645=(
LENGTH_UNIT()
NAMED_UNIT(*)
SI_UNIT(.MILLI.,.METRE.)
);
#5646=(
LENGTH_UNIT()
NAMED_UNIT(*)
SI_UNIT($,.METRE.)
);
#5647=(
NAMED_UNIT(*)
PLANE_ANGLE_UNIT()
SI_UNIT($,.RADIAN.)
);
#5648=(
NAMED_UNIT(*)
SI_UNIT($,.STERADIAN.)
SOLID_ANGLE_UNIT()
);
#5649=SHAPE_DEFINITION_REPRESENTATION(#5650,#5651);
#5650=PRODUCT_DEFINITION_SHAPE('',$,#5653);
#5651=SHAPE_REPRESENTATION('',(#3107),#5643);
#5652=PRODUCT_DEFINITION_CONTEXT('part definition',#5657,'design');
#5653=PRODUCT_DEFINITION('AL-\X2\8F7B91CF531659395934\X0\-\X2\6D3B52A84FA7\X0\',
'AL-\X2\8F7B91CF531659395934\X0\-\X2\6D3B52A84FA7\X0\',#5654,#5652);
#5654=PRODUCT_DEFINITION_FORMATION('',$,#5659);
#5655=PRODUCT_RELATED_PRODUCT_CATEGORY('AL-\X2\8F7B91CF531659395934\X0\-
\X2\6D3B52A84FA7\X0\','AL-\X2\8F7B91CF531659395934\X0\-\X2\6D3B52A84FA7\X0\',
(#5659));
#5656=APPLICATION_PROTOCOL_DEFINITION('international standard',
'automotive_design',2009,#5657);
#5657=APPLICATION_CONTEXT(
'Core Data for Automotive Mechanical Design Process');
#5658=PRODUCT_CONTEXT('part definition',#5657,'mechanical');
#5659=PRODUCT('AL-\X2\8F7B91CF531659395934\X0\-\X2\6D3B52A84FA7\X0\',
'AL-\X2\8F7B91CF531659395934\X0\-\X2\6D3B52A84FA7\X0\',$,(#5658));
#5660=PRESENTATION_STYLE_ASSIGNMENT((#5662));
#5661=PRESENTATION_STYLE_ASSIGNMENT((#5663));
#5662=SURFACE_STYLE_USAGE(.BOTH.,#5664);
#5663=SURFACE_STYLE_USAGE(.BOTH.,#5665);
#5664=SURFACE_SIDE_STYLE('',(#5666));
#5665=SURFACE_SIDE_STYLE('',(#5667));
#5666=SURFACE_STYLE_FILL_AREA(#5668);
#5667=SURFACE_STYLE_FILL_AREA(#5669);
#5668=FILL_AREA_STYLE('Acero - Satinado',(#5670));
#5669=FILL_AREA_STYLE('Opaque(56,56,56)',(#5671));
#5670=FILL_AREA_STYLE_COLOUR('Acero - Satinado',#5672);
#5671=FILL_AREA_STYLE_COLOUR('Opaque(56,56,56)',#5673);
#5672=COLOUR_RGB('Acero - Satinado',0.627450980392157,0.627450980392157,
0.627450980392157);
#5673=COLOUR_RGB('Opaque(56,56,56)',0.219607843137255,0.219607843137255,
0.219607843137255);
ENDSEC;
END-ISO-10303-21;
