ISO-10303-21;
HEADER;
/* Generated by software containing ST-Developer
 * from STEP Tools, Inc. (www.steptools.com) 
 */

FILE_DESCRIPTION(
/* description */ (''),
/* implementation_level */ '2;1');

FILE_NAME(
/* name */ 'AL-muneca.step',
/* time_stamp */ '2026-06-02T00:19:40-06:00',
/* author */ (''),
/* organization */ (''),
/* preprocessor_version */ 'ST-DEVELOPER v20.1',
/* originating_system */ 'Autodesk Translation Framework v14.24.0.0',
/* authorisation */ '');

FILE_SCHEMA (('AUTOMOTIVE_DESIGN { 1 0 10303 214 3 1 1 }'));
ENDSEC;

DATA;
#10=MECHANICAL_DESIGN_GEOMETRIC_PRESENTATION_REPRESENTATION('',(#13),#2555);
#11=SHAPE_REPRESENTATION_RELATIONSHIP('SRR','None',#2562,#12);
#12=ADVANCED_BREP_SHAPE_REPRESENTATION('',(#14),#2554);
#13=STYLED_ITEM('',(#2572),#14);
#14=MANIFOLD_SOLID_BREP('Cuerpo1',#1376);
#15=B_SPLINE_SURFACE_WITH_KNOTS('',3,3,((#2076,#2077,#2078,#2079),(#2080,
#2081,#2082,#2083),(#2084,#2085,#2086,#2087),(#2088,#2089,#2090,#2091),
(#2092,#2093,#2094,#2095)),.UNSPECIFIED.,.F.,.F.,.F.,(4,1,4),(4,4),(0.,
0.0708892052070889,0.165408145483207),(-1.21406985229434E-6,0.15),
 .UNSPECIFIED.);
#16=B_SPLINE_SURFACE_WITH_KNOTS('',3,3,((#2294,#2295,#2296,#2297,#2298),
(#2299,#2300,#2301,#2302,#2303),(#2304,#2305,#2306,#2307,#2308),(#2309,
#2310,#2311,#2312,#2313)),.UNSPECIFIED.,.F.,.F.,.F.,(4,4),(4,1,4),(-1.82048467610594E-5,
2.17581163311691),(0.0803564253119746,0.539955513339243,1.15212143416271),
 .UNSPECIFIED.);
#17=B_SPLINE_SURFACE_WITH_KNOTS('',3,3,((#2460,#2461,#2462,#2463,#2464,
#2465,#2466),(#2467,#2468,#2469,#2470,#2471,#2472,#2473),(#2474,#2475,#2476,
#2477,#2478,#2479,#2480),(#2481,#2482,#2483,#2484,#2485,#2486,#2487)),
 .UNSPECIFIED.,.F.,.F.,.F.,(4,4),(4,1,1,1,4),(0.,1.5022795005954),(1.93334150732589,
2.21213829476719,2.76517286845902,3.31820744215086,3.87352151643406),
 .UNSPECIFIED.);
#18=B_SPLINE_CURVE_WITH_KNOTS('',3,(#2067,#2068,#2069,#2070,#2071,#2072),
 .UNSPECIFIED.,.F.,.F.,(4,2,4),(0.,0.0646673259941477,0.129317526682694),
 .UNSPECIFIED.);
#19=B_SPLINE_CURVE_WITH_KNOTS('',3,(#2099,#2100,#2101,#2102,#2103),
 .UNSPECIFIED.,.F.,.F.,(4,1,4),(0.,0.673198425769248,1.57079632679494),
 .UNSPECIFIED.);
#20=B_SPLINE_CURVE_WITH_KNOTS('',3,(#2165,#2166,#2167,#2168,#2169,#2170,
#2171,#2172,#2173,#2174,#2175,#2176,#2177,#2178,#2179,#2180,#2181,#2182,
#2183,#2184,#2185,#2186,#2187,#2188,#2189,#2190,#2191,#2192,#2193,#2194,
#2195,#2196,#2197,#2198,#2199,#2200,#2201),.UNSPECIFIED.,.F.,.F.,(4,3,3,
3,3,3,3,3,3,3,3,3,4),(0.0822550149507728,0.182202296718042,0.283648642660539,
0.384046796265098,0.481029224013087,0.539955513339243,0.629672670041437,
0.719738478867852,0.810134458328019,0.901040686107384,0.992206169479424,
1.0836149678982,1.15022284452401),.UNSPECIFIED.);
#21=B_SPLINE_CURVE_WITH_KNOTS('',3,(#2202,#2203,#2204,#2205,#2206,#2207,
#2208,#2209,#2210,#2211,#2212,#2213,#2214,#2215,#2216,#2217,#2218,#2219,
#2220,#2221,#2222,#2223,#2224,#2225,#2226,#2227,#2228,#2229,#2230,#2231,
#2232,#2233,#2234,#2235,#2236,#2237,#2238,#2239,#2240,#2241,#2242,#2243,
#2244,#2245,#2246,#2247,#2248,#2249,#2250,#2251,#2252,#2253,#2254,#2255,
#2256,#2257,#2258,#2259,#2260,#2261,#2262,#2263,#2264,#2265,#2266,#2267,
#2268,#2269,#2270,#2271,#2272,#2273,#2274,#2275,#2276,#2277,#2278,#2279,
#2280,#2281,#2282,#2283,#2284,#2285,#2286,#2287,#2288,#2289,#2290,#2291,
#2292),.UNSPECIFIED.,.F.,.F.,(4,3,3,3,3,3,3,3,3,3,3,3,3,3,3,3,3,3,3,3,3,
3,3,3,3,3,3,3,3,3,4),(-3.87124201583912,-3.79358946153987,-3.71647568863763,
-3.64011559574816,-3.56458615906151,-3.49025982989257,-3.41659664885737,
-3.343866237485,-3.31820744215086,-3.23931343393466,-3.15924360516252,-3.07861815242891,
-2.99884010200063,-2.92037409219722,-2.84277348032812,-2.76517286845902,
-2.69415256387037,-2.62472371487779,-2.55657336458718,-2.48945172611408,
-2.42012336827736,-2.35474899970122,-2.28980913936485,-2.22532570847986,
-2.21213829476719,-2.15814354522538,-2.10251291089935,-2.04908909562686,
-1.99573852354462,-1.9423532798765,-1.93562100792127),.UNSPECIFIED.);
#22=B_SPLINE_CURVE_WITH_KNOTS('',3,(#2318,#2319,#2320,#2321,#2322,#2323),
 .UNSPECIFIED.,.F.,.F.,(4,2,4),(0.,0.0310696263866617,0.0641036662733939),
 .UNSPECIFIED.);
#23=B_SPLINE_CURVE_WITH_KNOTS('',3,(#2488,#2489,#2490,#2491,#2492,#2493,
#2494),.UNSPECIFIED.,.F.,.F.,(4,1,1,1,4),(1.93562100792127,2.21213829476693,
2.76517286845885,3.31820744215077,3.87124201168372),.UNSPECIFIED.);
#24=CYLINDRICAL_SURFACE('',#1399,0.99999999898003);
#25=CYLINDRICAL_SURFACE('',#1426,0.99999999898003);
#26=CYLINDRICAL_SURFACE('',#1429,0.01);
#27=CYLINDRICAL_SURFACE('',#1447,1.51);
#28=CYLINDRICAL_SURFACE('',#1471,0.999999999999986);
#29=CYLINDRICAL_SURFACE('',#1480,1.49999999999999);
#30=CYLINDRICAL_SURFACE('',#1481,1.49999999999999);
#31=CYLINDRICAL_SURFACE('',#1482,1.49999999999999);
#32=CYLINDRICAL_SURFACE('',#1483,1.49999999999999);
#33=CYLINDRICAL_SURFACE('',#1484,0.99999999898003);
#34=CYLINDRICAL_SURFACE('',#1485,0.99999999898003);
#35=CYLINDRICAL_SURFACE('',#1487,1.49999999999963);
#36=CYLINDRICAL_SURFACE('',#1488,10.9446062161527);
#37=CYLINDRICAL_SURFACE('',#1489,2.05230891972563);
#38=CYLINDRICAL_SURFACE('',#1492,2.0523089197248);
#39=CYLINDRICAL_SURFACE('',#1493,10.9446062161519);
#40=CYLINDRICAL_SURFACE('',#1494,1.49999999999999);
#41=CYLINDRICAL_SURFACE('',#1496,1.50000000000004);
#42=CYLINDRICAL_SURFACE('',#1499,1.49999999999999);
#43=CYLINDRICAL_SURFACE('',#1501,1.50000000000002);
#44=CYLINDRICAL_SURFACE('',#1503,0.690000000000009);
#45=CYLINDRICAL_SURFACE('',#1504,0.690000000000015);
#46=CYLINDRICAL_SURFACE('',#1506,1.49999999999999);
#47=CYLINDRICAL_SURFACE('',#1508,1.50000000000002);
#48=CYLINDRICAL_SURFACE('',#1510,1.68999999999997);
#49=CYLINDRICAL_SURFACE('',#1512,0.368999999999986);
#50=CYLINDRICAL_SURFACE('',#1514,2.0589999999993);
#51=CYLINDRICAL_SURFACE('',#1516,2.05899999999929);
#52=CYLINDRICAL_SURFACE('',#1517,1.68999999999997);
#53=CYLINDRICAL_SURFACE('',#1519,0.369000000000028);
#54=CYLINDRICAL_SURFACE('',#1521,0.499999999999972);
#55=CYLINDRICAL_SURFACE('',#1523,0.499999999999972);
#56=CYLINDRICAL_SURFACE('',#1525,0.499999999999972);
#57=CYLINDRICAL_SURFACE('',#1527,0.499999999999972);
#58=CYLINDRICAL_SURFACE('',#1529,0.499999999999972);
#59=CYLINDRICAL_SURFACE('',#1531,0.29999999999994);
#60=CYLINDRICAL_SURFACE('',#1532,1.51);
#61=CYLINDRICAL_SURFACE('',#1533,0.01);
#62=FACE_BOUND('',#183,.T.);
#63=FACE_BOUND('',#184,.T.);
#64=FACE_BOUND('',#188,.T.);
#65=FACE_BOUND('',#189,.T.);
#66=FACE_BOUND('',#190,.T.);
#67=FACE_BOUND('',#191,.T.);
#68=FACE_BOUND('',#197,.T.);
#69=FACE_BOUND('',#198,.T.);
#70=FACE_BOUND('',#201,.T.);
#71=FACE_BOUND('',#202,.T.);
#72=FACE_BOUND('',#207,.T.);
#73=FACE_BOUND('',#208,.T.);
#74=FACE_BOUND('',#209,.T.);
#75=FACE_BOUND('',#210,.T.);
#76=FACE_BOUND('',#213,.T.);
#77=FACE_BOUND('',#214,.T.);
#78=PLANE('',#1393);
#79=PLANE('',#1404);
#80=PLANE('',#1428);
#81=PLANE('',#1431);
#82=PLANE('',#1438);
#83=PLANE('',#1439);
#84=PLANE('',#1446);
#85=PLANE('',#1449);
#86=PLANE('',#1472);
#87=PLANE('',#1478);
#88=PLANE('',#1486);
#89=PLANE('',#1490);
#90=PLANE('',#1495);
#91=PLANE('',#1497);
#92=PLANE('',#1498);
#93=PLANE('',#1500);
#94=PLANE('',#1502);
#95=PLANE('',#1505);
#96=PLANE('',#1507);
#97=PLANE('',#1509);
#98=PLANE('',#1511);
#99=PLANE('',#1513);
#100=PLANE('',#1515);
#101=PLANE('',#1518);
#102=PLANE('',#1520);
#103=PLANE('',#1522);
#104=PLANE('',#1524);
#105=PLANE('',#1526);
#106=PLANE('',#1528);
#107=PLANE('',#1530);
#108=FACE_OUTER_BOUND('',#181,.T.);
#109=FACE_OUTER_BOUND('',#182,.T.);
#110=FACE_OUTER_BOUND('',#185,.T.);
#111=FACE_OUTER_BOUND('',#186,.T.);
#112=FACE_OUTER_BOUND('',#187,.T.);
#113=FACE_OUTER_BOUND('',#192,.T.);
#114=FACE_OUTER_BOUND('',#193,.T.);
#115=FACE_OUTER_BOUND('',#194,.T.);
#116=FACE_OUTER_BOUND('',#195,.T.);
#117=FACE_OUTER_BOUND('',#196,.T.);
#118=FACE_OUTER_BOUND('',#199,.T.);
#119=FACE_OUTER_BOUND('',#200,.T.);
#120=FACE_OUTER_BOUND('',#203,.T.);
#121=FACE_OUTER_BOUND('',#204,.T.);
#122=FACE_OUTER_BOUND('',#205,.T.);
#123=FACE_OUTER_BOUND('',#206,.T.);
#124=FACE_OUTER_BOUND('',#211,.T.);
#125=FACE_OUTER_BOUND('',#212,.T.);
#126=FACE_OUTER_BOUND('',#215,.T.);
#127=FACE_OUTER_BOUND('',#216,.T.);
#128=FACE_OUTER_BOUND('',#217,.T.);
#129=FACE_OUTER_BOUND('',#218,.T.);
#130=FACE_OUTER_BOUND('',#219,.T.);
#131=FACE_OUTER_BOUND('',#220,.T.);
#132=FACE_OUTER_BOUND('',#221,.T.);
#133=FACE_OUTER_BOUND('',#222,.T.);
#134=FACE_OUTER_BOUND('',#223,.T.);
#135=FACE_OUTER_BOUND('',#224,.T.);
#136=FACE_OUTER_BOUND('',#225,.T.);
#137=FACE_OUTER_BOUND('',#226,.T.);
#138=FACE_OUTER_BOUND('',#227,.T.);
#139=FACE_OUTER_BOUND('',#228,.T.);
#140=FACE_OUTER_BOUND('',#229,.T.);
#141=FACE_OUTER_BOUND('',#230,.T.);
#142=FACE_OUTER_BOUND('',#231,.T.);
#143=FACE_OUTER_BOUND('',#232,.T.);
#144=FACE_OUTER_BOUND('',#233,.T.);
#145=FACE_OUTER_BOUND('',#234,.T.);
#146=FACE_OUTER_BOUND('',#235,.T.);
#147=FACE_OUTER_BOUND('',#236,.T.);
#148=FACE_OUTER_BOUND('',#237,.T.);
#149=FACE_OUTER_BOUND('',#238,.T.);
#150=FACE_OUTER_BOUND('',#239,.T.);
#151=FACE_OUTER_BOUND('',#240,.T.);
#152=FACE_OUTER_BOUND('',#241,.T.);
#153=FACE_OUTER_BOUND('',#242,.T.);
#154=FACE_OUTER_BOUND('',#243,.T.);
#155=FACE_OUTER_BOUND('',#244,.T.);
#156=FACE_OUTER_BOUND('',#245,.T.);
#157=FACE_OUTER_BOUND('',#246,.T.);
#158=FACE_OUTER_BOUND('',#247,.T.);
#159=FACE_OUTER_BOUND('',#248,.T.);
#160=FACE_OUTER_BOUND('',#249,.T.);
#161=FACE_OUTER_BOUND('',#250,.T.);
#162=FACE_OUTER_BOUND('',#251,.T.);
#163=FACE_OUTER_BOUND('',#252,.T.);
#164=FACE_OUTER_BOUND('',#253,.T.);
#165=FACE_OUTER_BOUND('',#254,.T.);
#166=FACE_OUTER_BOUND('',#255,.T.);
#167=FACE_OUTER_BOUND('',#256,.T.);
#168=FACE_OUTER_BOUND('',#257,.T.);
#169=FACE_OUTER_BOUND('',#258,.T.);
#170=FACE_OUTER_BOUND('',#259,.T.);
#171=FACE_OUTER_BOUND('',#260,.T.);
#172=FACE_OUTER_BOUND('',#261,.T.);
#173=FACE_OUTER_BOUND('',#262,.T.);
#174=FACE_OUTER_BOUND('',#263,.T.);
#175=FACE_OUTER_BOUND('',#264,.T.);
#176=FACE_OUTER_BOUND('',#265,.T.);
#177=FACE_OUTER_BOUND('',#266,.T.);
#178=FACE_OUTER_BOUND('',#267,.T.);
#179=FACE_OUTER_BOUND('',#268,.T.);
#180=FACE_OUTER_BOUND('',#269,.T.);
#181=EDGE_LOOP('',(#905,#906,#907,#908));
#182=EDGE_LOOP('',(#909,#910,#911,#912,#913,#914,#915,#916));
#183=EDGE_LOOP('',(#917));
#184=EDGE_LOOP('',(#918));
#185=EDGE_LOOP('',(#919,#920,#921,#922));
#186=EDGE_LOOP('',(#923,#924,#925,#926));
#187=EDGE_LOOP('',(#927,#928,#929,#930,#931,#932,#933,#934,#935,#936,#937,
#938,#939,#940,#941,#942,#943,#944,#945,#946,#947,#948,#949,#950,#951,#952,
#953,#954,#955,#956,#957,#958,#959,#960));
#188=EDGE_LOOP('',(#961));
#189=EDGE_LOOP('',(#962));
#190=EDGE_LOOP('',(#963));
#191=EDGE_LOOP('',(#964));
#192=EDGE_LOOP('',(#965,#966,#967,#968));
#193=EDGE_LOOP('',(#969,#970,#971,#972));
#194=EDGE_LOOP('',(#973,#974,#975,#976));
#195=EDGE_LOOP('',(#977,#978,#979,#980,#981,#982));
#196=EDGE_LOOP('',(#983,#984,#985,#986,#987,#988,#989,#990,#991,#992));
#197=EDGE_LOOP('',(#993));
#198=EDGE_LOOP('',(#994));
#199=EDGE_LOOP('',(#995,#996,#997,#998));
#200=EDGE_LOOP('',(#999,#1000,#1001,#1002,#1003,#1004,#1005,#1006,#1007,
#1008));
#201=EDGE_LOOP('',(#1009));
#202=EDGE_LOOP('',(#1010));
#203=EDGE_LOOP('',(#1011,#1012,#1013,#1014));
#204=EDGE_LOOP('',(#1015,#1016,#1017,#1018,#1019));
#205=EDGE_LOOP('',(#1020,#1021,#1022,#1023,#1024));
#206=EDGE_LOOP('',(#1025,#1026,#1027,#1028,#1029,#1030,#1031,#1032,#1033,
#1034,#1035,#1036,#1037,#1038,#1039,#1040,#1041,#1042,#1043,#1044,#1045,
#1046,#1047,#1048,#1049,#1050,#1051,#1052,#1053,#1054,#1055,#1056,#1057,
#1058));
#207=EDGE_LOOP('',(#1059));
#208=EDGE_LOOP('',(#1060));
#209=EDGE_LOOP('',(#1061));
#210=EDGE_LOOP('',(#1062));
#211=EDGE_LOOP('',(#1063,#1064,#1065,#1066));
#212=EDGE_LOOP('',(#1067,#1068,#1069,#1070,#1071,#1072,#1073,#1074));
#213=EDGE_LOOP('',(#1075));
#214=EDGE_LOOP('',(#1076));
#215=EDGE_LOOP('',(#1077,#1078,#1079,#1080));
#216=EDGE_LOOP('',(#1081,#1082,#1083,#1084));
#217=EDGE_LOOP('',(#1085,#1086,#1087,#1088));
#218=EDGE_LOOP('',(#1089,#1090,#1091,#1092));
#219=EDGE_LOOP('',(#1093,#1094,#1095,#1096));
#220=EDGE_LOOP('',(#1097,#1098,#1099,#1100));
#221=EDGE_LOOP('',(#1101,#1102,#1103,#1104));
#222=EDGE_LOOP('',(#1105,#1106,#1107,#1108));
#223=EDGE_LOOP('',(#1109,#1110,#1111,#1112));
#224=EDGE_LOOP('',(#1113,#1114,#1115,#1116));
#225=EDGE_LOOP('',(#1117,#1118,#1119,#1120));
#226=EDGE_LOOP('',(#1121,#1122,#1123,#1124));
#227=EDGE_LOOP('',(#1125,#1126,#1127,#1128));
#228=EDGE_LOOP('',(#1129,#1130,#1131,#1132));
#229=EDGE_LOOP('',(#1133,#1134,#1135,#1136));
#230=EDGE_LOOP('',(#1137,#1138,#1139,#1140));
#231=EDGE_LOOP('',(#1141,#1142,#1143,#1144));
#232=EDGE_LOOP('',(#1145,#1146,#1147,#1148,#1149));
#233=EDGE_LOOP('',(#1150,#1151,#1152,#1153,#1154));
#234=EDGE_LOOP('',(#1155,#1156,#1157,#1158));
#235=EDGE_LOOP('',(#1159,#1160,#1161,#1162));
#236=EDGE_LOOP('',(#1163,#1164,#1165,#1166));
#237=EDGE_LOOP('',(#1167,#1168,#1169,#1170));
#238=EDGE_LOOP('',(#1171,#1172,#1173,#1174));
#239=EDGE_LOOP('',(#1175,#1176,#1177,#1178));
#240=EDGE_LOOP('',(#1179,#1180,#1181,#1182,#1183));
#241=EDGE_LOOP('',(#1184,#1185,#1186,#1187));
#242=EDGE_LOOP('',(#1188,#1189,#1190,#1191));
#243=EDGE_LOOP('',(#1192,#1193,#1194,#1195));
#244=EDGE_LOOP('',(#1196,#1197,#1198,#1199));
#245=EDGE_LOOP('',(#1200,#1201,#1202,#1203));
#246=EDGE_LOOP('',(#1204,#1205,#1206,#1207));
#247=EDGE_LOOP('',(#1208,#1209,#1210,#1211));
#248=EDGE_LOOP('',(#1212,#1213,#1214,#1215));
#249=EDGE_LOOP('',(#1216,#1217,#1218,#1219));
#250=EDGE_LOOP('',(#1220,#1221,#1222,#1223));
#251=EDGE_LOOP('',(#1224,#1225,#1226,#1227));
#252=EDGE_LOOP('',(#1228,#1229,#1230,#1231));
#253=EDGE_LOOP('',(#1232,#1233,#1234,#1235));
#254=EDGE_LOOP('',(#1236,#1237,#1238,#1239));
#255=EDGE_LOOP('',(#1240,#1241,#1242,#1243));
#256=EDGE_LOOP('',(#1244,#1245,#1246,#1247));
#257=EDGE_LOOP('',(#1248,#1249,#1250,#1251));
#258=EDGE_LOOP('',(#1252,#1253,#1254,#1255));
#259=EDGE_LOOP('',(#1256,#1257,#1258,#1259));
#260=EDGE_LOOP('',(#1260,#1261,#1262,#1263));
#261=EDGE_LOOP('',(#1264,#1265,#1266,#1267));
#262=EDGE_LOOP('',(#1268,#1269,#1270,#1271));
#263=EDGE_LOOP('',(#1272,#1273,#1274,#1275));
#264=EDGE_LOOP('',(#1276,#1277,#1278,#1279));
#265=EDGE_LOOP('',(#1280,#1281,#1282,#1283));
#266=EDGE_LOOP('',(#1284,#1285,#1286,#1287));
#267=EDGE_LOOP('',(#1288,#1289,#1290,#1291));
#268=EDGE_LOOP('',(#1292,#1293,#1294,#1295));
#269=EDGE_LOOP('',(#1296,#1297,#1298,#1299,#1300));
#270=LINE('',#1947,#388);
#271=LINE('',#1952,#389);
#272=LINE('',#1954,#390);
#273=LINE('',#1958,#391);
#274=LINE('',#1965,#392);
#275=LINE('',#1971,#393);
#276=LINE('',#1976,#394);
#277=LINE('',#1981,#395);
#278=LINE('',#1983,#396);
#279=LINE('',#1991,#397);
#280=LINE('',#1995,#398);
#281=LINE('',#1999,#399);
#282=LINE('',#2003,#400);
#283=LINE('',#2007,#401);
#284=LINE('',#2011,#402);
#285=LINE('',#2015,#403);
#286=LINE('',#2019,#404);
#287=LINE('',#2025,#405);
#288=LINE('',#2029,#406);
#289=LINE('',#2033,#407);
#290=LINE('',#2037,#408);
#291=LINE('',#2041,#409);
#292=LINE('',#2045,#410);
#293=LINE('',#2056,#411);
#294=LINE('',#2059,#412);
#295=LINE('',#2061,#413);
#296=LINE('',#2062,#414);
#297=LINE('',#2065,#415);
#298=LINE('',#2074,#416);
#299=LINE('',#2097,#417);
#300=LINE('',#2105,#418);
#301=LINE('',#2106,#419);
#302=LINE('',#2107,#420);
#303=LINE('',#2110,#421);
#304=LINE('',#2112,#422);
#305=LINE('',#2114,#423);
#306=LINE('',#2120,#424);
#307=LINE('',#2124,#425);
#308=LINE('',#2127,#426);
#309=LINE('',#2133,#427);
#310=LINE('',#2135,#428);
#311=LINE('',#2136,#429);
#312=LINE('',#2139,#430);
#313=LINE('',#2143,#431);
#314=LINE('',#2147,#432);
#315=LINE('',#2152,#433);
#316=LINE('',#2159,#434);
#317=LINE('',#2161,#435);
#318=LINE('',#2162,#436);
#319=LINE('',#2316,#437);
#320=LINE('',#2324,#438);
#321=LINE('',#2325,#439);
#322=LINE('',#2327,#440);
#323=LINE('',#2331,#441);
#324=LINE('',#2335,#442);
#325=LINE('',#2339,#443);
#326=LINE('',#2343,#444);
#327=LINE('',#2347,#445);
#328=LINE('',#2351,#446);
#329=LINE('',#2357,#447);
#330=LINE('',#2361,#448);
#331=LINE('',#2365,#449);
#332=LINE('',#2369,#450);
#333=LINE('',#2373,#451);
#334=LINE('',#2377,#452);
#335=LINE('',#2381,#453);
#336=LINE('',#2385,#454);
#337=LINE('',#2398,#455);
#338=LINE('',#2399,#456);
#339=LINE('',#2408,#457);
#340=LINE('',#2411,#458);
#341=LINE('',#2417,#459);
#342=LINE('',#2419,#460);
#343=LINE('',#2421,#461);
#344=LINE('',#2423,#462);
#345=LINE('',#2425,#463);
#346=LINE('',#2427,#464);
#347=LINE('',#2429,#465);
#348=LINE('',#2430,#466);
#349=LINE('',#2432,#467);
#350=LINE('',#2434,#468);
#351=LINE('',#2439,#469);
#352=LINE('',#2441,#470);
#353=LINE('',#2443,#471);
#354=LINE('',#2445,#472);
#355=LINE('',#2447,#473);
#356=LINE('',#2450,#474);
#357=LINE('',#2452,#475);
#358=LINE('',#2454,#476);
#359=LINE('',#2456,#477);
#360=LINE('',#2458,#478);
#361=LINE('',#2496,#479);
#362=LINE('',#2498,#480);
#363=LINE('',#2500,#481);
#364=LINE('',#2502,#482);
#365=LINE('',#2504,#483);
#366=LINE('',#2506,#484);
#367=LINE('',#2508,#485);
#368=LINE('',#2510,#486);
#369=LINE('',#2512,#487);
#370=LINE('',#2514,#488);
#371=LINE('',#2516,#489);
#372=LINE('',#2518,#490);
#373=LINE('',#2520,#491);
#374=LINE('',#2522,#492);
#375=LINE('',#2524,#493);
#376=LINE('',#2526,#494);
#377=LINE('',#2528,#495);
#378=LINE('',#2530,#496);
#379=LINE('',#2532,#497);
#380=LINE('',#2534,#498);
#381=LINE('',#2536,#499);
#382=LINE('',#2538,#500);
#383=LINE('',#2540,#501);
#384=LINE('',#2542,#502);
#385=LINE('',#2544,#503);
#386=LINE('',#2546,#504);
#387=LINE('',#2548,#505);
#388=VECTOR('',#1540,1.49999999898004);
#389=VECTOR('',#1545,10.);
#390=VECTOR('',#1546,10.);
#391=VECTOR('',#1549,10.);
#392=VECTOR('',#1556,10.);
#393=VECTOR('',#1563,0.99999999898003);
#394=VECTOR('',#1568,1.49999999898004);
#395=VECTOR('',#1573,10.);
#396=VECTOR('',#1574,10.);
#397=VECTOR('',#1581,10.);
#398=VECTOR('',#1584,10.);
#399=VECTOR('',#1587,10.);
#400=VECTOR('',#1590,10.);
#401=VECTOR('',#1593,10.);
#402=VECTOR('',#1596,10.);
#403=VECTOR('',#1599,10.);
#404=VECTOR('',#1602,10.);
#405=VECTOR('',#1607,10.);
#406=VECTOR('',#1610,10.);
#407=VECTOR('',#1613,10.);
#408=VECTOR('',#1616,10.);
#409=VECTOR('',#1619,10.);
#410=VECTOR('',#1622,10.);
#411=VECTOR('',#1635,0.99999999898003);
#412=VECTOR('',#1638,10.);
#413=VECTOR('',#1639,10.);
#414=VECTOR('',#1640,10.);
#415=VECTOR('',#1643,10.);
#416=VECTOR('',#1644,10.);
#417=VECTOR('',#1647,10.);
#418=VECTOR('',#1648,10.);
#419=VECTOR('',#1649,10.);
#420=VECTOR('',#1650,10.);
#421=VECTOR('',#1653,10.);
#422=VECTOR('',#1654,10.);
#423=VECTOR('',#1655,10.);
#424=VECTOR('',#1660,9.99999999999999);
#425=VECTOR('',#1663,10.);
#426=VECTOR('',#1666,9.99999999999999);
#427=VECTOR('',#1673,10.);
#428=VECTOR('',#1674,10.);
#429=VECTOR('',#1675,10.);
#430=VECTOR('',#1678,9.99999999999999);
#431=VECTOR('',#1681,10.);
#432=VECTOR('',#1684,9.99999999999999);
#433=VECTOR('',#1689,10.);
#434=VECTOR('',#1696,10.);
#435=VECTOR('',#1697,10.);
#436=VECTOR('',#1698,10.);
#437=VECTOR('',#1703,10.);
#438=VECTOR('',#1704,10.);
#439=VECTOR('',#1705,10.);
#440=VECTOR('',#1708,10.);
#441=VECTOR('',#1711,10.);
#442=VECTOR('',#1714,10.);
#443=VECTOR('',#1717,10.);
#444=VECTOR('',#1720,10.);
#445=VECTOR('',#1723,10.);
#446=VECTOR('',#1726,10.);
#447=VECTOR('',#1731,10.);
#448=VECTOR('',#1734,10.);
#449=VECTOR('',#1737,10.);
#450=VECTOR('',#1740,10.);
#451=VECTOR('',#1743,10.);
#452=VECTOR('',#1746,10.);
#453=VECTOR('',#1749,10.);
#454=VECTOR('',#1752,10.);
#455=VECTOR('',#1767,10.);
#456=VECTOR('',#1768,10.);
#457=VECTOR('',#1777,10.);
#458=VECTOR('',#1780,10.);
#459=VECTOR('',#1789,1.49999999999999);
#460=VECTOR('',#1792,1.49999999999999);
#461=VECTOR('',#1795,1.49999999999999);
#462=VECTOR('',#1798,1.49999999999999);
#463=VECTOR('',#1801,0.99999999898003);
#464=VECTOR('',#1804,0.99999999898003);
#465=VECTOR('',#1807,10.);
#466=VECTOR('',#1808,10.);
#467=VECTOR('',#1811,10.);
#468=VECTOR('',#1814,10.);
#469=VECTOR('',#1823,10.);
#470=VECTOR('',#1826,10.);
#471=VECTOR('',#1829,10.);
#472=VECTOR('',#1832,10.);
#473=VECTOR('',#1835,10.);
#474=VECTOR('',#1840,10.);
#475=VECTOR('',#1843,10.);
#476=VECTOR('',#1846,10.);
#477=VECTOR('',#1849,10.);
#478=VECTOR('',#1852,10.);
#479=VECTOR('',#1857,10.);
#480=VECTOR('',#1860,10.);
#481=VECTOR('',#1863,10.);
#482=VECTOR('',#1866,10.);
#483=VECTOR('',#1869,10.);
#484=VECTOR('',#1872,10.);
#485=VECTOR('',#1875,10.);
#486=VECTOR('',#1878,10.);
#487=VECTOR('',#1881,10.);
#488=VECTOR('',#1884,10.);
#489=VECTOR('',#1887,10.);
#490=VECTOR('',#1890,10.);
#491=VECTOR('',#1893,10.);
#492=VECTOR('',#1896,10.);
#493=VECTOR('',#1899,10.);
#494=VECTOR('',#1902,10.);
#495=VECTOR('',#1905,10.);
#496=VECTOR('',#1908,10.);
#497=VECTOR('',#1911,10.);
#498=VECTOR('',#1914,10.);
#499=VECTOR('',#1917,10.);
#500=VECTOR('',#1920,10.);
#501=VECTOR('',#1923,10.);
#502=VECTOR('',#1926,10.);
#503=VECTOR('',#1929,10.);
#504=VECTOR('',#1932,10.);
#505=VECTOR('',#1935,10.);
#506=CIRCLE('',#1391,0.99999999898003);
#507=CIRCLE('',#1392,1.99999999898004);
#508=CIRCLE('',#1394,1.50000000000004);
#509=CIRCLE('',#1395,1.49999999999999);
#510=CIRCLE('',#1396,10.9446062161519);
#511=CIRCLE('',#1397,2.0523089197248);
#512=CIRCLE('',#1398,0.99999999898003);
#513=CIRCLE('',#1400,0.99999999898003);
#514=CIRCLE('',#1402,0.99999999898003);
#515=CIRCLE('',#1403,1.99999999898004);
#516=CIRCLE('',#1405,2.05230891972563);
#517=CIRCLE('',#1406,10.9446062161527);
#518=CIRCLE('',#1407,1.49999999999963);
#519=CIRCLE('',#1408,0.29999999999994);
#520=CIRCLE('',#1409,0.499999999999972);
#521=CIRCLE('',#1410,0.499999999999972);
#522=CIRCLE('',#1411,0.499999999999972);
#523=CIRCLE('',#1412,0.499999999999972);
#524=CIRCLE('',#1413,0.499999999999972);
#525=CIRCLE('',#1414,0.369000000000028);
#526=CIRCLE('',#1415,1.68999999999997);
#527=CIRCLE('',#1416,2.05899999999929);
#528=CIRCLE('',#1417,2.0589999999993);
#529=CIRCLE('',#1418,0.368999999999986);
#530=CIRCLE('',#1419,1.68999999999997);
#531=CIRCLE('',#1420,1.50000000000002);
#532=CIRCLE('',#1421,1.49999999999999);
#533=CIRCLE('',#1422,0.690000000000015);
#534=CIRCLE('',#1423,0.99999999898003);
#535=CIRCLE('',#1424,1.49999999999999);
#536=CIRCLE('',#1425,1.49999999999999);
#537=CIRCLE('',#1427,0.99999999898003);
#538=CIRCLE('',#1430,0.01);
#539=CIRCLE('',#1432,0.999999999999986);
#540=CIRCLE('',#1433,0.690000000000009);
#541=CIRCLE('',#1434,1.50000000000002);
#542=CIRCLE('',#1435,1.49999999999999);
#543=CIRCLE('',#1436,1.49999999999999);
#544=CIRCLE('',#1437,1.49999999999999);
#545=CIRCLE('',#1440,1.49999999999999);
#546=CIRCLE('',#1441,1.50000000000002);
#547=CIRCLE('',#1442,0.690000000000009);
#548=CIRCLE('',#1443,0.999999999999986);
#549=CIRCLE('',#1444,1.49999999999999);
#550=CIRCLE('',#1445,1.49999999999999);
#551=CIRCLE('',#1448,1.51);
#552=CIRCLE('',#1450,0.690000000000015);
#553=CIRCLE('',#1451,1.49999999999999);
#554=CIRCLE('',#1452,1.50000000000002);
#555=CIRCLE('',#1453,1.68999999999997);
#556=CIRCLE('',#1454,0.368999999999986);
#557=CIRCLE('',#1455,2.0589999999993);
#558=CIRCLE('',#1456,2.05899999999929);
#559=CIRCLE('',#1457,1.68999999999997);
#560=CIRCLE('',#1458,0.369000000000028);
#561=CIRCLE('',#1459,0.499999999999972);
#562=CIRCLE('',#1460,0.499999999999972);
#563=CIRCLE('',#1461,0.499999999999972);
#564=CIRCLE('',#1462,0.499999999999972);
#565=CIRCLE('',#1463,0.499999999999972);
#566=CIRCLE('',#1464,0.29999999999994);
#567=CIRCLE('',#1465,1.49999999999963);
#568=CIRCLE('',#1466,10.9446062161527);
#569=CIRCLE('',#1467,2.05230891972563);
#570=CIRCLE('',#1468,1.49999999999999);
#571=CIRCLE('',#1469,1.49999999999999);
#572=CIRCLE('',#1470,0.99999999898003);
#573=CIRCLE('',#1473,2.0523089197248);
#574=CIRCLE('',#1474,10.9446062161519);
#575=CIRCLE('',#1475,1.49999999999999);
#576=CIRCLE('',#1476,1.50000000000004);
#577=CIRCLE('',#1477,0.99999999898003);
#578=CIRCLE('',#1479,0.00999999999997669);
#579=CIRCLE('',#1491,1.51000000000003);
#580=VERTEX_POINT('',#1944);
#581=VERTEX_POINT('',#1946);
#582=VERTEX_POINT('',#1950);
#583=VERTEX_POINT('',#1951);
#584=VERTEX_POINT('',#1953);
#585=VERTEX_POINT('',#1955);
#586=VERTEX_POINT('',#1957);
#587=VERTEX_POINT('',#1959);
#588=VERTEX_POINT('',#1961);
#589=VERTEX_POINT('',#1963);
#590=VERTEX_POINT('',#1966);
#591=VERTEX_POINT('',#1969);
#592=VERTEX_POINT('',#1973);
#593=VERTEX_POINT('',#1975);
#594=VERTEX_POINT('',#1979);
#595=VERTEX_POINT('',#1980);
#596=VERTEX_POINT('',#1982);
#597=VERTEX_POINT('',#1984);
#598=VERTEX_POINT('',#1986);
#599=VERTEX_POINT('',#1988);
#600=VERTEX_POINT('',#1990);
#601=VERTEX_POINT('',#1992);
#602=VERTEX_POINT('',#1994);
#603=VERTEX_POINT('',#1996);
#604=VERTEX_POINT('',#1998);
#605=VERTEX_POINT('',#2000);
#606=VERTEX_POINT('',#2002);
#607=VERTEX_POINT('',#2004);
#608=VERTEX_POINT('',#2006);
#609=VERTEX_POINT('',#2008);
#610=VERTEX_POINT('',#2010);
#611=VERTEX_POINT('',#2012);
#612=VERTEX_POINT('',#2014);
#613=VERTEX_POINT('',#2016);
#614=VERTEX_POINT('',#2018);
#615=VERTEX_POINT('',#2020);
#616=VERTEX_POINT('',#2022);
#617=VERTEX_POINT('',#2024);
#618=VERTEX_POINT('',#2026);
#619=VERTEX_POINT('',#2028);
#620=VERTEX_POINT('',#2030);
#621=VERTEX_POINT('',#2032);
#622=VERTEX_POINT('',#2034);
#623=VERTEX_POINT('',#2036);
#624=VERTEX_POINT('',#2038);
#625=VERTEX_POINT('',#2040);
#626=VERTEX_POINT('',#2042);
#627=VERTEX_POINT('',#2044);
#628=VERTEX_POINT('',#2047);
#629=VERTEX_POINT('',#2049);
#630=VERTEX_POINT('',#2051);
#631=VERTEX_POINT('',#2054);
#632=VERTEX_POINT('',#2058);
#633=VERTEX_POINT('',#2060);
#634=VERTEX_POINT('',#2064);
#635=VERTEX_POINT('',#2066);
#636=VERTEX_POINT('',#2073);
#637=VERTEX_POINT('',#2096);
#638=VERTEX_POINT('',#2098);
#639=VERTEX_POINT('',#2104);
#640=VERTEX_POINT('',#2109);
#641=VERTEX_POINT('',#2111);
#642=VERTEX_POINT('',#2113);
#643=VERTEX_POINT('',#2115);
#644=VERTEX_POINT('',#2117);
#645=VERTEX_POINT('',#2119);
#646=VERTEX_POINT('',#2121);
#647=VERTEX_POINT('',#2123);
#648=VERTEX_POINT('',#2125);
#649=VERTEX_POINT('',#2128);
#650=VERTEX_POINT('',#2130);
#651=VERTEX_POINT('',#2134);
#652=VERTEX_POINT('',#2138);
#653=VERTEX_POINT('',#2140);
#654=VERTEX_POINT('',#2142);
#655=VERTEX_POINT('',#2144);
#656=VERTEX_POINT('',#2146);
#657=VERTEX_POINT('',#2148);
#658=VERTEX_POINT('',#2150);
#659=VERTEX_POINT('',#2153);
#660=VERTEX_POINT('',#2155);
#661=VERTEX_POINT('',#2158);
#662=VERTEX_POINT('',#2160);
#663=VERTEX_POINT('',#2164);
#664=VERTEX_POINT('',#2314);
#665=VERTEX_POINT('',#2315);
#666=VERTEX_POINT('',#2317);
#667=VERTEX_POINT('',#2328);
#668=VERTEX_POINT('',#2330);
#669=VERTEX_POINT('',#2332);
#670=VERTEX_POINT('',#2334);
#671=VERTEX_POINT('',#2336);
#672=VERTEX_POINT('',#2338);
#673=VERTEX_POINT('',#2340);
#674=VERTEX_POINT('',#2342);
#675=VERTEX_POINT('',#2344);
#676=VERTEX_POINT('',#2346);
#677=VERTEX_POINT('',#2348);
#678=VERTEX_POINT('',#2350);
#679=VERTEX_POINT('',#2352);
#680=VERTEX_POINT('',#2354);
#681=VERTEX_POINT('',#2356);
#682=VERTEX_POINT('',#2358);
#683=VERTEX_POINT('',#2360);
#684=VERTEX_POINT('',#2362);
#685=VERTEX_POINT('',#2364);
#686=VERTEX_POINT('',#2366);
#687=VERTEX_POINT('',#2368);
#688=VERTEX_POINT('',#2370);
#689=VERTEX_POINT('',#2372);
#690=VERTEX_POINT('',#2374);
#691=VERTEX_POINT('',#2376);
#692=VERTEX_POINT('',#2378);
#693=VERTEX_POINT('',#2380);
#694=VERTEX_POINT('',#2382);
#695=VERTEX_POINT('',#2384);
#696=VERTEX_POINT('',#2386);
#697=VERTEX_POINT('',#2388);
#698=VERTEX_POINT('',#2391);
#699=VERTEX_POINT('',#2393);
#700=VERTEX_POINT('',#2395);
#701=VERTEX_POINT('',#2401);
#702=VERTEX_POINT('',#2403);
#703=VERTEX_POINT('',#2405);
#704=VERTEX_POINT('',#2407);
#705=VERTEX_POINT('',#2409);
#706=VERTEX_POINT('',#2412);
#707=EDGE_CURVE('',#580,#580,#506,.T.);
#708=EDGE_CURVE('',#580,#581,#270,.T.);
#709=EDGE_CURVE('',#581,#581,#507,.T.);
#710=EDGE_CURVE('',#582,#583,#271,.T.);
#711=EDGE_CURVE('',#583,#584,#272,.T.);
#712=EDGE_CURVE('',#584,#585,#508,.T.);
#713=EDGE_CURVE('',#585,#586,#273,.T.);
#714=EDGE_CURVE('',#586,#587,#509,.T.);
#715=EDGE_CURVE('',#587,#588,#510,.T.);
#716=EDGE_CURVE('',#588,#589,#511,.T.);
#717=EDGE_CURVE('',#589,#582,#274,.T.);
#718=EDGE_CURVE('',#590,#590,#512,.T.);
#719=EDGE_CURVE('',#591,#591,#513,.T.);
#720=EDGE_CURVE('',#591,#580,#275,.T.);
#721=EDGE_CURVE('',#592,#592,#514,.T.);
#722=EDGE_CURVE('',#592,#593,#276,.T.);
#723=EDGE_CURVE('',#593,#593,#515,.T.);
#724=EDGE_CURVE('',#594,#595,#277,.T.);
#725=EDGE_CURVE('',#595,#596,#278,.T.);
#726=EDGE_CURVE('',#596,#597,#516,.T.);
#727=EDGE_CURVE('',#597,#598,#517,.T.);
#728=EDGE_CURVE('',#598,#599,#518,.T.);
#729=EDGE_CURVE('',#599,#600,#279,.T.);
#730=EDGE_CURVE('',#600,#601,#519,.T.);
#731=EDGE_CURVE('',#601,#602,#280,.T.);
#732=EDGE_CURVE('',#602,#603,#520,.T.);
#733=EDGE_CURVE('',#603,#604,#281,.T.);
#734=EDGE_CURVE('',#604,#605,#521,.T.);
#735=EDGE_CURVE('',#605,#606,#282,.T.);
#736=EDGE_CURVE('',#606,#607,#522,.T.);
#737=EDGE_CURVE('',#607,#608,#283,.T.);
#738=EDGE_CURVE('',#608,#609,#523,.T.);
#739=EDGE_CURVE('',#609,#610,#284,.T.);
#740=EDGE_CURVE('',#610,#611,#524,.T.);
#741=EDGE_CURVE('',#611,#612,#285,.T.);
#742=EDGE_CURVE('',#612,#613,#525,.T.);
#743=EDGE_CURVE('',#613,#614,#286,.T.);
#744=EDGE_CURVE('',#614,#615,#526,.T.);
#745=EDGE_CURVE('',#615,#616,#527,.T.);
#746=EDGE_CURVE('',#616,#617,#287,.T.);
#747=EDGE_CURVE('',#617,#618,#528,.T.);
#748=EDGE_CURVE('',#618,#619,#288,.T.);
#749=EDGE_CURVE('',#619,#620,#529,.T.);
#750=EDGE_CURVE('',#620,#621,#289,.T.);
#751=EDGE_CURVE('',#621,#622,#530,.T.);
#752=EDGE_CURVE('',#622,#623,#290,.T.);
#753=EDGE_CURVE('',#623,#624,#531,.T.);
#754=EDGE_CURVE('',#624,#625,#291,.T.);
#755=EDGE_CURVE('',#625,#626,#532,.T.);
#756=EDGE_CURVE('',#626,#627,#292,.T.);
#757=EDGE_CURVE('',#627,#594,#533,.T.);
#758=EDGE_CURVE('',#628,#628,#534,.T.);
#759=EDGE_CURVE('',#629,#629,#535,.T.);
#760=EDGE_CURVE('',#630,#630,#536,.T.);
#761=EDGE_CURVE('',#631,#631,#537,.T.);
#762=EDGE_CURVE('',#631,#592,#293,.T.);
#763=EDGE_CURVE('',#632,#582,#294,.T.);
#764=EDGE_CURVE('',#633,#589,#295,.T.);
#765=EDGE_CURVE('',#632,#633,#296,.T.);
#766=EDGE_CURVE('',#634,#632,#297,.T.);
#767=EDGE_CURVE('',#634,#635,#18,.T.);
#768=EDGE_CURVE('',#635,#636,#298,.T.);
#769=EDGE_CURVE('',#636,#632,#538,.T.);
#770=EDGE_CURVE('',#583,#637,#299,.T.);
#771=EDGE_CURVE('',#638,#583,#19,.T.);
#772=EDGE_CURVE('',#639,#638,#300,.T.);
#773=EDGE_CURVE('',#635,#639,#301,.T.);
#774=EDGE_CURVE('',#637,#634,#302,.T.);
#775=EDGE_CURVE('',#640,#638,#303,.T.);
#776=EDGE_CURVE('',#640,#641,#304,.T.);
#777=EDGE_CURVE('',#642,#641,#305,.T.);
#778=EDGE_CURVE('',#642,#643,#539,.T.);
#779=EDGE_CURVE('',#643,#644,#540,.T.);
#780=EDGE_CURVE('',#644,#645,#306,.T.);
#781=EDGE_CURVE('',#645,#646,#541,.T.);
#782=EDGE_CURVE('',#646,#647,#307,.T.);
#783=EDGE_CURVE('',#647,#648,#542,.T.);
#784=EDGE_CURVE('',#648,#638,#308,.T.);
#785=EDGE_CURVE('',#649,#649,#543,.T.);
#786=EDGE_CURVE('',#650,#650,#544,.T.);
#787=EDGE_CURVE('',#636,#640,#309,.T.);
#788=EDGE_CURVE('',#651,#636,#310,.T.);
#789=EDGE_CURVE('',#641,#651,#311,.T.);
#790=EDGE_CURVE('',#635,#652,#312,.T.);
#791=EDGE_CURVE('',#653,#652,#545,.T.);
#792=EDGE_CURVE('',#653,#654,#313,.T.);
#793=EDGE_CURVE('',#655,#654,#546,.T.);
#794=EDGE_CURVE('',#655,#656,#314,.T.);
#795=EDGE_CURVE('',#657,#656,#547,.T.);
#796=EDGE_CURVE('',#657,#658,#548,.T.);
#797=EDGE_CURVE('',#651,#658,#315,.T.);
#798=EDGE_CURVE('',#659,#659,#549,.T.);
#799=EDGE_CURVE('',#660,#660,#550,.T.);
#800=EDGE_CURVE('',#595,#661,#316,.T.);
#801=EDGE_CURVE('',#662,#661,#317,.T.);
#802=EDGE_CURVE('',#662,#596,#318,.T.);
#803=EDGE_CURVE('',#594,#663,#20,.T.);
#804=EDGE_CURVE('',#663,#642,#21,.T.);
#805=EDGE_CURVE('',#641,#595,#551,.T.);
#806=EDGE_CURVE('',#664,#665,#319,.T.);
#807=EDGE_CURVE('',#664,#666,#22,.T.);
#808=EDGE_CURVE('',#666,#663,#320,.T.);
#809=EDGE_CURVE('',#665,#594,#321,.T.);
#810=EDGE_CURVE('',#661,#664,#322,.T.);
#811=EDGE_CURVE('',#667,#664,#552,.T.);
#812=EDGE_CURVE('',#668,#667,#323,.T.);
#813=EDGE_CURVE('',#669,#668,#553,.T.);
#814=EDGE_CURVE('',#670,#669,#324,.T.);
#815=EDGE_CURVE('',#671,#670,#554,.T.);
#816=EDGE_CURVE('',#672,#671,#325,.T.);
#817=EDGE_CURVE('',#673,#672,#555,.T.);
#818=EDGE_CURVE('',#674,#673,#326,.T.);
#819=EDGE_CURVE('',#675,#674,#556,.T.);
#820=EDGE_CURVE('',#675,#676,#327,.T.);
#821=EDGE_CURVE('',#676,#677,#557,.T.);
#822=EDGE_CURVE('',#677,#678,#328,.T.);
#823=EDGE_CURVE('',#678,#679,#558,.T.);
#824=EDGE_CURVE('',#680,#679,#559,.T.);
#825=EDGE_CURVE('',#680,#681,#329,.T.);
#826=EDGE_CURVE('',#681,#682,#560,.T.);
#827=EDGE_CURVE('',#682,#683,#330,.T.);
#828=EDGE_CURVE('',#684,#683,#561,.T.);
#829=EDGE_CURVE('',#684,#685,#331,.T.);
#830=EDGE_CURVE('',#685,#686,#562,.T.);
#831=EDGE_CURVE('',#686,#687,#332,.T.);
#832=EDGE_CURVE('',#688,#687,#563,.T.);
#833=EDGE_CURVE('',#689,#688,#333,.T.);
#834=EDGE_CURVE('',#689,#690,#564,.T.);
#835=EDGE_CURVE('',#691,#690,#334,.T.);
#836=EDGE_CURVE('',#691,#692,#565,.T.);
#837=EDGE_CURVE('',#692,#693,#335,.T.);
#838=EDGE_CURVE('',#694,#693,#566,.T.);
#839=EDGE_CURVE('',#694,#695,#336,.T.);
#840=EDGE_CURVE('',#696,#695,#567,.T.);
#841=EDGE_CURVE('',#696,#697,#568,.T.);
#842=EDGE_CURVE('',#662,#697,#569,.T.);
#843=EDGE_CURVE('',#698,#698,#570,.T.);
#844=EDGE_CURVE('',#699,#699,#571,.T.);
#845=EDGE_CURVE('',#700,#700,#572,.T.);
#846=EDGE_CURVE('',#658,#642,#337,.T.);
#847=EDGE_CURVE('',#657,#643,#338,.T.);
#848=EDGE_CURVE('',#701,#633,#573,.T.);
#849=EDGE_CURVE('',#701,#702,#574,.T.);
#850=EDGE_CURVE('',#703,#702,#575,.T.);
#851=EDGE_CURVE('',#703,#704,#339,.T.);
#852=EDGE_CURVE('',#705,#704,#576,.T.);
#853=EDGE_CURVE('',#705,#634,#340,.T.);
#854=EDGE_CURVE('',#706,#706,#577,.T.);
#855=EDGE_CURVE('',#661,#651,#578,.T.);
#856=EDGE_CURVE('',#660,#649,#341,.T.);
#857=EDGE_CURVE('',#659,#650,#342,.T.);
#858=EDGE_CURVE('',#698,#630,#343,.T.);
#859=EDGE_CURVE('',#699,#629,#344,.T.);
#860=EDGE_CURVE('',#700,#628,#345,.T.);
#861=EDGE_CURVE('',#706,#590,#346,.T.);
#862=EDGE_CURVE('',#694,#600,#347,.T.);
#863=EDGE_CURVE('',#695,#599,#348,.T.);
#864=EDGE_CURVE('',#696,#598,#349,.T.);
#865=EDGE_CURVE('',#697,#597,#350,.T.);
#866=EDGE_CURVE('',#582,#640,#579,.T.);
#867=EDGE_CURVE('',#701,#588,#351,.T.);
#868=EDGE_CURVE('',#702,#587,#352,.T.);
#869=EDGE_CURVE('',#703,#586,#353,.T.);
#870=EDGE_CURVE('',#704,#585,#354,.T.);
#871=EDGE_CURVE('',#705,#584,#355,.T.);
#872=EDGE_CURVE('',#652,#648,#356,.T.);
#873=EDGE_CURVE('',#653,#647,#357,.T.);
#874=EDGE_CURVE('',#654,#646,#358,.T.);
#875=EDGE_CURVE('',#655,#645,#359,.T.);
#876=EDGE_CURVE('',#656,#644,#360,.T.);
#877=EDGE_CURVE('',#658,#666,#23,.T.);
#878=EDGE_CURVE('',#667,#627,#361,.T.);
#879=EDGE_CURVE('',#668,#626,#362,.T.);
#880=EDGE_CURVE('',#669,#625,#363,.T.);
#881=EDGE_CURVE('',#670,#624,#364,.T.);
#882=EDGE_CURVE('',#671,#623,#365,.T.);
#883=EDGE_CURVE('',#672,#622,#366,.T.);
#884=EDGE_CURVE('',#673,#621,#367,.T.);
#885=EDGE_CURVE('',#674,#620,#368,.T.);
#886=EDGE_CURVE('',#675,#619,#369,.T.);
#887=EDGE_CURVE('',#676,#618,#370,.T.);
#888=EDGE_CURVE('',#677,#617,#371,.T.);
#889=EDGE_CURVE('',#678,#616,#372,.T.);
#890=EDGE_CURVE('',#679,#615,#373,.T.);
#891=EDGE_CURVE('',#680,#614,#374,.T.);
#892=EDGE_CURVE('',#681,#613,#375,.T.);
#893=EDGE_CURVE('',#682,#612,#376,.T.);
#894=EDGE_CURVE('',#683,#611,#377,.T.);
#895=EDGE_CURVE('',#684,#610,#378,.T.);
#896=EDGE_CURVE('',#685,#609,#379,.T.);
#897=EDGE_CURVE('',#686,#608,#380,.T.);
#898=EDGE_CURVE('',#687,#607,#381,.T.);
#899=EDGE_CURVE('',#688,#606,#382,.T.);
#900=EDGE_CURVE('',#689,#605,#383,.T.);
#901=EDGE_CURVE('',#690,#604,#384,.T.);
#902=EDGE_CURVE('',#691,#603,#385,.T.);
#903=EDGE_CURVE('',#692,#602,#386,.T.);
#904=EDGE_CURVE('',#693,#601,#387,.T.);
#905=ORIENTED_EDGE('',*,*,#707,.T.);
#906=ORIENTED_EDGE('',*,*,#708,.T.);
#907=ORIENTED_EDGE('',*,*,#709,.T.);
#908=ORIENTED_EDGE('',*,*,#708,.F.);
#909=ORIENTED_EDGE('',*,*,#710,.T.);
#910=ORIENTED_EDGE('',*,*,#711,.T.);
#911=ORIENTED_EDGE('',*,*,#712,.T.);
#912=ORIENTED_EDGE('',*,*,#713,.T.);
#913=ORIENTED_EDGE('',*,*,#714,.T.);
#914=ORIENTED_EDGE('',*,*,#715,.T.);
#915=ORIENTED_EDGE('',*,*,#716,.T.);
#916=ORIENTED_EDGE('',*,*,#717,.T.);
#917=ORIENTED_EDGE('',*,*,#718,.T.);
#918=ORIENTED_EDGE('',*,*,#709,.F.);
#919=ORIENTED_EDGE('',*,*,#719,.T.);
#920=ORIENTED_EDGE('',*,*,#720,.T.);
#921=ORIENTED_EDGE('',*,*,#707,.F.);
#922=ORIENTED_EDGE('',*,*,#720,.F.);
#923=ORIENTED_EDGE('',*,*,#721,.T.);
#924=ORIENTED_EDGE('',*,*,#722,.T.);
#925=ORIENTED_EDGE('',*,*,#723,.T.);
#926=ORIENTED_EDGE('',*,*,#722,.F.);
#927=ORIENTED_EDGE('',*,*,#724,.T.);
#928=ORIENTED_EDGE('',*,*,#725,.T.);
#929=ORIENTED_EDGE('',*,*,#726,.T.);
#930=ORIENTED_EDGE('',*,*,#727,.T.);
#931=ORIENTED_EDGE('',*,*,#728,.T.);
#932=ORIENTED_EDGE('',*,*,#729,.T.);
#933=ORIENTED_EDGE('',*,*,#730,.T.);
#934=ORIENTED_EDGE('',*,*,#731,.T.);
#935=ORIENTED_EDGE('',*,*,#732,.T.);
#936=ORIENTED_EDGE('',*,*,#733,.T.);
#937=ORIENTED_EDGE('',*,*,#734,.T.);
#938=ORIENTED_EDGE('',*,*,#735,.T.);
#939=ORIENTED_EDGE('',*,*,#736,.T.);
#940=ORIENTED_EDGE('',*,*,#737,.T.);
#941=ORIENTED_EDGE('',*,*,#738,.T.);
#942=ORIENTED_EDGE('',*,*,#739,.T.);
#943=ORIENTED_EDGE('',*,*,#740,.T.);
#944=ORIENTED_EDGE('',*,*,#741,.T.);
#945=ORIENTED_EDGE('',*,*,#742,.T.);
#946=ORIENTED_EDGE('',*,*,#743,.T.);
#947=ORIENTED_EDGE('',*,*,#744,.T.);
#948=ORIENTED_EDGE('',*,*,#745,.T.);
#949=ORIENTED_EDGE('',*,*,#746,.T.);
#950=ORIENTED_EDGE('',*,*,#747,.T.);
#951=ORIENTED_EDGE('',*,*,#748,.T.);
#952=ORIENTED_EDGE('',*,*,#749,.T.);
#953=ORIENTED_EDGE('',*,*,#750,.T.);
#954=ORIENTED_EDGE('',*,*,#751,.T.);
#955=ORIENTED_EDGE('',*,*,#752,.T.);
#956=ORIENTED_EDGE('',*,*,#753,.T.);
#957=ORIENTED_EDGE('',*,*,#754,.T.);
#958=ORIENTED_EDGE('',*,*,#755,.T.);
#959=ORIENTED_EDGE('',*,*,#756,.T.);
#960=ORIENTED_EDGE('',*,*,#757,.T.);
#961=ORIENTED_EDGE('',*,*,#758,.T.);
#962=ORIENTED_EDGE('',*,*,#759,.T.);
#963=ORIENTED_EDGE('',*,*,#760,.T.);
#964=ORIENTED_EDGE('',*,*,#723,.F.);
#965=ORIENTED_EDGE('',*,*,#761,.T.);
#966=ORIENTED_EDGE('',*,*,#762,.T.);
#967=ORIENTED_EDGE('',*,*,#721,.F.);
#968=ORIENTED_EDGE('',*,*,#762,.F.);
#969=ORIENTED_EDGE('',*,*,#763,.T.);
#970=ORIENTED_EDGE('',*,*,#717,.F.);
#971=ORIENTED_EDGE('',*,*,#764,.F.);
#972=ORIENTED_EDGE('',*,*,#765,.F.);
#973=ORIENTED_EDGE('',*,*,#766,.F.);
#974=ORIENTED_EDGE('',*,*,#767,.T.);
#975=ORIENTED_EDGE('',*,*,#768,.T.);
#976=ORIENTED_EDGE('',*,*,#769,.T.);
#977=ORIENTED_EDGE('',*,*,#770,.F.);
#978=ORIENTED_EDGE('',*,*,#771,.F.);
#979=ORIENTED_EDGE('',*,*,#772,.F.);
#980=ORIENTED_EDGE('',*,*,#773,.F.);
#981=ORIENTED_EDGE('',*,*,#767,.F.);
#982=ORIENTED_EDGE('',*,*,#774,.F.);
#983=ORIENTED_EDGE('',*,*,#775,.F.);
#984=ORIENTED_EDGE('',*,*,#776,.T.);
#985=ORIENTED_EDGE('',*,*,#777,.F.);
#986=ORIENTED_EDGE('',*,*,#778,.T.);
#987=ORIENTED_EDGE('',*,*,#779,.T.);
#988=ORIENTED_EDGE('',*,*,#780,.T.);
#989=ORIENTED_EDGE('',*,*,#781,.T.);
#990=ORIENTED_EDGE('',*,*,#782,.T.);
#991=ORIENTED_EDGE('',*,*,#783,.T.);
#992=ORIENTED_EDGE('',*,*,#784,.T.);
#993=ORIENTED_EDGE('',*,*,#785,.T.);
#994=ORIENTED_EDGE('',*,*,#786,.T.);
#995=ORIENTED_EDGE('',*,*,#787,.F.);
#996=ORIENTED_EDGE('',*,*,#788,.F.);
#997=ORIENTED_EDGE('',*,*,#789,.F.);
#998=ORIENTED_EDGE('',*,*,#776,.F.);
#999=ORIENTED_EDGE('',*,*,#768,.F.);
#1000=ORIENTED_EDGE('',*,*,#790,.T.);
#1001=ORIENTED_EDGE('',*,*,#791,.F.);
#1002=ORIENTED_EDGE('',*,*,#792,.T.);
#1003=ORIENTED_EDGE('',*,*,#793,.F.);
#1004=ORIENTED_EDGE('',*,*,#794,.T.);
#1005=ORIENTED_EDGE('',*,*,#795,.F.);
#1006=ORIENTED_EDGE('',*,*,#796,.T.);
#1007=ORIENTED_EDGE('',*,*,#797,.F.);
#1008=ORIENTED_EDGE('',*,*,#788,.T.);
#1009=ORIENTED_EDGE('',*,*,#798,.F.);
#1010=ORIENTED_EDGE('',*,*,#799,.F.);
#1011=ORIENTED_EDGE('',*,*,#800,.T.);
#1012=ORIENTED_EDGE('',*,*,#801,.F.);
#1013=ORIENTED_EDGE('',*,*,#802,.T.);
#1014=ORIENTED_EDGE('',*,*,#725,.F.);
#1015=ORIENTED_EDGE('',*,*,#724,.F.);
#1016=ORIENTED_EDGE('',*,*,#803,.T.);
#1017=ORIENTED_EDGE('',*,*,#804,.T.);
#1018=ORIENTED_EDGE('',*,*,#777,.T.);
#1019=ORIENTED_EDGE('',*,*,#805,.T.);
#1020=ORIENTED_EDGE('',*,*,#806,.F.);
#1021=ORIENTED_EDGE('',*,*,#807,.T.);
#1022=ORIENTED_EDGE('',*,*,#808,.T.);
#1023=ORIENTED_EDGE('',*,*,#803,.F.);
#1024=ORIENTED_EDGE('',*,*,#809,.F.);
#1025=ORIENTED_EDGE('',*,*,#810,.T.);
#1026=ORIENTED_EDGE('',*,*,#811,.F.);
#1027=ORIENTED_EDGE('',*,*,#812,.F.);
#1028=ORIENTED_EDGE('',*,*,#813,.F.);
#1029=ORIENTED_EDGE('',*,*,#814,.F.);
#1030=ORIENTED_EDGE('',*,*,#815,.F.);
#1031=ORIENTED_EDGE('',*,*,#816,.F.);
#1032=ORIENTED_EDGE('',*,*,#817,.F.);
#1033=ORIENTED_EDGE('',*,*,#818,.F.);
#1034=ORIENTED_EDGE('',*,*,#819,.F.);
#1035=ORIENTED_EDGE('',*,*,#820,.T.);
#1036=ORIENTED_EDGE('',*,*,#821,.T.);
#1037=ORIENTED_EDGE('',*,*,#822,.T.);
#1038=ORIENTED_EDGE('',*,*,#823,.T.);
#1039=ORIENTED_EDGE('',*,*,#824,.F.);
#1040=ORIENTED_EDGE('',*,*,#825,.T.);
#1041=ORIENTED_EDGE('',*,*,#826,.T.);
#1042=ORIENTED_EDGE('',*,*,#827,.T.);
#1043=ORIENTED_EDGE('',*,*,#828,.F.);
#1044=ORIENTED_EDGE('',*,*,#829,.T.);
#1045=ORIENTED_EDGE('',*,*,#830,.T.);
#1046=ORIENTED_EDGE('',*,*,#831,.T.);
#1047=ORIENTED_EDGE('',*,*,#832,.F.);
#1048=ORIENTED_EDGE('',*,*,#833,.F.);
#1049=ORIENTED_EDGE('',*,*,#834,.T.);
#1050=ORIENTED_EDGE('',*,*,#835,.F.);
#1051=ORIENTED_EDGE('',*,*,#836,.T.);
#1052=ORIENTED_EDGE('',*,*,#837,.T.);
#1053=ORIENTED_EDGE('',*,*,#838,.F.);
#1054=ORIENTED_EDGE('',*,*,#839,.T.);
#1055=ORIENTED_EDGE('',*,*,#840,.F.);
#1056=ORIENTED_EDGE('',*,*,#841,.T.);
#1057=ORIENTED_EDGE('',*,*,#842,.F.);
#1058=ORIENTED_EDGE('',*,*,#801,.T.);
#1059=ORIENTED_EDGE('',*,*,#843,.F.);
#1060=ORIENTED_EDGE('',*,*,#761,.F.);
#1061=ORIENTED_EDGE('',*,*,#844,.F.);
#1062=ORIENTED_EDGE('',*,*,#845,.F.);
#1063=ORIENTED_EDGE('',*,*,#846,.F.);
#1064=ORIENTED_EDGE('',*,*,#796,.F.);
#1065=ORIENTED_EDGE('',*,*,#847,.T.);
#1066=ORIENTED_EDGE('',*,*,#778,.F.);
#1067=ORIENTED_EDGE('',*,*,#766,.T.);
#1068=ORIENTED_EDGE('',*,*,#765,.T.);
#1069=ORIENTED_EDGE('',*,*,#848,.F.);
#1070=ORIENTED_EDGE('',*,*,#849,.T.);
#1071=ORIENTED_EDGE('',*,*,#850,.F.);
#1072=ORIENTED_EDGE('',*,*,#851,.T.);
#1073=ORIENTED_EDGE('',*,*,#852,.F.);
#1074=ORIENTED_EDGE('',*,*,#853,.T.);
#1075=ORIENTED_EDGE('',*,*,#719,.F.);
#1076=ORIENTED_EDGE('',*,*,#854,.F.);
#1077=ORIENTED_EDGE('',*,*,#800,.F.);
#1078=ORIENTED_EDGE('',*,*,#805,.F.);
#1079=ORIENTED_EDGE('',*,*,#789,.T.);
#1080=ORIENTED_EDGE('',*,*,#855,.F.);
#1081=ORIENTED_EDGE('',*,*,#799,.T.);
#1082=ORIENTED_EDGE('',*,*,#856,.T.);
#1083=ORIENTED_EDGE('',*,*,#785,.F.);
#1084=ORIENTED_EDGE('',*,*,#856,.F.);
#1085=ORIENTED_EDGE('',*,*,#798,.T.);
#1086=ORIENTED_EDGE('',*,*,#857,.T.);
#1087=ORIENTED_EDGE('',*,*,#786,.F.);
#1088=ORIENTED_EDGE('',*,*,#857,.F.);
#1089=ORIENTED_EDGE('',*,*,#843,.T.);
#1090=ORIENTED_EDGE('',*,*,#858,.T.);
#1091=ORIENTED_EDGE('',*,*,#760,.F.);
#1092=ORIENTED_EDGE('',*,*,#858,.F.);
#1093=ORIENTED_EDGE('',*,*,#844,.T.);
#1094=ORIENTED_EDGE('',*,*,#859,.T.);
#1095=ORIENTED_EDGE('',*,*,#759,.F.);
#1096=ORIENTED_EDGE('',*,*,#859,.F.);
#1097=ORIENTED_EDGE('',*,*,#845,.T.);
#1098=ORIENTED_EDGE('',*,*,#860,.T.);
#1099=ORIENTED_EDGE('',*,*,#758,.F.);
#1100=ORIENTED_EDGE('',*,*,#860,.F.);
#1101=ORIENTED_EDGE('',*,*,#854,.T.);
#1102=ORIENTED_EDGE('',*,*,#861,.T.);
#1103=ORIENTED_EDGE('',*,*,#718,.F.);
#1104=ORIENTED_EDGE('',*,*,#861,.F.);
#1105=ORIENTED_EDGE('',*,*,#839,.F.);
#1106=ORIENTED_EDGE('',*,*,#862,.T.);
#1107=ORIENTED_EDGE('',*,*,#729,.F.);
#1108=ORIENTED_EDGE('',*,*,#863,.F.);
#1109=ORIENTED_EDGE('',*,*,#840,.T.);
#1110=ORIENTED_EDGE('',*,*,#863,.T.);
#1111=ORIENTED_EDGE('',*,*,#728,.F.);
#1112=ORIENTED_EDGE('',*,*,#864,.F.);
#1113=ORIENTED_EDGE('',*,*,#841,.F.);
#1114=ORIENTED_EDGE('',*,*,#864,.T.);
#1115=ORIENTED_EDGE('',*,*,#727,.F.);
#1116=ORIENTED_EDGE('',*,*,#865,.F.);
#1117=ORIENTED_EDGE('',*,*,#842,.T.);
#1118=ORIENTED_EDGE('',*,*,#865,.T.);
#1119=ORIENTED_EDGE('',*,*,#726,.F.);
#1120=ORIENTED_EDGE('',*,*,#802,.F.);
#1121=ORIENTED_EDGE('',*,*,#763,.F.);
#1122=ORIENTED_EDGE('',*,*,#769,.F.);
#1123=ORIENTED_EDGE('',*,*,#787,.T.);
#1124=ORIENTED_EDGE('',*,*,#866,.F.);
#1125=ORIENTED_EDGE('',*,*,#848,.T.);
#1126=ORIENTED_EDGE('',*,*,#764,.T.);
#1127=ORIENTED_EDGE('',*,*,#716,.F.);
#1128=ORIENTED_EDGE('',*,*,#867,.F.);
#1129=ORIENTED_EDGE('',*,*,#849,.F.);
#1130=ORIENTED_EDGE('',*,*,#867,.T.);
#1131=ORIENTED_EDGE('',*,*,#715,.F.);
#1132=ORIENTED_EDGE('',*,*,#868,.F.);
#1133=ORIENTED_EDGE('',*,*,#850,.T.);
#1134=ORIENTED_EDGE('',*,*,#868,.T.);
#1135=ORIENTED_EDGE('',*,*,#714,.F.);
#1136=ORIENTED_EDGE('',*,*,#869,.F.);
#1137=ORIENTED_EDGE('',*,*,#851,.F.);
#1138=ORIENTED_EDGE('',*,*,#869,.T.);
#1139=ORIENTED_EDGE('',*,*,#713,.F.);
#1140=ORIENTED_EDGE('',*,*,#870,.F.);
#1141=ORIENTED_EDGE('',*,*,#852,.T.);
#1142=ORIENTED_EDGE('',*,*,#870,.T.);
#1143=ORIENTED_EDGE('',*,*,#712,.F.);
#1144=ORIENTED_EDGE('',*,*,#871,.F.);
#1145=ORIENTED_EDGE('',*,*,#770,.T.);
#1146=ORIENTED_EDGE('',*,*,#774,.T.);
#1147=ORIENTED_EDGE('',*,*,#853,.F.);
#1148=ORIENTED_EDGE('',*,*,#871,.T.);
#1149=ORIENTED_EDGE('',*,*,#711,.F.);
#1150=ORIENTED_EDGE('',*,*,#790,.F.);
#1151=ORIENTED_EDGE('',*,*,#773,.T.);
#1152=ORIENTED_EDGE('',*,*,#772,.T.);
#1153=ORIENTED_EDGE('',*,*,#784,.F.);
#1154=ORIENTED_EDGE('',*,*,#872,.F.);
#1155=ORIENTED_EDGE('',*,*,#791,.T.);
#1156=ORIENTED_EDGE('',*,*,#872,.T.);
#1157=ORIENTED_EDGE('',*,*,#783,.F.);
#1158=ORIENTED_EDGE('',*,*,#873,.F.);
#1159=ORIENTED_EDGE('',*,*,#792,.F.);
#1160=ORIENTED_EDGE('',*,*,#873,.T.);
#1161=ORIENTED_EDGE('',*,*,#782,.F.);
#1162=ORIENTED_EDGE('',*,*,#874,.F.);
#1163=ORIENTED_EDGE('',*,*,#793,.T.);
#1164=ORIENTED_EDGE('',*,*,#874,.T.);
#1165=ORIENTED_EDGE('',*,*,#781,.F.);
#1166=ORIENTED_EDGE('',*,*,#875,.F.);
#1167=ORIENTED_EDGE('',*,*,#794,.F.);
#1168=ORIENTED_EDGE('',*,*,#875,.T.);
#1169=ORIENTED_EDGE('',*,*,#780,.F.);
#1170=ORIENTED_EDGE('',*,*,#876,.F.);
#1171=ORIENTED_EDGE('',*,*,#795,.T.);
#1172=ORIENTED_EDGE('',*,*,#876,.T.);
#1173=ORIENTED_EDGE('',*,*,#779,.F.);
#1174=ORIENTED_EDGE('',*,*,#847,.F.);
#1175=ORIENTED_EDGE('',*,*,#846,.T.);
#1176=ORIENTED_EDGE('',*,*,#804,.F.);
#1177=ORIENTED_EDGE('',*,*,#808,.F.);
#1178=ORIENTED_EDGE('',*,*,#877,.F.);
#1179=ORIENTED_EDGE('',*,*,#806,.T.);
#1180=ORIENTED_EDGE('',*,*,#809,.T.);
#1181=ORIENTED_EDGE('',*,*,#757,.F.);
#1182=ORIENTED_EDGE('',*,*,#878,.F.);
#1183=ORIENTED_EDGE('',*,*,#811,.T.);
#1184=ORIENTED_EDGE('',*,*,#812,.T.);
#1185=ORIENTED_EDGE('',*,*,#878,.T.);
#1186=ORIENTED_EDGE('',*,*,#756,.F.);
#1187=ORIENTED_EDGE('',*,*,#879,.F.);
#1188=ORIENTED_EDGE('',*,*,#813,.T.);
#1189=ORIENTED_EDGE('',*,*,#879,.T.);
#1190=ORIENTED_EDGE('',*,*,#755,.F.);
#1191=ORIENTED_EDGE('',*,*,#880,.F.);
#1192=ORIENTED_EDGE('',*,*,#814,.T.);
#1193=ORIENTED_EDGE('',*,*,#880,.T.);
#1194=ORIENTED_EDGE('',*,*,#754,.F.);
#1195=ORIENTED_EDGE('',*,*,#881,.F.);
#1196=ORIENTED_EDGE('',*,*,#815,.T.);
#1197=ORIENTED_EDGE('',*,*,#881,.T.);
#1198=ORIENTED_EDGE('',*,*,#753,.F.);
#1199=ORIENTED_EDGE('',*,*,#882,.F.);
#1200=ORIENTED_EDGE('',*,*,#816,.T.);
#1201=ORIENTED_EDGE('',*,*,#882,.T.);
#1202=ORIENTED_EDGE('',*,*,#752,.F.);
#1203=ORIENTED_EDGE('',*,*,#883,.F.);
#1204=ORIENTED_EDGE('',*,*,#817,.T.);
#1205=ORIENTED_EDGE('',*,*,#883,.T.);
#1206=ORIENTED_EDGE('',*,*,#751,.F.);
#1207=ORIENTED_EDGE('',*,*,#884,.F.);
#1208=ORIENTED_EDGE('',*,*,#818,.T.);
#1209=ORIENTED_EDGE('',*,*,#884,.T.);
#1210=ORIENTED_EDGE('',*,*,#750,.F.);
#1211=ORIENTED_EDGE('',*,*,#885,.F.);
#1212=ORIENTED_EDGE('',*,*,#819,.T.);
#1213=ORIENTED_EDGE('',*,*,#885,.T.);
#1214=ORIENTED_EDGE('',*,*,#749,.F.);
#1215=ORIENTED_EDGE('',*,*,#886,.F.);
#1216=ORIENTED_EDGE('',*,*,#820,.F.);
#1217=ORIENTED_EDGE('',*,*,#886,.T.);
#1218=ORIENTED_EDGE('',*,*,#748,.F.);
#1219=ORIENTED_EDGE('',*,*,#887,.F.);
#1220=ORIENTED_EDGE('',*,*,#821,.F.);
#1221=ORIENTED_EDGE('',*,*,#887,.T.);
#1222=ORIENTED_EDGE('',*,*,#747,.F.);
#1223=ORIENTED_EDGE('',*,*,#888,.F.);
#1224=ORIENTED_EDGE('',*,*,#822,.F.);
#1225=ORIENTED_EDGE('',*,*,#888,.T.);
#1226=ORIENTED_EDGE('',*,*,#746,.F.);
#1227=ORIENTED_EDGE('',*,*,#889,.F.);
#1228=ORIENTED_EDGE('',*,*,#823,.F.);
#1229=ORIENTED_EDGE('',*,*,#889,.T.);
#1230=ORIENTED_EDGE('',*,*,#745,.F.);
#1231=ORIENTED_EDGE('',*,*,#890,.F.);
#1232=ORIENTED_EDGE('',*,*,#824,.T.);
#1233=ORIENTED_EDGE('',*,*,#890,.T.);
#1234=ORIENTED_EDGE('',*,*,#744,.F.);
#1235=ORIENTED_EDGE('',*,*,#891,.F.);
#1236=ORIENTED_EDGE('',*,*,#825,.F.);
#1237=ORIENTED_EDGE('',*,*,#891,.T.);
#1238=ORIENTED_EDGE('',*,*,#743,.F.);
#1239=ORIENTED_EDGE('',*,*,#892,.F.);
#1240=ORIENTED_EDGE('',*,*,#826,.F.);
#1241=ORIENTED_EDGE('',*,*,#892,.T.);
#1242=ORIENTED_EDGE('',*,*,#742,.F.);
#1243=ORIENTED_EDGE('',*,*,#893,.F.);
#1244=ORIENTED_EDGE('',*,*,#827,.F.);
#1245=ORIENTED_EDGE('',*,*,#893,.T.);
#1246=ORIENTED_EDGE('',*,*,#741,.F.);
#1247=ORIENTED_EDGE('',*,*,#894,.F.);
#1248=ORIENTED_EDGE('',*,*,#828,.T.);
#1249=ORIENTED_EDGE('',*,*,#894,.T.);
#1250=ORIENTED_EDGE('',*,*,#740,.F.);
#1251=ORIENTED_EDGE('',*,*,#895,.F.);
#1252=ORIENTED_EDGE('',*,*,#829,.F.);
#1253=ORIENTED_EDGE('',*,*,#895,.T.);
#1254=ORIENTED_EDGE('',*,*,#739,.F.);
#1255=ORIENTED_EDGE('',*,*,#896,.F.);
#1256=ORIENTED_EDGE('',*,*,#830,.F.);
#1257=ORIENTED_EDGE('',*,*,#896,.T.);
#1258=ORIENTED_EDGE('',*,*,#738,.F.);
#1259=ORIENTED_EDGE('',*,*,#897,.F.);
#1260=ORIENTED_EDGE('',*,*,#831,.F.);
#1261=ORIENTED_EDGE('',*,*,#897,.T.);
#1262=ORIENTED_EDGE('',*,*,#737,.F.);
#1263=ORIENTED_EDGE('',*,*,#898,.F.);
#1264=ORIENTED_EDGE('',*,*,#832,.T.);
#1265=ORIENTED_EDGE('',*,*,#898,.T.);
#1266=ORIENTED_EDGE('',*,*,#736,.F.);
#1267=ORIENTED_EDGE('',*,*,#899,.F.);
#1268=ORIENTED_EDGE('',*,*,#833,.T.);
#1269=ORIENTED_EDGE('',*,*,#899,.T.);
#1270=ORIENTED_EDGE('',*,*,#735,.F.);
#1271=ORIENTED_EDGE('',*,*,#900,.F.);
#1272=ORIENTED_EDGE('',*,*,#834,.F.);
#1273=ORIENTED_EDGE('',*,*,#900,.T.);
#1274=ORIENTED_EDGE('',*,*,#734,.F.);
#1275=ORIENTED_EDGE('',*,*,#901,.F.);
#1276=ORIENTED_EDGE('',*,*,#835,.T.);
#1277=ORIENTED_EDGE('',*,*,#901,.T.);
#1278=ORIENTED_EDGE('',*,*,#733,.F.);
#1279=ORIENTED_EDGE('',*,*,#902,.F.);
#1280=ORIENTED_EDGE('',*,*,#836,.F.);
#1281=ORIENTED_EDGE('',*,*,#902,.T.);
#1282=ORIENTED_EDGE('',*,*,#732,.F.);
#1283=ORIENTED_EDGE('',*,*,#903,.F.);
#1284=ORIENTED_EDGE('',*,*,#837,.F.);
#1285=ORIENTED_EDGE('',*,*,#903,.T.);
#1286=ORIENTED_EDGE('',*,*,#731,.F.);
#1287=ORIENTED_EDGE('',*,*,#904,.F.);
#1288=ORIENTED_EDGE('',*,*,#838,.T.);
#1289=ORIENTED_EDGE('',*,*,#904,.T.);
#1290=ORIENTED_EDGE('',*,*,#730,.F.);
#1291=ORIENTED_EDGE('',*,*,#862,.F.);
#1292=ORIENTED_EDGE('',*,*,#710,.F.);
#1293=ORIENTED_EDGE('',*,*,#866,.T.);
#1294=ORIENTED_EDGE('',*,*,#775,.T.);
#1295=ORIENTED_EDGE('',*,*,#771,.T.);
#1296=ORIENTED_EDGE('',*,*,#810,.F.);
#1297=ORIENTED_EDGE('',*,*,#855,.T.);
#1298=ORIENTED_EDGE('',*,*,#797,.T.);
#1299=ORIENTED_EDGE('',*,*,#877,.T.);
#1300=ORIENTED_EDGE('',*,*,#807,.F.);
#1301=CONICAL_SURFACE('',#1390,1.49999999898004,0.785398163397448);
#1302=CONICAL_SURFACE('',#1401,1.49999999898004,0.785398163397448);
#1303=ADVANCED_FACE('',(#108),#1301,.F.);
#1304=ADVANCED_FACE('',(#109,#62,#63),#78,.T.);
#1305=ADVANCED_FACE('',(#110),#24,.F.);
#1306=ADVANCED_FACE('',(#111),#1302,.F.);
#1307=ADVANCED_FACE('',(#112,#64,#65,#66,#67),#79,.T.);
#1308=ADVANCED_FACE('',(#113),#25,.F.);
#1309=ADVANCED_FACE('',(#114),#80,.T.);
#1310=ADVANCED_FACE('',(#115),#26,.F.);
#1311=ADVANCED_FACE('',(#116),#15,.T.);
#1312=ADVANCED_FACE('',(#117,#68,#69),#81,.T.);
#1313=ADVANCED_FACE('',(#118),#82,.T.);
#1314=ADVANCED_FACE('',(#119,#70,#71),#83,.F.);
#1315=ADVANCED_FACE('',(#120),#84,.T.);
#1316=ADVANCED_FACE('',(#121),#27,.T.);
#1317=ADVANCED_FACE('',(#122),#16,.F.);
#1318=ADVANCED_FACE('',(#123,#72,#73,#74,#75),#85,.F.);
#1319=ADVANCED_FACE('',(#124),#28,.F.);
#1320=ADVANCED_FACE('',(#125,#76,#77),#86,.F.);
#1321=ADVANCED_FACE('',(#126),#87,.T.);
#1322=ADVANCED_FACE('',(#127),#29,.F.);
#1323=ADVANCED_FACE('',(#128),#30,.F.);
#1324=ADVANCED_FACE('',(#129),#31,.F.);
#1325=ADVANCED_FACE('',(#130),#32,.F.);
#1326=ADVANCED_FACE('',(#131),#33,.F.);
#1327=ADVANCED_FACE('',(#132),#34,.F.);
#1328=ADVANCED_FACE('',(#133),#88,.T.);
#1329=ADVANCED_FACE('',(#134),#35,.T.);
#1330=ADVANCED_FACE('',(#135),#36,.F.);
#1331=ADVANCED_FACE('',(#136),#37,.T.);
#1332=ADVANCED_FACE('',(#137),#89,.T.);
#1333=ADVANCED_FACE('',(#138),#38,.T.);
#1334=ADVANCED_FACE('',(#139),#39,.F.);
#1335=ADVANCED_FACE('',(#140),#40,.T.);
#1336=ADVANCED_FACE('',(#141),#90,.T.);
#1337=ADVANCED_FACE('',(#142),#41,.T.);
#1338=ADVANCED_FACE('',(#143),#91,.T.);
#1339=ADVANCED_FACE('',(#144),#92,.T.);
#1340=ADVANCED_FACE('',(#145),#42,.T.);
#1341=ADVANCED_FACE('',(#146),#93,.T.);
#1342=ADVANCED_FACE('',(#147),#43,.T.);
#1343=ADVANCED_FACE('',(#148),#94,.T.);
#1344=ADVANCED_FACE('',(#149),#44,.T.);
#1345=ADVANCED_FACE('',(#150),#17,.T.);
#1346=ADVANCED_FACE('',(#151),#45,.T.);
#1347=ADVANCED_FACE('',(#152),#95,.T.);
#1348=ADVANCED_FACE('',(#153),#46,.T.);
#1349=ADVANCED_FACE('',(#154),#96,.T.);
#1350=ADVANCED_FACE('',(#155),#47,.T.);
#1351=ADVANCED_FACE('',(#156),#97,.T.);
#1352=ADVANCED_FACE('',(#157),#48,.T.);
#1353=ADVANCED_FACE('',(#158),#98,.T.);
#1354=ADVANCED_FACE('',(#159),#49,.T.);
#1355=ADVANCED_FACE('',(#160),#99,.T.);
#1356=ADVANCED_FACE('',(#161),#50,.F.);
#1357=ADVANCED_FACE('',(#162),#100,.T.);
#1358=ADVANCED_FACE('',(#163),#51,.F.);
#1359=ADVANCED_FACE('',(#164),#52,.T.);
#1360=ADVANCED_FACE('',(#165),#101,.T.);
#1361=ADVANCED_FACE('',(#166),#53,.F.);
#1362=ADVANCED_FACE('',(#167),#102,.T.);
#1363=ADVANCED_FACE('',(#168),#54,.T.);
#1364=ADVANCED_FACE('',(#169),#103,.T.);
#1365=ADVANCED_FACE('',(#170),#55,.F.);
#1366=ADVANCED_FACE('',(#171),#104,.T.);
#1367=ADVANCED_FACE('',(#172),#56,.T.);
#1368=ADVANCED_FACE('',(#173),#105,.T.);
#1369=ADVANCED_FACE('',(#174),#57,.F.);
#1370=ADVANCED_FACE('',(#175),#106,.T.);
#1371=ADVANCED_FACE('',(#176),#58,.F.);
#1372=ADVANCED_FACE('',(#177),#107,.T.);
#1373=ADVANCED_FACE('',(#178),#59,.T.);
#1374=ADVANCED_FACE('',(#179),#60,.T.);
#1375=ADVANCED_FACE('',(#180),#61,.F.);
#1376=CLOSED_SHELL('',(#1303,#1304,#1305,#1306,#1307,#1308,#1309,#1310,
#1311,#1312,#1313,#1314,#1315,#1316,#1317,#1318,#1319,#1320,#1321,#1322,
#1323,#1324,#1325,#1326,#1327,#1328,#1329,#1330,#1331,#1332,#1333,#1334,
#1335,#1336,#1337,#1338,#1339,#1340,#1341,#1342,#1343,#1344,#1345,#1346,
#1347,#1348,#1349,#1350,#1351,#1352,#1353,#1354,#1355,#1356,#1357,#1358,
#1359,#1360,#1361,#1362,#1363,#1364,#1365,#1366,#1367,#1368,#1369,#1370,
#1371,#1372,#1373,#1374,#1375));
#1377=DERIVED_UNIT_ELEMENT(#1379,1.);
#1378=DERIVED_UNIT_ELEMENT(#2557,-3.);
#1379=(
MASS_UNIT()
NAMED_UNIT(*)
SI_UNIT(.KILO.,.GRAM.)
);
#1380=DERIVED_UNIT((#1377,#1378));
#1381=MEASURE_REPRESENTATION_ITEM('density measure',
POSITIVE_RATIO_MEASURE(7850.),#1380);
#1382=PROPERTY_DEFINITION_REPRESENTATION(#1387,#1384);
#1383=PROPERTY_DEFINITION_REPRESENTATION(#1388,#1385);
#1384=REPRESENTATION('material name',(#1386),#2554);
#1385=REPRESENTATION('density',(#1381),#2554);
#1386=DESCRIPTIVE_REPRESENTATION_ITEM('\X2\94A2\X0\','\X2\94A2\X0\');
#1387=PROPERTY_DEFINITION('material property','material name',#2564);
#1388=PROPERTY_DEFINITION('material property','density of part',#2564);
#1389=AXIS2_PLACEMENT_3D('',#1942,#1534,#1535);
#1390=AXIS2_PLACEMENT_3D('',#1943,#1536,#1537);
#1391=AXIS2_PLACEMENT_3D('',#1945,#1538,#1539);
#1392=AXIS2_PLACEMENT_3D('',#1948,#1541,#1542);
#1393=AXIS2_PLACEMENT_3D('',#1949,#1543,#1544);
#1394=AXIS2_PLACEMENT_3D('',#1956,#1547,#1548);
#1395=AXIS2_PLACEMENT_3D('',#1960,#1550,#1551);
#1396=AXIS2_PLACEMENT_3D('',#1962,#1552,#1553);
#1397=AXIS2_PLACEMENT_3D('',#1964,#1554,#1555);
#1398=AXIS2_PLACEMENT_3D('',#1967,#1557,#1558);
#1399=AXIS2_PLACEMENT_3D('',#1968,#1559,#1560);
#1400=AXIS2_PLACEMENT_3D('',#1970,#1561,#1562);
#1401=AXIS2_PLACEMENT_3D('',#1972,#1564,#1565);
#1402=AXIS2_PLACEMENT_3D('',#1974,#1566,#1567);
#1403=AXIS2_PLACEMENT_3D('',#1977,#1569,#1570);
#1404=AXIS2_PLACEMENT_3D('',#1978,#1571,#1572);
#1405=AXIS2_PLACEMENT_3D('',#1985,#1575,#1576);
#1406=AXIS2_PLACEMENT_3D('',#1987,#1577,#1578);
#1407=AXIS2_PLACEMENT_3D('',#1989,#1579,#1580);
#1408=AXIS2_PLACEMENT_3D('',#1993,#1582,#1583);
#1409=AXIS2_PLACEMENT_3D('',#1997,#1585,#1586);
#1410=AXIS2_PLACEMENT_3D('',#2001,#1588,#1589);
#1411=AXIS2_PLACEMENT_3D('',#2005,#1591,#1592);
#1412=AXIS2_PLACEMENT_3D('',#2009,#1594,#1595);
#1413=AXIS2_PLACEMENT_3D('',#2013,#1597,#1598);
#1414=AXIS2_PLACEMENT_3D('',#2017,#1600,#1601);
#1415=AXIS2_PLACEMENT_3D('',#2021,#1603,#1604);
#1416=AXIS2_PLACEMENT_3D('',#2023,#1605,#1606);
#1417=AXIS2_PLACEMENT_3D('',#2027,#1608,#1609);
#1418=AXIS2_PLACEMENT_3D('',#2031,#1611,#1612);
#1419=AXIS2_PLACEMENT_3D('',#2035,#1614,#1615);
#1420=AXIS2_PLACEMENT_3D('',#2039,#1617,#1618);
#1421=AXIS2_PLACEMENT_3D('',#2043,#1620,#1621);
#1422=AXIS2_PLACEMENT_3D('',#2046,#1623,#1624);
#1423=AXIS2_PLACEMENT_3D('',#2048,#1625,#1626);
#1424=AXIS2_PLACEMENT_3D('',#2050,#1627,#1628);
#1425=AXIS2_PLACEMENT_3D('',#2052,#1629,#1630);
#1426=AXIS2_PLACEMENT_3D('',#2053,#1631,#1632);
#1427=AXIS2_PLACEMENT_3D('',#2055,#1633,#1634);
#1428=AXIS2_PLACEMENT_3D('',#2057,#1636,#1637);
#1429=AXIS2_PLACEMENT_3D('',#2063,#1641,#1642);
#1430=AXIS2_PLACEMENT_3D('',#2075,#1645,#1646);
#1431=AXIS2_PLACEMENT_3D('',#2108,#1651,#1652);
#1432=AXIS2_PLACEMENT_3D('',#2116,#1656,#1657);
#1433=AXIS2_PLACEMENT_3D('',#2118,#1658,#1659);
#1434=AXIS2_PLACEMENT_3D('',#2122,#1661,#1662);
#1435=AXIS2_PLACEMENT_3D('',#2126,#1664,#1665);
#1436=AXIS2_PLACEMENT_3D('',#2129,#1667,#1668);
#1437=AXIS2_PLACEMENT_3D('',#2131,#1669,#1670);
#1438=AXIS2_PLACEMENT_3D('',#2132,#1671,#1672);
#1439=AXIS2_PLACEMENT_3D('',#2137,#1676,#1677);
#1440=AXIS2_PLACEMENT_3D('',#2141,#1679,#1680);
#1441=AXIS2_PLACEMENT_3D('',#2145,#1682,#1683);
#1442=AXIS2_PLACEMENT_3D('',#2149,#1685,#1686);
#1443=AXIS2_PLACEMENT_3D('',#2151,#1687,#1688);
#1444=AXIS2_PLACEMENT_3D('',#2154,#1690,#1691);
#1445=AXIS2_PLACEMENT_3D('',#2156,#1692,#1693);
#1446=AXIS2_PLACEMENT_3D('',#2157,#1694,#1695);
#1447=AXIS2_PLACEMENT_3D('',#2163,#1699,#1700);
#1448=AXIS2_PLACEMENT_3D('',#2293,#1701,#1702);
#1449=AXIS2_PLACEMENT_3D('',#2326,#1706,#1707);
#1450=AXIS2_PLACEMENT_3D('',#2329,#1709,#1710);
#1451=AXIS2_PLACEMENT_3D('',#2333,#1712,#1713);
#1452=AXIS2_PLACEMENT_3D('',#2337,#1715,#1716);
#1453=AXIS2_PLACEMENT_3D('',#2341,#1718,#1719);
#1454=AXIS2_PLACEMENT_3D('',#2345,#1721,#1722);
#1455=AXIS2_PLACEMENT_3D('',#2349,#1724,#1725);
#1456=AXIS2_PLACEMENT_3D('',#2353,#1727,#1728);
#1457=AXIS2_PLACEMENT_3D('',#2355,#1729,#1730);
#1458=AXIS2_PLACEMENT_3D('',#2359,#1732,#1733);
#1459=AXIS2_PLACEMENT_3D('',#2363,#1735,#1736);
#1460=AXIS2_PLACEMENT_3D('',#2367,#1738,#1739);
#1461=AXIS2_PLACEMENT_3D('',#2371,#1741,#1742);
#1462=AXIS2_PLACEMENT_3D('',#2375,#1744,#1745);
#1463=AXIS2_PLACEMENT_3D('',#2379,#1747,#1748);
#1464=AXIS2_PLACEMENT_3D('',#2383,#1750,#1751);
#1465=AXIS2_PLACEMENT_3D('',#2387,#1753,#1754);
#1466=AXIS2_PLACEMENT_3D('',#2389,#1755,#1756);
#1467=AXIS2_PLACEMENT_3D('',#2390,#1757,#1758);
#1468=AXIS2_PLACEMENT_3D('',#2392,#1759,#1760);
#1469=AXIS2_PLACEMENT_3D('',#2394,#1761,#1762);
#1470=AXIS2_PLACEMENT_3D('',#2396,#1763,#1764);
#1471=AXIS2_PLACEMENT_3D('',#2397,#1765,#1766);
#1472=AXIS2_PLACEMENT_3D('',#2400,#1769,#1770);
#1473=AXIS2_PLACEMENT_3D('',#2402,#1771,#1772);
#1474=AXIS2_PLACEMENT_3D('',#2404,#1773,#1774);
#1475=AXIS2_PLACEMENT_3D('',#2406,#1775,#1776);
#1476=AXIS2_PLACEMENT_3D('',#2410,#1778,#1779);
#1477=AXIS2_PLACEMENT_3D('',#2413,#1781,#1782);
#1478=AXIS2_PLACEMENT_3D('',#2414,#1783,#1784);
#1479=AXIS2_PLACEMENT_3D('',#2415,#1785,#1786);
#1480=AXIS2_PLACEMENT_3D('',#2416,#1787,#1788);
#1481=AXIS2_PLACEMENT_3D('',#2418,#1790,#1791);
#1482=AXIS2_PLACEMENT_3D('',#2420,#1793,#1794);
#1483=AXIS2_PLACEMENT_3D('',#2422,#1796,#1797);
#1484=AXIS2_PLACEMENT_3D('',#2424,#1799,#1800);
#1485=AXIS2_PLACEMENT_3D('',#2426,#1802,#1803);
#1486=AXIS2_PLACEMENT_3D('',#2428,#1805,#1806);
#1487=AXIS2_PLACEMENT_3D('',#2431,#1809,#1810);
#1488=AXIS2_PLACEMENT_3D('',#2433,#1812,#1813);
#1489=AXIS2_PLACEMENT_3D('',#2435,#1815,#1816);
#1490=AXIS2_PLACEMENT_3D('',#2436,#1817,#1818);
#1491=AXIS2_PLACEMENT_3D('',#2437,#1819,#1820);
#1492=AXIS2_PLACEMENT_3D('',#2438,#1821,#1822);
#1493=AXIS2_PLACEMENT_3D('',#2440,#1824,#1825);
#1494=AXIS2_PLACEMENT_3D('',#2442,#1827,#1828);
#1495=AXIS2_PLACEMENT_3D('',#2444,#1830,#1831);
#1496=AXIS2_PLACEMENT_3D('',#2446,#1833,#1834);
#1497=AXIS2_PLACEMENT_3D('',#2448,#1836,#1837);
#1498=AXIS2_PLACEMENT_3D('',#2449,#1838,#1839);
#1499=AXIS2_PLACEMENT_3D('',#2451,#1841,#1842);
#1500=AXIS2_PLACEMENT_3D('',#2453,#1844,#1845);
#1501=AXIS2_PLACEMENT_3D('',#2455,#1847,#1848);
#1502=AXIS2_PLACEMENT_3D('',#2457,#1850,#1851);
#1503=AXIS2_PLACEMENT_3D('',#2459,#1853,#1854);
#1504=AXIS2_PLACEMENT_3D('',#2495,#1855,#1856);
#1505=AXIS2_PLACEMENT_3D('',#2497,#1858,#1859);
#1506=AXIS2_PLACEMENT_3D('',#2499,#1861,#1862);
#1507=AXIS2_PLACEMENT_3D('',#2501,#1864,#1865);
#1508=AXIS2_PLACEMENT_3D('',#2503,#1867,#1868);
#1509=AXIS2_PLACEMENT_3D('',#2505,#1870,#1871);
#1510=AXIS2_PLACEMENT_3D('',#2507,#1873,#1874);
#1511=AXIS2_PLACEMENT_3D('',#2509,#1876,#1877);
#1512=AXIS2_PLACEMENT_3D('',#2511,#1879,#1880);
#1513=AXIS2_PLACEMENT_3D('',#2513,#1882,#1883);
#1514=AXIS2_PLACEMENT_3D('',#2515,#1885,#1886);
#1515=AXIS2_PLACEMENT_3D('',#2517,#1888,#1889);
#1516=AXIS2_PLACEMENT_3D('',#2519,#1891,#1892);
#1517=AXIS2_PLACEMENT_3D('',#2521,#1894,#1895);
#1518=AXIS2_PLACEMENT_3D('',#2523,#1897,#1898);
#1519=AXIS2_PLACEMENT_3D('',#2525,#1900,#1901);
#1520=AXIS2_PLACEMENT_3D('',#2527,#1903,#1904);
#1521=AXIS2_PLACEMENT_3D('',#2529,#1906,#1907);
#1522=AXIS2_PLACEMENT_3D('',#2531,#1909,#1910);
#1523=AXIS2_PLACEMENT_3D('',#2533,#1912,#1913);
#1524=AXIS2_PLACEMENT_3D('',#2535,#1915,#1916);
#1525=AXIS2_PLACEMENT_3D('',#2537,#1918,#1919);
#1526=AXIS2_PLACEMENT_3D('',#2539,#1921,#1922);
#1527=AXIS2_PLACEMENT_3D('',#2541,#1924,#1925);
#1528=AXIS2_PLACEMENT_3D('',#2543,#1927,#1928);
#1529=AXIS2_PLACEMENT_3D('',#2545,#1930,#1931);
#1530=AXIS2_PLACEMENT_3D('',#2547,#1933,#1934);
#1531=AXIS2_PLACEMENT_3D('',#2549,#1936,#1937);
#1532=AXIS2_PLACEMENT_3D('',#2550,#1938,#1939);
#1533=AXIS2_PLACEMENT_3D('',#2551,#1940,#1941);
#1534=DIRECTION('axis',(0.,0.,1.));
#1535=DIRECTION('refdir',(1.,0.,0.));
#1536=DIRECTION('center_axis',(0.,1.,-5.1625370645069E-14));
#1537=DIRECTION('ref_axis',(1.,0.,0.));
#1538=DIRECTION('center_axis',(0.,-1.,5.14531160026499E-14));
#1539=DIRECTION('ref_axis',(1.,0.,0.));
#1540=DIRECTION('',(-0.707106781186547,0.707106781186548,-3.64180540587737E-14));
#1541=DIRECTION('center_axis',(0.,1.,-5.14531160026499E-14));
#1542=DIRECTION('ref_axis',(1.,0.,0.));
#1543=DIRECTION('center_axis',(0.,1.,-5.14531160026499E-14));
#1544=DIRECTION('ref_axis',(1.,0.,0.));
#1545=DIRECTION('',(1.,0.,0.));
#1546=DIRECTION('',(-0.771470874213901,-3.27377982545036E-14,-0.6362646385268));
#1547=DIRECTION('center_axis',(0.,1.,-5.14531160026499E-14));
#1548=DIRECTION('ref_axis',(0.636264638526935,-3.96945803835878E-14,-0.771470874213789));
#1549=DIRECTION('',(-1.,1.23881063894807E-28,2.407649400445E-15));
#1550=DIRECTION('center_axis',(0.,1.,-5.14531160026499E-14));
#1551=DIRECTION('ref_axis',(0.,-5.14531160026499E-14,-1.));
#1552=DIRECTION('center_axis',(0.,-1.,5.14531160026499E-14));
#1553=DIRECTION('ref_axis',(0.562492687779221,4.25415525655914E-14,0.826802259427796));
#1554=DIRECTION('center_axis',(0.,1.,-5.14531160026499E-14));
#1555=DIRECTION('ref_axis',(-0.616046506783322,-4.05301228165008E-14,-0.787709782521498));
#1556=DIRECTION('',(-7.46247474027782E-14,5.14531160026499E-14,1.));
#1557=DIRECTION('center_axis',(0.,-1.,5.14531160026499E-14));
#1558=DIRECTION('ref_axis',(1.,0.,0.));
#1559=DIRECTION('center_axis',(0.,1.,-5.14531160026499E-14));
#1560=DIRECTION('ref_axis',(1.,0.,0.));
#1561=DIRECTION('center_axis',(0.,-1.,5.14531160026499E-14));
#1562=DIRECTION('ref_axis',(1.,0.,0.));
#1563=DIRECTION('',(0.,1.,-5.14531160026499E-14));
#1564=DIRECTION('center_axis',(0.,-1.,-5.1625370645069E-14));
#1565=DIRECTION('ref_axis',(1.,0.,0.));
#1566=DIRECTION('center_axis',(0.,1.,5.14531160026499E-14));
#1567=DIRECTION('ref_axis',(1.,0.,0.));
#1568=DIRECTION('',(-0.707106781186547,-0.707106781186548,-3.65912452700208E-14));
#1569=DIRECTION('center_axis',(0.,-1.,-5.14531160026499E-14));
#1570=DIRECTION('ref_axis',(1.,0.,0.));
#1571=DIRECTION('center_axis',(0.,-1.,-5.14531160026499E-14));
#1572=DIRECTION('ref_axis',(1.,0.,0.));
#1573=DIRECTION('',(-1.,0.,0.));
#1574=DIRECTION('',(-7.46247474027782E-14,5.14531160026499E-14,-1.));
#1575=DIRECTION('center_axis',(0.,-1.,-5.14531160026499E-14));
#1576=DIRECTION('ref_axis',(-0.983035919989095,9.43717758096795E-15,-0.183413140235898));
#1577=DIRECTION('center_axis',(0.,1.,5.14531160026499E-14));
#1578=DIRECTION('ref_axis',(0.726615209280476,-3.53505875717615E-14,0.687044640210729));
#1579=DIRECTION('center_axis',(0.,-1.,-5.14531160026499E-14));
#1580=DIRECTION('ref_axis',(-0.7266152092814,3.53505875717112E-14,-0.687044640209752));
#1581=DIRECTION('',(1.,0.,0.));
#1582=DIRECTION('center_axis',(0.,-1.,-5.14531160026499E-14));
#1583=DIRECTION('ref_axis',(0.,5.14531160026499E-14,-1.));
#1584=DIRECTION('',(0.,-5.14531160026499E-14,1.));
#1585=DIRECTION('center_axis',(0.,1.,5.14531160026499E-14));
#1586=DIRECTION('ref_axis',(0.,-5.14531160026499E-14,1.));
#1587=DIRECTION('',(1.,0.,0.));
#1588=DIRECTION('center_axis',(0.,1.,5.14531160026499E-14));
#1589=DIRECTION('ref_axis',(1.,0.,0.));
#1590=DIRECTION('',(0.,5.14531160026499E-14,-1.));
#1591=DIRECTION('center_axis',(0.,-1.,-5.14531160026499E-14));
#1592=DIRECTION('ref_axis',(-1.,0.,0.));
#1593=DIRECTION('',(1.,3.07790665003791E-28,-5.98196356053421E-15));
#1594=DIRECTION('center_axis',(0.,1.,5.14531160026499E-14));
#1595=DIRECTION('ref_axis',(1.,3.9681830876702E-23,-7.71223085394057E-10));
#1596=DIRECTION('',(-7.6901331814085E-10,5.14531160026499E-14,-1.));
#1597=DIRECTION('center_axis',(0.,-1.,-5.14531160026499E-14));
#1598=DIRECTION('ref_axis',(-1.,-3.9681830876702E-23,7.71223085394057E-10));
#1599=DIRECTION('',(1.,0.,0.));
#1600=DIRECTION('center_axis',(0.,1.,5.14531160026499E-14));
#1601=DIRECTION('ref_axis',(1.,0.,0.));
#1602=DIRECTION('',(9.79443183214289E-14,5.14531160026499E-14,-1.));
#1603=DIRECTION('center_axis',(0.,-1.,-5.14531160026499E-14));
#1604=DIRECTION('ref_axis',(-1.,1.860431273065E-25,-3.61577960209288E-12));
#1605=DIRECTION('center_axis',(0.,1.,5.14531160026499E-14));
#1606=DIRECTION('ref_axis',(1.,0.,0.));
#1607=DIRECTION('',(0.,5.14531160026499E-14,-1.));
#1608=DIRECTION('center_axis',(0.,1.,5.14531160026499E-14));
#1609=DIRECTION('ref_axis',(0.707106781184718,3.63828472387459E-14,-0.707106781188376));
#1610=DIRECTION('',(-0.707106781188383,3.63828472385574E-14,-0.707106781184712));
#1611=DIRECTION('center_axis',(0.,-1.,-5.14531160026499E-14));
#1612=DIRECTION('ref_axis',(-0.707106781184718,-3.63828472387459E-14,0.707106781188377));
#1613=DIRECTION('',(1.,0.,0.));
#1614=DIRECTION('center_axis',(0.,-1.,-5.14531160026499E-14));
#1615=DIRECTION('ref_axis',(0.,5.14531160026499E-14,-1.));
#1616=DIRECTION('',(0.707106781185794,-3.63828472386906E-14,0.707106781187301));
#1617=DIRECTION('center_axis',(0.,-1.,-5.14531160026499E-14));
#1618=DIRECTION('ref_axis',(0.707106781188371,3.6382847238558E-14,-0.707106781184724));
#1619=DIRECTION('',(0.,-5.14531160026499E-14,1.));
#1620=DIRECTION('center_axis',(0.,-1.,-5.14531160026499E-14));
#1621=DIRECTION('ref_axis',(1.,0.,0.));
#1622=DIRECTION('',(-0.707106781186522,-3.63828472386531E-14,0.707106781186573));
#1623=DIRECTION('center_axis',(0.,-1.,-5.14531160026499E-14));
#1624=DIRECTION('ref_axis',(0.707106781189122,-3.63828472385193E-14,0.707106781183973));
#1625=DIRECTION('center_axis',(0.,1.,5.14531160026499E-14));
#1626=DIRECTION('ref_axis',(1.,0.,0.));
#1627=DIRECTION('center_axis',(0.,1.,5.14531160026499E-14));
#1628=DIRECTION('ref_axis',(1.,0.,0.));
#1629=DIRECTION('center_axis',(0.,1.,5.14531160026499E-14));
#1630=DIRECTION('ref_axis',(1.,0.,0.));
#1631=DIRECTION('center_axis',(0.,-1.,-5.14531160026499E-14));
#1632=DIRECTION('ref_axis',(1.,0.,0.));
#1633=DIRECTION('center_axis',(0.,1.,5.14531160026499E-14));
#1634=DIRECTION('ref_axis',(1.,0.,0.));
#1635=DIRECTION('',(0.,-1.,-5.14531160026499E-14));
#1636=DIRECTION('center_axis',(-1.,-3.83967578478359E-27,-7.46247474027782E-14));
#1637=DIRECTION('ref_axis',(-7.46247474027782E-14,5.14531160026499E-14,
1.));
#1638=DIRECTION('',(0.,1.,-5.14531160026499E-14));
#1639=DIRECTION('',(0.,1.,-5.14531160026499E-14));
#1640=DIRECTION('',(7.46247474027782E-14,-5.14531160026499E-14,-1.));
#1641=DIRECTION('center_axis',(-1.,0.,0.));
#1642=DIRECTION('ref_axis',(0.,0.,1.));
#1643=DIRECTION('',(-1.,0.,0.));
#1644=DIRECTION('',(-1.,0.,0.));
#1645=DIRECTION('center_axis',(-1.,0.,0.));
#1646=DIRECTION('ref_axis',(0.,0.,1.));
#1647=DIRECTION('',(0.,-1.,5.14531160026499E-14));
#1648=DIRECTION('',(0.,0.,1.));
#1649=DIRECTION('',(0.,0.,1.));
#1650=DIRECTION('',(0.,-1.,5.14531160026499E-14));
#1651=DIRECTION('center_axis',(0.,0.,1.));
#1652=DIRECTION('ref_axis',(1.,0.,0.));
#1653=DIRECTION('',(1.,0.,0.));
#1654=DIRECTION('',(-7.46247474027782E-14,-1.,0.));
#1655=DIRECTION('',(-1.,0.,0.));
#1656=DIRECTION('center_axis',(0.,0.,-1.));
#1657=DIRECTION('ref_axis',(0.35678551946639,0.934186326756658,0.));
#1658=DIRECTION('center_axis',(0.,0.,1.));
#1659=DIRECTION('ref_axis',(-0.356785519463162,-0.934186326757891,0.));
#1660=DIRECTION('',(0.707106781186547,0.707106781186547,0.));
#1661=DIRECTION('center_axis',(0.,0.,1.));
#1662=DIRECTION('ref_axis',(0.707106781186524,-0.707106781186571,0.));
#1663=DIRECTION('',(0.,1.,0.));
#1664=DIRECTION('center_axis',(0.,0.,1.));
#1665=DIRECTION('ref_axis',(1.,0.,0.));
#1666=DIRECTION('',(-0.707106781186547,0.707106781186547,0.));
#1667=DIRECTION('center_axis',(0.,0.,-1.));
#1668=DIRECTION('ref_axis',(1.,0.,0.));
#1669=DIRECTION('center_axis',(0.,0.,-1.));
#1670=DIRECTION('ref_axis',(1.,0.,0.));
#1671=DIRECTION('center_axis',(-1.,7.46247474027782E-14,0.));
#1672=DIRECTION('ref_axis',(-7.46247474027782E-14,-1.,0.));
#1673=DIRECTION('',(0.,0.,1.));
#1674=DIRECTION('',(7.46247474027782E-14,1.,0.));
#1675=DIRECTION('',(0.,0.,-1.));
#1676=DIRECTION('center_axis',(0.,0.,1.));
#1677=DIRECTION('ref_axis',(1.,0.,0.));
#1678=DIRECTION('',(0.707106781186547,-0.707106781186547,0.));
#1679=DIRECTION('center_axis',(0.,0.,1.));
#1680=DIRECTION('ref_axis',(1.,0.,0.));
#1681=DIRECTION('',(0.,-1.,0.));
#1682=DIRECTION('center_axis',(0.,0.,1.));
#1683=DIRECTION('ref_axis',(0.707106781186524,-0.707106781186571,0.));
#1684=DIRECTION('',(-0.707106781186547,-0.707106781186547,0.));
#1685=DIRECTION('center_axis',(0.,0.,1.));
#1686=DIRECTION('ref_axis',(-0.356785519463162,-0.934186326757891,0.));
#1687=DIRECTION('center_axis',(0.,0.,1.));
#1688=DIRECTION('ref_axis',(0.35678551946639,0.934186326756658,0.));
#1689=DIRECTION('',(1.,0.,0.));
#1690=DIRECTION('center_axis',(0.,0.,-1.));
#1691=DIRECTION('ref_axis',(1.,0.,0.));
#1692=DIRECTION('center_axis',(0.,0.,-1.));
#1693=DIRECTION('ref_axis',(1.,0.,0.));
#1694=DIRECTION('center_axis',(-1.,-3.83967578478359E-27,7.46247474027782E-14));
#1695=DIRECTION('ref_axis',(-7.46247474027782E-14,5.14531160026499E-14,
-1.));
#1696=DIRECTION('',(0.,1.,5.14531160026499E-14));
#1697=DIRECTION('',(7.46247474027782E-14,-5.14531160026499E-14,1.));
#1698=DIRECTION('',(0.,-1.,-5.14531160026499E-14));
#1699=DIRECTION('center_axis',(1.,0.,0.));
#1700=DIRECTION('ref_axis',(0.,0.,1.));
#1701=DIRECTION('center_axis',(1.,0.,0.));
#1702=DIRECTION('ref_axis',(0.,0.,1.));
#1703=DIRECTION('',(0.,-1.,-5.14531160026499E-14));
#1704=DIRECTION('',(0.,-0.984466307174412,0.175573602908801));
#1705=DIRECTION('',(0.,-1.,-5.14531160026499E-14));
#1706=DIRECTION('center_axis',(0.,-1.,-5.14531160026499E-14));
#1707=DIRECTION('ref_axis',(1.,0.,0.));
#1708=DIRECTION('',(1.,0.,0.));
#1709=DIRECTION('center_axis',(0.,-1.,-5.14531160026499E-14));
#1710=DIRECTION('ref_axis',(0.707106781189122,-3.63828472385193E-14,0.707106781183973));
#1711=DIRECTION('',(-0.707106781186522,-3.63828472386531E-14,0.707106781186573));
#1712=DIRECTION('center_axis',(0.,-1.,-5.14531160026499E-14));
#1713=DIRECTION('ref_axis',(1.,0.,0.));
#1714=DIRECTION('',(0.,-5.14531160026499E-14,1.));
#1715=DIRECTION('center_axis',(0.,-1.,-5.14531160026499E-14));
#1716=DIRECTION('ref_axis',(0.707106781188371,3.6382847238558E-14,-0.707106781184724));
#1717=DIRECTION('',(0.707106781185794,-3.63828472386906E-14,0.707106781187301));
#1718=DIRECTION('center_axis',(0.,-1.,-5.14531160026499E-14));
#1719=DIRECTION('ref_axis',(0.,5.14531160026499E-14,-1.));
#1720=DIRECTION('',(1.,0.,0.));
#1721=DIRECTION('center_axis',(0.,-1.,-5.14531160026499E-14));
#1722=DIRECTION('ref_axis',(-0.707106781184718,-3.63828472387459E-14,0.707106781188377));
#1723=DIRECTION('',(0.707106781188383,-3.63828472385574E-14,0.707106781184712));
#1724=DIRECTION('center_axis',(0.,-1.,-5.14531160026499E-14));
#1725=DIRECTION('ref_axis',(0.707106781184718,3.63828472387459E-14,-0.707106781188376));
#1726=DIRECTION('',(0.,-5.14531160026499E-14,1.));
#1727=DIRECTION('center_axis',(0.,-1.,-5.14531160026499E-14));
#1728=DIRECTION('ref_axis',(1.,0.,0.));
#1729=DIRECTION('center_axis',(0.,-1.,-5.14531160026499E-14));
#1730=DIRECTION('ref_axis',(-1.,1.860431273065E-25,-3.61577960209288E-12));
#1731=DIRECTION('',(-9.79443183214289E-14,-5.14531160026499E-14,1.));
#1732=DIRECTION('center_axis',(0.,-1.,-5.14531160026499E-14));
#1733=DIRECTION('ref_axis',(1.,0.,0.));
#1734=DIRECTION('',(-1.,0.,0.));
#1735=DIRECTION('center_axis',(0.,-1.,-5.14531160026499E-14));
#1736=DIRECTION('ref_axis',(-1.,-3.9681830876702E-23,7.71223085394057E-10));
#1737=DIRECTION('',(7.6901331814085E-10,-5.14531160026499E-14,1.));
#1738=DIRECTION('center_axis',(0.,-1.,-5.14531160026499E-14));
#1739=DIRECTION('ref_axis',(1.,3.9681830876702E-23,-7.71223085394057E-10));
#1740=DIRECTION('',(-1.,-3.07790665003791E-28,5.98196356053421E-15));
#1741=DIRECTION('center_axis',(0.,-1.,-5.14531160026499E-14));
#1742=DIRECTION('ref_axis',(-1.,0.,0.));
#1743=DIRECTION('',(0.,5.14531160026499E-14,-1.));
#1744=DIRECTION('center_axis',(0.,-1.,-5.14531160026499E-14));
#1745=DIRECTION('ref_axis',(1.,0.,0.));
#1746=DIRECTION('',(1.,0.,0.));
#1747=DIRECTION('center_axis',(0.,-1.,-5.14531160026499E-14));
#1748=DIRECTION('ref_axis',(0.,-5.14531160026499E-14,1.));
#1749=DIRECTION('',(0.,5.14531160026499E-14,-1.));
#1750=DIRECTION('center_axis',(0.,-1.,-5.14531160026499E-14));
#1751=DIRECTION('ref_axis',(0.,5.14531160026499E-14,-1.));
#1752=DIRECTION('',(-1.,0.,0.));
#1753=DIRECTION('center_axis',(0.,-1.,-5.14531160026499E-14));
#1754=DIRECTION('ref_axis',(-0.7266152092814,3.53505875717112E-14,-0.687044640209752));
#1755=DIRECTION('center_axis',(0.,-1.,-5.14531160026499E-14));
#1756=DIRECTION('ref_axis',(0.726615209280476,-3.53505875717615E-14,0.687044640210729));
#1757=DIRECTION('center_axis',(0.,-1.,-5.14531160026499E-14));
#1758=DIRECTION('ref_axis',(-0.983035919989095,9.43717758096795E-15,-0.183413140235898));
#1759=DIRECTION('center_axis',(0.,1.,5.14531160026499E-14));
#1760=DIRECTION('ref_axis',(1.,0.,0.));
#1761=DIRECTION('center_axis',(0.,1.,5.14531160026499E-14));
#1762=DIRECTION('ref_axis',(1.,0.,0.));
#1763=DIRECTION('center_axis',(0.,1.,5.14531160026499E-14));
#1764=DIRECTION('ref_axis',(1.,0.,0.));
#1765=DIRECTION('center_axis',(0.,0.,1.));
#1766=DIRECTION('ref_axis',(0.35678551946639,0.934186326756658,0.));
#1767=DIRECTION('',(0.,0.,1.));
#1768=DIRECTION('',(0.,0.,1.));
#1769=DIRECTION('center_axis',(0.,1.,-5.14531160026499E-14));
#1770=DIRECTION('ref_axis',(1.,0.,0.));
#1771=DIRECTION('center_axis',(0.,1.,-5.14531160026499E-14));
#1772=DIRECTION('ref_axis',(-0.616046506783322,-4.05301228165008E-14,-0.787709782521498));
#1773=DIRECTION('center_axis',(0.,1.,-5.14531160026499E-14));
#1774=DIRECTION('ref_axis',(0.562492687779221,4.25415525655914E-14,0.826802259427796));
#1775=DIRECTION('center_axis',(0.,1.,-5.14531160026499E-14));
#1776=DIRECTION('ref_axis',(0.,-5.14531160026499E-14,-1.));
#1777=DIRECTION('',(1.,-1.23881063894807E-28,-2.407649400445E-15));
#1778=DIRECTION('center_axis',(0.,1.,-5.14531160026499E-14));
#1779=DIRECTION('ref_axis',(0.636264638526935,-3.96945803835878E-14,-0.771470874213789));
#1780=DIRECTION('',(0.771470874213901,3.27377982545036E-14,0.6362646385268));
#1781=DIRECTION('center_axis',(0.,-1.,5.14531160026499E-14));
#1782=DIRECTION('ref_axis',(1.,0.,0.));
#1783=DIRECTION('center_axis',(-1.,0.,0.));
#1784=DIRECTION('ref_axis',(0.,0.,1.));
#1785=DIRECTION('center_axis',(-1.,0.,0.));
#1786=DIRECTION('ref_axis',(0.,-1.,-5.13911829759327E-14));
#1787=DIRECTION('center_axis',(0.,0.,1.));
#1788=DIRECTION('ref_axis',(1.,0.,0.));
#1789=DIRECTION('',(0.,0.,1.));
#1790=DIRECTION('center_axis',(0.,0.,1.));
#1791=DIRECTION('ref_axis',(1.,0.,0.));
#1792=DIRECTION('',(0.,0.,1.));
#1793=DIRECTION('center_axis',(0.,-1.,-5.14531160026499E-14));
#1794=DIRECTION('ref_axis',(1.,0.,0.));
#1795=DIRECTION('',(0.,-1.,-5.14531160026499E-14));
#1796=DIRECTION('center_axis',(0.,-1.,-5.14531160026499E-14));
#1797=DIRECTION('ref_axis',(1.,0.,0.));
#1798=DIRECTION('',(0.,-1.,-5.14531160026499E-14));
#1799=DIRECTION('center_axis',(0.,-1.,-5.14531160026499E-14));
#1800=DIRECTION('ref_axis',(1.,0.,0.));
#1801=DIRECTION('',(0.,-1.,-5.14531160026499E-14));
#1802=DIRECTION('center_axis',(0.,1.,-5.14531160026499E-14));
#1803=DIRECTION('ref_axis',(1.,0.,0.));
#1804=DIRECTION('',(0.,1.,-5.14531160026499E-14));
#1805=DIRECTION('center_axis',(0.,5.14531160026499E-14,-1.));
#1806=DIRECTION('ref_axis',(1.,0.,0.));
#1807=DIRECTION('',(0.,-1.,-5.14531160026499E-14));
#1808=DIRECTION('',(0.,-1.,-5.14531160026499E-14));
#1809=DIRECTION('center_axis',(0.,-1.,-5.14531160026499E-14));
#1810=DIRECTION('ref_axis',(-0.7266152092814,3.53505875717112E-14,-0.687044640209752));
#1811=DIRECTION('',(0.,-1.,-5.14531160026499E-14));
#1812=DIRECTION('center_axis',(0.,-1.,-5.14531160026499E-14));
#1813=DIRECTION('ref_axis',(0.726615209280476,-3.53505875717615E-14,0.687044640210729));
#1814=DIRECTION('',(0.,-1.,-5.14531160026499E-14));
#1815=DIRECTION('center_axis',(0.,-1.,-5.14531160026499E-14));
#1816=DIRECTION('ref_axis',(-0.983035919989095,9.43717758096795E-15,-0.183413140235898));
#1817=DIRECTION('center_axis',(-1.,0.,0.));
#1818=DIRECTION('ref_axis',(0.,0.,1.));
#1819=DIRECTION('center_axis',(1.,0.,0.));
#1820=DIRECTION('ref_axis',(0.,1.,-5.14529322386156E-14));
#1821=DIRECTION('center_axis',(0.,1.,-5.14531160026499E-14));
#1822=DIRECTION('ref_axis',(-0.616046506783322,-4.05301228165008E-14,-0.787709782521498));
#1823=DIRECTION('',(0.,1.,-5.14531160026499E-14));
#1824=DIRECTION('center_axis',(0.,1.,-5.14531160026499E-14));
#1825=DIRECTION('ref_axis',(0.562492687779221,4.25415525655914E-14,0.826802259427796));
#1826=DIRECTION('',(0.,1.,-5.14531160026499E-14));
#1827=DIRECTION('center_axis',(0.,1.,-5.14531160026499E-14));
#1828=DIRECTION('ref_axis',(0.,-5.14531160026499E-14,-1.));
#1829=DIRECTION('',(0.,1.,-5.14531160026499E-14));
#1830=DIRECTION('center_axis',(-2.407649400445E-15,-5.14531160026499E-14,
-1.));
#1831=DIRECTION('ref_axis',(-1.,1.23881063894807E-28,2.407649400445E-15));
#1832=DIRECTION('',(0.,1.,-5.14531160026499E-14));
#1833=DIRECTION('center_axis',(0.,1.,-5.14531160026499E-14));
#1834=DIRECTION('ref_axis',(0.636264638526935,-3.96945803835878E-14,-0.771470874213789));
#1835=DIRECTION('',(0.,1.,-5.14531160026499E-14));
#1836=DIRECTION('center_axis',(0.6362646385268,-3.96945803835936E-14,-0.771470874213901));
#1837=DIRECTION('ref_axis',(-0.771470874213901,-3.27377982545036E-14,-0.6362646385268));
#1838=DIRECTION('center_axis',(0.707106781186548,0.707106781186548,0.));
#1839=DIRECTION('ref_axis',(-0.707106781186548,0.707106781186548,0.));
#1840=DIRECTION('',(0.,0.,1.));
#1841=DIRECTION('center_axis',(0.,0.,1.));
#1842=DIRECTION('ref_axis',(1.,0.,0.));
#1843=DIRECTION('',(0.,0.,1.));
#1844=DIRECTION('center_axis',(1.,0.,0.));
#1845=DIRECTION('ref_axis',(0.,1.,0.));
#1846=DIRECTION('',(0.,0.,1.));
#1847=DIRECTION('center_axis',(0.,0.,1.));
#1848=DIRECTION('ref_axis',(0.707106781186524,-0.707106781186571,0.));
#1849=DIRECTION('',(0.,0.,1.));
#1850=DIRECTION('center_axis',(0.707106781186548,-0.707106781186548,0.));
#1851=DIRECTION('ref_axis',(0.707106781186548,0.707106781186548,0.));
#1852=DIRECTION('',(0.,0.,1.));
#1853=DIRECTION('center_axis',(0.,0.,1.));
#1854=DIRECTION('ref_axis',(-0.356785519463162,-0.934186326757891,0.));
#1855=DIRECTION('center_axis',(0.,-1.,-5.14531160026499E-14));
#1856=DIRECTION('ref_axis',(0.707106781189122,-3.63828472385193E-14,0.707106781183973));
#1857=DIRECTION('',(0.,-1.,-5.14531160026499E-14));
#1858=DIRECTION('center_axis',(0.707106781186573,-3.63828472386505E-14,
0.707106781186522));
#1859=DIRECTION('ref_axis',(-0.707106781186522,-3.63828472386531E-14,0.707106781186573));
#1860=DIRECTION('',(0.,-1.,-5.14531160026499E-14));
#1861=DIRECTION('center_axis',(0.,-1.,-5.14531160026499E-14));
#1862=DIRECTION('ref_axis',(1.,0.,0.));
#1863=DIRECTION('',(0.,-1.,-5.14531160026499E-14));
#1864=DIRECTION('center_axis',(1.,0.,0.));
#1865=DIRECTION('ref_axis',(0.,-5.14531160026499E-14,1.));
#1866=DIRECTION('',(0.,-1.,-5.14531160026499E-14));
#1867=DIRECTION('center_axis',(0.,-1.,-5.14531160026499E-14));
#1868=DIRECTION('ref_axis',(0.707106781188371,3.6382847238558E-14,-0.707106781184724));
#1869=DIRECTION('',(0.,-1.,-5.14531160026499E-14));
#1870=DIRECTION('center_axis',(0.707106781187302,3.6382847238613E-14,-0.707106781185794));
#1871=DIRECTION('ref_axis',(0.707106781185794,-3.63828472386906E-14,0.707106781187302));
#1872=DIRECTION('',(0.,-1.,-5.14531160026499E-14));
#1873=DIRECTION('center_axis',(0.,-1.,-5.14531160026499E-14));
#1874=DIRECTION('ref_axis',(0.,5.14531160026499E-14,-1.));
#1875=DIRECTION('',(0.,-1.,-5.14531160026499E-14));
#1876=DIRECTION('center_axis',(0.,5.14531160026499E-14,-1.));
#1877=DIRECTION('ref_axis',(1.,0.,0.));
#1878=DIRECTION('',(0.,-1.,-5.14531160026499E-14));
#1879=DIRECTION('center_axis',(0.,-1.,-5.14531160026499E-14));
#1880=DIRECTION('ref_axis',(-0.707106781184718,-3.63828472387459E-14,0.707106781188377));
#1881=DIRECTION('',(0.,-1.,-5.14531160026499E-14));
#1882=DIRECTION('center_axis',(-0.707106781184712,-3.63828472387462E-14,
0.707106781188383));
#1883=DIRECTION('ref_axis',(-0.707106781188383,3.63828472385574E-14,-0.707106781184712));
#1884=DIRECTION('',(0.,-1.,-5.14531160026499E-14));
#1885=DIRECTION('center_axis',(0.,-1.,-5.14531160026499E-14));
#1886=DIRECTION('ref_axis',(0.707106781184718,3.63828472387459E-14,-0.707106781188376));
#1887=DIRECTION('',(0.,-1.,-5.14531160026499E-14));
#1888=DIRECTION('center_axis',(-1.,0.,0.));
#1889=DIRECTION('ref_axis',(0.,5.14531160026499E-14,-1.));
#1890=DIRECTION('',(0.,-1.,-5.14531160026499E-14));
#1891=DIRECTION('center_axis',(0.,-1.,-5.14531160026499E-14));
#1892=DIRECTION('ref_axis',(1.,0.,0.));
#1893=DIRECTION('',(0.,-1.,-5.14531160026499E-14));
#1894=DIRECTION('center_axis',(0.,-1.,-5.14531160026499E-14));
#1895=DIRECTION('ref_axis',(-1.,1.860431273065E-25,-3.61577960209288E-12));
#1896=DIRECTION('',(0.,-1.,-5.14531160026499E-14));
#1897=DIRECTION('center_axis',(-1.,5.03954037239295E-27,-9.79443183214289E-14));
#1898=DIRECTION('ref_axis',(9.79443183214289E-14,5.14531160026499E-14,-1.));
#1899=DIRECTION('',(0.,-1.,-5.14531160026499E-14));
#1900=DIRECTION('center_axis',(0.,-1.,-5.14531160026499E-14));
#1901=DIRECTION('ref_axis',(1.,0.,0.));
#1902=DIRECTION('',(0.,-1.,-5.14531160026499E-14));
#1903=DIRECTION('center_axis',(0.,5.14531160026499E-14,-1.));
#1904=DIRECTION('ref_axis',(1.,0.,0.));
#1905=DIRECTION('',(0.,-1.,-5.14531160026499E-14));
#1906=DIRECTION('center_axis',(0.,-1.,-5.14531160026499E-14));
#1907=DIRECTION('ref_axis',(-1.,-3.9681830876702E-23,7.71223085394057E-10));
#1908=DIRECTION('',(0.,-1.,-5.14531160026499E-14));
#1909=DIRECTION('center_axis',(-1.,-3.95681314658839E-23,7.6901331814085E-10));
#1910=DIRECTION('ref_axis',(-7.6901331814085E-10,5.14531160026499E-14,-1.));
#1911=DIRECTION('',(0.,-1.,-5.14531160026499E-14));
#1912=DIRECTION('center_axis',(0.,-1.,-5.14531160026499E-14));
#1913=DIRECTION('ref_axis',(1.,3.9681830876702E-23,-7.71223085394057E-10));
#1914=DIRECTION('',(0.,-1.,-5.14531160026499E-14));
#1915=DIRECTION('center_axis',(-5.98196356053421E-15,5.14531160026499E-14,
-1.));
#1916=DIRECTION('ref_axis',(1.,3.07790665003791E-28,-5.98196356053421E-15));
#1917=DIRECTION('',(0.,-1.,-5.14531160026499E-14));
#1918=DIRECTION('center_axis',(0.,-1.,-5.14531160026499E-14));
#1919=DIRECTION('ref_axis',(-1.,0.,0.));
#1920=DIRECTION('',(0.,-1.,-5.14531160026499E-14));
#1921=DIRECTION('center_axis',(-1.,0.,0.));
#1922=DIRECTION('ref_axis',(0.,5.14531160026499E-14,-1.));
#1923=DIRECTION('',(0.,-1.,-5.14531160026499E-14));
#1924=DIRECTION('center_axis',(0.,-1.,-5.14531160026499E-14));
#1925=DIRECTION('ref_axis',(1.,0.,0.));
#1926=DIRECTION('',(0.,-1.,-5.14531160026499E-14));
#1927=DIRECTION('center_axis',(0.,5.14531160026499E-14,-1.));
#1928=DIRECTION('ref_axis',(1.,0.,0.));
#1929=DIRECTION('',(0.,-1.,-5.14531160026499E-14));
#1930=DIRECTION('center_axis',(0.,-1.,-5.14531160026499E-14));
#1931=DIRECTION('ref_axis',(0.,-5.14531160026499E-14,1.));
#1932=DIRECTION('',(0.,-1.,-5.14531160026499E-14));
#1933=DIRECTION('center_axis',(1.,0.,0.));
#1934=DIRECTION('ref_axis',(0.,-5.14531160026499E-14,1.));
#1935=DIRECTION('',(0.,-1.,-5.14531160026499E-14));
#1936=DIRECTION('center_axis',(0.,-1.,-5.14531160026499E-14));
#1937=DIRECTION('ref_axis',(0.,5.14531160026499E-14,-1.));
#1938=DIRECTION('center_axis',(-1.,0.,0.));
#1939=DIRECTION('ref_axis',(0.,0.,1.));
#1940=DIRECTION('center_axis',(1.,0.,0.));
#1941=DIRECTION('ref_axis',(0.,0.,1.));
#1942=CARTESIAN_POINT('',(0.,0.,0.));
#1943=CARTESIAN_POINT('Origin',(558.857342718751,442.539956242021,-3.75756646105023));
#1944=CARTESIAN_POINT('',(557.857342719771,442.039956242021,-3.7575664610502));
#1945=CARTESIAN_POINT('Origin',(558.857342718751,442.039956242021,-3.7575664610502));
#1946=CARTESIAN_POINT('',(556.857342719771,443.039956242021,-3.75756646105025));
#1947=CARTESIAN_POINT('',(557.357342719771,442.539956242021,-3.75756646105023));
#1948=CARTESIAN_POINT('Origin',(558.857342718751,443.039956242021,-3.75756646105025));
#1949=CARTESIAN_POINT('Origin',(579.405428040896,443.039956242023,29.4424335389539));
#1950=CARTESIAN_POINT('',(555.960428040897,443.039956242021,-0.0100000000001188));
#1951=CARTESIAN_POINT('',(598.074352374916,443.039956242021,-0.0100000000001188));
#1952=CARTESIAN_POINT('',(289.702714020448,443.039956242021,-0.0100000000000477));
#1953=CARTESIAN_POINT('',(590.066065388419,443.039956242021,-6.6147727723682));
#1954=CARTESIAN_POINT('',(590.066065388419,443.039956242021,-6.61477277236742));
#1955=CARTESIAN_POINT('',(589.111668430629,443.039956242021,-6.95756646104755));
#1956=CARTESIAN_POINT('Origin',(589.111668430629,443.039956242021,-5.45756646104749));
#1957=CARTESIAN_POINT('',(559.599782870016,443.039956242021,-6.95756646104748));
#1958=CARTESIAN_POINT('',(559.599782870016,443.039956242021,-6.95756646104748));
#1959=CARTESIAN_POINT('',(558.509860056096,443.039956242021,-6.48813342136087));
#1960=CARTESIAN_POINT('Origin',(559.599782870016,443.039956242021,-5.45756646104749));
#1961=CARTESIAN_POINT('',(556.713603687064,443.039956242021,-4.95854131332166));
#1962=CARTESIAN_POINT('Origin',(550.557342719854,443.039956242021,-14.0075664613851));
#1963=CARTESIAN_POINT('',(555.960428040897,443.039956242021,-3.7183379241992));
#1964=CARTESIAN_POINT('Origin',(557.977921427901,443.039956242021,-3.34191750049833));
#1965=CARTESIAN_POINT('',(555.960428040897,443.039956242021,1.04243353895249));
#1966=CARTESIAN_POINT('',(578.557342719233,443.039956242021,-3.75756646105025));
#1967=CARTESIAN_POINT('Origin',(579.557342718213,443.039956242021,-3.75756646105025));
#1968=CARTESIAN_POINT('Origin',(558.857342718751,441.539956242021,-3.75756646105017));
#1969=CARTESIAN_POINT('',(557.857342719771,441.539956242021,-3.75756646105017));
#1970=CARTESIAN_POINT('Origin',(558.857342718751,441.539956242021,-3.75756646105017));
#1971=CARTESIAN_POINT('',(557.857342719771,441.539956242021,-3.75756646105017));
#1972=CARTESIAN_POINT('Origin',(558.857342718751,408.019956242022,-3.75756646105051));
#1973=CARTESIAN_POINT('',(557.857342719771,408.519956242022,-3.75756646105048));
#1974=CARTESIAN_POINT('Origin',(558.857342718751,408.519956242022,-3.75756646105048));
#1975=CARTESIAN_POINT('',(556.857342719771,407.519956242022,-3.75756646105054));
#1976=CARTESIAN_POINT('',(557.357342719771,408.019956242022,-3.75756646105051));
#1977=CARTESIAN_POINT('Origin',(558.857342718751,407.519956242022,-3.75756646105054));
#1978=CARTESIAN_POINT('Origin',(579.405428040896,407.519956242021,5.14243353895111));
#1979=CARTESIAN_POINT('',(600.399562339277,407.519956242021,-0.0100000000001188));
#1980=CARTESIAN_POINT('',(555.960428040894,407.519956242021,-0.0100000000001188));
#1981=CARTESIAN_POINT('',(289.702714020448,407.519956242021,-0.0100000000001899));
#1982=CARTESIAN_POINT('',(555.960428040896,407.519956242022,-3.71833792419942));
#1983=CARTESIAN_POINT('',(555.960428040897,407.51995624202,33.5424335389525));
#1984=CARTESIAN_POINT('',(556.713603687085,407.519956242022,-4.95854131333736));
#1985=CARTESIAN_POINT('Origin',(557.977921427901,407.519956242022,-3.3419175004984));
#1986=CARTESIAN_POINT('',(558.509860056096,407.519956242022,-6.48813342136037));
#1987=CARTESIAN_POINT('Origin',(550.557342719854,407.519956242022,-14.0075664613851));
#1988=CARTESIAN_POINT('',(559.599782870016,407.519956242022,-6.95756646104719));
#1989=CARTESIAN_POINT('Origin',(559.599782870016,407.519956242022,-5.45756646104756));
#1990=CARTESIAN_POINT('',(561.207342719732,407.519956242022,-6.95756646104471));
#1991=CARTESIAN_POINT('',(561.207342719732,407.519956242022,-6.95756646104748));
#1992=CARTESIAN_POINT('',(561.507342719732,407.519956242022,-6.65756646104477));
#1993=CARTESIAN_POINT('Origin',(561.207342719732,407.519956242022,-6.65756646104477));
#1994=CARTESIAN_POINT('',(561.507342719731,407.519956242022,-3.90756646254353));
#1995=CARTESIAN_POINT('',(561.507342719731,407.519956242022,-3.90756646254353));
#1996=CARTESIAN_POINT('',(562.007342719731,407.519956242022,-3.40756646254356));
#1997=CARTESIAN_POINT('Origin',(562.007342719731,407.519956242022,-3.90756646254353));
#1998=CARTESIAN_POINT('',(567.382342717992,407.519956242022,-3.40756646254356));
#1999=CARTESIAN_POINT('',(562.007342719731,407.519956242022,-3.40756646254356));
#2000=CARTESIAN_POINT('',(567.882342717992,407.519956242022,-3.90756646254353));
#2001=CARTESIAN_POINT('Origin',(567.382342717992,407.519956242022,-3.90756646254353));
#2002=CARTESIAN_POINT('',(567.882342717992,407.519956242022,-4.26527976693073));
#2003=CARTESIAN_POINT('',(567.882342717992,407.519956242022,-3.90756646254353));
#2004=CARTESIAN_POINT('',(568.382342717992,407.519956242022,-4.7652797669307));
#2005=CARTESIAN_POINT('Origin',(568.382342717992,407.519956242022,-4.26527976693073));
#2006=CARTESIAN_POINT('',(580.260428041813,407.519956242022,-4.76527976693077));
#2007=CARTESIAN_POINT('',(580.260428041813,407.519956242022,-4.76527976693077));
#2008=CARTESIAN_POINT('',(580.760428041813,407.519956242022,-5.26527976731636));
#2009=CARTESIAN_POINT('Origin',(580.260428041813,407.519956242022,-5.26527976693075));
#2010=CARTESIAN_POINT('',(580.760428040896,407.519956242022,-6.45756646066189));
#2011=CARTESIAN_POINT('',(580.760428040896,407.519956242022,-6.45756646066189));
#2012=CARTESIAN_POINT('',(581.260428040896,407.519956242022,-6.95756646104748));
#2013=CARTESIAN_POINT('Origin',(581.260428040896,407.519956242022,-6.45756646104751));
#2014=CARTESIAN_POINT('',(585.669046718751,407.519956242022,-6.95756646104627));
#2015=CARTESIAN_POINT('',(585.669046718751,407.519956242022,-6.95756646104748));
#2016=CARTESIAN_POINT('',(586.038046718751,407.519956242022,-7.3265664610463));
#2017=CARTESIAN_POINT('Origin',(585.669046718751,407.519956242022,-7.3265664610463));
#2018=CARTESIAN_POINT('',(586.038046718752,407.519956242022,-20.3847708192705));
#2019=CARTESIAN_POINT('',(586.038046718752,407.519956242022,-20.3847708192705));
#2020=CARTESIAN_POINT('',(586.415939554429,407.519956242023,-21.4498880862346));
#2021=CARTESIAN_POINT('Origin',(587.728046718752,407.519956242022,-20.3847708192644));
#2022=CARTESIAN_POINT('',(586.876342718753,407.519956242023,-22.7475664610411));
#2023=CARTESIAN_POINT('Origin',(584.817342718754,407.519956242023,-22.7475664610411));
#2024=CARTESIAN_POINT('',(586.876342718753,407.519956242023,-27.8675455406356));
#2025=CARTESIAN_POINT('',(586.876342718753,407.519956242023,-27.8675455406356));
#2026=CARTESIAN_POINT('',(586.273275581217,407.519956242023,-29.3234784031066));
#2027=CARTESIAN_POINT('Origin',(584.817342718754,407.519956242023,-27.8675455406356));
#2028=CARTESIAN_POINT('',(584.969109925531,407.519956242023,-30.6276440587858));
#2029=CARTESIAN_POINT('',(584.969109925531,407.519956242023,-30.6276440587858));
#2030=CARTESIAN_POINT('',(585.230032327789,407.519956242023,-31.2575664610443));
#2031=CARTESIAN_POINT('Origin',(585.230032327789,407.519956242023,-30.8885664610443));
#2032=CARTESIAN_POINT('',(598.850407120488,407.519956242023,-31.257566461048));
#2033=CARTESIAN_POINT('',(585.230032327789,407.519956242023,-31.2575664610504));
#2034=CARTESIAN_POINT('',(600.045417580696,407.519956242023,-30.7625769212503));
#2035=CARTESIAN_POINT('Origin',(598.850407120488,407.519956242023,-29.5675664610481));
#2036=CARTESIAN_POINT('',(602.411088212679,407.519956242023,-28.3969062892628));
#2037=CARTESIAN_POINT('',(600.045417580696,407.519956242023,-30.7625769212503));
#2038=CARTESIAN_POINT('',(602.850428040896,407.519956242023,-27.3362461174857));
#2039=CARTESIAN_POINT('Origin',(601.350428040896,407.519956242023,-27.3362461174857));
#2040=CARTESIAN_POINT('',(602.850428040896,407.519956242022,-3.07888680460941));
#2041=CARTESIAN_POINT('',(602.850428040896,407.519956242023,-27.3362461174857));
#2042=CARTESIAN_POINT('',(602.411088212676,407.519956242022,-2.01822663282954));
#2043=CARTESIAN_POINT('Origin',(601.350428040896,407.519956242022,-3.07888680460941));
#2044=CARTESIAN_POINT('',(600.441299243926,407.519956242021,-0.048437664074612));
#2045=CARTESIAN_POINT('',(602.411088212677,407.519956242022,-2.01822663282854));
#2046=CARTESIAN_POINT('Origin',(599.953395564906,407.519956242021,-0.536341343091564));
#2047=CARTESIAN_POINT('',(582.307342719852,407.519956242022,-3.75756646105053));
#2048=CARTESIAN_POINT('Origin',(583.307342718832,407.519956242022,-3.75756646105053));
#2049=CARTESIAN_POINT('',(592.850428040896,407.519956242023,-25.0075664610504));
#2050=CARTESIAN_POINT('Origin',(594.350428040896,407.519956242023,-25.0075664610504));
#2051=CARTESIAN_POINT('',(592.850428040896,407.519956242022,-3.00756646105043));
#2052=CARTESIAN_POINT('Origin',(594.350428040896,407.519956242022,-3.00756646105043));
#2053=CARTESIAN_POINT('Origin',(558.857342718751,409.019956242022,-3.75756646105046));
#2054=CARTESIAN_POINT('',(557.857342719771,409.019956242022,-3.75756646105046));
#2055=CARTESIAN_POINT('Origin',(558.857342718751,409.019956242022,-3.75756646105046));
#2056=CARTESIAN_POINT('',(557.857342719771,409.019956242022,-3.75756646105046));
#2057=CARTESIAN_POINT('Origin',(555.960428040897,441.539956242021,-3.71833792419913));
#2058=CARTESIAN_POINT('',(555.960428040897,441.539956242021,-0.0100000000000477));
#2059=CARTESIAN_POINT('',(555.960428040897,441.539956242021,-0.00999999999997669));
#2060=CARTESIAN_POINT('',(555.960428040897,441.539956242021,-3.71833792419913));
#2061=CARTESIAN_POINT('',(555.960428040897,441.539956242021,-3.71833792419913));
#2062=CARTESIAN_POINT('',(555.960428040897,441.539956242021,1.04243353895257));
#2063=CARTESIAN_POINT('Origin',(577.655428040896,441.529956242021,-0.01));
#2064=CARTESIAN_POINT('',(598.074352374916,441.539956242021,-0.0100000000000477));
#2065=CARTESIAN_POINT('',(289.702714020448,441.539956242021,-0.00999999999997669));
#2066=CARTESIAN_POINT('',(599.350428040896,441.529956242021,0.));
#2067=CARTESIAN_POINT('Ctrl Pts',(598.074352374916,441.539956242021,-0.0100000000000004));
#2068=CARTESIAN_POINT('Ctrl Pts',(598.289893798793,441.539956242021,-0.0073467742867449));
#2069=CARTESIAN_POINT('Ctrl Pts',(598.496677567626,441.53889967671,-0.00480101564255981));
#2070=CARTESIAN_POINT('Ctrl Pts',(598.928045707516,441.535154368702,-0.00105627444919002));
#2071=CARTESIAN_POINT('Ctrl Pts',(599.134825193398,441.532610223834,-8.19221478691684E-15));
#2072=CARTESIAN_POINT('Ctrl Pts',(599.350428040896,441.529956242021,-8.0949244703199E-15));
#2073=CARTESIAN_POINT('',(555.960428040897,441.529956242021,0.));
#2074=CARTESIAN_POINT('',(289.702714020448,441.529956242022,0.));
#2075=CARTESIAN_POINT('Origin',(555.960428040897,441.529956242021,-0.01));
#2076=CARTESIAN_POINT('Ctrl Pts',(599.350428040896,441.529956242021,-1.21406985229434E-5));
#2077=CARTESIAN_POINT('Ctrl Pts',(599.350428040896,441.529956242021,0.499991906200985));
#2078=CARTESIAN_POINT('Ctrl Pts',(599.350428040896,441.529956242021,0.999995953100492));
#2079=CARTESIAN_POINT('Ctrl Pts',(599.350428040896,441.529956242021,1.5));
#2080=CARTESIAN_POINT('Ctrl Pts',(599.168131517185,441.532197519186,-1.21500237667667E-5));
#2081=CARTESIAN_POINT('Ctrl Pts',(599.168131517185,441.644119000119,0.500375958209244));
#2082=CARTESIAN_POINT('Ctrl Pts',(599.168131517185,441.756877955169,0.999611910417326));
#2083=CARTESIAN_POINT('Ctrl Pts',(599.168131517185,441.868799449659,1.5));
#2084=CARTESIAN_POINT('Ctrl Pts',(598.742772961858,441.537435622533,-0.00183870510249893));
#2085=CARTESIAN_POINT('Ctrl Pts',(598.742772961858,441.911482373668,0.406524730056809));
#2086=CARTESIAN_POINT('Ctrl Pts',(598.742772961858,442.286667357583,0.815489333372379));
#2087=CARTESIAN_POINT('Ctrl Pts',(598.742772961858,442.660714127144,1.223852778263));
#2088=CARTESIAN_POINT('Ctrl Pts',(598.317414406531,441.539944061841,-0.00701165569981116));
#2089=CARTESIAN_POINT('Ctrl Pts',(598.317414406531,442.041574163753,0.143257010813366));
#2090=CARTESIAN_POINT('Ctrl Pts',(598.317414406531,442.538326219072,0.291522309432195));
#2091=CARTESIAN_POINT('Ctrl Pts',(598.317414406531,443.039956242021,0.441790943516183));
#2092=CARTESIAN_POINT('Ctrl Pts',(598.074352374916,441.539944101322,-0.0100000000000005));
#2093=CARTESIAN_POINT('Ctrl Pts',(598.074352374916,442.039948148222,-0.0100000000000262));
#2094=CARTESIAN_POINT('Ctrl Pts',(598.074352374916,442.539952195123,-0.010000000000052));
#2095=CARTESIAN_POINT('Ctrl Pts',(598.074352374916,443.039956242021,-0.0100000000000777));
#2096=CARTESIAN_POINT('',(598.074352374916,442.199956242021,-0.0100000000000817));
#2097=CARTESIAN_POINT('',(598.074352374916,441.539956242021,-0.0100000000000477));
#2098=CARTESIAN_POINT('',(599.350428040896,441.529956242021,1.5));
#2099=CARTESIAN_POINT('Ctrl Pts',(599.350428040896,441.529956242022,1.5));
#2100=CARTESIAN_POINT('Ctrl Pts',(599.168131517185,441.868799449659,1.49999999999999));
#2101=CARTESIAN_POINT('Ctrl Pts',(598.742772961857,442.660714127143,1.22385277826298));
#2102=CARTESIAN_POINT('Ctrl Pts',(598.317414406531,443.039956242021,0.441790943516186));
#2103=CARTESIAN_POINT('Ctrl Pts',(598.074352374916,443.039956242021,-0.0100000000000736));
#2104=CARTESIAN_POINT('',(599.350428040896,441.529956242021,0.802375000000163));
#2105=CARTESIAN_POINT('',(599.350428040896,441.529956242021,0.));
#2106=CARTESIAN_POINT('',(599.350428040896,441.529956242021,0.));
#2107=CARTESIAN_POINT('',(598.074352374916,441.539956242021,-0.0100000000000477));
#2108=CARTESIAN_POINT('Origin',(579.405428040896,413.12995624202,1.5));
#2109=CARTESIAN_POINT('',(555.960428040897,441.529956242021,1.5));
#2110=CARTESIAN_POINT('',(289.702714020448,441.529956242022,1.5));
#2111=CARTESIAN_POINT('',(555.960428040894,409.029956242021,1.5));
#2112=CARTESIAN_POINT('',(555.960428040897,441.529956242021,1.5));
#2113=CARTESIAN_POINT('',(598.350428040896,409.029956242021,1.5));
#2114=CARTESIAN_POINT('',(289.702714020448,409.029956242022,1.5));
#2115=CARTESIAN_POINT('',(599.707213558351,409.964142563501,1.5));
#2116=CARTESIAN_POINT('Origin',(599.350428040896,409.029956242021,1.5));
#2117=CARTESIAN_POINT('',(600.441299243928,410.120827445047,1.5));
#2118=CARTESIAN_POINT('Origin',(599.953395564909,410.608731124065,1.5));
#2119=CARTESIAN_POINT('',(602.411088212676,412.090616413803,1.5));
#2120=CARTESIAN_POINT('',(602.411088212677,412.090616413802,1.5));
#2121=CARTESIAN_POINT('',(602.850428040896,413.151276585583,1.5));
#2122=CARTESIAN_POINT('Origin',(601.350428040896,413.151276585583,1.5));
#2123=CARTESIAN_POINT('',(602.850428040896,437.40863589846,1.5));
#2124=CARTESIAN_POINT('',(602.850428040896,437.40863589846,1.5));
#2125=CARTESIAN_POINT('',(602.411088212676,438.469296070239,1.5));
#2126=CARTESIAN_POINT('Origin',(601.350428040896,437.40863589846,1.5));
#2127=CARTESIAN_POINT('',(599.350428040896,441.529956242021,1.5));
#2128=CARTESIAN_POINT('',(592.850428040896,414.279956242021,1.5));
#2129=CARTESIAN_POINT('Origin',(594.350428040896,414.279956242021,1.5));
#2130=CARTESIAN_POINT('',(592.850428040896,436.279956242021,1.5));
#2131=CARTESIAN_POINT('Origin',(594.350428040896,436.279956242021,1.5));
#2132=CARTESIAN_POINT('Origin',(555.960428040897,446.290727705173,0.));
#2133=CARTESIAN_POINT('',(555.960428040897,441.529956242022,0.));
#2134=CARTESIAN_POINT('',(555.960428040894,409.029956242021,0.));
#2135=CARTESIAN_POINT('',(555.960428040897,441.529956242021,0.));
#2136=CARTESIAN_POINT('',(555.960428040894,409.029956242022,0.));
#2137=CARTESIAN_POINT('Origin',(579.405428040896,413.12995624202,0.));
#2138=CARTESIAN_POINT('',(602.411088212676,438.469296070239,0.));
#2139=CARTESIAN_POINT('',(599.350428040896,441.529956242021,0.));
#2140=CARTESIAN_POINT('',(602.850428040896,437.40863589846,0.));
#2141=CARTESIAN_POINT('Origin',(601.350428040896,437.40863589846,0.));
#2142=CARTESIAN_POINT('',(602.850428040896,413.151276585583,0.));
#2143=CARTESIAN_POINT('',(602.850428040896,437.40863589846,0.));
#2144=CARTESIAN_POINT('',(602.411088212676,412.090616413803,0.));
#2145=CARTESIAN_POINT('Origin',(601.350428040896,413.151276585583,0.));
#2146=CARTESIAN_POINT('',(600.441299243928,410.120827445047,0.));
#2147=CARTESIAN_POINT('',(602.411088212677,412.090616413802,0.));
#2148=CARTESIAN_POINT('',(599.707213558351,409.964142563501,0.));
#2149=CARTESIAN_POINT('Origin',(599.953395564909,410.608731124065,0.));
#2150=CARTESIAN_POINT('',(598.350428040896,409.029956242021,0.));
#2151=CARTESIAN_POINT('Origin',(599.350428040896,409.029956242021,0.));
#2152=CARTESIAN_POINT('',(289.702714020448,409.029956242022,0.));
#2153=CARTESIAN_POINT('',(592.850428040896,436.279956242021,0.));
#2154=CARTESIAN_POINT('Origin',(594.350428040896,436.279956242021,0.));
#2155=CARTESIAN_POINT('',(592.850428040896,414.279956242021,0.));
#2156=CARTESIAN_POINT('Origin',(594.350428040896,414.279956242021,0.));
#2157=CARTESIAN_POINT('Origin',(555.960428040897,409.019956242019,38.3032050021043));
#2158=CARTESIAN_POINT('',(555.960428040894,409.019956242021,-0.0100000000000477));
#2159=CARTESIAN_POINT('',(555.960428040894,409.019956242021,-0.0100000000001188));
#2160=CARTESIAN_POINT('',(555.960428040896,409.019956242022,-3.71833792419935));
#2161=CARTESIAN_POINT('',(555.960428040897,409.01995624202,33.5424335389526));
#2162=CARTESIAN_POINT('',(555.960428040896,409.019956242022,-3.71833792419935));
#2163=CARTESIAN_POINT('Origin',(577.155428040896,409.029956242021,-0.01));
#2164=CARTESIAN_POINT('',(599.707213558347,407.543412116249,0.2551161295221));
#2165=CARTESIAN_POINT('Ctrl Pts',(600.399562339277,407.519956242021,-0.0100000000001458));
#2166=CARTESIAN_POINT('Ctrl Pts',(600.382026877102,407.519956242021,0.0235003313595679));
#2167=CARTESIAN_POINT('Ctrl Pts',(600.363735183633,407.521069429831,0.0549715310190062));
#2168=CARTESIAN_POINT('Ctrl Pts',(600.34479086794,407.52290066241,0.0842522146299687));
#2169=CARTESIAN_POINT('Ctrl Pts',(600.325562415004,407.52475936082,0.113972066000687));
#2170=CARTESIAN_POINT('Ctrl Pts',(600.30566161626,407.527356818228,0.141435981751806));
#2171=CARTESIAN_POINT('Ctrl Pts',(600.285196813008,407.530309292909,0.166519200144543));
#2172=CARTESIAN_POINT('Ctrl Pts',(600.264943461926,407.533231261205,0.191343246685541));
#2173=CARTESIAN_POINT('Ctrl Pts',(600.244137701252,407.536500237138,0.213836523016489));
#2174=CARTESIAN_POINT('Ctrl Pts',(600.222884548565,407.539785367111,0.233907284779679));
#2175=CARTESIAN_POINT('Ctrl Pts',(600.202354466378,407.54295873105,0.253295203109456));
#2176=CARTESIAN_POINT('Ctrl Pts',(600.181406916491,407.546146826518,0.270423524537938));
#2177=CARTESIAN_POINT('Ctrl Pts',(600.160136558354,407.549097275091,0.285223169930877));
#2178=CARTESIAN_POINT('Ctrl Pts',(600.147212740021,407.550889960533,0.294215398797481));
#2179=CARTESIAN_POINT('Ctrl Pts',(600.134169749006,407.552595828018,0.302348142614313));
#2180=CARTESIAN_POINT('Ctrl Pts',(600.121028818347,407.554167751345,0.309606524944083));
#2181=CARTESIAN_POINT('Ctrl Pts',(600.101021331897,407.556561054792,0.320657643762715));
#2182=CARTESIAN_POINT('Ctrl Pts',(600.080786811217,407.558632663219,0.329643918802778));
#2183=CARTESIAN_POINT('Ctrl Pts',(600.060407800562,407.560272923122,0.336599108696686));
#2184=CARTESIAN_POINT('Ctrl Pts',(600.039949594515,407.561919557281,0.343581327330915));
#2185=CARTESIAN_POINT('Ctrl Pts',(600.0193457733,407.563131558509,0.348516879208524));
#2186=CARTESIAN_POINT('Ctrl Pts',(599.998679847248,407.563849825166,0.351430455904745));
#2187=CARTESIAN_POINT('Ctrl Pts',(599.977938162349,407.564570724903,0.354354713429538));
#2188=CARTESIAN_POINT('Ctrl Pts',(599.957133916441,407.56479431315,0.355242238710037));
#2189=CARTESIAN_POINT('Ctrl Pts',(599.936351541645,407.564512000696,0.354105994963514));
#2190=CARTESIAN_POINT('Ctrl Pts',(599.915451858846,407.564228094704,0.352963337585928));
#2191=CARTESIAN_POINT('Ctrl Pts',(599.894574294764,407.563432560488,0.34977395759081));
#2192=CARTESIAN_POINT('Ctrl Pts',(599.873804719359,407.56216796014,0.344538516344731));
#2193=CARTESIAN_POINT('Ctrl Pts',(599.852975911173,407.560899753276,0.339288144136756));
#2194=CARTESIAN_POINT('Ctrl Pts',(599.83225570849,407.559159793016,0.331979831190668));
#2195=CARTESIAN_POINT('Ctrl Pts',(599.811730718043,407.557042483919,0.322603459381893));
#2196=CARTESIAN_POINT('Ctrl Pts',(599.791150947665,407.554919523854,0.31320206261564));
#2197=CARTESIAN_POINT('Ctrl Pts',(599.770767432933,407.55241717082,0.301721213769987));
#2198=CARTESIAN_POINT('Ctrl Pts',(599.75066747588,407.549682543106,0.288143885228103));
#2199=CARTESIAN_POINT('Ctrl Pts',(599.736021014241,407.54768987119,0.278250340623319));
#2200=CARTESIAN_POINT('Ctrl Pts',(599.721525115024,407.545574946324,0.267243427145418));
#2201=CARTESIAN_POINT('Ctrl Pts',(599.707213556476,407.543412118188,0.255116140392335));
#2202=CARTESIAN_POINT('Ctrl Pts',(599.707213560359,407.543412114161,0.2551161178129));
#2203=CARTESIAN_POINT('Ctrl Pts',(599.683032908871,407.539757823905,0.234625987804253));
#2204=CARTESIAN_POINT('Ctrl Pts',(599.658486882365,407.5368953115,0.216147567866473));
#2205=CARTESIAN_POINT('Ctrl Pts',(599.633653727503,407.534597228098,0.199765153155257));
#2206=CARTESIAN_POINT('Ctrl Pts',(599.608992874016,407.532315089626,0.183496405539271));
#2207=CARTESIAN_POINT('Ctrl Pts',(599.584048862752,407.530589309218,0.169294129050031));
#2208=CARTESIAN_POINT('Ctrl Pts',(599.558898322937,407.529243969699,0.157220440440964));
#2209=CARTESIAN_POINT('Ctrl Pts',(599.533993594713,407.527911779005,0.145264755366709));
#2210=CARTESIAN_POINT('Ctrl Pts',(599.50888635527,407.526952456944,0.135395840066162));
#2211=CARTESIAN_POINT('Ctrl Pts',(599.483651008891,407.526244356975,0.127661057568043));
#2212=CARTESIAN_POINT('Ctrl Pts',(599.458690176282,407.525543959821,0.12001041515955));
#2213=CARTESIAN_POINT('Ctrl Pts',(599.43360400871,407.525089231609,0.114447464290661));
#2214=CARTESIAN_POINT('Ctrl Pts',(599.408464508632,407.524812891734,0.111010309837557));
#2215=CARTESIAN_POINT('Ctrl Pts',(599.383725455359,407.524540953674,0.107627905777722));
#2216=CARTESIAN_POINT('Ctrl Pts',(599.358934755114,407.524441721881,0.106303999010104));
#2217=CARTESIAN_POINT('Ctrl Pts',(599.334161024095,407.524501300865,0.107070150541746));
#2218=CARTESIAN_POINT('Ctrl Pts',(599.309608327178,407.524560348278,0.107829466380518));
#2219=CARTESIAN_POINT('Ctrl Pts',(599.285072298036,407.524775300632,0.110641743945091));
#2220=CARTESIAN_POINT('Ctrl Pts',(599.260619732597,407.525183396137,0.115533590291702));
#2221=CARTESIAN_POINT('Ctrl Pts',(599.236476800966,407.52558632408,0.120363492994241));
#2222=CARTESIAN_POINT('Ctrl Pts',(599.21241523268,407.526177502163,0.127220796313537));
#2223=CARTESIAN_POINT('Ctrl Pts',(599.188499318229,407.527043302129,0.136125614135343));
#2224=CARTESIAN_POINT('Ctrl Pts',(599.180061945986,407.527348750479,0.139267173404239));
#2225=CARTESIAN_POINT('Ctrl Pts',(599.171642702264,407.527688844822,0.142663509270112));
#2226=CARTESIAN_POINT('Ctrl Pts',(599.163244410039,407.528068916367,0.146315261702647));
#2227=CARTESIAN_POINT('Ctrl Pts',(599.137421883019,407.529237535831,0.157543434446697));
#2228=CARTESIAN_POINT('Ctrl Pts',(599.111797431422,407.530763245076,0.171022657800838));
#2229=CARTESIAN_POINT('Ctrl Pts',(599.086445506739,407.532817764123,0.186663107868916));
#2230=CARTESIAN_POINT('Ctrl Pts',(599.06071574203,407.534902903312,0.202536660083914));
#2231=CARTESIAN_POINT('Ctrl Pts',(599.035266688144,407.537533128673,0.220636922261941));
#2232=CARTESIAN_POINT('Ctrl Pts',(599.010176175265,407.540938250905,0.240849401302739));
#2233=CARTESIAN_POINT('Ctrl Pts',(598.984911553232,407.544367002107,0.261202139637807));
#2234=CARTESIAN_POINT('Ctrl Pts',(598.960010465476,407.548582013091,0.28369718122083));
#2235=CARTESIAN_POINT('Ctrl Pts',(598.935552373698,407.55386113253,0.308187409769494));
#2236=CARTESIAN_POINT('Ctrl Pts',(598.911351345201,407.559084766538,0.332420237268903));
#2237=CARTESIAN_POINT('Ctrl Pts',(598.887584049525,407.565351021093,0.358607112255716));
#2238=CARTESIAN_POINT('Ctrl Pts',(598.864327469102,407.57296111778,0.386566776139213));
#2239=CARTESIAN_POINT('Ctrl Pts',(598.84145336955,407.580446057786,0.414066611602788));
#2240=CARTESIAN_POINT('Ctrl Pts',(598.819073324802,407.589231825987,0.443281862319054));
#2241=CARTESIAN_POINT('Ctrl Pts',(598.797260581218,407.59962444307,0.47399477777131));
#2242=CARTESIAN_POINT('Ctrl Pts',(598.775688409358,407.609902440468,0.504368961922515));
#2243=CARTESIAN_POINT('Ctrl Pts',(598.754671094192,407.621752893023,0.536208347757324));
#2244=CARTESIAN_POINT('Ctrl Pts',(598.734279485221,407.635478586246,0.56925129912914));
#2245=CARTESIAN_POINT('Ctrl Pts',(598.71388787625,407.649204279468,0.602294250500957));
#2246=CARTESIAN_POINT('Ctrl Pts',(598.694121973473,407.664806160993,0.636541135855158));
#2247=CARTESIAN_POINT('Ctrl Pts',(598.675052626391,407.682580395188,0.671673182230476));
#2248=CARTESIAN_POINT('Ctrl Pts',(598.657600304747,407.69884742577,0.703826132758839));
#2249=CARTESIAN_POINT('Ctrl Pts',(598.640731415603,407.716910812277,0.736668742916216));
#2250=CARTESIAN_POINT('Ctrl Pts',(598.624477252599,407.73693013453,0.769861196204441));
#2251=CARTESIAN_POINT('Ctrl Pts',(598.608587320344,407.756500854616,0.802309857758187));
#2252=CARTESIAN_POINT('Ctrl Pts',(598.593284872777,407.777941315631,0.835092394683613));
#2253=CARTESIAN_POINT('Ctrl Pts',(598.578599146603,407.801359219859,0.867866366330638));
#2254=CARTESIAN_POINT('Ctrl Pts',(598.564183850979,407.824345894698,0.900036821128159));
#2255=CARTESIAN_POINT('Ctrl Pts',(598.550362772622,407.849238198821,0.932198497581147));
#2256=CARTESIAN_POINT('Ctrl Pts',(598.537163562657,407.876091599164,0.964010465017902));
#2257=CARTESIAN_POINT('Ctrl Pts',(598.524163591334,407.902539654411,0.995342239077789));
#2258=CARTESIAN_POINT('Ctrl Pts',(598.511766856213,407.930890261047,1.02633421341884));
#2259=CARTESIAN_POINT('Ctrl Pts',(598.499999775065,407.961146876687,1.05665202412737));
#2260=CARTESIAN_POINT('Ctrl Pts',(598.487845834382,407.992398221615,1.08796657599829));
#2261=CARTESIAN_POINT('Ctrl Pts',(598.476363629781,408.025683500905,1.11856121067373));
#2262=CARTESIAN_POINT('Ctrl Pts',(598.465582271196,408.060946917337,1.1480677565133));
#2263=CARTESIAN_POINT('Ctrl Pts',(598.455415803507,408.094199162955,1.17589146189614));
#2264=CARTESIAN_POINT('Ctrl Pts',(598.445872519106,408.129209875834,1.20274709758896));
#2265=CARTESIAN_POINT('Ctrl Pts',(598.436976825927,408.16588116933,1.22833528123584));
#2266=CARTESIAN_POINT('Ctrl Pts',(598.428140257633,408.202308728476,1.25375339399902));
#2267=CARTESIAN_POINT('Ctrl Pts',(598.419942700789,408.240374720688,1.27792026795091));
#2268=CARTESIAN_POINT('Ctrl Pts',(598.412408079878,408.279935109502,1.30056030031987));
#2269=CARTESIAN_POINT('Ctrl Pts',(598.404926416009,408.31921744834,1.32304120734577));
#2270=CARTESIAN_POINT('Ctrl Pts',(598.39809840194,408.359972977008,1.34401612422835));
#2271=CARTESIAN_POINT('Ctrl Pts',(598.391947461231,408.402016251008,1.36324119064604));
#2272=CARTESIAN_POINT('Ctrl Pts',(598.390689541193,408.410614460509,1.36717288133036));
#2273=CARTESIAN_POINT('Ctrl Pts',(598.389459938903,408.419266387648,1.37103148927478));
#2274=CARTESIAN_POINT('Ctrl Pts',(598.38825885471,408.427970233625,1.37481509440609));
#2275=CARTESIAN_POINT('Ctrl Pts',(598.383341117118,408.463607394465,1.39030674545165));
#2276=CARTESIAN_POINT('Ctrl Pts',(598.378901463678,408.500315903078,1.40462402507699));
#2277=CARTESIAN_POINT('Ctrl Pts',(598.374940695849,408.537895667319,1.41757710503634));
#2278=CARTESIAN_POINT('Ctrl Pts',(598.370859928207,408.576613989754,1.43092262586437));
#2279=CARTESIAN_POINT('Ctrl Pts',(598.367287503452,408.616256818506,1.44281932002047));
#2280=CARTESIAN_POINT('Ctrl Pts',(598.364224298118,408.656572285921,1.45310779552526));
#2281=CARTESIAN_POINT('Ctrl Pts',(598.361282607484,408.69528847368,1.46298813612288));
#2282=CARTESIAN_POINT('Ctrl Pts',(598.358810537013,408.734624284059,1.47138533270135));
#2283=CARTESIAN_POINT('Ctrl Pts',(598.356808863008,408.774335045825,1.4782062370704));
#2284=CARTESIAN_POINT('Ctrl Pts',(598.354809933266,408.813991364776,1.48501779008942));
#2285=CARTESIAN_POINT('Ctrl Pts',(598.353280111063,408.854021018105,1.49025720997082));
#2286=CARTESIAN_POINT('Ctrl Pts',(598.352220169513,408.894167736383,1.4938821369165));
#2287=CARTESIAN_POINT('Ctrl Pts',(598.351159539126,408.934340545298,1.4975094196376));
#2288=CARTESIAN_POINT('Ctrl Pts',(598.350569400326,408.974629959463,1.499520069279));
#2289=CARTESIAN_POINT('Ctrl Pts',(598.350450527735,409.014775621599,1.49992368971534));
#2290=CARTESIAN_POINT('Ctrl Pts',(598.350435537027,409.019838284926,1.4999745892216));
#2291=CARTESIAN_POINT('Ctrl Pts',(598.350428040896,409.024898664582,1.5));
#2292=CARTESIAN_POINT('Ctrl Pts',(598.350428040896,409.029956242021,1.5));
#2293=CARTESIAN_POINT('Origin',(555.960428040894,409.029956242021,-0.01));
#2294=CARTESIAN_POINT('Ctrl Pts',(600.400560826141,409.019968811276,-0.010012642178309));
#2295=CARTESIAN_POINT('Ctrl Pts',(600.320057779547,409.019967533346,-0.00899132130263654));
#2296=CARTESIAN_POINT('Ctrl Pts',(600.094941223699,409.020326381256,-0.0072907359910099));
#2297=CARTESIAN_POINT('Ctrl Pts',(599.837425079855,409.020254759881,-0.00751233646160741));
#2298=CARTESIAN_POINT('Ctrl Pts',(599.705990197404,409.020122719257,-0.00825334624999356));
#2299=CARTESIAN_POINT('Ctrl Pts',(600.400560826141,408.519528344909,-0.0106461041536761));
#2300=CARTESIAN_POINT('Ctrl Pts',(600.320057779547,408.519463033731,0.0415505698595955));
#2301=CARTESIAN_POINT('Ctrl Pts',(600.094941223699,408.537802683728,0.128462430037029));
#2302=CARTESIAN_POINT('Ctrl Pts',(599.837425079855,408.534142328113,0.117137088706519));
#2303=CARTESIAN_POINT('Ctrl Pts',(599.705990197404,408.52739412431,0.0792662811216141));
#2304=CARTESIAN_POINT('Ctrl Pts',(600.400560826142,408.019087878543,-0.0112795661290434));
#2305=CARTESIAN_POINT('Ctrl Pts',(600.320057779547,408.018958534116,0.0920924610218272));
#2306=CARTESIAN_POINT('Ctrl Pts',(600.094941223699,408.055278986201,0.264215596065068));
#2307=CARTESIAN_POINT('Ctrl Pts',(599.837425079855,408.048029896345,0.241786513874644));
#2308=CARTESIAN_POINT('Ctrl Pts',(599.705990197404,408.034665529364,0.166785908493221));
#2309=CARTESIAN_POINT('Ctrl Pts',(600.400560826142,407.518647412176,-0.0119130281044107));
#2310=CARTESIAN_POINT('Ctrl Pts',(600.320057779547,407.518454034501,0.14263435218406));
#2311=CARTESIAN_POINT('Ctrl Pts',(600.094941223699,407.572755288673,0.399968762093107));
#2312=CARTESIAN_POINT('Ctrl Pts',(599.837425079855,407.561917464577,0.36643593904277));
#2313=CARTESIAN_POINT('Ctrl Pts',(599.705990197404,407.541936934418,0.254305535864829));
#2314=CARTESIAN_POINT('',(600.399562339277,409.019956242021,-0.0100000000000477));
#2315=CARTESIAN_POINT('',(600.399562339277,408.359956242021,-0.0100000000000817));
#2316=CARTESIAN_POINT('',(600.399562339277,409.019956242021,-0.0100000000000477));
#2317=CARTESIAN_POINT('',(599.707213556476,409.02011157895,-0.00824426397091199));
#2318=CARTESIAN_POINT('Ctrl Pts',(600.399562339277,409.019956242021,-0.0100000000000008));
#2319=CARTESIAN_POINT('Ctrl Pts',(600.296005205851,409.019956242021,-0.00868980795334953));
#2320=CARTESIAN_POINT('Ctrl Pts',(600.180739006681,409.020150763469,-0.0079991867891722));
#2321=CARTESIAN_POINT('Ctrl Pts',(599.951335309659,409.020282603929,-0.00743451899504308));
#2322=CARTESIAN_POINT('Ctrl Pts',(599.824501131358,409.020228963283,-0.00758607322095377));
#2323=CARTESIAN_POINT('Ctrl Pts',(599.707213556476,409.020111578949,-0.00824426397075233));
#2324=CARTESIAN_POINT('',(599.707213556476,409.02011157895,-0.00824426397088018));
#2325=CARTESIAN_POINT('',(600.399562339277,409.019956242021,-0.0100000000000477));
#2326=CARTESIAN_POINT('Origin',(579.405428040896,409.019956242021,5.14243353895118));
#2327=CARTESIAN_POINT('',(289.702714020448,409.019956242021,-0.0100000000001188));
#2328=CARTESIAN_POINT('',(600.441299243926,409.019956242021,-0.048437664074541));
#2329=CARTESIAN_POINT('Origin',(599.953395564906,409.019956242021,-0.536341343091493));
#2330=CARTESIAN_POINT('',(602.411088212676,409.019956242022,-2.01822663282947));
#2331=CARTESIAN_POINT('',(602.411088212677,409.019956242022,-2.01822663282847));
#2332=CARTESIAN_POINT('',(602.850428040896,409.019956242022,-3.07888680460934));
#2333=CARTESIAN_POINT('Origin',(601.350428040896,409.019956242022,-3.07888680460934));
#2334=CARTESIAN_POINT('',(602.850428040896,409.019956242023,-27.3362461174856));
#2335=CARTESIAN_POINT('',(602.850428040896,409.019956242023,-27.3362461174856));
#2336=CARTESIAN_POINT('',(602.411088212679,409.019956242023,-28.3969062892627));
#2337=CARTESIAN_POINT('Origin',(601.350428040896,409.019956242023,-27.3362461174856));
#2338=CARTESIAN_POINT('',(600.045417580696,409.019956242023,-30.7625769212502));
#2339=CARTESIAN_POINT('',(600.045417580696,409.019956242023,-30.7625769212502));
#2340=CARTESIAN_POINT('',(598.850407120488,409.019956242023,-31.257566461048));
#2341=CARTESIAN_POINT('Origin',(598.850407120488,409.019956242023,-29.567566461048));
#2342=CARTESIAN_POINT('',(585.230032327789,409.019956242023,-31.2575664610442));
#2343=CARTESIAN_POINT('',(585.230032327789,409.019956242023,-31.2575664610503));
#2344=CARTESIAN_POINT('',(584.969109925531,409.019956242023,-30.6276440587857));
#2345=CARTESIAN_POINT('Origin',(585.230032327789,409.019956242023,-30.8885664610442));
#2346=CARTESIAN_POINT('',(586.273275581217,409.019956242023,-29.3234784031065));
#2347=CARTESIAN_POINT('',(584.969109925531,409.019956242023,-30.6276440587857));
#2348=CARTESIAN_POINT('',(586.876342718753,409.019956242023,-27.8675455406355));
#2349=CARTESIAN_POINT('Origin',(584.817342718754,409.019956242023,-27.8675455406355));
#2350=CARTESIAN_POINT('',(586.876342718753,409.019956242023,-22.747566461041));
#2351=CARTESIAN_POINT('',(586.876342718753,409.019956242023,-27.8675455406355));
#2352=CARTESIAN_POINT('',(586.415939554429,409.019956242022,-21.4498880862346));
#2353=CARTESIAN_POINT('Origin',(584.817342718754,409.019956242023,-22.747566461041));
#2354=CARTESIAN_POINT('',(586.038046718752,409.019956242022,-20.3847708192704));
#2355=CARTESIAN_POINT('Origin',(587.728046718752,409.019956242022,-20.3847708192643));
#2356=CARTESIAN_POINT('',(586.038046718751,409.019956242022,-7.32656646104623));
#2357=CARTESIAN_POINT('',(586.038046718752,409.019956242022,-20.3847708192704));
#2358=CARTESIAN_POINT('',(585.669046718751,409.019956242022,-6.9575664610462));
#2359=CARTESIAN_POINT('Origin',(585.669046718751,409.019956242022,-7.32656646104623));
#2360=CARTESIAN_POINT('',(581.260428040896,409.019956242022,-6.95756646104741));
#2361=CARTESIAN_POINT('',(585.669046718751,409.019956242022,-6.95756646104741));
#2362=CARTESIAN_POINT('',(580.760428040896,409.019956242022,-6.45756646066182));
#2363=CARTESIAN_POINT('Origin',(581.260428040896,409.019956242022,-6.45756646104743));
#2364=CARTESIAN_POINT('',(580.760428041813,409.019956242022,-5.26527976731629));
#2365=CARTESIAN_POINT('',(580.760428040896,409.019956242022,-6.45756646066182));
#2366=CARTESIAN_POINT('',(580.260428041813,409.019956242022,-4.7652797669307));
#2367=CARTESIAN_POINT('Origin',(580.260428041813,409.019956242022,-5.26527976693068));
#2368=CARTESIAN_POINT('',(568.382342717992,409.019956242022,-4.76527976693063));
#2369=CARTESIAN_POINT('',(580.260428041813,409.019956242022,-4.7652797669307));
#2370=CARTESIAN_POINT('',(567.882342717992,409.019956242022,-4.26527976693066));
#2371=CARTESIAN_POINT('Origin',(568.382342717992,409.019956242022,-4.26527976693066));
#2372=CARTESIAN_POINT('',(567.882342717992,409.019956242022,-3.90756646254346));
#2373=CARTESIAN_POINT('',(567.882342717992,409.019956242022,-3.90756646254346));
#2374=CARTESIAN_POINT('',(567.382342717992,409.019956242022,-3.40756646254349));
#2375=CARTESIAN_POINT('Origin',(567.382342717992,409.019956242022,-3.90756646254346));
#2376=CARTESIAN_POINT('',(562.007342719731,409.019956242022,-3.40756646254349));
#2377=CARTESIAN_POINT('',(562.007342719731,409.019956242022,-3.40756646254349));
#2378=CARTESIAN_POINT('',(561.507342719731,409.019956242022,-3.90756646254346));
#2379=CARTESIAN_POINT('Origin',(562.007342719731,409.019956242022,-3.90756646254346));
#2380=CARTESIAN_POINT('',(561.507342719732,409.019956242022,-6.65756646104469));
#2381=CARTESIAN_POINT('',(561.507342719731,409.019956242022,-3.90756646254346));
#2382=CARTESIAN_POINT('',(561.207342719732,409.019956242022,-6.95756646104464));
#2383=CARTESIAN_POINT('Origin',(561.207342719732,409.019956242022,-6.65756646104469));
#2384=CARTESIAN_POINT('',(559.599782870016,409.019956242022,-6.95756646104712));
#2385=CARTESIAN_POINT('',(561.207342719732,409.019956242022,-6.95756646104741));
#2386=CARTESIAN_POINT('',(558.509860056096,409.019956242022,-6.4881334213603));
#2387=CARTESIAN_POINT('Origin',(559.599782870016,409.019956242022,-5.45756646104749));
#2388=CARTESIAN_POINT('',(556.713603687085,409.019956242022,-4.95854131333729));
#2389=CARTESIAN_POINT('Origin',(550.557342719854,409.019956242022,-14.007566461385));
#2390=CARTESIAN_POINT('Origin',(557.977921427901,409.019956242022,-3.34191750049833));
#2391=CARTESIAN_POINT('',(592.850428040896,409.019956242022,-3.00756646105036));
#2392=CARTESIAN_POINT('Origin',(594.350428040896,409.019956242022,-3.00756646105036));
#2393=CARTESIAN_POINT('',(592.850428040896,409.019956242023,-25.0075664610503));
#2394=CARTESIAN_POINT('Origin',(594.350428040896,409.019956242023,-25.0075664610503));
#2395=CARTESIAN_POINT('',(582.307342719852,409.019956242022,-3.75756646105046));
#2396=CARTESIAN_POINT('Origin',(583.307342718832,409.019956242022,-3.75756646105046));
#2397=CARTESIAN_POINT('Origin',(599.350428040896,409.029956242021,0.));
#2398=CARTESIAN_POINT('',(598.350428040896,409.029956242021,0.));
#2399=CARTESIAN_POINT('',(599.70721355648,409.964142558602,0.));
#2400=CARTESIAN_POINT('Origin',(579.405428040896,441.539956242023,29.4424335389539));
#2401=CARTESIAN_POINT('',(556.713603687064,441.539956242021,-4.95854131332159));
#2402=CARTESIAN_POINT('Origin',(557.977921427901,441.539956242021,-3.34191750049825));
#2403=CARTESIAN_POINT('',(558.509860056096,441.539956242021,-6.4881334213608));
#2404=CARTESIAN_POINT('Origin',(550.557342719854,441.539956242021,-14.007566461385));
#2405=CARTESIAN_POINT('',(559.599782870016,441.539956242021,-6.95756646104741));
#2406=CARTESIAN_POINT('Origin',(559.599782870016,441.539956242021,-5.45756646104742));
#2407=CARTESIAN_POINT('',(589.111668430629,441.539956242021,-6.95756646104748));
#2408=CARTESIAN_POINT('',(559.599782870016,441.539956242021,-6.95756646104741));
#2409=CARTESIAN_POINT('',(590.066065388419,441.539956242021,-6.61477277236813));
#2410=CARTESIAN_POINT('Origin',(589.111668430629,441.539956242021,-5.45756646104742));
#2411=CARTESIAN_POINT('',(590.066065388419,441.539956242021,-6.61477277236735));
#2412=CARTESIAN_POINT('',(578.557342719233,441.539956242021,-3.75756646105017));
#2413=CARTESIAN_POINT('Origin',(579.557342718213,441.539956242021,-3.75756646105017));
#2414=CARTESIAN_POINT('Origin',(555.960428040894,407.519956242021,-0.0100000000000777));
#2415=CARTESIAN_POINT('Origin',(555.960428040894,409.029956242021,-0.01));
#2416=CARTESIAN_POINT('Origin',(594.350428040896,414.279956242021,0.));
#2417=CARTESIAN_POINT('',(592.850428040896,414.279956242021,0.));
#2418=CARTESIAN_POINT('Origin',(594.350428040896,436.279956242021,0.));
#2419=CARTESIAN_POINT('',(592.850428040896,436.279956242021,0.));
#2420=CARTESIAN_POINT('Origin',(594.350428040896,409.019956242022,-3.00756646105036));
#2421=CARTESIAN_POINT('',(592.850428040896,409.019956242022,-3.00756646105036));
#2422=CARTESIAN_POINT('Origin',(594.350428040896,409.019956242023,-25.0075664610503));
#2423=CARTESIAN_POINT('',(592.850428040896,409.019956242023,-25.0075664610503));
#2424=CARTESIAN_POINT('Origin',(583.307342718832,409.019956242022,-3.75756646105046));
#2425=CARTESIAN_POINT('',(582.307342719852,409.019956242022,-3.75756646105046));
#2426=CARTESIAN_POINT('Origin',(579.557342718213,441.539956242021,-3.75756646105017));
#2427=CARTESIAN_POINT('',(578.557342719233,441.539956242021,-3.75756646105017));
#2428=CARTESIAN_POINT('Origin',(559.599782870016,409.019956242022,-6.95756646104741));
#2429=CARTESIAN_POINT('',(561.207342719732,409.019956242022,-6.95756646104464));
#2430=CARTESIAN_POINT('',(559.599782870016,409.019956242022,-6.95756646104712));
#2431=CARTESIAN_POINT('Origin',(559.599782870016,409.019956242022,-5.45756646104749));
#2432=CARTESIAN_POINT('',(558.509860056096,409.019956242022,-6.4881334213603));
#2433=CARTESIAN_POINT('Origin',(550.557342719854,409.019956242022,-14.007566461385));
#2434=CARTESIAN_POINT('',(556.713603687085,409.019956242022,-4.95854131333729));
#2435=CARTESIAN_POINT('Origin',(557.977921427901,409.019956242022,-3.34191750049833));
#2436=CARTESIAN_POINT('Origin',(555.960428040897,441.539956242021,-0.0100000000000005));
#2437=CARTESIAN_POINT('Origin',(555.960428040897,441.529956242021,-0.01));
#2438=CARTESIAN_POINT('Origin',(557.977921427901,441.539956242021,-3.34191750049825));
#2439=CARTESIAN_POINT('',(556.713603687064,441.539956242021,-4.95854131332159));
#2440=CARTESIAN_POINT('Origin',(550.557342719854,441.539956242021,-14.007566461385));
#2441=CARTESIAN_POINT('',(558.509860056096,441.539956242021,-6.4881334213608));
#2442=CARTESIAN_POINT('Origin',(559.599782870016,441.539956242021,-5.45756646104742));
#2443=CARTESIAN_POINT('',(559.599782870016,441.539956242021,-6.95756646104741));
#2444=CARTESIAN_POINT('Origin',(589.111668430629,441.539956242021,-6.95756646104748));
#2445=CARTESIAN_POINT('',(589.111668430629,441.539956242021,-6.95756646104748));
#2446=CARTESIAN_POINT('Origin',(589.111668430629,441.539956242021,-5.45756646104742));
#2447=CARTESIAN_POINT('',(590.066065388419,441.539956242021,-6.61477277236813));
#2448=CARTESIAN_POINT('Origin',(599.350428040896,441.539956242021,1.04243353895257));
#2449=CARTESIAN_POINT('Origin',(602.411088212677,438.46929607024,0.));
#2450=CARTESIAN_POINT('',(602.411088212676,438.469296070239,0.));
#2451=CARTESIAN_POINT('Origin',(601.350428040896,437.40863589846,0.));
#2452=CARTESIAN_POINT('',(602.850428040896,437.40863589846,0.));
#2453=CARTESIAN_POINT('Origin',(602.850428040896,413.151276585583,0.));
#2454=CARTESIAN_POINT('',(602.850428040896,413.151276585583,0.));
#2455=CARTESIAN_POINT('Origin',(601.350428040896,413.151276585583,0.));
#2456=CARTESIAN_POINT('',(602.411088212676,412.090616413803,0.));
#2457=CARTESIAN_POINT('Origin',(600.441299243925,410.12082744505,0.));
#2458=CARTESIAN_POINT('',(600.441299243928,410.120827445047,0.));
#2459=CARTESIAN_POINT('Origin',(599.953395564909,410.608731124065,0.));
#2460=CARTESIAN_POINT('Ctrl Pts',(598.350430619144,409.029990258272,-5.95592628080088E-8));
#2461=CARTESIAN_POINT('Ctrl Pts',(598.350220393078,409.028603715824,4.79813048069021E-6));
#2462=CARTESIAN_POINT('Ctrl Pts',(598.387952162057,409.024371603373,-0.000867795076648929));
#2463=CARTESIAN_POINT('Ctrl Pts',(598.639674883519,409.020242426559,-0.00580710917233883));
#2464=CARTESIAN_POINT('Ctrl Pts',(599.154217379281,409.019972828189,-0.00976698245793313));
#2465=CARTESIAN_POINT('Ctrl Pts',(599.536573706217,409.019939085007,-0.00920839643690997));
#2466=CARTESIAN_POINT('Ctrl Pts',(599.709342092111,409.020113719819,-0.00823227877021859));
#2467=CARTESIAN_POINT('Ctrl Pts',(598.350430619144,409.031693655475,0.500756791483876));
#2468=CARTESIAN_POINT('Ctrl Pts',(598.350220393078,408.960874636447,0.50100490276435));
#2469=CARTESIAN_POINT('Ctrl Pts',(598.387952162057,408.744715331376,0.456436346642901));
#2470=CARTESIAN_POINT('Ctrl Pts',(598.639674883519,408.533813565186,0.20415602211532));
#2471=CARTESIAN_POINT('Ctrl Pts',(599.154217379281,408.520043563292,0.00190160009960683));
#2472=CARTESIAN_POINT('Ctrl Pts',(599.536573706217,408.51832009712,0.0304319304107041));
#2473=CARTESIAN_POINT('Ctrl Pts',(599.709342092111,408.527239741852,0.0802881001053772));
#2474=CARTESIAN_POINT('Ctrl Pts',(598.350430619144,409.033397052679,1.00151364252701));
#2475=CARTESIAN_POINT('Ctrl Pts',(598.350220393078,408.89314555707,1.00200500739822));
#2476=CARTESIAN_POINT('Ctrl Pts',(598.387952162057,408.46505905938,0.913740488362449));
#2477=CARTESIAN_POINT('Ctrl Pts',(598.639674883519,408.047384703812,0.414119153402978));
#2478=CARTESIAN_POINT('Ctrl Pts',(599.154217379281,408.020114298396,0.0135701826571468));
#2479=CARTESIAN_POINT('Ctrl Pts',(599.536573706217,408.016701109233,0.0700722572583184));
#2480=CARTESIAN_POINT('Ctrl Pts',(599.709342092111,408.034365763885,0.168808478980973));
#2481=CARTESIAN_POINT('Ctrl Pts',(598.350430619144,409.035100449883,1.50227049357015));
#2482=CARTESIAN_POINT('Ctrl Pts',(598.350220393078,408.825416477693,1.50300511203209));
#2483=CARTESIAN_POINT('Ctrl Pts',(598.387952162057,408.185402787383,1.371044630082));
#2484=CARTESIAN_POINT('Ctrl Pts',(598.639674883519,407.560955842437,0.624082284690637));
#2485=CARTESIAN_POINT('Ctrl Pts',(599.154217379281,407.520185033501,0.0252387652146866));
#2486=CARTESIAN_POINT('Ctrl Pts',(599.536573706217,407.515082121346,0.109712584105932));
#2487=CARTESIAN_POINT('Ctrl Pts',(599.709342092111,407.541491785919,0.257328857856569));
#2488=CARTESIAN_POINT('Ctrl Pts',(598.350428040896,409.029956242021,-1.0278430676663E-27));
#2489=CARTESIAN_POINT('Ctrl Pts',(598.350428040896,409.028580534127,2.53338955473326E-16));
#2490=CARTESIAN_POINT('Ctrl Pts',(598.388366499704,409.024364806714,-0.000875925227832033));
#2491=CARTESIAN_POINT('Ctrl Pts',(598.639674883519,409.020242426559,-0.00580710917233434));
#2492=CARTESIAN_POINT('Ctrl Pts',(599.153511400042,409.019973198092,-0.00976154930449298));
#2493=CARTESIAN_POINT('Ctrl Pts',(599.535001111838,409.019939224422,-0.00921068055150446));
#2494=CARTESIAN_POINT('Ctrl Pts',(599.707213556477,409.020111578919,-0.0082442641422258));
#2495=CARTESIAN_POINT('Origin',(599.953395564906,409.019956242021,-0.536341343091493));
#2496=CARTESIAN_POINT('',(600.441299243926,409.019956242021,-0.048437664074541));
#2497=CARTESIAN_POINT('Origin',(602.411088212677,409.019956242022,-2.01822663282847));
#2498=CARTESIAN_POINT('',(602.411088212676,409.019956242022,-2.01822663282947));
#2499=CARTESIAN_POINT('Origin',(601.350428040896,409.019956242022,-3.07888680460934));
#2500=CARTESIAN_POINT('',(602.850428040896,409.019956242022,-3.07888680460934));
#2501=CARTESIAN_POINT('Origin',(602.850428040896,409.019956242023,-27.3362461174856));
#2502=CARTESIAN_POINT('',(602.850428040896,409.019956242023,-27.3362461174856));
#2503=CARTESIAN_POINT('Origin',(601.350428040896,409.019956242023,-27.3362461174856));
#2504=CARTESIAN_POINT('',(602.411088212679,409.019956242023,-28.3969062892627));
#2505=CARTESIAN_POINT('Origin',(600.045417580696,409.019956242023,-30.7625769212502));
#2506=CARTESIAN_POINT('',(600.045417580696,409.019956242023,-30.7625769212502));
#2507=CARTESIAN_POINT('Origin',(598.850407120488,409.019956242023,-29.567566461048));
#2508=CARTESIAN_POINT('',(598.850407120488,409.019956242023,-31.257566461048));
#2509=CARTESIAN_POINT('Origin',(585.230032327789,409.019956242023,-31.2575664610503));
#2510=CARTESIAN_POINT('',(585.230032327789,409.019956242023,-31.2575664610442));
#2511=CARTESIAN_POINT('Origin',(585.230032327789,409.019956242023,-30.8885664610442));
#2512=CARTESIAN_POINT('',(584.969109925531,409.019956242023,-30.6276440587857));
#2513=CARTESIAN_POINT('Origin',(586.273275581217,409.019956242023,-29.3234784031065));
#2514=CARTESIAN_POINT('',(586.273275581217,409.019956242023,-29.3234784031065));
#2515=CARTESIAN_POINT('Origin',(584.817342718754,409.019956242023,-27.8675455406355));
#2516=CARTESIAN_POINT('',(586.876342718753,409.019956242023,-27.8675455406355));
#2517=CARTESIAN_POINT('Origin',(586.876342718753,409.019956242023,-22.747566461041));
#2518=CARTESIAN_POINT('',(586.876342718753,409.019956242023,-22.747566461041));
#2519=CARTESIAN_POINT('Origin',(584.817342718754,409.019956242023,-22.747566461041));
#2520=CARTESIAN_POINT('',(586.415939555133,409.019956242022,-21.4498880856628));
#2521=CARTESIAN_POINT('Origin',(587.728046718752,409.019956242022,-20.3847708192643));
#2522=CARTESIAN_POINT('',(586.038046718752,409.019956242022,-20.3847708192704));
#2523=CARTESIAN_POINT('Origin',(586.038046718751,409.019956242022,-7.32656646104623));
#2524=CARTESIAN_POINT('',(586.038046718751,409.019956242022,-7.32656646104623));
#2525=CARTESIAN_POINT('Origin',(585.669046718751,409.019956242022,-7.32656646104623));
#2526=CARTESIAN_POINT('',(585.669046718751,409.019956242022,-6.9575664610462));
#2527=CARTESIAN_POINT('Origin',(581.260428040896,409.019956242022,-6.95756646104741));
#2528=CARTESIAN_POINT('',(581.260428040896,409.019956242022,-6.95756646104741));
#2529=CARTESIAN_POINT('Origin',(581.260428040896,409.019956242022,-6.45756646104743));
#2530=CARTESIAN_POINT('',(580.760428040896,409.019956242022,-6.45756646066182));
#2531=CARTESIAN_POINT('Origin',(580.760428041813,409.019956242022,-5.26527976731629));
#2532=CARTESIAN_POINT('',(580.760428041813,409.019956242022,-5.26527976731629));
#2533=CARTESIAN_POINT('Origin',(580.260428041813,409.019956242022,-5.26527976693068));
#2534=CARTESIAN_POINT('',(580.260428041813,409.019956242022,-4.7652797669307));
#2535=CARTESIAN_POINT('Origin',(568.382342717992,409.019956242022,-4.76527976693063));
#2536=CARTESIAN_POINT('',(568.382342717992,409.019956242022,-4.76527976693063));
#2537=CARTESIAN_POINT('Origin',(568.382342717992,409.019956242022,-4.26527976693066));
#2538=CARTESIAN_POINT('',(567.882342717992,409.019956242022,-4.26527976693066));
#2539=CARTESIAN_POINT('Origin',(567.882342717992,409.019956242022,-3.90756646254346));
#2540=CARTESIAN_POINT('',(567.882342717992,409.019956242022,-3.90756646254346));
#2541=CARTESIAN_POINT('Origin',(567.382342717992,409.019956242022,-3.90756646254346));
#2542=CARTESIAN_POINT('',(567.382342717992,409.019956242022,-3.40756646254349));
#2543=CARTESIAN_POINT('Origin',(562.007342719731,409.019956242022,-3.40756646254349));
#2544=CARTESIAN_POINT('',(562.007342719731,409.019956242022,-3.40756646254349));
#2545=CARTESIAN_POINT('Origin',(562.007342719731,409.019956242022,-3.90756646254346));
#2546=CARTESIAN_POINT('',(561.507342719731,409.019956242022,-3.90756646254346));
#2547=CARTESIAN_POINT('Origin',(561.507342719731,409.019956242022,-6.65756646104469));
#2548=CARTESIAN_POINT('',(561.507342719732,409.019956242022,-6.65756646104469));
#2549=CARTESIAN_POINT('Origin',(561.207342719732,409.019956242022,-6.65756646104469));
#2550=CARTESIAN_POINT('Origin',(577.655428040896,441.529956242021,-0.01));
#2551=CARTESIAN_POINT('Origin',(577.155428040896,409.029956242021,-0.01));
#2552=UNCERTAINTY_MEASURE_WITH_UNIT(LENGTH_MEASURE(0.01),#2556,
'DISTANCE_ACCURACY_VALUE',
'Maximum model space distance between geometric entities at asserted c
onnectivities');
#2553=UNCERTAINTY_MEASURE_WITH_UNIT(LENGTH_MEASURE(0.01),#2556,
'DISTANCE_ACCURACY_VALUE',
'Maximum model space distance between geometric entities at asserted c
onnectivities');
#2554=(
GEOMETRIC_REPRESENTATION_CONTEXT(3)
GLOBAL_UNCERTAINTY_ASSIGNED_CONTEXT((#2552))
GLOBAL_UNIT_ASSIGNED_CONTEXT((#2556,#2558,#2559))
REPRESENTATION_CONTEXT('','3D')
);
#2555=(
GEOMETRIC_REPRESENTATION_CONTEXT(3)
GLOBAL_UNCERTAINTY_ASSIGNED_CONTEXT((#2553))
GLOBAL_UNIT_ASSIGNED_CONTEXT((#2556,#2558,#2559))
REPRESENTATION_CONTEXT('','3D')
);
#2556=(
LENGTH_UNIT()
NAMED_UNIT(*)
SI_UNIT(.MILLI.,.METRE.)
);
#2557=(
LENGTH_UNIT()
NAMED_UNIT(*)
SI_UNIT($,.METRE.)
);
#2558=(
NAMED_UNIT(*)
PLANE_ANGLE_UNIT()
SI_UNIT($,.RADIAN.)
);
#2559=(
NAMED_UNIT(*)
SI_UNIT($,.STERADIAN.)
SOLID_ANGLE_UNIT()
);
#2560=SHAPE_DEFINITION_REPRESENTATION(#2561,#2562);
#2561=PRODUCT_DEFINITION_SHAPE('',$,#2564);
#2562=SHAPE_REPRESENTATION('',(#1389),#2554);
#2563=PRODUCT_DEFINITION_CONTEXT('part definition',#2568,'design');
#2564=PRODUCT_DEFINITION('AL-\X2\8F7B91CF531659395934\X0\-\X2\5E955EA7\X0\',
'AL-\X2\8F7B91CF531659395934\X0\-\X2\5E955EA7\X0\',#2565,#2563);
#2565=PRODUCT_DEFINITION_FORMATION('',$,#2570);
#2566=PRODUCT_RELATED_PRODUCT_CATEGORY('AL-\X2\8F7B91CF531659395934\X0\-
\X2\5E955EA7\X0\','AL-\X2\8F7B91CF531659395934\X0\-\X2\5E955EA7\X0\',(#2570));
#2567=APPLICATION_PROTOCOL_DEFINITION('international standard',
'automotive_design',2009,#2568);
#2568=APPLICATION_CONTEXT(
'Core Data for Automotive Mechanical Design Process');
#2569=PRODUCT_CONTEXT('part definition',#2568,'mechanical');
#2570=PRODUCT('AL-\X2\8F7B91CF531659395934\X0\-\X2\5E955EA7\X0\',
'AL-\X2\8F7B91CF531659395934\X0\-\X2\5E955EA7\X0\',$,(#2569));
#2571=PRESENTATION_STYLE_ASSIGNMENT((#2573));
#2572=PRESENTATION_STYLE_ASSIGNMENT((#2574));
#2573=SURFACE_STYLE_USAGE(.BOTH.,#2575);
#2574=SURFACE_STYLE_USAGE(.BOTH.,#2576);
#2575=SURFACE_SIDE_STYLE('',(#2577));
#2576=SURFACE_SIDE_STYLE('',(#2578));
#2577=SURFACE_STYLE_FILL_AREA(#2579);
#2578=SURFACE_STYLE_FILL_AREA(#2580);
#2579=FILL_AREA_STYLE('Acero - Satinado',(#2581));
#2580=FILL_AREA_STYLE('Opaque(56,56,56)',(#2582));
#2581=FILL_AREA_STYLE_COLOUR('Acero - Satinado',#2583);
#2582=FILL_AREA_STYLE_COLOUR('Opaque(56,56,56)',#2584);
#2583=COLOUR_RGB('Acero - Satinado',0.627450980392157,0.627450980392157,
0.627450980392157);
#2584=COLOUR_RGB('Opaque(56,56,56)',0.219607843137255,0.219607843137255,
0.219607843137255);
ENDSEC;
END-ISO-10303-21;
