ISO-10303-21;
HEADER;
/* Generated by software containing ST-Developer
 * from STEP Tools, Inc. (www.steptools.com) 
 */

FILE_DESCRIPTION(
/* description */ (''),
/* implementation_level */ '2;1');

FILE_NAME(
/* name */ 'AL-SHOULDER.step',
/* time_stamp */ '2026-06-02T00:09:43-06:00',
/* author */ (''),
/* organization */ (''),
/* preprocessor_version */ 'ST-DEVELOPER v20.1',
/* originating_system */ 'Autodesk Translation Framework v14.24.0.0',
/* authorisation */ '');

FILE_SCHEMA (('AUTOMOTIVE_DESIGN { 1 0 10303 214 3 1 1 }'));
ENDSEC;

DATA;
#10=MECHANICAL_DESIGN_GEOMETRIC_PRESENTATION_REPRESENTATION('',(#13),#5043);
#11=SHAPE_REPRESENTATION_RELATIONSHIP('SRR','None',#5050,#12);
#12=ADVANCED_BREP_SHAPE_REPRESENTATION('',(#14),#5042);
#13=STYLED_ITEM('',(#5060),#14);
#14=MANIFOLD_SOLID_BREP('Cuerpo1',#2855);
#15=B_SPLINE_SURFACE_WITH_KNOTS('',3,3,((#4378,#4379,#4380,#4381),(#4382,
#4383,#4384,#4385),(#4386,#4387,#4388,#4389),(#4390,#4391,#4392,#4393)),
 .UNSPECIFIED.,.F.,.F.,.F.,(4,4),(4,4),(0.,0.887573964497036),(-9.83598480011774E-13,
0.228308202358724),.UNSPECIFIED.);
#16=B_SPLINE_SURFACE_WITH_KNOTS('',3,3,((#4660,#4661,#4662,#4663,#4664),
(#4665,#4666,#4667,#4668,#4669),(#4670,#4671,#4672,#4673,#4674),(#4675,
#4676,#4677,#4678,#4679)),.UNSPECIFIED.,.F.,.F.,.F.,(4,4),(4,1,4),(0.,1.50002703498613),
(1.67688906507389,2.18631243745937,2.56837996674848),.UNSPECIFIED.);
#17=B_SPLINE_SURFACE_WITH_KNOTS('',3,3,((#4929,#4930,#4931,#4932),(#4933,
#4934,#4935,#4936),(#4937,#4938,#4939,#4940),(#4941,#4942,#4943,#4944)),
 .UNSPECIFIED.,.F.,.F.,.F.,(4,4),(4,4),(0.,0.887573964497058),(0.663182699308712,
0.891490901672831),.UNSPECIFIED.);
#18=B_SPLINE_SURFACE_WITH_KNOTS('',3,3,((#4968,#4969,#4970,#4971,#4972),
(#4973,#4974,#4975,#4976,#4977),(#4978,#4979,#4980,#4981,#4982),(#4983,
#4984,#4985,#4986,#4987)),.UNSPECIFIED.,.F.,.F.,.F.,(4,4),(4,1,4),(0.,1.50002704043833),
(-6.93889390390735E-17,0.382067529291497,0.89149090168016),
 .UNSPECIFIED.);
#19=B_SPLINE_CURVE_WITH_KNOTS('',3,(#4356,#4357,#4358,#4359),
 .UNSPECIFIED.,.F.,.F.,(4,4),(3.49161484256844E-9,0.228308202358724),
 .UNSPECIFIED.);
#20=B_SPLINE_CURVE_WITH_KNOTS('',3,(#4361,#4362,#4363,#4364,#4365),
 .UNSPECIFIED.,.F.,.F.,(4,1,4),(-6.93889390390735E-17,0.382067529291497,
0.89149090168016),.UNSPECIFIED.);
#21=B_SPLINE_CURVE_WITH_KNOTS('',3,(#4369,#4370,#4371,#4372,#4373),
 .UNSPECIFIED.,.F.,.F.,(4,1,4),(1.67688906507389,2.18631243745937,2.56837996084601),
 .UNSPECIFIED.);
#22=B_SPLINE_CURVE_WITH_KNOTS('',3,(#4374,#4375,#4376,#4377),
 .UNSPECIFIED.,.F.,.F.,(4,4),(0.663182699308712,0.891490901672831),
 .UNSPECIFIED.);
#23=B_SPLINE_CURVE_WITH_KNOTS('',3,(#4398,#4399,#4400,#4401),
 .UNSPECIFIED.,.F.,.F.,(4,4),(-9.83598480011774E-13,0.228308202358724),
 .UNSPECIFIED.);
#24=B_SPLINE_CURVE_WITH_KNOTS('',3,(#4682,#4683,#4684,#4685,#4686,#4687,
#4688,#4689,#4690,#4691,#4692,#4693,#4694,#4695,#4696,#4697,#4698,#4699,
#4700,#4701),.UNSPECIFIED.,.F.,.F.,(4,2,2,2,2,2,2,2,2,4),(0.,0.0257191271966677,
0.0326231192811249,0.0343456393985428,0.0348533840690246,0.0350182017538352,
0.0350766230515924,0.0350992582937239,0.0351090998267022,0.0351184609097673),
 .UNSPECIFIED.);
#25=B_SPLINE_CURVE_WITH_KNOTS('',3,(#4945,#4946,#4947,#4948),
 .UNSPECIFIED.,.F.,.F.,(4,4),(0.663182699308712,0.891490901672831),
 .UNSPECIFIED.);
#26=B_SPLINE_CURVE_WITH_KNOTS('',3,(#4988,#4989,#4990,#4991,#4992,#4993,
#4994,#4995,#4996,#4997,#4998,#4999,#5000,#5001,#5002,#5003,#5004,#5005,
#5006,#5007),.UNSPECIFIED.,.F.,.F.,(4,2,2,2,2,2,2,2,2,4),(0.,5.26830575119351E-6,
1.0807002569346E-5,2.35458423796946E-5,5.64246288759992E-5,0.00014918197424332,
0.000434934400992168,0.00140434779653075,0.00528983186677764,0.0197642442237303),
 .UNSPECIFIED.);
#27=CYLINDRICAL_SURFACE('',#2894,1.51000000000501);
#28=CYLINDRICAL_SURFACE('',#2914,0.0100000000050061);
#29=CYLINDRICAL_SURFACE('',#2941,1.51000000000501);
#30=CYLINDRICAL_SURFACE('',#2968,0.0100000000050061);
#31=CYLINDRICAL_SURFACE('',#2970,1.68999999999997);
#32=CYLINDRICAL_SURFACE('',#2973,1.51);
#33=CYLINDRICAL_SURFACE('',#3026,0.999999999999982);
#34=CYLINDRICAL_SURFACE('',#3051,0.889999999999986);
#35=CYLINDRICAL_SURFACE('',#3053,0.889999999999986);
#36=CYLINDRICAL_SURFACE('',#3055,0.889999999999986);
#37=CYLINDRICAL_SURFACE('',#3057,0.889999999999986);
#38=CYLINDRICAL_SURFACE('',#3059,0.889999999999986);
#39=CYLINDRICAL_SURFACE('',#3061,0.889999999999986);
#40=CYLINDRICAL_SURFACE('',#3063,2.00000000000003);
#41=CYLINDRICAL_SURFACE('',#3065,1.68999999999997);
#42=CYLINDRICAL_SURFACE('',#3067,1.69);
#43=CYLINDRICAL_SURFACE('',#3069,2.00000000000003);
#44=CYLINDRICAL_SURFACE('',#3070,0.360000000000027);
#45=CYLINDRICAL_SURFACE('',#3071,1.6);
#46=CYLINDRICAL_SURFACE('',#3072,0.360000000000045);
#47=CYLINDRICAL_SURFACE('',#3073,5.60000000000001);
#48=CYLINDRICAL_SURFACE('',#3074,0.359999999999997);
#49=CYLINDRICAL_SURFACE('',#3075,1.59999999999999);
#50=CYLINDRICAL_SURFACE('',#3076,0.359999999999987);
#51=CYLINDRICAL_SURFACE('',#3077,5.59999999999999);
#52=CYLINDRICAL_SURFACE('',#3078,0.360000000000027);
#53=CYLINDRICAL_SURFACE('',#3079,1.6);
#54=CYLINDRICAL_SURFACE('',#3080,0.360000000000045);
#55=CYLINDRICAL_SURFACE('',#3081,5.60000000000001);
#56=CYLINDRICAL_SURFACE('',#3082,0.359999999999977);
#57=CYLINDRICAL_SURFACE('',#3083,1.60000000000005);
#58=CYLINDRICAL_SURFACE('',#3084,0.359999999999987);
#59=CYLINDRICAL_SURFACE('',#3085,5.59999999999999);
#60=CYLINDRICAL_SURFACE('',#3086,0.359999999999982);
#61=CYLINDRICAL_SURFACE('',#3087,1.6);
#62=CYLINDRICAL_SURFACE('',#3088,0.359999999999976);
#63=CYLINDRICAL_SURFACE('',#3089,5.60000000000001);
#64=CYLINDRICAL_SURFACE('',#3090,0.359999999999995);
#65=CYLINDRICAL_SURFACE('',#3091,1.60000000000001);
#66=CYLINDRICAL_SURFACE('',#3092,0.360000000000005);
#67=CYLINDRICAL_SURFACE('',#3093,5.6);
#68=CYLINDRICAL_SURFACE('',#3094,0.359999999999982);
#69=CYLINDRICAL_SURFACE('',#3095,1.6);
#70=CYLINDRICAL_SURFACE('',#3096,0.359999999999976);
#71=CYLINDRICAL_SURFACE('',#3097,5.60000000000001);
#72=CYLINDRICAL_SURFACE('',#3098,0.360000000000032);
#73=CYLINDRICAL_SURFACE('',#3099,1.6);
#74=CYLINDRICAL_SURFACE('',#3100,0.360000000000005);
#75=CYLINDRICAL_SURFACE('',#3101,5.6);
#76=CYLINDRICAL_SURFACE('',#3103,1.88999999999998);
#77=CYLINDRICAL_SURFACE('',#3106,1.89000000000001);
#78=CYLINDRICAL_SURFACE('',#3109,1.89000000000001);
#79=CYLINDRICAL_SURFACE('',#3112,1.88999999999998);
#80=CYLINDRICAL_SURFACE('',#3115,0.889999999999986);
#81=CYLINDRICAL_SURFACE('',#3117,0.889999999999986);
#82=CYLINDRICAL_SURFACE('',#3119,2.00000000000003);
#83=CYLINDRICAL_SURFACE('',#3121,1.68999999999997);
#84=CYLINDRICAL_SURFACE('',#3123,1.69);
#85=CYLINDRICAL_SURFACE('',#3125,2.00000000000003);
#86=CYLINDRICAL_SURFACE('',#3127,0.889999999999986);
#87=CYLINDRICAL_SURFACE('',#3129,0.889999999999986);
#88=CYLINDRICAL_SURFACE('',#3131,0.889999999999986);
#89=CYLINDRICAL_SURFACE('',#3133,0.889999999999986);
#90=CYLINDRICAL_SURFACE('',#3134,2.60000000000002);
#91=CYLINDRICAL_SURFACE('',#3136,2.60000000000002);
#92=CYLINDRICAL_SURFACE('',#3138,2.60000000000002);
#93=CYLINDRICAL_SURFACE('',#3140,2.60000000000002);
#94=CYLINDRICAL_SURFACE('',#3143,1.68999999999999);
#95=CYLINDRICAL_SURFACE('',#3145,1.5);
#96=CYLINDRICAL_SURFACE('',#3147,10.);
#97=CYLINDRICAL_SURFACE('',#3149,1.49999999999999);
#98=CYLINDRICAL_SURFACE('',#3151,1.69);
#99=CYLINDRICAL_SURFACE('',#3154,1.69000000000001);
#100=CYLINDRICAL_SURFACE('',#3156,1.00000000000002);
#101=CYLINDRICAL_SURFACE('',#3159,1.68999999999996);
#102=CYLINDRICAL_SURFACE('',#3161,1.69);
#103=CYLINDRICAL_SURFACE('',#3163,1.69000000000001);
#104=CYLINDRICAL_SURFACE('',#3165,1.68999999999997);
#105=CYLINDRICAL_SURFACE('',#3167,1.69000000000001);
#106=CYLINDRICAL_SURFACE('',#3168,1.68999999999999);
#107=CYLINDRICAL_SURFACE('',#3171,1.68999999999999);
#108=CYLINDRICAL_SURFACE('',#3174,1.50000000000002);
#109=CYLINDRICAL_SURFACE('',#3176,10.);
#110=CYLINDRICAL_SURFACE('',#3178,1.49999999999999);
#111=CYLINDRICAL_SURFACE('',#3180,1.69);
#112=CYLINDRICAL_SURFACE('',#3182,1.69);
#113=CYLINDRICAL_SURFACE('',#3184,1.68999999999999);
#114=CYLINDRICAL_SURFACE('',#3185,0.01);
#115=FACE_BOUND('',#284,.T.);
#116=FACE_BOUND('',#290,.T.);
#117=FACE_BOUND('',#291,.T.);
#118=FACE_BOUND('',#292,.T.);
#119=FACE_BOUND('',#293,.T.);
#120=FACE_BOUND('',#294,.T.);
#121=FACE_BOUND('',#298,.T.);
#122=FACE_BOUND('',#304,.T.);
#123=FACE_BOUND('',#311,.T.);
#124=FACE_BOUND('',#312,.T.);
#125=FACE_BOUND('',#314,.T.);
#126=FACE_BOUND('',#315,.T.);
#127=FACE_BOUND('',#318,.T.);
#128=FACE_BOUND('',#446,.T.);
#129=FACE_BOUND('',#447,.T.);
#130=FACE_BOUND('',#448,.T.);
#131=FACE_BOUND('',#449,.T.);
#132=FACE_BOUND('',#450,.T.);
#133=FACE_OUTER_BOUND('',#283,.T.);
#134=FACE_OUTER_BOUND('',#285,.T.);
#135=FACE_OUTER_BOUND('',#286,.T.);
#136=FACE_OUTER_BOUND('',#287,.T.);
#137=FACE_OUTER_BOUND('',#288,.T.);
#138=FACE_OUTER_BOUND('',#289,.T.);
#139=FACE_OUTER_BOUND('',#295,.T.);
#140=FACE_OUTER_BOUND('',#296,.T.);
#141=FACE_OUTER_BOUND('',#297,.T.);
#142=FACE_OUTER_BOUND('',#299,.T.);
#143=FACE_OUTER_BOUND('',#300,.T.);
#144=FACE_OUTER_BOUND('',#301,.T.);
#145=FACE_OUTER_BOUND('',#302,.T.);
#146=FACE_OUTER_BOUND('',#303,.T.);
#147=FACE_OUTER_BOUND('',#305,.T.);
#148=FACE_OUTER_BOUND('',#306,.T.);
#149=FACE_OUTER_BOUND('',#307,.T.);
#150=FACE_OUTER_BOUND('',#308,.T.);
#151=FACE_OUTER_BOUND('',#309,.T.);
#152=FACE_OUTER_BOUND('',#310,.T.);
#153=FACE_OUTER_BOUND('',#313,.T.);
#154=FACE_OUTER_BOUND('',#316,.T.);
#155=FACE_OUTER_BOUND('',#317,.T.);
#156=FACE_OUTER_BOUND('',#319,.T.);
#157=FACE_OUTER_BOUND('',#320,.T.);
#158=FACE_OUTER_BOUND('',#321,.T.);
#159=FACE_OUTER_BOUND('',#322,.T.);
#160=FACE_OUTER_BOUND('',#323,.T.);
#161=FACE_OUTER_BOUND('',#324,.T.);
#162=FACE_OUTER_BOUND('',#325,.T.);
#163=FACE_OUTER_BOUND('',#326,.T.);
#164=FACE_OUTER_BOUND('',#327,.T.);
#165=FACE_OUTER_BOUND('',#328,.T.);
#166=FACE_OUTER_BOUND('',#329,.T.);
#167=FACE_OUTER_BOUND('',#330,.T.);
#168=FACE_OUTER_BOUND('',#331,.T.);
#169=FACE_OUTER_BOUND('',#332,.T.);
#170=FACE_OUTER_BOUND('',#333,.T.);
#171=FACE_OUTER_BOUND('',#334,.T.);
#172=FACE_OUTER_BOUND('',#335,.T.);
#173=FACE_OUTER_BOUND('',#336,.T.);
#174=FACE_OUTER_BOUND('',#337,.T.);
#175=FACE_OUTER_BOUND('',#338,.T.);
#176=FACE_OUTER_BOUND('',#339,.T.);
#177=FACE_OUTER_BOUND('',#340,.T.);
#178=FACE_OUTER_BOUND('',#341,.T.);
#179=FACE_OUTER_BOUND('',#342,.T.);
#180=FACE_OUTER_BOUND('',#343,.T.);
#181=FACE_OUTER_BOUND('',#344,.T.);
#182=FACE_OUTER_BOUND('',#345,.T.);
#183=FACE_OUTER_BOUND('',#346,.T.);
#184=FACE_OUTER_BOUND('',#347,.T.);
#185=FACE_OUTER_BOUND('',#348,.T.);
#186=FACE_OUTER_BOUND('',#349,.T.);
#187=FACE_OUTER_BOUND('',#350,.T.);
#188=FACE_OUTER_BOUND('',#351,.T.);
#189=FACE_OUTER_BOUND('',#352,.T.);
#190=FACE_OUTER_BOUND('',#353,.T.);
#191=FACE_OUTER_BOUND('',#354,.T.);
#192=FACE_OUTER_BOUND('',#355,.T.);
#193=FACE_OUTER_BOUND('',#356,.T.);
#194=FACE_OUTER_BOUND('',#357,.T.);
#195=FACE_OUTER_BOUND('',#358,.T.);
#196=FACE_OUTER_BOUND('',#359,.T.);
#197=FACE_OUTER_BOUND('',#360,.T.);
#198=FACE_OUTER_BOUND('',#361,.T.);
#199=FACE_OUTER_BOUND('',#362,.T.);
#200=FACE_OUTER_BOUND('',#363,.T.);
#201=FACE_OUTER_BOUND('',#364,.T.);
#202=FACE_OUTER_BOUND('',#365,.T.);
#203=FACE_OUTER_BOUND('',#366,.T.);
#204=FACE_OUTER_BOUND('',#367,.T.);
#205=FACE_OUTER_BOUND('',#368,.T.);
#206=FACE_OUTER_BOUND('',#369,.T.);
#207=FACE_OUTER_BOUND('',#370,.T.);
#208=FACE_OUTER_BOUND('',#371,.T.);
#209=FACE_OUTER_BOUND('',#372,.T.);
#210=FACE_OUTER_BOUND('',#373,.T.);
#211=FACE_OUTER_BOUND('',#374,.T.);
#212=FACE_OUTER_BOUND('',#375,.T.);
#213=FACE_OUTER_BOUND('',#376,.T.);
#214=FACE_OUTER_BOUND('',#377,.T.);
#215=FACE_OUTER_BOUND('',#378,.T.);
#216=FACE_OUTER_BOUND('',#379,.T.);
#217=FACE_OUTER_BOUND('',#380,.T.);
#218=FACE_OUTER_BOUND('',#381,.T.);
#219=FACE_OUTER_BOUND('',#382,.T.);
#220=FACE_OUTER_BOUND('',#383,.T.);
#221=FACE_OUTER_BOUND('',#384,.T.);
#222=FACE_OUTER_BOUND('',#385,.T.);
#223=FACE_OUTER_BOUND('',#386,.T.);
#224=FACE_OUTER_BOUND('',#387,.T.);
#225=FACE_OUTER_BOUND('',#388,.T.);
#226=FACE_OUTER_BOUND('',#389,.T.);
#227=FACE_OUTER_BOUND('',#390,.T.);
#228=FACE_OUTER_BOUND('',#391,.T.);
#229=FACE_OUTER_BOUND('',#392,.T.);
#230=FACE_OUTER_BOUND('',#393,.T.);
#231=FACE_OUTER_BOUND('',#394,.T.);
#232=FACE_OUTER_BOUND('',#395,.T.);
#233=FACE_OUTER_BOUND('',#396,.T.);
#234=FACE_OUTER_BOUND('',#397,.T.);
#235=FACE_OUTER_BOUND('',#398,.T.);
#236=FACE_OUTER_BOUND('',#399,.T.);
#237=FACE_OUTER_BOUND('',#400,.T.);
#238=FACE_OUTER_BOUND('',#401,.T.);
#239=FACE_OUTER_BOUND('',#402,.T.);
#240=FACE_OUTER_BOUND('',#403,.T.);
#241=FACE_OUTER_BOUND('',#404,.T.);
#242=FACE_OUTER_BOUND('',#405,.T.);
#243=FACE_OUTER_BOUND('',#406,.T.);
#244=FACE_OUTER_BOUND('',#407,.T.);
#245=FACE_OUTER_BOUND('',#408,.T.);
#246=FACE_OUTER_BOUND('',#409,.T.);
#247=FACE_OUTER_BOUND('',#410,.T.);
#248=FACE_OUTER_BOUND('',#411,.T.);
#249=FACE_OUTER_BOUND('',#412,.T.);
#250=FACE_OUTER_BOUND('',#413,.T.);
#251=FACE_OUTER_BOUND('',#414,.T.);
#252=FACE_OUTER_BOUND('',#415,.T.);
#253=FACE_OUTER_BOUND('',#416,.T.);
#254=FACE_OUTER_BOUND('',#417,.T.);
#255=FACE_OUTER_BOUND('',#418,.T.);
#256=FACE_OUTER_BOUND('',#419,.T.);
#257=FACE_OUTER_BOUND('',#420,.T.);
#258=FACE_OUTER_BOUND('',#421,.T.);
#259=FACE_OUTER_BOUND('',#422,.T.);
#260=FACE_OUTER_BOUND('',#423,.T.);
#261=FACE_OUTER_BOUND('',#424,.T.);
#262=FACE_OUTER_BOUND('',#425,.T.);
#263=FACE_OUTER_BOUND('',#426,.T.);
#264=FACE_OUTER_BOUND('',#427,.T.);
#265=FACE_OUTER_BOUND('',#428,.T.);
#266=FACE_OUTER_BOUND('',#429,.T.);
#267=FACE_OUTER_BOUND('',#430,.T.);
#268=FACE_OUTER_BOUND('',#431,.T.);
#269=FACE_OUTER_BOUND('',#432,.T.);
#270=FACE_OUTER_BOUND('',#433,.T.);
#271=FACE_OUTER_BOUND('',#434,.T.);
#272=FACE_OUTER_BOUND('',#435,.T.);
#273=FACE_OUTER_BOUND('',#436,.T.);
#274=FACE_OUTER_BOUND('',#437,.T.);
#275=FACE_OUTER_BOUND('',#438,.T.);
#276=FACE_OUTER_BOUND('',#439,.T.);
#277=FACE_OUTER_BOUND('',#440,.T.);
#278=FACE_OUTER_BOUND('',#441,.T.);
#279=FACE_OUTER_BOUND('',#442,.T.);
#280=FACE_OUTER_BOUND('',#443,.T.);
#281=FACE_OUTER_BOUND('',#444,.T.);
#282=FACE_OUTER_BOUND('',#445,.T.);
#283=EDGE_LOOP('',(#1803,#1804,#1805,#1806,#1807,#1808,#1809,#1810,#1811,
#1812,#1813,#1814));
#284=EDGE_LOOP('',(#1815,#1816,#1817,#1818,#1819,#1820,#1821,#1822,#1823,
#1824,#1825,#1826,#1827,#1828,#1829,#1830));
#285=EDGE_LOOP('',(#1831,#1832,#1833,#1834));
#286=EDGE_LOOP('',(#1835,#1836,#1837,#1838));
#287=EDGE_LOOP('',(#1839,#1840,#1841,#1842));
#288=EDGE_LOOP('',(#1843,#1844,#1845,#1846));
#289=EDGE_LOOP('',(#1847,#1848,#1849,#1850,#1851,#1852,#1853,#1854,#1855,
#1856,#1857,#1858,#1859,#1860));
#290=EDGE_LOOP('',(#1861,#1862,#1863,#1864,#1865,#1866,#1867,#1868));
#291=EDGE_LOOP('',(#1869));
#292=EDGE_LOOP('',(#1870));
#293=EDGE_LOOP('',(#1871));
#294=EDGE_LOOP('',(#1872));
#295=EDGE_LOOP('',(#1873,#1874,#1875,#1876));
#296=EDGE_LOOP('',(#1877,#1878,#1879,#1880));
#297=EDGE_LOOP('',(#1881,#1882,#1883,#1884,#1885,#1886,#1887,#1888,#1889,
#1890,#1891,#1892));
#298=EDGE_LOOP('',(#1893,#1894,#1895,#1896,#1897,#1898,#1899,#1900,#1901,
#1902,#1903,#1904,#1905,#1906,#1907,#1908));
#299=EDGE_LOOP('',(#1909,#1910,#1911,#1912));
#300=EDGE_LOOP('',(#1913,#1914,#1915,#1916));
#301=EDGE_LOOP('',(#1917,#1918,#1919,#1920));
#302=EDGE_LOOP('',(#1921,#1922,#1923,#1924));
#303=EDGE_LOOP('',(#1925,#1926,#1927,#1928,#1929,#1930,#1931,#1932,#1933,
#1934,#1935,#1936));
#304=EDGE_LOOP('',(#1937,#1938,#1939,#1940,#1941,#1942,#1943,#1944,#1945,
#1946,#1947,#1948,#1949,#1950,#1951,#1952));
#305=EDGE_LOOP('',(#1953,#1954,#1955,#1956));
#306=EDGE_LOOP('',(#1957,#1958,#1959,#1960));
#307=EDGE_LOOP('',(#1961,#1962,#1963,#1964,#1965));
#308=EDGE_LOOP('',(#1966,#1967,#1968,#1969,#1970,#1971));
#309=EDGE_LOOP('',(#1972,#1973,#1974,#1975,#1976));
#310=EDGE_LOOP('',(#1977,#1978,#1979,#1980,#1981,#1982,#1983,#1984,#1985,
#1986,#1987,#1988));
#311=EDGE_LOOP('',(#1989,#1990,#1991,#1992,#1993,#1994,#1995,#1996,#1997,
#1998,#1999,#2000,#2001,#2002,#2003,#2004,#2005,#2006,#2007,#2008));
#312=EDGE_LOOP('',(#2009,#2010,#2011,#2012,#2013,#2014,#2015,#2016,#2017,
#2018,#2019,#2020,#2021,#2022,#2023,#2024,#2025,#2026,#2027,#2028));
#313=EDGE_LOOP('',(#2029,#2030,#2031,#2032,#2033,#2034,#2035,#2036,#2037,
#2038,#2039,#2040));
#314=EDGE_LOOP('',(#2041,#2042,#2043,#2044,#2045,#2046,#2047,#2048,#2049,
#2050,#2051,#2052,#2053,#2054,#2055,#2056,#2057,#2058,#2059,#2060));
#315=EDGE_LOOP('',(#2061,#2062,#2063,#2064,#2065,#2066,#2067,#2068,#2069,
#2070,#2071,#2072,#2073,#2074,#2075,#2076,#2077,#2078,#2079,#2080));
#316=EDGE_LOOP('',(#2081,#2082,#2083,#2084));
#317=EDGE_LOOP('',(#2085,#2086,#2087,#2088,#2089,#2090,#2091,#2092,#2093,
#2094,#2095,#2096));
#318=EDGE_LOOP('',(#2097,#2098,#2099,#2100,#2101,#2102,#2103,#2104,#2105,
#2106,#2107,#2108,#2109,#2110,#2111,#2112));
#319=EDGE_LOOP('',(#2113,#2114,#2115,#2116));
#320=EDGE_LOOP('',(#2117,#2118,#2119,#2120));
#321=EDGE_LOOP('',(#2121,#2122,#2123,#2124));
#322=EDGE_LOOP('',(#2125,#2126,#2127,#2128));
#323=EDGE_LOOP('',(#2129,#2130,#2131,#2132));
#324=EDGE_LOOP('',(#2133,#2134,#2135,#2136));
#325=EDGE_LOOP('',(#2137,#2138,#2139,#2140));
#326=EDGE_LOOP('',(#2141,#2142,#2143,#2144));
#327=EDGE_LOOP('',(#2145,#2146,#2147,#2148));
#328=EDGE_LOOP('',(#2149,#2150,#2151,#2152));
#329=EDGE_LOOP('',(#2153,#2154,#2155,#2156));
#330=EDGE_LOOP('',(#2157,#2158,#2159,#2160));
#331=EDGE_LOOP('',(#2161,#2162,#2163,#2164));
#332=EDGE_LOOP('',(#2165,#2166,#2167,#2168));
#333=EDGE_LOOP('',(#2169,#2170,#2171,#2172));
#334=EDGE_LOOP('',(#2173,#2174,#2175,#2176));
#335=EDGE_LOOP('',(#2177,#2178,#2179,#2180));
#336=EDGE_LOOP('',(#2181,#2182,#2183,#2184));
#337=EDGE_LOOP('',(#2185,#2186,#2187,#2188));
#338=EDGE_LOOP('',(#2189,#2190,#2191,#2192));
#339=EDGE_LOOP('',(#2193,#2194,#2195,#2196));
#340=EDGE_LOOP('',(#2197,#2198,#2199,#2200));
#341=EDGE_LOOP('',(#2201,#2202,#2203,#2204));
#342=EDGE_LOOP('',(#2205,#2206,#2207,#2208));
#343=EDGE_LOOP('',(#2209,#2210,#2211,#2212));
#344=EDGE_LOOP('',(#2213,#2214,#2215,#2216));
#345=EDGE_LOOP('',(#2217,#2218,#2219,#2220));
#346=EDGE_LOOP('',(#2221,#2222,#2223,#2224));
#347=EDGE_LOOP('',(#2225,#2226,#2227,#2228));
#348=EDGE_LOOP('',(#2229,#2230,#2231,#2232));
#349=EDGE_LOOP('',(#2233,#2234,#2235,#2236));
#350=EDGE_LOOP('',(#2237,#2238,#2239,#2240));
#351=EDGE_LOOP('',(#2241,#2242,#2243,#2244));
#352=EDGE_LOOP('',(#2245,#2246,#2247,#2248));
#353=EDGE_LOOP('',(#2249,#2250,#2251,#2252));
#354=EDGE_LOOP('',(#2253,#2254,#2255,#2256));
#355=EDGE_LOOP('',(#2257,#2258,#2259,#2260));
#356=EDGE_LOOP('',(#2261,#2262,#2263,#2264));
#357=EDGE_LOOP('',(#2265,#2266,#2267,#2268));
#358=EDGE_LOOP('',(#2269,#2270,#2271,#2272));
#359=EDGE_LOOP('',(#2273,#2274,#2275,#2276));
#360=EDGE_LOOP('',(#2277,#2278,#2279,#2280));
#361=EDGE_LOOP('',(#2281,#2282,#2283,#2284));
#362=EDGE_LOOP('',(#2285,#2286,#2287,#2288));
#363=EDGE_LOOP('',(#2289,#2290,#2291,#2292));
#364=EDGE_LOOP('',(#2293,#2294,#2295,#2296));
#365=EDGE_LOOP('',(#2297,#2298,#2299,#2300));
#366=EDGE_LOOP('',(#2301,#2302,#2303,#2304));
#367=EDGE_LOOP('',(#2305,#2306,#2307,#2308));
#368=EDGE_LOOP('',(#2309,#2310,#2311,#2312));
#369=EDGE_LOOP('',(#2313,#2314,#2315,#2316));
#370=EDGE_LOOP('',(#2317,#2318,#2319,#2320));
#371=EDGE_LOOP('',(#2321,#2322,#2323,#2324));
#372=EDGE_LOOP('',(#2325,#2326,#2327,#2328));
#373=EDGE_LOOP('',(#2329,#2330,#2331,#2332));
#374=EDGE_LOOP('',(#2333,#2334,#2335,#2336));
#375=EDGE_LOOP('',(#2337,#2338,#2339,#2340));
#376=EDGE_LOOP('',(#2341,#2342,#2343,#2344));
#377=EDGE_LOOP('',(#2345,#2346,#2347,#2348));
#378=EDGE_LOOP('',(#2349,#2350,#2351,#2352));
#379=EDGE_LOOP('',(#2353,#2354,#2355,#2356));
#380=EDGE_LOOP('',(#2357,#2358,#2359,#2360));
#381=EDGE_LOOP('',(#2361,#2362,#2363,#2364));
#382=EDGE_LOOP('',(#2365,#2366,#2367,#2368));
#383=EDGE_LOOP('',(#2369,#2370,#2371,#2372));
#384=EDGE_LOOP('',(#2373,#2374,#2375,#2376));
#385=EDGE_LOOP('',(#2377,#2378,#2379,#2380));
#386=EDGE_LOOP('',(#2381,#2382,#2383,#2384));
#387=EDGE_LOOP('',(#2385,#2386,#2387,#2388));
#388=EDGE_LOOP('',(#2389,#2390,#2391,#2392));
#389=EDGE_LOOP('',(#2393,#2394,#2395,#2396));
#390=EDGE_LOOP('',(#2397,#2398,#2399,#2400));
#391=EDGE_LOOP('',(#2401,#2402,#2403,#2404));
#392=EDGE_LOOP('',(#2405,#2406,#2407,#2408));
#393=EDGE_LOOP('',(#2409,#2410,#2411,#2412));
#394=EDGE_LOOP('',(#2413,#2414,#2415,#2416));
#395=EDGE_LOOP('',(#2417,#2418,#2419,#2420));
#396=EDGE_LOOP('',(#2421,#2422,#2423,#2424));
#397=EDGE_LOOP('',(#2425,#2426,#2427,#2428));
#398=EDGE_LOOP('',(#2429,#2430,#2431,#2432));
#399=EDGE_LOOP('',(#2433,#2434,#2435,#2436));
#400=EDGE_LOOP('',(#2437,#2438,#2439,#2440));
#401=EDGE_LOOP('',(#2441,#2442,#2443,#2444));
#402=EDGE_LOOP('',(#2445,#2446,#2447,#2448));
#403=EDGE_LOOP('',(#2449,#2450,#2451,#2452));
#404=EDGE_LOOP('',(#2453,#2454,#2455,#2456));
#405=EDGE_LOOP('',(#2457,#2458,#2459,#2460));
#406=EDGE_LOOP('',(#2461,#2462,#2463,#2464));
#407=EDGE_LOOP('',(#2465,#2466,#2467,#2468));
#408=EDGE_LOOP('',(#2469,#2470,#2471,#2472));
#409=EDGE_LOOP('',(#2473,#2474,#2475,#2476));
#410=EDGE_LOOP('',(#2477,#2478,#2479,#2480));
#411=EDGE_LOOP('',(#2481,#2482,#2483,#2484));
#412=EDGE_LOOP('',(#2485,#2486,#2487,#2488));
#413=EDGE_LOOP('',(#2489,#2490,#2491,#2492));
#414=EDGE_LOOP('',(#2493,#2494,#2495,#2496));
#415=EDGE_LOOP('',(#2497,#2498,#2499,#2500));
#416=EDGE_LOOP('',(#2501,#2502,#2503,#2504));
#417=EDGE_LOOP('',(#2505,#2506,#2507,#2508,#2509));
#418=EDGE_LOOP('',(#2510,#2511,#2512,#2513));
#419=EDGE_LOOP('',(#2514,#2515,#2516,#2517));
#420=EDGE_LOOP('',(#2518,#2519,#2520,#2521));
#421=EDGE_LOOP('',(#2522,#2523,#2524,#2525));
#422=EDGE_LOOP('',(#2526,#2527,#2528,#2529));
#423=EDGE_LOOP('',(#2530,#2531,#2532,#2533));
#424=EDGE_LOOP('',(#2534,#2535,#2536,#2537));
#425=EDGE_LOOP('',(#2538,#2539,#2540,#2541));
#426=EDGE_LOOP('',(#2542,#2543,#2544,#2545));
#427=EDGE_LOOP('',(#2546,#2547,#2548,#2549,#2550));
#428=EDGE_LOOP('',(#2551,#2552,#2553,#2554));
#429=EDGE_LOOP('',(#2555,#2556,#2557,#2558));
#430=EDGE_LOOP('',(#2559,#2560,#2561,#2562));
#431=EDGE_LOOP('',(#2563,#2564,#2565,#2566));
#432=EDGE_LOOP('',(#2567,#2568,#2569,#2570));
#433=EDGE_LOOP('',(#2571,#2572,#2573,#2574));
#434=EDGE_LOOP('',(#2575,#2576,#2577,#2578));
#435=EDGE_LOOP('',(#2579,#2580,#2581,#2582));
#436=EDGE_LOOP('',(#2583,#2584,#2585,#2586));
#437=EDGE_LOOP('',(#2587,#2588,#2589,#2590));
#438=EDGE_LOOP('',(#2591,#2592,#2593,#2594));
#439=EDGE_LOOP('',(#2595,#2596,#2597,#2598));
#440=EDGE_LOOP('',(#2599,#2600,#2601,#2602));
#441=EDGE_LOOP('',(#2603,#2604,#2605,#2606));
#442=EDGE_LOOP('',(#2607,#2608,#2609,#2610));
#443=EDGE_LOOP('',(#2611,#2612,#2613,#2614));
#444=EDGE_LOOP('',(#2615,#2616,#2617,#2618,#2619,#2620));
#445=EDGE_LOOP('',(#2621,#2622,#2623,#2624,#2625,#2626,#2627,#2628,#2629,
#2630,#2631,#2632,#2633,#2634));
#446=EDGE_LOOP('',(#2635));
#447=EDGE_LOOP('',(#2636));
#448=EDGE_LOOP('',(#2637));
#449=EDGE_LOOP('',(#2638));
#450=EDGE_LOOP('',(#2639,#2640,#2641,#2642,#2643,#2644,#2645,#2646));
#451=CIRCLE('',#2870,1.68999999999999);
#452=CIRCLE('',#2871,1.68999999999999);
#453=CIRCLE('',#2872,1.5);
#454=CIRCLE('',#2873,10.);
#455=CIRCLE('',#2874,1.49999999999999);
#456=CIRCLE('',#2875,5.59999999999999);
#457=CIRCLE('',#2876,0.360000000000027);
#458=CIRCLE('',#2877,1.6);
#459=CIRCLE('',#2878,0.360000000000045);
#460=CIRCLE('',#2879,5.60000000000001);
#461=CIRCLE('',#2880,0.359999999999997);
#462=CIRCLE('',#2881,1.59999999999999);
#463=CIRCLE('',#2882,0.359999999999987);
#464=CIRCLE('',#2883,5.59999999999999);
#465=CIRCLE('',#2884,0.360000000000027);
#466=CIRCLE('',#2885,1.6);
#467=CIRCLE('',#2886,0.360000000000045);
#468=CIRCLE('',#2887,5.60000000000001);
#469=CIRCLE('',#2888,0.359999999999977);
#470=CIRCLE('',#2889,1.60000000000005);
#471=CIRCLE('',#2890,0.359999999999987);
#472=CIRCLE('',#2892,1.51000000001414);
#473=CIRCLE('',#2893,0.0100000000141365);
#474=CIRCLE('',#2895,1.50999999999499);
#475=CIRCLE('',#2899,1.68999999999999);
#476=CIRCLE('',#2900,1.68999999999999);
#477=CIRCLE('',#2901,0.999999999999982);
#478=CIRCLE('',#2902,1.00000000000002);
#479=CIRCLE('',#2903,1.69000000000001);
#480=CIRCLE('',#2904,1.69);
#481=CIRCLE('',#2905,1.88999999999998);
#482=CIRCLE('',#2906,1.89000000000001);
#483=CIRCLE('',#2907,1.89000000000001);
#484=CIRCLE('',#2908,1.88999999999998);
#485=CIRCLE('',#2909,2.60000000000002);
#486=CIRCLE('',#2910,2.60000000000002);
#487=CIRCLE('',#2911,2.60000000000002);
#488=CIRCLE('',#2912,2.60000000000002);
#489=CIRCLE('',#2915,0.00999999999499384);
#490=CIRCLE('',#2917,1.50000000000002);
#491=CIRCLE('',#2918,10.);
#492=CIRCLE('',#2919,1.49999999999999);
#493=CIRCLE('',#2920,1.69);
#494=CIRCLE('',#2921,1.69);
#495=CIRCLE('',#2922,5.6);
#496=CIRCLE('',#2923,0.359999999999982);
#497=CIRCLE('',#2924,1.6);
#498=CIRCLE('',#2925,0.359999999999976);
#499=CIRCLE('',#2926,5.60000000000001);
#500=CIRCLE('',#2927,0.359999999999995);
#501=CIRCLE('',#2928,1.60000000000001);
#502=CIRCLE('',#2929,0.360000000000005);
#503=CIRCLE('',#2930,5.6);
#504=CIRCLE('',#2931,0.359999999999982);
#505=CIRCLE('',#2932,1.6);
#506=CIRCLE('',#2933,0.359999999999976);
#507=CIRCLE('',#2934,5.60000000000001);
#508=CIRCLE('',#2935,0.360000000000032);
#509=CIRCLE('',#2936,1.6);
#510=CIRCLE('',#2937,0.360000000000005);
#511=CIRCLE('',#2939,1.50999999999499);
#512=CIRCLE('',#2940,0.0099999999950029);
#513=CIRCLE('',#2942,1.51000000000501);
#514=CIRCLE('',#2946,1.49999999999999);
#515=CIRCLE('',#2947,10.);
#516=CIRCLE('',#2948,1.5);
#517=CIRCLE('',#2949,1.68999999999999);
#518=CIRCLE('',#2950,1.68999999999999);
#519=CIRCLE('',#2951,5.59999999999999);
#520=CIRCLE('',#2952,0.359999999999987);
#521=CIRCLE('',#2953,1.60000000000005);
#522=CIRCLE('',#2954,0.359999999999977);
#523=CIRCLE('',#2955,5.60000000000001);
#524=CIRCLE('',#2956,0.360000000000045);
#525=CIRCLE('',#2957,1.6);
#526=CIRCLE('',#2958,0.360000000000027);
#527=CIRCLE('',#2959,5.59999999999999);
#528=CIRCLE('',#2960,0.359999999999987);
#529=CIRCLE('',#2961,1.59999999999999);
#530=CIRCLE('',#2962,0.359999999999997);
#531=CIRCLE('',#2963,5.60000000000001);
#532=CIRCLE('',#2964,0.360000000000045);
#533=CIRCLE('',#2965,1.6);
#534=CIRCLE('',#2966,0.360000000000027);
#535=CIRCLE('',#2969,0.0100000000050215);
#536=CIRCLE('',#2971,1.68999999999997);
#537=CIRCLE('',#2972,1.68999999999997);
#538=CIRCLE('',#2975,1.69000000000001);
#539=CIRCLE('',#2976,1.68999999999997);
#540=CIRCLE('',#2977,1.69000000000001);
#541=CIRCLE('',#2978,1.69);
#542=CIRCLE('',#2979,1.68999999999996);
#543=CIRCLE('',#2980,2.00000000000003);
#544=CIRCLE('',#2981,1.69);
#545=CIRCLE('',#2982,1.68999999999997);
#546=CIRCLE('',#2983,2.00000000000003);
#547=CIRCLE('',#2984,0.889999999999986);
#548=CIRCLE('',#2985,0.889999999999986);
#549=CIRCLE('',#2986,0.889999999999986);
#550=CIRCLE('',#2987,0.889999999999986);
#551=CIRCLE('',#2988,0.889999999999986);
#552=CIRCLE('',#2989,0.889999999999986);
#553=CIRCLE('',#2990,0.889999999999986);
#554=CIRCLE('',#2991,0.889999999999986);
#555=CIRCLE('',#2992,0.889999999999986);
#556=CIRCLE('',#2993,0.889999999999986);
#557=CIRCLE('',#2994,2.00000000000003);
#558=CIRCLE('',#2995,1.69);
#559=CIRCLE('',#2996,1.68999999999997);
#560=CIRCLE('',#2997,2.00000000000003);
#561=CIRCLE('',#2998,0.889999999999986);
#562=CIRCLE('',#2999,0.889999999999986);
#563=CIRCLE('',#3001,1.68999999999996);
#564=CIRCLE('',#3002,1.69);
#565=CIRCLE('',#3003,1.69000000000001);
#566=CIRCLE('',#3004,1.68999999999997);
#567=CIRCLE('',#3005,1.69000000000001);
#568=CIRCLE('',#3006,2.00000000000003);
#569=CIRCLE('',#3007,0.889999999999986);
#570=CIRCLE('',#3008,0.889999999999986);
#571=CIRCLE('',#3009,0.889999999999986);
#572=CIRCLE('',#3010,0.889999999999986);
#573=CIRCLE('',#3011,0.889999999999986);
#574=CIRCLE('',#3012,0.889999999999986);
#575=CIRCLE('',#3013,2.00000000000003);
#576=CIRCLE('',#3014,1.68999999999997);
#577=CIRCLE('',#3015,1.69);
#578=CIRCLE('',#3016,0.889999999999986);
#579=CIRCLE('',#3017,0.889999999999986);
#580=CIRCLE('',#3018,0.889999999999986);
#581=CIRCLE('',#3019,2.00000000000003);
#582=CIRCLE('',#3020,1.68999999999997);
#583=CIRCLE('',#3021,1.69);
#584=CIRCLE('',#3022,2.00000000000003);
#585=CIRCLE('',#3023,0.889999999999986);
#586=CIRCLE('',#3024,0.889999999999986);
#587=CIRCLE('',#3025,0.889999999999986);
#588=CIRCLE('',#3027,0.999999999999982);
#589=CIRCLE('',#3029,1.69);
#590=CIRCLE('',#3030,1.69);
#591=CIRCLE('',#3031,1.49999999999999);
#592=CIRCLE('',#3032,10.);
#593=CIRCLE('',#3033,1.50000000000002);
#594=CIRCLE('',#3034,5.6);
#595=CIRCLE('',#3035,0.360000000000005);
#596=CIRCLE('',#3036,1.6);
#597=CIRCLE('',#3037,0.360000000000032);
#598=CIRCLE('',#3038,5.60000000000001);
#599=CIRCLE('',#3039,0.359999999999976);
#600=CIRCLE('',#3040,1.6);
#601=CIRCLE('',#3041,0.359999999999982);
#602=CIRCLE('',#3042,5.6);
#603=CIRCLE('',#3043,0.360000000000005);
#604=CIRCLE('',#3044,1.60000000000001);
#605=CIRCLE('',#3045,0.359999999999995);
#606=CIRCLE('',#3046,5.60000000000001);
#607=CIRCLE('',#3047,0.359999999999976);
#608=CIRCLE('',#3048,1.6);
#609=CIRCLE('',#3049,0.359999999999982);
#610=CIRCLE('',#3104,1.88999999999998);
#611=CIRCLE('',#3107,1.89000000000001);
#612=CIRCLE('',#3110,1.89000000000001);
#613=CIRCLE('',#3113,1.88999999999998);
#614=CIRCLE('',#3135,2.60000000000002);
#615=CIRCLE('',#3137,2.60000000000002);
#616=CIRCLE('',#3139,2.60000000000002);
#617=CIRCLE('',#3141,2.60000000000002);
#618=CIRCLE('',#3152,1.69);
#619=CIRCLE('',#3155,1.69000000000001);
#620=CIRCLE('',#3157,1.00000000000002);
#621=CIRCLE('',#3169,1.68999999999999);
#622=CIRCLE('',#3172,1.68999999999999);
#623=LINE('',#4071,#865);
#624=LINE('',#4073,#866);
#625=LINE('',#4077,#867);
#626=LINE('',#4081,#868);
#627=LINE('',#4085,#869);
#628=LINE('',#4089,#870);
#629=LINE('',#4092,#871);
#630=LINE('',#4127,#872);
#631=LINE('',#4131,#873);
#632=LINE('',#4135,#874);
#633=LINE('',#4138,#875);
#634=LINE('',#4140,#876);
#635=LINE('',#4142,#877);
#636=LINE('',#4143,#878);
#637=LINE('',#4146,#879);
#638=LINE('',#4147,#880);
#639=LINE('',#4150,#881);
#640=LINE('',#4152,#882);
#641=LINE('',#4154,#883);
#642=LINE('',#4158,#884);
#643=LINE('',#4164,#885);
#644=LINE('',#4170,#886);
#645=LINE('',#4173,#887);
#646=LINE('',#4178,#888);
#647=LINE('',#4182,#889);
#648=LINE('',#4186,#890);
#649=LINE('',#4189,#891);
#650=LINE('',#4200,#892);
#651=LINE('',#4202,#893);
#652=LINE('',#4203,#894);
#653=LINE('',#4205,#895);
#654=LINE('',#4210,#896);
#655=LINE('',#4212,#897);
#656=LINE('',#4216,#898);
#657=LINE('',#4220,#899);
#658=LINE('',#4224,#900);
#659=LINE('',#4228,#901);
#660=LINE('',#4231,#902);
#661=LINE('',#4266,#903);
#662=LINE('',#4271,#904);
#663=LINE('',#4274,#905);
#664=LINE('',#4276,#906);
#665=LINE('',#4277,#907);
#666=LINE('',#4280,#908);
#667=LINE('',#4281,#909);
#668=LINE('',#4286,#910);
#669=LINE('',#4290,#911);
#670=LINE('',#4294,#912);
#671=LINE('',#4298,#913);
#672=LINE('',#4334,#914);
#673=LINE('',#4336,#915);
#674=LINE('',#4337,#916);
#675=LINE('',#4339,#917);
#676=LINE('',#4344,#918);
#677=LINE('',#4346,#919);
#678=LINE('',#4350,#920);
#679=LINE('',#4354,#921);
#680=LINE('',#4367,#922);
#681=LINE('',#4396,#923);
#682=LINE('',#4402,#924);
#683=LINE('',#4403,#925);
#684=LINE('',#4405,#926);
#685=LINE('',#4409,#927);
#686=LINE('',#4413,#928);
#687=LINE('',#4417,#929);
#688=LINE('',#4421,#930);
#689=LINE('',#4424,#931);
#690=LINE('',#4429,#932);
#691=LINE('',#4433,#933);
#692=LINE('',#4437,#934);
#693=LINE('',#4441,#935);
#694=LINE('',#4445,#936);
#695=LINE('',#4449,#937);
#696=LINE('',#4453,#938);
#697=LINE('',#4457,#939);
#698=LINE('',#4461,#940);
#699=LINE('',#4464,#941);
#700=LINE('',#4469,#942);
#701=LINE('',#4473,#943);
#702=LINE('',#4477,#944);
#703=LINE('',#4481,#945);
#704=LINE('',#4485,#946);
#705=LINE('',#4489,#947);
#706=LINE('',#4493,#948);
#707=LINE('',#4497,#949);
#708=LINE('',#4501,#950);
#709=LINE('',#4504,#951);
#710=LINE('',#4507,#952);
#711=LINE('',#4511,#953);
#712=LINE('',#4515,#954);
#713=LINE('',#4519,#955);
#714=LINE('',#4523,#956);
#715=LINE('',#4529,#957);
#716=LINE('',#4533,#958);
#717=LINE('',#4537,#959);
#718=LINE('',#4541,#960);
#719=LINE('',#4545,#961);
#720=LINE('',#4549,#962);
#721=LINE('',#4553,#963);
#722=LINE('',#4557,#964);
#723=LINE('',#4561,#965);
#724=LINE('',#4564,#966);
#725=LINE('',#4569,#967);
#726=LINE('',#4573,#968);
#727=LINE('',#4577,#969);
#728=LINE('',#4581,#970);
#729=LINE('',#4585,#971);
#730=LINE('',#4589,#972);
#731=LINE('',#4593,#973);
#732=LINE('',#4597,#974);
#733=LINE('',#4601,#975);
#734=LINE('',#4604,#976);
#735=LINE('',#4606,#977);
#736=LINE('',#4608,#978);
#737=LINE('',#4614,#979);
#738=LINE('',#4618,#980);
#739=LINE('',#4622,#981);
#740=LINE('',#4626,#982);
#741=LINE('',#4680,#983);
#742=LINE('',#4702,#984);
#743=LINE('',#4704,#985);
#744=LINE('',#4705,#986);
#745=LINE('',#4707,#987);
#746=LINE('',#4709,#988);
#747=LINE('',#4711,#989);
#748=LINE('',#4713,#990);
#749=LINE('',#4715,#991);
#750=LINE('',#4717,#992);
#751=LINE('',#4719,#993);
#752=LINE('',#4721,#994);
#753=LINE('',#4723,#995);
#754=LINE('',#4725,#996);
#755=LINE('',#4727,#997);
#756=LINE('',#4729,#998);
#757=LINE('',#4731,#999);
#758=LINE('',#4733,#1000);
#759=LINE('',#4735,#1001);
#760=LINE('',#4737,#1002);
#761=LINE('',#4739,#1003);
#762=LINE('',#4741,#1004);
#763=LINE('',#4744,#1005);
#764=LINE('',#4745,#1006);
#765=LINE('',#4747,#1007);
#766=LINE('',#4749,#1008);
#767=LINE('',#4751,#1009);
#768=LINE('',#4753,#1010);
#769=LINE('',#4755,#1011);
#770=LINE('',#4757,#1012);
#771=LINE('',#4759,#1013);
#772=LINE('',#4761,#1014);
#773=LINE('',#4763,#1015);
#774=LINE('',#4765,#1016);
#775=LINE('',#4767,#1017);
#776=LINE('',#4769,#1018);
#777=LINE('',#4771,#1019);
#778=LINE('',#4773,#1020);
#779=LINE('',#4776,#1021);
#780=LINE('',#4777,#1022);
#781=LINE('',#4779,#1023);
#782=LINE('',#4781,#1024);
#783=LINE('',#4783,#1025);
#784=LINE('',#4785,#1026);
#785=LINE('',#4787,#1027);
#786=LINE('',#4789,#1028);
#787=LINE('',#4791,#1029);
#788=LINE('',#4793,#1030);
#789=LINE('',#4795,#1031);
#790=LINE('',#4797,#1032);
#791=LINE('',#4799,#1033);
#792=LINE('',#4801,#1034);
#793=LINE('',#4803,#1035);
#794=LINE('',#4805,#1036);
#795=LINE('',#4810,#1037);
#796=LINE('',#4811,#1038);
#797=LINE('',#4812,#1039);
#798=LINE('',#4816,#1040);
#799=LINE('',#4819,#1041);
#800=LINE('',#4820,#1042);
#801=LINE('',#4824,#1043);
#802=LINE('',#4827,#1044);
#803=LINE('',#4828,#1045);
#804=LINE('',#4832,#1046);
#805=LINE('',#4835,#1047);
#806=LINE('',#4836,#1048);
#807=LINE('',#4840,#1049);
#808=LINE('',#4841,#1050);
#809=LINE('',#4843,#1051);
#810=LINE('',#4845,#1052);
#811=LINE('',#4847,#1053);
#812=LINE('',#4849,#1054);
#813=LINE('',#4851,#1055);
#814=LINE('',#4853,#1056);
#815=LINE('',#4855,#1057);
#816=LINE('',#4857,#1058);
#817=LINE('',#4859,#1059);
#818=LINE('',#4861,#1060);
#819=LINE('',#4863,#1061);
#820=LINE('',#4865,#1062);
#821=LINE('',#4867,#1063);
#822=LINE('',#4869,#1064);
#823=LINE('',#4871,#1065);
#824=LINE('',#4873,#1066);
#825=LINE('',#4875,#1067);
#826=LINE('',#4877,#1068);
#827=LINE('',#4882,#1069);
#828=LINE('',#4886,#1070);
#829=LINE('',#4890,#1071);
#830=LINE('',#4894,#1072);
#831=LINE('',#4896,#1073);
#832=LINE('',#4897,#1074);
#833=LINE('',#4899,#1075);
#834=LINE('',#4901,#1076);
#835=LINE('',#4903,#1077);
#836=LINE('',#4905,#1078);
#837=LINE('',#4907,#1079);
#838=LINE('',#4909,#1080);
#839=LINE('',#4913,#1081);
#840=LINE('',#4914,#1082);
#841=LINE('',#4918,#1083);
#842=LINE('',#4921,#1084);
#843=LINE('',#4922,#1085);
#844=LINE('',#4926,#1086);
#845=LINE('',#4950,#1087);
#846=LINE('',#4952,#1088);
#847=LINE('',#4954,#1089);
#848=LINE('',#4956,#1090);
#849=LINE('',#4958,#1091);
#850=LINE('',#4960,#1092);
#851=LINE('',#4962,#1093);
#852=LINE('',#4964,#1094);
#853=LINE('',#4966,#1095);
#854=LINE('',#5011,#1096);
#855=LINE('',#5014,#1097);
#856=LINE('',#5015,#1098);
#857=LINE('',#5020,#1099);
#858=LINE('',#5022,#1100);
#859=LINE('',#5024,#1101);
#860=LINE('',#5026,#1102);
#861=LINE('',#5028,#1103);
#862=LINE('',#5030,#1104);
#863=LINE('',#5032,#1105);
#864=LINE('',#5034,#1106);
#865=VECTOR('',#3191,10.);
#866=VECTOR('',#3192,10.);
#867=VECTOR('',#3195,10.);
#868=VECTOR('',#3198,10.);
#869=VECTOR('',#3201,10.);
#870=VECTOR('',#3204,10.);
#871=VECTOR('',#3207,10.);
#872=VECTOR('',#3242,10.);
#873=VECTOR('',#3245,10.);
#874=VECTOR('',#3250,10.);
#875=VECTOR('',#3253,10.);
#876=VECTOR('',#3256,10.);
#877=VECTOR('',#3257,10.);
#878=VECTOR('',#3258,10.);
#879=VECTOR('',#3261,10.);
#880=VECTOR('',#3262,10.);
#881=VECTOR('',#3265,10.);
#882=VECTOR('',#3266,10.);
#883=VECTOR('',#3267,10.);
#884=VECTOR('',#3270,10.);
#885=VECTOR('',#3275,10.);
#886=VECTOR('',#3280,10.);
#887=VECTOR('',#3283,10.);
#888=VECTOR('',#3286,10.);
#889=VECTOR('',#3289,10.);
#890=VECTOR('',#3292,10.);
#891=VECTOR('',#3295,10.);
#892=VECTOR('',#3306,10.);
#893=VECTOR('',#3307,10.);
#894=VECTOR('',#3308,10.);
#895=VECTOR('',#3311,10.);
#896=VECTOR('',#3316,10.);
#897=VECTOR('',#3317,10.);
#898=VECTOR('',#3320,10.);
#899=VECTOR('',#3323,10.);
#900=VECTOR('',#3326,10.);
#901=VECTOR('',#3329,10.);
#902=VECTOR('',#3332,10.);
#903=VECTOR('',#3367,10.);
#904=VECTOR('',#3374,10.);
#905=VECTOR('',#3379,10.);
#906=VECTOR('',#3380,10.);
#907=VECTOR('',#3381,10.);
#908=VECTOR('',#3384,10.);
#909=VECTOR('',#3385,10.);
#910=VECTOR('',#3390,10.);
#911=VECTOR('',#3393,10.);
#912=VECTOR('',#3396,10.);
#913=VECTOR('',#3399,10.);
#914=VECTOR('',#3436,10.);
#915=VECTOR('',#3437,10.);
#916=VECTOR('',#3438,10.);
#917=VECTOR('',#3441,10.);
#918=VECTOR('',#3446,10.);
#919=VECTOR('',#3447,10.);
#920=VECTOR('',#3450,10.);
#921=VECTOR('',#3455,10.);
#922=VECTOR('',#3456,10.);
#923=VECTOR('',#3457,10.);
#924=VECTOR('',#3458,10.);
#925=VECTOR('',#3459,10.);
#926=VECTOR('',#3462,10.);
#927=VECTOR('',#3465,10.);
#928=VECTOR('',#3468,10.);
#929=VECTOR('',#3471,10.);
#930=VECTOR('',#3474,10.);
#931=VECTOR('',#3477,10.);
#932=VECTOR('',#3480,10.);
#933=VECTOR('',#3483,10.);
#934=VECTOR('',#3486,10.);
#935=VECTOR('',#3489,10.);
#936=VECTOR('',#3492,10.);
#937=VECTOR('',#3495,10.);
#938=VECTOR('',#3498,10.);
#939=VECTOR('',#3501,10.);
#940=VECTOR('',#3504,10.);
#941=VECTOR('',#3507,10.);
#942=VECTOR('',#3510,10.);
#943=VECTOR('',#3513,10.);
#944=VECTOR('',#3516,10.);
#945=VECTOR('',#3519,10.);
#946=VECTOR('',#3522,10.);
#947=VECTOR('',#3525,10.);
#948=VECTOR('',#3528,10.);
#949=VECTOR('',#3531,10.);
#950=VECTOR('',#3534,10.);
#951=VECTOR('',#3537,10.);
#952=VECTOR('',#3540,10.);
#953=VECTOR('',#3543,10.);
#954=VECTOR('',#3546,10.);
#955=VECTOR('',#3549,10.);
#956=VECTOR('',#3552,10.);
#957=VECTOR('',#3557,10.);
#958=VECTOR('',#3560,10.);
#959=VECTOR('',#3563,10.);
#960=VECTOR('',#3566,10.);
#961=VECTOR('',#3569,10.);
#962=VECTOR('',#3572,10.);
#963=VECTOR('',#3575,10.);
#964=VECTOR('',#3578,10.);
#965=VECTOR('',#3581,10.);
#966=VECTOR('',#3584,10.);
#967=VECTOR('',#3587,10.);
#968=VECTOR('',#3590,10.);
#969=VECTOR('',#3593,10.);
#970=VECTOR('',#3596,10.);
#971=VECTOR('',#3599,10.);
#972=VECTOR('',#3602,10.);
#973=VECTOR('',#3605,10.);
#974=VECTOR('',#3608,10.);
#975=VECTOR('',#3611,10.);
#976=VECTOR('',#3614,10.);
#977=VECTOR('',#3617,10.);
#978=VECTOR('',#3618,10.);
#979=VECTOR('',#3625,10.);
#980=VECTOR('',#3628,10.);
#981=VECTOR('',#3631,10.);
#982=VECTOR('',#3634,10.);
#983=VECTOR('',#3669,10.);
#984=VECTOR('',#3670,10.);
#985=VECTOR('',#3673,10.);
#986=VECTOR('',#3674,10.);
#987=VECTOR('',#3677,10.);
#988=VECTOR('',#3680,10.);
#989=VECTOR('',#3683,10.);
#990=VECTOR('',#3686,10.);
#991=VECTOR('',#3689,10.);
#992=VECTOR('',#3692,10.);
#993=VECTOR('',#3695,10.);
#994=VECTOR('',#3698,10.);
#995=VECTOR('',#3701,10.);
#996=VECTOR('',#3704,10.);
#997=VECTOR('',#3707,10.);
#998=VECTOR('',#3710,10.);
#999=VECTOR('',#3713,10.);
#1000=VECTOR('',#3716,10.);
#1001=VECTOR('',#3719,10.);
#1002=VECTOR('',#3722,10.);
#1003=VECTOR('',#3725,10.);
#1004=VECTOR('',#3728,10.);
#1005=VECTOR('',#3733,10.);
#1006=VECTOR('',#3734,10.);
#1007=VECTOR('',#3737,10.);
#1008=VECTOR('',#3740,10.);
#1009=VECTOR('',#3743,10.);
#1010=VECTOR('',#3746,10.);
#1011=VECTOR('',#3749,10.);
#1012=VECTOR('',#3752,10.);
#1013=VECTOR('',#3755,10.);
#1014=VECTOR('',#3758,10.);
#1015=VECTOR('',#3761,10.);
#1016=VECTOR('',#3764,10.);
#1017=VECTOR('',#3767,10.);
#1018=VECTOR('',#3770,10.);
#1019=VECTOR('',#3773,10.);
#1020=VECTOR('',#3776,10.);
#1021=VECTOR('',#3781,10.);
#1022=VECTOR('',#3782,10.);
#1023=VECTOR('',#3785,10.);
#1024=VECTOR('',#3788,10.);
#1025=VECTOR('',#3791,10.);
#1026=VECTOR('',#3794,10.);
#1027=VECTOR('',#3797,10.);
#1028=VECTOR('',#3800,10.);
#1029=VECTOR('',#3803,10.);
#1030=VECTOR('',#3806,10.);
#1031=VECTOR('',#3809,10.);
#1032=VECTOR('',#3812,10.);
#1033=VECTOR('',#3815,10.);
#1034=VECTOR('',#3818,10.);
#1035=VECTOR('',#3821,10.);
#1036=VECTOR('',#3824,10.);
#1037=VECTOR('',#3829,10.);
#1038=VECTOR('',#3830,10.);
#1039=VECTOR('',#3831,10.);
#1040=VECTOR('',#3836,10.);
#1041=VECTOR('',#3839,10.);
#1042=VECTOR('',#3840,10.);
#1043=VECTOR('',#3845,10.);
#1044=VECTOR('',#3848,10.);
#1045=VECTOR('',#3849,10.);
#1046=VECTOR('',#3854,10.);
#1047=VECTOR('',#3857,10.);
#1048=VECTOR('',#3858,10.);
#1049=VECTOR('',#3865,10.);
#1050=VECTOR('',#3866,10.);
#1051=VECTOR('',#3869,10.);
#1052=VECTOR('',#3872,10.);
#1053=VECTOR('',#3875,10.);
#1054=VECTOR('',#3878,10.);
#1055=VECTOR('',#3881,10.);
#1056=VECTOR('',#3884,10.);
#1057=VECTOR('',#3887,10.);
#1058=VECTOR('',#3890,10.);
#1059=VECTOR('',#3893,10.);
#1060=VECTOR('',#3896,10.);
#1061=VECTOR('',#3899,10.);
#1062=VECTOR('',#3902,10.);
#1063=VECTOR('',#3905,10.);
#1064=VECTOR('',#3908,10.);
#1065=VECTOR('',#3911,10.);
#1066=VECTOR('',#3914,10.);
#1067=VECTOR('',#3917,10.);
#1068=VECTOR('',#3920,10.);
#1069=VECTOR('',#3927,2.60000000000002);
#1070=VECTOR('',#3932,2.60000000000002);
#1071=VECTOR('',#3937,2.60000000000002);
#1072=VECTOR('',#3942,2.60000000000002);
#1073=VECTOR('',#3945,10.);
#1074=VECTOR('',#3946,10.);
#1075=VECTOR('',#3949,10.);
#1076=VECTOR('',#3952,10.);
#1077=VECTOR('',#3955,10.);
#1078=VECTOR('',#3958,10.);
#1079=VECTOR('',#3961,10.);
#1080=VECTOR('',#3964,10.);
#1081=VECTOR('',#3969,10.);
#1082=VECTOR('',#3970,10.);
#1083=VECTOR('',#3975,10.);
#1084=VECTOR('',#3978,10.);
#1085=VECTOR('',#3979,10.);
#1086=VECTOR('',#3984,10.);
#1087=VECTOR('',#3991,10.);
#1088=VECTOR('',#3994,10.);
#1089=VECTOR('',#3997,10.);
#1090=VECTOR('',#4000,10.);
#1091=VECTOR('',#4003,10.);
#1092=VECTOR('',#4006,10.);
#1093=VECTOR('',#4009,10.);
#1094=VECTOR('',#4012,10.);
#1095=VECTOR('',#4015,10.);
#1096=VECTOR('',#4022,10.);
#1097=VECTOR('',#4025,10.);
#1098=VECTOR('',#4026,10.);
#1099=VECTOR('',#4035,10.);
#1100=VECTOR('',#4038,10.);
#1101=VECTOR('',#4041,10.);
#1102=VECTOR('',#4044,10.);
#1103=VECTOR('',#4047,10.);
#1104=VECTOR('',#4050,10.);
#1105=VECTOR('',#4053,10.);
#1106=VECTOR('',#4056,10.);
#1107=VERTEX_POINT('',#4069);
#1108=VERTEX_POINT('',#4070);
#1109=VERTEX_POINT('',#4072);
#1110=VERTEX_POINT('',#4074);
#1111=VERTEX_POINT('',#4076);
#1112=VERTEX_POINT('',#4078);
#1113=VERTEX_POINT('',#4080);
#1114=VERTEX_POINT('',#4082);
#1115=VERTEX_POINT('',#4084);
#1116=VERTEX_POINT('',#4086);
#1117=VERTEX_POINT('',#4088);
#1118=VERTEX_POINT('',#4090);
#1119=VERTEX_POINT('',#4093);
#1120=VERTEX_POINT('',#4094);
#1121=VERTEX_POINT('',#4096);
#1122=VERTEX_POINT('',#4098);
#1123=VERTEX_POINT('',#4100);
#1124=VERTEX_POINT('',#4102);
#1125=VERTEX_POINT('',#4104);
#1126=VERTEX_POINT('',#4106);
#1127=VERTEX_POINT('',#4108);
#1128=VERTEX_POINT('',#4110);
#1129=VERTEX_POINT('',#4112);
#1130=VERTEX_POINT('',#4114);
#1131=VERTEX_POINT('',#4116);
#1132=VERTEX_POINT('',#4118);
#1133=VERTEX_POINT('',#4120);
#1134=VERTEX_POINT('',#4122);
#1135=VERTEX_POINT('',#4126);
#1136=VERTEX_POINT('',#4128);
#1137=VERTEX_POINT('',#4130);
#1138=VERTEX_POINT('',#4134);
#1139=VERTEX_POINT('',#4136);
#1140=VERTEX_POINT('',#4141);
#1141=VERTEX_POINT('',#4145);
#1142=VERTEX_POINT('',#4149);
#1143=VERTEX_POINT('',#4151);
#1144=VERTEX_POINT('',#4153);
#1145=VERTEX_POINT('',#4155);
#1146=VERTEX_POINT('',#4157);
#1147=VERTEX_POINT('',#4159);
#1148=VERTEX_POINT('',#4161);
#1149=VERTEX_POINT('',#4163);
#1150=VERTEX_POINT('',#4165);
#1151=VERTEX_POINT('',#4167);
#1152=VERTEX_POINT('',#4169);
#1153=VERTEX_POINT('',#4171);
#1154=VERTEX_POINT('',#4174);
#1155=VERTEX_POINT('',#4175);
#1156=VERTEX_POINT('',#4177);
#1157=VERTEX_POINT('',#4179);
#1158=VERTEX_POINT('',#4181);
#1159=VERTEX_POINT('',#4183);
#1160=VERTEX_POINT('',#4185);
#1161=VERTEX_POINT('',#4187);
#1162=VERTEX_POINT('',#4190);
#1163=VERTEX_POINT('',#4192);
#1164=VERTEX_POINT('',#4194);
#1165=VERTEX_POINT('',#4196);
#1166=VERTEX_POINT('',#4199);
#1167=VERTEX_POINT('',#4201);
#1168=VERTEX_POINT('',#4208);
#1169=VERTEX_POINT('',#4209);
#1170=VERTEX_POINT('',#4211);
#1171=VERTEX_POINT('',#4213);
#1172=VERTEX_POINT('',#4215);
#1173=VERTEX_POINT('',#4217);
#1174=VERTEX_POINT('',#4219);
#1175=VERTEX_POINT('',#4221);
#1176=VERTEX_POINT('',#4223);
#1177=VERTEX_POINT('',#4225);
#1178=VERTEX_POINT('',#4227);
#1179=VERTEX_POINT('',#4229);
#1180=VERTEX_POINT('',#4232);
#1181=VERTEX_POINT('',#4233);
#1182=VERTEX_POINT('',#4235);
#1183=VERTEX_POINT('',#4237);
#1184=VERTEX_POINT('',#4239);
#1185=VERTEX_POINT('',#4241);
#1186=VERTEX_POINT('',#4243);
#1187=VERTEX_POINT('',#4245);
#1188=VERTEX_POINT('',#4247);
#1189=VERTEX_POINT('',#4249);
#1190=VERTEX_POINT('',#4251);
#1191=VERTEX_POINT('',#4253);
#1192=VERTEX_POINT('',#4255);
#1193=VERTEX_POINT('',#4257);
#1194=VERTEX_POINT('',#4259);
#1195=VERTEX_POINT('',#4261);
#1196=VERTEX_POINT('',#4265);
#1197=VERTEX_POINT('',#4270);
#1198=VERTEX_POINT('',#4275);
#1199=VERTEX_POINT('',#4279);
#1200=VERTEX_POINT('',#4283);
#1201=VERTEX_POINT('',#4285);
#1202=VERTEX_POINT('',#4287);
#1203=VERTEX_POINT('',#4289);
#1204=VERTEX_POINT('',#4291);
#1205=VERTEX_POINT('',#4293);
#1206=VERTEX_POINT('',#4295);
#1207=VERTEX_POINT('',#4297);
#1208=VERTEX_POINT('',#4300);
#1209=VERTEX_POINT('',#4301);
#1210=VERTEX_POINT('',#4303);
#1211=VERTEX_POINT('',#4305);
#1212=VERTEX_POINT('',#4307);
#1213=VERTEX_POINT('',#4309);
#1214=VERTEX_POINT('',#4311);
#1215=VERTEX_POINT('',#4313);
#1216=VERTEX_POINT('',#4315);
#1217=VERTEX_POINT('',#4317);
#1218=VERTEX_POINT('',#4319);
#1219=VERTEX_POINT('',#4321);
#1220=VERTEX_POINT('',#4323);
#1221=VERTEX_POINT('',#4325);
#1222=VERTEX_POINT('',#4327);
#1223=VERTEX_POINT('',#4329);
#1224=VERTEX_POINT('',#4333);
#1225=VERTEX_POINT('',#4335);
#1226=VERTEX_POINT('',#4342);
#1227=VERTEX_POINT('',#4343);
#1228=VERTEX_POINT('',#4345);
#1229=VERTEX_POINT('',#4347);
#1230=VERTEX_POINT('',#4349);
#1231=VERTEX_POINT('',#4353);
#1232=VERTEX_POINT('',#4355);
#1233=VERTEX_POINT('',#4360);
#1234=VERTEX_POINT('',#4366);
#1235=VERTEX_POINT('',#4368);
#1236=VERTEX_POINT('',#4394);
#1237=VERTEX_POINT('',#4395);
#1238=VERTEX_POINT('',#4397);
#1239=VERTEX_POINT('',#4406);
#1240=VERTEX_POINT('',#4408);
#1241=VERTEX_POINT('',#4410);
#1242=VERTEX_POINT('',#4412);
#1243=VERTEX_POINT('',#4414);
#1244=VERTEX_POINT('',#4416);
#1245=VERTEX_POINT('',#4418);
#1246=VERTEX_POINT('',#4420);
#1247=VERTEX_POINT('',#4422);
#1248=VERTEX_POINT('',#4425);
#1249=VERTEX_POINT('',#4426);
#1250=VERTEX_POINT('',#4428);
#1251=VERTEX_POINT('',#4430);
#1252=VERTEX_POINT('',#4432);
#1253=VERTEX_POINT('',#4434);
#1254=VERTEX_POINT('',#4436);
#1255=VERTEX_POINT('',#4438);
#1256=VERTEX_POINT('',#4440);
#1257=VERTEX_POINT('',#4442);
#1258=VERTEX_POINT('',#4444);
#1259=VERTEX_POINT('',#4446);
#1260=VERTEX_POINT('',#4448);
#1261=VERTEX_POINT('',#4450);
#1262=VERTEX_POINT('',#4452);
#1263=VERTEX_POINT('',#4454);
#1264=VERTEX_POINT('',#4456);
#1265=VERTEX_POINT('',#4458);
#1266=VERTEX_POINT('',#4460);
#1267=VERTEX_POINT('',#4462);
#1268=VERTEX_POINT('',#4465);
#1269=VERTEX_POINT('',#4466);
#1270=VERTEX_POINT('',#4468);
#1271=VERTEX_POINT('',#4470);
#1272=VERTEX_POINT('',#4472);
#1273=VERTEX_POINT('',#4474);
#1274=VERTEX_POINT('',#4476);
#1275=VERTEX_POINT('',#4478);
#1276=VERTEX_POINT('',#4480);
#1277=VERTEX_POINT('',#4482);
#1278=VERTEX_POINT('',#4484);
#1279=VERTEX_POINT('',#4486);
#1280=VERTEX_POINT('',#4488);
#1281=VERTEX_POINT('',#4490);
#1282=VERTEX_POINT('',#4492);
#1283=VERTEX_POINT('',#4494);
#1284=VERTEX_POINT('',#4496);
#1285=VERTEX_POINT('',#4498);
#1286=VERTEX_POINT('',#4500);
#1287=VERTEX_POINT('',#4502);
#1288=VERTEX_POINT('',#4506);
#1289=VERTEX_POINT('',#4508);
#1290=VERTEX_POINT('',#4510);
#1291=VERTEX_POINT('',#4512);
#1292=VERTEX_POINT('',#4514);
#1293=VERTEX_POINT('',#4516);
#1294=VERTEX_POINT('',#4518);
#1295=VERTEX_POINT('',#4520);
#1296=VERTEX_POINT('',#4522);
#1297=VERTEX_POINT('',#4525);
#1298=VERTEX_POINT('',#4526);
#1299=VERTEX_POINT('',#4528);
#1300=VERTEX_POINT('',#4530);
#1301=VERTEX_POINT('',#4532);
#1302=VERTEX_POINT('',#4534);
#1303=VERTEX_POINT('',#4536);
#1304=VERTEX_POINT('',#4538);
#1305=VERTEX_POINT('',#4540);
#1306=VERTEX_POINT('',#4542);
#1307=VERTEX_POINT('',#4544);
#1308=VERTEX_POINT('',#4546);
#1309=VERTEX_POINT('',#4548);
#1310=VERTEX_POINT('',#4550);
#1311=VERTEX_POINT('',#4552);
#1312=VERTEX_POINT('',#4554);
#1313=VERTEX_POINT('',#4556);
#1314=VERTEX_POINT('',#4558);
#1315=VERTEX_POINT('',#4560);
#1316=VERTEX_POINT('',#4562);
#1317=VERTEX_POINT('',#4565);
#1318=VERTEX_POINT('',#4566);
#1319=VERTEX_POINT('',#4568);
#1320=VERTEX_POINT('',#4570);
#1321=VERTEX_POINT('',#4572);
#1322=VERTEX_POINT('',#4574);
#1323=VERTEX_POINT('',#4576);
#1324=VERTEX_POINT('',#4578);
#1325=VERTEX_POINT('',#4580);
#1326=VERTEX_POINT('',#4582);
#1327=VERTEX_POINT('',#4584);
#1328=VERTEX_POINT('',#4586);
#1329=VERTEX_POINT('',#4588);
#1330=VERTEX_POINT('',#4590);
#1331=VERTEX_POINT('',#4592);
#1332=VERTEX_POINT('',#4594);
#1333=VERTEX_POINT('',#4596);
#1334=VERTEX_POINT('',#4598);
#1335=VERTEX_POINT('',#4600);
#1336=VERTEX_POINT('',#4602);
#1337=VERTEX_POINT('',#4607);
#1338=VERTEX_POINT('',#4611);
#1339=VERTEX_POINT('',#4613);
#1340=VERTEX_POINT('',#4615);
#1341=VERTEX_POINT('',#4617);
#1342=VERTEX_POINT('',#4619);
#1343=VERTEX_POINT('',#4621);
#1344=VERTEX_POINT('',#4623);
#1345=VERTEX_POINT('',#4625);
#1346=VERTEX_POINT('',#4628);
#1347=VERTEX_POINT('',#4629);
#1348=VERTEX_POINT('',#4631);
#1349=VERTEX_POINT('',#4633);
#1350=VERTEX_POINT('',#4635);
#1351=VERTEX_POINT('',#4637);
#1352=VERTEX_POINT('',#4639);
#1353=VERTEX_POINT('',#4641);
#1354=VERTEX_POINT('',#4643);
#1355=VERTEX_POINT('',#4645);
#1356=VERTEX_POINT('',#4647);
#1357=VERTEX_POINT('',#4649);
#1358=VERTEX_POINT('',#4651);
#1359=VERTEX_POINT('',#4653);
#1360=VERTEX_POINT('',#4655);
#1361=VERTEX_POINT('',#4657);
#1362=VERTEX_POINT('',#4681);
#1363=VERTEX_POINT('',#4808);
#1364=VERTEX_POINT('',#4809);
#1365=VERTEX_POINT('',#4814);
#1366=VERTEX_POINT('',#4818);
#1367=VERTEX_POINT('',#4822);
#1368=VERTEX_POINT('',#4826);
#1369=VERTEX_POINT('',#4830);
#1370=VERTEX_POINT('',#4834);
#1371=VERTEX_POINT('',#4880);
#1372=VERTEX_POINT('',#4884);
#1373=VERTEX_POINT('',#4888);
#1374=VERTEX_POINT('',#4892);
#1375=VERTEX_POINT('',#4912);
#1376=VERTEX_POINT('',#4916);
#1377=VERTEX_POINT('',#4920);
#1378=VERTEX_POINT('',#4924);
#1379=VERTEX_POINT('',#5009);
#1380=VERTEX_POINT('',#5013);
#1381=EDGE_CURVE('',#1107,#1108,#623,.T.);
#1382=EDGE_CURVE('',#1108,#1109,#624,.T.);
#1383=EDGE_CURVE('',#1110,#1109,#451,.T.);
#1384=EDGE_CURVE('',#1110,#1111,#625,.T.);
#1385=EDGE_CURVE('',#1111,#1112,#452,.T.);
#1386=EDGE_CURVE('',#1112,#1113,#626,.T.);
#1387=EDGE_CURVE('',#1114,#1113,#453,.T.);
#1388=EDGE_CURVE('',#1115,#1114,#627,.T.);
#1389=EDGE_CURVE('',#1116,#1115,#454,.T.);
#1390=EDGE_CURVE('',#1116,#1117,#628,.T.);
#1391=EDGE_CURVE('',#1118,#1117,#455,.T.);
#1392=EDGE_CURVE('',#1107,#1118,#629,.T.);
#1393=EDGE_CURVE('',#1119,#1120,#456,.T.);
#1394=EDGE_CURVE('',#1121,#1119,#457,.T.);
#1395=EDGE_CURVE('',#1122,#1121,#458,.T.);
#1396=EDGE_CURVE('',#1123,#1122,#459,.T.);
#1397=EDGE_CURVE('',#1124,#1123,#460,.T.);
#1398=EDGE_CURVE('',#1125,#1124,#461,.T.);
#1399=EDGE_CURVE('',#1126,#1125,#462,.T.);
#1400=EDGE_CURVE('',#1127,#1126,#463,.T.);
#1401=EDGE_CURVE('',#1128,#1127,#464,.T.);
#1402=EDGE_CURVE('',#1129,#1128,#465,.T.);
#1403=EDGE_CURVE('',#1130,#1129,#466,.T.);
#1404=EDGE_CURVE('',#1131,#1130,#467,.T.);
#1405=EDGE_CURVE('',#1132,#1131,#468,.T.);
#1406=EDGE_CURVE('',#1133,#1132,#469,.T.);
#1407=EDGE_CURVE('',#1134,#1133,#470,.T.);
#1408=EDGE_CURVE('',#1120,#1134,#471,.T.);
#1409=EDGE_CURVE('',#1135,#1107,#630,.T.);
#1410=EDGE_CURVE('',#1136,#1135,#472,.T.);
#1411=EDGE_CURVE('',#1136,#1137,#631,.T.);
#1412=EDGE_CURVE('',#1137,#1107,#473,.T.);
#1413=EDGE_CURVE('',#1138,#1135,#632,.T.);
#1414=EDGE_CURVE('',#1138,#1139,#474,.T.);
#1415=EDGE_CURVE('',#1139,#1136,#633,.T.);
#1416=EDGE_CURVE('',#1108,#1138,#634,.T.);
#1417=EDGE_CURVE('',#1140,#1138,#635,.T.);
#1418=EDGE_CURVE('',#1109,#1140,#636,.T.);
#1419=EDGE_CURVE('',#1118,#1141,#637,.T.);
#1420=EDGE_CURVE('',#1135,#1141,#638,.T.);
#1421=EDGE_CURVE('',#1139,#1142,#639,.T.);
#1422=EDGE_CURVE('',#1143,#1142,#640,.T.);
#1423=EDGE_CURVE('',#1143,#1144,#641,.T.);
#1424=EDGE_CURVE('',#1144,#1145,#475,.T.);
#1425=EDGE_CURVE('',#1145,#1146,#642,.T.);
#1426=EDGE_CURVE('',#1146,#1147,#476,.T.);
#1427=EDGE_CURVE('',#1147,#1148,#477,.T.);
#1428=EDGE_CURVE('',#1149,#1148,#643,.T.);
#1429=EDGE_CURVE('',#1149,#1150,#478,.T.);
#1430=EDGE_CURVE('',#1150,#1151,#479,.T.);
#1431=EDGE_CURVE('',#1151,#1152,#644,.T.);
#1432=EDGE_CURVE('',#1152,#1153,#480,.T.);
#1433=EDGE_CURVE('',#1153,#1136,#645,.T.);
#1434=EDGE_CURVE('',#1154,#1155,#481,.T.);
#1435=EDGE_CURVE('',#1155,#1156,#646,.T.);
#1436=EDGE_CURVE('',#1156,#1157,#482,.T.);
#1437=EDGE_CURVE('',#1157,#1158,#647,.T.);
#1438=EDGE_CURVE('',#1158,#1159,#483,.T.);
#1439=EDGE_CURVE('',#1159,#1160,#648,.T.);
#1440=EDGE_CURVE('',#1160,#1161,#484,.T.);
#1441=EDGE_CURVE('',#1161,#1154,#649,.T.);
#1442=EDGE_CURVE('',#1162,#1162,#485,.T.);
#1443=EDGE_CURVE('',#1163,#1163,#486,.T.);
#1444=EDGE_CURVE('',#1164,#1164,#487,.T.);
#1445=EDGE_CURVE('',#1165,#1165,#488,.T.);
#1446=EDGE_CURVE('',#1166,#1139,#650,.T.);
#1447=EDGE_CURVE('',#1167,#1166,#651,.T.);
#1448=EDGE_CURVE('',#1142,#1167,#652,.T.);
#1449=EDGE_CURVE('',#1137,#1166,#653,.T.);
#1450=EDGE_CURVE('',#1166,#1108,#489,.T.);
#1451=EDGE_CURVE('',#1168,#1169,#654,.T.);
#1452=EDGE_CURVE('',#1170,#1169,#655,.T.);
#1453=EDGE_CURVE('',#1171,#1170,#490,.T.);
#1454=EDGE_CURVE('',#1172,#1171,#656,.T.);
#1455=EDGE_CURVE('',#1173,#1172,#491,.T.);
#1456=EDGE_CURVE('',#1173,#1174,#657,.T.);
#1457=EDGE_CURVE('',#1175,#1174,#492,.T.);
#1458=EDGE_CURVE('',#1175,#1176,#658,.T.);
#1459=EDGE_CURVE('',#1176,#1177,#493,.T.);
#1460=EDGE_CURVE('',#1178,#1177,#659,.T.);
#1461=EDGE_CURVE('',#1179,#1178,#494,.T.);
#1462=EDGE_CURVE('',#1179,#1168,#660,.T.);
#1463=EDGE_CURVE('',#1180,#1181,#495,.T.);
#1464=EDGE_CURVE('',#1182,#1180,#496,.T.);
#1465=EDGE_CURVE('',#1183,#1182,#497,.T.);
#1466=EDGE_CURVE('',#1184,#1183,#498,.T.);
#1467=EDGE_CURVE('',#1185,#1184,#499,.T.);
#1468=EDGE_CURVE('',#1186,#1185,#500,.T.);
#1469=EDGE_CURVE('',#1187,#1186,#501,.T.);
#1470=EDGE_CURVE('',#1188,#1187,#502,.T.);
#1471=EDGE_CURVE('',#1189,#1188,#503,.T.);
#1472=EDGE_CURVE('',#1190,#1189,#504,.T.);
#1473=EDGE_CURVE('',#1191,#1190,#505,.T.);
#1474=EDGE_CURVE('',#1192,#1191,#506,.T.);
#1475=EDGE_CURVE('',#1193,#1192,#507,.T.);
#1476=EDGE_CURVE('',#1194,#1193,#508,.T.);
#1477=EDGE_CURVE('',#1195,#1194,#509,.T.);
#1478=EDGE_CURVE('',#1181,#1195,#510,.T.);
#1479=EDGE_CURVE('',#1196,#1168,#661,.T.);
#1480=EDGE_CURVE('',#1142,#1196,#511,.T.);
#1481=EDGE_CURVE('',#1168,#1167,#512,.T.);
#1482=EDGE_CURVE('',#1197,#1196,#662,.T.);
#1483=EDGE_CURVE('',#1197,#1143,#513,.T.);
#1484=EDGE_CURVE('',#1169,#1197,#663,.T.);
#1485=EDGE_CURVE('',#1198,#1197,#664,.T.);
#1486=EDGE_CURVE('',#1170,#1198,#665,.T.);
#1487=EDGE_CURVE('',#1179,#1199,#666,.T.);
#1488=EDGE_CURVE('',#1196,#1199,#667,.T.);
#1489=EDGE_CURVE('',#1141,#1200,#514,.T.);
#1490=EDGE_CURVE('',#1200,#1201,#668,.T.);
#1491=EDGE_CURVE('',#1201,#1202,#515,.T.);
#1492=EDGE_CURVE('',#1202,#1203,#669,.T.);
#1493=EDGE_CURVE('',#1203,#1204,#516,.T.);
#1494=EDGE_CURVE('',#1204,#1205,#670,.T.);
#1495=EDGE_CURVE('',#1205,#1206,#517,.T.);
#1496=EDGE_CURVE('',#1206,#1207,#671,.T.);
#1497=EDGE_CURVE('',#1207,#1140,#518,.T.);
#1498=EDGE_CURVE('',#1208,#1209,#519,.T.);
#1499=EDGE_CURVE('',#1209,#1210,#520,.T.);
#1500=EDGE_CURVE('',#1210,#1211,#521,.T.);
#1501=EDGE_CURVE('',#1211,#1212,#522,.T.);
#1502=EDGE_CURVE('',#1212,#1213,#523,.T.);
#1503=EDGE_CURVE('',#1213,#1214,#524,.T.);
#1504=EDGE_CURVE('',#1214,#1215,#525,.T.);
#1505=EDGE_CURVE('',#1215,#1216,#526,.T.);
#1506=EDGE_CURVE('',#1216,#1217,#527,.T.);
#1507=EDGE_CURVE('',#1217,#1218,#528,.T.);
#1508=EDGE_CURVE('',#1218,#1219,#529,.T.);
#1509=EDGE_CURVE('',#1219,#1220,#530,.T.);
#1510=EDGE_CURVE('',#1220,#1221,#531,.T.);
#1511=EDGE_CURVE('',#1221,#1222,#532,.T.);
#1512=EDGE_CURVE('',#1222,#1223,#533,.T.);
#1513=EDGE_CURVE('',#1223,#1208,#534,.T.);
#1514=EDGE_CURVE('',#1224,#1143,#672,.T.);
#1515=EDGE_CURVE('',#1224,#1225,#673,.T.);
#1516=EDGE_CURVE('',#1225,#1144,#674,.T.);
#1517=EDGE_CURVE('',#1167,#1224,#675,.T.);
#1518=EDGE_CURVE('',#1169,#1224,#535,.T.);
#1519=EDGE_CURVE('',#1226,#1227,#676,.T.);
#1520=EDGE_CURVE('',#1227,#1228,#677,.T.);
#1521=EDGE_CURVE('',#1229,#1228,#536,.T.);
#1522=EDGE_CURVE('',#1230,#1229,#678,.T.);
#1523=EDGE_CURVE('',#1230,#1226,#537,.T.);
#1524=EDGE_CURVE('',#1231,#1226,#679,.T.);
#1525=EDGE_CURVE('',#1232,#1231,#19,.T.);
#1526=EDGE_CURVE('',#1232,#1233,#20,.T.);
#1527=EDGE_CURVE('',#1233,#1234,#680,.T.);
#1528=EDGE_CURVE('',#1234,#1235,#21,.T.);
#1529=EDGE_CURVE('',#1226,#1235,#22,.T.);
#1530=EDGE_CURVE('',#1236,#1237,#681,.T.);
#1531=EDGE_CURVE('',#1238,#1236,#23,.T.);
#1532=EDGE_CURVE('',#1232,#1238,#682,.T.);
#1533=EDGE_CURVE('',#1237,#1231,#683,.T.);
#1534=EDGE_CURVE('',#1228,#1236,#684,.T.);
#1535=EDGE_CURVE('',#1236,#1239,#538,.T.);
#1536=EDGE_CURVE('',#1239,#1240,#685,.T.);
#1537=EDGE_CURVE('',#1240,#1241,#539,.T.);
#1538=EDGE_CURVE('',#1241,#1242,#686,.T.);
#1539=EDGE_CURVE('',#1242,#1243,#540,.T.);
#1540=EDGE_CURVE('',#1243,#1244,#687,.T.);
#1541=EDGE_CURVE('',#1244,#1245,#541,.T.);
#1542=EDGE_CURVE('',#1245,#1246,#688,.T.);
#1543=EDGE_CURVE('',#1246,#1247,#542,.T.);
#1544=EDGE_CURVE('',#1247,#1229,#689,.T.);
#1545=EDGE_CURVE('',#1248,#1249,#543,.T.);
#1546=EDGE_CURVE('',#1249,#1250,#690,.T.);
#1547=EDGE_CURVE('',#1250,#1251,#544,.T.);
#1548=EDGE_CURVE('',#1251,#1252,#691,.T.);
#1549=EDGE_CURVE('',#1252,#1253,#545,.T.);
#1550=EDGE_CURVE('',#1253,#1254,#692,.T.);
#1551=EDGE_CURVE('',#1254,#1255,#546,.T.);
#1552=EDGE_CURVE('',#1255,#1256,#693,.T.);
#1553=EDGE_CURVE('',#1256,#1257,#547,.T.);
#1554=EDGE_CURVE('',#1257,#1258,#694,.T.);
#1555=EDGE_CURVE('',#1258,#1259,#548,.T.);
#1556=EDGE_CURVE('',#1259,#1260,#695,.T.);
#1557=EDGE_CURVE('',#1260,#1261,#549,.T.);
#1558=EDGE_CURVE('',#1261,#1262,#696,.T.);
#1559=EDGE_CURVE('',#1262,#1263,#550,.T.);
#1560=EDGE_CURVE('',#1263,#1264,#697,.T.);
#1561=EDGE_CURVE('',#1264,#1265,#551,.T.);
#1562=EDGE_CURVE('',#1265,#1266,#698,.T.);
#1563=EDGE_CURVE('',#1266,#1267,#552,.T.);
#1564=EDGE_CURVE('',#1267,#1248,#699,.T.);
#1565=EDGE_CURVE('',#1268,#1269,#553,.T.);
#1566=EDGE_CURVE('',#1269,#1270,#700,.T.);
#1567=EDGE_CURVE('',#1270,#1271,#554,.T.);
#1568=EDGE_CURVE('',#1271,#1272,#701,.T.);
#1569=EDGE_CURVE('',#1272,#1273,#555,.T.);
#1570=EDGE_CURVE('',#1273,#1274,#702,.T.);
#1571=EDGE_CURVE('',#1274,#1275,#556,.T.);
#1572=EDGE_CURVE('',#1275,#1276,#703,.T.);
#1573=EDGE_CURVE('',#1276,#1277,#557,.T.);
#1574=EDGE_CURVE('',#1277,#1278,#704,.T.);
#1575=EDGE_CURVE('',#1278,#1279,#558,.T.);
#1576=EDGE_CURVE('',#1279,#1280,#705,.T.);
#1577=EDGE_CURVE('',#1280,#1281,#559,.T.);
#1578=EDGE_CURVE('',#1281,#1282,#706,.T.);
#1579=EDGE_CURVE('',#1282,#1283,#560,.T.);
#1580=EDGE_CURVE('',#1283,#1284,#707,.T.);
#1581=EDGE_CURVE('',#1284,#1285,#561,.T.);
#1582=EDGE_CURVE('',#1285,#1286,#708,.T.);
#1583=EDGE_CURVE('',#1286,#1287,#562,.T.);
#1584=EDGE_CURVE('',#1287,#1268,#709,.T.);
#1585=EDGE_CURVE('',#1230,#1288,#710,.T.);
#1586=EDGE_CURVE('',#1289,#1288,#563,.T.);
#1587=EDGE_CURVE('',#1289,#1290,#711,.T.);
#1588=EDGE_CURVE('',#1291,#1290,#564,.T.);
#1589=EDGE_CURVE('',#1292,#1291,#712,.T.);
#1590=EDGE_CURVE('',#1293,#1292,#565,.T.);
#1591=EDGE_CURVE('',#1294,#1293,#713,.T.);
#1592=EDGE_CURVE('',#1295,#1294,#566,.T.);
#1593=EDGE_CURVE('',#1296,#1295,#714,.T.);
#1594=EDGE_CURVE('',#1231,#1296,#567,.T.);
#1595=EDGE_CURVE('',#1297,#1298,#568,.T.);
#1596=EDGE_CURVE('',#1299,#1297,#715,.T.);
#1597=EDGE_CURVE('',#1300,#1299,#569,.T.);
#1598=EDGE_CURVE('',#1301,#1300,#716,.T.);
#1599=EDGE_CURVE('',#1302,#1301,#570,.T.);
#1600=EDGE_CURVE('',#1303,#1302,#717,.T.);
#1601=EDGE_CURVE('',#1304,#1303,#571,.T.);
#1602=EDGE_CURVE('',#1305,#1304,#718,.T.);
#1603=EDGE_CURVE('',#1306,#1305,#572,.T.);
#1604=EDGE_CURVE('',#1307,#1306,#719,.T.);
#1605=EDGE_CURVE('',#1308,#1307,#573,.T.);
#1606=EDGE_CURVE('',#1309,#1308,#720,.T.);
#1607=EDGE_CURVE('',#1310,#1309,#574,.T.);
#1608=EDGE_CURVE('',#1311,#1310,#721,.T.);
#1609=EDGE_CURVE('',#1312,#1311,#575,.T.);
#1610=EDGE_CURVE('',#1313,#1312,#722,.T.);
#1611=EDGE_CURVE('',#1314,#1313,#576,.T.);
#1612=EDGE_CURVE('',#1315,#1314,#723,.T.);
#1613=EDGE_CURVE('',#1316,#1315,#577,.T.);
#1614=EDGE_CURVE('',#1298,#1316,#724,.T.);
#1615=EDGE_CURVE('',#1317,#1318,#578,.T.);
#1616=EDGE_CURVE('',#1319,#1317,#725,.T.);
#1617=EDGE_CURVE('',#1320,#1319,#579,.T.);
#1618=EDGE_CURVE('',#1321,#1320,#726,.T.);
#1619=EDGE_CURVE('',#1322,#1321,#580,.T.);
#1620=EDGE_CURVE('',#1323,#1322,#727,.T.);
#1621=EDGE_CURVE('',#1324,#1323,#581,.T.);
#1622=EDGE_CURVE('',#1325,#1324,#728,.T.);
#1623=EDGE_CURVE('',#1326,#1325,#582,.T.);
#1624=EDGE_CURVE('',#1327,#1326,#729,.T.);
#1625=EDGE_CURVE('',#1328,#1327,#583,.T.);
#1626=EDGE_CURVE('',#1329,#1328,#730,.T.);
#1627=EDGE_CURVE('',#1330,#1329,#584,.T.);
#1628=EDGE_CURVE('',#1331,#1330,#731,.T.);
#1629=EDGE_CURVE('',#1332,#1331,#585,.T.);
#1630=EDGE_CURVE('',#1333,#1332,#732,.T.);
#1631=EDGE_CURVE('',#1334,#1333,#586,.T.);
#1632=EDGE_CURVE('',#1335,#1334,#733,.T.);
#1633=EDGE_CURVE('',#1336,#1335,#587,.T.);
#1634=EDGE_CURVE('',#1318,#1336,#734,.T.);
#1635=EDGE_CURVE('',#1148,#1233,#735,.T.);
#1636=EDGE_CURVE('',#1337,#1147,#736,.T.);
#1637=EDGE_CURVE('',#1233,#1337,#588,.T.);
#1638=EDGE_CURVE('',#1199,#1338,#589,.T.);
#1639=EDGE_CURVE('',#1338,#1339,#737,.T.);
#1640=EDGE_CURVE('',#1339,#1340,#590,.T.);
#1641=EDGE_CURVE('',#1340,#1341,#738,.T.);
#1642=EDGE_CURVE('',#1341,#1342,#591,.T.);
#1643=EDGE_CURVE('',#1342,#1343,#739,.T.);
#1644=EDGE_CURVE('',#1343,#1344,#592,.T.);
#1645=EDGE_CURVE('',#1344,#1345,#740,.T.);
#1646=EDGE_CURVE('',#1345,#1198,#593,.T.);
#1647=EDGE_CURVE('',#1346,#1347,#594,.T.);
#1648=EDGE_CURVE('',#1347,#1348,#595,.T.);
#1649=EDGE_CURVE('',#1348,#1349,#596,.T.);
#1650=EDGE_CURVE('',#1349,#1350,#597,.T.);
#1651=EDGE_CURVE('',#1350,#1351,#598,.T.);
#1652=EDGE_CURVE('',#1351,#1352,#599,.T.);
#1653=EDGE_CURVE('',#1352,#1353,#600,.T.);
#1654=EDGE_CURVE('',#1353,#1354,#601,.T.);
#1655=EDGE_CURVE('',#1354,#1355,#602,.T.);
#1656=EDGE_CURVE('',#1355,#1356,#603,.T.);
#1657=EDGE_CURVE('',#1356,#1357,#604,.T.);
#1658=EDGE_CURVE('',#1357,#1358,#605,.T.);
#1659=EDGE_CURVE('',#1358,#1359,#606,.T.);
#1660=EDGE_CURVE('',#1359,#1360,#607,.T.);
#1661=EDGE_CURVE('',#1360,#1361,#608,.T.);
#1662=EDGE_CURVE('',#1361,#1346,#609,.T.);
#1663=EDGE_CURVE('',#1234,#1149,#741,.T.);
#1664=EDGE_CURVE('',#1362,#1149,#24,.T.);
#1665=EDGE_CURVE('',#1235,#1362,#742,.T.);
#1666=EDGE_CURVE('',#1297,#1248,#743,.T.);
#1667=EDGE_CURVE('',#1299,#1267,#744,.T.);
#1668=EDGE_CURVE('',#1300,#1266,#745,.T.);
#1669=EDGE_CURVE('',#1301,#1265,#746,.T.);
#1670=EDGE_CURVE('',#1302,#1264,#747,.T.);
#1671=EDGE_CURVE('',#1303,#1263,#748,.T.);
#1672=EDGE_CURVE('',#1304,#1262,#749,.T.);
#1673=EDGE_CURVE('',#1305,#1261,#750,.T.);
#1674=EDGE_CURVE('',#1306,#1260,#751,.T.);
#1675=EDGE_CURVE('',#1307,#1259,#752,.T.);
#1676=EDGE_CURVE('',#1308,#1258,#753,.T.);
#1677=EDGE_CURVE('',#1309,#1257,#754,.T.);
#1678=EDGE_CURVE('',#1310,#1256,#755,.T.);
#1679=EDGE_CURVE('',#1311,#1255,#756,.T.);
#1680=EDGE_CURVE('',#1312,#1254,#757,.T.);
#1681=EDGE_CURVE('',#1313,#1253,#758,.T.);
#1682=EDGE_CURVE('',#1314,#1252,#759,.T.);
#1683=EDGE_CURVE('',#1315,#1251,#760,.T.);
#1684=EDGE_CURVE('',#1316,#1250,#761,.T.);
#1685=EDGE_CURVE('',#1298,#1249,#762,.T.);
#1686=EDGE_CURVE('',#1119,#1208,#763,.T.);
#1687=EDGE_CURVE('',#1121,#1223,#764,.T.);
#1688=EDGE_CURVE('',#1122,#1222,#765,.T.);
#1689=EDGE_CURVE('',#1123,#1221,#766,.T.);
#1690=EDGE_CURVE('',#1124,#1220,#767,.T.);
#1691=EDGE_CURVE('',#1125,#1219,#768,.T.);
#1692=EDGE_CURVE('',#1126,#1218,#769,.T.);
#1693=EDGE_CURVE('',#1127,#1217,#770,.T.);
#1694=EDGE_CURVE('',#1128,#1216,#771,.T.);
#1695=EDGE_CURVE('',#1129,#1215,#772,.T.);
#1696=EDGE_CURVE('',#1130,#1214,#773,.T.);
#1697=EDGE_CURVE('',#1131,#1213,#774,.T.);
#1698=EDGE_CURVE('',#1132,#1212,#775,.T.);
#1699=EDGE_CURVE('',#1133,#1211,#776,.T.);
#1700=EDGE_CURVE('',#1134,#1210,#777,.T.);
#1701=EDGE_CURVE('',#1120,#1209,#778,.T.);
#1702=EDGE_CURVE('',#1180,#1346,#779,.T.);
#1703=EDGE_CURVE('',#1182,#1361,#780,.T.);
#1704=EDGE_CURVE('',#1183,#1360,#781,.T.);
#1705=EDGE_CURVE('',#1184,#1359,#782,.T.);
#1706=EDGE_CURVE('',#1185,#1358,#783,.T.);
#1707=EDGE_CURVE('',#1186,#1357,#784,.T.);
#1708=EDGE_CURVE('',#1187,#1356,#785,.T.);
#1709=EDGE_CURVE('',#1188,#1355,#786,.T.);
#1710=EDGE_CURVE('',#1189,#1354,#787,.T.);
#1711=EDGE_CURVE('',#1190,#1353,#788,.T.);
#1712=EDGE_CURVE('',#1191,#1352,#789,.T.);
#1713=EDGE_CURVE('',#1192,#1351,#790,.T.);
#1714=EDGE_CURVE('',#1193,#1350,#791,.T.);
#1715=EDGE_CURVE('',#1194,#1349,#792,.T.);
#1716=EDGE_CURVE('',#1195,#1348,#793,.T.);
#1717=EDGE_CURVE('',#1181,#1347,#794,.T.);
#1718=EDGE_CURVE('',#1363,#1364,#795,.T.);
#1719=EDGE_CURVE('',#1364,#1154,#796,.T.);
#1720=EDGE_CURVE('',#1363,#1161,#797,.T.);
#1721=EDGE_CURVE('',#1365,#1363,#610,.T.);
#1722=EDGE_CURVE('',#1365,#1160,#798,.T.);
#1723=EDGE_CURVE('',#1366,#1365,#799,.T.);
#1724=EDGE_CURVE('',#1366,#1159,#800,.T.);
#1725=EDGE_CURVE('',#1367,#1366,#611,.T.);
#1726=EDGE_CURVE('',#1367,#1158,#801,.T.);
#1727=EDGE_CURVE('',#1368,#1367,#802,.T.);
#1728=EDGE_CURVE('',#1368,#1157,#803,.T.);
#1729=EDGE_CURVE('',#1369,#1368,#612,.T.);
#1730=EDGE_CURVE('',#1369,#1156,#804,.T.);
#1731=EDGE_CURVE('',#1370,#1369,#805,.T.);
#1732=EDGE_CURVE('',#1370,#1155,#806,.T.);
#1733=EDGE_CURVE('',#1364,#1370,#613,.T.);
#1734=EDGE_CURVE('',#1317,#1268,#807,.T.);
#1735=EDGE_CURVE('',#1319,#1287,#808,.T.);
#1736=EDGE_CURVE('',#1320,#1286,#809,.T.);
#1737=EDGE_CURVE('',#1321,#1285,#810,.T.);
#1738=EDGE_CURVE('',#1322,#1284,#811,.T.);
#1739=EDGE_CURVE('',#1323,#1283,#812,.T.);
#1740=EDGE_CURVE('',#1324,#1282,#813,.T.);
#1741=EDGE_CURVE('',#1325,#1281,#814,.T.);
#1742=EDGE_CURVE('',#1326,#1280,#815,.T.);
#1743=EDGE_CURVE('',#1327,#1279,#816,.T.);
#1744=EDGE_CURVE('',#1328,#1278,#817,.T.);
#1745=EDGE_CURVE('',#1329,#1277,#818,.T.);
#1746=EDGE_CURVE('',#1330,#1276,#819,.T.);
#1747=EDGE_CURVE('',#1331,#1275,#820,.T.);
#1748=EDGE_CURVE('',#1332,#1274,#821,.T.);
#1749=EDGE_CURVE('',#1333,#1273,#822,.T.);
#1750=EDGE_CURVE('',#1334,#1272,#823,.T.);
#1751=EDGE_CURVE('',#1335,#1271,#824,.T.);
#1752=EDGE_CURVE('',#1336,#1270,#825,.T.);
#1753=EDGE_CURVE('',#1318,#1269,#826,.T.);
#1754=EDGE_CURVE('',#1371,#1371,#614,.T.);
#1755=EDGE_CURVE('',#1371,#1162,#827,.T.);
#1756=EDGE_CURVE('',#1372,#1372,#615,.T.);
#1757=EDGE_CURVE('',#1372,#1163,#828,.T.);
#1758=EDGE_CURVE('',#1373,#1373,#616,.T.);
#1759=EDGE_CURVE('',#1373,#1164,#829,.T.);
#1760=EDGE_CURVE('',#1374,#1374,#617,.T.);
#1761=EDGE_CURVE('',#1374,#1165,#830,.T.);
#1762=EDGE_CURVE('',#1110,#1207,#831,.T.);
#1763=EDGE_CURVE('',#1111,#1206,#832,.T.);
#1764=EDGE_CURVE('',#1112,#1205,#833,.T.);
#1765=EDGE_CURVE('',#1113,#1204,#834,.T.);
#1766=EDGE_CURVE('',#1114,#1203,#835,.T.);
#1767=EDGE_CURVE('',#1115,#1202,#836,.T.);
#1768=EDGE_CURVE('',#1116,#1201,#837,.T.);
#1769=EDGE_CURVE('',#1117,#1200,#838,.T.);
#1770=EDGE_CURVE('',#1375,#1153,#839,.T.);
#1771=EDGE_CURVE('',#1375,#1137,#840,.T.);
#1772=EDGE_CURVE('',#1375,#1376,#618,.T.);
#1773=EDGE_CURVE('',#1376,#1152,#841,.T.);
#1774=EDGE_CURVE('',#1377,#1376,#842,.T.);
#1775=EDGE_CURVE('',#1377,#1151,#843,.T.);
#1776=EDGE_CURVE('',#1378,#1377,#619,.T.);
#1777=EDGE_CURVE('',#1378,#1150,#844,.T.);
#1778=EDGE_CURVE('',#1378,#1234,#620,.T.);
#1779=EDGE_CURVE('',#1228,#1362,#25,.T.);
#1780=EDGE_CURVE('',#1288,#1247,#845,.T.);
#1781=EDGE_CURVE('',#1289,#1246,#846,.T.);
#1782=EDGE_CURVE('',#1290,#1245,#847,.T.);
#1783=EDGE_CURVE('',#1291,#1244,#848,.T.);
#1784=EDGE_CURVE('',#1292,#1243,#849,.T.);
#1785=EDGE_CURVE('',#1293,#1242,#850,.T.);
#1786=EDGE_CURVE('',#1294,#1241,#851,.T.);
#1787=EDGE_CURVE('',#1295,#1240,#852,.T.);
#1788=EDGE_CURVE('',#1296,#1239,#853,.T.);
#1789=EDGE_CURVE('',#1148,#1238,#26,.T.);
#1790=EDGE_CURVE('',#1379,#1337,#621,.T.);
#1791=EDGE_CURVE('',#1379,#1146,#854,.T.);
#1792=EDGE_CURVE('',#1379,#1380,#855,.T.);
#1793=EDGE_CURVE('',#1380,#1145,#856,.T.);
#1794=EDGE_CURVE('',#1380,#1225,#622,.T.);
#1795=EDGE_CURVE('',#1171,#1345,#857,.T.);
#1796=EDGE_CURVE('',#1172,#1344,#858,.T.);
#1797=EDGE_CURVE('',#1173,#1343,#859,.T.);
#1798=EDGE_CURVE('',#1174,#1342,#860,.T.);
#1799=EDGE_CURVE('',#1175,#1341,#861,.T.);
#1800=EDGE_CURVE('',#1176,#1340,#862,.T.);
#1801=EDGE_CURVE('',#1177,#1339,#863,.T.);
#1802=EDGE_CURVE('',#1178,#1338,#864,.T.);
#1803=ORIENTED_EDGE('',*,*,#1381,.T.);
#1804=ORIENTED_EDGE('',*,*,#1382,.T.);
#1805=ORIENTED_EDGE('',*,*,#1383,.F.);
#1806=ORIENTED_EDGE('',*,*,#1384,.T.);
#1807=ORIENTED_EDGE('',*,*,#1385,.T.);
#1808=ORIENTED_EDGE('',*,*,#1386,.T.);
#1809=ORIENTED_EDGE('',*,*,#1387,.F.);
#1810=ORIENTED_EDGE('',*,*,#1388,.F.);
#1811=ORIENTED_EDGE('',*,*,#1389,.F.);
#1812=ORIENTED_EDGE('',*,*,#1390,.T.);
#1813=ORIENTED_EDGE('',*,*,#1391,.F.);
#1814=ORIENTED_EDGE('',*,*,#1392,.F.);
#1815=ORIENTED_EDGE('',*,*,#1393,.F.);
#1816=ORIENTED_EDGE('',*,*,#1394,.F.);
#1817=ORIENTED_EDGE('',*,*,#1395,.F.);
#1818=ORIENTED_EDGE('',*,*,#1396,.F.);
#1819=ORIENTED_EDGE('',*,*,#1397,.F.);
#1820=ORIENTED_EDGE('',*,*,#1398,.F.);
#1821=ORIENTED_EDGE('',*,*,#1399,.F.);
#1822=ORIENTED_EDGE('',*,*,#1400,.F.);
#1823=ORIENTED_EDGE('',*,*,#1401,.F.);
#1824=ORIENTED_EDGE('',*,*,#1402,.F.);
#1825=ORIENTED_EDGE('',*,*,#1403,.F.);
#1826=ORIENTED_EDGE('',*,*,#1404,.F.);
#1827=ORIENTED_EDGE('',*,*,#1405,.F.);
#1828=ORIENTED_EDGE('',*,*,#1406,.F.);
#1829=ORIENTED_EDGE('',*,*,#1407,.F.);
#1830=ORIENTED_EDGE('',*,*,#1408,.F.);
#1831=ORIENTED_EDGE('',*,*,#1409,.F.);
#1832=ORIENTED_EDGE('',*,*,#1410,.F.);
#1833=ORIENTED_EDGE('',*,*,#1411,.T.);
#1834=ORIENTED_EDGE('',*,*,#1412,.T.);
#1835=ORIENTED_EDGE('',*,*,#1413,.F.);
#1836=ORIENTED_EDGE('',*,*,#1414,.T.);
#1837=ORIENTED_EDGE('',*,*,#1415,.T.);
#1838=ORIENTED_EDGE('',*,*,#1410,.T.);
#1839=ORIENTED_EDGE('',*,*,#1416,.T.);
#1840=ORIENTED_EDGE('',*,*,#1417,.F.);
#1841=ORIENTED_EDGE('',*,*,#1418,.F.);
#1842=ORIENTED_EDGE('',*,*,#1382,.F.);
#1843=ORIENTED_EDGE('',*,*,#1409,.T.);
#1844=ORIENTED_EDGE('',*,*,#1392,.T.);
#1845=ORIENTED_EDGE('',*,*,#1419,.T.);
#1846=ORIENTED_EDGE('',*,*,#1420,.F.);
#1847=ORIENTED_EDGE('',*,*,#1415,.F.);
#1848=ORIENTED_EDGE('',*,*,#1421,.T.);
#1849=ORIENTED_EDGE('',*,*,#1422,.F.);
#1850=ORIENTED_EDGE('',*,*,#1423,.T.);
#1851=ORIENTED_EDGE('',*,*,#1424,.T.);
#1852=ORIENTED_EDGE('',*,*,#1425,.T.);
#1853=ORIENTED_EDGE('',*,*,#1426,.T.);
#1854=ORIENTED_EDGE('',*,*,#1427,.T.);
#1855=ORIENTED_EDGE('',*,*,#1428,.F.);
#1856=ORIENTED_EDGE('',*,*,#1429,.T.);
#1857=ORIENTED_EDGE('',*,*,#1430,.T.);
#1858=ORIENTED_EDGE('',*,*,#1431,.T.);
#1859=ORIENTED_EDGE('',*,*,#1432,.T.);
#1860=ORIENTED_EDGE('',*,*,#1433,.T.);
#1861=ORIENTED_EDGE('',*,*,#1434,.T.);
#1862=ORIENTED_EDGE('',*,*,#1435,.T.);
#1863=ORIENTED_EDGE('',*,*,#1436,.T.);
#1864=ORIENTED_EDGE('',*,*,#1437,.T.);
#1865=ORIENTED_EDGE('',*,*,#1438,.T.);
#1866=ORIENTED_EDGE('',*,*,#1439,.T.);
#1867=ORIENTED_EDGE('',*,*,#1440,.T.);
#1868=ORIENTED_EDGE('',*,*,#1441,.T.);
#1869=ORIENTED_EDGE('',*,*,#1442,.T.);
#1870=ORIENTED_EDGE('',*,*,#1443,.T.);
#1871=ORIENTED_EDGE('',*,*,#1444,.T.);
#1872=ORIENTED_EDGE('',*,*,#1445,.T.);
#1873=ORIENTED_EDGE('',*,*,#1446,.F.);
#1874=ORIENTED_EDGE('',*,*,#1447,.F.);
#1875=ORIENTED_EDGE('',*,*,#1448,.F.);
#1876=ORIENTED_EDGE('',*,*,#1421,.F.);
#1877=ORIENTED_EDGE('',*,*,#1381,.F.);
#1878=ORIENTED_EDGE('',*,*,#1412,.F.);
#1879=ORIENTED_EDGE('',*,*,#1449,.T.);
#1880=ORIENTED_EDGE('',*,*,#1450,.T.);
#1881=ORIENTED_EDGE('',*,*,#1451,.T.);
#1882=ORIENTED_EDGE('',*,*,#1452,.F.);
#1883=ORIENTED_EDGE('',*,*,#1453,.F.);
#1884=ORIENTED_EDGE('',*,*,#1454,.F.);
#1885=ORIENTED_EDGE('',*,*,#1455,.F.);
#1886=ORIENTED_EDGE('',*,*,#1456,.T.);
#1887=ORIENTED_EDGE('',*,*,#1457,.F.);
#1888=ORIENTED_EDGE('',*,*,#1458,.T.);
#1889=ORIENTED_EDGE('',*,*,#1459,.T.);
#1890=ORIENTED_EDGE('',*,*,#1460,.F.);
#1891=ORIENTED_EDGE('',*,*,#1461,.F.);
#1892=ORIENTED_EDGE('',*,*,#1462,.T.);
#1893=ORIENTED_EDGE('',*,*,#1463,.F.);
#1894=ORIENTED_EDGE('',*,*,#1464,.F.);
#1895=ORIENTED_EDGE('',*,*,#1465,.F.);
#1896=ORIENTED_EDGE('',*,*,#1466,.F.);
#1897=ORIENTED_EDGE('',*,*,#1467,.F.);
#1898=ORIENTED_EDGE('',*,*,#1468,.F.);
#1899=ORIENTED_EDGE('',*,*,#1469,.F.);
#1900=ORIENTED_EDGE('',*,*,#1470,.F.);
#1901=ORIENTED_EDGE('',*,*,#1471,.F.);
#1902=ORIENTED_EDGE('',*,*,#1472,.F.);
#1903=ORIENTED_EDGE('',*,*,#1473,.F.);
#1904=ORIENTED_EDGE('',*,*,#1474,.F.);
#1905=ORIENTED_EDGE('',*,*,#1475,.F.);
#1906=ORIENTED_EDGE('',*,*,#1476,.F.);
#1907=ORIENTED_EDGE('',*,*,#1477,.F.);
#1908=ORIENTED_EDGE('',*,*,#1478,.F.);
#1909=ORIENTED_EDGE('',*,*,#1479,.F.);
#1910=ORIENTED_EDGE('',*,*,#1480,.F.);
#1911=ORIENTED_EDGE('',*,*,#1448,.T.);
#1912=ORIENTED_EDGE('',*,*,#1481,.F.);
#1913=ORIENTED_EDGE('',*,*,#1482,.F.);
#1914=ORIENTED_EDGE('',*,*,#1483,.T.);
#1915=ORIENTED_EDGE('',*,*,#1422,.T.);
#1916=ORIENTED_EDGE('',*,*,#1480,.T.);
#1917=ORIENTED_EDGE('',*,*,#1484,.T.);
#1918=ORIENTED_EDGE('',*,*,#1485,.F.);
#1919=ORIENTED_EDGE('',*,*,#1486,.F.);
#1920=ORIENTED_EDGE('',*,*,#1452,.T.);
#1921=ORIENTED_EDGE('',*,*,#1479,.T.);
#1922=ORIENTED_EDGE('',*,*,#1462,.F.);
#1923=ORIENTED_EDGE('',*,*,#1487,.T.);
#1924=ORIENTED_EDGE('',*,*,#1488,.F.);
#1925=ORIENTED_EDGE('',*,*,#1413,.T.);
#1926=ORIENTED_EDGE('',*,*,#1420,.T.);
#1927=ORIENTED_EDGE('',*,*,#1489,.T.);
#1928=ORIENTED_EDGE('',*,*,#1490,.T.);
#1929=ORIENTED_EDGE('',*,*,#1491,.T.);
#1930=ORIENTED_EDGE('',*,*,#1492,.T.);
#1931=ORIENTED_EDGE('',*,*,#1493,.T.);
#1932=ORIENTED_EDGE('',*,*,#1494,.T.);
#1933=ORIENTED_EDGE('',*,*,#1495,.T.);
#1934=ORIENTED_EDGE('',*,*,#1496,.T.);
#1935=ORIENTED_EDGE('',*,*,#1497,.T.);
#1936=ORIENTED_EDGE('',*,*,#1417,.T.);
#1937=ORIENTED_EDGE('',*,*,#1498,.T.);
#1938=ORIENTED_EDGE('',*,*,#1499,.T.);
#1939=ORIENTED_EDGE('',*,*,#1500,.T.);
#1940=ORIENTED_EDGE('',*,*,#1501,.T.);
#1941=ORIENTED_EDGE('',*,*,#1502,.T.);
#1942=ORIENTED_EDGE('',*,*,#1503,.T.);
#1943=ORIENTED_EDGE('',*,*,#1504,.T.);
#1944=ORIENTED_EDGE('',*,*,#1505,.T.);
#1945=ORIENTED_EDGE('',*,*,#1506,.T.);
#1946=ORIENTED_EDGE('',*,*,#1507,.T.);
#1947=ORIENTED_EDGE('',*,*,#1508,.T.);
#1948=ORIENTED_EDGE('',*,*,#1509,.T.);
#1949=ORIENTED_EDGE('',*,*,#1510,.T.);
#1950=ORIENTED_EDGE('',*,*,#1511,.T.);
#1951=ORIENTED_EDGE('',*,*,#1512,.T.);
#1952=ORIENTED_EDGE('',*,*,#1513,.T.);
#1953=ORIENTED_EDGE('',*,*,#1514,.F.);
#1954=ORIENTED_EDGE('',*,*,#1515,.T.);
#1955=ORIENTED_EDGE('',*,*,#1516,.T.);
#1956=ORIENTED_EDGE('',*,*,#1423,.F.);
#1957=ORIENTED_EDGE('',*,*,#1451,.F.);
#1958=ORIENTED_EDGE('',*,*,#1481,.T.);
#1959=ORIENTED_EDGE('',*,*,#1517,.T.);
#1960=ORIENTED_EDGE('',*,*,#1518,.F.);
#1961=ORIENTED_EDGE('',*,*,#1519,.T.);
#1962=ORIENTED_EDGE('',*,*,#1520,.T.);
#1963=ORIENTED_EDGE('',*,*,#1521,.F.);
#1964=ORIENTED_EDGE('',*,*,#1522,.F.);
#1965=ORIENTED_EDGE('',*,*,#1523,.T.);
#1966=ORIENTED_EDGE('',*,*,#1524,.F.);
#1967=ORIENTED_EDGE('',*,*,#1525,.F.);
#1968=ORIENTED_EDGE('',*,*,#1526,.T.);
#1969=ORIENTED_EDGE('',*,*,#1527,.T.);
#1970=ORIENTED_EDGE('',*,*,#1528,.T.);
#1971=ORIENTED_EDGE('',*,*,#1529,.F.);
#1972=ORIENTED_EDGE('',*,*,#1530,.F.);
#1973=ORIENTED_EDGE('',*,*,#1531,.F.);
#1974=ORIENTED_EDGE('',*,*,#1532,.F.);
#1975=ORIENTED_EDGE('',*,*,#1525,.T.);
#1976=ORIENTED_EDGE('',*,*,#1533,.F.);
#1977=ORIENTED_EDGE('',*,*,#1534,.T.);
#1978=ORIENTED_EDGE('',*,*,#1535,.T.);
#1979=ORIENTED_EDGE('',*,*,#1536,.T.);
#1980=ORIENTED_EDGE('',*,*,#1537,.T.);
#1981=ORIENTED_EDGE('',*,*,#1538,.T.);
#1982=ORIENTED_EDGE('',*,*,#1539,.T.);
#1983=ORIENTED_EDGE('',*,*,#1540,.T.);
#1984=ORIENTED_EDGE('',*,*,#1541,.T.);
#1985=ORIENTED_EDGE('',*,*,#1542,.T.);
#1986=ORIENTED_EDGE('',*,*,#1543,.T.);
#1987=ORIENTED_EDGE('',*,*,#1544,.T.);
#1988=ORIENTED_EDGE('',*,*,#1521,.T.);
#1989=ORIENTED_EDGE('',*,*,#1545,.T.);
#1990=ORIENTED_EDGE('',*,*,#1546,.T.);
#1991=ORIENTED_EDGE('',*,*,#1547,.T.);
#1992=ORIENTED_EDGE('',*,*,#1548,.T.);
#1993=ORIENTED_EDGE('',*,*,#1549,.T.);
#1994=ORIENTED_EDGE('',*,*,#1550,.T.);
#1995=ORIENTED_EDGE('',*,*,#1551,.T.);
#1996=ORIENTED_EDGE('',*,*,#1552,.T.);
#1997=ORIENTED_EDGE('',*,*,#1553,.T.);
#1998=ORIENTED_EDGE('',*,*,#1554,.T.);
#1999=ORIENTED_EDGE('',*,*,#1555,.T.);
#2000=ORIENTED_EDGE('',*,*,#1556,.T.);
#2001=ORIENTED_EDGE('',*,*,#1557,.T.);
#2002=ORIENTED_EDGE('',*,*,#1558,.T.);
#2003=ORIENTED_EDGE('',*,*,#1559,.T.);
#2004=ORIENTED_EDGE('',*,*,#1560,.T.);
#2005=ORIENTED_EDGE('',*,*,#1561,.T.);
#2006=ORIENTED_EDGE('',*,*,#1562,.T.);
#2007=ORIENTED_EDGE('',*,*,#1563,.T.);
#2008=ORIENTED_EDGE('',*,*,#1564,.T.);
#2009=ORIENTED_EDGE('',*,*,#1565,.T.);
#2010=ORIENTED_EDGE('',*,*,#1566,.T.);
#2011=ORIENTED_EDGE('',*,*,#1567,.T.);
#2012=ORIENTED_EDGE('',*,*,#1568,.T.);
#2013=ORIENTED_EDGE('',*,*,#1569,.T.);
#2014=ORIENTED_EDGE('',*,*,#1570,.T.);
#2015=ORIENTED_EDGE('',*,*,#1571,.T.);
#2016=ORIENTED_EDGE('',*,*,#1572,.T.);
#2017=ORIENTED_EDGE('',*,*,#1573,.T.);
#2018=ORIENTED_EDGE('',*,*,#1574,.T.);
#2019=ORIENTED_EDGE('',*,*,#1575,.T.);
#2020=ORIENTED_EDGE('',*,*,#1576,.T.);
#2021=ORIENTED_EDGE('',*,*,#1577,.T.);
#2022=ORIENTED_EDGE('',*,*,#1578,.T.);
#2023=ORIENTED_EDGE('',*,*,#1579,.T.);
#2024=ORIENTED_EDGE('',*,*,#1580,.T.);
#2025=ORIENTED_EDGE('',*,*,#1581,.T.);
#2026=ORIENTED_EDGE('',*,*,#1582,.T.);
#2027=ORIENTED_EDGE('',*,*,#1583,.T.);
#2028=ORIENTED_EDGE('',*,*,#1584,.T.);
#2029=ORIENTED_EDGE('',*,*,#1524,.T.);
#2030=ORIENTED_EDGE('',*,*,#1523,.F.);
#2031=ORIENTED_EDGE('',*,*,#1585,.T.);
#2032=ORIENTED_EDGE('',*,*,#1586,.F.);
#2033=ORIENTED_EDGE('',*,*,#1587,.T.);
#2034=ORIENTED_EDGE('',*,*,#1588,.F.);
#2035=ORIENTED_EDGE('',*,*,#1589,.F.);
#2036=ORIENTED_EDGE('',*,*,#1590,.F.);
#2037=ORIENTED_EDGE('',*,*,#1591,.F.);
#2038=ORIENTED_EDGE('',*,*,#1592,.F.);
#2039=ORIENTED_EDGE('',*,*,#1593,.F.);
#2040=ORIENTED_EDGE('',*,*,#1594,.F.);
#2041=ORIENTED_EDGE('',*,*,#1595,.F.);
#2042=ORIENTED_EDGE('',*,*,#1596,.F.);
#2043=ORIENTED_EDGE('',*,*,#1597,.F.);
#2044=ORIENTED_EDGE('',*,*,#1598,.F.);
#2045=ORIENTED_EDGE('',*,*,#1599,.F.);
#2046=ORIENTED_EDGE('',*,*,#1600,.F.);
#2047=ORIENTED_EDGE('',*,*,#1601,.F.);
#2048=ORIENTED_EDGE('',*,*,#1602,.F.);
#2049=ORIENTED_EDGE('',*,*,#1603,.F.);
#2050=ORIENTED_EDGE('',*,*,#1604,.F.);
#2051=ORIENTED_EDGE('',*,*,#1605,.F.);
#2052=ORIENTED_EDGE('',*,*,#1606,.F.);
#2053=ORIENTED_EDGE('',*,*,#1607,.F.);
#2054=ORIENTED_EDGE('',*,*,#1608,.F.);
#2055=ORIENTED_EDGE('',*,*,#1609,.F.);
#2056=ORIENTED_EDGE('',*,*,#1610,.F.);
#2057=ORIENTED_EDGE('',*,*,#1611,.F.);
#2058=ORIENTED_EDGE('',*,*,#1612,.F.);
#2059=ORIENTED_EDGE('',*,*,#1613,.F.);
#2060=ORIENTED_EDGE('',*,*,#1614,.F.);
#2061=ORIENTED_EDGE('',*,*,#1615,.F.);
#2062=ORIENTED_EDGE('',*,*,#1616,.F.);
#2063=ORIENTED_EDGE('',*,*,#1617,.F.);
#2064=ORIENTED_EDGE('',*,*,#1618,.F.);
#2065=ORIENTED_EDGE('',*,*,#1619,.F.);
#2066=ORIENTED_EDGE('',*,*,#1620,.F.);
#2067=ORIENTED_EDGE('',*,*,#1621,.F.);
#2068=ORIENTED_EDGE('',*,*,#1622,.F.);
#2069=ORIENTED_EDGE('',*,*,#1623,.F.);
#2070=ORIENTED_EDGE('',*,*,#1624,.F.);
#2071=ORIENTED_EDGE('',*,*,#1625,.F.);
#2072=ORIENTED_EDGE('',*,*,#1626,.F.);
#2073=ORIENTED_EDGE('',*,*,#1627,.F.);
#2074=ORIENTED_EDGE('',*,*,#1628,.F.);
#2075=ORIENTED_EDGE('',*,*,#1629,.F.);
#2076=ORIENTED_EDGE('',*,*,#1630,.F.);
#2077=ORIENTED_EDGE('',*,*,#1631,.F.);
#2078=ORIENTED_EDGE('',*,*,#1632,.F.);
#2079=ORIENTED_EDGE('',*,*,#1633,.F.);
#2080=ORIENTED_EDGE('',*,*,#1634,.F.);
#2081=ORIENTED_EDGE('',*,*,#1635,.F.);
#2082=ORIENTED_EDGE('',*,*,#1427,.F.);
#2083=ORIENTED_EDGE('',*,*,#1636,.F.);
#2084=ORIENTED_EDGE('',*,*,#1637,.F.);
#2085=ORIENTED_EDGE('',*,*,#1482,.T.);
#2086=ORIENTED_EDGE('',*,*,#1488,.T.);
#2087=ORIENTED_EDGE('',*,*,#1638,.T.);
#2088=ORIENTED_EDGE('',*,*,#1639,.T.);
#2089=ORIENTED_EDGE('',*,*,#1640,.T.);
#2090=ORIENTED_EDGE('',*,*,#1641,.T.);
#2091=ORIENTED_EDGE('',*,*,#1642,.T.);
#2092=ORIENTED_EDGE('',*,*,#1643,.T.);
#2093=ORIENTED_EDGE('',*,*,#1644,.T.);
#2094=ORIENTED_EDGE('',*,*,#1645,.T.);
#2095=ORIENTED_EDGE('',*,*,#1646,.T.);
#2096=ORIENTED_EDGE('',*,*,#1485,.T.);
#2097=ORIENTED_EDGE('',*,*,#1647,.T.);
#2098=ORIENTED_EDGE('',*,*,#1648,.T.);
#2099=ORIENTED_EDGE('',*,*,#1649,.T.);
#2100=ORIENTED_EDGE('',*,*,#1650,.T.);
#2101=ORIENTED_EDGE('',*,*,#1651,.T.);
#2102=ORIENTED_EDGE('',*,*,#1652,.T.);
#2103=ORIENTED_EDGE('',*,*,#1653,.T.);
#2104=ORIENTED_EDGE('',*,*,#1654,.T.);
#2105=ORIENTED_EDGE('',*,*,#1655,.T.);
#2106=ORIENTED_EDGE('',*,*,#1656,.T.);
#2107=ORIENTED_EDGE('',*,*,#1657,.T.);
#2108=ORIENTED_EDGE('',*,*,#1658,.T.);
#2109=ORIENTED_EDGE('',*,*,#1659,.T.);
#2110=ORIENTED_EDGE('',*,*,#1660,.T.);
#2111=ORIENTED_EDGE('',*,*,#1661,.T.);
#2112=ORIENTED_EDGE('',*,*,#1662,.T.);
#2113=ORIENTED_EDGE('',*,*,#1663,.T.);
#2114=ORIENTED_EDGE('',*,*,#1664,.F.);
#2115=ORIENTED_EDGE('',*,*,#1665,.F.);
#2116=ORIENTED_EDGE('',*,*,#1528,.F.);
#2117=ORIENTED_EDGE('',*,*,#1596,.T.);
#2118=ORIENTED_EDGE('',*,*,#1666,.T.);
#2119=ORIENTED_EDGE('',*,*,#1564,.F.);
#2120=ORIENTED_EDGE('',*,*,#1667,.F.);
#2121=ORIENTED_EDGE('',*,*,#1597,.T.);
#2122=ORIENTED_EDGE('',*,*,#1667,.T.);
#2123=ORIENTED_EDGE('',*,*,#1563,.F.);
#2124=ORIENTED_EDGE('',*,*,#1668,.F.);
#2125=ORIENTED_EDGE('',*,*,#1598,.T.);
#2126=ORIENTED_EDGE('',*,*,#1668,.T.);
#2127=ORIENTED_EDGE('',*,*,#1562,.F.);
#2128=ORIENTED_EDGE('',*,*,#1669,.F.);
#2129=ORIENTED_EDGE('',*,*,#1599,.T.);
#2130=ORIENTED_EDGE('',*,*,#1669,.T.);
#2131=ORIENTED_EDGE('',*,*,#1561,.F.);
#2132=ORIENTED_EDGE('',*,*,#1670,.F.);
#2133=ORIENTED_EDGE('',*,*,#1600,.T.);
#2134=ORIENTED_EDGE('',*,*,#1670,.T.);
#2135=ORIENTED_EDGE('',*,*,#1560,.F.);
#2136=ORIENTED_EDGE('',*,*,#1671,.F.);
#2137=ORIENTED_EDGE('',*,*,#1601,.T.);
#2138=ORIENTED_EDGE('',*,*,#1671,.T.);
#2139=ORIENTED_EDGE('',*,*,#1559,.F.);
#2140=ORIENTED_EDGE('',*,*,#1672,.F.);
#2141=ORIENTED_EDGE('',*,*,#1602,.T.);
#2142=ORIENTED_EDGE('',*,*,#1672,.T.);
#2143=ORIENTED_EDGE('',*,*,#1558,.F.);
#2144=ORIENTED_EDGE('',*,*,#1673,.F.);
#2145=ORIENTED_EDGE('',*,*,#1603,.T.);
#2146=ORIENTED_EDGE('',*,*,#1673,.T.);
#2147=ORIENTED_EDGE('',*,*,#1557,.F.);
#2148=ORIENTED_EDGE('',*,*,#1674,.F.);
#2149=ORIENTED_EDGE('',*,*,#1604,.T.);
#2150=ORIENTED_EDGE('',*,*,#1674,.T.);
#2151=ORIENTED_EDGE('',*,*,#1556,.F.);
#2152=ORIENTED_EDGE('',*,*,#1675,.F.);
#2153=ORIENTED_EDGE('',*,*,#1605,.T.);
#2154=ORIENTED_EDGE('',*,*,#1675,.T.);
#2155=ORIENTED_EDGE('',*,*,#1555,.F.);
#2156=ORIENTED_EDGE('',*,*,#1676,.F.);
#2157=ORIENTED_EDGE('',*,*,#1606,.T.);
#2158=ORIENTED_EDGE('',*,*,#1676,.T.);
#2159=ORIENTED_EDGE('',*,*,#1554,.F.);
#2160=ORIENTED_EDGE('',*,*,#1677,.F.);
#2161=ORIENTED_EDGE('',*,*,#1607,.T.);
#2162=ORIENTED_EDGE('',*,*,#1677,.T.);
#2163=ORIENTED_EDGE('',*,*,#1553,.F.);
#2164=ORIENTED_EDGE('',*,*,#1678,.F.);
#2165=ORIENTED_EDGE('',*,*,#1608,.T.);
#2166=ORIENTED_EDGE('',*,*,#1678,.T.);
#2167=ORIENTED_EDGE('',*,*,#1552,.F.);
#2168=ORIENTED_EDGE('',*,*,#1679,.F.);
#2169=ORIENTED_EDGE('',*,*,#1609,.T.);
#2170=ORIENTED_EDGE('',*,*,#1679,.T.);
#2171=ORIENTED_EDGE('',*,*,#1551,.F.);
#2172=ORIENTED_EDGE('',*,*,#1680,.F.);
#2173=ORIENTED_EDGE('',*,*,#1610,.T.);
#2174=ORIENTED_EDGE('',*,*,#1680,.T.);
#2175=ORIENTED_EDGE('',*,*,#1550,.F.);
#2176=ORIENTED_EDGE('',*,*,#1681,.F.);
#2177=ORIENTED_EDGE('',*,*,#1611,.T.);
#2178=ORIENTED_EDGE('',*,*,#1681,.T.);
#2179=ORIENTED_EDGE('',*,*,#1549,.F.);
#2180=ORIENTED_EDGE('',*,*,#1682,.F.);
#2181=ORIENTED_EDGE('',*,*,#1612,.T.);
#2182=ORIENTED_EDGE('',*,*,#1682,.T.);
#2183=ORIENTED_EDGE('',*,*,#1548,.F.);
#2184=ORIENTED_EDGE('',*,*,#1683,.F.);
#2185=ORIENTED_EDGE('',*,*,#1613,.T.);
#2186=ORIENTED_EDGE('',*,*,#1683,.T.);
#2187=ORIENTED_EDGE('',*,*,#1547,.F.);
#2188=ORIENTED_EDGE('',*,*,#1684,.F.);
#2189=ORIENTED_EDGE('',*,*,#1614,.T.);
#2190=ORIENTED_EDGE('',*,*,#1684,.T.);
#2191=ORIENTED_EDGE('',*,*,#1546,.F.);
#2192=ORIENTED_EDGE('',*,*,#1685,.F.);
#2193=ORIENTED_EDGE('',*,*,#1595,.T.);
#2194=ORIENTED_EDGE('',*,*,#1685,.T.);
#2195=ORIENTED_EDGE('',*,*,#1545,.F.);
#2196=ORIENTED_EDGE('',*,*,#1666,.F.);
#2197=ORIENTED_EDGE('',*,*,#1394,.T.);
#2198=ORIENTED_EDGE('',*,*,#1686,.T.);
#2199=ORIENTED_EDGE('',*,*,#1513,.F.);
#2200=ORIENTED_EDGE('',*,*,#1687,.F.);
#2201=ORIENTED_EDGE('',*,*,#1395,.T.);
#2202=ORIENTED_EDGE('',*,*,#1687,.T.);
#2203=ORIENTED_EDGE('',*,*,#1512,.F.);
#2204=ORIENTED_EDGE('',*,*,#1688,.F.);
#2205=ORIENTED_EDGE('',*,*,#1396,.T.);
#2206=ORIENTED_EDGE('',*,*,#1688,.T.);
#2207=ORIENTED_EDGE('',*,*,#1511,.F.);
#2208=ORIENTED_EDGE('',*,*,#1689,.F.);
#2209=ORIENTED_EDGE('',*,*,#1397,.T.);
#2210=ORIENTED_EDGE('',*,*,#1689,.T.);
#2211=ORIENTED_EDGE('',*,*,#1510,.F.);
#2212=ORIENTED_EDGE('',*,*,#1690,.F.);
#2213=ORIENTED_EDGE('',*,*,#1398,.T.);
#2214=ORIENTED_EDGE('',*,*,#1690,.T.);
#2215=ORIENTED_EDGE('',*,*,#1509,.F.);
#2216=ORIENTED_EDGE('',*,*,#1691,.F.);
#2217=ORIENTED_EDGE('',*,*,#1399,.T.);
#2218=ORIENTED_EDGE('',*,*,#1691,.T.);
#2219=ORIENTED_EDGE('',*,*,#1508,.F.);
#2220=ORIENTED_EDGE('',*,*,#1692,.F.);
#2221=ORIENTED_EDGE('',*,*,#1400,.T.);
#2222=ORIENTED_EDGE('',*,*,#1692,.T.);
#2223=ORIENTED_EDGE('',*,*,#1507,.F.);
#2224=ORIENTED_EDGE('',*,*,#1693,.F.);
#2225=ORIENTED_EDGE('',*,*,#1401,.T.);
#2226=ORIENTED_EDGE('',*,*,#1693,.T.);
#2227=ORIENTED_EDGE('',*,*,#1506,.F.);
#2228=ORIENTED_EDGE('',*,*,#1694,.F.);
#2229=ORIENTED_EDGE('',*,*,#1402,.T.);
#2230=ORIENTED_EDGE('',*,*,#1694,.T.);
#2231=ORIENTED_EDGE('',*,*,#1505,.F.);
#2232=ORIENTED_EDGE('',*,*,#1695,.F.);
#2233=ORIENTED_EDGE('',*,*,#1403,.T.);
#2234=ORIENTED_EDGE('',*,*,#1695,.T.);
#2235=ORIENTED_EDGE('',*,*,#1504,.F.);
#2236=ORIENTED_EDGE('',*,*,#1696,.F.);
#2237=ORIENTED_EDGE('',*,*,#1404,.T.);
#2238=ORIENTED_EDGE('',*,*,#1696,.T.);
#2239=ORIENTED_EDGE('',*,*,#1503,.F.);
#2240=ORIENTED_EDGE('',*,*,#1697,.F.);
#2241=ORIENTED_EDGE('',*,*,#1405,.T.);
#2242=ORIENTED_EDGE('',*,*,#1697,.T.);
#2243=ORIENTED_EDGE('',*,*,#1502,.F.);
#2244=ORIENTED_EDGE('',*,*,#1698,.F.);
#2245=ORIENTED_EDGE('',*,*,#1406,.T.);
#2246=ORIENTED_EDGE('',*,*,#1698,.T.);
#2247=ORIENTED_EDGE('',*,*,#1501,.F.);
#2248=ORIENTED_EDGE('',*,*,#1699,.F.);
#2249=ORIENTED_EDGE('',*,*,#1407,.T.);
#2250=ORIENTED_EDGE('',*,*,#1699,.T.);
#2251=ORIENTED_EDGE('',*,*,#1500,.F.);
#2252=ORIENTED_EDGE('',*,*,#1700,.F.);
#2253=ORIENTED_EDGE('',*,*,#1408,.T.);
#2254=ORIENTED_EDGE('',*,*,#1700,.T.);
#2255=ORIENTED_EDGE('',*,*,#1499,.F.);
#2256=ORIENTED_EDGE('',*,*,#1701,.F.);
#2257=ORIENTED_EDGE('',*,*,#1393,.T.);
#2258=ORIENTED_EDGE('',*,*,#1701,.T.);
#2259=ORIENTED_EDGE('',*,*,#1498,.F.);
#2260=ORIENTED_EDGE('',*,*,#1686,.F.);
#2261=ORIENTED_EDGE('',*,*,#1464,.T.);
#2262=ORIENTED_EDGE('',*,*,#1702,.T.);
#2263=ORIENTED_EDGE('',*,*,#1662,.F.);
#2264=ORIENTED_EDGE('',*,*,#1703,.F.);
#2265=ORIENTED_EDGE('',*,*,#1465,.T.);
#2266=ORIENTED_EDGE('',*,*,#1703,.T.);
#2267=ORIENTED_EDGE('',*,*,#1661,.F.);
#2268=ORIENTED_EDGE('',*,*,#1704,.F.);
#2269=ORIENTED_EDGE('',*,*,#1466,.T.);
#2270=ORIENTED_EDGE('',*,*,#1704,.T.);
#2271=ORIENTED_EDGE('',*,*,#1660,.F.);
#2272=ORIENTED_EDGE('',*,*,#1705,.F.);
#2273=ORIENTED_EDGE('',*,*,#1467,.T.);
#2274=ORIENTED_EDGE('',*,*,#1705,.T.);
#2275=ORIENTED_EDGE('',*,*,#1659,.F.);
#2276=ORIENTED_EDGE('',*,*,#1706,.F.);
#2277=ORIENTED_EDGE('',*,*,#1468,.T.);
#2278=ORIENTED_EDGE('',*,*,#1706,.T.);
#2279=ORIENTED_EDGE('',*,*,#1658,.F.);
#2280=ORIENTED_EDGE('',*,*,#1707,.F.);
#2281=ORIENTED_EDGE('',*,*,#1469,.T.);
#2282=ORIENTED_EDGE('',*,*,#1707,.T.);
#2283=ORIENTED_EDGE('',*,*,#1657,.F.);
#2284=ORIENTED_EDGE('',*,*,#1708,.F.);
#2285=ORIENTED_EDGE('',*,*,#1470,.T.);
#2286=ORIENTED_EDGE('',*,*,#1708,.T.);
#2287=ORIENTED_EDGE('',*,*,#1656,.F.);
#2288=ORIENTED_EDGE('',*,*,#1709,.F.);
#2289=ORIENTED_EDGE('',*,*,#1471,.T.);
#2290=ORIENTED_EDGE('',*,*,#1709,.T.);
#2291=ORIENTED_EDGE('',*,*,#1655,.F.);
#2292=ORIENTED_EDGE('',*,*,#1710,.F.);
#2293=ORIENTED_EDGE('',*,*,#1472,.T.);
#2294=ORIENTED_EDGE('',*,*,#1710,.T.);
#2295=ORIENTED_EDGE('',*,*,#1654,.F.);
#2296=ORIENTED_EDGE('',*,*,#1711,.F.);
#2297=ORIENTED_EDGE('',*,*,#1473,.T.);
#2298=ORIENTED_EDGE('',*,*,#1711,.T.);
#2299=ORIENTED_EDGE('',*,*,#1653,.F.);
#2300=ORIENTED_EDGE('',*,*,#1712,.F.);
#2301=ORIENTED_EDGE('',*,*,#1474,.T.);
#2302=ORIENTED_EDGE('',*,*,#1712,.T.);
#2303=ORIENTED_EDGE('',*,*,#1652,.F.);
#2304=ORIENTED_EDGE('',*,*,#1713,.F.);
#2305=ORIENTED_EDGE('',*,*,#1475,.T.);
#2306=ORIENTED_EDGE('',*,*,#1713,.T.);
#2307=ORIENTED_EDGE('',*,*,#1651,.F.);
#2308=ORIENTED_EDGE('',*,*,#1714,.F.);
#2309=ORIENTED_EDGE('',*,*,#1476,.T.);
#2310=ORIENTED_EDGE('',*,*,#1714,.T.);
#2311=ORIENTED_EDGE('',*,*,#1650,.F.);
#2312=ORIENTED_EDGE('',*,*,#1715,.F.);
#2313=ORIENTED_EDGE('',*,*,#1477,.T.);
#2314=ORIENTED_EDGE('',*,*,#1715,.T.);
#2315=ORIENTED_EDGE('',*,*,#1649,.F.);
#2316=ORIENTED_EDGE('',*,*,#1716,.F.);
#2317=ORIENTED_EDGE('',*,*,#1478,.T.);
#2318=ORIENTED_EDGE('',*,*,#1716,.T.);
#2319=ORIENTED_EDGE('',*,*,#1648,.F.);
#2320=ORIENTED_EDGE('',*,*,#1717,.F.);
#2321=ORIENTED_EDGE('',*,*,#1463,.T.);
#2322=ORIENTED_EDGE('',*,*,#1717,.T.);
#2323=ORIENTED_EDGE('',*,*,#1647,.F.);
#2324=ORIENTED_EDGE('',*,*,#1702,.F.);
#2325=ORIENTED_EDGE('',*,*,#1718,.T.);
#2326=ORIENTED_EDGE('',*,*,#1719,.T.);
#2327=ORIENTED_EDGE('',*,*,#1441,.F.);
#2328=ORIENTED_EDGE('',*,*,#1720,.F.);
#2329=ORIENTED_EDGE('',*,*,#1721,.T.);
#2330=ORIENTED_EDGE('',*,*,#1720,.T.);
#2331=ORIENTED_EDGE('',*,*,#1440,.F.);
#2332=ORIENTED_EDGE('',*,*,#1722,.F.);
#2333=ORIENTED_EDGE('',*,*,#1723,.T.);
#2334=ORIENTED_EDGE('',*,*,#1722,.T.);
#2335=ORIENTED_EDGE('',*,*,#1439,.F.);
#2336=ORIENTED_EDGE('',*,*,#1724,.F.);
#2337=ORIENTED_EDGE('',*,*,#1725,.T.);
#2338=ORIENTED_EDGE('',*,*,#1724,.T.);
#2339=ORIENTED_EDGE('',*,*,#1438,.F.);
#2340=ORIENTED_EDGE('',*,*,#1726,.F.);
#2341=ORIENTED_EDGE('',*,*,#1727,.T.);
#2342=ORIENTED_EDGE('',*,*,#1726,.T.);
#2343=ORIENTED_EDGE('',*,*,#1437,.F.);
#2344=ORIENTED_EDGE('',*,*,#1728,.F.);
#2345=ORIENTED_EDGE('',*,*,#1729,.T.);
#2346=ORIENTED_EDGE('',*,*,#1728,.T.);
#2347=ORIENTED_EDGE('',*,*,#1436,.F.);
#2348=ORIENTED_EDGE('',*,*,#1730,.F.);
#2349=ORIENTED_EDGE('',*,*,#1731,.T.);
#2350=ORIENTED_EDGE('',*,*,#1730,.T.);
#2351=ORIENTED_EDGE('',*,*,#1435,.F.);
#2352=ORIENTED_EDGE('',*,*,#1732,.F.);
#2353=ORIENTED_EDGE('',*,*,#1733,.T.);
#2354=ORIENTED_EDGE('',*,*,#1732,.T.);
#2355=ORIENTED_EDGE('',*,*,#1434,.F.);
#2356=ORIENTED_EDGE('',*,*,#1719,.F.);
#2357=ORIENTED_EDGE('',*,*,#1616,.T.);
#2358=ORIENTED_EDGE('',*,*,#1734,.T.);
#2359=ORIENTED_EDGE('',*,*,#1584,.F.);
#2360=ORIENTED_EDGE('',*,*,#1735,.F.);
#2361=ORIENTED_EDGE('',*,*,#1617,.T.);
#2362=ORIENTED_EDGE('',*,*,#1735,.T.);
#2363=ORIENTED_EDGE('',*,*,#1583,.F.);
#2364=ORIENTED_EDGE('',*,*,#1736,.F.);
#2365=ORIENTED_EDGE('',*,*,#1618,.T.);
#2366=ORIENTED_EDGE('',*,*,#1736,.T.);
#2367=ORIENTED_EDGE('',*,*,#1582,.F.);
#2368=ORIENTED_EDGE('',*,*,#1737,.F.);
#2369=ORIENTED_EDGE('',*,*,#1619,.T.);
#2370=ORIENTED_EDGE('',*,*,#1737,.T.);
#2371=ORIENTED_EDGE('',*,*,#1581,.F.);
#2372=ORIENTED_EDGE('',*,*,#1738,.F.);
#2373=ORIENTED_EDGE('',*,*,#1620,.T.);
#2374=ORIENTED_EDGE('',*,*,#1738,.T.);
#2375=ORIENTED_EDGE('',*,*,#1580,.F.);
#2376=ORIENTED_EDGE('',*,*,#1739,.F.);
#2377=ORIENTED_EDGE('',*,*,#1621,.T.);
#2378=ORIENTED_EDGE('',*,*,#1739,.T.);
#2379=ORIENTED_EDGE('',*,*,#1579,.F.);
#2380=ORIENTED_EDGE('',*,*,#1740,.F.);
#2381=ORIENTED_EDGE('',*,*,#1622,.T.);
#2382=ORIENTED_EDGE('',*,*,#1740,.T.);
#2383=ORIENTED_EDGE('',*,*,#1578,.F.);
#2384=ORIENTED_EDGE('',*,*,#1741,.F.);
#2385=ORIENTED_EDGE('',*,*,#1623,.T.);
#2386=ORIENTED_EDGE('',*,*,#1741,.T.);
#2387=ORIENTED_EDGE('',*,*,#1577,.F.);
#2388=ORIENTED_EDGE('',*,*,#1742,.F.);
#2389=ORIENTED_EDGE('',*,*,#1624,.T.);
#2390=ORIENTED_EDGE('',*,*,#1742,.T.);
#2391=ORIENTED_EDGE('',*,*,#1576,.F.);
#2392=ORIENTED_EDGE('',*,*,#1743,.F.);
#2393=ORIENTED_EDGE('',*,*,#1625,.T.);
#2394=ORIENTED_EDGE('',*,*,#1743,.T.);
#2395=ORIENTED_EDGE('',*,*,#1575,.F.);
#2396=ORIENTED_EDGE('',*,*,#1744,.F.);
#2397=ORIENTED_EDGE('',*,*,#1626,.T.);
#2398=ORIENTED_EDGE('',*,*,#1744,.T.);
#2399=ORIENTED_EDGE('',*,*,#1574,.F.);
#2400=ORIENTED_EDGE('',*,*,#1745,.F.);
#2401=ORIENTED_EDGE('',*,*,#1627,.T.);
#2402=ORIENTED_EDGE('',*,*,#1745,.T.);
#2403=ORIENTED_EDGE('',*,*,#1573,.F.);
#2404=ORIENTED_EDGE('',*,*,#1746,.F.);
#2405=ORIENTED_EDGE('',*,*,#1628,.T.);
#2406=ORIENTED_EDGE('',*,*,#1746,.T.);
#2407=ORIENTED_EDGE('',*,*,#1572,.F.);
#2408=ORIENTED_EDGE('',*,*,#1747,.F.);
#2409=ORIENTED_EDGE('',*,*,#1629,.T.);
#2410=ORIENTED_EDGE('',*,*,#1747,.T.);
#2411=ORIENTED_EDGE('',*,*,#1571,.F.);
#2412=ORIENTED_EDGE('',*,*,#1748,.F.);
#2413=ORIENTED_EDGE('',*,*,#1630,.T.);
#2414=ORIENTED_EDGE('',*,*,#1748,.T.);
#2415=ORIENTED_EDGE('',*,*,#1570,.F.);
#2416=ORIENTED_EDGE('',*,*,#1749,.F.);
#2417=ORIENTED_EDGE('',*,*,#1631,.T.);
#2418=ORIENTED_EDGE('',*,*,#1749,.T.);
#2419=ORIENTED_EDGE('',*,*,#1569,.F.);
#2420=ORIENTED_EDGE('',*,*,#1750,.F.);
#2421=ORIENTED_EDGE('',*,*,#1632,.T.);
#2422=ORIENTED_EDGE('',*,*,#1750,.T.);
#2423=ORIENTED_EDGE('',*,*,#1568,.F.);
#2424=ORIENTED_EDGE('',*,*,#1751,.F.);
#2425=ORIENTED_EDGE('',*,*,#1633,.T.);
#2426=ORIENTED_EDGE('',*,*,#1751,.T.);
#2427=ORIENTED_EDGE('',*,*,#1567,.F.);
#2428=ORIENTED_EDGE('',*,*,#1752,.F.);
#2429=ORIENTED_EDGE('',*,*,#1634,.T.);
#2430=ORIENTED_EDGE('',*,*,#1752,.T.);
#2431=ORIENTED_EDGE('',*,*,#1566,.F.);
#2432=ORIENTED_EDGE('',*,*,#1753,.F.);
#2433=ORIENTED_EDGE('',*,*,#1615,.T.);
#2434=ORIENTED_EDGE('',*,*,#1753,.T.);
#2435=ORIENTED_EDGE('',*,*,#1565,.F.);
#2436=ORIENTED_EDGE('',*,*,#1734,.F.);
#2437=ORIENTED_EDGE('',*,*,#1754,.T.);
#2438=ORIENTED_EDGE('',*,*,#1755,.T.);
#2439=ORIENTED_EDGE('',*,*,#1442,.F.);
#2440=ORIENTED_EDGE('',*,*,#1755,.F.);
#2441=ORIENTED_EDGE('',*,*,#1756,.T.);
#2442=ORIENTED_EDGE('',*,*,#1757,.T.);
#2443=ORIENTED_EDGE('',*,*,#1443,.F.);
#2444=ORIENTED_EDGE('',*,*,#1757,.F.);
#2445=ORIENTED_EDGE('',*,*,#1758,.T.);
#2446=ORIENTED_EDGE('',*,*,#1759,.T.);
#2447=ORIENTED_EDGE('',*,*,#1444,.F.);
#2448=ORIENTED_EDGE('',*,*,#1759,.F.);
#2449=ORIENTED_EDGE('',*,*,#1760,.T.);
#2450=ORIENTED_EDGE('',*,*,#1761,.T.);
#2451=ORIENTED_EDGE('',*,*,#1445,.F.);
#2452=ORIENTED_EDGE('',*,*,#1761,.F.);
#2453=ORIENTED_EDGE('',*,*,#1384,.F.);
#2454=ORIENTED_EDGE('',*,*,#1762,.T.);
#2455=ORIENTED_EDGE('',*,*,#1496,.F.);
#2456=ORIENTED_EDGE('',*,*,#1763,.F.);
#2457=ORIENTED_EDGE('',*,*,#1385,.F.);
#2458=ORIENTED_EDGE('',*,*,#1763,.T.);
#2459=ORIENTED_EDGE('',*,*,#1495,.F.);
#2460=ORIENTED_EDGE('',*,*,#1764,.F.);
#2461=ORIENTED_EDGE('',*,*,#1386,.F.);
#2462=ORIENTED_EDGE('',*,*,#1764,.T.);
#2463=ORIENTED_EDGE('',*,*,#1494,.F.);
#2464=ORIENTED_EDGE('',*,*,#1765,.F.);
#2465=ORIENTED_EDGE('',*,*,#1387,.T.);
#2466=ORIENTED_EDGE('',*,*,#1765,.T.);
#2467=ORIENTED_EDGE('',*,*,#1493,.F.);
#2468=ORIENTED_EDGE('',*,*,#1766,.F.);
#2469=ORIENTED_EDGE('',*,*,#1388,.T.);
#2470=ORIENTED_EDGE('',*,*,#1766,.T.);
#2471=ORIENTED_EDGE('',*,*,#1492,.F.);
#2472=ORIENTED_EDGE('',*,*,#1767,.F.);
#2473=ORIENTED_EDGE('',*,*,#1389,.T.);
#2474=ORIENTED_EDGE('',*,*,#1767,.T.);
#2475=ORIENTED_EDGE('',*,*,#1491,.F.);
#2476=ORIENTED_EDGE('',*,*,#1768,.F.);
#2477=ORIENTED_EDGE('',*,*,#1390,.F.);
#2478=ORIENTED_EDGE('',*,*,#1768,.T.);
#2479=ORIENTED_EDGE('',*,*,#1490,.F.);
#2480=ORIENTED_EDGE('',*,*,#1769,.F.);
#2481=ORIENTED_EDGE('',*,*,#1391,.T.);
#2482=ORIENTED_EDGE('',*,*,#1769,.T.);
#2483=ORIENTED_EDGE('',*,*,#1489,.F.);
#2484=ORIENTED_EDGE('',*,*,#1419,.F.);
#2485=ORIENTED_EDGE('',*,*,#1411,.F.);
#2486=ORIENTED_EDGE('',*,*,#1433,.F.);
#2487=ORIENTED_EDGE('',*,*,#1770,.F.);
#2488=ORIENTED_EDGE('',*,*,#1771,.T.);
#2489=ORIENTED_EDGE('',*,*,#1772,.F.);
#2490=ORIENTED_EDGE('',*,*,#1770,.T.);
#2491=ORIENTED_EDGE('',*,*,#1432,.F.);
#2492=ORIENTED_EDGE('',*,*,#1773,.F.);
#2493=ORIENTED_EDGE('',*,*,#1774,.T.);
#2494=ORIENTED_EDGE('',*,*,#1773,.T.);
#2495=ORIENTED_EDGE('',*,*,#1431,.F.);
#2496=ORIENTED_EDGE('',*,*,#1775,.F.);
#2497=ORIENTED_EDGE('',*,*,#1776,.T.);
#2498=ORIENTED_EDGE('',*,*,#1775,.T.);
#2499=ORIENTED_EDGE('',*,*,#1430,.F.);
#2500=ORIENTED_EDGE('',*,*,#1777,.F.);
#2501=ORIENTED_EDGE('',*,*,#1663,.F.);
#2502=ORIENTED_EDGE('',*,*,#1778,.F.);
#2503=ORIENTED_EDGE('',*,*,#1777,.T.);
#2504=ORIENTED_EDGE('',*,*,#1429,.F.);
#2505=ORIENTED_EDGE('',*,*,#1519,.F.);
#2506=ORIENTED_EDGE('',*,*,#1529,.T.);
#2507=ORIENTED_EDGE('',*,*,#1665,.T.);
#2508=ORIENTED_EDGE('',*,*,#1779,.F.);
#2509=ORIENTED_EDGE('',*,*,#1520,.F.);
#2510=ORIENTED_EDGE('',*,*,#1585,.F.);
#2511=ORIENTED_EDGE('',*,*,#1522,.T.);
#2512=ORIENTED_EDGE('',*,*,#1544,.F.);
#2513=ORIENTED_EDGE('',*,*,#1780,.F.);
#2514=ORIENTED_EDGE('',*,*,#1586,.T.);
#2515=ORIENTED_EDGE('',*,*,#1780,.T.);
#2516=ORIENTED_EDGE('',*,*,#1543,.F.);
#2517=ORIENTED_EDGE('',*,*,#1781,.F.);
#2518=ORIENTED_EDGE('',*,*,#1587,.F.);
#2519=ORIENTED_EDGE('',*,*,#1781,.T.);
#2520=ORIENTED_EDGE('',*,*,#1542,.F.);
#2521=ORIENTED_EDGE('',*,*,#1782,.F.);
#2522=ORIENTED_EDGE('',*,*,#1588,.T.);
#2523=ORIENTED_EDGE('',*,*,#1782,.T.);
#2524=ORIENTED_EDGE('',*,*,#1541,.F.);
#2525=ORIENTED_EDGE('',*,*,#1783,.F.);
#2526=ORIENTED_EDGE('',*,*,#1589,.T.);
#2527=ORIENTED_EDGE('',*,*,#1783,.T.);
#2528=ORIENTED_EDGE('',*,*,#1540,.F.);
#2529=ORIENTED_EDGE('',*,*,#1784,.F.);
#2530=ORIENTED_EDGE('',*,*,#1590,.T.);
#2531=ORIENTED_EDGE('',*,*,#1784,.T.);
#2532=ORIENTED_EDGE('',*,*,#1539,.F.);
#2533=ORIENTED_EDGE('',*,*,#1785,.F.);
#2534=ORIENTED_EDGE('',*,*,#1591,.T.);
#2535=ORIENTED_EDGE('',*,*,#1785,.T.);
#2536=ORIENTED_EDGE('',*,*,#1538,.F.);
#2537=ORIENTED_EDGE('',*,*,#1786,.F.);
#2538=ORIENTED_EDGE('',*,*,#1592,.T.);
#2539=ORIENTED_EDGE('',*,*,#1786,.T.);
#2540=ORIENTED_EDGE('',*,*,#1537,.F.);
#2541=ORIENTED_EDGE('',*,*,#1787,.F.);
#2542=ORIENTED_EDGE('',*,*,#1593,.T.);
#2543=ORIENTED_EDGE('',*,*,#1787,.T.);
#2544=ORIENTED_EDGE('',*,*,#1536,.F.);
#2545=ORIENTED_EDGE('',*,*,#1788,.F.);
#2546=ORIENTED_EDGE('',*,*,#1530,.T.);
#2547=ORIENTED_EDGE('',*,*,#1533,.T.);
#2548=ORIENTED_EDGE('',*,*,#1594,.T.);
#2549=ORIENTED_EDGE('',*,*,#1788,.T.);
#2550=ORIENTED_EDGE('',*,*,#1535,.F.);
#2551=ORIENTED_EDGE('',*,*,#1635,.T.);
#2552=ORIENTED_EDGE('',*,*,#1526,.F.);
#2553=ORIENTED_EDGE('',*,*,#1532,.T.);
#2554=ORIENTED_EDGE('',*,*,#1789,.F.);
#2555=ORIENTED_EDGE('',*,*,#1790,.T.);
#2556=ORIENTED_EDGE('',*,*,#1636,.T.);
#2557=ORIENTED_EDGE('',*,*,#1426,.F.);
#2558=ORIENTED_EDGE('',*,*,#1791,.F.);
#2559=ORIENTED_EDGE('',*,*,#1792,.F.);
#2560=ORIENTED_EDGE('',*,*,#1791,.T.);
#2561=ORIENTED_EDGE('',*,*,#1425,.F.);
#2562=ORIENTED_EDGE('',*,*,#1793,.F.);
#2563=ORIENTED_EDGE('',*,*,#1794,.F.);
#2564=ORIENTED_EDGE('',*,*,#1793,.T.);
#2565=ORIENTED_EDGE('',*,*,#1424,.F.);
#2566=ORIENTED_EDGE('',*,*,#1516,.F.);
#2567=ORIENTED_EDGE('',*,*,#1484,.F.);
#2568=ORIENTED_EDGE('',*,*,#1518,.T.);
#2569=ORIENTED_EDGE('',*,*,#1514,.T.);
#2570=ORIENTED_EDGE('',*,*,#1483,.F.);
#2571=ORIENTED_EDGE('',*,*,#1453,.T.);
#2572=ORIENTED_EDGE('',*,*,#1486,.T.);
#2573=ORIENTED_EDGE('',*,*,#1646,.F.);
#2574=ORIENTED_EDGE('',*,*,#1795,.F.);
#2575=ORIENTED_EDGE('',*,*,#1454,.T.);
#2576=ORIENTED_EDGE('',*,*,#1795,.T.);
#2577=ORIENTED_EDGE('',*,*,#1645,.F.);
#2578=ORIENTED_EDGE('',*,*,#1796,.F.);
#2579=ORIENTED_EDGE('',*,*,#1455,.T.);
#2580=ORIENTED_EDGE('',*,*,#1796,.T.);
#2581=ORIENTED_EDGE('',*,*,#1644,.F.);
#2582=ORIENTED_EDGE('',*,*,#1797,.F.);
#2583=ORIENTED_EDGE('',*,*,#1456,.F.);
#2584=ORIENTED_EDGE('',*,*,#1797,.T.);
#2585=ORIENTED_EDGE('',*,*,#1643,.F.);
#2586=ORIENTED_EDGE('',*,*,#1798,.F.);
#2587=ORIENTED_EDGE('',*,*,#1457,.T.);
#2588=ORIENTED_EDGE('',*,*,#1798,.T.);
#2589=ORIENTED_EDGE('',*,*,#1642,.F.);
#2590=ORIENTED_EDGE('',*,*,#1799,.F.);
#2591=ORIENTED_EDGE('',*,*,#1458,.F.);
#2592=ORIENTED_EDGE('',*,*,#1799,.T.);
#2593=ORIENTED_EDGE('',*,*,#1641,.F.);
#2594=ORIENTED_EDGE('',*,*,#1800,.F.);
#2595=ORIENTED_EDGE('',*,*,#1459,.F.);
#2596=ORIENTED_EDGE('',*,*,#1800,.T.);
#2597=ORIENTED_EDGE('',*,*,#1640,.F.);
#2598=ORIENTED_EDGE('',*,*,#1801,.F.);
#2599=ORIENTED_EDGE('',*,*,#1460,.T.);
#2600=ORIENTED_EDGE('',*,*,#1801,.T.);
#2601=ORIENTED_EDGE('',*,*,#1639,.F.);
#2602=ORIENTED_EDGE('',*,*,#1802,.F.);
#2603=ORIENTED_EDGE('',*,*,#1461,.T.);
#2604=ORIENTED_EDGE('',*,*,#1802,.T.);
#2605=ORIENTED_EDGE('',*,*,#1638,.F.);
#2606=ORIENTED_EDGE('',*,*,#1487,.F.);
#2607=ORIENTED_EDGE('',*,*,#1416,.F.);
#2608=ORIENTED_EDGE('',*,*,#1450,.F.);
#2609=ORIENTED_EDGE('',*,*,#1446,.T.);
#2610=ORIENTED_EDGE('',*,*,#1414,.F.);
#2611=ORIENTED_EDGE('',*,*,#1383,.T.);
#2612=ORIENTED_EDGE('',*,*,#1418,.T.);
#2613=ORIENTED_EDGE('',*,*,#1497,.F.);
#2614=ORIENTED_EDGE('',*,*,#1762,.F.);
#2615=ORIENTED_EDGE('',*,*,#1534,.F.);
#2616=ORIENTED_EDGE('',*,*,#1779,.T.);
#2617=ORIENTED_EDGE('',*,*,#1664,.T.);
#2618=ORIENTED_EDGE('',*,*,#1428,.T.);
#2619=ORIENTED_EDGE('',*,*,#1789,.T.);
#2620=ORIENTED_EDGE('',*,*,#1531,.T.);
#2621=ORIENTED_EDGE('',*,*,#1449,.F.);
#2622=ORIENTED_EDGE('',*,*,#1771,.F.);
#2623=ORIENTED_EDGE('',*,*,#1772,.T.);
#2624=ORIENTED_EDGE('',*,*,#1774,.F.);
#2625=ORIENTED_EDGE('',*,*,#1776,.F.);
#2626=ORIENTED_EDGE('',*,*,#1778,.T.);
#2627=ORIENTED_EDGE('',*,*,#1527,.F.);
#2628=ORIENTED_EDGE('',*,*,#1637,.T.);
#2629=ORIENTED_EDGE('',*,*,#1790,.F.);
#2630=ORIENTED_EDGE('',*,*,#1792,.T.);
#2631=ORIENTED_EDGE('',*,*,#1794,.T.);
#2632=ORIENTED_EDGE('',*,*,#1515,.F.);
#2633=ORIENTED_EDGE('',*,*,#1517,.F.);
#2634=ORIENTED_EDGE('',*,*,#1447,.T.);
#2635=ORIENTED_EDGE('',*,*,#1760,.F.);
#2636=ORIENTED_EDGE('',*,*,#1758,.F.);
#2637=ORIENTED_EDGE('',*,*,#1756,.F.);
#2638=ORIENTED_EDGE('',*,*,#1754,.F.);
#2639=ORIENTED_EDGE('',*,*,#1733,.F.);
#2640=ORIENTED_EDGE('',*,*,#1718,.F.);
#2641=ORIENTED_EDGE('',*,*,#1721,.F.);
#2642=ORIENTED_EDGE('',*,*,#1723,.F.);
#2643=ORIENTED_EDGE('',*,*,#1725,.F.);
#2644=ORIENTED_EDGE('',*,*,#1727,.F.);
#2645=ORIENTED_EDGE('',*,*,#1729,.F.);
#2646=ORIENTED_EDGE('',*,*,#1731,.F.);
#2647=PLANE('',#2869);
#2648=PLANE('',#2891);
#2649=PLANE('',#2896);
#2650=PLANE('',#2897);
#2651=PLANE('',#2898);
#2652=PLANE('',#2913);
#2653=PLANE('',#2916);
#2654=PLANE('',#2938);
#2655=PLANE('',#2943);
#2656=PLANE('',#2944);
#2657=PLANE('',#2945);
#2658=PLANE('',#2967);
#2659=PLANE('',#2974);
#2660=PLANE('',#3000);
#2661=PLANE('',#3028);
#2662=PLANE('',#3050);
#2663=PLANE('',#3052);
#2664=PLANE('',#3054);
#2665=PLANE('',#3056);
#2666=PLANE('',#3058);
#2667=PLANE('',#3060);
#2668=PLANE('',#3062);
#2669=PLANE('',#3064);
#2670=PLANE('',#3066);
#2671=PLANE('',#3068);
#2672=PLANE('',#3102);
#2673=PLANE('',#3105);
#2674=PLANE('',#3108);
#2675=PLANE('',#3111);
#2676=PLANE('',#3114);
#2677=PLANE('',#3116);
#2678=PLANE('',#3118);
#2679=PLANE('',#3120);
#2680=PLANE('',#3122);
#2681=PLANE('',#3124);
#2682=PLANE('',#3126);
#2683=PLANE('',#3128);
#2684=PLANE('',#3130);
#2685=PLANE('',#3132);
#2686=PLANE('',#3142);
#2687=PLANE('',#3144);
#2688=PLANE('',#3146);
#2689=PLANE('',#3148);
#2690=PLANE('',#3150);
#2691=PLANE('',#3153);
#2692=PLANE('',#3158);
#2693=PLANE('',#3160);
#2694=PLANE('',#3162);
#2695=PLANE('',#3164);
#2696=PLANE('',#3166);
#2697=PLANE('',#3170);
#2698=PLANE('',#3173);
#2699=PLANE('',#3175);
#2700=PLANE('',#3177);
#2701=PLANE('',#3179);
#2702=PLANE('',#3181);
#2703=PLANE('',#3183);
#2704=PLANE('',#3186);
#2705=ADVANCED_FACE('',(#133,#115),#2647,.F.);
#2706=ADVANCED_FACE('',(#134),#2648,.T.);
#2707=ADVANCED_FACE('',(#135),#27,.T.);
#2708=ADVANCED_FACE('',(#136),#2649,.T.);
#2709=ADVANCED_FACE('',(#137),#2650,.T.);
#2710=ADVANCED_FACE('',(#138,#116,#117,#118,#119,#120),#2651,.T.);
#2711=ADVANCED_FACE('',(#139),#2652,.T.);
#2712=ADVANCED_FACE('',(#140),#28,.F.);
#2713=ADVANCED_FACE('',(#141,#121),#2653,.F.);
#2714=ADVANCED_FACE('',(#142),#2654,.T.);
#2715=ADVANCED_FACE('',(#143),#29,.T.);
#2716=ADVANCED_FACE('',(#144),#2655,.T.);
#2717=ADVANCED_FACE('',(#145),#2656,.T.);
#2718=ADVANCED_FACE('',(#146,#122),#2657,.T.);
#2719=ADVANCED_FACE('',(#147),#2658,.T.);
#2720=ADVANCED_FACE('',(#148),#30,.F.);
#2721=ADVANCED_FACE('',(#149),#31,.T.);
#2722=ADVANCED_FACE('',(#150),#32,.T.);
#2723=ADVANCED_FACE('',(#151),#15,.F.);
#2724=ADVANCED_FACE('',(#152,#123,#124),#2659,.T.);
#2725=ADVANCED_FACE('',(#153,#125,#126),#2660,.F.);
#2726=ADVANCED_FACE('',(#154),#33,.F.);
#2727=ADVANCED_FACE('',(#155,#127),#2661,.T.);
#2728=ADVANCED_FACE('',(#156),#16,.T.);
#2729=ADVANCED_FACE('',(#157),#2662,.T.);
#2730=ADVANCED_FACE('',(#158),#34,.F.);
#2731=ADVANCED_FACE('',(#159),#2663,.T.);
#2732=ADVANCED_FACE('',(#160),#35,.T.);
#2733=ADVANCED_FACE('',(#161),#2664,.T.);
#2734=ADVANCED_FACE('',(#162),#36,.T.);
#2735=ADVANCED_FACE('',(#163),#2665,.T.);
#2736=ADVANCED_FACE('',(#164),#37,.T.);
#2737=ADVANCED_FACE('',(#165),#2666,.T.);
#2738=ADVANCED_FACE('',(#166),#38,.T.);
#2739=ADVANCED_FACE('',(#167),#2667,.T.);
#2740=ADVANCED_FACE('',(#168),#39,.F.);
#2741=ADVANCED_FACE('',(#169),#2668,.T.);
#2742=ADVANCED_FACE('',(#170),#40,.F.);
#2743=ADVANCED_FACE('',(#171),#2669,.T.);
#2744=ADVANCED_FACE('',(#172),#41,.F.);
#2745=ADVANCED_FACE('',(#173),#2670,.T.);
#2746=ADVANCED_FACE('',(#174),#42,.F.);
#2747=ADVANCED_FACE('',(#175),#2671,.T.);
#2748=ADVANCED_FACE('',(#176),#43,.F.);
#2749=ADVANCED_FACE('',(#177),#44,.T.);
#2750=ADVANCED_FACE('',(#178),#45,.F.);
#2751=ADVANCED_FACE('',(#179),#46,.T.);
#2752=ADVANCED_FACE('',(#180),#47,.F.);
#2753=ADVANCED_FACE('',(#181),#48,.T.);
#2754=ADVANCED_FACE('',(#182),#49,.F.);
#2755=ADVANCED_FACE('',(#183),#50,.T.);
#2756=ADVANCED_FACE('',(#184),#51,.F.);
#2757=ADVANCED_FACE('',(#185),#52,.T.);
#2758=ADVANCED_FACE('',(#186),#53,.F.);
#2759=ADVANCED_FACE('',(#187),#54,.T.);
#2760=ADVANCED_FACE('',(#188),#55,.F.);
#2761=ADVANCED_FACE('',(#189),#56,.T.);
#2762=ADVANCED_FACE('',(#190),#57,.F.);
#2763=ADVANCED_FACE('',(#191),#58,.T.);
#2764=ADVANCED_FACE('',(#192),#59,.F.);
#2765=ADVANCED_FACE('',(#193),#60,.T.);
#2766=ADVANCED_FACE('',(#194),#61,.F.);
#2767=ADVANCED_FACE('',(#195),#62,.T.);
#2768=ADVANCED_FACE('',(#196),#63,.F.);
#2769=ADVANCED_FACE('',(#197),#64,.T.);
#2770=ADVANCED_FACE('',(#198),#65,.F.);
#2771=ADVANCED_FACE('',(#199),#66,.T.);
#2772=ADVANCED_FACE('',(#200),#67,.F.);
#2773=ADVANCED_FACE('',(#201),#68,.T.);
#2774=ADVANCED_FACE('',(#202),#69,.F.);
#2775=ADVANCED_FACE('',(#203),#70,.T.);
#2776=ADVANCED_FACE('',(#204),#71,.F.);
#2777=ADVANCED_FACE('',(#205),#72,.T.);
#2778=ADVANCED_FACE('',(#206),#73,.F.);
#2779=ADVANCED_FACE('',(#207),#74,.T.);
#2780=ADVANCED_FACE('',(#208),#75,.F.);
#2781=ADVANCED_FACE('',(#209),#2672,.T.);
#2782=ADVANCED_FACE('',(#210),#76,.F.);
#2783=ADVANCED_FACE('',(#211),#2673,.T.);
#2784=ADVANCED_FACE('',(#212),#77,.F.);
#2785=ADVANCED_FACE('',(#213),#2674,.T.);
#2786=ADVANCED_FACE('',(#214),#78,.F.);
#2787=ADVANCED_FACE('',(#215),#2675,.T.);
#2788=ADVANCED_FACE('',(#216),#79,.F.);
#2789=ADVANCED_FACE('',(#217),#2676,.T.);
#2790=ADVANCED_FACE('',(#218),#80,.T.);
#2791=ADVANCED_FACE('',(#219),#2677,.T.);
#2792=ADVANCED_FACE('',(#220),#81,.F.);
#2793=ADVANCED_FACE('',(#221),#2678,.T.);
#2794=ADVANCED_FACE('',(#222),#82,.F.);
#2795=ADVANCED_FACE('',(#223),#2679,.T.);
#2796=ADVANCED_FACE('',(#224),#83,.F.);
#2797=ADVANCED_FACE('',(#225),#2680,.T.);
#2798=ADVANCED_FACE('',(#226),#84,.F.);
#2799=ADVANCED_FACE('',(#227),#2681,.T.);
#2800=ADVANCED_FACE('',(#228),#85,.F.);
#2801=ADVANCED_FACE('',(#229),#2682,.T.);
#2802=ADVANCED_FACE('',(#230),#86,.F.);
#2803=ADVANCED_FACE('',(#231),#2683,.T.);
#2804=ADVANCED_FACE('',(#232),#87,.T.);
#2805=ADVANCED_FACE('',(#233),#2684,.T.);
#2806=ADVANCED_FACE('',(#234),#88,.T.);
#2807=ADVANCED_FACE('',(#235),#2685,.T.);
#2808=ADVANCED_FACE('',(#236),#89,.T.);
#2809=ADVANCED_FACE('',(#237),#90,.F.);
#2810=ADVANCED_FACE('',(#238),#91,.F.);
#2811=ADVANCED_FACE('',(#239),#92,.F.);
#2812=ADVANCED_FACE('',(#240),#93,.F.);
#2813=ADVANCED_FACE('',(#241),#2686,.T.);
#2814=ADVANCED_FACE('',(#242),#94,.F.);
#2815=ADVANCED_FACE('',(#243),#2687,.T.);
#2816=ADVANCED_FACE('',(#244),#95,.T.);
#2817=ADVANCED_FACE('',(#245),#2688,.T.);
#2818=ADVANCED_FACE('',(#246),#96,.T.);
#2819=ADVANCED_FACE('',(#247),#2689,.T.);
#2820=ADVANCED_FACE('',(#248),#97,.T.);
#2821=ADVANCED_FACE('',(#249),#2690,.T.);
#2822=ADVANCED_FACE('',(#250),#98,.F.);
#2823=ADVANCED_FACE('',(#251),#2691,.T.);
#2824=ADVANCED_FACE('',(#252),#99,.T.);
#2825=ADVANCED_FACE('',(#253),#100,.F.);
#2826=ADVANCED_FACE('',(#254),#17,.F.);
#2827=ADVANCED_FACE('',(#255),#2692,.T.);
#2828=ADVANCED_FACE('',(#256),#101,.T.);
#2829=ADVANCED_FACE('',(#257),#2693,.T.);
#2830=ADVANCED_FACE('',(#258),#102,.T.);
#2831=ADVANCED_FACE('',(#259),#2694,.T.);
#2832=ADVANCED_FACE('',(#260),#103,.T.);
#2833=ADVANCED_FACE('',(#261),#2695,.T.);
#2834=ADVANCED_FACE('',(#262),#104,.T.);
#2835=ADVANCED_FACE('',(#263),#2696,.T.);
#2836=ADVANCED_FACE('',(#264),#105,.T.);
#2837=ADVANCED_FACE('',(#265),#18,.T.);
#2838=ADVANCED_FACE('',(#266),#106,.T.);
#2839=ADVANCED_FACE('',(#267),#2697,.T.);
#2840=ADVANCED_FACE('',(#268),#107,.F.);
#2841=ADVANCED_FACE('',(#269),#2698,.T.);
#2842=ADVANCED_FACE('',(#270),#108,.T.);
#2843=ADVANCED_FACE('',(#271),#2699,.T.);
#2844=ADVANCED_FACE('',(#272),#109,.T.);
#2845=ADVANCED_FACE('',(#273),#2700,.T.);
#2846=ADVANCED_FACE('',(#274),#110,.T.);
#2847=ADVANCED_FACE('',(#275),#2701,.T.);
#2848=ADVANCED_FACE('',(#276),#111,.F.);
#2849=ADVANCED_FACE('',(#277),#2702,.T.);
#2850=ADVANCED_FACE('',(#278),#112,.T.);
#2851=ADVANCED_FACE('',(#279),#2703,.T.);
#2852=ADVANCED_FACE('',(#280),#113,.T.);
#2853=ADVANCED_FACE('',(#281),#114,.F.);
#2854=ADVANCED_FACE('',(#282,#128,#129,#130,#131,#132),#2704,.F.);
#2855=CLOSED_SHELL('',(#2705,#2706,#2707,#2708,#2709,#2710,#2711,#2712,
#2713,#2714,#2715,#2716,#2717,#2718,#2719,#2720,#2721,#2722,#2723,#2724,
#2725,#2726,#2727,#2728,#2729,#2730,#2731,#2732,#2733,#2734,#2735,#2736,
#2737,#2738,#2739,#2740,#2741,#2742,#2743,#2744,#2745,#2746,#2747,#2748,
#2749,#2750,#2751,#2752,#2753,#2754,#2755,#2756,#2757,#2758,#2759,#2760,
#2761,#2762,#2763,#2764,#2765,#2766,#2767,#2768,#2769,#2770,#2771,#2772,
#2773,#2774,#2775,#2776,#2777,#2778,#2779,#2780,#2781,#2782,#2783,#2784,
#2785,#2786,#2787,#2788,#2789,#2790,#2791,#2792,#2793,#2794,#2795,#2796,
#2797,#2798,#2799,#2800,#2801,#2802,#2803,#2804,#2805,#2806,#2807,#2808,
#2809,#2810,#2811,#2812,#2813,#2814,#2815,#2816,#2817,#2818,#2819,#2820,
#2821,#2822,#2823,#2824,#2825,#2826,#2827,#2828,#2829,#2830,#2831,#2832,
#2833,#2834,#2835,#2836,#2837,#2838,#2839,#2840,#2841,#2842,#2843,#2844,
#2845,#2846,#2847,#2848,#2849,#2850,#2851,#2852,#2853,#2854));
#2856=DERIVED_UNIT_ELEMENT(#2858,1.);
#2857=DERIVED_UNIT_ELEMENT(#5045,-3.);
#2858=(
MASS_UNIT()
NAMED_UNIT(*)
SI_UNIT(.KILO.,.GRAM.)
);
#2859=DERIVED_UNIT((#2856,#2857));
#2860=MEASURE_REPRESENTATION_ITEM('density measure',
POSITIVE_RATIO_MEASURE(7850.),#2859);
#2861=PROPERTY_DEFINITION_REPRESENTATION(#2866,#2863);
#2862=PROPERTY_DEFINITION_REPRESENTATION(#2867,#2864);
#2863=REPRESENTATION('material name',(#2865),#5042);
#2864=REPRESENTATION('density',(#2860),#5042);
#2865=DESCRIPTIVE_REPRESENTATION_ITEM('\X2\94A2\X0\','\X2\94A2\X0\');
#2866=PROPERTY_DEFINITION('material property','material name',#5052);
#2867=PROPERTY_DEFINITION('material property','density of part',#5052);
#2868=AXIS2_PLACEMENT_3D('',#4067,#3187,#3188);
#2869=AXIS2_PLACEMENT_3D('',#4068,#3189,#3190);
#2870=AXIS2_PLACEMENT_3D('',#4075,#3193,#3194);
#2871=AXIS2_PLACEMENT_3D('',#4079,#3196,#3197);
#2872=AXIS2_PLACEMENT_3D('',#4083,#3199,#3200);
#2873=AXIS2_PLACEMENT_3D('',#4087,#3202,#3203);
#2874=AXIS2_PLACEMENT_3D('',#4091,#3205,#3206);
#2875=AXIS2_PLACEMENT_3D('',#4095,#3208,#3209);
#2876=AXIS2_PLACEMENT_3D('',#4097,#3210,#3211);
#2877=AXIS2_PLACEMENT_3D('',#4099,#3212,#3213);
#2878=AXIS2_PLACEMENT_3D('',#4101,#3214,#3215);
#2879=AXIS2_PLACEMENT_3D('',#4103,#3216,#3217);
#2880=AXIS2_PLACEMENT_3D('',#4105,#3218,#3219);
#2881=AXIS2_PLACEMENT_3D('',#4107,#3220,#3221);
#2882=AXIS2_PLACEMENT_3D('',#4109,#3222,#3223);
#2883=AXIS2_PLACEMENT_3D('',#4111,#3224,#3225);
#2884=AXIS2_PLACEMENT_3D('',#4113,#3226,#3227);
#2885=AXIS2_PLACEMENT_3D('',#4115,#3228,#3229);
#2886=AXIS2_PLACEMENT_3D('',#4117,#3230,#3231);
#2887=AXIS2_PLACEMENT_3D('',#4119,#3232,#3233);
#2888=AXIS2_PLACEMENT_3D('',#4121,#3234,#3235);
#2889=AXIS2_PLACEMENT_3D('',#4123,#3236,#3237);
#2890=AXIS2_PLACEMENT_3D('',#4124,#3238,#3239);
#2891=AXIS2_PLACEMENT_3D('',#4125,#3240,#3241);
#2892=AXIS2_PLACEMENT_3D('',#4129,#3243,#3244);
#2893=AXIS2_PLACEMENT_3D('',#4132,#3246,#3247);
#2894=AXIS2_PLACEMENT_3D('',#4133,#3248,#3249);
#2895=AXIS2_PLACEMENT_3D('',#4137,#3251,#3252);
#2896=AXIS2_PLACEMENT_3D('',#4139,#3254,#3255);
#2897=AXIS2_PLACEMENT_3D('',#4144,#3259,#3260);
#2898=AXIS2_PLACEMENT_3D('',#4148,#3263,#3264);
#2899=AXIS2_PLACEMENT_3D('',#4156,#3268,#3269);
#2900=AXIS2_PLACEMENT_3D('',#4160,#3271,#3272);
#2901=AXIS2_PLACEMENT_3D('',#4162,#3273,#3274);
#2902=AXIS2_PLACEMENT_3D('',#4166,#3276,#3277);
#2903=AXIS2_PLACEMENT_3D('',#4168,#3278,#3279);
#2904=AXIS2_PLACEMENT_3D('',#4172,#3281,#3282);
#2905=AXIS2_PLACEMENT_3D('',#4176,#3284,#3285);
#2906=AXIS2_PLACEMENT_3D('',#4180,#3287,#3288);
#2907=AXIS2_PLACEMENT_3D('',#4184,#3290,#3291);
#2908=AXIS2_PLACEMENT_3D('',#4188,#3293,#3294);
#2909=AXIS2_PLACEMENT_3D('',#4191,#3296,#3297);
#2910=AXIS2_PLACEMENT_3D('',#4193,#3298,#3299);
#2911=AXIS2_PLACEMENT_3D('',#4195,#3300,#3301);
#2912=AXIS2_PLACEMENT_3D('',#4197,#3302,#3303);
#2913=AXIS2_PLACEMENT_3D('',#4198,#3304,#3305);
#2914=AXIS2_PLACEMENT_3D('',#4204,#3309,#3310);
#2915=AXIS2_PLACEMENT_3D('',#4206,#3312,#3313);
#2916=AXIS2_PLACEMENT_3D('',#4207,#3314,#3315);
#2917=AXIS2_PLACEMENT_3D('',#4214,#3318,#3319);
#2918=AXIS2_PLACEMENT_3D('',#4218,#3321,#3322);
#2919=AXIS2_PLACEMENT_3D('',#4222,#3324,#3325);
#2920=AXIS2_PLACEMENT_3D('',#4226,#3327,#3328);
#2921=AXIS2_PLACEMENT_3D('',#4230,#3330,#3331);
#2922=AXIS2_PLACEMENT_3D('',#4234,#3333,#3334);
#2923=AXIS2_PLACEMENT_3D('',#4236,#3335,#3336);
#2924=AXIS2_PLACEMENT_3D('',#4238,#3337,#3338);
#2925=AXIS2_PLACEMENT_3D('',#4240,#3339,#3340);
#2926=AXIS2_PLACEMENT_3D('',#4242,#3341,#3342);
#2927=AXIS2_PLACEMENT_3D('',#4244,#3343,#3344);
#2928=AXIS2_PLACEMENT_3D('',#4246,#3345,#3346);
#2929=AXIS2_PLACEMENT_3D('',#4248,#3347,#3348);
#2930=AXIS2_PLACEMENT_3D('',#4250,#3349,#3350);
#2931=AXIS2_PLACEMENT_3D('',#4252,#3351,#3352);
#2932=AXIS2_PLACEMENT_3D('',#4254,#3353,#3354);
#2933=AXIS2_PLACEMENT_3D('',#4256,#3355,#3356);
#2934=AXIS2_PLACEMENT_3D('',#4258,#3357,#3358);
#2935=AXIS2_PLACEMENT_3D('',#4260,#3359,#3360);
#2936=AXIS2_PLACEMENT_3D('',#4262,#3361,#3362);
#2937=AXIS2_PLACEMENT_3D('',#4263,#3363,#3364);
#2938=AXIS2_PLACEMENT_3D('',#4264,#3365,#3366);
#2939=AXIS2_PLACEMENT_3D('',#4267,#3368,#3369);
#2940=AXIS2_PLACEMENT_3D('',#4268,#3370,#3371);
#2941=AXIS2_PLACEMENT_3D('',#4269,#3372,#3373);
#2942=AXIS2_PLACEMENT_3D('',#4272,#3375,#3376);
#2943=AXIS2_PLACEMENT_3D('',#4273,#3377,#3378);
#2944=AXIS2_PLACEMENT_3D('',#4278,#3382,#3383);
#2945=AXIS2_PLACEMENT_3D('',#4282,#3386,#3387);
#2946=AXIS2_PLACEMENT_3D('',#4284,#3388,#3389);
#2947=AXIS2_PLACEMENT_3D('',#4288,#3391,#3392);
#2948=AXIS2_PLACEMENT_3D('',#4292,#3394,#3395);
#2949=AXIS2_PLACEMENT_3D('',#4296,#3397,#3398);
#2950=AXIS2_PLACEMENT_3D('',#4299,#3400,#3401);
#2951=AXIS2_PLACEMENT_3D('',#4302,#3402,#3403);
#2952=AXIS2_PLACEMENT_3D('',#4304,#3404,#3405);
#2953=AXIS2_PLACEMENT_3D('',#4306,#3406,#3407);
#2954=AXIS2_PLACEMENT_3D('',#4308,#3408,#3409);
#2955=AXIS2_PLACEMENT_3D('',#4310,#3410,#3411);
#2956=AXIS2_PLACEMENT_3D('',#4312,#3412,#3413);
#2957=AXIS2_PLACEMENT_3D('',#4314,#3414,#3415);
#2958=AXIS2_PLACEMENT_3D('',#4316,#3416,#3417);
#2959=AXIS2_PLACEMENT_3D('',#4318,#3418,#3419);
#2960=AXIS2_PLACEMENT_3D('',#4320,#3420,#3421);
#2961=AXIS2_PLACEMENT_3D('',#4322,#3422,#3423);
#2962=AXIS2_PLACEMENT_3D('',#4324,#3424,#3425);
#2963=AXIS2_PLACEMENT_3D('',#4326,#3426,#3427);
#2964=AXIS2_PLACEMENT_3D('',#4328,#3428,#3429);
#2965=AXIS2_PLACEMENT_3D('',#4330,#3430,#3431);
#2966=AXIS2_PLACEMENT_3D('',#4331,#3432,#3433);
#2967=AXIS2_PLACEMENT_3D('',#4332,#3434,#3435);
#2968=AXIS2_PLACEMENT_3D('',#4338,#3439,#3440);
#2969=AXIS2_PLACEMENT_3D('',#4340,#3442,#3443);
#2970=AXIS2_PLACEMENT_3D('',#4341,#3444,#3445);
#2971=AXIS2_PLACEMENT_3D('',#4348,#3448,#3449);
#2972=AXIS2_PLACEMENT_3D('',#4351,#3451,#3452);
#2973=AXIS2_PLACEMENT_3D('',#4352,#3453,#3454);
#2974=AXIS2_PLACEMENT_3D('',#4404,#3460,#3461);
#2975=AXIS2_PLACEMENT_3D('',#4407,#3463,#3464);
#2976=AXIS2_PLACEMENT_3D('',#4411,#3466,#3467);
#2977=AXIS2_PLACEMENT_3D('',#4415,#3469,#3470);
#2978=AXIS2_PLACEMENT_3D('',#4419,#3472,#3473);
#2979=AXIS2_PLACEMENT_3D('',#4423,#3475,#3476);
#2980=AXIS2_PLACEMENT_3D('',#4427,#3478,#3479);
#2981=AXIS2_PLACEMENT_3D('',#4431,#3481,#3482);
#2982=AXIS2_PLACEMENT_3D('',#4435,#3484,#3485);
#2983=AXIS2_PLACEMENT_3D('',#4439,#3487,#3488);
#2984=AXIS2_PLACEMENT_3D('',#4443,#3490,#3491);
#2985=AXIS2_PLACEMENT_3D('',#4447,#3493,#3494);
#2986=AXIS2_PLACEMENT_3D('',#4451,#3496,#3497);
#2987=AXIS2_PLACEMENT_3D('',#4455,#3499,#3500);
#2988=AXIS2_PLACEMENT_3D('',#4459,#3502,#3503);
#2989=AXIS2_PLACEMENT_3D('',#4463,#3505,#3506);
#2990=AXIS2_PLACEMENT_3D('',#4467,#3508,#3509);
#2991=AXIS2_PLACEMENT_3D('',#4471,#3511,#3512);
#2992=AXIS2_PLACEMENT_3D('',#4475,#3514,#3515);
#2993=AXIS2_PLACEMENT_3D('',#4479,#3517,#3518);
#2994=AXIS2_PLACEMENT_3D('',#4483,#3520,#3521);
#2995=AXIS2_PLACEMENT_3D('',#4487,#3523,#3524);
#2996=AXIS2_PLACEMENT_3D('',#4491,#3526,#3527);
#2997=AXIS2_PLACEMENT_3D('',#4495,#3529,#3530);
#2998=AXIS2_PLACEMENT_3D('',#4499,#3532,#3533);
#2999=AXIS2_PLACEMENT_3D('',#4503,#3535,#3536);
#3000=AXIS2_PLACEMENT_3D('',#4505,#3538,#3539);
#3001=AXIS2_PLACEMENT_3D('',#4509,#3541,#3542);
#3002=AXIS2_PLACEMENT_3D('',#4513,#3544,#3545);
#3003=AXIS2_PLACEMENT_3D('',#4517,#3547,#3548);
#3004=AXIS2_PLACEMENT_3D('',#4521,#3550,#3551);
#3005=AXIS2_PLACEMENT_3D('',#4524,#3553,#3554);
#3006=AXIS2_PLACEMENT_3D('',#4527,#3555,#3556);
#3007=AXIS2_PLACEMENT_3D('',#4531,#3558,#3559);
#3008=AXIS2_PLACEMENT_3D('',#4535,#3561,#3562);
#3009=AXIS2_PLACEMENT_3D('',#4539,#3564,#3565);
#3010=AXIS2_PLACEMENT_3D('',#4543,#3567,#3568);
#3011=AXIS2_PLACEMENT_3D('',#4547,#3570,#3571);
#3012=AXIS2_PLACEMENT_3D('',#4551,#3573,#3574);
#3013=AXIS2_PLACEMENT_3D('',#4555,#3576,#3577);
#3014=AXIS2_PLACEMENT_3D('',#4559,#3579,#3580);
#3015=AXIS2_PLACEMENT_3D('',#4563,#3582,#3583);
#3016=AXIS2_PLACEMENT_3D('',#4567,#3585,#3586);
#3017=AXIS2_PLACEMENT_3D('',#4571,#3588,#3589);
#3018=AXIS2_PLACEMENT_3D('',#4575,#3591,#3592);
#3019=AXIS2_PLACEMENT_3D('',#4579,#3594,#3595);
#3020=AXIS2_PLACEMENT_3D('',#4583,#3597,#3598);
#3021=AXIS2_PLACEMENT_3D('',#4587,#3600,#3601);
#3022=AXIS2_PLACEMENT_3D('',#4591,#3603,#3604);
#3023=AXIS2_PLACEMENT_3D('',#4595,#3606,#3607);
#3024=AXIS2_PLACEMENT_3D('',#4599,#3609,#3610);
#3025=AXIS2_PLACEMENT_3D('',#4603,#3612,#3613);
#3026=AXIS2_PLACEMENT_3D('',#4605,#3615,#3616);
#3027=AXIS2_PLACEMENT_3D('',#4609,#3619,#3620);
#3028=AXIS2_PLACEMENT_3D('',#4610,#3621,#3622);
#3029=AXIS2_PLACEMENT_3D('',#4612,#3623,#3624);
#3030=AXIS2_PLACEMENT_3D('',#4616,#3626,#3627);
#3031=AXIS2_PLACEMENT_3D('',#4620,#3629,#3630);
#3032=AXIS2_PLACEMENT_3D('',#4624,#3632,#3633);
#3033=AXIS2_PLACEMENT_3D('',#4627,#3635,#3636);
#3034=AXIS2_PLACEMENT_3D('',#4630,#3637,#3638);
#3035=AXIS2_PLACEMENT_3D('',#4632,#3639,#3640);
#3036=AXIS2_PLACEMENT_3D('',#4634,#3641,#3642);
#3037=AXIS2_PLACEMENT_3D('',#4636,#3643,#3644);
#3038=AXIS2_PLACEMENT_3D('',#4638,#3645,#3646);
#3039=AXIS2_PLACEMENT_3D('',#4640,#3647,#3648);
#3040=AXIS2_PLACEMENT_3D('',#4642,#3649,#3650);
#3041=AXIS2_PLACEMENT_3D('',#4644,#3651,#3652);
#3042=AXIS2_PLACEMENT_3D('',#4646,#3653,#3654);
#3043=AXIS2_PLACEMENT_3D('',#4648,#3655,#3656);
#3044=AXIS2_PLACEMENT_3D('',#4650,#3657,#3658);
#3045=AXIS2_PLACEMENT_3D('',#4652,#3659,#3660);
#3046=AXIS2_PLACEMENT_3D('',#4654,#3661,#3662);
#3047=AXIS2_PLACEMENT_3D('',#4656,#3663,#3664);
#3048=AXIS2_PLACEMENT_3D('',#4658,#3665,#3666);
#3049=AXIS2_PLACEMENT_3D('',#4659,#3667,#3668);
#3050=AXIS2_PLACEMENT_3D('',#4703,#3671,#3672);
#3051=AXIS2_PLACEMENT_3D('',#4706,#3675,#3676);
#3052=AXIS2_PLACEMENT_3D('',#4708,#3678,#3679);
#3053=AXIS2_PLACEMENT_3D('',#4710,#3681,#3682);
#3054=AXIS2_PLACEMENT_3D('',#4712,#3684,#3685);
#3055=AXIS2_PLACEMENT_3D('',#4714,#3687,#3688);
#3056=AXIS2_PLACEMENT_3D('',#4716,#3690,#3691);
#3057=AXIS2_PLACEMENT_3D('',#4718,#3693,#3694);
#3058=AXIS2_PLACEMENT_3D('',#4720,#3696,#3697);
#3059=AXIS2_PLACEMENT_3D('',#4722,#3699,#3700);
#3060=AXIS2_PLACEMENT_3D('',#4724,#3702,#3703);
#3061=AXIS2_PLACEMENT_3D('',#4726,#3705,#3706);
#3062=AXIS2_PLACEMENT_3D('',#4728,#3708,#3709);
#3063=AXIS2_PLACEMENT_3D('',#4730,#3711,#3712);
#3064=AXIS2_PLACEMENT_3D('',#4732,#3714,#3715);
#3065=AXIS2_PLACEMENT_3D('',#4734,#3717,#3718);
#3066=AXIS2_PLACEMENT_3D('',#4736,#3720,#3721);
#3067=AXIS2_PLACEMENT_3D('',#4738,#3723,#3724);
#3068=AXIS2_PLACEMENT_3D('',#4740,#3726,#3727);
#3069=AXIS2_PLACEMENT_3D('',#4742,#3729,#3730);
#3070=AXIS2_PLACEMENT_3D('',#4743,#3731,#3732);
#3071=AXIS2_PLACEMENT_3D('',#4746,#3735,#3736);
#3072=AXIS2_PLACEMENT_3D('',#4748,#3738,#3739);
#3073=AXIS2_PLACEMENT_3D('',#4750,#3741,#3742);
#3074=AXIS2_PLACEMENT_3D('',#4752,#3744,#3745);
#3075=AXIS2_PLACEMENT_3D('',#4754,#3747,#3748);
#3076=AXIS2_PLACEMENT_3D('',#4756,#3750,#3751);
#3077=AXIS2_PLACEMENT_3D('',#4758,#3753,#3754);
#3078=AXIS2_PLACEMENT_3D('',#4760,#3756,#3757);
#3079=AXIS2_PLACEMENT_3D('',#4762,#3759,#3760);
#3080=AXIS2_PLACEMENT_3D('',#4764,#3762,#3763);
#3081=AXIS2_PLACEMENT_3D('',#4766,#3765,#3766);
#3082=AXIS2_PLACEMENT_3D('',#4768,#3768,#3769);
#3083=AXIS2_PLACEMENT_3D('',#4770,#3771,#3772);
#3084=AXIS2_PLACEMENT_3D('',#4772,#3774,#3775);
#3085=AXIS2_PLACEMENT_3D('',#4774,#3777,#3778);
#3086=AXIS2_PLACEMENT_3D('',#4775,#3779,#3780);
#3087=AXIS2_PLACEMENT_3D('',#4778,#3783,#3784);
#3088=AXIS2_PLACEMENT_3D('',#4780,#3786,#3787);
#3089=AXIS2_PLACEMENT_3D('',#4782,#3789,#3790);
#3090=AXIS2_PLACEMENT_3D('',#4784,#3792,#3793);
#3091=AXIS2_PLACEMENT_3D('',#4786,#3795,#3796);
#3092=AXIS2_PLACEMENT_3D('',#4788,#3798,#3799);
#3093=AXIS2_PLACEMENT_3D('',#4790,#3801,#3802);
#3094=AXIS2_PLACEMENT_3D('',#4792,#3804,#3805);
#3095=AXIS2_PLACEMENT_3D('',#4794,#3807,#3808);
#3096=AXIS2_PLACEMENT_3D('',#4796,#3810,#3811);
#3097=AXIS2_PLACEMENT_3D('',#4798,#3813,#3814);
#3098=AXIS2_PLACEMENT_3D('',#4800,#3816,#3817);
#3099=AXIS2_PLACEMENT_3D('',#4802,#3819,#3820);
#3100=AXIS2_PLACEMENT_3D('',#4804,#3822,#3823);
#3101=AXIS2_PLACEMENT_3D('',#4806,#3825,#3826);
#3102=AXIS2_PLACEMENT_3D('',#4807,#3827,#3828);
#3103=AXIS2_PLACEMENT_3D('',#4813,#3832,#3833);
#3104=AXIS2_PLACEMENT_3D('',#4815,#3834,#3835);
#3105=AXIS2_PLACEMENT_3D('',#4817,#3837,#3838);
#3106=AXIS2_PLACEMENT_3D('',#4821,#3841,#3842);
#3107=AXIS2_PLACEMENT_3D('',#4823,#3843,#3844);
#3108=AXIS2_PLACEMENT_3D('',#4825,#3846,#3847);
#3109=AXIS2_PLACEMENT_3D('',#4829,#3850,#3851);
#3110=AXIS2_PLACEMENT_3D('',#4831,#3852,#3853);
#3111=AXIS2_PLACEMENT_3D('',#4833,#3855,#3856);
#3112=AXIS2_PLACEMENT_3D('',#4837,#3859,#3860);
#3113=AXIS2_PLACEMENT_3D('',#4838,#3861,#3862);
#3114=AXIS2_PLACEMENT_3D('',#4839,#3863,#3864);
#3115=AXIS2_PLACEMENT_3D('',#4842,#3867,#3868);
#3116=AXIS2_PLACEMENT_3D('',#4844,#3870,#3871);
#3117=AXIS2_PLACEMENT_3D('',#4846,#3873,#3874);
#3118=AXIS2_PLACEMENT_3D('',#4848,#3876,#3877);
#3119=AXIS2_PLACEMENT_3D('',#4850,#3879,#3880);
#3120=AXIS2_PLACEMENT_3D('',#4852,#3882,#3883);
#3121=AXIS2_PLACEMENT_3D('',#4854,#3885,#3886);
#3122=AXIS2_PLACEMENT_3D('',#4856,#3888,#3889);
#3123=AXIS2_PLACEMENT_3D('',#4858,#3891,#3892);
#3124=AXIS2_PLACEMENT_3D('',#4860,#3894,#3895);
#3125=AXIS2_PLACEMENT_3D('',#4862,#3897,#3898);
#3126=AXIS2_PLACEMENT_3D('',#4864,#3900,#3901);
#3127=AXIS2_PLACEMENT_3D('',#4866,#3903,#3904);
#3128=AXIS2_PLACEMENT_3D('',#4868,#3906,#3907);
#3129=AXIS2_PLACEMENT_3D('',#4870,#3909,#3910);
#3130=AXIS2_PLACEMENT_3D('',#4872,#3912,#3913);
#3131=AXIS2_PLACEMENT_3D('',#4874,#3915,#3916);
#3132=AXIS2_PLACEMENT_3D('',#4876,#3918,#3919);
#3133=AXIS2_PLACEMENT_3D('',#4878,#3921,#3922);
#3134=AXIS2_PLACEMENT_3D('',#4879,#3923,#3924);
#3135=AXIS2_PLACEMENT_3D('',#4881,#3925,#3926);
#3136=AXIS2_PLACEMENT_3D('',#4883,#3928,#3929);
#3137=AXIS2_PLACEMENT_3D('',#4885,#3930,#3931);
#3138=AXIS2_PLACEMENT_3D('',#4887,#3933,#3934);
#3139=AXIS2_PLACEMENT_3D('',#4889,#3935,#3936);
#3140=AXIS2_PLACEMENT_3D('',#4891,#3938,#3939);
#3141=AXIS2_PLACEMENT_3D('',#4893,#3940,#3941);
#3142=AXIS2_PLACEMENT_3D('',#4895,#3943,#3944);
#3143=AXIS2_PLACEMENT_3D('',#4898,#3947,#3948);
#3144=AXIS2_PLACEMENT_3D('',#4900,#3950,#3951);
#3145=AXIS2_PLACEMENT_3D('',#4902,#3953,#3954);
#3146=AXIS2_PLACEMENT_3D('',#4904,#3956,#3957);
#3147=AXIS2_PLACEMENT_3D('',#4906,#3959,#3960);
#3148=AXIS2_PLACEMENT_3D('',#4908,#3962,#3963);
#3149=AXIS2_PLACEMENT_3D('',#4910,#3965,#3966);
#3150=AXIS2_PLACEMENT_3D('',#4911,#3967,#3968);
#3151=AXIS2_PLACEMENT_3D('',#4915,#3971,#3972);
#3152=AXIS2_PLACEMENT_3D('',#4917,#3973,#3974);
#3153=AXIS2_PLACEMENT_3D('',#4919,#3976,#3977);
#3154=AXIS2_PLACEMENT_3D('',#4923,#3980,#3981);
#3155=AXIS2_PLACEMENT_3D('',#4925,#3982,#3983);
#3156=AXIS2_PLACEMENT_3D('',#4927,#3985,#3986);
#3157=AXIS2_PLACEMENT_3D('',#4928,#3987,#3988);
#3158=AXIS2_PLACEMENT_3D('',#4949,#3989,#3990);
#3159=AXIS2_PLACEMENT_3D('',#4951,#3992,#3993);
#3160=AXIS2_PLACEMENT_3D('',#4953,#3995,#3996);
#3161=AXIS2_PLACEMENT_3D('',#4955,#3998,#3999);
#3162=AXIS2_PLACEMENT_3D('',#4957,#4001,#4002);
#3163=AXIS2_PLACEMENT_3D('',#4959,#4004,#4005);
#3164=AXIS2_PLACEMENT_3D('',#4961,#4007,#4008);
#3165=AXIS2_PLACEMENT_3D('',#4963,#4010,#4011);
#3166=AXIS2_PLACEMENT_3D('',#4965,#4013,#4014);
#3167=AXIS2_PLACEMENT_3D('',#4967,#4016,#4017);
#3168=AXIS2_PLACEMENT_3D('',#5008,#4018,#4019);
#3169=AXIS2_PLACEMENT_3D('',#5010,#4020,#4021);
#3170=AXIS2_PLACEMENT_3D('',#5012,#4023,#4024);
#3171=AXIS2_PLACEMENT_3D('',#5016,#4027,#4028);
#3172=AXIS2_PLACEMENT_3D('',#5017,#4029,#4030);
#3173=AXIS2_PLACEMENT_3D('',#5018,#4031,#4032);
#3174=AXIS2_PLACEMENT_3D('',#5019,#4033,#4034);
#3175=AXIS2_PLACEMENT_3D('',#5021,#4036,#4037);
#3176=AXIS2_PLACEMENT_3D('',#5023,#4039,#4040);
#3177=AXIS2_PLACEMENT_3D('',#5025,#4042,#4043);
#3178=AXIS2_PLACEMENT_3D('',#5027,#4045,#4046);
#3179=AXIS2_PLACEMENT_3D('',#5029,#4048,#4049);
#3180=AXIS2_PLACEMENT_3D('',#5031,#4051,#4052);
#3181=AXIS2_PLACEMENT_3D('',#5033,#4054,#4055);
#3182=AXIS2_PLACEMENT_3D('',#5035,#4057,#4058);
#3183=AXIS2_PLACEMENT_3D('',#5036,#4059,#4060);
#3184=AXIS2_PLACEMENT_3D('',#5037,#4061,#4062);
#3185=AXIS2_PLACEMENT_3D('',#5038,#4063,#4064);
#3186=AXIS2_PLACEMENT_3D('',#5039,#4065,#4066);
#3187=DIRECTION('axis',(0.,0.,1.));
#3188=DIRECTION('refdir',(1.,0.,0.));
#3189=DIRECTION('center_axis',(0.,1.,-5.14531160026499E-14));
#3190=DIRECTION('ref_axis',(1.,0.,0.));
#3191=DIRECTION('',(-1.,0.,0.));
#3192=DIRECTION('',(-1.56616224273701E-14,-5.14531160026499E-14,-1.));
#3193=DIRECTION('center_axis',(0.,1.,-5.14531160026499E-14));
#3194=DIRECTION('ref_axis',(-0.707106781188366,-3.63828472385582E-14,-0.707106781184729));
#3195=DIRECTION('',(0.70710678118581,3.48528888390372E-12,-0.707106781187285));
#3196=DIRECTION('center_axis',(-5.30622970354524E-12,1.,-5.35768281954805E-12));
#3197=DIRECTION('ref_axis',(0.707106781186526,7.54052485905941E-12,0.707106781186568));
#3198=DIRECTION('',(2.09961400349495E-15,-5.1370377570267E-14,-1.));
#3199=DIRECTION('center_axis',(0.,1.,-5.14531160026499E-14));
#3200=DIRECTION('ref_axis',(-0.707106781188359,-3.63828472385586E-14,-0.707106781184736));
#3201=DIRECTION('',(-0.707106781185792,3.63828472386907E-14,0.707106781187303));
#3202=DIRECTION('center_axis',(0.,1.,-5.14531160026499E-14));
#3203=DIRECTION('ref_axis',(0.707106781188363,-3.63828472385584E-14,-0.707106781184732));
#3204=DIRECTION('',(0.707106781185792,3.63828472386907E-14,0.707106781187303));
#3205=DIRECTION('center_axis',(0.,1.,-5.14531160026499E-14));
#3206=DIRECTION('ref_axis',(1.,0.,0.));
#3207=DIRECTION('',(-7.98478721744105E-14,-3.97027994606497E-13,-1.));
#3208=DIRECTION('center_axis',(0.,-1.,5.14531160026499E-14));
#3209=DIRECTION('ref_axis',(0.966922398713738,-1.31241836137674E-14,-0.255070725222773));
#3210=DIRECTION('center_axis',(0.,1.,-5.14531160026499E-14));
#3211=DIRECTION('ref_axis',(-0.775623225690029,-3.24770100304568E-14,-0.631196175345031));
#3212=DIRECTION('center_axis',(0.,-1.,5.14531160026499E-14));
#3213=DIRECTION('ref_axis',(0.77562322568801,3.24770100305845E-14,0.631196175347512));
#3214=DIRECTION('center_axis',(0.,1.,-5.14531160026499E-14));
#3215=DIRECTION('ref_axis',(0.255070725228165,4.97511703465053E-14,0.966922398712315));
#3216=DIRECTION('center_axis',(0.,-1.,5.14531160026499E-14));
#3217=DIRECTION('ref_axis',(-0.255070725227067,-4.97511703465202E-14,-0.966922398712605));
#3218=DIRECTION('center_axis',(0.,1.,-5.14531160026499E-14));
#3219=DIRECTION('ref_axis',(-0.631196175338767,3.99082318060408E-14,0.775623225695126));
#3220=DIRECTION('center_axis',(0.,-1.,5.14531160026499E-14));
#3221=DIRECTION('ref_axis',(0.631196175343399,-3.99082318058469E-14,-0.775623225691356));
#3222=DIRECTION('center_axis',(0.,1.,-5.14531160026499E-14));
#3223=DIRECTION('ref_axis',(0.966922398689144,-1.31241836185643E-14,-0.255070725316002));
#3224=DIRECTION('center_axis',(0.,-1.,5.14531160026499E-14));
#3225=DIRECTION('ref_axis',(-0.966922398713738,1.31241836137674E-14,0.255070725222773));
#3226=DIRECTION('center_axis',(0.,1.,-5.14531160026499E-14));
#3227=DIRECTION('ref_axis',(0.775623225690029,3.24770100304568E-14,0.631196175345031));
#3228=DIRECTION('center_axis',(0.,-1.,5.14531160026499E-14));
#3229=DIRECTION('ref_axis',(-0.775623225692545,-3.24770100302977E-14,-0.631196175341939));
#3230=DIRECTION('center_axis',(0.,1.,-5.14531160026499E-14));
#3231=DIRECTION('ref_axis',(-0.255070725236679,-4.97511703463897E-14,-0.966922398710069));
#3232=DIRECTION('center_axis',(0.,-1.,5.14531160026499E-14));
#3233=DIRECTION('ref_axis',(0.255070725227067,4.97511703465202E-14,0.966922398712605));
#3234=DIRECTION('center_axis',(0.,1.,-5.14531160026499E-14));
#3235=DIRECTION('ref_axis',(0.63119617534502,-3.9908231805779E-14,-0.775623225690038));
#3236=DIRECTION('center_axis',(0.,-1.,5.14531160026499E-14));
#3237=DIRECTION('ref_axis',(-0.631196175344612,3.99082318057961E-14,0.775623225690369));
#3238=DIRECTION('center_axis',(0.,1.,-5.14531160026499E-14));
#3239=DIRECTION('ref_axis',(-0.966922398699554,1.31241836165339E-14,0.25507072527654));
#3240=DIRECTION('center_axis',(1.,0.,0.));
#3241=DIRECTION('ref_axis',(0.,0.,-1.));
#3242=DIRECTION('',(0.,-1.,5.14531160026499E-14));
#3243=DIRECTION('center_axis',(-1.,0.,0.));
#3244=DIRECTION('ref_axis',(0.,0.,1.));
#3245=DIRECTION('',(0.,0.,-1.));
#3246=DIRECTION('center_axis',(-1.,0.,0.));
#3247=DIRECTION('ref_axis',(0.,0.,1.));
#3248=DIRECTION('center_axis',(-1.,0.,0.));
#3249=DIRECTION('ref_axis',(0.,0.,1.));
#3250=DIRECTION('',(1.,0.,0.));
#3251=DIRECTION('center_axis',(1.,0.,0.));
#3252=DIRECTION('ref_axis',(0.,1.,-5.14529322387875E-14));
#3253=DIRECTION('',(1.,0.,0.));
#3254=DIRECTION('center_axis',(-1.,8.05839275545176E-28,1.56616224273701E-14));
#3255=DIRECTION('ref_axis',(1.56616224273701E-14,5.14531160026499E-14,1.));
#3256=DIRECTION('',(0.,1.,-5.14531160026499E-14));
#3257=DIRECTION('',(1.56616224273701E-14,5.14531160026499E-14,1.));
#3258=DIRECTION('',(0.,1.,-5.14531160026499E-14));
#3259=DIRECTION('center_axis',(1.,-4.10842182955471E-27,-7.98478721744105E-14));
#3260=DIRECTION('ref_axis',(-7.98478721744105E-14,-3.97027994606497E-13,
-1.));
#3261=DIRECTION('',(0.,1.,-5.14531160026499E-14));
#3262=DIRECTION('',(-7.98478721744105E-14,-3.97027994606497E-13,-1.));
#3263=DIRECTION('center_axis',(0.,0.,1.));
#3264=DIRECTION('ref_axis',(1.,0.,0.));
#3265=DIRECTION('',(1.56616224273701E-14,-1.,0.));
#3266=DIRECTION('',(-1.,0.,0.));
#3267=DIRECTION('',(1.22842880268324E-15,1.,0.));
#3268=DIRECTION('center_axis',(5.29878206999193E-12,-5.29878206999225E-12,
-1.));
#3269=DIRECTION('ref_axis',(-0.707106781186526,0.707106781186568,-7.4936094674422E-12));
#3270=DIRECTION('',(0.707106781187589,0.707106781185506,1.10361966189718E-15));
#3271=DIRECTION('center_axis',(0.,0.,1.));
#3272=DIRECTION('ref_axis',(0.707106781188366,-0.707106781184729,0.));
#3273=DIRECTION('center_axis',(0.,0.,-1.));
#3274=DIRECTION('ref_axis',(0.778009274989891,0.628252789910004,0.));
#3275=DIRECTION('',(0.,-1.,0.));
#3276=DIRECTION('center_axis',(0.,0.,-1.));
#3277=DIRECTION('ref_axis',(-0.994377442215735,0.105893826130197,0.));
#3278=DIRECTION('center_axis',(0.,0.,1.));
#3279=DIRECTION('ref_axis',(0.99437744221574,-0.105893826130152,0.));
#3280=DIRECTION('',(-0.707106781185102,0.707106781187993,6.89369124188532E-12));
#3281=DIRECTION('center_axis',(0.,0.,-1.));
#3282=DIRECTION('ref_axis',(-1.,0.,0.));
#3283=DIRECTION('',(-7.98478721744105E-14,1.,-3.45574878603847E-13));
#3284=DIRECTION('center_axis',(0.,0.,-1.));
#3285=DIRECTION('ref_axis',(-0.707106781188371,0.707106781184724,0.));
#3286=DIRECTION('',(0.707106781186393,0.707106781186702,0.));
#3287=DIRECTION('center_axis',(0.,0.,-1.));
#3288=DIRECTION('ref_axis',(0.707106781184734,0.707106781188361,0.));
#3289=DIRECTION('',(0.707106781186919,-0.707106781186176,0.));
#3290=DIRECTION('center_axis',(0.,0.,-1.));
#3291=DIRECTION('ref_axis',(0.707106781184649,-0.707106781188446,0.));
#3292=DIRECTION('',(-0.707106781186919,-0.707106781186176,0.));
#3293=DIRECTION('center_axis',(0.,0.,-1.));
#3294=DIRECTION('ref_axis',(-0.707106781187478,-0.707106781185617,0.));
#3295=DIRECTION('',(-0.707106781186389,0.707106781186706,0.));
#3296=DIRECTION('center_axis',(0.,0.,-1.));
#3297=DIRECTION('ref_axis',(1.,0.,0.));
#3298=DIRECTION('center_axis',(0.,0.,-1.));
#3299=DIRECTION('ref_axis',(1.,0.,0.));
#3300=DIRECTION('center_axis',(0.,0.,-1.));
#3301=DIRECTION('ref_axis',(1.,0.,0.));
#3302=DIRECTION('center_axis',(0.,0.,-1.));
#3303=DIRECTION('ref_axis',(1.,0.,0.));
#3304=DIRECTION('center_axis',(-1.,-1.56616224273701E-14,0.));
#3305=DIRECTION('ref_axis',(1.56616224273701E-14,-1.,0.));
#3306=DIRECTION('',(0.,0.,1.));
#3307=DIRECTION('',(-1.56616224273701E-14,1.,0.));
#3308=DIRECTION('',(0.,0.,-1.));
#3309=DIRECTION('center_axis',(-1.,0.,0.));
#3310=DIRECTION('ref_axis',(0.,0.,1.));
#3311=DIRECTION('',(-1.,0.,0.));
#3312=DIRECTION('center_axis',(-1.,0.,0.));
#3313=DIRECTION('ref_axis',(0.,0.,1.));
#3314=DIRECTION('center_axis',(0.,-1.,-5.14531160026499E-14));
#3315=DIRECTION('ref_axis',(1.,0.,0.));
#3316=DIRECTION('',(1.,0.,0.));
#3317=DIRECTION('',(1.22842880268324E-15,-5.14531160026499E-14,1.));
#3318=DIRECTION('center_axis',(0.,-1.,-5.14531160026499E-14));
#3319=DIRECTION('ref_axis',(0.707106781184724,3.63828472387456E-14,-0.707106781188371));
#3320=DIRECTION('',(0.707106781186699,-3.6382847238644E-14,0.707106781186396));
#3321=DIRECTION('center_axis',(0.,-1.,-5.14531160026499E-14));
#3322=DIRECTION('ref_axis',(-0.707106781186739,3.6382847238642E-14,-0.707106781186356));
#3323=DIRECTION('',(-0.70710678118618,-3.63828472386707E-14,0.707106781186915));
#3324=DIRECTION('center_axis',(0.,-1.,-5.14531160026499E-14));
#3325=DIRECTION('ref_axis',(-1.,0.,0.));
#3326=DIRECTION('',(-1.36474910227171E-13,1.91276317865577E-12,1.));
#3327=DIRECTION('center_axis',(0.,-1.,-5.14531160026499E-14));
#3328=DIRECTION('ref_axis',(1.,0.,0.));
#3329=DIRECTION('',(0.707106781185048,8.20630102974137E-12,-0.707106781188047));
#3330=DIRECTION('center_axis',(0.,-1.,-5.14531160026499E-14));
#3331=DIRECTION('ref_axis',(-1.,0.,0.));
#3332=DIRECTION('',(-1.56616224273701E-14,-5.14531160026499E-14,1.));
#3333=DIRECTION('center_axis',(0.,1.,5.14531160026499E-14));
#3334=DIRECTION('ref_axis',(0.966922398712614,-1.31241836139867E-14,0.255070725227035));
#3335=DIRECTION('center_axis',(0.,-1.,-5.14531160026499E-14));
#3336=DIRECTION('ref_axis',(-0.775623225690125,-3.24770100304507E-14,0.631196175344912));
#3337=DIRECTION('center_axis',(0.,1.,5.14531160026499E-14));
#3338=DIRECTION('ref_axis',(0.775623225690282,3.24770100304408E-14,-0.63119617534472));
#3339=DIRECTION('center_axis',(0.,-1.,-5.14531160026499E-14));
#3340=DIRECTION('ref_axis',(0.25507072522275,4.97511703465788E-14,-0.966922398713744));
#3341=DIRECTION('center_axis',(0.,1.,5.14531160026499E-14));
#3342=DIRECTION('ref_axis',(-0.255070725226754,-4.97511703465244E-14,0.966922398712688));
#3343=DIRECTION('center_axis',(0.,-1.,-5.14531160026499E-14));
#3344=DIRECTION('ref_axis',(-0.631196175340943,3.99082318059497E-14,-0.775623225693355));
#3345=DIRECTION('center_axis',(0.,1.,5.14531160026499E-14));
#3346=DIRECTION('ref_axis',(0.631196175340594,-3.99082318059643E-14,0.775623225693639));
#3347=DIRECTION('center_axis',(0.,-1.,-5.14531160026499E-14));
#3348=DIRECTION('ref_axis',(0.966922398711955,-1.3124183614115E-14,0.25507072522953));
#3349=DIRECTION('center_axis',(0.,1.,5.14531160026499E-14));
#3350=DIRECTION('ref_axis',(-0.966922398712607,1.3124183613988E-14,-0.255070725227061));
#3351=DIRECTION('center_axis',(0.,-1.,-5.14531160026499E-14));
#3352=DIRECTION('ref_axis',(0.775623225690125,3.24770100304507E-14,-0.631196175344912));
#3353=DIRECTION('center_axis',(0.,1.,5.14531160026499E-14));
#3354=DIRECTION('ref_axis',(-0.775623225690312,-3.24770100304389E-14,0.631196175344682));
#3355=DIRECTION('center_axis',(0.,-1.,-5.14531160026499E-14));
#3356=DIRECTION('ref_axis',(-0.25507072522275,-4.97511703465788E-14,0.966922398713744));
#3357=DIRECTION('center_axis',(0.,1.,5.14531160026499E-14));
#3358=DIRECTION('ref_axis',(0.255070725228299,4.97511703465034E-14,-0.96692239871228));
#3359=DIRECTION('center_axis',(0.,-1.,-5.14531160026499E-14));
#3360=DIRECTION('ref_axis',(0.631196175344923,-3.99082318057831E-14,0.775623225690116));
#3361=DIRECTION('center_axis',(0.,1.,5.14531160026499E-14));
#3362=DIRECTION('ref_axis',(-0.631196175346923,3.99082318056993E-14,-0.775623225688489));
#3363=DIRECTION('center_axis',(0.,-1.,-5.14531160026499E-14));
#3364=DIRECTION('ref_axis',(-0.966922398711693,1.31241836141663E-14,-0.255070725230526));
#3365=DIRECTION('center_axis',(-1.,0.,0.));
#3366=DIRECTION('ref_axis',(0.,0.,1.));
#3367=DIRECTION('',(0.,1.,5.14531160026499E-14));
#3368=DIRECTION('center_axis',(1.,0.,0.));
#3369=DIRECTION('ref_axis',(0.,0.,1.));
#3370=DIRECTION('center_axis',(-1.,0.,0.));
#3371=DIRECTION('ref_axis',(0.,-1.,-5.13911830014936E-14));
#3372=DIRECTION('center_axis',(1.,0.,0.));
#3373=DIRECTION('ref_axis',(0.,0.,1.));
#3374=DIRECTION('',(-1.,0.,0.));
#3375=DIRECTION('center_axis',(-1.,0.,0.));
#3376=DIRECTION('ref_axis',(0.,-1.,-5.14529322384461E-14));
#3377=DIRECTION('center_axis',(1.,6.3206489685457E-29,-1.22842880268324E-15));
#3378=DIRECTION('ref_axis',(1.22842880268324E-15,-5.14531160026499E-14,
1.));
#3379=DIRECTION('',(0.,-1.,-5.14531160026499E-14));
#3380=DIRECTION('',(1.22842880268324E-15,-5.14531160026499E-14,1.));
#3381=DIRECTION('',(0.,-1.,-5.14531160026499E-14));
#3382=DIRECTION('center_axis',(-1.,8.05839275545176E-28,-1.56616224273701E-14));
#3383=DIRECTION('ref_axis',(1.56616224273701E-14,5.14531160026499E-14,-1.));
#3384=DIRECTION('',(0.,-1.,-5.14531160026499E-14));
#3385=DIRECTION('',(1.56616224273701E-14,5.14531160026499E-14,-1.));
#3386=DIRECTION('center_axis',(0.,1.,-5.14531160026499E-14));
#3387=DIRECTION('ref_axis',(1.,0.,0.));
#3388=DIRECTION('center_axis',(0.,1.,-5.14531160026499E-14));
#3389=DIRECTION('ref_axis',(1.,0.,0.));
#3390=DIRECTION('',(-0.707106781185792,-3.63828472386907E-14,-0.707106781187303));
#3391=DIRECTION('center_axis',(0.,1.,-5.14531160026499E-14));
#3392=DIRECTION('ref_axis',(0.707106781188363,-3.63828472385584E-14,-0.707106781184732));
#3393=DIRECTION('',(-0.707106781185792,3.63828472386907E-14,0.707106781187303));
#3394=DIRECTION('center_axis',(0.,1.,-5.14531160026499E-14));
#3395=DIRECTION('ref_axis',(-0.707106781188359,-3.63828472385586E-14,-0.707106781184736));
#3396=DIRECTION('',(-2.09961400349495E-15,5.1370377570267E-14,1.));
#3397=DIRECTION('center_axis',(5.30622970354524E-12,-1.,5.35768281954805E-12));
#3398=DIRECTION('ref_axis',(0.707106781186526,7.54052485905941E-12,0.707106781186568));
#3399=DIRECTION('',(-0.70710678118581,-3.48528888390372E-12,0.707106781187285));
#3400=DIRECTION('center_axis',(0.,1.,-5.14531160026499E-14));
#3401=DIRECTION('ref_axis',(-0.707106781188366,-3.63828472385582E-14,-0.707106781184729));
#3402=DIRECTION('center_axis',(0.,-1.,5.14531160026499E-14));
#3403=DIRECTION('ref_axis',(0.966922398713738,-1.31241836137674E-14,-0.255070725222773));
#3404=DIRECTION('center_axis',(0.,1.,-5.14531160026499E-14));
#3405=DIRECTION('ref_axis',(-0.966922398699554,1.31241836165339E-14,0.25507072527654));
#3406=DIRECTION('center_axis',(0.,-1.,5.14531160026499E-14));
#3407=DIRECTION('ref_axis',(-0.631196175344612,3.99082318057961E-14,0.775623225690369));
#3408=DIRECTION('center_axis',(0.,1.,-5.14531160026499E-14));
#3409=DIRECTION('ref_axis',(0.63119617534502,-3.9908231805779E-14,-0.775623225690038));
#3410=DIRECTION('center_axis',(0.,-1.,5.14531160026499E-14));
#3411=DIRECTION('ref_axis',(0.255070725227067,4.97511703465202E-14,0.966922398712605));
#3412=DIRECTION('center_axis',(0.,1.,-5.14531160026499E-14));
#3413=DIRECTION('ref_axis',(-0.255070725236679,-4.97511703463897E-14,-0.966922398710069));
#3414=DIRECTION('center_axis',(0.,-1.,5.14531160026499E-14));
#3415=DIRECTION('ref_axis',(-0.775623225692545,-3.24770100302977E-14,-0.631196175341939));
#3416=DIRECTION('center_axis',(0.,1.,-5.14531160026499E-14));
#3417=DIRECTION('ref_axis',(0.775623225690029,3.24770100304568E-14,0.631196175345031));
#3418=DIRECTION('center_axis',(0.,-1.,5.14531160026499E-14));
#3419=DIRECTION('ref_axis',(-0.966922398713738,1.31241836137674E-14,0.255070725222773));
#3420=DIRECTION('center_axis',(0.,1.,-5.14531160026499E-14));
#3421=DIRECTION('ref_axis',(0.966922398689144,-1.31241836185643E-14,-0.255070725316002));
#3422=DIRECTION('center_axis',(0.,-1.,5.14531160026499E-14));
#3423=DIRECTION('ref_axis',(0.631196175343399,-3.99082318058469E-14,-0.775623225691356));
#3424=DIRECTION('center_axis',(0.,1.,-5.14531160026499E-14));
#3425=DIRECTION('ref_axis',(-0.631196175338767,3.99082318060408E-14,0.775623225695126));
#3426=DIRECTION('center_axis',(0.,-1.,5.14531160026499E-14));
#3427=DIRECTION('ref_axis',(-0.255070725227067,-4.97511703465202E-14,-0.966922398712605));
#3428=DIRECTION('center_axis',(0.,1.,-5.14531160026499E-14));
#3429=DIRECTION('ref_axis',(0.255070725228165,4.97511703465053E-14,0.966922398712315));
#3430=DIRECTION('center_axis',(0.,-1.,5.14531160026499E-14));
#3431=DIRECTION('ref_axis',(0.77562322568801,3.24770100305845E-14,0.631196175347512));
#3432=DIRECTION('center_axis',(0.,1.,-5.14531160026499E-14));
#3433=DIRECTION('ref_axis',(-0.775623225690029,-3.24770100304568E-14,-0.631196175345031));
#3434=DIRECTION('center_axis',(1.,-1.22842880268324E-15,0.));
#3435=DIRECTION('ref_axis',(1.22842880268324E-15,1.,0.));
#3436=DIRECTION('',(0.,0.,1.));
#3437=DIRECTION('',(1.22842880268324E-15,1.,0.));
#3438=DIRECTION('',(0.,0.,1.));
#3439=DIRECTION('center_axis',(1.,0.,0.));
#3440=DIRECTION('ref_axis',(0.,0.,1.));
#3441=DIRECTION('',(1.,0.,0.));
#3442=DIRECTION('center_axis',(-1.,0.,0.));
#3443=DIRECTION('ref_axis',(0.,-1.,-5.13911829500066E-14));
#3444=DIRECTION('center_axis',(-1.,0.,5.39030285815812E-15));
#3445=DIRECTION('ref_axis',(0.,1.,0.));
#3446=DIRECTION('',(-1.,0.,5.39030285815812E-15));
#3447=DIRECTION('',(-1.,0.,5.39030285815812E-15));
#3448=DIRECTION('center_axis',(-1.,0.,5.39030285815812E-15));
#3449=DIRECTION('ref_axis',(0.,1.,0.));
#3450=DIRECTION('',(-1.,0.,5.39030285815812E-15));
#3451=DIRECTION('center_axis',(-1.,0.,5.39030285815812E-15));
#3452=DIRECTION('ref_axis',(0.,1.,0.));
#3453=DIRECTION('center_axis',(0.,-1.,0.));
#3454=DIRECTION('ref_axis',(0.,0.,-1.));
#3455=DIRECTION('',(0.,1.,0.));
#3456=DIRECTION('',(0.,1.,0.));
#3457=DIRECTION('',(1.,0.,-5.39030285815812E-15));
#3458=DIRECTION('',(-0.917284791353524,0.,0.398231856525218));
#3459=DIRECTION('',(1.,0.,-5.39030285815812E-15));
#3460=DIRECTION('center_axis',(-1.,0.,5.39030285815812E-15));
#3461=DIRECTION('ref_axis',(5.39030285815812E-15,0.,1.));
#3462=DIRECTION('',(0.,-1.,0.));
#3463=DIRECTION('center_axis',(-1.,0.,5.39030285815812E-15));
#3464=DIRECTION('ref_axis',(-4.19370561865143E-15,-0.628252789910029,-0.778009274989871));
#3465=DIRECTION('',(5.39030285815812E-15,0.,1.));
#3466=DIRECTION('center_axis',(-1.,0.,5.39030285815812E-15));
#3467=DIRECTION('ref_axis',(0.,-1.,0.));
#3468=DIRECTION('',(3.81151970365287E-15,0.707106781186541,0.707106781186554));
#3469=DIRECTION('center_axis',(-1.,0.,5.39030285815812E-15));
#3470=DIRECTION('ref_axis',(3.81151970365856E-15,-0.707106781185486,0.707106781187609));
#3471=DIRECTION('',(-9.34821248095783E-28,1.,-1.7342647949381E-13));
#3472=DIRECTION('center_axis',(-1.,0.,5.39030285815812E-15));
#3473=DIRECTION('ref_axis',(5.39030285815812E-15,0.,1.));
#3474=DIRECTION('',(-3.81151970365516E-15,0.707106781186117,-0.707106781186978));
#3475=DIRECTION('center_axis',(-1.,0.,5.39030285815812E-15));
#3476=DIRECTION('ref_axis',(3.81151970365856E-15,0.707106781185486,0.707106781187609));
#3477=DIRECTION('',(-5.39030285815812E-15,0.,-1.));
#3478=DIRECTION('center_axis',(1.,0.,-5.39030285815812E-15));
#3479=DIRECTION('ref_axis',(1.96289577644819E-26,1.,3.64153152077046E-12));
#3480=DIRECTION('',(5.39030285815812E-15,0.,1.));
#3481=DIRECTION('center_axis',(1.,0.,-5.39030285815812E-15));
#3482=DIRECTION('ref_axis',(5.39030285815812E-15,0.,1.));
#3483=DIRECTION('',(0.,-1.,0.));
#3484=DIRECTION('center_axis',(1.,0.,-5.39030285815812E-15));
#3485=DIRECTION('ref_axis',(0.,-1.,0.));
#3486=DIRECTION('',(-5.39030285815812E-15,-3.06847065375644E-13,-1.));
#3487=DIRECTION('center_axis',(1.,0.,-5.39030285815812E-15));
#3488=DIRECTION('ref_axis',(0.,1.,0.));
#3489=DIRECTION('',(5.39030285815812E-15,-2.62192891424476E-14,1.));
#3490=DIRECTION('center_axis',(1.,0.,-5.39030285815812E-15));
#3491=DIRECTION('ref_axis',(5.39030285815812E-15,0.,1.));
#3492=DIRECTION('',(-7.84466134583308E-27,-1.,-1.45532849493982E-12));
#3493=DIRECTION('center_axis',(-1.,0.,5.39030285815812E-15));
#3494=DIRECTION('ref_axis',(-5.39030285815812E-15,0.,-1.));
#3495=DIRECTION('',(5.39030285815812E-15,0.,1.));
#3496=DIRECTION('center_axis',(-1.,0.,5.39030285815812E-15));
#3497=DIRECTION('ref_axis',(0.,-1.,0.));
#3498=DIRECTION('',(0.,1.,0.));
#3499=DIRECTION('center_axis',(-1.,0.,5.39030285815812E-15));
#3500=DIRECTION('ref_axis',(5.39030285815812E-15,0.,1.));
#3501=DIRECTION('',(-5.39030285815812E-15,0.,-1.));
#3502=DIRECTION('center_axis',(-1.,0.,5.39030285815812E-15));
#3503=DIRECTION('ref_axis',(0.,1.,0.));
#3504=DIRECTION('',(0.,-1.,0.));
#3505=DIRECTION('center_axis',(1.,0.,-5.39030285815812E-15));
#3506=DIRECTION('ref_axis',(0.,-1.,0.));
#3507=DIRECTION('',(-5.39030285815812E-15,-2.64814820338721E-12,-1.));
#3508=DIRECTION('center_axis',(-1.,0.,5.39030285815812E-15));
#3509=DIRECTION('ref_axis',(0.,-1.,0.));
#3510=DIRECTION('',(0.,1.,0.));
#3511=DIRECTION('center_axis',(-1.,0.,5.39030285815812E-15));
#3512=DIRECTION('ref_axis',(5.39030285815812E-15,0.,1.));
#3513=DIRECTION('',(-5.39030285815812E-15,0.,-1.));
#3514=DIRECTION('center_axis',(-1.,0.,5.39030285815812E-15));
#3515=DIRECTION('ref_axis',(0.,1.,0.));
#3516=DIRECTION('',(3.92233067291721E-27,-1.,7.27664247470036E-13));
#3517=DIRECTION('center_axis',(1.,0.,-5.39030285815812E-15));
#3518=DIRECTION('ref_axis',(0.,-1.,0.));
#3519=DIRECTION('',(-5.39030285815812E-15,-2.70058678167211E-12,-1.));
#3520=DIRECTION('center_axis',(1.,0.,-5.39030285815812E-15));
#3521=DIRECTION('ref_axis',(0.,1.,0.));
#3522=DIRECTION('',(5.39030285815812E-15,-3.26025006961301E-13,1.));
#3523=DIRECTION('center_axis',(1.,0.,-5.39030285815812E-15));
#3524=DIRECTION('ref_axis',(5.39030285815812E-15,0.,1.));
#3525=DIRECTION('',(0.,-1.,0.));
#3526=DIRECTION('center_axis',(1.,0.,-5.39030285815812E-15));
#3527=DIRECTION('ref_axis',(0.,-1.,0.));
#3528=DIRECTION('',(-5.39030285815812E-15,-9.78075020883903E-13,-1.));
#3529=DIRECTION('center_axis',(1.,0.,-5.39030285815812E-15));
#3530=DIRECTION('ref_axis',(0.,1.,0.));
#3531=DIRECTION('',(5.39030285815812E-15,0.,1.));
#3532=DIRECTION('center_axis',(1.,0.,-5.39030285815812E-15));
#3533=DIRECTION('ref_axis',(5.39030285815812E-15,0.,1.));
#3534=DIRECTION('',(-7.84466134583442E-27,-1.,-1.45532849494007E-12));
#3535=DIRECTION('center_axis',(-1.,0.,5.39030285815812E-15));
#3536=DIRECTION('ref_axis',(-5.39030285815812E-15,0.,-1.));
#3537=DIRECTION('',(5.39030285815812E-15,0.,1.));
#3538=DIRECTION('center_axis',(-1.,0.,5.39030285815812E-15));
#3539=DIRECTION('ref_axis',(5.39030285815812E-15,0.,1.));
#3540=DIRECTION('',(5.39030285815812E-15,0.,1.));
#3541=DIRECTION('center_axis',(-1.,0.,5.39030285815812E-15));
#3542=DIRECTION('ref_axis',(3.81151970365856E-15,0.707106781185486,0.707106781187609));
#3543=DIRECTION('',(3.81151970365516E-15,-0.707106781186117,0.707106781186978));
#3544=DIRECTION('center_axis',(-1.,0.,5.39030285815812E-15));
#3545=DIRECTION('ref_axis',(5.39030285815812E-15,0.,1.));
#3546=DIRECTION('',(-9.34821248095783E-28,1.,-1.7342647949381E-13));
#3547=DIRECTION('center_axis',(-1.,0.,5.39030285815812E-15));
#3548=DIRECTION('ref_axis',(3.81151970365856E-15,-0.707106781185486,0.707106781187609));
#3549=DIRECTION('',(3.81151970365287E-15,0.707106781186541,0.707106781186554));
#3550=DIRECTION('center_axis',(-1.,0.,5.39030285815812E-15));
#3551=DIRECTION('ref_axis',(0.,-1.,0.));
#3552=DIRECTION('',(5.39030285815812E-15,0.,1.));
#3553=DIRECTION('center_axis',(-1.,0.,5.39030285815812E-15));
#3554=DIRECTION('ref_axis',(-4.19370561865143E-15,-0.628252789910029,-0.778009274989871));
#3555=DIRECTION('center_axis',(1.,0.,-5.39030285815812E-15));
#3556=DIRECTION('ref_axis',(1.96289577644819E-26,1.,3.64153152077046E-12));
#3557=DIRECTION('',(-5.39030285815812E-15,-2.64814820338721E-12,-1.));
#3558=DIRECTION('center_axis',(1.,0.,-5.39030285815812E-15));
#3559=DIRECTION('ref_axis',(0.,-1.,0.));
#3560=DIRECTION('',(0.,-1.,0.));
#3561=DIRECTION('center_axis',(-1.,0.,5.39030285815812E-15));
#3562=DIRECTION('ref_axis',(0.,1.,0.));
#3563=DIRECTION('',(-5.39030285815812E-15,0.,-1.));
#3564=DIRECTION('center_axis',(-1.,0.,5.39030285815812E-15));
#3565=DIRECTION('ref_axis',(5.39030285815812E-15,0.,1.));
#3566=DIRECTION('',(0.,1.,0.));
#3567=DIRECTION('center_axis',(-1.,0.,5.39030285815812E-15));
#3568=DIRECTION('ref_axis',(0.,-1.,0.));
#3569=DIRECTION('',(5.39030285815812E-15,0.,1.));
#3570=DIRECTION('center_axis',(-1.,0.,5.39030285815812E-15));
#3571=DIRECTION('ref_axis',(-5.39030285815812E-15,0.,-1.));
#3572=DIRECTION('',(-7.84466134583308E-27,-1.,-1.45532849493982E-12));
#3573=DIRECTION('center_axis',(1.,0.,-5.39030285815812E-15));
#3574=DIRECTION('ref_axis',(5.39030285815812E-15,0.,1.));
#3575=DIRECTION('',(5.39030285815812E-15,-2.62192891424476E-14,1.));
#3576=DIRECTION('center_axis',(1.,0.,-5.39030285815812E-15));
#3577=DIRECTION('ref_axis',(0.,1.,0.));
#3578=DIRECTION('',(-5.39030285815812E-15,-3.06847065375644E-13,-1.));
#3579=DIRECTION('center_axis',(1.,0.,-5.39030285815812E-15));
#3580=DIRECTION('ref_axis',(0.,-1.,0.));
#3581=DIRECTION('',(0.,-1.,0.));
#3582=DIRECTION('center_axis',(1.,0.,-5.39030285815812E-15));
#3583=DIRECTION('ref_axis',(5.39030285815812E-15,0.,1.));
#3584=DIRECTION('',(5.39030285815812E-15,0.,1.));
#3585=DIRECTION('center_axis',(-1.,0.,5.39030285815812E-15));
#3586=DIRECTION('ref_axis',(0.,-1.,0.));
#3587=DIRECTION('',(5.39030285815812E-15,0.,1.));
#3588=DIRECTION('center_axis',(-1.,0.,5.39030285815812E-15));
#3589=DIRECTION('ref_axis',(-5.39030285815812E-15,0.,-1.));
#3590=DIRECTION('',(-7.84466134583442E-27,-1.,-1.45532849494007E-12));
#3591=DIRECTION('center_axis',(1.,0.,-5.39030285815812E-15));
#3592=DIRECTION('ref_axis',(5.39030285815812E-15,0.,1.));
#3593=DIRECTION('',(5.39030285815812E-15,0.,1.));
#3594=DIRECTION('center_axis',(1.,0.,-5.39030285815812E-15));
#3595=DIRECTION('ref_axis',(0.,1.,0.));
#3596=DIRECTION('',(-5.39030285815812E-15,-9.78075020883903E-13,-1.));
#3597=DIRECTION('center_axis',(1.,0.,-5.39030285815812E-15));
#3598=DIRECTION('ref_axis',(0.,-1.,0.));
#3599=DIRECTION('',(0.,-1.,0.));
#3600=DIRECTION('center_axis',(1.,0.,-5.39030285815812E-15));
#3601=DIRECTION('ref_axis',(5.39030285815812E-15,0.,1.));
#3602=DIRECTION('',(5.39030285815812E-15,-3.26025006961301E-13,1.));
#3603=DIRECTION('center_axis',(1.,0.,-5.39030285815812E-15));
#3604=DIRECTION('ref_axis',(0.,1.,0.));
#3605=DIRECTION('',(-5.39030285815812E-15,-2.70058678167211E-12,-1.));
#3606=DIRECTION('center_axis',(1.,0.,-5.39030285815812E-15));
#3607=DIRECTION('ref_axis',(0.,-1.,0.));
#3608=DIRECTION('',(3.92233067291721E-27,-1.,7.27664247470036E-13));
#3609=DIRECTION('center_axis',(-1.,0.,5.39030285815812E-15));
#3610=DIRECTION('ref_axis',(0.,1.,0.));
#3611=DIRECTION('',(-5.39030285815812E-15,0.,-1.));
#3612=DIRECTION('center_axis',(-1.,0.,5.39030285815812E-15));
#3613=DIRECTION('ref_axis',(5.39030285815812E-15,0.,1.));
#3614=DIRECTION('',(0.,1.,0.));
#3615=DIRECTION('center_axis',(0.,0.,1.));
#3616=DIRECTION('ref_axis',(0.778009274989891,0.628252789910004,0.));
#3617=DIRECTION('',(0.,0.,-1.));
#3618=DIRECTION('',(0.,0.,1.));
#3619=DIRECTION('center_axis',(0.,0.,1.));
#3620=DIRECTION('ref_axis',(0.778009274989891,0.628252789910004,0.));
#3621=DIRECTION('center_axis',(0.,-1.,-5.14531160026499E-14));
#3622=DIRECTION('ref_axis',(1.,0.,0.));
#3623=DIRECTION('center_axis',(0.,-1.,-5.14531160026499E-14));
#3624=DIRECTION('ref_axis',(-1.,0.,0.));
#3625=DIRECTION('',(0.707106781185048,8.20630102974137E-12,-0.707106781188047));
#3626=DIRECTION('center_axis',(0.,1.,5.14531160026499E-14));
#3627=DIRECTION('ref_axis',(1.,0.,0.));
#3628=DIRECTION('',(1.36474910227171E-13,-1.91276317865577E-12,-1.));
#3629=DIRECTION('center_axis',(0.,-1.,-5.14531160026499E-14));
#3630=DIRECTION('ref_axis',(-1.,0.,0.));
#3631=DIRECTION('',(0.70710678118618,3.63828472386707E-14,-0.707106781186915));
#3632=DIRECTION('center_axis',(0.,-1.,-5.14531160026499E-14));
#3633=DIRECTION('ref_axis',(-0.707106781186739,3.6382847238642E-14,-0.707106781186356));
#3634=DIRECTION('',(0.707106781186699,-3.6382847238644E-14,0.707106781186396));
#3635=DIRECTION('center_axis',(0.,-1.,-5.14531160026499E-14));
#3636=DIRECTION('ref_axis',(0.707106781184724,3.63828472387456E-14,-0.707106781188371));
#3637=DIRECTION('center_axis',(0.,1.,5.14531160026499E-14));
#3638=DIRECTION('ref_axis',(0.966922398712614,-1.31241836139867E-14,0.255070725227035));
#3639=DIRECTION('center_axis',(0.,-1.,-5.14531160026499E-14));
#3640=DIRECTION('ref_axis',(-0.966922398711693,1.31241836141663E-14,-0.255070725230526));
#3641=DIRECTION('center_axis',(0.,1.,5.14531160026499E-14));
#3642=DIRECTION('ref_axis',(-0.631196175346923,3.99082318056993E-14,-0.775623225688489));
#3643=DIRECTION('center_axis',(0.,-1.,-5.14531160026499E-14));
#3644=DIRECTION('ref_axis',(0.631196175344923,-3.99082318057831E-14,0.775623225690116));
#3645=DIRECTION('center_axis',(0.,1.,5.14531160026499E-14));
#3646=DIRECTION('ref_axis',(0.255070725228299,4.97511703465034E-14,-0.96692239871228));
#3647=DIRECTION('center_axis',(0.,-1.,-5.14531160026499E-14));
#3648=DIRECTION('ref_axis',(-0.25507072522275,-4.97511703465788E-14,0.966922398713744));
#3649=DIRECTION('center_axis',(0.,1.,5.14531160026499E-14));
#3650=DIRECTION('ref_axis',(-0.775623225690312,-3.24770100304389E-14,0.631196175344682));
#3651=DIRECTION('center_axis',(0.,-1.,-5.14531160026499E-14));
#3652=DIRECTION('ref_axis',(0.775623225690125,3.24770100304507E-14,-0.631196175344912));
#3653=DIRECTION('center_axis',(0.,1.,5.14531160026499E-14));
#3654=DIRECTION('ref_axis',(-0.966922398712607,1.3124183613988E-14,-0.255070725227061));
#3655=DIRECTION('center_axis',(0.,-1.,-5.14531160026499E-14));
#3656=DIRECTION('ref_axis',(0.966922398711955,-1.3124183614115E-14,0.25507072522953));
#3657=DIRECTION('center_axis',(0.,1.,5.14531160026499E-14));
#3658=DIRECTION('ref_axis',(0.631196175340594,-3.99082318059643E-14,0.775623225693639));
#3659=DIRECTION('center_axis',(0.,-1.,-5.14531160026499E-14));
#3660=DIRECTION('ref_axis',(-0.631196175340943,3.99082318059497E-14,-0.775623225693355));
#3661=DIRECTION('center_axis',(0.,1.,5.14531160026499E-14));
#3662=DIRECTION('ref_axis',(-0.255070725226754,-4.97511703465244E-14,0.966922398712688));
#3663=DIRECTION('center_axis',(0.,-1.,-5.14531160026499E-14));
#3664=DIRECTION('ref_axis',(0.25507072522275,4.97511703465788E-14,-0.966922398713744));
#3665=DIRECTION('center_axis',(0.,1.,5.14531160026499E-14));
#3666=DIRECTION('ref_axis',(0.775623225690282,3.24770100304408E-14,-0.63119617534472));
#3667=DIRECTION('center_axis',(0.,-1.,-5.14531160026499E-14));
#3668=DIRECTION('ref_axis',(-0.775623225690125,-3.24770100304507E-14,0.631196175344912));
#3669=DIRECTION('',(0.,0.,1.));
#3670=DIRECTION('',(-0.917284787776832,0.,0.398231864763748));
#3671=DIRECTION('center_axis',(-1.42743208295444E-26,1.,-2.64814820338721E-12));
#3672=DIRECTION('ref_axis',(-5.39030285815812E-15,-2.64814820338721E-12,
-1.));
#3673=DIRECTION('',(-1.,0.,5.39030285815812E-15));
#3674=DIRECTION('',(-1.,0.,5.39030285815812E-15));
#3675=DIRECTION('center_axis',(-1.,0.,5.39030285815812E-15));
#3676=DIRECTION('ref_axis',(0.,-1.,0.));
#3677=DIRECTION('',(-1.,0.,5.39030285815812E-15));
#3678=DIRECTION('center_axis',(-5.39030285815812E-15,0.,-1.));
#3679=DIRECTION('ref_axis',(0.,-1.,0.));
#3680=DIRECTION('',(-1.,0.,5.39030285815812E-15));
#3681=DIRECTION('center_axis',(-1.,0.,5.39030285815812E-15));
#3682=DIRECTION('ref_axis',(0.,1.,0.));
#3683=DIRECTION('',(-1.,0.,5.39030285815812E-15));
#3684=DIRECTION('center_axis',(0.,1.,0.));
#3685=DIRECTION('ref_axis',(-5.39030285815812E-15,0.,-1.));
#3686=DIRECTION('',(-1.,0.,5.39030285815812E-15));
#3687=DIRECTION('center_axis',(-1.,0.,5.39030285815812E-15));
#3688=DIRECTION('ref_axis',(5.39030285815812E-15,0.,1.));
#3689=DIRECTION('',(-1.,0.,5.39030285815812E-15));
#3690=DIRECTION('center_axis',(5.39030285815812E-15,0.,1.));
#3691=DIRECTION('ref_axis',(0.,1.,0.));
#3692=DIRECTION('',(-1.,0.,5.39030285815812E-15));
#3693=DIRECTION('center_axis',(-1.,0.,5.39030285815812E-15));
#3694=DIRECTION('ref_axis',(0.,-1.,0.));
#3695=DIRECTION('',(-1.,0.,5.39030285815812E-15));
#3696=DIRECTION('center_axis',(0.,-1.,0.));
#3697=DIRECTION('ref_axis',(5.39030285815812E-15,0.,1.));
#3698=DIRECTION('',(-1.,0.,5.39030285815812E-15));
#3699=DIRECTION('center_axis',(-1.,0.,5.39030285815812E-15));
#3700=DIRECTION('ref_axis',(-5.39030285815812E-15,0.,-1.));
#3701=DIRECTION('',(-1.,0.,5.39030285815812E-15));
#3702=DIRECTION('center_axis',(-5.39030285815812E-15,1.45532849493982E-12,
-1.));
#3703=DIRECTION('ref_axis',(-7.84466134583308E-27,-1.,-1.45532849493982E-12));
#3704=DIRECTION('',(-1.,0.,5.39030285815812E-15));
#3705=DIRECTION('center_axis',(-1.,0.,5.39030285815812E-15));
#3706=DIRECTION('ref_axis',(5.39030285815812E-15,0.,1.));
#3707=DIRECTION('',(-1.,0.,5.39030285815812E-15));
#3708=DIRECTION('center_axis',(-1.4132990920341E-28,-1.,-2.62192891424476E-14));
#3709=DIRECTION('ref_axis',(5.39030285815812E-15,-2.62192891424476E-14,
1.));
#3710=DIRECTION('',(-1.,0.,5.39030285815812E-15));
#3711=DIRECTION('center_axis',(-1.,0.,5.39030285815812E-15));
#3712=DIRECTION('ref_axis',(0.,1.,0.));
#3713=DIRECTION('',(-1.,0.,5.39030285815812E-15));
#3714=DIRECTION('center_axis',(-1.65399861351176E-27,1.,-3.06847065375644E-13));
#3715=DIRECTION('ref_axis',(-5.39030285815812E-15,-3.06847065375644E-13,
-1.));
#3716=DIRECTION('',(-1.,0.,5.39030285815812E-15));
#3717=DIRECTION('center_axis',(-1.,0.,5.39030285815812E-15));
#3718=DIRECTION('ref_axis',(0.,-1.,0.));
#3719=DIRECTION('',(-1.,0.,5.39030285815812E-15));
#3720=DIRECTION('center_axis',(-5.39030285815812E-15,0.,-1.));
#3721=DIRECTION('ref_axis',(0.,-1.,0.));
#3722=DIRECTION('',(-1.,0.,5.39030285815812E-15));
#3723=DIRECTION('center_axis',(-1.,0.,5.39030285815812E-15));
#3724=DIRECTION('ref_axis',(5.39030285815812E-15,0.,1.));
#3725=DIRECTION('',(-1.,0.,5.39030285815812E-15));
#3726=DIRECTION('center_axis',(0.,-1.,0.));
#3727=DIRECTION('ref_axis',(5.39030285815812E-15,0.,1.));
#3728=DIRECTION('',(-1.,0.,5.39030285815812E-15));
#3729=DIRECTION('center_axis',(-1.,0.,5.39030285815812E-15));
#3730=DIRECTION('ref_axis',(1.96289577644819E-26,1.,3.64153152077046E-12));
#3731=DIRECTION('center_axis',(0.,1.,-5.14531160026499E-14));
#3732=DIRECTION('ref_axis',(-0.775623225690029,-3.24770100304568E-14,-0.631196175345031));
#3733=DIRECTION('',(0.,1.,-5.14531160026499E-14));
#3734=DIRECTION('',(0.,1.,-5.14531160026499E-14));
#3735=DIRECTION('center_axis',(0.,1.,-5.14531160026499E-14));
#3736=DIRECTION('ref_axis',(4.60569082871843E-14,-5.14531160026499E-14,
-1.));
#3737=DIRECTION('',(0.,1.,-5.14531160026499E-14));
#3738=DIRECTION('center_axis',(0.,1.,-5.14531160026499E-14));
#3739=DIRECTION('ref_axis',(0.255070725228165,4.97511703465053E-14,0.966922398712315));
#3740=DIRECTION('',(0.,1.,-5.14531160026499E-14));
#3741=DIRECTION('center_axis',(0.,1.,-5.14531160026499E-14));
#3742=DIRECTION('ref_axis',(-0.255070725227067,-4.97511703465202E-14,-0.966922398712605));
#3743=DIRECTION('',(0.,1.,-5.14531160026499E-14));
#3744=DIRECTION('center_axis',(0.,1.,-5.14531160026499E-14));
#3745=DIRECTION('ref_axis',(-0.631196175338767,3.99082318060408E-14,0.775623225695126));
#3746=DIRECTION('',(0.,1.,-5.14531160026499E-14));
#3747=DIRECTION('center_axis',(0.,1.,-5.14531160026499E-14));
#3748=DIRECTION('ref_axis',(-1.,-7.69394721445656E-26,-1.49533163629202E-12));
#3749=DIRECTION('',(0.,1.,-5.14531160026499E-14));
#3750=DIRECTION('center_axis',(0.,1.,-5.14531160026499E-14));
#3751=DIRECTION('ref_axis',(0.966922398689144,-1.31241836185643E-14,-0.255070725316002));
#3752=DIRECTION('',(0.,1.,-5.14531160026499E-14));
#3753=DIRECTION('center_axis',(0.,1.,-5.14531160026499E-14));
#3754=DIRECTION('ref_axis',(-0.966922398713738,1.31241836137674E-14,0.255070725222773));
#3755=DIRECTION('',(0.,1.,-5.14531160026499E-14));
#3756=DIRECTION('center_axis',(0.,1.,-5.14531160026499E-14));
#3757=DIRECTION('ref_axis',(0.775623225690029,3.24770100304568E-14,0.631196175345031));
#3758=DIRECTION('',(0.,1.,-5.14531160026499E-14));
#3759=DIRECTION('center_axis',(0.,1.,-5.14531160026499E-14));
#3760=DIRECTION('ref_axis',(5.36029554076834E-14,5.14531160026499E-14,1.));
#3761=DIRECTION('',(0.,1.,-5.14531160026499E-14));
#3762=DIRECTION('center_axis',(0.,1.,-5.14531160026499E-14));
#3763=DIRECTION('ref_axis',(-0.255070725236679,-4.97511703463897E-14,-0.966922398710069));
#3764=DIRECTION('',(0.,1.,-5.14531160026499E-14));
#3765=DIRECTION('center_axis',(0.,1.,-5.14531160026499E-14));
#3766=DIRECTION('ref_axis',(0.255070725227067,4.97511703465202E-14,0.966922398712605));
#3767=DIRECTION('',(0.,1.,-5.14531160026499E-14));
#3768=DIRECTION('center_axis',(0.,1.,-5.14531160026499E-14));
#3769=DIRECTION('ref_axis',(0.63119617534502,-3.9908231805779E-14,-0.775623225690038));
#3770=DIRECTION('',(0.,1.,-5.14531160026499E-14));
#3771=DIRECTION('center_axis',(0.,1.,-5.14531160026499E-14));
#3772=DIRECTION('ref_axis',(1.,-7.8831719023292E-26,-1.53210777398267E-12));
#3773=DIRECTION('',(0.,1.,-5.14531160026499E-14));
#3774=DIRECTION('center_axis',(0.,1.,-5.14531160026499E-14));
#3775=DIRECTION('ref_axis',(-0.966922398699554,1.31241836165339E-14,0.25507072527654));
#3776=DIRECTION('',(0.,1.,-5.14531160026499E-14));
#3777=DIRECTION('center_axis',(0.,1.,-5.14531160026499E-14));
#3778=DIRECTION('ref_axis',(0.966922398713738,-1.31241836137674E-14,-0.255070725222773));
#3779=DIRECTION('center_axis',(0.,-1.,-5.14531160026499E-14));
#3780=DIRECTION('ref_axis',(-0.775623225690125,-3.24770100304507E-14,0.631196175344912));
#3781=DIRECTION('',(0.,-1.,-5.14531160026499E-14));
#3782=DIRECTION('',(0.,-1.,-5.14531160026499E-14));
#3783=DIRECTION('center_axis',(0.,-1.,-5.14531160026499E-14));
#3784=DIRECTION('ref_axis',(1.76473419211121E-12,-5.14531160026499E-14,
1.));
#3785=DIRECTION('',(0.,-1.,-5.14531160026499E-14));
#3786=DIRECTION('center_axis',(0.,-1.,-5.14531160026499E-14));
#3787=DIRECTION('ref_axis',(0.25507072522275,4.97511703465788E-14,-0.966922398713744));
#3788=DIRECTION('',(0.,-1.,-5.14531160026499E-14));
#3789=DIRECTION('center_axis',(0.,-1.,-5.14531160026499E-14));
#3790=DIRECTION('ref_axis',(-0.255070725226754,-4.97511703465244E-14,0.966922398712688));
#3791=DIRECTION('',(0.,-1.,-5.14531160026499E-14));
#3792=DIRECTION('center_axis',(0.,-1.,-5.14531160026499E-14));
#3793=DIRECTION('ref_axis',(-0.631196175340943,3.99082318059497E-14,-0.775623225693355));
#3794=DIRECTION('',(0.,-1.,-5.14531160026499E-14));
#3795=DIRECTION('center_axis',(0.,-1.,-5.14531160026499E-14));
#3796=DIRECTION('ref_axis',(-1.,7.54221043644516E-26,-1.4658413372004E-12));
#3797=DIRECTION('',(0.,-1.,-5.14531160026499E-14));
#3798=DIRECTION('center_axis',(0.,-1.,-5.14531160026499E-14));
#3799=DIRECTION('ref_axis',(0.966922398711955,-1.3124183614115E-14,0.25507072522953));
#3800=DIRECTION('',(0.,-1.,-5.14531160026499E-14));
#3801=DIRECTION('center_axis',(0.,-1.,-5.14531160026499E-14));
#3802=DIRECTION('ref_axis',(-0.966922398712607,1.3124183613988E-14,-0.255070725227061));
#3803=DIRECTION('',(0.,-1.,-5.14531160026499E-14));
#3804=DIRECTION('center_axis',(0.,-1.,-5.14531160026499E-14));
#3805=DIRECTION('ref_axis',(0.775623225690125,3.24770100304507E-14,-0.631196175344912));
#3806=DIRECTION('',(0.,-1.,-5.14531160026499E-14));
#3807=DIRECTION('center_axis',(0.,-1.,-5.14531160026499E-14));
#3808=DIRECTION('ref_axis',(2.98372437868011E-14,5.14531160026499E-14,-1.));
#3809=DIRECTION('',(0.,-1.,-5.14531160026499E-14));
#3810=DIRECTION('center_axis',(0.,-1.,-5.14531160026499E-14));
#3811=DIRECTION('ref_axis',(-0.25507072522275,-4.97511703465788E-14,0.966922398713744));
#3812=DIRECTION('',(0.,-1.,-5.14531160026499E-14));
#3813=DIRECTION('center_axis',(0.,-1.,-5.14531160026499E-14));
#3814=DIRECTION('ref_axis',(0.255070725228299,4.97511703465034E-14,-0.96692239871228));
#3815=DIRECTION('',(0.,-1.,-5.14531160026499E-14));
#3816=DIRECTION('center_axis',(0.,-1.,-5.14531160026499E-14));
#3817=DIRECTION('ref_axis',(0.631196175344923,-3.99082318057831E-14,0.775623225690116));
#3818=DIRECTION('',(0.,-1.,-5.14531160026499E-14));
#3819=DIRECTION('center_axis',(0.,-1.,-5.14531160026499E-14));
#3820=DIRECTION('ref_axis',(1.,7.58951660841341E-26,-1.47503537162308E-12));
#3821=DIRECTION('',(0.,-1.,-5.14531160026499E-14));
#3822=DIRECTION('center_axis',(0.,-1.,-5.14531160026499E-14));
#3823=DIRECTION('ref_axis',(-0.966922398711693,1.31241836141663E-14,-0.255070725230526));
#3824=DIRECTION('',(0.,-1.,-5.14531160026499E-14));
#3825=DIRECTION('center_axis',(0.,-1.,-5.14531160026499E-14));
#3826=DIRECTION('ref_axis',(0.966922398712614,-1.31241836139867E-14,0.255070725227035));
#3827=DIRECTION('center_axis',(0.707106781186706,0.707106781186389,0.));
#3828=DIRECTION('ref_axis',(-0.707106781186389,0.707106781186706,0.));
#3829=DIRECTION('',(-0.707106781186389,0.707106781186706,0.));
#3830=DIRECTION('',(0.,0.,1.));
#3831=DIRECTION('',(0.,0.,1.));
#3832=DIRECTION('center_axis',(0.,0.,1.));
#3833=DIRECTION('ref_axis',(-0.707106781187478,-0.707106781185617,0.));
#3834=DIRECTION('center_axis',(0.,0.,-1.));
#3835=DIRECTION('ref_axis',(-0.707106781187478,-0.707106781185617,0.));
#3836=DIRECTION('',(0.,0.,1.));
#3837=DIRECTION('center_axis',(-0.707106781186176,0.707106781186919,0.));
#3838=DIRECTION('ref_axis',(-0.707106781186919,-0.707106781186176,0.));
#3839=DIRECTION('',(-0.707106781186919,-0.707106781186176,0.));
#3840=DIRECTION('',(0.,0.,1.));
#3841=DIRECTION('center_axis',(0.,0.,1.));
#3842=DIRECTION('ref_axis',(0.707106781184649,-0.707106781188446,0.));
#3843=DIRECTION('center_axis',(0.,0.,-1.));
#3844=DIRECTION('ref_axis',(0.707106781184649,-0.707106781188446,0.));
#3845=DIRECTION('',(0.,0.,1.));
#3846=DIRECTION('center_axis',(-0.707106781186176,-0.707106781186919,0.));
#3847=DIRECTION('ref_axis',(0.707106781186919,-0.707106781186176,0.));
#3848=DIRECTION('',(0.707106781186919,-0.707106781186176,0.));
#3849=DIRECTION('',(0.,0.,1.));
#3850=DIRECTION('center_axis',(0.,0.,1.));
#3851=DIRECTION('ref_axis',(0.707106781184734,0.707106781188361,0.));
#3852=DIRECTION('center_axis',(0.,0.,-1.));
#3853=DIRECTION('ref_axis',(0.707106781184734,0.707106781188361,0.));
#3854=DIRECTION('',(0.,0.,1.));
#3855=DIRECTION('center_axis',(0.707106781186702,-0.707106781186393,0.));
#3856=DIRECTION('ref_axis',(0.707106781186393,0.707106781186702,0.));
#3857=DIRECTION('',(0.707106781186393,0.707106781186702,0.));
#3858=DIRECTION('',(0.,0.,1.));
#3859=DIRECTION('center_axis',(0.,0.,1.));
#3860=DIRECTION('ref_axis',(-0.707106781188371,0.707106781184724,0.));
#3861=DIRECTION('center_axis',(0.,0.,-1.));
#3862=DIRECTION('ref_axis',(-0.707106781188371,0.707106781184724,0.));
#3863=DIRECTION('center_axis',(0.,-1.,0.));
#3864=DIRECTION('ref_axis',(5.39030285815812E-15,0.,1.));
#3865=DIRECTION('',(-1.,0.,5.39030285815812E-15));
#3866=DIRECTION('',(-1.,0.,5.39030285815812E-15));
#3867=DIRECTION('center_axis',(-1.,0.,5.39030285815812E-15));
#3868=DIRECTION('ref_axis',(-5.39030285815812E-15,0.,-1.));
#3869=DIRECTION('',(-1.,0.,5.39030285815812E-15));
#3870=DIRECTION('center_axis',(-5.39030285815812E-15,1.45532849494007E-12,
-1.));
#3871=DIRECTION('ref_axis',(-7.84466134583442E-27,-1.,-1.45532849494007E-12));
#3872=DIRECTION('',(-1.,0.,5.39030285815812E-15));
#3873=DIRECTION('center_axis',(-1.,0.,5.39030285815812E-15));
#3874=DIRECTION('ref_axis',(5.39030285815812E-15,0.,1.));
#3875=DIRECTION('',(-1.,0.,5.39030285815812E-15));
#3876=DIRECTION('center_axis',(0.,-1.,0.));
#3877=DIRECTION('ref_axis',(5.39030285815812E-15,0.,1.));
#3878=DIRECTION('',(-1.,0.,5.39030285815812E-15));
#3879=DIRECTION('center_axis',(-1.,0.,5.39030285815812E-15));
#3880=DIRECTION('ref_axis',(0.,1.,0.));
#3881=DIRECTION('',(-1.,0.,5.39030285815812E-15));
#3882=DIRECTION('center_axis',(-5.27212058056357E-27,1.,-9.78075020883903E-13));
#3883=DIRECTION('ref_axis',(-5.39030285815812E-15,-9.78075020883903E-13,
-1.));
#3884=DIRECTION('',(-1.,0.,5.39030285815812E-15));
#3885=DIRECTION('center_axis',(-1.,0.,5.39030285815812E-15));
#3886=DIRECTION('ref_axis',(0.,-1.,0.));
#3887=DIRECTION('',(-1.,0.,5.39030285815812E-15));
#3888=DIRECTION('center_axis',(-5.39030285815812E-15,0.,-1.));
#3889=DIRECTION('ref_axis',(0.,-1.,0.));
#3890=DIRECTION('',(-1.,0.,5.39030285815812E-15));
#3891=DIRECTION('center_axis',(-1.,0.,5.39030285815812E-15));
#3892=DIRECTION('ref_axis',(5.39030285815812E-15,0.,1.));
#3893=DIRECTION('',(-1.,0.,5.39030285815812E-15));
#3894=DIRECTION('center_axis',(-1.75737352685452E-27,-1.,-3.26025006961301E-13));
#3895=DIRECTION('ref_axis',(5.39030285815812E-15,-3.26025006961301E-13,
1.));
#3896=DIRECTION('',(-1.,0.,5.39030285815812E-15));
#3897=DIRECTION('center_axis',(-1.,0.,5.39030285815812E-15));
#3898=DIRECTION('ref_axis',(0.,1.,0.));
#3899=DIRECTION('',(-1.,0.,5.39030285815812E-15));
#3900=DIRECTION('center_axis',(-1.45569806479512E-26,1.,-2.70058678167211E-12));
#3901=DIRECTION('ref_axis',(-5.39030285815812E-15,-2.70058678167211E-12,
-1.));
#3902=DIRECTION('',(-1.,0.,5.39030285815812E-15));
#3903=DIRECTION('center_axis',(-1.,0.,5.39030285815812E-15));
#3904=DIRECTION('ref_axis',(0.,-1.,0.));
#3905=DIRECTION('',(-1.,0.,5.39030285815812E-15));
#3906=DIRECTION('center_axis',(-5.39030285815812E-15,-7.27664247470036E-13,
-1.));
#3907=DIRECTION('ref_axis',(3.92233067291721E-27,-1.,7.27664247470036E-13));
#3908=DIRECTION('',(-1.,0.,5.39030285815812E-15));
#3909=DIRECTION('center_axis',(-1.,0.,5.39030285815812E-15));
#3910=DIRECTION('ref_axis',(0.,1.,0.));
#3911=DIRECTION('',(-1.,0.,5.39030285815812E-15));
#3912=DIRECTION('center_axis',(0.,1.,0.));
#3913=DIRECTION('ref_axis',(-5.39030285815812E-15,0.,-1.));
#3914=DIRECTION('',(-1.,0.,5.39030285815812E-15));
#3915=DIRECTION('center_axis',(-1.,0.,5.39030285815812E-15));
#3916=DIRECTION('ref_axis',(5.39030285815812E-15,0.,1.));
#3917=DIRECTION('',(-1.,0.,5.39030285815812E-15));
#3918=DIRECTION('center_axis',(5.39030285815812E-15,0.,1.));
#3919=DIRECTION('ref_axis',(0.,1.,0.));
#3920=DIRECTION('',(-1.,0.,5.39030285815812E-15));
#3921=DIRECTION('center_axis',(-1.,0.,5.39030285815812E-15));
#3922=DIRECTION('ref_axis',(0.,-1.,0.));
#3923=DIRECTION('center_axis',(0.,0.,1.));
#3924=DIRECTION('ref_axis',(1.,0.,0.));
#3925=DIRECTION('center_axis',(0.,0.,-1.));
#3926=DIRECTION('ref_axis',(1.,0.,0.));
#3927=DIRECTION('',(0.,0.,1.));
#3928=DIRECTION('center_axis',(0.,0.,1.));
#3929=DIRECTION('ref_axis',(1.,0.,0.));
#3930=DIRECTION('center_axis',(0.,0.,-1.));
#3931=DIRECTION('ref_axis',(1.,0.,0.));
#3932=DIRECTION('',(0.,0.,1.));
#3933=DIRECTION('center_axis',(0.,0.,1.));
#3934=DIRECTION('ref_axis',(1.,0.,0.));
#3935=DIRECTION('center_axis',(0.,0.,-1.));
#3936=DIRECTION('ref_axis',(1.,0.,0.));
#3937=DIRECTION('',(0.,0.,1.));
#3938=DIRECTION('center_axis',(0.,0.,1.));
#3939=DIRECTION('ref_axis',(1.,0.,0.));
#3940=DIRECTION('center_axis',(0.,0.,-1.));
#3941=DIRECTION('ref_axis',(1.,0.,0.));
#3942=DIRECTION('',(0.,0.,1.));
#3943=DIRECTION('center_axis',(-0.707106781187285,-3.63828472386139E-14,
-0.70710678118581));
#3944=DIRECTION('ref_axis',(-0.70710678118581,-3.48528888390372E-12,0.707106781187285));
#3945=DIRECTION('',(0.,1.,-5.14531160026499E-14));
#3946=DIRECTION('',(0.,1.,-5.14531160026499E-14));
#3947=DIRECTION('center_axis',(0.,1.,-5.14531160026499E-14));
#3948=DIRECTION('ref_axis',(0.707106781186526,3.63828472386529E-14,0.707106781186568));
#3949=DIRECTION('',(0.,1.,-5.14531160026499E-14));
#3950=DIRECTION('center_axis',(-1.,-1.08031682882614E-28,-2.09961400349495E-15));
#3951=DIRECTION('ref_axis',(-2.09961400349495E-15,5.1370377570267E-14,1.));
#3952=DIRECTION('',(0.,1.,-5.14531160026499E-14));
#3953=DIRECTION('center_axis',(0.,1.,-5.14531160026499E-14));
#3954=DIRECTION('ref_axis',(-0.707106781188359,-3.63828472385586E-14,-0.707106781184736));
#3955=DIRECTION('',(0.,1.,-5.14531160026499E-14));
#3956=DIRECTION('center_axis',(-0.707106781187303,-3.63828472386129E-14,
-0.707106781185792));
#3957=DIRECTION('ref_axis',(-0.707106781185792,3.63828472386907E-14,0.707106781187303));
#3958=DIRECTION('',(0.,1.,-5.14531160026499E-14));
#3959=DIRECTION('center_axis',(0.,1.,-5.14531160026499E-14));
#3960=DIRECTION('ref_axis',(0.707106781188363,-3.63828472385584E-14,-0.707106781184732));
#3961=DIRECTION('',(0.,1.,-5.14531160026499E-14));
#3962=DIRECTION('center_axis',(0.707106781187303,-3.63828472386129E-14,
-0.707106781185792));
#3963=DIRECTION('ref_axis',(-0.707106781185792,-3.63828472386907E-14,-0.707106781187303));
#3964=DIRECTION('',(0.,1.,-5.14531160026499E-14));
#3965=DIRECTION('center_axis',(0.,1.,-5.14531160026499E-14));
#3966=DIRECTION('ref_axis',(1.,0.,0.));
#3967=DIRECTION('center_axis',(1.,7.98478721744105E-14,0.));
#3968=DIRECTION('ref_axis',(-7.98478721744105E-14,1.,-3.45574878603847E-13));
#3969=DIRECTION('',(0.,0.,1.));
#3970=DIRECTION('',(-7.98478721744105E-14,1.,-3.45574878603847E-13));
#3971=DIRECTION('center_axis',(0.,0.,1.));
#3972=DIRECTION('ref_axis',(-1.,0.,0.));
#3973=DIRECTION('center_axis',(0.,0.,1.));
#3974=DIRECTION('ref_axis',(-1.,0.,0.));
#3975=DIRECTION('',(0.,0.,1.));
#3976=DIRECTION('center_axis',(0.707106781187993,0.707106781185102,0.));
#3977=DIRECTION('ref_axis',(-0.707106781185102,0.707106781187993,6.89369124188532E-12));
#3978=DIRECTION('',(-0.707106781185102,0.707106781187993,6.89369124188532E-12));
#3979=DIRECTION('',(0.,0.,1.));
#3980=DIRECTION('center_axis',(0.,0.,1.));
#3981=DIRECTION('ref_axis',(0.99437744221574,-0.105893826130152,0.));
#3982=DIRECTION('center_axis',(0.,0.,1.));
#3983=DIRECTION('ref_axis',(0.99437744221574,-0.105893826130152,0.));
#3984=DIRECTION('',(0.,0.,1.));
#3985=DIRECTION('center_axis',(0.,0.,1.));
#3986=DIRECTION('ref_axis',(-0.994377442215735,0.105893826130197,0.));
#3987=DIRECTION('center_axis',(0.,0.,1.));
#3988=DIRECTION('ref_axis',(-0.994377442215735,0.105893826130197,0.));
#3989=DIRECTION('center_axis',(0.,1.,0.));
#3990=DIRECTION('ref_axis',(-5.39030285815812E-15,0.,-1.));
#3991=DIRECTION('',(-1.,0.,5.39030285815812E-15));
#3992=DIRECTION('center_axis',(-1.,0.,5.39030285815812E-15));
#3993=DIRECTION('ref_axis',(3.81151970365856E-15,0.707106781185486,0.707106781187609));
#3994=DIRECTION('',(-1.,0.,5.39030285815812E-15));
#3995=DIRECTION('center_axis',(3.81151970365051E-15,0.707106781186978,0.707106781186117));
#3996=DIRECTION('ref_axis',(-3.81151970365516E-15,0.707106781186117,-0.707106781186978));
#3997=DIRECTION('',(-1.,0.,5.39030285815812E-15));
#3998=DIRECTION('center_axis',(-1.,0.,5.39030285815812E-15));
#3999=DIRECTION('ref_axis',(5.39030285815812E-15,0.,1.));
#4000=DIRECTION('',(-1.,0.,5.39030285815812E-15));
#4001=DIRECTION('center_axis',(5.39030285815812E-15,1.7342647949381E-13,
1.));
#4002=DIRECTION('ref_axis',(-9.34821248095783E-28,1.,-1.7342647949381E-13));
#4003=DIRECTION('',(-1.,0.,5.39030285815812E-15));
#4004=DIRECTION('center_axis',(-1.,0.,5.39030285815812E-15));
#4005=DIRECTION('ref_axis',(3.81151970365856E-15,-0.707106781185486,0.707106781187609));
#4006=DIRECTION('',(-1.,0.,5.39030285815812E-15));
#4007=DIRECTION('center_axis',(3.8115197036528E-15,-0.707106781186554,0.707106781186541));
#4008=DIRECTION('ref_axis',(3.81151970365287E-15,0.707106781186541,0.707106781186554));
#4009=DIRECTION('',(-1.,0.,5.39030285815812E-15));
#4010=DIRECTION('center_axis',(-1.,0.,5.39030285815812E-15));
#4011=DIRECTION('ref_axis',(0.,-1.,0.));
#4012=DIRECTION('',(-1.,0.,5.39030285815812E-15));
#4013=DIRECTION('center_axis',(0.,-1.,0.));
#4014=DIRECTION('ref_axis',(5.39030285815812E-15,0.,1.));
#4015=DIRECTION('',(-1.,0.,5.39030285815812E-15));
#4016=DIRECTION('center_axis',(-1.,0.,5.39030285815812E-15));
#4017=DIRECTION('ref_axis',(-4.19370561865143E-15,-0.628252789910029,-0.778009274989871));
#4018=DIRECTION('center_axis',(0.,0.,1.));
#4019=DIRECTION('ref_axis',(0.707106781188366,-0.707106781184729,0.));
#4020=DIRECTION('center_axis',(0.,0.,1.));
#4021=DIRECTION('ref_axis',(0.707106781188366,-0.707106781184729,0.));
#4022=DIRECTION('',(0.,0.,1.));
#4023=DIRECTION('center_axis',(0.707106781185506,-0.707106781187589,0.));
#4024=DIRECTION('ref_axis',(0.707106781187589,0.707106781185506,1.10361966189718E-15));
#4025=DIRECTION('',(-0.707106781187589,-0.707106781185506,-1.10361966189718E-15));
#4026=DIRECTION('',(0.,0.,1.));
#4027=DIRECTION('center_axis',(0.,0.,1.));
#4028=DIRECTION('ref_axis',(-0.707106781186526,0.707106781186568,0.));
#4029=DIRECTION('center_axis',(-5.29878206999193E-12,5.29878206999225E-12,
1.));
#4030=DIRECTION('ref_axis',(-0.707106781186526,0.707106781186568,-7.4936094674422E-12));
#4031=DIRECTION('center_axis',(1.,0.,0.));
#4032=DIRECTION('ref_axis',(0.,0.,-1.));
#4033=DIRECTION('center_axis',(0.,-1.,-5.14531160026499E-14));
#4034=DIRECTION('ref_axis',(0.707106781184724,3.63828472387456E-14,-0.707106781188371));
#4035=DIRECTION('',(0.,-1.,-5.14531160026499E-14));
#4036=DIRECTION('center_axis',(0.707106781186396,3.63828472386596E-14,-0.707106781186699));
#4037=DIRECTION('ref_axis',(0.707106781186699,-3.6382847238644E-14,0.707106781186396));
#4038=DIRECTION('',(0.,-1.,-5.14531160026499E-14));
#4039=DIRECTION('center_axis',(0.,-1.,-5.14531160026499E-14));
#4040=DIRECTION('ref_axis',(-0.707106781186739,3.6382847238642E-14,-0.707106781186356));
#4041=DIRECTION('',(0.,-1.,-5.14531160026499E-14));
#4042=DIRECTION('center_axis',(-0.707106781186915,3.63828472386329E-14,
-0.70710678118618));
#4043=DIRECTION('ref_axis',(0.70710678118618,3.63828472386707E-14,-0.707106781186915));
#4044=DIRECTION('',(0.,-1.,-5.14531160026499E-14));
#4045=DIRECTION('center_axis',(0.,-1.,-5.14531160026499E-14));
#4046=DIRECTION('ref_axis',(-1.,0.,0.));
#4047=DIRECTION('',(0.,-1.,-5.14531160026499E-14));
#4048=DIRECTION('center_axis',(-1.,7.02205938736986E-27,-1.36474910227171E-13));
#4049=DIRECTION('ref_axis',(1.36474910227171E-13,-1.91276317865577E-12,
-1.));
#4050=DIRECTION('',(0.,-1.,-5.14531160026499E-14));
#4051=DIRECTION('center_axis',(0.,-1.,-5.14531160026499E-14));
#4052=DIRECTION('ref_axis',(1.,0.,0.));
#4053=DIRECTION('',(0.,-1.,-5.14531160026499E-14));
#4054=DIRECTION('center_axis',(-0.707106781188047,3.63828472385746E-14,
-0.707106781185048));
#4055=DIRECTION('ref_axis',(0.707106781185048,8.20630102974137E-12,-0.707106781188047));
#4056=DIRECTION('',(0.,-1.,-5.14531160026499E-14));
#4057=DIRECTION('center_axis',(0.,-1.,-5.14531160026499E-14));
#4058=DIRECTION('ref_axis',(-1.,0.,0.));
#4059=DIRECTION('center_axis',(-1.,0.,0.));
#4060=DIRECTION('ref_axis',(0.,0.,1.));
#4061=DIRECTION('center_axis',(0.,1.,-5.14531160026499E-14));
#4062=DIRECTION('ref_axis',(-0.707106781188366,-3.63828472385582E-14,-0.707106781184729));
#4063=DIRECTION('center_axis',(0.,-1.,0.));
#4064=DIRECTION('ref_axis',(0.,0.,-1.));
#4065=DIRECTION('center_axis',(0.,0.,1.));
#4066=DIRECTION('ref_axis',(1.,0.,0.));
#4067=CARTESIAN_POINT('',(0.,0.,0.));
#4068=CARTESIAN_POINT('Origin',(212.797038292485,654.89869475129,39.0424335389439));
#4069=CARTESIAN_POINT('',(213.297038292478,654.898694751296,-0.0100000000050215));
#4070=CARTESIAN_POINT('',(188.297038292478,654.898694751278,-0.0100000000050215));
#4071=CARTESIAN_POINT('',(106.398519146243,654.898694751288,-0.0100000000050215));
#4072=CARTESIAN_POINT('',(188.297038292478,654.898694751278,-4.05754554064288));
#4073=CARTESIAN_POINT('',(188.29703829248,654.898694751282,82.1424126185381));
#4074=CARTESIAN_POINT('',(188.79202783227,654.898694751278,-5.25255600084506));
#4075=CARTESIAN_POINT('Origin',(189.987038292478,654.898694751278,-4.05754554064288));
#4076=CARTESIAN_POINT('',(190.802048752679,654.898694751287,-7.26257692126254));
#4077=CARTESIAN_POINT('',(188.79202783227,654.898694751278,-5.25255600084506));
#4078=CARTESIAN_POINT('',(191.297038292474,654.898694751284,-8.45758738146785));
#4079=CARTESIAN_POINT('Origin',(189.607038292474,654.898694751275,-8.45758738146785));
#4080=CARTESIAN_POINT('',(191.297038292476,654.898694751286,-25.3783817412253));
#4081=CARTESIAN_POINT('',(191.297038292476,654.898694751287,-8.45758738146785));
#4082=CARTESIAN_POINT('',(191.736378120693,654.898694751286,-26.4390419130024));
#4083=CARTESIAN_POINT('Origin',(192.797038292476,654.898694751286,-25.3783817412253));
#4084=CARTESIAN_POINT('',(195.225970480592,654.898694751286,-29.9286342729087));
#4085=CARTESIAN_POINT('',(195.225970480592,654.898694751286,-29.9286342729087));
#4086=CARTESIAN_POINT('',(209.36810610436,654.898694751286,-29.9286342729087));
#4087=CARTESIAN_POINT('Origin',(202.297038292476,654.898694751287,-22.8575664610614));
#4088=CARTESIAN_POINT('',(212.857698464258,654.898694751286,-26.4390419130024));
#4089=CARTESIAN_POINT('',(209.36810610436,654.898694751286,-29.9286342729087));
#4090=CARTESIAN_POINT('',(213.297038292476,654.898694751286,-25.3783817412253));
#4091=CARTESIAN_POINT('Origin',(211.797038292476,654.898694751286,-25.3783817412253));
#4092=CARTESIAN_POINT('',(213.297038292478,654.898694751298,3.54241261853218));
#4093=CARTESIAN_POINT('',(203.725434353745,654.898694751286,-28.2723318938427));
#4094=CARTESIAN_POINT('',(207.711803725271,654.898694751287,-24.2859625223086));
#4095=CARTESIAN_POINT('Origin',(202.297038292476,654.898694751287,-22.8575664610614));
#4096=CARTESIAN_POINT('',(203.53803545358,654.898694751286,-28.8476545805058));
#4097=CARTESIAN_POINT('Origin',(203.817259814834,654.898694751286,-28.6204239573775));
#4098=CARTESIAN_POINT('',(201.056041131379,654.898694751286,-28.8476545805059));
#4099=CARTESIAN_POINT('Origin',(202.29703829248,654.898694751286,-29.8575684610618));
#4100=CARTESIAN_POINT('',(200.868642231207,654.898694751286,-28.272331893841));
#4101=CARTESIAN_POINT('Origin',(200.776816770125,654.898694751286,-28.6204239573775));
#4102=CARTESIAN_POINT('',(196.882272859685,654.898694751287,-24.2859625223325));
#4103=CARTESIAN_POINT('Origin',(202.297038292476,654.898694751287,-22.8575664610614));
#4104=CARTESIAN_POINT('',(196.306950173028,654.898694751287,-24.0985636221676));
#4105=CARTESIAN_POINT('Origin',(196.534180796149,654.898694751287,-24.3777879834155));
#4106=CARTESIAN_POINT('',(196.306950173025,654.898694751287,-21.6165692999522));
#4107=CARTESIAN_POINT('Origin',(195.297036292479,654.898694751287,-22.8575664610614));
#4108=CARTESIAN_POINT('',(196.882272859677,654.898694751287,-21.4291703998133));
#4109=CARTESIAN_POINT('Origin',(196.534180796149,654.898694751287,-21.3373449386995));
#4110=CARTESIAN_POINT('',(200.868642231204,654.898694751287,-17.4428010282676));
#4111=CARTESIAN_POINT('Origin',(202.297038292476,654.898694751287,-22.8575664610614));
#4112=CARTESIAN_POINT('',(201.056041131372,654.898694751287,-16.8674783416076));
#4113=CARTESIAN_POINT('Origin',(200.776816770125,654.898694751287,-17.0947089647302));
#4114=CARTESIAN_POINT('',(203.538035453588,654.898694751287,-16.8674783416077));
#4115=CARTESIAN_POINT('Origin',(202.29703829248,654.898694751287,-15.8575644610605));
#4116=CARTESIAN_POINT('',(203.725434353749,654.898694751287,-17.4428010282659));
#4117=CARTESIAN_POINT('Origin',(203.817259814834,654.898694751287,-17.0947089647302));
#4118=CARTESIAN_POINT('',(207.711803725267,654.898694751287,-21.4291703997898));
#4119=CARTESIAN_POINT('Origin',(202.297038292476,654.898694751287,-22.8575664610614));
#4120=CARTESIAN_POINT('',(208.287126411929,654.898694751287,-21.6165692999567));
#4121=CARTESIAN_POINT('Origin',(208.059895788803,654.898694751287,-21.3373449387068));
#4122=CARTESIAN_POINT('',(208.287126411925,654.898694751287,-24.0985636221629));
#4123=CARTESIAN_POINT('Origin',(209.29704029248,654.898694751287,-22.8575664610614));
#4124=CARTESIAN_POINT('Origin',(208.059895788803,654.898694751287,-24.3777879834082));
#4125=CARTESIAN_POINT('Origin',(213.297038292478,656.398694751297,-0.0100000000050838));
#4126=CARTESIAN_POINT('',(213.297038292478,656.398694751297,-0.0100000000051637));
#4127=CARTESIAN_POINT('',(213.297038292478,654.898694751293,-0.0100000000050215));
#4128=CARTESIAN_POINT('',(213.297038292478,654.888694751283,1.50000000000913));
#4129=CARTESIAN_POINT('Origin',(213.297038292478,654.888694751283,-0.0100000000050061));
#4130=CARTESIAN_POINT('',(213.297038292478,654.888694751283,9.1303700330604E-12));
#4131=CARTESIAN_POINT('',(213.297038292478,654.888694751283,4.99715E-12));
#4132=CARTESIAN_POINT('Origin',(213.297038292478,654.888694751283,-0.0100000000050061));
#4133=CARTESIAN_POINT('Origin',(200.797038292476,654.888694751283,-0.0100000000050061));
#4134=CARTESIAN_POINT('',(188.297038292478,656.398694751278,-0.0100000000051637));
#4135=CARTESIAN_POINT('',(106.398519146243,656.398694751288,-0.0100000000051637));
#4136=CARTESIAN_POINT('',(188.297038292478,654.888694751283,1.49999999998999));
#4137=CARTESIAN_POINT('Origin',(188.297038292478,654.888694751283,-0.0100000000050061));
#4138=CARTESIAN_POINT('',(106.398519146243,654.888694751283,1.5));
#4139=CARTESIAN_POINT('Origin',(188.297038292478,654.898694751278,-4.05754554064288));
#4140=CARTESIAN_POINT('',(188.297038292478,654.898694751283,-0.0100000000050215));
#4141=CARTESIAN_POINT('',(188.297038292478,656.398694751278,-4.05754554064302));
#4142=CARTESIAN_POINT('',(188.29703829248,656.398694751282,82.142412618538));
#4143=CARTESIAN_POINT('',(188.297038292478,654.898694751278,-4.05754554064288));
#4144=CARTESIAN_POINT('Origin',(213.297038292478,654.898694751298,3.54241261853218));
#4145=CARTESIAN_POINT('',(213.297038292476,656.398694751286,-25.3783817412254));
#4146=CARTESIAN_POINT('',(213.297038292476,654.898694751286,-25.3783817412253));
#4147=CARTESIAN_POINT('',(213.297038292478,656.398694751298,3.54241261853204));
#4148=CARTESIAN_POINT('Origin',(212.797038292485,616.888694751286,1.5));
#4149=CARTESIAN_POINT('',(188.297038292479,578.888694751283,1.49999999998999));
#4150=CARTESIAN_POINT('',(188.29703829248,573.788715671692,1.49999999998999));
#4151=CARTESIAN_POINT('',(213.297038292476,578.888694751283,1.5));
#4152=CARTESIAN_POINT('',(106.398519146243,578.888694751283,1.5));
#4153=CARTESIAN_POINT('',(213.297038292478,581.388673830867,1.50000000000371));
#4154=CARTESIAN_POINT('',(213.297038292476,552.46787947111,1.5));
#4155=CARTESIAN_POINT('',(213.792027832273,582.583684291073,1.5));
#4156=CARTESIAN_POINT('Origin',(214.987038292478,581.388673830867,1.50000000001266));
#4157=CARTESIAN_POINT('',(214.817173440818,583.608829899619,1.5));
#4158=CARTESIAN_POINT('',(214.817173440818,583.608829899619,1.5));
#4159=CARTESIAN_POINT('',(215.302660853684,584.982800925517,1.5));
#4160=CARTESIAN_POINT('Origin',(213.62216298061,584.803840359821,1.5));
#4161=CARTESIAN_POINT('',(216.297038292476,586.08869475128,1.5));
#4162=CARTESIAN_POINT('Origin',(216.297038292483,585.08869475128,1.5));
#4163=CARTESIAN_POINT('',(216.297038292476,647.688694751286,1.5));
#4164=CARTESIAN_POINT('',(216.297038292476,308.444347375643,1.5));
#4165=CARTESIAN_POINT('',(215.302660854529,648.794588576963,1.5));
#4166=CARTESIAN_POINT('Origin',(216.297038292476,648.688694751286,1.5));
#4167=CARTESIAN_POINT('',(214.817173440806,650.168559602963,1.5));
#4168=CARTESIAN_POINT('Origin',(213.622162980599,648.973549142759,1.5));
#4169=CARTESIAN_POINT('',(213.79202783227,651.193705211496,1.50000000000999));
#4170=CARTESIAN_POINT('',(214.817173440802,650.168559602959,1.5));
#4171=CARTESIAN_POINT('',(213.297038292478,652.388715671698,1.50000000000999));
#4172=CARTESIAN_POINT('Origin',(214.987038292478,652.388715671698,1.50000000000999));
#4173=CARTESIAN_POINT('',(213.297038292478,652.388715671698,1.50000000000999));
#4174=CARTESIAN_POINT('',(194.60176059958,615.552262934858,1.5));
#4175=CARTESIAN_POINT('',(194.60176059958,618.225126567737,1.5));
#4176=CARTESIAN_POINT('Origin',(195.938192416026,616.888694751297,1.5));
#4177=CARTESIAN_POINT('',(200.958207208988,624.581573177145,1.5));
#4178=CARTESIAN_POINT('',(194.60176059958,618.225126567737,1.5));
#4179=CARTESIAN_POINT('',(203.631070841868,624.581573177146,1.5));
#4180=CARTESIAN_POINT('Origin',(202.294639025429,623.2451413607,1.5));
#4181=CARTESIAN_POINT('',(209.987517451289,618.22512656774,1.5));
#4182=CARTESIAN_POINT('',(203.631070841868,624.581573177146,1.5));
#4183=CARTESIAN_POINT('',(209.987517451286,615.552262934851,1.5));
#4184=CARTESIAN_POINT('Origin',(208.651085634847,616.888694751297,1.5));
#4185=CARTESIAN_POINT('',(203.631070841868,609.195816325441,1.5));
#4186=CARTESIAN_POINT('',(203.631070841868,609.195816325441,1.5));
#4187=CARTESIAN_POINT('',(200.958207208985,609.195816325446,1.5));
#4188=CARTESIAN_POINT('Origin',(202.294639025429,610.532248141887,1.5));
#4189=CARTESIAN_POINT('',(194.60176059958,615.552262934858,1.5));
#4190=CARTESIAN_POINT('',(192.694639025437,604.988694751281,1.5));
#4191=CARTESIAN_POINT('Origin',(195.294639025437,604.988694751281,1.5));
#4192=CARTESIAN_POINT('',(206.694639025437,604.988694751281,1.5));
#4193=CARTESIAN_POINT('Origin',(209.294639025437,604.988694751281,1.5));
#4194=CARTESIAN_POINT('',(192.694639025437,628.788694751284,1.5));
#4195=CARTESIAN_POINT('Origin',(195.294639025437,628.788694751284,1.5));
#4196=CARTESIAN_POINT('',(206.694639025437,628.788694751284,1.5));
#4197=CARTESIAN_POINT('Origin',(209.294639025437,628.788694751284,1.5));
#4198=CARTESIAN_POINT('Origin',(188.297038292478,659.988673830873,-1.00123E-11));
#4199=CARTESIAN_POINT('',(188.297038292478,654.888694751283,-1.00123E-11));
#4200=CARTESIAN_POINT('',(188.297038292478,654.888694751283,-5.00615E-12));
#4201=CARTESIAN_POINT('',(188.297038292479,578.888694751283,-1.00123E-11));
#4202=CARTESIAN_POINT('',(188.29703829248,573.788715671692,-1.00123E-11));
#4203=CARTESIAN_POINT('',(188.297038292479,578.888694751283,-5.00615E-12));
#4204=CARTESIAN_POINT('Origin',(200.797038292476,654.888694751283,-0.0100000000050061));
#4205=CARTESIAN_POINT('',(106.398519146243,654.888694751283,0.));
#4206=CARTESIAN_POINT('Origin',(188.297038292478,654.888694751283,-0.0100000000050061));
#4207=CARTESIAN_POINT('Origin',(212.797038292485,578.878694751276,39.0424335389514));
#4208=CARTESIAN_POINT('',(188.297038292479,578.878694751288,-0.0100000000050215));
#4209=CARTESIAN_POINT('',(213.297038292476,578.878694751278,-0.0100000000050215));
#4210=CARTESIAN_POINT('',(106.398519146243,578.878694751278,-0.0100000000050215));
#4211=CARTESIAN_POINT('',(213.297038292476,578.878694751279,-25.3783817412253));
#4212=CARTESIAN_POINT('',(213.297038292476,578.878694751279,-25.3783817412253));
#4213=CARTESIAN_POINT('',(212.857698464253,578.878694751279,-26.4390419130078));
#4214=CARTESIAN_POINT('Origin',(211.797038292476,578.878694751279,-25.3783817412253));
#4215=CARTESIAN_POINT('',(209.368106104343,578.878694751279,-29.9286342729174));
#4216=CARTESIAN_POINT('',(209.368106104343,578.878694751279,-29.9286342729167));
#4217=CARTESIAN_POINT('',(195.225970480609,578.878694751279,-29.9286342729174));
#4218=CARTESIAN_POINT('Origin',(202.297038292476,578.878694751279,-22.8575664610538));
#4219=CARTESIAN_POINT('',(191.736378120692,578.878694751279,-26.4390419130014));
#4220=CARTESIAN_POINT('',(195.225970480609,578.878694751279,-29.9286342729167));
#4221=CARTESIAN_POINT('',(191.297038292476,578.878694751279,-25.3783817412253));
#4222=CARTESIAN_POINT('Origin',(192.797038292476,578.878694751279,-25.3783817412253));
#4223=CARTESIAN_POINT('',(191.297038292474,578.878694751311,-8.45758738146777));
#4224=CARTESIAN_POINT('',(191.297038292476,578.878694751279,-25.3783817412253));
#4225=CARTESIAN_POINT('',(190.802048752682,578.878694751311,-7.26257692126559));
#4226=CARTESIAN_POINT('Origin',(189.607038292474,578.878694751311,-8.45758738146777));
#4227=CARTESIAN_POINT('',(188.79202783227,578.878694751288,-5.25255600084499));
#4228=CARTESIAN_POINT('',(188.79202783227,578.878694751288,-5.25255600084499));
#4229=CARTESIAN_POINT('',(188.297038292478,578.878694751288,-4.05754554064281));
#4230=CARTESIAN_POINT('Origin',(189.987038292478,578.878694751288,-4.05754554064281));
#4231=CARTESIAN_POINT('',(188.29703829248,578.878694751288,-4.05754554064281));
#4232=CARTESIAN_POINT('',(203.725434353754,578.878694751279,-17.442801028265));
#4233=CARTESIAN_POINT('',(207.711803725267,578.878694751279,-21.4291703997824));
#4234=CARTESIAN_POINT('Origin',(202.297038292476,578.878694751279,-22.8575664610538));
#4235=CARTESIAN_POINT('',(203.538035453584,578.878694751279,-16.8674783416046));
#4236=CARTESIAN_POINT('Origin',(203.817259814834,578.878694751279,-17.09470896473));
#4237=CARTESIAN_POINT('',(201.056041131372,578.878694751279,-16.8674783416002));
#4238=CARTESIAN_POINT('Origin',(202.29703829248,578.878694751279,-15.8575644610531));
#4239=CARTESIAN_POINT('',(200.868642231206,578.878694751279,-17.4428010282628));
#4240=CARTESIAN_POINT('Origin',(200.776816770125,578.878694751279,-17.0947089647228));
#4241=CARTESIAN_POINT('',(196.882272859687,578.878694751279,-21.4291703997756));
#4242=CARTESIAN_POINT('Origin',(202.297038292476,578.878694751279,-22.8575664610538));
#4243=CARTESIAN_POINT('',(196.306950173024,578.878694751279,-21.616569299944));
#4244=CARTESIAN_POINT('Origin',(196.534180796149,578.878694751279,-21.3373449386921));
#4245=CARTESIAN_POINT('',(196.306950173027,578.878694751279,-24.0985636221607));
#4246=CARTESIAN_POINT('Origin',(195.297036292479,578.878694751279,-22.8575664610538));
#4247=CARTESIAN_POINT('',(196.882272859685,578.878694751279,-24.2859625223255));
#4248=CARTESIAN_POINT('Origin',(196.534180796149,578.878694751279,-24.3777879834082));
#4249=CARTESIAN_POINT('',(200.868642231205,578.878694751279,-28.2723318938405));
#4250=CARTESIAN_POINT('Origin',(202.297038292476,578.878694751279,-22.8575664610538));
#4251=CARTESIAN_POINT('',(201.056041131375,578.878694751279,-28.8476545805029));
#4252=CARTESIAN_POINT('Origin',(200.776816770125,578.878694751279,-28.6204239573775));
#4253=CARTESIAN_POINT('',(203.538035453584,578.878694751279,-28.8476545805028));
#4254=CARTESIAN_POINT('Origin',(202.29703829248,578.878694751279,-29.8575684610544));
#4255=CARTESIAN_POINT('',(203.725434353754,578.878694751279,-28.2723318938426));
#4256=CARTESIAN_POINT('Origin',(203.817259814834,578.878694751279,-28.6204239573775));
#4257=CARTESIAN_POINT('',(207.711803725268,578.878694751279,-24.2859625223183));
#4258=CARTESIAN_POINT('Origin',(202.297038292476,578.878694751279,-22.8575664610538));
#4259=CARTESIAN_POINT('',(208.287126411925,578.878694751279,-24.0985636221554));
#4260=CARTESIAN_POINT('Origin',(208.059895788803,578.878694751279,-24.377787983401));
#4261=CARTESIAN_POINT('',(208.287126411929,578.878694751279,-21.6165692999493));
#4262=CARTESIAN_POINT('Origin',(209.29704029248,578.878694751279,-22.8575664610538));
#4263=CARTESIAN_POINT('Origin',(208.059895788803,578.878694751279,-21.3373449386993));
#4264=CARTESIAN_POINT('Origin',(188.297038292479,577.378694751288,-0.0100000000050838));
#4265=CARTESIAN_POINT('',(188.297038292479,577.378694751288,-0.0100000000050926));
#4266=CARTESIAN_POINT('',(188.297038292479,578.878694751283,-0.0100000000050215));
#4267=CARTESIAN_POINT('Origin',(188.297038292479,578.888694751283,-0.0100000000050061));
#4268=CARTESIAN_POINT('Origin',(188.297038292479,578.888694751283,-0.0100000000050061));
#4269=CARTESIAN_POINT('Origin',(200.797038292478,578.888694751283,-0.0100000000050061));
#4270=CARTESIAN_POINT('',(213.297038292476,577.378694751278,-0.0100000000050926));
#4271=CARTESIAN_POINT('',(106.398519146243,577.378694751278,-0.0100000000050926));
#4272=CARTESIAN_POINT('Origin',(213.297038292476,578.888694751283,-0.0100000000050061));
#4273=CARTESIAN_POINT('Origin',(213.297038292476,578.878694751279,-25.3783817412253));
#4274=CARTESIAN_POINT('',(213.297038292476,578.878694751278,-0.0100000000050215));
#4275=CARTESIAN_POINT('',(213.297038292476,577.378694751279,-25.3783817412253));
#4276=CARTESIAN_POINT('',(213.297038292476,577.378694751279,-25.3783817412253));
#4277=CARTESIAN_POINT('',(213.297038292476,578.878694751279,-25.3783817412253));
#4278=CARTESIAN_POINT('Origin',(188.297038292478,578.878694751284,82.1424126185381));
#4279=CARTESIAN_POINT('',(188.297038292478,577.378694751288,-4.05754554064288));
#4280=CARTESIAN_POINT('',(188.297038292478,578.878694751288,-4.05754554064281));
#4281=CARTESIAN_POINT('',(188.29703829248,577.378694751288,-4.05754554064288));
#4282=CARTESIAN_POINT('Origin',(212.797038292485,656.39869475129,39.0424335389438));
#4283=CARTESIAN_POINT('',(212.857698464258,656.398694751286,-26.4390419130025));
#4284=CARTESIAN_POINT('Origin',(211.797038292476,656.398694751286,-25.3783817412254));
#4285=CARTESIAN_POINT('',(209.36810610436,656.398694751286,-29.9286342729089));
#4286=CARTESIAN_POINT('',(209.36810610436,656.398694751286,-29.9286342729089));
#4287=CARTESIAN_POINT('',(195.225970480592,656.398694751286,-29.9286342729089));
#4288=CARTESIAN_POINT('Origin',(202.297038292476,656.398694751287,-22.8575664610615));
#4289=CARTESIAN_POINT('',(191.736378120693,656.398694751286,-26.4390419130025));
#4290=CARTESIAN_POINT('',(195.225970480592,656.398694751286,-29.9286342729089));
#4291=CARTESIAN_POINT('',(191.297038292476,656.398694751286,-25.3783817412254));
#4292=CARTESIAN_POINT('Origin',(192.797038292476,656.398694751286,-25.3783817412254));
#4293=CARTESIAN_POINT('',(191.297038292474,656.398694751284,-8.45758738146799));
#4294=CARTESIAN_POINT('',(191.297038292476,656.398694751287,-8.45758738146799));
#4295=CARTESIAN_POINT('',(190.802048752679,656.398694751287,-7.26257692126268));
#4296=CARTESIAN_POINT('Origin',(189.607038292474,656.398694751275,-8.45758738146799));
#4297=CARTESIAN_POINT('',(188.79202783227,656.398694751278,-5.2525560008452));
#4298=CARTESIAN_POINT('',(188.79202783227,656.398694751278,-5.2525560008452));
#4299=CARTESIAN_POINT('Origin',(189.987038292478,656.398694751278,-4.05754554064302));
#4300=CARTESIAN_POINT('',(203.725434353745,656.398694751286,-28.2723318938429));
#4301=CARTESIAN_POINT('',(207.711803725271,656.398694751286,-24.2859625223088));
#4302=CARTESIAN_POINT('Origin',(202.297038292476,656.398694751287,-22.8575664610615));
#4303=CARTESIAN_POINT('',(208.287126411925,656.398694751286,-24.098563622163));
#4304=CARTESIAN_POINT('Origin',(208.059895788803,656.398694751286,-24.3777879834083));
#4305=CARTESIAN_POINT('',(208.287126411929,656.398694751287,-21.6165692999569));
#4306=CARTESIAN_POINT('Origin',(209.29704029248,656.398694751287,-22.8575664610615));
#4307=CARTESIAN_POINT('',(207.711803725267,656.398694751287,-21.42917039979));
#4308=CARTESIAN_POINT('Origin',(208.059895788803,656.398694751287,-21.3373449387069));
#4309=CARTESIAN_POINT('',(203.725434353749,656.398694751287,-17.4428010282661));
#4310=CARTESIAN_POINT('Origin',(202.297038292476,656.398694751287,-22.8575664610615));
#4311=CARTESIAN_POINT('',(203.538035453588,656.398694751287,-16.8674783416078));
#4312=CARTESIAN_POINT('Origin',(203.817259814834,656.398694751287,-17.0947089647304));
#4313=CARTESIAN_POINT('',(201.056041131372,656.398694751287,-16.8674783416077));
#4314=CARTESIAN_POINT('Origin',(202.29703829248,656.398694751287,-15.8575644610606));
#4315=CARTESIAN_POINT('',(200.868642231204,656.398694751287,-17.4428010282678));
#4316=CARTESIAN_POINT('Origin',(200.776816770125,656.398694751287,-17.0947089647304));
#4317=CARTESIAN_POINT('',(196.882272859677,656.398694751287,-21.4291703998134));
#4318=CARTESIAN_POINT('Origin',(202.297038292476,656.398694751287,-22.8575664610615));
#4319=CARTESIAN_POINT('',(196.306950173025,656.398694751287,-21.6165692999523));
#4320=CARTESIAN_POINT('Origin',(196.534180796149,656.398694751287,-21.3373449386997));
#4321=CARTESIAN_POINT('',(196.306950173028,656.398694751286,-24.0985636221677));
#4322=CARTESIAN_POINT('Origin',(195.297036292479,656.398694751287,-22.8575664610615));
#4323=CARTESIAN_POINT('',(196.882272859685,656.398694751286,-24.2859625223326));
#4324=CARTESIAN_POINT('Origin',(196.534180796149,656.398694751286,-24.3777879834157));
#4325=CARTESIAN_POINT('',(200.868642231207,656.398694751286,-28.2723318938412));
#4326=CARTESIAN_POINT('Origin',(202.297038292476,656.398694751287,-22.8575664610615));
#4327=CARTESIAN_POINT('',(201.056041131379,656.398694751286,-28.8476545805061));
#4328=CARTESIAN_POINT('Origin',(200.776816770125,656.398694751286,-28.6204239573776));
#4329=CARTESIAN_POINT('',(203.53803545358,656.398694751286,-28.8476545805059));
#4330=CARTESIAN_POINT('Origin',(202.29703829248,656.398694751286,-29.857568461062));
#4331=CARTESIAN_POINT('Origin',(203.817259814834,656.398694751286,-28.6204239573776));
#4332=CARTESIAN_POINT('Origin',(213.297038292476,552.46787947111,0.));
#4333=CARTESIAN_POINT('',(213.297038292476,578.888694751283,0.));
#4334=CARTESIAN_POINT('',(213.297038292476,578.888694751283,0.));
#4335=CARTESIAN_POINT('',(213.297038292478,581.388673830867,3.7076583017137E-12));
#4336=CARTESIAN_POINT('',(213.297038292476,552.46787947111,0.));
#4337=CARTESIAN_POINT('',(213.297038292478,581.388673830867,3.7076583017137E-12));
#4338=CARTESIAN_POINT('Origin',(200.797038292478,578.888694751283,-0.0100000000050061));
#4339=CARTESIAN_POINT('',(106.398519146243,578.888694751283,0.));
#4340=CARTESIAN_POINT('Origin',(213.297038292476,578.888694751283,-0.0100000000050061));
#4341=CARTESIAN_POINT('Origin',(217.807038292476,646.998694751283,2.55041140475988));
#4342=CARTESIAN_POINT('',(217.807038292476,648.330477056634,1.51));
#4343=CARTESIAN_POINT('',(216.967038292476,648.330477056634,1.51));
#4344=CARTESIAN_POINT('',(217.807038292476,648.330477056634,1.51));
#4345=CARTESIAN_POINT('',(216.307038292476,648.330477056634,1.51));
#4346=CARTESIAN_POINT('',(217.807038292476,648.330477056634,1.51));
#4347=CARTESIAN_POINT('',(216.307038292476,648.688694751283,2.55041140475988));
#4348=CARTESIAN_POINT('Origin',(216.307038292476,646.998694751283,2.55041140475988));
#4349=CARTESIAN_POINT('',(217.807038292476,648.688694751283,2.55041140475988));
#4350=CARTESIAN_POINT('',(217.807038292476,648.688694751283,2.55041140475988));
#4351=CARTESIAN_POINT('Origin',(217.807038292476,646.998694751283,2.55041140475988));
#4352=CARTESIAN_POINT('Origin',(216.297038292476,616.888694751283,1.51));
#4353=CARTESIAN_POINT('',(217.807038292476,585.446912445937,1.51));
#4354=CARTESIAN_POINT('',(217.807038292476,308.444347375643,1.51));
#4355=CARTESIAN_POINT('',(217.682138326424,585.716947536642,0.90866989435459));
#4356=CARTESIAN_POINT('Ctrl Pts',(217.682138325353,585.716947531743,0.908669891885703));
#4357=CARTESIAN_POINT('Ctrl Pts',(217.754658615326,585.616884943792,1.07571267706509));
#4358=CARTESIAN_POINT('Ctrl Pts',(217.807038292476,585.526090597238,1.28157920531409));
#4359=CARTESIAN_POINT('Ctrl Pts',(217.807038292476,585.446912445937,1.51000000000008));
#4360=CARTESIAN_POINT('',(216.297038292476,586.08869475128,0.));
#4361=CARTESIAN_POINT('Ctrl Pts',(217.68213832742,585.71694754119,0.90866989664692));
#4362=CARTESIAN_POINT('Ctrl Pts',(217.610327249771,585.816031568344,0.743260705246596));
#4363=CARTESIAN_POINT('Ctrl Pts',(217.329048924912,586.011231508248,0.284358055072497));
#4364=CARTESIAN_POINT('Ctrl Pts',(216.679739432927,586.088694751281,0.));
#4365=CARTESIAN_POINT('Ctrl Pts',(216.297038292476,586.08869475128,0.));
#4366=CARTESIAN_POINT('',(216.297038292476,647.688694751286,0.));
#4367=CARTESIAN_POINT('',(216.297038292476,308.444347375643,0.));
#4368=CARTESIAN_POINT('',(217.682138323014,648.060441961683,0.908669886499203));
#4369=CARTESIAN_POINT('Ctrl Pts',(216.297038292476,647.688694751286,0.));
#4370=CARTESIAN_POINT('Ctrl Pts',(216.679739432925,647.688694751286,0.));
#4371=CARTESIAN_POINT('Ctrl Pts',(217.329047338519,647.766158105358,0.284358420904835));
#4372=CARTESIAN_POINT('Ctrl Pts',(217.61032724604,647.961357931639,0.743260699159191));
#4373=CARTESIAN_POINT('Ctrl Pts',(217.682138324086,648.060441956785,0.908669888968064));
#4374=CARTESIAN_POINT('Ctrl Pts',(217.807038292476,648.330477056634,1.50999999999999));
#4375=CARTESIAN_POINT('Ctrl Pts',(217.807038292476,648.251298904121,1.28157920181431));
#4376=CARTESIAN_POINT('Ctrl Pts',(217.754658613721,648.160504555999,1.07571267075643));
#4377=CARTESIAN_POINT('Ctrl Pts',(217.682138322019,648.060441966231,0.908669884206741));
#4378=CARTESIAN_POINT('Ctrl Pts',(217.682138322024,585.716947536336,0.908669884219574));
#4379=CARTESIAN_POINT('Ctrl Pts',(217.754658613723,585.61688494657,1.0757126707665));
#4380=CARTESIAN_POINT('Ctrl Pts',(217.807038292476,585.52609059845,1.28157920181977));
#4381=CARTESIAN_POINT('Ctrl Pts',(217.807038292476,585.446912445937,1.51000000000008));
#4382=CARTESIAN_POINT('Ctrl Pts',(217.223495928134,585.716947536336,1.1077858165972));
#4383=CARTESIAN_POINT('Ctrl Pts',(217.272002878211,585.61688494657,1.21951642216832));
#4384=CARTESIAN_POINT('Ctrl Pts',(217.307038292476,585.52609059845,1.35721522770726));
#4385=CARTESIAN_POINT('Ctrl Pts',(217.307038292476,585.446912445937,1.51000000000005));
#4386=CARTESIAN_POINT('Ctrl Pts',(216.764853534244,585.716947536336,1.30690174897482));
#4387=CARTESIAN_POINT('Ctrl Pts',(216.789347142698,585.61688494657,1.36332017357014));
#4388=CARTESIAN_POINT('Ctrl Pts',(216.807038292476,585.52609059845,1.43285125359476));
#4389=CARTESIAN_POINT('Ctrl Pts',(216.807038292476,585.446912445937,1.51000000000003));
#4390=CARTESIAN_POINT('Ctrl Pts',(216.306211140354,585.716947536336,1.50601768135245));
#4391=CARTESIAN_POINT('Ctrl Pts',(216.306691407186,585.61688494657,1.50712392497196));
#4392=CARTESIAN_POINT('Ctrl Pts',(216.307038292476,585.52609059845,1.50848727948225));
#4393=CARTESIAN_POINT('Ctrl Pts',(216.307038292476,585.446912445937,1.51));
#4394=CARTESIAN_POINT('',(216.307038292476,585.446912445937,1.51));
#4395=CARTESIAN_POINT('',(216.967038292476,585.446912445937,1.51));
#4396=CARTESIAN_POINT('',(217.807038292476,585.446912445937,1.51));
#4397=CARTESIAN_POINT('',(216.306211140374,585.716947539033,1.50601768139814));
#4398=CARTESIAN_POINT('Ctrl Pts',(216.306211140354,585.716947536336,1.50601768135245));
#4399=CARTESIAN_POINT('Ctrl Pts',(216.306691407186,585.61688494657,1.50712392497196));
#4400=CARTESIAN_POINT('Ctrl Pts',(216.307038292476,585.52609059845,1.50848727948225));
#4401=CARTESIAN_POINT('Ctrl Pts',(216.307038292476,585.446912445937,1.51));
#4402=CARTESIAN_POINT('',(217.68213832742,585.71694754119,0.908669896646934));
#4403=CARTESIAN_POINT('',(217.807038292476,585.446912445937,1.51));
#4404=CARTESIAN_POINT('Origin',(216.307038292476,616.888694751286,-3.04243353894346));
#4405=CARTESIAN_POINT('',(216.307038292476,308.444347375643,1.51));
#4406=CARTESIAN_POINT('',(216.307038292476,585.088694751282,2.55041140476713));
#4407=CARTESIAN_POINT('Origin',(216.307038292476,586.778694751282,2.55041140476713));
#4408=CARTESIAN_POINT('',(216.307038292476,585.088694751282,10.7575455406423));
#4409=CARTESIAN_POINT('',(216.307038292476,585.088694751282,2.55041140476713));
#4410=CARTESIAN_POINT('',(216.307038292476,585.583684291077,11.9525560008475));
#4411=CARTESIAN_POINT('Origin',(216.307038292476,586.778694751282,10.7575455406423));
#4412=CARTESIAN_POINT('',(216.307038292476,594.593705211503,20.9625769212704));
#4413=CARTESIAN_POINT('',(216.307038292476,585.583684291082,11.9525560008423));
#4414=CARTESIAN_POINT('',(216.307038292476,595.788715671707,21.4575664610634));
#4415=CARTESIAN_POINT('Origin',(216.307038292476,595.788715671707,19.7675664610633));
#4416=CARTESIAN_POINT('',(216.307038292476,637.988673830866,21.4575664610561));
#4417=CARTESIAN_POINT('',(216.307038292476,595.788715671707,21.457566461062));
#4418=CARTESIAN_POINT('',(216.307038292476,639.183684291073,20.9625769212595));
#4419=CARTESIAN_POINT('Origin',(216.307038292476,637.988673830866,19.7675664610561));
#4420=CARTESIAN_POINT('',(216.307038292476,648.193705211487,11.952556000842));
#4421=CARTESIAN_POINT('',(216.307038292476,648.193705211484,11.9525560008388));
#4422=CARTESIAN_POINT('',(216.307038292476,648.688694751283,10.757545540635));
#4423=CARTESIAN_POINT('Origin',(216.307038292476,646.998694751283,10.757545540635));
#4424=CARTESIAN_POINT('',(216.307038292476,648.688694751278,2.55041140475988));
#4425=CARTESIAN_POINT('',(216.307038292476,632.938694751271,8.64756646104986));
#4426=CARTESIAN_POINT('',(216.307038292476,636.938694751271,8.64756646105715));
#4427=CARTESIAN_POINT('Origin',(216.307038292476,634.938694751271,8.64756646104986));
#4428=CARTESIAN_POINT('',(216.307038292476,636.938694751269,16.0575664610532));
#4429=CARTESIAN_POINT('',(216.307038292476,636.938694751271,8.64756646105715));
#4430=CARTESIAN_POINT('',(216.307038292476,635.248694751269,17.7475664610532));
#4431=CARTESIAN_POINT('Origin',(216.307038292476,635.248694751269,16.0575664610532));
#4432=CARTESIAN_POINT('',(216.307038292476,626.628694751274,17.7475664610532));
#4433=CARTESIAN_POINT('',(216.307038292476,635.248694751269,17.747566461052));
#4434=CARTESIAN_POINT('',(216.307038292476,624.938694751274,16.0575664610532));
#4435=CARTESIAN_POINT('Origin',(216.307038292476,626.628694751274,16.0575664610532));
#4436=CARTESIAN_POINT('',(216.307038292476,624.938694751271,8.64756646105715));
#4437=CARTESIAN_POINT('',(216.307038292476,624.938694751271,8.64756646105715));
#4438=CARTESIAN_POINT('',(216.307038292476,628.938694751271,8.64756646104986));
#4439=CARTESIAN_POINT('Origin',(216.307038292476,626.938694751271,8.64756646104986));
#4440=CARTESIAN_POINT('',(216.307038292476,628.938694751272,11.357566461049));
#4441=CARTESIAN_POINT('',(216.307038292476,628.938694751271,8.64756646104986));
#4442=CARTESIAN_POINT('',(216.307038292476,628.048694751272,12.247566461049));
#4443=CARTESIAN_POINT('Origin',(216.307038292476,628.048694751272,11.357566461049));
#4444=CARTESIAN_POINT('',(216.307038292476,627.218694751277,12.2475664610478));
#4445=CARTESIAN_POINT('',(216.307038292476,627.218694751277,12.2475664610478));
#4446=CARTESIAN_POINT('',(216.307038292476,626.328694751277,13.1375664610477));
#4447=CARTESIAN_POINT('Origin',(216.307038292476,627.218694751277,13.1375664610477));
#4448=CARTESIAN_POINT('',(216.307038292476,626.328694751277,13.7775664610471));
#4449=CARTESIAN_POINT('',(216.307038292476,626.328694751278,13.7775664610471));
#4450=CARTESIAN_POINT('',(216.307038292476,627.218694751277,14.6675664610471));
#4451=CARTESIAN_POINT('Origin',(216.307038292476,627.218694751277,13.7775664610471));
#4452=CARTESIAN_POINT('',(216.307038292476,634.658694751272,14.6675664610471));
#4453=CARTESIAN_POINT('',(216.307038292476,627.218694751277,14.6675664610466));
#4454=CARTESIAN_POINT('',(216.307038292476,635.548694751272,13.7775664610471));
#4455=CARTESIAN_POINT('Origin',(216.307038292476,634.658694751272,13.7775664610471));
#4456=CARTESIAN_POINT('',(216.307038292476,635.548694751272,13.1375664610477));
#4457=CARTESIAN_POINT('',(216.307038292476,635.548694751272,13.7775664610471));
#4458=CARTESIAN_POINT('',(216.307038292476,634.658694751272,12.2475664610478));
#4459=CARTESIAN_POINT('Origin',(216.307038292476,634.658694751272,13.1375664610477));
#4460=CARTESIAN_POINT('',(216.307038292476,633.828694751278,12.247566461049));
#4461=CARTESIAN_POINT('',(216.307038292476,634.658694751272,12.2475664610484));
#4462=CARTESIAN_POINT('',(216.307038292476,632.938694751278,11.357566461049));
#4463=CARTESIAN_POINT('Origin',(216.307038292476,633.828694751278,11.357566461049));
#4464=CARTESIAN_POINT('',(216.307038292476,632.938694751271,8.64756646104986));
#4465=CARTESIAN_POINT('',(216.307038292476,598.228694751286,13.7775664610471));
#4466=CARTESIAN_POINT('',(216.307038292476,599.118694751286,14.6675664610471));
#4467=CARTESIAN_POINT('Origin',(216.307038292476,599.118694751286,13.7775664610471));
#4468=CARTESIAN_POINT('',(216.307038292476,606.558694751281,14.6675664610471));
#4469=CARTESIAN_POINT('',(216.307038292476,599.118694751286,14.6675664610466));
#4470=CARTESIAN_POINT('',(216.307038292476,607.448694751281,13.7775664610471));
#4471=CARTESIAN_POINT('Origin',(216.307038292476,606.558694751281,13.7775664610471));
#4472=CARTESIAN_POINT('',(216.307038292476,607.448694751281,13.1375664610477));
#4473=CARTESIAN_POINT('',(216.307038292476,607.448694751281,13.7775664610471));
#4474=CARTESIAN_POINT('',(216.307038292476,606.558694751281,12.2475664610478));
#4475=CARTESIAN_POINT('Origin',(216.307038292476,606.558694751281,13.1375664610477));
#4476=CARTESIAN_POINT('',(216.307038292476,605.728694751287,12.247566461049));
#4477=CARTESIAN_POINT('',(216.307038292476,606.558694751281,12.2475664610478));
#4478=CARTESIAN_POINT('',(216.307038292476,604.838694751287,11.357566461049));
#4479=CARTESIAN_POINT('Origin',(216.307038292476,605.728694751287,11.357566461049));
#4480=CARTESIAN_POINT('',(216.307038292476,604.83869475128,8.64756646104986));
#4481=CARTESIAN_POINT('',(216.307038292476,604.83869475128,8.64756646104986));
#4482=CARTESIAN_POINT('',(216.307038292476,608.83869475128,8.64756646104986));
#4483=CARTESIAN_POINT('Origin',(216.307038292476,606.83869475128,8.64756646104986));
#4484=CARTESIAN_POINT('',(216.307038292476,608.838694751278,16.0575664610532));
#4485=CARTESIAN_POINT('',(216.307038292476,608.83869475128,8.64756646104986));
#4486=CARTESIAN_POINT('',(216.307038292476,607.148694751278,17.7475664610532));
#4487=CARTESIAN_POINT('Origin',(216.307038292476,607.148694751278,16.0575664610532));
#4488=CARTESIAN_POINT('',(216.307038292476,598.528694751282,17.7475664610532));
#4489=CARTESIAN_POINT('',(216.307038292476,598.528694751282,17.7475664610532));
#4490=CARTESIAN_POINT('',(216.307038292476,596.838694751282,16.0575664610532));
#4491=CARTESIAN_POINT('Origin',(216.307038292476,598.528694751282,16.0575664610532));
#4492=CARTESIAN_POINT('',(216.307038292476,596.83869475128,8.64756646104986));
#4493=CARTESIAN_POINT('',(216.307038292476,596.83869475128,8.64756646104986));
#4494=CARTESIAN_POINT('',(216.307038292476,600.83869475128,8.64756646104986));
#4495=CARTESIAN_POINT('Origin',(216.307038292476,598.83869475128,8.64756646104986));
#4496=CARTESIAN_POINT('',(216.307038292476,600.838694751281,11.357566461049));
#4497=CARTESIAN_POINT('',(216.307038292476,600.83869475128,8.64756646104986));
#4498=CARTESIAN_POINT('',(216.307038292476,599.948694751281,12.247566461049));
#4499=CARTESIAN_POINT('Origin',(216.307038292476,599.948694751281,11.357566461049));
#4500=CARTESIAN_POINT('',(216.307038292476,599.118694751286,12.2475664610478));
#4501=CARTESIAN_POINT('',(216.307038292476,599.118694751286,12.2475664610478));
#4502=CARTESIAN_POINT('',(216.307038292476,598.228694751286,13.1375664610477));
#4503=CARTESIAN_POINT('Origin',(216.307038292476,599.118694751286,13.1375664610477));
#4504=CARTESIAN_POINT('',(216.307038292476,598.228694751286,13.7775664610471));
#4505=CARTESIAN_POINT('Origin',(217.807038292476,616.888694751286,-3.04243353894346));
#4506=CARTESIAN_POINT('',(217.807038292476,648.688694751283,10.757545540635));
#4507=CARTESIAN_POINT('',(217.807038292476,648.688694751278,2.55041140475988));
#4508=CARTESIAN_POINT('',(217.807038292476,648.193705211487,11.952556000842));
#4509=CARTESIAN_POINT('Origin',(217.807038292476,646.998694751283,10.757545540635));
#4510=CARTESIAN_POINT('',(217.807038292476,639.183684291073,20.9625769212595));
#4511=CARTESIAN_POINT('',(217.807038292476,648.193705211484,11.9525560008388));
#4512=CARTESIAN_POINT('',(217.807038292476,637.988673830866,21.4575664610561));
#4513=CARTESIAN_POINT('Origin',(217.807038292476,637.988673830866,19.7675664610561));
#4514=CARTESIAN_POINT('',(217.807038292476,595.788715671707,21.4575664610634));
#4515=CARTESIAN_POINT('',(217.807038292476,595.788715671707,21.457566461062));
#4516=CARTESIAN_POINT('',(217.807038292476,594.593705211503,20.9625769212704));
#4517=CARTESIAN_POINT('Origin',(217.807038292476,595.788715671707,19.7675664610633));
#4518=CARTESIAN_POINT('',(217.807038292476,585.583684291077,11.9525560008475));
#4519=CARTESIAN_POINT('',(217.807038292476,585.583684291082,11.9525560008423));
#4520=CARTESIAN_POINT('',(217.807038292476,585.088694751282,10.7575455406423));
#4521=CARTESIAN_POINT('Origin',(217.807038292476,586.778694751282,10.7575455406423));
#4522=CARTESIAN_POINT('',(217.807038292476,585.088694751282,2.55041140476713));
#4523=CARTESIAN_POINT('',(217.807038292476,585.088694751282,2.55041140476713));
#4524=CARTESIAN_POINT('Origin',(217.807038292476,586.778694751282,2.55041140476713));
#4525=CARTESIAN_POINT('',(217.807038292476,632.938694751271,8.64756646104986));
#4526=CARTESIAN_POINT('',(217.807038292476,636.938694751271,8.64756646105715));
#4527=CARTESIAN_POINT('Origin',(217.807038292476,634.938694751271,8.64756646104986));
#4528=CARTESIAN_POINT('',(217.807038292476,632.938694751278,11.357566461049));
#4529=CARTESIAN_POINT('',(217.807038292476,632.938694751271,8.64756646104986));
#4530=CARTESIAN_POINT('',(217.807038292476,633.828694751278,12.247566461049));
#4531=CARTESIAN_POINT('Origin',(217.807038292476,633.828694751278,11.357566461049));
#4532=CARTESIAN_POINT('',(217.807038292476,634.658694751272,12.2475664610478));
#4533=CARTESIAN_POINT('',(217.807038292476,634.658694751272,12.2475664610484));
#4534=CARTESIAN_POINT('',(217.807038292476,635.548694751272,13.1375664610477));
#4535=CARTESIAN_POINT('Origin',(217.807038292476,634.658694751272,13.1375664610477));
#4536=CARTESIAN_POINT('',(217.807038292476,635.548694751272,13.7775664610471));
#4537=CARTESIAN_POINT('',(217.807038292476,635.548694751272,13.7775664610471));
#4538=CARTESIAN_POINT('',(217.807038292476,634.658694751272,14.6675664610471));
#4539=CARTESIAN_POINT('Origin',(217.807038292476,634.658694751272,13.7775664610471));
#4540=CARTESIAN_POINT('',(217.807038292476,627.218694751277,14.6675664610471));
#4541=CARTESIAN_POINT('',(217.807038292476,627.218694751277,14.6675664610466));
#4542=CARTESIAN_POINT('',(217.807038292476,626.328694751277,13.7775664610471));
#4543=CARTESIAN_POINT('Origin',(217.807038292476,627.218694751277,13.7775664610471));
#4544=CARTESIAN_POINT('',(217.807038292476,626.328694751277,13.1375664610477));
#4545=CARTESIAN_POINT('',(217.807038292476,626.328694751278,13.7775664610471));
#4546=CARTESIAN_POINT('',(217.807038292476,627.218694751277,12.2475664610478));
#4547=CARTESIAN_POINT('Origin',(217.807038292476,627.218694751277,13.1375664610477));
#4548=CARTESIAN_POINT('',(217.807038292476,628.048694751272,12.247566461049));
#4549=CARTESIAN_POINT('',(217.807038292476,627.218694751277,12.2475664610478));
#4550=CARTESIAN_POINT('',(217.807038292476,628.938694751272,11.357566461049));
#4551=CARTESIAN_POINT('Origin',(217.807038292476,628.048694751272,11.357566461049));
#4552=CARTESIAN_POINT('',(217.807038292476,628.938694751271,8.64756646104986));
#4553=CARTESIAN_POINT('',(217.807038292476,628.938694751271,8.64756646104986));
#4554=CARTESIAN_POINT('',(217.807038292476,624.938694751271,8.64756646105715));
#4555=CARTESIAN_POINT('Origin',(217.807038292476,626.938694751271,8.64756646104986));
#4556=CARTESIAN_POINT('',(217.807038292476,624.938694751274,16.0575664610532));
#4557=CARTESIAN_POINT('',(217.807038292476,624.938694751271,8.64756646105715));
#4558=CARTESIAN_POINT('',(217.807038292476,626.628694751274,17.7475664610532));
#4559=CARTESIAN_POINT('Origin',(217.807038292476,626.628694751274,16.0575664610532));
#4560=CARTESIAN_POINT('',(217.807038292476,635.248694751269,17.7475664610532));
#4561=CARTESIAN_POINT('',(217.807038292476,635.248694751269,17.747566461052));
#4562=CARTESIAN_POINT('',(217.807038292476,636.938694751269,16.0575664610532));
#4563=CARTESIAN_POINT('Origin',(217.807038292476,635.248694751269,16.0575664610532));
#4564=CARTESIAN_POINT('',(217.807038292476,636.938694751271,8.64756646105715));
#4565=CARTESIAN_POINT('',(217.807038292476,598.228694751286,13.7775664610471));
#4566=CARTESIAN_POINT('',(217.807038292476,599.118694751286,14.6675664610471));
#4567=CARTESIAN_POINT('Origin',(217.807038292476,599.118694751286,13.7775664610471));
#4568=CARTESIAN_POINT('',(217.807038292476,598.228694751286,13.1375664610477));
#4569=CARTESIAN_POINT('',(217.807038292476,598.228694751286,13.7775664610471));
#4570=CARTESIAN_POINT('',(217.807038292476,599.118694751286,12.2475664610478));
#4571=CARTESIAN_POINT('Origin',(217.807038292476,599.118694751286,13.1375664610477));
#4572=CARTESIAN_POINT('',(217.807038292476,599.948694751281,12.247566461049));
#4573=CARTESIAN_POINT('',(217.807038292476,599.118694751286,12.2475664610478));
#4574=CARTESIAN_POINT('',(217.807038292476,600.838694751281,11.357566461049));
#4575=CARTESIAN_POINT('Origin',(217.807038292476,599.948694751281,11.357566461049));
#4576=CARTESIAN_POINT('',(217.807038292476,600.83869475128,8.64756646104986));
#4577=CARTESIAN_POINT('',(217.807038292476,600.83869475128,8.64756646104986));
#4578=CARTESIAN_POINT('',(217.807038292476,596.83869475128,8.64756646104986));
#4579=CARTESIAN_POINT('Origin',(217.807038292476,598.83869475128,8.64756646104986));
#4580=CARTESIAN_POINT('',(217.807038292476,596.838694751282,16.0575664610532));
#4581=CARTESIAN_POINT('',(217.807038292476,596.83869475128,8.64756646104986));
#4582=CARTESIAN_POINT('',(217.807038292476,598.528694751282,17.7475664610532));
#4583=CARTESIAN_POINT('Origin',(217.807038292476,598.528694751282,16.0575664610532));
#4584=CARTESIAN_POINT('',(217.807038292476,607.148694751278,17.7475664610532));
#4585=CARTESIAN_POINT('',(217.807038292476,598.528694751282,17.7475664610532));
#4586=CARTESIAN_POINT('',(217.807038292476,608.838694751278,16.0575664610532));
#4587=CARTESIAN_POINT('Origin',(217.807038292476,607.148694751278,16.0575664610532));
#4588=CARTESIAN_POINT('',(217.807038292476,608.83869475128,8.64756646104986));
#4589=CARTESIAN_POINT('',(217.807038292476,608.83869475128,8.64756646104986));
#4590=CARTESIAN_POINT('',(217.807038292476,604.83869475128,8.64756646104986));
#4591=CARTESIAN_POINT('Origin',(217.807038292476,606.83869475128,8.64756646104986));
#4592=CARTESIAN_POINT('',(217.807038292476,604.838694751287,11.357566461049));
#4593=CARTESIAN_POINT('',(217.807038292476,604.83869475128,8.64756646104986));
#4594=CARTESIAN_POINT('',(217.807038292476,605.728694751287,12.247566461049));
#4595=CARTESIAN_POINT('Origin',(217.807038292476,605.728694751287,11.357566461049));
#4596=CARTESIAN_POINT('',(217.807038292476,606.558694751281,12.2475664610478));
#4597=CARTESIAN_POINT('',(217.807038292476,606.558694751281,12.2475664610478));
#4598=CARTESIAN_POINT('',(217.807038292476,607.448694751281,13.1375664610477));
#4599=CARTESIAN_POINT('Origin',(217.807038292476,606.558694751281,13.1375664610477));
#4600=CARTESIAN_POINT('',(217.807038292476,607.448694751281,13.7775664610471));
#4601=CARTESIAN_POINT('',(217.807038292476,607.448694751281,13.7775664610471));
#4602=CARTESIAN_POINT('',(217.807038292476,606.558694751281,14.6675664610471));
#4603=CARTESIAN_POINT('Origin',(217.807038292476,606.558694751281,13.7775664610471));
#4604=CARTESIAN_POINT('',(217.807038292476,599.118694751286,14.6675664610466));
#4605=CARTESIAN_POINT('Origin',(216.297038292483,585.08869475128,0.));
#4606=CARTESIAN_POINT('',(216.297038292476,586.08869475128,0.));
#4607=CARTESIAN_POINT('',(215.302660853684,584.982800925517,0.));
#4608=CARTESIAN_POINT('',(215.302660850267,584.982800925153,0.));
#4609=CARTESIAN_POINT('Origin',(216.297038292483,585.08869475128,0.));
#4610=CARTESIAN_POINT('Origin',(212.797038292485,577.378694751276,39.0424335389513));
#4611=CARTESIAN_POINT('',(188.79202783227,577.378694751288,-5.25255600084506));
#4612=CARTESIAN_POINT('Origin',(189.987038292478,577.378694751288,-4.05754554064288));
#4613=CARTESIAN_POINT('',(190.802048752682,577.378694751311,-7.26257692126566));
#4614=CARTESIAN_POINT('',(188.79202783227,577.378694751288,-5.25255600084506));
#4615=CARTESIAN_POINT('',(191.297038292474,577.378694751311,-8.45758738146785));
#4616=CARTESIAN_POINT('Origin',(189.607038292474,577.378694751311,-8.45758738146785));
#4617=CARTESIAN_POINT('',(191.297038292476,577.378694751279,-25.3783817412253));
#4618=CARTESIAN_POINT('',(191.297038292476,577.378694751279,-25.3783817412253));
#4619=CARTESIAN_POINT('',(191.736378120692,577.378694751279,-26.4390419130015));
#4620=CARTESIAN_POINT('Origin',(192.797038292476,577.378694751279,-25.3783817412253));
#4621=CARTESIAN_POINT('',(195.225970480609,577.378694751279,-29.9286342729174));
#4622=CARTESIAN_POINT('',(195.225970480609,577.378694751279,-29.9286342729168));
#4623=CARTESIAN_POINT('',(209.368106104343,577.378694751279,-29.9286342729174));
#4624=CARTESIAN_POINT('Origin',(202.297038292476,577.378694751279,-22.8575664610539));
#4625=CARTESIAN_POINT('',(212.857698464253,577.378694751279,-26.4390419130079));
#4626=CARTESIAN_POINT('',(209.368106104343,577.378694751279,-29.9286342729168));
#4627=CARTESIAN_POINT('Origin',(211.797038292476,577.378694751279,-25.3783817412253));
#4628=CARTESIAN_POINT('',(203.725434353754,577.378694751279,-17.4428010282651));
#4629=CARTESIAN_POINT('',(207.711803725267,577.378694751279,-21.4291703997825));
#4630=CARTESIAN_POINT('Origin',(202.297038292476,577.378694751279,-22.8575664610539));
#4631=CARTESIAN_POINT('',(208.287126411929,577.378694751279,-21.6165692999493));
#4632=CARTESIAN_POINT('Origin',(208.059895788803,577.378694751279,-21.3373449386994));
#4633=CARTESIAN_POINT('',(208.287126411925,577.378694751279,-24.0985636221555));
#4634=CARTESIAN_POINT('Origin',(209.29704029248,577.378694751279,-22.8575664610539));
#4635=CARTESIAN_POINT('',(207.711803725268,577.378694751279,-24.2859625223183));
#4636=CARTESIAN_POINT('Origin',(208.059895788803,577.378694751279,-24.377787983401));
#4637=CARTESIAN_POINT('',(203.725434353754,577.378694751279,-28.2723318938427));
#4638=CARTESIAN_POINT('Origin',(202.297038292476,577.378694751279,-22.8575664610539));
#4639=CARTESIAN_POINT('',(203.538035453584,577.378694751279,-28.8476545805029));
#4640=CARTESIAN_POINT('Origin',(203.817259814834,577.378694751279,-28.6204239573775));
#4641=CARTESIAN_POINT('',(201.056041131375,577.378694751279,-28.847654580503));
#4642=CARTESIAN_POINT('Origin',(202.29703829248,577.378694751279,-29.8575684610545));
#4643=CARTESIAN_POINT('',(200.868642231205,577.378694751279,-28.2723318938406));
#4644=CARTESIAN_POINT('Origin',(200.776816770125,577.378694751279,-28.6204239573775));
#4645=CARTESIAN_POINT('',(196.882272859685,577.378694751279,-24.2859625223256));
#4646=CARTESIAN_POINT('Origin',(202.297038292476,577.378694751279,-22.8575664610539));
#4647=CARTESIAN_POINT('',(196.306950173027,577.378694751279,-24.0985636221608));
#4648=CARTESIAN_POINT('Origin',(196.534180796149,577.378694751279,-24.3777879834082));
#4649=CARTESIAN_POINT('',(196.306950173024,577.378694751279,-21.6165692999441));
#4650=CARTESIAN_POINT('Origin',(195.297036292479,577.378694751279,-22.8575664610539));
#4651=CARTESIAN_POINT('',(196.882272859687,577.378694751279,-21.4291703997757));
#4652=CARTESIAN_POINT('Origin',(196.534180796149,577.378694751279,-21.3373449386921));
#4653=CARTESIAN_POINT('',(200.868642231206,577.378694751279,-17.4428010282629));
#4654=CARTESIAN_POINT('Origin',(202.297038292476,577.378694751279,-22.8575664610539));
#4655=CARTESIAN_POINT('',(201.056041131372,577.378694751279,-16.8674783416003));
#4656=CARTESIAN_POINT('Origin',(200.776816770125,577.378694751279,-17.0947089647229));
#4657=CARTESIAN_POINT('',(203.538035453584,577.378694751279,-16.8674783416047));
#4658=CARTESIAN_POINT('Origin',(202.29703829248,577.378694751279,-15.8575644610531));
#4659=CARTESIAN_POINT('Origin',(203.817259814834,577.378694751279,-17.0947089647301));
#4660=CARTESIAN_POINT('Ctrl Pts',(216.297038292476,647.688694751286,0.));
#4661=CARTESIAN_POINT('Ctrl Pts',(216.679739432925,647.688694751286,0.));
#4662=CARTESIAN_POINT('Ctrl Pts',(217.329047342818,647.766158105871,0.284358422787544));
#4663=CARTESIAN_POINT('Ctrl Pts',(217.610327249765,647.961357934224,0.743260705235882));
#4664=CARTESIAN_POINT('Ctrl Pts',(217.682138327414,648.060441961377,0.908669896634166));
#4665=CARTESIAN_POINT('Ctrl Pts',(216.297038292476,647.688694751286,0.50000901166205));
#4666=CARTESIAN_POINT('Ctrl Pts',(216.553014917032,647.688694751286,0.50000901166205));
#4667=CARTESIAN_POINT('Ctrl Pts',(216.987316332693,647.766158105871,0.690207319260336));
#4668=CARTESIAN_POINT('Ctrl Pts',(217.17545551893,647.961357934224,0.997152464823607));
#4669=CARTESIAN_POINT('Ctrl Pts',(217.223487665478,648.060441961377,1.10778941363191));
#4670=CARTESIAN_POINT('Ctrl Pts',(216.297038292476,647.688694751286,1.0000180233241));
#4671=CARTESIAN_POINT('Ctrl Pts',(216.426290401139,647.688694751286,1.0000180233241));
#4672=CARTESIAN_POINT('Ctrl Pts',(216.64558532257,647.766158105871,1.09605621573313));
#4673=CARTESIAN_POINT('Ctrl Pts',(216.740583788095,647.961357934224,1.25104422441133));
#4674=CARTESIAN_POINT('Ctrl Pts',(216.764837003543,648.060441961377,1.30690893062965));
#4675=CARTESIAN_POINT('Ctrl Pts',(216.297038292476,647.688694751286,1.50002703498615));
#4676=CARTESIAN_POINT('Ctrl Pts',(216.299565885247,647.688694751286,1.50002703498615));
#4677=CARTESIAN_POINT('Ctrl Pts',(216.303854312445,647.766158105871,1.50190511220592));
#4678=CARTESIAN_POINT('Ctrl Pts',(216.30571205726,647.961357934224,1.50493598399906));
#4679=CARTESIAN_POINT('Ctrl Pts',(216.306186341607,648.060441961377,1.50602844762739));
#4680=CARTESIAN_POINT('',(216.297038292476,647.688694751286,0.));
#4681=CARTESIAN_POINT('',(216.30621114037,648.060441964074,1.50601768138885));
#4682=CARTESIAN_POINT('Ctrl Pts',(216.306211140389,648.060441961376,1.50601768143445));
#4683=CARTESIAN_POINT('Ctrl Pts',(216.305799693031,647.974717763362,1.50506995613907));
#4684=CARTESIAN_POINT('Ctrl Pts',(216.305063835989,647.867264279469,1.50351833594877));
#4685=CARTESIAN_POINT('Ctrl Pts',(216.302491925597,647.764777066262,1.50159044594605));
#4686=CARTESIAN_POINT('Ctrl Pts',(216.301597078393,647.734996790901,1.50098950255363));
#4687=CARTESIAN_POINT('Ctrl Pts',(216.299936653329,647.708292853657,1.50042282751275));
#4688=CARTESIAN_POINT('Ctrl Pts',(216.299385493272,647.700396976805,1.50025343897964));
#4689=CARTESIAN_POINT('Ctrl Pts',(216.298478120178,647.693393919636,1.50010198212895));
#4690=CARTESIAN_POINT('Ctrl Pts',(216.298200216088,647.691553305665,1.50006208836498));
#4691=CARTESIAN_POINT('Ctrl Pts',(216.297758136621,647.689861032465,1.5000253500269));
#4692=CARTESIAN_POINT('Ctrl Pts',(216.297618225157,647.689406049603,1.50001546614581));
#4693=CARTESIAN_POINT('Ctrl Pts',(216.297394877676,647.68897926022,1.500006188452));
#4694=CARTESIAN_POINT('Ctrl Pts',(216.297325179225,647.688869534894,1.50000380242459));
#4695=CARTESIAN_POINT('Ctrl Pts',(216.29721534037,647.688764623183,1.50000152035215));
#4696=CARTESIAN_POINT('Ctrl Pts',(216.297180514317,647.688737855513,1.50000093798848));
#4697=CARTESIAN_POINT('Ctrl Pts',(216.297125541079,647.68871160296,1.50000036674554));
#4698=CARTESIAN_POINT('Ctrl Pts',(216.297108214648,647.688705242692,1.50000022833456));
#4699=CARTESIAN_POINT('Ctrl Pts',(216.297073176819,647.688696876453,1.50000004625825));
#4700=CARTESIAN_POINT('Ctrl Pts',(216.297055853495,647.688694751286,1.5));
#4701=CARTESIAN_POINT('Ctrl Pts',(216.297038292476,647.688694751286,1.5));
#4702=CARTESIAN_POINT('',(217.682138322019,648.060441966231,0.908669884206752));
#4703=CARTESIAN_POINT('Origin',(217.807038292476,632.938694751278,11.357566461049));
#4704=CARTESIAN_POINT('',(217.807038292476,632.938694751271,8.64756646104986));
#4705=CARTESIAN_POINT('',(217.807038292476,632.938694751278,11.357566461049));
#4706=CARTESIAN_POINT('Origin',(217.807038292476,633.828694751278,11.357566461049));
#4707=CARTESIAN_POINT('',(217.807038292476,633.828694751278,12.247566461049));
#4708=CARTESIAN_POINT('Origin',(217.807038292476,634.658694751272,12.2475664610484));
#4709=CARTESIAN_POINT('',(217.807038292476,634.658694751272,12.2475664610478));
#4710=CARTESIAN_POINT('Origin',(217.807038292476,634.658694751272,13.1375664610477));
#4711=CARTESIAN_POINT('',(217.807038292476,635.548694751272,13.1375664610477));
#4712=CARTESIAN_POINT('Origin',(217.807038292476,635.548694751272,13.7775664610471));
#4713=CARTESIAN_POINT('',(217.807038292476,635.548694751272,13.7775664610471));
#4714=CARTESIAN_POINT('Origin',(217.807038292476,634.658694751272,13.7775664610471));
#4715=CARTESIAN_POINT('',(217.807038292476,634.658694751272,14.6675664610471));
#4716=CARTESIAN_POINT('Origin',(217.807038292476,627.218694751277,14.6675664610466));
#4717=CARTESIAN_POINT('',(217.807038292476,627.218694751277,14.6675664610471));
#4718=CARTESIAN_POINT('Origin',(217.807038292476,627.218694751277,13.7775664610471));
#4719=CARTESIAN_POINT('',(217.807038292476,626.328694751277,13.7775664610471));
#4720=CARTESIAN_POINT('Origin',(217.807038292476,626.328694751278,13.1375664610477));
#4721=CARTESIAN_POINT('',(217.807038292476,626.328694751277,13.1375664610477));
#4722=CARTESIAN_POINT('Origin',(217.807038292476,627.218694751277,13.1375664610477));
#4723=CARTESIAN_POINT('',(217.807038292476,627.218694751277,12.2475664610478));
#4724=CARTESIAN_POINT('Origin',(217.807038292476,628.048694751272,12.247566461049));
#4725=CARTESIAN_POINT('',(217.807038292476,628.048694751272,12.247566461049));
#4726=CARTESIAN_POINT('Origin',(217.807038292476,628.048694751272,11.357566461049));
#4727=CARTESIAN_POINT('',(217.807038292476,628.938694751272,11.357566461049));
#4728=CARTESIAN_POINT('Origin',(217.807038292476,628.938694751271,8.64756646104986));
#4729=CARTESIAN_POINT('',(217.807038292476,628.938694751271,8.64756646104986));
#4730=CARTESIAN_POINT('Origin',(217.807038292476,626.938694751271,8.64756646104986));
#4731=CARTESIAN_POINT('',(217.807038292476,624.938694751271,8.64756646105715));
#4732=CARTESIAN_POINT('Origin',(217.807038292476,624.938694751274,16.0575664610532));
#4733=CARTESIAN_POINT('',(217.807038292476,624.938694751274,16.0575664610532));
#4734=CARTESIAN_POINT('Origin',(217.807038292476,626.628694751274,16.0575664610532));
#4735=CARTESIAN_POINT('',(217.807038292476,626.628694751274,17.7475664610532));
#4736=CARTESIAN_POINT('Origin',(217.807038292476,635.248694751269,17.747566461052));
#4737=CARTESIAN_POINT('',(217.807038292476,635.248694751269,17.7475664610532));
#4738=CARTESIAN_POINT('Origin',(217.807038292476,635.248694751269,16.0575664610532));
#4739=CARTESIAN_POINT('',(217.807038292476,636.938694751269,16.0575664610532));
#4740=CARTESIAN_POINT('Origin',(217.807038292476,636.938694751271,8.64756646105715));
#4741=CARTESIAN_POINT('',(217.807038292476,636.938694751271,8.64756646105715));
#4742=CARTESIAN_POINT('Origin',(217.807038292476,634.938694751271,8.64756646104986));
#4743=CARTESIAN_POINT('Origin',(203.817259814834,654.898694751286,-28.6204239573775));
#4744=CARTESIAN_POINT('',(203.725434353745,654.898694751286,-28.2723318938427));
#4745=CARTESIAN_POINT('',(203.53803545358,654.898694751286,-28.8476545805058));
#4746=CARTESIAN_POINT('Origin',(202.29703829248,654.898694751286,-29.8575684610618));
#4747=CARTESIAN_POINT('',(201.056041131379,654.898694751286,-28.8476545805059));
#4748=CARTESIAN_POINT('Origin',(200.776816770125,654.898694751286,-28.6204239573775));
#4749=CARTESIAN_POINT('',(200.868642231207,654.898694751286,-28.272331893841));
#4750=CARTESIAN_POINT('Origin',(202.297038292476,654.898694751287,-22.8575664610614));
#4751=CARTESIAN_POINT('',(196.882272859685,654.898694751287,-24.2859625223325));
#4752=CARTESIAN_POINT('Origin',(196.534180796149,654.898694751287,-24.3777879834155));
#4753=CARTESIAN_POINT('',(196.306950173028,654.898694751287,-24.0985636221676));
#4754=CARTESIAN_POINT('Origin',(195.297036292479,654.898694751287,-22.8575664610614));
#4755=CARTESIAN_POINT('',(196.306950173025,654.898694751287,-21.6165692999522));
#4756=CARTESIAN_POINT('Origin',(196.534180796149,654.898694751287,-21.3373449386995));
#4757=CARTESIAN_POINT('',(196.882272859677,654.898694751287,-21.4291703998133));
#4758=CARTESIAN_POINT('Origin',(202.297038292476,654.898694751287,-22.8575664610614));
#4759=CARTESIAN_POINT('',(200.868642231204,654.898694751287,-17.4428010282676));
#4760=CARTESIAN_POINT('Origin',(200.776816770125,654.898694751287,-17.0947089647302));
#4761=CARTESIAN_POINT('',(201.056041131372,654.898694751287,-16.8674783416076));
#4762=CARTESIAN_POINT('Origin',(202.29703829248,654.898694751287,-15.8575644610605));
#4763=CARTESIAN_POINT('',(203.538035453588,654.898694751287,-16.8674783416077));
#4764=CARTESIAN_POINT('Origin',(203.817259814834,654.898694751287,-17.0947089647302));
#4765=CARTESIAN_POINT('',(203.725434353749,654.898694751287,-17.4428010282659));
#4766=CARTESIAN_POINT('Origin',(202.297038292476,654.898694751287,-22.8575664610614));
#4767=CARTESIAN_POINT('',(207.711803725267,654.898694751287,-21.4291703997898));
#4768=CARTESIAN_POINT('Origin',(208.059895788803,654.898694751287,-21.3373449387068));
#4769=CARTESIAN_POINT('',(208.287126411929,654.898694751287,-21.6165692999567));
#4770=CARTESIAN_POINT('Origin',(209.29704029248,654.898694751287,-22.8575664610614));
#4771=CARTESIAN_POINT('',(208.287126411925,654.898694751287,-24.0985636221629));
#4772=CARTESIAN_POINT('Origin',(208.059895788803,654.898694751287,-24.3777879834082));
#4773=CARTESIAN_POINT('',(207.711803725271,654.898694751287,-24.2859625223086));
#4774=CARTESIAN_POINT('Origin',(202.297038292476,654.898694751287,-22.8575664610614));
#4775=CARTESIAN_POINT('Origin',(203.817259814834,578.878694751279,-17.09470896473));
#4776=CARTESIAN_POINT('',(203.725434353754,578.878694751279,-17.442801028265));
#4777=CARTESIAN_POINT('',(203.538035453584,578.878694751279,-16.8674783416046));
#4778=CARTESIAN_POINT('Origin',(202.29703829248,578.878694751279,-15.8575644610531));
#4779=CARTESIAN_POINT('',(201.056041131372,578.878694751279,-16.8674783416002));
#4780=CARTESIAN_POINT('Origin',(200.776816770125,578.878694751279,-17.0947089647228));
#4781=CARTESIAN_POINT('',(200.868642231206,578.878694751279,-17.4428010282628));
#4782=CARTESIAN_POINT('Origin',(202.297038292476,578.878694751279,-22.8575664610538));
#4783=CARTESIAN_POINT('',(196.882272859687,578.878694751279,-21.4291703997756));
#4784=CARTESIAN_POINT('Origin',(196.534180796149,578.878694751279,-21.3373449386921));
#4785=CARTESIAN_POINT('',(196.306950173024,578.878694751279,-21.616569299944));
#4786=CARTESIAN_POINT('Origin',(195.297036292479,578.878694751279,-22.8575664610538));
#4787=CARTESIAN_POINT('',(196.306950173027,578.878694751279,-24.0985636221607));
#4788=CARTESIAN_POINT('Origin',(196.534180796149,578.878694751279,-24.3777879834082));
#4789=CARTESIAN_POINT('',(196.882272859685,578.878694751279,-24.2859625223255));
#4790=CARTESIAN_POINT('Origin',(202.297038292476,578.878694751279,-22.8575664610538));
#4791=CARTESIAN_POINT('',(200.868642231205,578.878694751279,-28.2723318938405));
#4792=CARTESIAN_POINT('Origin',(200.776816770125,578.878694751279,-28.6204239573775));
#4793=CARTESIAN_POINT('',(201.056041131375,578.878694751279,-28.8476545805029));
#4794=CARTESIAN_POINT('Origin',(202.29703829248,578.878694751279,-29.8575684610544));
#4795=CARTESIAN_POINT('',(203.538035453584,578.878694751279,-28.8476545805028));
#4796=CARTESIAN_POINT('Origin',(203.817259814834,578.878694751279,-28.6204239573775));
#4797=CARTESIAN_POINT('',(203.725434353754,578.878694751279,-28.2723318938426));
#4798=CARTESIAN_POINT('Origin',(202.297038292476,578.878694751279,-22.8575664610538));
#4799=CARTESIAN_POINT('',(207.711803725268,578.878694751279,-24.2859625223183));
#4800=CARTESIAN_POINT('Origin',(208.059895788803,578.878694751279,-24.377787983401));
#4801=CARTESIAN_POINT('',(208.287126411925,578.878694751279,-24.0985636221554));
#4802=CARTESIAN_POINT('Origin',(209.29704029248,578.878694751279,-22.8575664610538));
#4803=CARTESIAN_POINT('',(208.287126411929,578.878694751279,-21.6165692999493));
#4804=CARTESIAN_POINT('Origin',(208.059895788803,578.878694751279,-21.3373449386993));
#4805=CARTESIAN_POINT('',(207.711803725267,578.878694751279,-21.4291703997824));
#4806=CARTESIAN_POINT('Origin',(202.297038292476,578.878694751279,-22.8575664610538));
#4807=CARTESIAN_POINT('Origin',(200.958207208987,609.195816325449,0.));
#4808=CARTESIAN_POINT('',(200.958207208985,609.195816325446,0.));
#4809=CARTESIAN_POINT('',(194.60176059958,615.552262934858,0.));
#4810=CARTESIAN_POINT('',(194.60176059958,615.552262934858,0.));
#4811=CARTESIAN_POINT('',(194.60176059958,615.552262934858,0.));
#4812=CARTESIAN_POINT('',(200.958207208985,609.195816325446,0.));
#4813=CARTESIAN_POINT('Origin',(202.294639025429,610.532248141887,0.));
#4814=CARTESIAN_POINT('',(203.631070841868,609.195816325441,0.));
#4815=CARTESIAN_POINT('Origin',(202.294639025429,610.532248141887,0.));
#4816=CARTESIAN_POINT('',(203.631070841868,609.195816325441,0.));
#4817=CARTESIAN_POINT('Origin',(209.987517451285,615.552262934852,0.));
#4818=CARTESIAN_POINT('',(209.987517451286,615.552262934851,0.));
#4819=CARTESIAN_POINT('',(203.631070841868,609.195816325441,0.));
#4820=CARTESIAN_POINT('',(209.987517451286,615.552262934851,0.));
#4821=CARTESIAN_POINT('Origin',(208.651085634847,616.888694751297,0.));
#4822=CARTESIAN_POINT('',(209.987517451289,618.22512656774,0.));
#4823=CARTESIAN_POINT('Origin',(208.651085634847,616.888694751297,0.));
#4824=CARTESIAN_POINT('',(209.987517451289,618.22512656774,0.));
#4825=CARTESIAN_POINT('Origin',(203.631070841868,624.581573177146,0.));
#4826=CARTESIAN_POINT('',(203.631070841868,624.581573177146,0.));
#4827=CARTESIAN_POINT('',(203.631070841868,624.581573177146,0.));
#4828=CARTESIAN_POINT('',(203.631070841868,624.581573177146,0.));
#4829=CARTESIAN_POINT('Origin',(202.294639025429,623.2451413607,0.));
#4830=CARTESIAN_POINT('',(200.958207208988,624.581573177145,0.));
#4831=CARTESIAN_POINT('Origin',(202.294639025429,623.2451413607,0.));
#4832=CARTESIAN_POINT('',(200.958207208988,624.581573177145,0.));
#4833=CARTESIAN_POINT('Origin',(194.60176059958,618.225126567737,0.));
#4834=CARTESIAN_POINT('',(194.60176059958,618.225126567737,0.));
#4835=CARTESIAN_POINT('',(194.60176059958,618.225126567737,0.));
#4836=CARTESIAN_POINT('',(194.60176059958,618.225126567737,0.));
#4837=CARTESIAN_POINT('Origin',(195.938192416026,616.888694751297,0.));
#4838=CARTESIAN_POINT('Origin',(195.938192416026,616.888694751297,0.));
#4839=CARTESIAN_POINT('Origin',(217.807038292476,598.228694751286,13.1375664610477));
#4840=CARTESIAN_POINT('',(217.807038292476,598.228694751286,13.7775664610471));
#4841=CARTESIAN_POINT('',(217.807038292476,598.228694751286,13.1375664610477));
#4842=CARTESIAN_POINT('Origin',(217.807038292476,599.118694751286,13.1375664610477));
#4843=CARTESIAN_POINT('',(217.807038292476,599.118694751286,12.2475664610478));
#4844=CARTESIAN_POINT('Origin',(217.807038292476,599.948694751281,12.247566461049));
#4845=CARTESIAN_POINT('',(217.807038292476,599.948694751281,12.247566461049));
#4846=CARTESIAN_POINT('Origin',(217.807038292476,599.948694751281,11.357566461049));
#4847=CARTESIAN_POINT('',(217.807038292476,600.838694751281,11.357566461049));
#4848=CARTESIAN_POINT('Origin',(217.807038292476,600.83869475128,8.64756646104986));
#4849=CARTESIAN_POINT('',(217.807038292476,600.83869475128,8.64756646104986));
#4850=CARTESIAN_POINT('Origin',(217.807038292476,598.83869475128,8.64756646104986));
#4851=CARTESIAN_POINT('',(217.807038292476,596.83869475128,8.64756646104986));
#4852=CARTESIAN_POINT('Origin',(217.807038292476,596.838694751287,16.0575664610532));
#4853=CARTESIAN_POINT('',(217.807038292476,596.838694751282,16.0575664610532));
#4854=CARTESIAN_POINT('Origin',(217.807038292476,598.528694751282,16.0575664610532));
#4855=CARTESIAN_POINT('',(217.807038292476,598.528694751282,17.7475664610532));
#4856=CARTESIAN_POINT('Origin',(217.807038292476,607.148694751278,17.7475664610532));
#4857=CARTESIAN_POINT('',(217.807038292476,607.148694751278,17.7475664610532));
#4858=CARTESIAN_POINT('Origin',(217.807038292476,607.148694751278,16.0575664610532));
#4859=CARTESIAN_POINT('',(217.807038292476,608.838694751278,16.0575664610532));
#4860=CARTESIAN_POINT('Origin',(217.807038292476,608.83869475128,8.64756646104986));
#4861=CARTESIAN_POINT('',(217.807038292476,608.83869475128,8.64756646104986));
#4862=CARTESIAN_POINT('Origin',(217.807038292476,606.83869475128,8.64756646104986));
#4863=CARTESIAN_POINT('',(217.807038292476,604.83869475128,8.64756646104986));
#4864=CARTESIAN_POINT('Origin',(217.807038292476,604.838694751287,11.357566461049));
#4865=CARTESIAN_POINT('',(217.807038292476,604.838694751287,11.357566461049));
#4866=CARTESIAN_POINT('Origin',(217.807038292476,605.728694751287,11.357566461049));
#4867=CARTESIAN_POINT('',(217.807038292476,605.728694751287,12.247566461049));
#4868=CARTESIAN_POINT('Origin',(217.807038292476,606.558694751281,12.2475664610478));
#4869=CARTESIAN_POINT('',(217.807038292476,606.558694751281,12.2475664610478));
#4870=CARTESIAN_POINT('Origin',(217.807038292476,606.558694751281,13.1375664610477));
#4871=CARTESIAN_POINT('',(217.807038292476,607.448694751281,13.1375664610477));
#4872=CARTESIAN_POINT('Origin',(217.807038292476,607.448694751281,13.7775664610471));
#4873=CARTESIAN_POINT('',(217.807038292476,607.448694751281,13.7775664610471));
#4874=CARTESIAN_POINT('Origin',(217.807038292476,606.558694751281,13.7775664610471));
#4875=CARTESIAN_POINT('',(217.807038292476,606.558694751281,14.6675664610471));
#4876=CARTESIAN_POINT('Origin',(217.807038292476,599.118694751286,14.6675664610466));
#4877=CARTESIAN_POINT('',(217.807038292476,599.118694751286,14.6675664610471));
#4878=CARTESIAN_POINT('Origin',(217.807038292476,599.118694751286,13.7775664610471));
#4879=CARTESIAN_POINT('Origin',(195.294639025437,604.988694751281,0.));
#4880=CARTESIAN_POINT('',(192.694639025437,604.988694751281,0.));
#4881=CARTESIAN_POINT('Origin',(195.294639025437,604.988694751281,0.));
#4882=CARTESIAN_POINT('',(192.694639025437,604.988694751281,0.));
#4883=CARTESIAN_POINT('Origin',(209.294639025437,604.988694751281,0.));
#4884=CARTESIAN_POINT('',(206.694639025437,604.988694751281,0.));
#4885=CARTESIAN_POINT('Origin',(209.294639025437,604.988694751281,0.));
#4886=CARTESIAN_POINT('',(206.694639025437,604.988694751281,0.));
#4887=CARTESIAN_POINT('Origin',(195.294639025437,628.788694751284,0.));
#4888=CARTESIAN_POINT('',(192.694639025437,628.788694751284,0.));
#4889=CARTESIAN_POINT('Origin',(195.294639025437,628.788694751284,0.));
#4890=CARTESIAN_POINT('',(192.694639025437,628.788694751284,0.));
#4891=CARTESIAN_POINT('Origin',(209.294639025437,628.788694751284,0.));
#4892=CARTESIAN_POINT('',(206.694639025437,628.788694751284,0.));
#4893=CARTESIAN_POINT('Origin',(209.294639025437,628.788694751284,0.));
#4894=CARTESIAN_POINT('',(206.694639025437,628.788694751284,0.));
#4895=CARTESIAN_POINT('Origin',(190.802048752681,654.898694751287,-7.2625769212604));
#4896=CARTESIAN_POINT('',(188.79202783227,654.898694751278,-5.25255600084506));
#4897=CARTESIAN_POINT('',(190.802048752679,654.898694751287,-7.26257692126254));
#4898=CARTESIAN_POINT('Origin',(189.607038292474,654.898694751275,-8.45758738146785));
#4899=CARTESIAN_POINT('',(191.297038292474,654.898694751284,-8.45758738146785));
#4900=CARTESIAN_POINT('Origin',(191.297038292476,654.898694751286,-25.3783817412253));
#4901=CARTESIAN_POINT('',(191.297038292476,654.898694751286,-25.3783817412253));
#4902=CARTESIAN_POINT('Origin',(192.797038292476,654.898694751286,-25.3783817412253));
#4903=CARTESIAN_POINT('',(191.736378120693,654.898694751286,-26.4390419130024));
#4904=CARTESIAN_POINT('Origin',(195.225970480592,654.898694751286,-29.9286342729087));
#4905=CARTESIAN_POINT('',(195.225970480592,654.898694751286,-29.9286342729087));
#4906=CARTESIAN_POINT('Origin',(202.297038292476,654.898694751287,-22.8575664610614));
#4907=CARTESIAN_POINT('',(209.36810610436,654.898694751286,-29.9286342729087));
#4908=CARTESIAN_POINT('Origin',(212.857698464258,654.898694751286,-26.4390419130024));
#4909=CARTESIAN_POINT('',(212.857698464258,654.898694751286,-26.4390419130024));
#4910=CARTESIAN_POINT('Origin',(211.797038292476,654.898694751286,-25.3783817412253));
#4911=CARTESIAN_POINT('Origin',(213.297038292478,652.388715671698,9.9943E-12));
#4912=CARTESIAN_POINT('',(213.297038292478,652.388715671698,9.9943E-12));
#4913=CARTESIAN_POINT('',(213.297038292478,652.388715671698,9.9943E-12));
#4914=CARTESIAN_POINT('',(213.297038292478,652.388715671698,9.9943E-12));
#4915=CARTESIAN_POINT('Origin',(214.987038292478,652.388715671698,9.9943E-12));
#4916=CARTESIAN_POINT('',(213.79202783227,651.193705211496,9.9943E-12));
#4917=CARTESIAN_POINT('Origin',(214.987038292478,652.388715671698,9.9943E-12));
#4918=CARTESIAN_POINT('',(213.79202783227,651.193705211496,9.9943E-12));
#4919=CARTESIAN_POINT('Origin',(214.817173440802,650.168559602959,0.));
#4920=CARTESIAN_POINT('',(214.817173440806,650.168559602963,0.));
#4921=CARTESIAN_POINT('',(214.817173440802,650.168559602959,0.));
#4922=CARTESIAN_POINT('',(214.817173440806,650.168559602963,0.));
#4923=CARTESIAN_POINT('Origin',(213.622162980599,648.973549142759,0.));
#4924=CARTESIAN_POINT('',(215.302660854529,648.794588576963,0.));
#4925=CARTESIAN_POINT('Origin',(213.622162980599,648.973549142759,0.));
#4926=CARTESIAN_POINT('',(215.302660857943,648.794588576599,0.));
#4927=CARTESIAN_POINT('Origin',(216.297038292476,648.688694751286,0.));
#4928=CARTESIAN_POINT('Origin',(216.297038292476,648.688694751286,0.));
#4929=CARTESIAN_POINT('Ctrl Pts',(217.807038292476,648.330477056634,1.50999999999999));
#4930=CARTESIAN_POINT('Ctrl Pts',(217.807038292476,648.251298904121,1.28157920181431));
#4931=CARTESIAN_POINT('Ctrl Pts',(217.754658613721,648.160504555999,1.07571267075643));
#4932=CARTESIAN_POINT('Ctrl Pts',(217.682138322019,648.060441966231,0.908669884206741));
#4933=CARTESIAN_POINT('Ctrl Pts',(217.307038292476,648.330477056634,1.50999999999999));
#4934=CARTESIAN_POINT('Ctrl Pts',(217.307038292476,648.251298904121,1.35721522770361));
#4935=CARTESIAN_POINT('Ctrl Pts',(217.272002878209,648.160504555999,1.21951642216158));
#4936=CARTESIAN_POINT('Ctrl Pts',(217.22349592813,648.060441966231,1.10778581658861));
#4937=CARTESIAN_POINT('Ctrl Pts',(216.807038292476,648.330477056634,1.51));
#4938=CARTESIAN_POINT('Ctrl Pts',(216.807038292476,648.251298904121,1.43285125359291));
#4939=CARTESIAN_POINT('Ctrl Pts',(216.789347142698,648.160504555999,1.36332017356674));
#4940=CARTESIAN_POINT('Ctrl Pts',(216.764853534242,648.060441966231,1.30690174897049));
#4941=CARTESIAN_POINT('Ctrl Pts',(216.307038292476,648.330477056634,1.51));
#4942=CARTESIAN_POINT('Ctrl Pts',(216.307038292476,648.251298904121,1.50848727948221));
#4943=CARTESIAN_POINT('Ctrl Pts',(216.306691407186,648.160504555999,1.5071239249719));
#4944=CARTESIAN_POINT('Ctrl Pts',(216.306211140354,648.060441966231,1.50601768135236));
#4945=CARTESIAN_POINT('Ctrl Pts',(216.307038292476,648.330477056634,1.51));
#4946=CARTESIAN_POINT('Ctrl Pts',(216.307038292476,648.251298904121,1.50848727948221));
#4947=CARTESIAN_POINT('Ctrl Pts',(216.306691407186,648.160504555999,1.5071239249719));
#4948=CARTESIAN_POINT('Ctrl Pts',(216.306211140354,648.060441966231,1.50601768135236));
#4949=CARTESIAN_POINT('Origin',(217.807038292476,648.688694751278,10.757545540635));
#4950=CARTESIAN_POINT('',(217.807038292476,648.688694751283,10.757545540635));
#4951=CARTESIAN_POINT('Origin',(217.807038292476,646.998694751283,10.757545540635));
#4952=CARTESIAN_POINT('',(217.807038292476,648.193705211487,11.952556000842));
#4953=CARTESIAN_POINT('Origin',(217.807038292476,639.183684291073,20.9625769212598));
#4954=CARTESIAN_POINT('',(217.807038292476,639.183684291073,20.9625769212595));
#4955=CARTESIAN_POINT('Origin',(217.807038292476,637.988673830866,19.7675664610561));
#4956=CARTESIAN_POINT('',(217.807038292476,637.988673830866,21.4575664610561));
#4957=CARTESIAN_POINT('Origin',(217.807038292476,595.788715671707,21.457566461062));
#4958=CARTESIAN_POINT('',(217.807038292476,595.788715671707,21.4575664610634));
#4959=CARTESIAN_POINT('Origin',(217.807038292476,595.788715671707,19.7675664610633));
#4960=CARTESIAN_POINT('',(217.807038292476,594.593705211503,20.9625769212704));
#4961=CARTESIAN_POINT('Origin',(217.807038292476,585.583684291082,11.9525560008423));
#4962=CARTESIAN_POINT('',(217.807038292476,585.583684291077,11.9525560008475));
#4963=CARTESIAN_POINT('Origin',(217.807038292476,586.778694751282,10.7575455406423));
#4964=CARTESIAN_POINT('',(217.807038292476,585.088694751282,10.7575455406423));
#4965=CARTESIAN_POINT('Origin',(217.807038292476,585.088694751282,2.55041140476713));
#4966=CARTESIAN_POINT('',(217.807038292476,585.088694751282,2.55041140476713));
#4967=CARTESIAN_POINT('Origin',(217.807038292476,586.778694751282,2.55041140476713));
#4968=CARTESIAN_POINT('Ctrl Pts',(217.68213832742,585.71694754119,0.90866989664692));
#4969=CARTESIAN_POINT('Ctrl Pts',(217.610327249771,585.816031568344,0.743260705246596));
#4970=CARTESIAN_POINT('Ctrl Pts',(217.329048924912,586.011231508248,0.284358055072497));
#4971=CARTESIAN_POINT('Ctrl Pts',(216.679739432927,586.088694751281,0.));
#4972=CARTESIAN_POINT('Ctrl Pts',(216.297038292476,586.08869475128,0.));
#4973=CARTESIAN_POINT('Ctrl Pts',(217.223487663815,585.71694754119,1.10778941436418));
#4974=CARTESIAN_POINT('Ctrl Pts',(217.175455517353,585.816031568344,0.997152465753594));
#4975=CARTESIAN_POINT('Ctrl Pts',(216.987317389664,586.011231508248,0.690207074782574));
#4976=CARTESIAN_POINT('Ctrl Pts',(216.553014916574,586.088694751281,0.500009013479433));
#4977=CARTESIAN_POINT('Ctrl Pts',(216.297038292476,586.08869475128,0.500009013479433));
#4978=CARTESIAN_POINT('Ctrl Pts',(216.764837000211,585.71694754119,1.30690893208144));
#4979=CARTESIAN_POINT('Ctrl Pts',(216.740583784936,585.816031568344,1.25104422626059));
#4980=CARTESIAN_POINT('Ctrl Pts',(216.645585854415,586.011231508248,1.09605609449265));
#4981=CARTESIAN_POINT('Ctrl Pts',(216.426290400219,586.088694751281,1.00001802695887));
#4982=CARTESIAN_POINT('Ctrl Pts',(216.297038292476,586.08869475128,1.00001802695887));
#4983=CARTESIAN_POINT('Ctrl Pts',(216.306186336606,585.71694754119,1.5060284497987));
#4984=CARTESIAN_POINT('Ctrl Pts',(216.305712052518,585.816031568344,1.50493598676759));
#4985=CARTESIAN_POINT('Ctrl Pts',(216.303854319167,586.011231508248,1.50190511420272));
#4986=CARTESIAN_POINT('Ctrl Pts',(216.299565883866,586.088694751281,1.5000270404383));
#4987=CARTESIAN_POINT('Ctrl Pts',(216.297038292476,586.08869475128,1.5000270404383));
#4988=CARTESIAN_POINT('Ctrl Pts',(216.297038292476,586.08869475128,1.5));
#4989=CARTESIAN_POINT('Ctrl Pts',(216.297055853495,586.08869475128,1.5));
#4990=CARTESIAN_POINT('Ctrl Pts',(216.297073176821,586.088692626116,1.50000004625826));
#4991=CARTESIAN_POINT('Ctrl Pts',(216.297108214651,586.088684259888,1.50000022833458));
#4992=CARTESIAN_POINT('Ctrl Pts',(216.297125541083,586.088677899629,1.50000036674557));
#4993=CARTESIAN_POINT('Ctrl Pts',(216.297180514322,586.088651647113,1.50000093798857));
#4994=CARTESIAN_POINT('Ctrl Pts',(216.29721534038,586.088624879483,1.50000152035229));
#4995=CARTESIAN_POINT('Ctrl Pts',(216.297325179251,586.088519967912,1.50000380242531));
#4996=CARTESIAN_POINT('Ctrl Pts',(216.297394877717,586.08841024274,1.50000618845332));
#4997=CARTESIAN_POINT('Ctrl Pts',(216.297618225274,586.087983453878,1.50001546615179));
#4998=CARTESIAN_POINT('Ctrl Pts',(216.297758136796,586.087528471583,1.50002535003894));
#4999=CARTESIAN_POINT('Ctrl Pts',(216.298200216522,586.085836200231,1.50006208840875));
#5000=CARTESIAN_POINT('Ctrl Pts',(216.298478120808,586.083995588164,1.50010198221807));
#5001=CARTESIAN_POINT('Ctrl Pts',(216.299385494682,586.076992537542,1.50025343926972));
#5002=CARTESIAN_POINT('Ctrl Pts',(216.299936655115,586.069096668644,1.50042282804067));
#5003=CARTESIAN_POINT('Ctrl Pts',(216.301597082097,586.042392741274,1.50098950414475));
#5004=CARTESIAN_POINT('Ctrl Pts',(216.302491928884,586.012612478742,1.50159044809745));
#5005=CARTESIAN_POINT('Ctrl Pts',(216.305063836999,585.91012531,1.50351833786786));
#5006=CARTESIAN_POINT('Ctrl Pts',(216.305799694116,585.802671513319,1.50506995863643));
#5007=CARTESIAN_POINT('Ctrl Pts',(216.306211140389,585.71694754119,1.50601768143453));
#5008=CARTESIAN_POINT('Origin',(213.62216298061,584.803840359821,0.));
#5009=CARTESIAN_POINT('',(214.817173440818,583.608829899619,0.));
#5010=CARTESIAN_POINT('Origin',(213.62216298061,584.803840359821,0.));
#5011=CARTESIAN_POINT('',(214.817173440818,583.608829899619,0.));
#5012=CARTESIAN_POINT('Origin',(213.792027832271,582.583684291075,-1.6E-15));
#5013=CARTESIAN_POINT('',(213.792027832273,582.583684291073,-1.59999997722498E-15));
#5014=CARTESIAN_POINT('',(214.817173440818,583.608829899619,0.));
#5015=CARTESIAN_POINT('',(213.792027832273,582.583684291073,-1.59999997722498E-15));
#5016=CARTESIAN_POINT('Origin',(214.987038292478,581.388673830867,1.26626E-11));
#5017=CARTESIAN_POINT('Origin',(214.987038292478,581.388673830867,1.26626E-11));
#5018=CARTESIAN_POINT('Origin',(213.297038292476,578.878694751278,-0.0100000000050067));
#5019=CARTESIAN_POINT('Origin',(211.797038292476,578.878694751279,-25.3783817412253));
#5020=CARTESIAN_POINT('',(212.857698464253,578.878694751279,-26.4390419130078));
#5021=CARTESIAN_POINT('Origin',(209.368106104343,578.878694751279,-29.9286342729167));
#5022=CARTESIAN_POINT('',(209.368106104343,578.878694751279,-29.9286342729174));
#5023=CARTESIAN_POINT('Origin',(202.297038292476,578.878694751279,-22.8575664610538));
#5024=CARTESIAN_POINT('',(195.225970480609,578.878694751279,-29.9286342729174));
#5025=CARTESIAN_POINT('Origin',(191.736378120695,578.878694751279,-26.439041912999));
#5026=CARTESIAN_POINT('',(191.736378120692,578.878694751279,-26.4390419130014));
#5027=CARTESIAN_POINT('Origin',(192.797038292476,578.878694751279,-25.3783817412253));
#5028=CARTESIAN_POINT('',(191.297038292476,578.878694751279,-25.3783817412253));
#5029=CARTESIAN_POINT('Origin',(191.297038292474,578.878694751311,-8.45758738146777));
#5030=CARTESIAN_POINT('',(191.297038292474,578.878694751311,-8.45758738146777));
#5031=CARTESIAN_POINT('Origin',(189.607038292474,578.878694751311,-8.45758738146777));
#5032=CARTESIAN_POINT('',(190.802048752682,578.878694751311,-7.26257692126559));
#5033=CARTESIAN_POINT('Origin',(188.79202783227,578.878694751288,-5.25255600084499));
#5034=CARTESIAN_POINT('',(188.79202783227,578.878694751288,-5.25255600084499));
#5035=CARTESIAN_POINT('Origin',(189.987038292478,578.878694751288,-4.05754554064281));
#5036=CARTESIAN_POINT('Origin',(188.297038292478,654.898694751278,-0.0100000000050067));
#5037=CARTESIAN_POINT('Origin',(189.987038292478,654.898694751278,-4.05754554064288));
#5038=CARTESIAN_POINT('Origin',(216.297038292476,616.888694751283,1.51));
#5039=CARTESIAN_POINT('Origin',(212.797038292485,616.888694751286,0.));
#5040=UNCERTAINTY_MEASURE_WITH_UNIT(LENGTH_MEASURE(0.01),#5044,
'DISTANCE_ACCURACY_VALUE',
'Maximum model space distance between geometric entities at asserted c
onnectivities');
#5041=UNCERTAINTY_MEASURE_WITH_UNIT(LENGTH_MEASURE(0.01),#5044,
'DISTANCE_ACCURACY_VALUE',
'Maximum model space distance between geometric entities at asserted c
onnectivities');
#5042=(
GEOMETRIC_REPRESENTATION_CONTEXT(3)
GLOBAL_UNCERTAINTY_ASSIGNED_CONTEXT((#5040))
GLOBAL_UNIT_ASSIGNED_CONTEXT((#5044,#5046,#5047))
REPRESENTATION_CONTEXT('','3D')
);
#5043=(
GEOMETRIC_REPRESENTATION_CONTEXT(3)
GLOBAL_UNCERTAINTY_ASSIGNED_CONTEXT((#5041))
GLOBAL_UNIT_ASSIGNED_CONTEXT((#5044,#5046,#5047))
REPRESENTATION_CONTEXT('','3D')
);
#5044=(
LENGTH_UNIT()
NAMED_UNIT(*)
SI_UNIT(.MILLI.,.METRE.)
);
#5045=(
LENGTH_UNIT()
NAMED_UNIT(*)
SI_UNIT($,.METRE.)
);
#5046=(
NAMED_UNIT(*)
PLANE_ANGLE_UNIT()
SI_UNIT($,.RADIAN.)
);
#5047=(
NAMED_UNIT(*)
SI_UNIT($,.STERADIAN.)
SOLID_ANGLE_UNIT()
);
#5048=SHAPE_DEFINITION_REPRESENTATION(#5049,#5050);
#5049=PRODUCT_DEFINITION_SHAPE('',$,#5052);
#5050=SHAPE_REPRESENTATION('',(#2868),#5042);
#5051=PRODUCT_DEFINITION_CONTEXT('part definition',#5056,'design');
#5052=PRODUCT_DEFINITION('AL-SHOULDER','AL-SHOULDER',#5053,#5051);
#5053=PRODUCT_DEFINITION_FORMATION('',$,#5058);
#5054=PRODUCT_RELATED_PRODUCT_CATEGORY('AL-SHOULDER','AL-SHOULDER',(#5058));
#5055=APPLICATION_PROTOCOL_DEFINITION('international standard',
'automotive_design',2009,#5056);
#5056=APPLICATION_CONTEXT(
'Core Data for Automotive Mechanical Design Process');
#5057=PRODUCT_CONTEXT('part definition',#5056,'mechanical');
#5058=PRODUCT('AL-SHOULDER','AL-SHOULDER',$,(#5057));
#5059=PRESENTATION_STYLE_ASSIGNMENT((#5061));
#5060=PRESENTATION_STYLE_ASSIGNMENT((#5062));
#5061=SURFACE_STYLE_USAGE(.BOTH.,#5063);
#5062=SURFACE_STYLE_USAGE(.BOTH.,#5064);
#5063=SURFACE_SIDE_STYLE('',(#5065));
#5064=SURFACE_SIDE_STYLE('',(#5066));
#5065=SURFACE_STYLE_FILL_AREA(#5067);
#5066=SURFACE_STYLE_FILL_AREA(#5068);
#5067=FILL_AREA_STYLE('Acero - Satinado',(#5069));
#5068=FILL_AREA_STYLE('Opaque(56,56,56)',(#5070));
#5069=FILL_AREA_STYLE_COLOUR('Acero - Satinado',#5071);
#5070=FILL_AREA_STYLE_COLOUR('Opaque(56,56,56)',#5072);
#5071=COLOUR_RGB('Acero - Satinado',0.627450980392157,0.627450980392157,
0.627450980392157);
#5072=COLOUR_RGB('Opaque(56,56,56)',0.219607843137255,0.219607843137255,
0.219607843137255);
ENDSEC;
END-ISO-10303-21;
