ISO-10303-21;
HEADER;
/* Generated by software containing ST-Developer
 * from STEP Tools, Inc. (www.steptools.com) 
 */

FILE_DESCRIPTION(
/* description */ (''),
/* implementation_level */ '2;1');

FILE_NAME(
/* name */ 'Base.step',
/* time_stamp */ '2026-06-02T00:23:21-06:00',
/* author */ (''),
/* organization */ (''),
/* preprocessor_version */ 'ST-DEVELOPER v20.1',
/* originating_system */ 'Autodesk Translation Framework v14.24.0.0',
/* authorisation */ '');

FILE_SCHEMA (('AUTOMOTIVE_DESIGN { 1 0 10303 214 3 1 1 }'));
ENDSEC;

DATA;
#10=MECHANICAL_DESIGN_GEOMETRIC_PRESENTATION_REPRESENTATION('',(#13),#5493);
#11=SHAPE_REPRESENTATION_RELATIONSHIP('SRR','None',#5500,#12);
#12=ADVANCED_BREP_SHAPE_REPRESENTATION('',(#14),#5492);
#13=STYLED_ITEM('',(#5510),#14);
#14=MANIFOLD_SOLID_BREP('Cuerpo1',#3173);
#15=CYLINDRICAL_SURFACE('',#3290,1.29999999999995);
#16=CYLINDRICAL_SURFACE('',#3294,1.29999999999995);
#17=CYLINDRICAL_SURFACE('',#3298,1.29999999999995);
#18=CYLINDRICAL_SURFACE('',#3302,1.29999999999995);
#19=CYLINDRICAL_SURFACE('',#3304,1.59999999999997);
#20=CYLINDRICAL_SURFACE('',#3306,2.50000000006196);
#21=CYLINDRICAL_SURFACE('',#3308,1.59999999999997);
#22=CYLINDRICAL_SURFACE('',#3310,1.59999999999997);
#23=CYLINDRICAL_SURFACE('',#3312,2.56000001528434);
#24=CYLINDRICAL_SURFACE('',#3314,1.59999999999997);
#25=CYLINDRICAL_SURFACE('',#3316,1.50000000000006);
#26=CYLINDRICAL_SURFACE('',#3318,1.50000000000006);
#27=CYLINDRICAL_SURFACE('',#3320,2.56000001528434);
#28=CYLINDRICAL_SURFACE('',#3322,2.50000000006196);
#29=CYLINDRICAL_SURFACE('',#3324,0.499999999999881);
#30=CYLINDRICAL_SURFACE('',#3326,5.50000000000112);
#31=CYLINDRICAL_SURFACE('',#3328,0.500000000000075);
#32=CYLINDRICAL_SURFACE('',#3330,1.6);
#33=CYLINDRICAL_SURFACE('',#3332,0.499999999999881);
#34=CYLINDRICAL_SURFACE('',#3334,5.50000000000112);
#35=CYLINDRICAL_SURFACE('',#3336,0.500000000000079);
#36=CYLINDRICAL_SURFACE('',#3338,1.59999999999993);
#37=CYLINDRICAL_SURFACE('',#3340,0.499999999999881);
#38=CYLINDRICAL_SURFACE('',#3342,5.50000000000112);
#39=CYLINDRICAL_SURFACE('',#3344,0.500000000000075);
#40=CYLINDRICAL_SURFACE('',#3346,1.6);
#41=CYLINDRICAL_SURFACE('',#3348,0.499999999999881);
#42=CYLINDRICAL_SURFACE('',#3350,5.50000000000112);
#43=CYLINDRICAL_SURFACE('',#3352,0.500000000000079);
#44=CYLINDRICAL_SURFACE('',#3354,1.59999999999993);
#45=CYLINDRICAL_SURFACE('',#3356,2.5000000000001);
#46=CYLINDRICAL_SURFACE('',#3358,0.360000000000014);
#47=CYLINDRICAL_SURFACE('',#3361,1.69000000000006);
#48=CYLINDRICAL_SURFACE('',#3364,1.69000000000006);
#49=CYLINDRICAL_SURFACE('',#3367,1.69000000000011);
#50=CYLINDRICAL_SURFACE('',#3370,1.69000000000011);
#51=CYLINDRICAL_SURFACE('',#3373,0.360000000000025);
#52=CYLINDRICAL_SURFACE('',#3376,0.360000000000094);
#53=CYLINDRICAL_SURFACE('',#3378,2.50000000000012);
#54=CYLINDRICAL_SURFACE('',#3380,0.360000000000025);
#55=CYLINDRICAL_SURFACE('',#3383,0.360000000000014);
#56=CYLINDRICAL_SURFACE('',#3386,1.69000000000006);
#57=CYLINDRICAL_SURFACE('',#3389,1.69000000000006);
#58=CYLINDRICAL_SURFACE('',#3392,1.69000000000011);
#59=CYLINDRICAL_SURFACE('',#3395,1.69000000000011);
#60=CYLINDRICAL_SURFACE('',#3398,0.360000000000073);
#61=CYLINDRICAL_SURFACE('',#3400,2.49999999999993);
#62=CYLINDRICAL_SURFACE('',#3402,0.360000000000014);
#63=CYLINDRICAL_SURFACE('',#3405,0.360000000000025);
#64=CYLINDRICAL_SURFACE('',#3408,1.88999999999993);
#65=CYLINDRICAL_SURFACE('',#3411,1.89000000000003);
#66=CYLINDRICAL_SURFACE('',#3414,0.360000000000026);
#67=CYLINDRICAL_SURFACE('',#3417,0.359999999999907);
#68=CYLINDRICAL_SURFACE('',#3419,2.55999999999998);
#69=CYLINDRICAL_SURFACE('',#3421,0.360000000000026);
#70=CYLINDRICAL_SURFACE('',#3424,1.88999999999993);
#71=CYLINDRICAL_SURFACE('',#3427,0.889999999999986);
#72=CYLINDRICAL_SURFACE('',#3430,1.04999999998824);
#73=CYLINDRICAL_SURFACE('',#3433,0.889999999999986);
#74=CYLINDRICAL_SURFACE('',#3436,0.889999999999986);
#75=CYLINDRICAL_SURFACE('',#3439,0.889999999999986);
#76=CYLINDRICAL_SURFACE('',#3442,0.889999999999986);
#77=CYLINDRICAL_SURFACE('',#3445,1.04999999998824);
#78=CYLINDRICAL_SURFACE('',#3448,0.889999999999986);
#79=CYLINDRICAL_SURFACE('',#3451,1.89000000000003);
#80=CYLINDRICAL_SURFACE('',#3454,0.359999999999907);
#81=CYLINDRICAL_SURFACE('',#3456,2.5599999999999);
#82=CYLINDRICAL_SURFACE('',#3458,0.360000000000025);
#83=CYLINDRICAL_SURFACE('',#3461,0.360000000000026);
#84=CYLINDRICAL_SURFACE('',#3464,1.88999999999993);
#85=CYLINDRICAL_SURFACE('',#3467,1.89000000000003);
#86=CYLINDRICAL_SURFACE('',#3470,0.360000000000014);
#87=CYLINDRICAL_SURFACE('',#3473,0.360000000000144);
#88=CYLINDRICAL_SURFACE('',#3475,2.5000000000001);
#89=CYLINDRICAL_SURFACE('',#3477,0.360000000000014);
#90=CYLINDRICAL_SURFACE('',#3480,1.69000000000006);
#91=CYLINDRICAL_SURFACE('',#3483,1.69000000000006);
#92=CYLINDRICAL_SURFACE('',#3486,1.69000000000011);
#93=CYLINDRICAL_SURFACE('',#3489,1.69000000000011);
#94=CYLINDRICAL_SURFACE('',#3492,0.360000000000025);
#95=CYLINDRICAL_SURFACE('',#3495,0.359999999999942);
#96=CYLINDRICAL_SURFACE('',#3497,2.50000000000012);
#97=CYLINDRICAL_SURFACE('',#3499,0.360000000000025);
#98=CYLINDRICAL_SURFACE('',#3502,0.360000000000014);
#99=CYLINDRICAL_SURFACE('',#3505,1.69000000000006);
#100=CYLINDRICAL_SURFACE('',#3508,1.69000000000006);
#101=CYLINDRICAL_SURFACE('',#3511,1.69000000000011);
#102=CYLINDRICAL_SURFACE('',#3514,1.69000000000011);
#103=CYLINDRICAL_SURFACE('',#3517,0.359999999999953);
#104=CYLINDRICAL_SURFACE('',#3519,2.49999999999995);
#105=CYLINDRICAL_SURFACE('',#3521,0.360000000000014);
#106=CYLINDRICAL_SURFACE('',#3524,0.360000000000025);
#107=CYLINDRICAL_SURFACE('',#3527,1.88999999999993);
#108=CYLINDRICAL_SURFACE('',#3530,1.89000000000003);
#109=CYLINDRICAL_SURFACE('',#3533,1.69000000000006);
#110=CYLINDRICAL_SURFACE('',#3536,1.69000000000011);
#111=CYLINDRICAL_SURFACE('',#3539,1.88999999999993);
#112=CYLINDRICAL_SURFACE('',#3542,1.89000000000003);
#113=CYLINDRICAL_SURFACE('',#3545,0.360000000000014);
#114=CYLINDRICAL_SURFACE('',#3548,0.360000000000144);
#115=FACE_BOUND('',#363,.T.);
#116=FACE_BOUND('',#364,.T.);
#117=FACE_BOUND('',#365,.T.);
#118=FACE_BOUND('',#366,.T.);
#119=FACE_BOUND('',#367,.T.);
#120=FACE_BOUND('',#368,.T.);
#121=FACE_BOUND('',#369,.T.);
#122=FACE_BOUND('',#370,.T.);
#123=FACE_BOUND('',#371,.T.);
#124=FACE_BOUND('',#372,.T.);
#125=FACE_BOUND('',#373,.T.);
#126=FACE_BOUND('',#374,.T.);
#127=FACE_BOUND('',#375,.T.);
#128=FACE_BOUND('',#376,.T.);
#129=FACE_BOUND('',#377,.T.);
#130=FACE_BOUND('',#536,.T.);
#131=FACE_BOUND('',#537,.T.);
#132=FACE_BOUND('',#538,.T.);
#133=FACE_BOUND('',#539,.T.);
#134=FACE_BOUND('',#540,.T.);
#135=FACE_BOUND('',#541,.T.);
#136=FACE_BOUND('',#542,.T.);
#137=FACE_BOUND('',#543,.T.);
#138=FACE_BOUND('',#544,.T.);
#139=FACE_BOUND('',#545,.T.);
#140=FACE_BOUND('',#546,.T.);
#141=FACE_BOUND('',#547,.T.);
#142=FACE_BOUND('',#548,.T.);
#143=FACE_BOUND('',#549,.T.);
#144=FACE_BOUND('',#550,.T.);
#145=PLANE('',#3190);
#146=PLANE('',#3360);
#147=PLANE('',#3363);
#148=PLANE('',#3366);
#149=PLANE('',#3369);
#150=PLANE('',#3372);
#151=PLANE('',#3375);
#152=PLANE('',#3382);
#153=PLANE('',#3385);
#154=PLANE('',#3388);
#155=PLANE('',#3391);
#156=PLANE('',#3394);
#157=PLANE('',#3397);
#158=PLANE('',#3404);
#159=PLANE('',#3407);
#160=PLANE('',#3410);
#161=PLANE('',#3413);
#162=PLANE('',#3416);
#163=PLANE('',#3423);
#164=PLANE('',#3426);
#165=PLANE('',#3429);
#166=PLANE('',#3432);
#167=PLANE('',#3435);
#168=PLANE('',#3438);
#169=PLANE('',#3441);
#170=PLANE('',#3444);
#171=PLANE('',#3447);
#172=PLANE('',#3450);
#173=PLANE('',#3453);
#174=PLANE('',#3460);
#175=PLANE('',#3463);
#176=PLANE('',#3466);
#177=PLANE('',#3469);
#178=PLANE('',#3472);
#179=PLANE('',#3479);
#180=PLANE('',#3482);
#181=PLANE('',#3485);
#182=PLANE('',#3488);
#183=PLANE('',#3491);
#184=PLANE('',#3494);
#185=PLANE('',#3501);
#186=PLANE('',#3504);
#187=PLANE('',#3507);
#188=PLANE('',#3510);
#189=PLANE('',#3513);
#190=PLANE('',#3516);
#191=PLANE('',#3523);
#192=PLANE('',#3526);
#193=PLANE('',#3529);
#194=PLANE('',#3532);
#195=PLANE('',#3535);
#196=PLANE('',#3538);
#197=PLANE('',#3541);
#198=PLANE('',#3544);
#199=PLANE('',#3547);
#200=PLANE('',#3550);
#201=FACE_OUTER_BOUND('',#361,.T.);
#202=FACE_OUTER_BOUND('',#362,.T.);
#203=FACE_OUTER_BOUND('',#378,.T.);
#204=FACE_OUTER_BOUND('',#379,.T.);
#205=FACE_OUTER_BOUND('',#380,.T.);
#206=FACE_OUTER_BOUND('',#381,.T.);
#207=FACE_OUTER_BOUND('',#382,.T.);
#208=FACE_OUTER_BOUND('',#383,.T.);
#209=FACE_OUTER_BOUND('',#384,.T.);
#210=FACE_OUTER_BOUND('',#385,.T.);
#211=FACE_OUTER_BOUND('',#386,.T.);
#212=FACE_OUTER_BOUND('',#387,.T.);
#213=FACE_OUTER_BOUND('',#388,.T.);
#214=FACE_OUTER_BOUND('',#389,.T.);
#215=FACE_OUTER_BOUND('',#390,.T.);
#216=FACE_OUTER_BOUND('',#391,.T.);
#217=FACE_OUTER_BOUND('',#392,.T.);
#218=FACE_OUTER_BOUND('',#393,.T.);
#219=FACE_OUTER_BOUND('',#394,.T.);
#220=FACE_OUTER_BOUND('',#395,.T.);
#221=FACE_OUTER_BOUND('',#396,.T.);
#222=FACE_OUTER_BOUND('',#397,.T.);
#223=FACE_OUTER_BOUND('',#398,.T.);
#224=FACE_OUTER_BOUND('',#399,.T.);
#225=FACE_OUTER_BOUND('',#400,.T.);
#226=FACE_OUTER_BOUND('',#401,.T.);
#227=FACE_OUTER_BOUND('',#402,.T.);
#228=FACE_OUTER_BOUND('',#403,.T.);
#229=FACE_OUTER_BOUND('',#404,.T.);
#230=FACE_OUTER_BOUND('',#405,.T.);
#231=FACE_OUTER_BOUND('',#406,.T.);
#232=FACE_OUTER_BOUND('',#407,.T.);
#233=FACE_OUTER_BOUND('',#408,.T.);
#234=FACE_OUTER_BOUND('',#409,.T.);
#235=FACE_OUTER_BOUND('',#410,.T.);
#236=FACE_OUTER_BOUND('',#411,.T.);
#237=FACE_OUTER_BOUND('',#412,.T.);
#238=FACE_OUTER_BOUND('',#413,.T.);
#239=FACE_OUTER_BOUND('',#414,.T.);
#240=FACE_OUTER_BOUND('',#415,.T.);
#241=FACE_OUTER_BOUND('',#416,.T.);
#242=FACE_OUTER_BOUND('',#417,.T.);
#243=FACE_OUTER_BOUND('',#418,.T.);
#244=FACE_OUTER_BOUND('',#419,.T.);
#245=FACE_OUTER_BOUND('',#420,.T.);
#246=FACE_OUTER_BOUND('',#421,.T.);
#247=FACE_OUTER_BOUND('',#422,.T.);
#248=FACE_OUTER_BOUND('',#423,.T.);
#249=FACE_OUTER_BOUND('',#424,.T.);
#250=FACE_OUTER_BOUND('',#425,.T.);
#251=FACE_OUTER_BOUND('',#426,.T.);
#252=FACE_OUTER_BOUND('',#427,.T.);
#253=FACE_OUTER_BOUND('',#428,.T.);
#254=FACE_OUTER_BOUND('',#429,.T.);
#255=FACE_OUTER_BOUND('',#430,.T.);
#256=FACE_OUTER_BOUND('',#431,.T.);
#257=FACE_OUTER_BOUND('',#432,.T.);
#258=FACE_OUTER_BOUND('',#433,.T.);
#259=FACE_OUTER_BOUND('',#434,.T.);
#260=FACE_OUTER_BOUND('',#435,.T.);
#261=FACE_OUTER_BOUND('',#436,.T.);
#262=FACE_OUTER_BOUND('',#437,.T.);
#263=FACE_OUTER_BOUND('',#438,.T.);
#264=FACE_OUTER_BOUND('',#439,.T.);
#265=FACE_OUTER_BOUND('',#440,.T.);
#266=FACE_OUTER_BOUND('',#441,.T.);
#267=FACE_OUTER_BOUND('',#442,.T.);
#268=FACE_OUTER_BOUND('',#443,.T.);
#269=FACE_OUTER_BOUND('',#444,.T.);
#270=FACE_OUTER_BOUND('',#445,.T.);
#271=FACE_OUTER_BOUND('',#446,.T.);
#272=FACE_OUTER_BOUND('',#447,.T.);
#273=FACE_OUTER_BOUND('',#448,.T.);
#274=FACE_OUTER_BOUND('',#449,.T.);
#275=FACE_OUTER_BOUND('',#450,.T.);
#276=FACE_OUTER_BOUND('',#451,.T.);
#277=FACE_OUTER_BOUND('',#452,.T.);
#278=FACE_OUTER_BOUND('',#453,.T.);
#279=FACE_OUTER_BOUND('',#454,.T.);
#280=FACE_OUTER_BOUND('',#455,.T.);
#281=FACE_OUTER_BOUND('',#456,.T.);
#282=FACE_OUTER_BOUND('',#457,.T.);
#283=FACE_OUTER_BOUND('',#458,.T.);
#284=FACE_OUTER_BOUND('',#459,.T.);
#285=FACE_OUTER_BOUND('',#460,.T.);
#286=FACE_OUTER_BOUND('',#461,.T.);
#287=FACE_OUTER_BOUND('',#462,.T.);
#288=FACE_OUTER_BOUND('',#463,.T.);
#289=FACE_OUTER_BOUND('',#464,.T.);
#290=FACE_OUTER_BOUND('',#465,.T.);
#291=FACE_OUTER_BOUND('',#466,.T.);
#292=FACE_OUTER_BOUND('',#467,.T.);
#293=FACE_OUTER_BOUND('',#468,.T.);
#294=FACE_OUTER_BOUND('',#469,.T.);
#295=FACE_OUTER_BOUND('',#470,.T.);
#296=FACE_OUTER_BOUND('',#471,.T.);
#297=FACE_OUTER_BOUND('',#472,.T.);
#298=FACE_OUTER_BOUND('',#473,.T.);
#299=FACE_OUTER_BOUND('',#474,.T.);
#300=FACE_OUTER_BOUND('',#475,.T.);
#301=FACE_OUTER_BOUND('',#476,.T.);
#302=FACE_OUTER_BOUND('',#477,.T.);
#303=FACE_OUTER_BOUND('',#478,.T.);
#304=FACE_OUTER_BOUND('',#479,.T.);
#305=FACE_OUTER_BOUND('',#480,.T.);
#306=FACE_OUTER_BOUND('',#481,.T.);
#307=FACE_OUTER_BOUND('',#482,.T.);
#308=FACE_OUTER_BOUND('',#483,.T.);
#309=FACE_OUTER_BOUND('',#484,.T.);
#310=FACE_OUTER_BOUND('',#485,.T.);
#311=FACE_OUTER_BOUND('',#486,.T.);
#312=FACE_OUTER_BOUND('',#487,.T.);
#313=FACE_OUTER_BOUND('',#488,.T.);
#314=FACE_OUTER_BOUND('',#489,.T.);
#315=FACE_OUTER_BOUND('',#490,.T.);
#316=FACE_OUTER_BOUND('',#491,.T.);
#317=FACE_OUTER_BOUND('',#492,.T.);
#318=FACE_OUTER_BOUND('',#493,.T.);
#319=FACE_OUTER_BOUND('',#494,.T.);
#320=FACE_OUTER_BOUND('',#495,.T.);
#321=FACE_OUTER_BOUND('',#496,.T.);
#322=FACE_OUTER_BOUND('',#497,.T.);
#323=FACE_OUTER_BOUND('',#498,.T.);
#324=FACE_OUTER_BOUND('',#499,.T.);
#325=FACE_OUTER_BOUND('',#500,.T.);
#326=FACE_OUTER_BOUND('',#501,.T.);
#327=FACE_OUTER_BOUND('',#502,.T.);
#328=FACE_OUTER_BOUND('',#503,.T.);
#329=FACE_OUTER_BOUND('',#504,.T.);
#330=FACE_OUTER_BOUND('',#505,.T.);
#331=FACE_OUTER_BOUND('',#506,.T.);
#332=FACE_OUTER_BOUND('',#507,.T.);
#333=FACE_OUTER_BOUND('',#508,.T.);
#334=FACE_OUTER_BOUND('',#509,.T.);
#335=FACE_OUTER_BOUND('',#510,.T.);
#336=FACE_OUTER_BOUND('',#511,.T.);
#337=FACE_OUTER_BOUND('',#512,.T.);
#338=FACE_OUTER_BOUND('',#513,.T.);
#339=FACE_OUTER_BOUND('',#514,.T.);
#340=FACE_OUTER_BOUND('',#515,.T.);
#341=FACE_OUTER_BOUND('',#516,.T.);
#342=FACE_OUTER_BOUND('',#517,.T.);
#343=FACE_OUTER_BOUND('',#518,.T.);
#344=FACE_OUTER_BOUND('',#519,.T.);
#345=FACE_OUTER_BOUND('',#520,.T.);
#346=FACE_OUTER_BOUND('',#521,.T.);
#347=FACE_OUTER_BOUND('',#522,.T.);
#348=FACE_OUTER_BOUND('',#523,.T.);
#349=FACE_OUTER_BOUND('',#524,.T.);
#350=FACE_OUTER_BOUND('',#525,.T.);
#351=FACE_OUTER_BOUND('',#526,.T.);
#352=FACE_OUTER_BOUND('',#527,.T.);
#353=FACE_OUTER_BOUND('',#528,.T.);
#354=FACE_OUTER_BOUND('',#529,.T.);
#355=FACE_OUTER_BOUND('',#530,.T.);
#356=FACE_OUTER_BOUND('',#531,.T.);
#357=FACE_OUTER_BOUND('',#532,.T.);
#358=FACE_OUTER_BOUND('',#533,.T.);
#359=FACE_OUTER_BOUND('',#534,.T.);
#360=FACE_OUTER_BOUND('',#535,.T.);
#361=EDGE_LOOP('',(#2069,#2070,#2071,#2072));
#362=EDGE_LOOP('',(#2073,#2074,#2075,#2076,#2077,#2078,#2079,#2080,#2081,
#2082,#2083,#2084,#2085,#2086,#2087,#2088,#2089,#2090,#2091,#2092,#2093,
#2094,#2095,#2096,#2097,#2098,#2099,#2100,#2101,#2102,#2103,#2104,#2105,
#2106,#2107,#2108,#2109,#2110,#2111,#2112,#2113,#2114,#2115,#2116,#2117,
#2118,#2119,#2120,#2121,#2122,#2123,#2124,#2125,#2126,#2127,#2128,#2129,
#2130,#2131,#2132,#2133,#2134,#2135,#2136,#2137,#2138,#2139,#2140,#2141,
#2142,#2143,#2144,#2145,#2146,#2147,#2148,#2149,#2150,#2151,#2152,#2153,
#2154,#2155,#2156,#2157,#2158,#2159,#2160,#2161,#2162,#2163,#2164,#2165,
#2166,#2167,#2168,#2169,#2170,#2171,#2172,#2173,#2174,#2175,#2176,#2177,
#2178,#2179,#2180,#2181,#2182,#2183,#2184,#2185,#2186,#2187,#2188,#2189,
#2190,#2191,#2192,#2193,#2194,#2195,#2196));
#363=EDGE_LOOP('',(#2197));
#364=EDGE_LOOP('',(#2198));
#365=EDGE_LOOP('',(#2199,#2200,#2201,#2202,#2203,#2204,#2205,#2206,#2207,
#2208,#2209,#2210,#2211,#2212,#2213,#2214));
#366=EDGE_LOOP('',(#2215));
#367=EDGE_LOOP('',(#2216));
#368=EDGE_LOOP('',(#2217));
#369=EDGE_LOOP('',(#2218));
#370=EDGE_LOOP('',(#2219));
#371=EDGE_LOOP('',(#2220));
#372=EDGE_LOOP('',(#2221));
#373=EDGE_LOOP('',(#2222));
#374=EDGE_LOOP('',(#2223));
#375=EDGE_LOOP('',(#2224));
#376=EDGE_LOOP('',(#2225));
#377=EDGE_LOOP('',(#2226));
#378=EDGE_LOOP('',(#2227,#2228,#2229,#2230));
#379=EDGE_LOOP('',(#2231,#2232,#2233,#2234));
#380=EDGE_LOOP('',(#2235,#2236,#2237,#2238));
#381=EDGE_LOOP('',(#2239,#2240,#2241,#2242));
#382=EDGE_LOOP('',(#2243,#2244,#2245,#2246));
#383=EDGE_LOOP('',(#2247,#2248,#2249,#2250));
#384=EDGE_LOOP('',(#2251,#2252,#2253,#2254));
#385=EDGE_LOOP('',(#2255,#2256,#2257,#2258));
#386=EDGE_LOOP('',(#2259,#2260,#2261,#2262));
#387=EDGE_LOOP('',(#2263,#2264,#2265,#2266));
#388=EDGE_LOOP('',(#2267,#2268,#2269,#2270));
#389=EDGE_LOOP('',(#2271,#2272,#2273,#2274));
#390=EDGE_LOOP('',(#2275,#2276,#2277,#2278));
#391=EDGE_LOOP('',(#2279,#2280,#2281,#2282));
#392=EDGE_LOOP('',(#2283,#2284,#2285,#2286));
#393=EDGE_LOOP('',(#2287,#2288,#2289,#2290));
#394=EDGE_LOOP('',(#2291,#2292,#2293,#2294));
#395=EDGE_LOOP('',(#2295,#2296,#2297,#2298));
#396=EDGE_LOOP('',(#2299,#2300,#2301,#2302));
#397=EDGE_LOOP('',(#2303,#2304,#2305,#2306));
#398=EDGE_LOOP('',(#2307,#2308,#2309,#2310));
#399=EDGE_LOOP('',(#2311,#2312,#2313,#2314));
#400=EDGE_LOOP('',(#2315,#2316,#2317,#2318));
#401=EDGE_LOOP('',(#2319,#2320,#2321,#2322));
#402=EDGE_LOOP('',(#2323,#2324,#2325,#2326));
#403=EDGE_LOOP('',(#2327,#2328,#2329,#2330));
#404=EDGE_LOOP('',(#2331,#2332,#2333,#2334));
#405=EDGE_LOOP('',(#2335,#2336,#2337,#2338));
#406=EDGE_LOOP('',(#2339,#2340,#2341,#2342));
#407=EDGE_LOOP('',(#2343,#2344,#2345,#2346));
#408=EDGE_LOOP('',(#2347,#2348,#2349,#2350));
#409=EDGE_LOOP('',(#2351,#2352,#2353,#2354));
#410=EDGE_LOOP('',(#2355,#2356,#2357,#2358));
#411=EDGE_LOOP('',(#2359,#2360,#2361,#2362));
#412=EDGE_LOOP('',(#2363,#2364,#2365,#2366));
#413=EDGE_LOOP('',(#2367,#2368,#2369,#2370));
#414=EDGE_LOOP('',(#2371,#2372,#2373,#2374));
#415=EDGE_LOOP('',(#2375,#2376,#2377,#2378));
#416=EDGE_LOOP('',(#2379,#2380,#2381,#2382));
#417=EDGE_LOOP('',(#2383,#2384,#2385,#2386));
#418=EDGE_LOOP('',(#2387,#2388,#2389,#2390));
#419=EDGE_LOOP('',(#2391,#2392,#2393,#2394));
#420=EDGE_LOOP('',(#2395,#2396,#2397,#2398));
#421=EDGE_LOOP('',(#2399,#2400,#2401,#2402));
#422=EDGE_LOOP('',(#2403,#2404,#2405,#2406));
#423=EDGE_LOOP('',(#2407,#2408,#2409,#2410));
#424=EDGE_LOOP('',(#2411,#2412,#2413,#2414));
#425=EDGE_LOOP('',(#2415,#2416,#2417,#2418));
#426=EDGE_LOOP('',(#2419,#2420,#2421,#2422));
#427=EDGE_LOOP('',(#2423,#2424,#2425,#2426));
#428=EDGE_LOOP('',(#2427,#2428,#2429,#2430));
#429=EDGE_LOOP('',(#2431,#2432,#2433,#2434));
#430=EDGE_LOOP('',(#2435,#2436,#2437,#2438));
#431=EDGE_LOOP('',(#2439,#2440,#2441,#2442));
#432=EDGE_LOOP('',(#2443,#2444,#2445,#2446));
#433=EDGE_LOOP('',(#2447,#2448,#2449,#2450));
#434=EDGE_LOOP('',(#2451,#2452,#2453,#2454));
#435=EDGE_LOOP('',(#2455,#2456,#2457,#2458));
#436=EDGE_LOOP('',(#2459,#2460,#2461,#2462));
#437=EDGE_LOOP('',(#2463,#2464,#2465,#2466));
#438=EDGE_LOOP('',(#2467,#2468,#2469,#2470));
#439=EDGE_LOOP('',(#2471,#2472,#2473,#2474));
#440=EDGE_LOOP('',(#2475,#2476,#2477,#2478));
#441=EDGE_LOOP('',(#2479,#2480,#2481,#2482));
#442=EDGE_LOOP('',(#2483,#2484,#2485,#2486));
#443=EDGE_LOOP('',(#2487,#2488,#2489,#2490));
#444=EDGE_LOOP('',(#2491,#2492,#2493,#2494));
#445=EDGE_LOOP('',(#2495,#2496,#2497,#2498));
#446=EDGE_LOOP('',(#2499,#2500,#2501,#2502));
#447=EDGE_LOOP('',(#2503,#2504,#2505,#2506));
#448=EDGE_LOOP('',(#2507,#2508,#2509,#2510));
#449=EDGE_LOOP('',(#2511,#2512,#2513,#2514));
#450=EDGE_LOOP('',(#2515,#2516,#2517,#2518));
#451=EDGE_LOOP('',(#2519,#2520,#2521,#2522));
#452=EDGE_LOOP('',(#2523,#2524,#2525,#2526));
#453=EDGE_LOOP('',(#2527,#2528,#2529,#2530));
#454=EDGE_LOOP('',(#2531,#2532,#2533,#2534));
#455=EDGE_LOOP('',(#2535,#2536,#2537,#2538));
#456=EDGE_LOOP('',(#2539,#2540,#2541,#2542));
#457=EDGE_LOOP('',(#2543,#2544,#2545,#2546));
#458=EDGE_LOOP('',(#2547,#2548,#2549,#2550));
#459=EDGE_LOOP('',(#2551,#2552,#2553,#2554));
#460=EDGE_LOOP('',(#2555,#2556,#2557,#2558));
#461=EDGE_LOOP('',(#2559,#2560,#2561,#2562));
#462=EDGE_LOOP('',(#2563,#2564,#2565,#2566));
#463=EDGE_LOOP('',(#2567,#2568,#2569,#2570));
#464=EDGE_LOOP('',(#2571,#2572,#2573,#2574));
#465=EDGE_LOOP('',(#2575,#2576,#2577,#2578));
#466=EDGE_LOOP('',(#2579,#2580,#2581,#2582));
#467=EDGE_LOOP('',(#2583,#2584,#2585,#2586));
#468=EDGE_LOOP('',(#2587,#2588,#2589,#2590));
#469=EDGE_LOOP('',(#2591,#2592,#2593,#2594));
#470=EDGE_LOOP('',(#2595,#2596,#2597,#2598));
#471=EDGE_LOOP('',(#2599,#2600,#2601,#2602));
#472=EDGE_LOOP('',(#2603,#2604,#2605,#2606));
#473=EDGE_LOOP('',(#2607,#2608,#2609,#2610));
#474=EDGE_LOOP('',(#2611,#2612,#2613,#2614));
#475=EDGE_LOOP('',(#2615,#2616,#2617,#2618));
#476=EDGE_LOOP('',(#2619,#2620,#2621,#2622));
#477=EDGE_LOOP('',(#2623,#2624,#2625,#2626));
#478=EDGE_LOOP('',(#2627,#2628,#2629,#2630));
#479=EDGE_LOOP('',(#2631,#2632,#2633,#2634));
#480=EDGE_LOOP('',(#2635,#2636,#2637,#2638));
#481=EDGE_LOOP('',(#2639,#2640,#2641,#2642));
#482=EDGE_LOOP('',(#2643,#2644,#2645,#2646));
#483=EDGE_LOOP('',(#2647,#2648,#2649,#2650));
#484=EDGE_LOOP('',(#2651,#2652,#2653,#2654));
#485=EDGE_LOOP('',(#2655,#2656,#2657,#2658));
#486=EDGE_LOOP('',(#2659,#2660,#2661,#2662));
#487=EDGE_LOOP('',(#2663,#2664,#2665,#2666));
#488=EDGE_LOOP('',(#2667,#2668,#2669,#2670));
#489=EDGE_LOOP('',(#2671,#2672,#2673,#2674));
#490=EDGE_LOOP('',(#2675,#2676,#2677,#2678));
#491=EDGE_LOOP('',(#2679,#2680,#2681,#2682));
#492=EDGE_LOOP('',(#2683,#2684,#2685,#2686));
#493=EDGE_LOOP('',(#2687,#2688,#2689,#2690));
#494=EDGE_LOOP('',(#2691,#2692,#2693,#2694));
#495=EDGE_LOOP('',(#2695,#2696,#2697,#2698));
#496=EDGE_LOOP('',(#2699,#2700,#2701,#2702));
#497=EDGE_LOOP('',(#2703,#2704,#2705,#2706));
#498=EDGE_LOOP('',(#2707,#2708,#2709,#2710));
#499=EDGE_LOOP('',(#2711,#2712,#2713,#2714));
#500=EDGE_LOOP('',(#2715,#2716,#2717,#2718));
#501=EDGE_LOOP('',(#2719,#2720,#2721,#2722));
#502=EDGE_LOOP('',(#2723,#2724,#2725,#2726));
#503=EDGE_LOOP('',(#2727,#2728,#2729,#2730));
#504=EDGE_LOOP('',(#2731,#2732,#2733,#2734));
#505=EDGE_LOOP('',(#2735,#2736,#2737,#2738));
#506=EDGE_LOOP('',(#2739,#2740,#2741,#2742));
#507=EDGE_LOOP('',(#2743,#2744,#2745,#2746));
#508=EDGE_LOOP('',(#2747,#2748,#2749,#2750));
#509=EDGE_LOOP('',(#2751,#2752,#2753,#2754));
#510=EDGE_LOOP('',(#2755,#2756,#2757,#2758));
#511=EDGE_LOOP('',(#2759,#2760,#2761,#2762));
#512=EDGE_LOOP('',(#2763,#2764,#2765,#2766));
#513=EDGE_LOOP('',(#2767,#2768,#2769,#2770));
#514=EDGE_LOOP('',(#2771,#2772,#2773,#2774));
#515=EDGE_LOOP('',(#2775,#2776,#2777,#2778));
#516=EDGE_LOOP('',(#2779,#2780,#2781,#2782));
#517=EDGE_LOOP('',(#2783,#2784,#2785,#2786));
#518=EDGE_LOOP('',(#2787,#2788,#2789,#2790));
#519=EDGE_LOOP('',(#2791,#2792,#2793,#2794));
#520=EDGE_LOOP('',(#2795,#2796,#2797,#2798));
#521=EDGE_LOOP('',(#2799,#2800,#2801,#2802));
#522=EDGE_LOOP('',(#2803,#2804,#2805,#2806));
#523=EDGE_LOOP('',(#2807,#2808,#2809,#2810));
#524=EDGE_LOOP('',(#2811,#2812,#2813,#2814));
#525=EDGE_LOOP('',(#2815,#2816,#2817,#2818));
#526=EDGE_LOOP('',(#2819,#2820,#2821,#2822));
#527=EDGE_LOOP('',(#2823,#2824,#2825,#2826));
#528=EDGE_LOOP('',(#2827,#2828,#2829,#2830));
#529=EDGE_LOOP('',(#2831,#2832,#2833,#2834));
#530=EDGE_LOOP('',(#2835,#2836,#2837,#2838));
#531=EDGE_LOOP('',(#2839,#2840,#2841,#2842));
#532=EDGE_LOOP('',(#2843,#2844,#2845,#2846));
#533=EDGE_LOOP('',(#2847,#2848,#2849,#2850));
#534=EDGE_LOOP('',(#2851,#2852,#2853,#2854));
#535=EDGE_LOOP('',(#2855,#2856,#2857,#2858,#2859,#2860,#2861,#2862,#2863,
#2864,#2865,#2866,#2867,#2868,#2869,#2870,#2871,#2872,#2873,#2874,#2875,
#2876,#2877,#2878,#2879,#2880,#2881,#2882,#2883,#2884,#2885,#2886,#2887,
#2888,#2889,#2890,#2891,#2892,#2893,#2894,#2895,#2896,#2897,#2898,#2899,
#2900,#2901,#2902,#2903,#2904,#2905,#2906,#2907,#2908,#2909,#2910,#2911,
#2912,#2913,#2914,#2915,#2916,#2917,#2918,#2919,#2920,#2921,#2922,#2923,
#2924,#2925,#2926,#2927,#2928,#2929,#2930,#2931,#2932,#2933,#2934,#2935,
#2936,#2937,#2938,#2939,#2940,#2941,#2942,#2943,#2944,#2945,#2946,#2947,
#2948,#2949,#2950,#2951,#2952,#2953,#2954,#2955,#2956,#2957,#2958,#2959,
#2960,#2961,#2962,#2963,#2964,#2965,#2966,#2967,#2968,#2969,#2970,#2971,
#2972,#2973,#2974,#2975,#2976,#2977,#2978));
#536=EDGE_LOOP('',(#2979,#2980,#2981,#2982,#2983,#2984,#2985,#2986,#2987,
#2988,#2989,#2990,#2991,#2992,#2993,#2994));
#537=EDGE_LOOP('',(#2995));
#538=EDGE_LOOP('',(#2996));
#539=EDGE_LOOP('',(#2997));
#540=EDGE_LOOP('',(#2998));
#541=EDGE_LOOP('',(#2999));
#542=EDGE_LOOP('',(#3000));
#543=EDGE_LOOP('',(#3001));
#544=EDGE_LOOP('',(#3002));
#545=EDGE_LOOP('',(#3003));
#546=EDGE_LOOP('',(#3004));
#547=EDGE_LOOP('',(#3005));
#548=EDGE_LOOP('',(#3006));
#549=EDGE_LOOP('',(#3007));
#550=EDGE_LOOP('',(#3008));
#551=LINE('',#4552,#817);
#552=LINE('',#4563,#818);
#553=LINE('',#4567,#819);
#554=LINE('',#4571,#820);
#555=LINE('',#4575,#821);
#556=LINE('',#4579,#822);
#557=LINE('',#4583,#823);
#558=LINE('',#4591,#824);
#559=LINE('',#4595,#825);
#560=LINE('',#4599,#826);
#561=LINE('',#4603,#827);
#562=LINE('',#4607,#828);
#563=LINE('',#4611,#829);
#564=LINE('',#4619,#830);
#565=LINE('',#4623,#831);
#566=LINE('',#4627,#832);
#567=LINE('',#4631,#833);
#568=LINE('',#4635,#834);
#569=LINE('',#4643,#835);
#570=LINE('',#4647,#836);
#571=LINE('',#4651,#837);
#572=LINE('',#4655,#838);
#573=LINE('',#4659,#839);
#574=LINE('',#4663,#840);
#575=LINE('',#4667,#841);
#576=LINE('',#4671,#842);
#577=LINE('',#4675,#843);
#578=LINE('',#4679,#844);
#579=LINE('',#4683,#845);
#580=LINE('',#4691,#846);
#581=LINE('',#4695,#847);
#582=LINE('',#4699,#848);
#583=LINE('',#4703,#849);
#584=LINE('',#4707,#850);
#585=LINE('',#4715,#851);
#586=LINE('',#4719,#852);
#587=LINE('',#4723,#853);
#588=LINE('',#4727,#854);
#589=LINE('',#4731,#855);
#590=LINE('',#4735,#856);
#591=LINE('',#4743,#857);
#592=LINE('',#4747,#858);
#593=LINE('',#4751,#859);
#594=LINE('',#4755,#860);
#595=LINE('',#4759,#861);
#596=LINE('',#4763,#862);
#597=LINE('',#4771,#863);
#598=LINE('',#4775,#864);
#599=LINE('',#4779,#865);
#600=LINE('',#4783,#866);
#601=LINE('',#4787,#867);
#602=LINE('',#4791,#868);
#603=LINE('',#4795,#869);
#604=LINE('',#4799,#870);
#605=LINE('',#4802,#871);
#606=LINE('',#4863,#872);
#607=LINE('',#4868,#873);
#608=LINE('',#4871,#874);
#609=LINE('',#4876,#875);
#610=LINE('',#4879,#876);
#611=LINE('',#4884,#877);
#612=LINE('',#4887,#878);
#613=LINE('',#4891,#879);
#614=LINE('',#4895,#880);
#615=LINE('',#4899,#881);
#616=LINE('',#4903,#882);
#617=LINE('',#4907,#883);
#618=LINE('',#4911,#884);
#619=LINE('',#4915,#885);
#620=LINE('',#4919,#886);
#621=LINE('',#4923,#887);
#622=LINE('',#4927,#888);
#623=LINE('',#4931,#889);
#624=LINE('',#4934,#890);
#625=LINE('',#4938,#891);
#626=LINE('',#4942,#892);
#627=LINE('',#4946,#893);
#628=LINE('',#4950,#894);
#629=LINE('',#4954,#895);
#630=LINE('',#4958,#896);
#631=LINE('',#4962,#897);
#632=LINE('',#4966,#898);
#633=LINE('',#4970,#899);
#634=LINE('',#4974,#900);
#635=LINE('',#4978,#901);
#636=LINE('',#4982,#902);
#637=LINE('',#4986,#903);
#638=LINE('',#4990,#904);
#639=LINE('',#4995,#905);
#640=LINE('',#4998,#906);
#641=LINE('',#5002,#907);
#642=LINE('',#5005,#908);
#643=LINE('',#5006,#909);
#644=LINE('',#5010,#910);
#645=LINE('',#5013,#911);
#646=LINE('',#5014,#912);
#647=LINE('',#5018,#913);
#648=LINE('',#5021,#914);
#649=LINE('',#5022,#915);
#650=LINE('',#5026,#916);
#651=LINE('',#5029,#917);
#652=LINE('',#5030,#918);
#653=LINE('',#5034,#919);
#654=LINE('',#5037,#920);
#655=LINE('',#5038,#921);
#656=LINE('',#5042,#922);
#657=LINE('',#5045,#923);
#658=LINE('',#5046,#924);
#659=LINE('',#5050,#925);
#660=LINE('',#5054,#926);
#661=LINE('',#5058,#927);
#662=LINE('',#5061,#928);
#663=LINE('',#5062,#929);
#664=LINE('',#5066,#930);
#665=LINE('',#5069,#931);
#666=LINE('',#5070,#932);
#667=LINE('',#5074,#933);
#668=LINE('',#5077,#934);
#669=LINE('',#5078,#935);
#670=LINE('',#5082,#936);
#671=LINE('',#5085,#937);
#672=LINE('',#5086,#938);
#673=LINE('',#5090,#939);
#674=LINE('',#5093,#940);
#675=LINE('',#5094,#941);
#676=LINE('',#5098,#942);
#677=LINE('',#5101,#943);
#678=LINE('',#5102,#944);
#679=LINE('',#5106,#945);
#680=LINE('',#5110,#946);
#681=LINE('',#5114,#947);
#682=LINE('',#5117,#948);
#683=LINE('',#5118,#949);
#684=LINE('',#5122,#950);
#685=LINE('',#5125,#951);
#686=LINE('',#5126,#952);
#687=LINE('',#5130,#953);
#688=LINE('',#5133,#954);
#689=LINE('',#5134,#955);
#690=LINE('',#5138,#956);
#691=LINE('',#5141,#957);
#692=LINE('',#5142,#958);
#693=LINE('',#5146,#959);
#694=LINE('',#5149,#960);
#695=LINE('',#5150,#961);
#696=LINE('',#5154,#962);
#697=LINE('',#5158,#963);
#698=LINE('',#5162,#964);
#699=LINE('',#5165,#965);
#700=LINE('',#5166,#966);
#701=LINE('',#5170,#967);
#702=LINE('',#5173,#968);
#703=LINE('',#5174,#969);
#704=LINE('',#5178,#970);
#705=LINE('',#5181,#971);
#706=LINE('',#5182,#972);
#707=LINE('',#5186,#973);
#708=LINE('',#5189,#974);
#709=LINE('',#5190,#975);
#710=LINE('',#5194,#976);
#711=LINE('',#5197,#977);
#712=LINE('',#5198,#978);
#713=LINE('',#5202,#979);
#714=LINE('',#5205,#980);
#715=LINE('',#5206,#981);
#716=LINE('',#5210,#982);
#717=LINE('',#5213,#983);
#718=LINE('',#5214,#984);
#719=LINE('',#5218,#985);
#720=LINE('',#5221,#986);
#721=LINE('',#5222,#987);
#722=LINE('',#5226,#988);
#723=LINE('',#5229,#989);
#724=LINE('',#5230,#990);
#725=LINE('',#5234,#991);
#726=LINE('',#5237,#992);
#727=LINE('',#5238,#993);
#728=LINE('',#5242,#994);
#729=LINE('',#5245,#995);
#730=LINE('',#5246,#996);
#731=LINE('',#5250,#997);
#732=LINE('',#5254,#998);
#733=LINE('',#5258,#999);
#734=LINE('',#5261,#1000);
#735=LINE('',#5262,#1001);
#736=LINE('',#5266,#1002);
#737=LINE('',#5269,#1003);
#738=LINE('',#5270,#1004);
#739=LINE('',#5274,#1005);
#740=LINE('',#5277,#1006);
#741=LINE('',#5278,#1007);
#742=LINE('',#5282,#1008);
#743=LINE('',#5285,#1009);
#744=LINE('',#5286,#1010);
#745=LINE('',#5290,#1011);
#746=LINE('',#5293,#1012);
#747=LINE('',#5294,#1013);
#748=LINE('',#5298,#1014);
#749=LINE('',#5302,#1015);
#750=LINE('',#5306,#1016);
#751=LINE('',#5309,#1017);
#752=LINE('',#5310,#1018);
#753=LINE('',#5314,#1019);
#754=LINE('',#5317,#1020);
#755=LINE('',#5318,#1021);
#756=LINE('',#5322,#1022);
#757=LINE('',#5325,#1023);
#758=LINE('',#5326,#1024);
#759=LINE('',#5330,#1025);
#760=LINE('',#5333,#1026);
#761=LINE('',#5334,#1027);
#762=LINE('',#5338,#1028);
#763=LINE('',#5341,#1029);
#764=LINE('',#5342,#1030);
#765=LINE('',#5346,#1031);
#766=LINE('',#5349,#1032);
#767=LINE('',#5350,#1033);
#768=LINE('',#5354,#1034);
#769=LINE('',#5358,#1035);
#770=LINE('',#5362,#1036);
#771=LINE('',#5365,#1037);
#772=LINE('',#5366,#1038);
#773=LINE('',#5370,#1039);
#774=LINE('',#5373,#1040);
#775=LINE('',#5374,#1041);
#776=LINE('',#5378,#1042);
#777=LINE('',#5381,#1043);
#778=LINE('',#5382,#1044);
#779=LINE('',#5386,#1045);
#780=LINE('',#5389,#1046);
#781=LINE('',#5390,#1047);
#782=LINE('',#5394,#1048);
#783=LINE('',#5397,#1049);
#784=LINE('',#5398,#1050);
#785=LINE('',#5402,#1051);
#786=LINE('',#5405,#1052);
#787=LINE('',#5406,#1053);
#788=LINE('',#5410,#1054);
#789=LINE('',#5414,#1055);
#790=LINE('',#5418,#1056);
#791=LINE('',#5421,#1057);
#792=LINE('',#5422,#1058);
#793=LINE('',#5426,#1059);
#794=LINE('',#5429,#1060);
#795=LINE('',#5430,#1061);
#796=LINE('',#5434,#1062);
#797=LINE('',#5437,#1063);
#798=LINE('',#5438,#1064);
#799=LINE('',#5442,#1065);
#800=LINE('',#5445,#1066);
#801=LINE('',#5446,#1067);
#802=LINE('',#5450,#1068);
#803=LINE('',#5453,#1069);
#804=LINE('',#5454,#1070);
#805=LINE('',#5458,#1071);
#806=LINE('',#5461,#1072);
#807=LINE('',#5462,#1073);
#808=LINE('',#5466,#1074);
#809=LINE('',#5469,#1075);
#810=LINE('',#5470,#1076);
#811=LINE('',#5474,#1077);
#812=LINE('',#5477,#1078);
#813=LINE('',#5478,#1079);
#814=LINE('',#5482,#1080);
#815=LINE('',#5485,#1081);
#816=LINE('',#5486,#1082);
#817=VECTOR('',#3557,2.29999999999995);
#818=VECTOR('',#3568,10.);
#819=VECTOR('',#3571,10.);
#820=VECTOR('',#3574,10.);
#821=VECTOR('',#3577,10.);
#822=VECTOR('',#3580,10.);
#823=VECTOR('',#3583,10.);
#824=VECTOR('',#3590,10.);
#825=VECTOR('',#3593,10.);
#826=VECTOR('',#3596,10.);
#827=VECTOR('',#3599,10.);
#828=VECTOR('',#3602,10.);
#829=VECTOR('',#3605,10.);
#830=VECTOR('',#3612,10.);
#831=VECTOR('',#3615,10.);
#832=VECTOR('',#3618,10.);
#833=VECTOR('',#3621,9.99999999999999);
#834=VECTOR('',#3624,10.);
#835=VECTOR('',#3631,10.);
#836=VECTOR('',#3634,10.);
#837=VECTOR('',#3637,10.);
#838=VECTOR('',#3640,10.);
#839=VECTOR('',#3643,10.);
#840=VECTOR('',#3646,10.);
#841=VECTOR('',#3649,10.);
#842=VECTOR('',#3652,10.);
#843=VECTOR('',#3655,10.);
#844=VECTOR('',#3658,10.);
#845=VECTOR('',#3661,10.);
#846=VECTOR('',#3668,10.);
#847=VECTOR('',#3671,10.);
#848=VECTOR('',#3674,10.);
#849=VECTOR('',#3677,10.);
#850=VECTOR('',#3680,10.);
#851=VECTOR('',#3687,10.);
#852=VECTOR('',#3690,9.99999999999999);
#853=VECTOR('',#3693,10.);
#854=VECTOR('',#3696,10.);
#855=VECTOR('',#3699,10.);
#856=VECTOR('',#3702,10.);
#857=VECTOR('',#3709,10.);
#858=VECTOR('',#3712,10.);
#859=VECTOR('',#3715,10.);
#860=VECTOR('',#3718,10.);
#861=VECTOR('',#3721,10.);
#862=VECTOR('',#3724,10.);
#863=VECTOR('',#3731,10.);
#864=VECTOR('',#3734,10.);
#865=VECTOR('',#3737,10.);
#866=VECTOR('',#3740,10.);
#867=VECTOR('',#3743,10.);
#868=VECTOR('',#3746,10.);
#869=VECTOR('',#3749,10.);
#870=VECTOR('',#3752,10.);
#871=VECTOR('',#3755,10.);
#872=VECTOR('',#3816,1.29999999999995);
#873=VECTOR('',#3823,2.29999999999995);
#874=VECTOR('',#3826,1.29999999999995);
#875=VECTOR('',#3833,2.29999999999995);
#876=VECTOR('',#3836,1.29999999999995);
#877=VECTOR('',#3843,2.29999999999995);
#878=VECTOR('',#3846,1.29999999999995);
#879=VECTOR('',#3851,1.59999999999997);
#880=VECTOR('',#3856,2.50000000006196);
#881=VECTOR('',#3861,1.59999999999997);
#882=VECTOR('',#3866,1.59999999999997);
#883=VECTOR('',#3871,2.56000001528434);
#884=VECTOR('',#3876,1.59999999999997);
#885=VECTOR('',#3881,1.50000000000006);
#886=VECTOR('',#3886,1.50000000000006);
#887=VECTOR('',#3891,2.56000001528434);
#888=VECTOR('',#3896,2.50000000006196);
#889=VECTOR('',#3901,10.);
#890=VECTOR('',#3904,10.);
#891=VECTOR('',#3909,10.);
#892=VECTOR('',#3914,10.);
#893=VECTOR('',#3919,10.);
#894=VECTOR('',#3924,10.);
#895=VECTOR('',#3929,10.);
#896=VECTOR('',#3934,10.);
#897=VECTOR('',#3939,10.);
#898=VECTOR('',#3944,10.);
#899=VECTOR('',#3949,10.);
#900=VECTOR('',#3954,10.);
#901=VECTOR('',#3959,10.);
#902=VECTOR('',#3964,10.);
#903=VECTOR('',#3969,10.);
#904=VECTOR('',#3974,10.);
#905=VECTOR('',#3981,10.);
#906=VECTOR('',#3984,10.);
#907=VECTOR('',#3989,10.);
#908=VECTOR('',#3992,10.);
#909=VECTOR('',#3993,10.);
#910=VECTOR('',#3998,10.);
#911=VECTOR('',#4001,10.);
#912=VECTOR('',#4002,10.);
#913=VECTOR('',#4007,10.);
#914=VECTOR('',#4010,10.);
#915=VECTOR('',#4011,10.);
#916=VECTOR('',#4016,10.);
#917=VECTOR('',#4019,10.);
#918=VECTOR('',#4020,10.);
#919=VECTOR('',#4025,10.);
#920=VECTOR('',#4028,10.);
#921=VECTOR('',#4029,10.);
#922=VECTOR('',#4034,10.);
#923=VECTOR('',#4037,10.);
#924=VECTOR('',#4038,10.);
#925=VECTOR('',#4043,10.);
#926=VECTOR('',#4048,10.);
#927=VECTOR('',#4053,10.);
#928=VECTOR('',#4056,10.);
#929=VECTOR('',#4057,10.);
#930=VECTOR('',#4062,10.);
#931=VECTOR('',#4065,10.);
#932=VECTOR('',#4066,10.);
#933=VECTOR('',#4071,10.);
#934=VECTOR('',#4074,10.);
#935=VECTOR('',#4075,10.);
#936=VECTOR('',#4080,10.);
#937=VECTOR('',#4083,10.);
#938=VECTOR('',#4084,10.);
#939=VECTOR('',#4089,10.);
#940=VECTOR('',#4092,10.);
#941=VECTOR('',#4093,10.);
#942=VECTOR('',#4098,10.);
#943=VECTOR('',#4101,10.);
#944=VECTOR('',#4102,10.);
#945=VECTOR('',#4107,10.);
#946=VECTOR('',#4112,10.);
#947=VECTOR('',#4117,10.);
#948=VECTOR('',#4120,10.);
#949=VECTOR('',#4121,10.);
#950=VECTOR('',#4126,10.);
#951=VECTOR('',#4129,10.);
#952=VECTOR('',#4130,10.);
#953=VECTOR('',#4135,10.);
#954=VECTOR('',#4138,10.);
#955=VECTOR('',#4139,10.);
#956=VECTOR('',#4144,10.);
#957=VECTOR('',#4147,9.99999999999999);
#958=VECTOR('',#4148,10.);
#959=VECTOR('',#4153,10.);
#960=VECTOR('',#4156,10.);
#961=VECTOR('',#4157,10.);
#962=VECTOR('',#4162,10.);
#963=VECTOR('',#4167,10.);
#964=VECTOR('',#4172,10.);
#965=VECTOR('',#4175,10.);
#966=VECTOR('',#4176,10.);
#967=VECTOR('',#4181,10.);
#968=VECTOR('',#4184,10.);
#969=VECTOR('',#4185,10.);
#970=VECTOR('',#4190,10.);
#971=VECTOR('',#4193,10.);
#972=VECTOR('',#4194,10.);
#973=VECTOR('',#4199,10.);
#974=VECTOR('',#4202,10.);
#975=VECTOR('',#4203,10.);
#976=VECTOR('',#4208,10.);
#977=VECTOR('',#4211,10.);
#978=VECTOR('',#4212,10.);
#979=VECTOR('',#4217,10.);
#980=VECTOR('',#4220,10.);
#981=VECTOR('',#4221,10.);
#982=VECTOR('',#4226,10.);
#983=VECTOR('',#4229,10.);
#984=VECTOR('',#4230,10.);
#985=VECTOR('',#4235,10.);
#986=VECTOR('',#4238,10.);
#987=VECTOR('',#4239,10.);
#988=VECTOR('',#4244,10.);
#989=VECTOR('',#4247,10.);
#990=VECTOR('',#4248,10.);
#991=VECTOR('',#4253,10.);
#992=VECTOR('',#4256,10.);
#993=VECTOR('',#4257,10.);
#994=VECTOR('',#4262,10.);
#995=VECTOR('',#4265,10.);
#996=VECTOR('',#4266,10.);
#997=VECTOR('',#4271,10.);
#998=VECTOR('',#4276,10.);
#999=VECTOR('',#4281,10.);
#1000=VECTOR('',#4284,10.);
#1001=VECTOR('',#4285,10.);
#1002=VECTOR('',#4290,10.);
#1003=VECTOR('',#4293,10.);
#1004=VECTOR('',#4294,10.);
#1005=VECTOR('',#4299,10.);
#1006=VECTOR('',#4302,10.);
#1007=VECTOR('',#4303,10.);
#1008=VECTOR('',#4308,10.);
#1009=VECTOR('',#4311,10.);
#1010=VECTOR('',#4312,10.);
#1011=VECTOR('',#4317,10.);
#1012=VECTOR('',#4320,10.);
#1013=VECTOR('',#4321,10.);
#1014=VECTOR('',#4326,10.);
#1015=VECTOR('',#4331,10.);
#1016=VECTOR('',#4336,10.);
#1017=VECTOR('',#4339,10.);
#1018=VECTOR('',#4340,10.);
#1019=VECTOR('',#4345,10.);
#1020=VECTOR('',#4348,9.99999999999999);
#1021=VECTOR('',#4349,10.);
#1022=VECTOR('',#4354,10.);
#1023=VECTOR('',#4357,10.);
#1024=VECTOR('',#4358,10.);
#1025=VECTOR('',#4363,10.);
#1026=VECTOR('',#4366,10.);
#1027=VECTOR('',#4367,10.);
#1028=VECTOR('',#4372,10.);
#1029=VECTOR('',#4375,10.);
#1030=VECTOR('',#4376,10.);
#1031=VECTOR('',#4381,10.);
#1032=VECTOR('',#4384,10.);
#1033=VECTOR('',#4385,10.);
#1034=VECTOR('',#4390,10.);
#1035=VECTOR('',#4395,10.);
#1036=VECTOR('',#4400,10.);
#1037=VECTOR('',#4403,10.);
#1038=VECTOR('',#4404,10.);
#1039=VECTOR('',#4409,10.);
#1040=VECTOR('',#4412,10.);
#1041=VECTOR('',#4413,10.);
#1042=VECTOR('',#4418,10.);
#1043=VECTOR('',#4421,10.);
#1044=VECTOR('',#4422,10.);
#1045=VECTOR('',#4427,10.);
#1046=VECTOR('',#4430,10.);
#1047=VECTOR('',#4431,10.);
#1048=VECTOR('',#4436,10.);
#1049=VECTOR('',#4439,10.);
#1050=VECTOR('',#4440,10.);
#1051=VECTOR('',#4445,10.);
#1052=VECTOR('',#4448,10.);
#1053=VECTOR('',#4449,10.);
#1054=VECTOR('',#4454,10.);
#1055=VECTOR('',#4459,10.);
#1056=VECTOR('',#4464,10.);
#1057=VECTOR('',#4467,10.);
#1058=VECTOR('',#4468,10.);
#1059=VECTOR('',#4473,10.);
#1060=VECTOR('',#4476,10.);
#1061=VECTOR('',#4477,10.);
#1062=VECTOR('',#4482,10.);
#1063=VECTOR('',#4485,10.);
#1064=VECTOR('',#4486,10.);
#1065=VECTOR('',#4491,10.);
#1066=VECTOR('',#4494,10.);
#1067=VECTOR('',#4495,10.);
#1068=VECTOR('',#4500,10.);
#1069=VECTOR('',#4503,10.);
#1070=VECTOR('',#4504,10.);
#1071=VECTOR('',#4509,10.);
#1072=VECTOR('',#4512,10.);
#1073=VECTOR('',#4513,10.);
#1074=VECTOR('',#4518,10.);
#1075=VECTOR('',#4521,10.);
#1076=VECTOR('',#4522,10.);
#1077=VECTOR('',#4527,10.);
#1078=VECTOR('',#4530,10.);
#1079=VECTOR('',#4531,10.);
#1080=VECTOR('',#4536,10.);
#1081=VECTOR('',#4539,10.);
#1082=VECTOR('',#4540,10.);
#1083=CIRCLE('',#3188,1.29999999999995);
#1084=CIRCLE('',#3189,3.29999999999995);
#1085=CIRCLE('',#3191,0.360000000000144);
#1086=CIRCLE('',#3192,2.5000000000001);
#1087=CIRCLE('',#3193,0.360000000000014);
#1088=CIRCLE('',#3194,1.69000000000006);
#1089=CIRCLE('',#3195,1.69000000000006);
#1090=CIRCLE('',#3196,1.69000000000011);
#1091=CIRCLE('',#3197,1.69000000000011);
#1092=CIRCLE('',#3198,0.360000000000025);
#1093=CIRCLE('',#3199,0.360000000000094);
#1094=CIRCLE('',#3200,2.50000000000012);
#1095=CIRCLE('',#3201,0.360000000000025);
#1096=CIRCLE('',#3202,0.360000000000014);
#1097=CIRCLE('',#3203,1.69000000000006);
#1098=CIRCLE('',#3204,1.69000000000006);
#1099=CIRCLE('',#3205,1.69000000000011);
#1100=CIRCLE('',#3206,1.69000000000011);
#1101=CIRCLE('',#3207,0.360000000000073);
#1102=CIRCLE('',#3208,2.49999999999993);
#1103=CIRCLE('',#3209,0.360000000000014);
#1104=CIRCLE('',#3210,0.360000000000025);
#1105=CIRCLE('',#3211,1.88999999999993);
#1106=CIRCLE('',#3212,1.89000000000003);
#1107=CIRCLE('',#3213,0.360000000000026);
#1108=CIRCLE('',#3214,0.359999999999907);
#1109=CIRCLE('',#3215,2.55999999999998);
#1110=CIRCLE('',#3216,0.360000000000026);
#1111=CIRCLE('',#3217,1.88999999999993);
#1112=CIRCLE('',#3218,0.889999999999986);
#1113=CIRCLE('',#3219,1.04999999998824);
#1114=CIRCLE('',#3220,0.889999999999986);
#1115=CIRCLE('',#3221,0.889999999999986);
#1116=CIRCLE('',#3222,0.889999999999986);
#1117=CIRCLE('',#3223,0.889999999999986);
#1118=CIRCLE('',#3224,1.04999999998824);
#1119=CIRCLE('',#3225,0.889999999999986);
#1120=CIRCLE('',#3226,1.89000000000003);
#1121=CIRCLE('',#3227,0.359999999999907);
#1122=CIRCLE('',#3228,2.5599999999999);
#1123=CIRCLE('',#3229,0.360000000000025);
#1124=CIRCLE('',#3230,0.360000000000026);
#1125=CIRCLE('',#3231,1.88999999999993);
#1126=CIRCLE('',#3232,1.89000000000003);
#1127=CIRCLE('',#3233,0.360000000000014);
#1128=CIRCLE('',#3234,0.360000000000144);
#1129=CIRCLE('',#3235,2.5000000000001);
#1130=CIRCLE('',#3236,0.360000000000014);
#1131=CIRCLE('',#3237,1.69000000000006);
#1132=CIRCLE('',#3238,1.69000000000006);
#1133=CIRCLE('',#3239,1.69000000000011);
#1134=CIRCLE('',#3240,1.69000000000011);
#1135=CIRCLE('',#3241,0.360000000000025);
#1136=CIRCLE('',#3242,0.359999999999942);
#1137=CIRCLE('',#3243,2.50000000000012);
#1138=CIRCLE('',#3244,0.360000000000025);
#1139=CIRCLE('',#3245,0.360000000000014);
#1140=CIRCLE('',#3246,1.69000000000006);
#1141=CIRCLE('',#3247,1.69000000000006);
#1142=CIRCLE('',#3248,1.69000000000011);
#1143=CIRCLE('',#3249,1.69000000000011);
#1144=CIRCLE('',#3250,0.359999999999953);
#1145=CIRCLE('',#3251,2.49999999999995);
#1146=CIRCLE('',#3252,0.360000000000014);
#1147=CIRCLE('',#3253,0.360000000000025);
#1148=CIRCLE('',#3254,1.88999999999993);
#1149=CIRCLE('',#3255,1.89000000000003);
#1150=CIRCLE('',#3256,1.69000000000006);
#1151=CIRCLE('',#3257,1.69000000000011);
#1152=CIRCLE('',#3258,1.88999999999993);
#1153=CIRCLE('',#3259,1.89000000000003);
#1154=CIRCLE('',#3260,0.360000000000014);
#1155=CIRCLE('',#3261,3.29999999999995);
#1156=CIRCLE('',#3262,3.29999999999995);
#1157=CIRCLE('',#3263,1.59999999999993);
#1158=CIRCLE('',#3264,0.499999999999881);
#1159=CIRCLE('',#3265,5.50000000000112);
#1160=CIRCLE('',#3266,0.500000000000075);
#1161=CIRCLE('',#3267,1.6);
#1162=CIRCLE('',#3268,0.499999999999881);
#1163=CIRCLE('',#3269,5.50000000000112);
#1164=CIRCLE('',#3270,0.500000000000079);
#1165=CIRCLE('',#3271,1.59999999999993);
#1166=CIRCLE('',#3272,0.499999999999881);
#1167=CIRCLE('',#3273,5.50000000000112);
#1168=CIRCLE('',#3274,0.500000000000075);
#1169=CIRCLE('',#3275,1.6);
#1170=CIRCLE('',#3276,0.499999999999881);
#1171=CIRCLE('',#3277,5.50000000000112);
#1172=CIRCLE('',#3278,0.500000000000079);
#1173=CIRCLE('',#3279,2.50000000006196);
#1174=CIRCLE('',#3280,2.56000001528434);
#1175=CIRCLE('',#3281,1.50000000000006);
#1176=CIRCLE('',#3282,1.50000000000006);
#1177=CIRCLE('',#3283,1.59999999999997);
#1178=CIRCLE('',#3284,2.56000001528434);
#1179=CIRCLE('',#3285,1.59999999999997);
#1180=CIRCLE('',#3286,1.59999999999997);
#1181=CIRCLE('',#3287,2.50000000006196);
#1182=CIRCLE('',#3288,1.59999999999997);
#1183=CIRCLE('',#3289,3.29999999999995);
#1184=CIRCLE('',#3291,1.29999999999995);
#1185=CIRCLE('',#3293,1.29999999999995);
#1186=CIRCLE('',#3295,1.29999999999995);
#1187=CIRCLE('',#3297,1.29999999999995);
#1188=CIRCLE('',#3299,1.29999999999995);
#1189=CIRCLE('',#3301,1.29999999999995);
#1190=CIRCLE('',#3303,1.29999999999995);
#1191=CIRCLE('',#3305,1.59999999999997);
#1192=CIRCLE('',#3307,2.50000000006196);
#1193=CIRCLE('',#3309,1.59999999999997);
#1194=CIRCLE('',#3311,1.59999999999997);
#1195=CIRCLE('',#3313,2.56000001528434);
#1196=CIRCLE('',#3315,1.59999999999997);
#1197=CIRCLE('',#3317,1.50000000000006);
#1198=CIRCLE('',#3319,1.50000000000006);
#1199=CIRCLE('',#3321,2.56000001528434);
#1200=CIRCLE('',#3323,2.50000000006196);
#1201=CIRCLE('',#3325,0.499999999999881);
#1202=CIRCLE('',#3327,5.50000000000112);
#1203=CIRCLE('',#3329,0.500000000000075);
#1204=CIRCLE('',#3331,1.6);
#1205=CIRCLE('',#3333,0.499999999999881);
#1206=CIRCLE('',#3335,5.50000000000112);
#1207=CIRCLE('',#3337,0.500000000000079);
#1208=CIRCLE('',#3339,1.59999999999993);
#1209=CIRCLE('',#3341,0.499999999999881);
#1210=CIRCLE('',#3343,5.50000000000112);
#1211=CIRCLE('',#3345,0.500000000000075);
#1212=CIRCLE('',#3347,1.6);
#1213=CIRCLE('',#3349,0.499999999999881);
#1214=CIRCLE('',#3351,5.50000000000112);
#1215=CIRCLE('',#3353,0.500000000000079);
#1216=CIRCLE('',#3355,1.59999999999993);
#1217=CIRCLE('',#3357,2.5000000000001);
#1218=CIRCLE('',#3359,0.360000000000014);
#1219=CIRCLE('',#3362,1.69000000000006);
#1220=CIRCLE('',#3365,1.69000000000006);
#1221=CIRCLE('',#3368,1.69000000000011);
#1222=CIRCLE('',#3371,1.69000000000011);
#1223=CIRCLE('',#3374,0.360000000000025);
#1224=CIRCLE('',#3377,0.360000000000094);
#1225=CIRCLE('',#3379,2.50000000000012);
#1226=CIRCLE('',#3381,0.360000000000025);
#1227=CIRCLE('',#3384,0.360000000000014);
#1228=CIRCLE('',#3387,1.69000000000006);
#1229=CIRCLE('',#3390,1.69000000000006);
#1230=CIRCLE('',#3393,1.69000000000011);
#1231=CIRCLE('',#3396,1.69000000000011);
#1232=CIRCLE('',#3399,0.360000000000073);
#1233=CIRCLE('',#3401,2.49999999999993);
#1234=CIRCLE('',#3403,0.360000000000014);
#1235=CIRCLE('',#3406,0.360000000000025);
#1236=CIRCLE('',#3409,1.88999999999993);
#1237=CIRCLE('',#3412,1.89000000000003);
#1238=CIRCLE('',#3415,0.360000000000026);
#1239=CIRCLE('',#3418,0.359999999999907);
#1240=CIRCLE('',#3420,2.55999999999998);
#1241=CIRCLE('',#3422,0.360000000000026);
#1242=CIRCLE('',#3425,1.88999999999993);
#1243=CIRCLE('',#3428,0.889999999999986);
#1244=CIRCLE('',#3431,1.04999999998824);
#1245=CIRCLE('',#3434,0.889999999999986);
#1246=CIRCLE('',#3437,0.889999999999986);
#1247=CIRCLE('',#3440,0.889999999999986);
#1248=CIRCLE('',#3443,0.889999999999986);
#1249=CIRCLE('',#3446,1.04999999998824);
#1250=CIRCLE('',#3449,0.889999999999986);
#1251=CIRCLE('',#3452,1.89000000000003);
#1252=CIRCLE('',#3455,0.359999999999907);
#1253=CIRCLE('',#3457,2.5599999999999);
#1254=CIRCLE('',#3459,0.360000000000025);
#1255=CIRCLE('',#3462,0.360000000000026);
#1256=CIRCLE('',#3465,1.88999999999993);
#1257=CIRCLE('',#3468,1.89000000000003);
#1258=CIRCLE('',#3471,0.360000000000014);
#1259=CIRCLE('',#3474,0.360000000000144);
#1260=CIRCLE('',#3476,2.5000000000001);
#1261=CIRCLE('',#3478,0.360000000000014);
#1262=CIRCLE('',#3481,1.69000000000006);
#1263=CIRCLE('',#3484,1.69000000000006);
#1264=CIRCLE('',#3487,1.69000000000011);
#1265=CIRCLE('',#3490,1.69000000000011);
#1266=CIRCLE('',#3493,0.360000000000025);
#1267=CIRCLE('',#3496,0.359999999999942);
#1268=CIRCLE('',#3498,2.50000000000012);
#1269=CIRCLE('',#3500,0.360000000000025);
#1270=CIRCLE('',#3503,0.360000000000014);
#1271=CIRCLE('',#3506,1.69000000000006);
#1272=CIRCLE('',#3509,1.69000000000006);
#1273=CIRCLE('',#3512,1.69000000000011);
#1274=CIRCLE('',#3515,1.69000000000011);
#1275=CIRCLE('',#3518,0.359999999999953);
#1276=CIRCLE('',#3520,2.49999999999995);
#1277=CIRCLE('',#3522,0.360000000000014);
#1278=CIRCLE('',#3525,0.360000000000025);
#1279=CIRCLE('',#3528,1.88999999999993);
#1280=CIRCLE('',#3531,1.89000000000003);
#1281=CIRCLE('',#3534,1.69000000000006);
#1282=CIRCLE('',#3537,1.69000000000011);
#1283=CIRCLE('',#3540,1.88999999999993);
#1284=CIRCLE('',#3543,1.89000000000003);
#1285=CIRCLE('',#3546,0.360000000000014);
#1286=CIRCLE('',#3549,0.360000000000144);
#1287=VERTEX_POINT('',#4549);
#1288=VERTEX_POINT('',#4551);
#1289=VERTEX_POINT('',#4555);
#1290=VERTEX_POINT('',#4556);
#1291=VERTEX_POINT('',#4558);
#1292=VERTEX_POINT('',#4560);
#1293=VERTEX_POINT('',#4562);
#1294=VERTEX_POINT('',#4564);
#1295=VERTEX_POINT('',#4566);
#1296=VERTEX_POINT('',#4568);
#1297=VERTEX_POINT('',#4570);
#1298=VERTEX_POINT('',#4572);
#1299=VERTEX_POINT('',#4574);
#1300=VERTEX_POINT('',#4576);
#1301=VERTEX_POINT('',#4578);
#1302=VERTEX_POINT('',#4580);
#1303=VERTEX_POINT('',#4582);
#1304=VERTEX_POINT('',#4584);
#1305=VERTEX_POINT('',#4586);
#1306=VERTEX_POINT('',#4588);
#1307=VERTEX_POINT('',#4590);
#1308=VERTEX_POINT('',#4592);
#1309=VERTEX_POINT('',#4594);
#1310=VERTEX_POINT('',#4596);
#1311=VERTEX_POINT('',#4598);
#1312=VERTEX_POINT('',#4600);
#1313=VERTEX_POINT('',#4602);
#1314=VERTEX_POINT('',#4604);
#1315=VERTEX_POINT('',#4606);
#1316=VERTEX_POINT('',#4608);
#1317=VERTEX_POINT('',#4610);
#1318=VERTEX_POINT('',#4612);
#1319=VERTEX_POINT('',#4614);
#1320=VERTEX_POINT('',#4616);
#1321=VERTEX_POINT('',#4618);
#1322=VERTEX_POINT('',#4620);
#1323=VERTEX_POINT('',#4622);
#1324=VERTEX_POINT('',#4624);
#1325=VERTEX_POINT('',#4626);
#1326=VERTEX_POINT('',#4628);
#1327=VERTEX_POINT('',#4630);
#1328=VERTEX_POINT('',#4632);
#1329=VERTEX_POINT('',#4634);
#1330=VERTEX_POINT('',#4636);
#1331=VERTEX_POINT('',#4638);
#1332=VERTEX_POINT('',#4640);
#1333=VERTEX_POINT('',#4642);
#1334=VERTEX_POINT('',#4644);
#1335=VERTEX_POINT('',#4646);
#1336=VERTEX_POINT('',#4648);
#1337=VERTEX_POINT('',#4650);
#1338=VERTEX_POINT('',#4652);
#1339=VERTEX_POINT('',#4654);
#1340=VERTEX_POINT('',#4656);
#1341=VERTEX_POINT('',#4658);
#1342=VERTEX_POINT('',#4660);
#1343=VERTEX_POINT('',#4662);
#1344=VERTEX_POINT('',#4664);
#1345=VERTEX_POINT('',#4666);
#1346=VERTEX_POINT('',#4668);
#1347=VERTEX_POINT('',#4670);
#1348=VERTEX_POINT('',#4672);
#1349=VERTEX_POINT('',#4674);
#1350=VERTEX_POINT('',#4676);
#1351=VERTEX_POINT('',#4678);
#1352=VERTEX_POINT('',#4680);
#1353=VERTEX_POINT('',#4682);
#1354=VERTEX_POINT('',#4684);
#1355=VERTEX_POINT('',#4686);
#1356=VERTEX_POINT('',#4688);
#1357=VERTEX_POINT('',#4690);
#1358=VERTEX_POINT('',#4692);
#1359=VERTEX_POINT('',#4694);
#1360=VERTEX_POINT('',#4696);
#1361=VERTEX_POINT('',#4698);
#1362=VERTEX_POINT('',#4700);
#1363=VERTEX_POINT('',#4702);
#1364=VERTEX_POINT('',#4704);
#1365=VERTEX_POINT('',#4706);
#1366=VERTEX_POINT('',#4708);
#1367=VERTEX_POINT('',#4710);
#1368=VERTEX_POINT('',#4712);
#1369=VERTEX_POINT('',#4714);
#1370=VERTEX_POINT('',#4716);
#1371=VERTEX_POINT('',#4718);
#1372=VERTEX_POINT('',#4720);
#1373=VERTEX_POINT('',#4722);
#1374=VERTEX_POINT('',#4724);
#1375=VERTEX_POINT('',#4726);
#1376=VERTEX_POINT('',#4728);
#1377=VERTEX_POINT('',#4730);
#1378=VERTEX_POINT('',#4732);
#1379=VERTEX_POINT('',#4734);
#1380=VERTEX_POINT('',#4736);
#1381=VERTEX_POINT('',#4738);
#1382=VERTEX_POINT('',#4740);
#1383=VERTEX_POINT('',#4742);
#1384=VERTEX_POINT('',#4744);
#1385=VERTEX_POINT('',#4746);
#1386=VERTEX_POINT('',#4748);
#1387=VERTEX_POINT('',#4750);
#1388=VERTEX_POINT('',#4752);
#1389=VERTEX_POINT('',#4754);
#1390=VERTEX_POINT('',#4756);
#1391=VERTEX_POINT('',#4758);
#1392=VERTEX_POINT('',#4760);
#1393=VERTEX_POINT('',#4762);
#1394=VERTEX_POINT('',#4764);
#1395=VERTEX_POINT('',#4766);
#1396=VERTEX_POINT('',#4768);
#1397=VERTEX_POINT('',#4770);
#1398=VERTEX_POINT('',#4772);
#1399=VERTEX_POINT('',#4774);
#1400=VERTEX_POINT('',#4776);
#1401=VERTEX_POINT('',#4778);
#1402=VERTEX_POINT('',#4780);
#1403=VERTEX_POINT('',#4782);
#1404=VERTEX_POINT('',#4784);
#1405=VERTEX_POINT('',#4786);
#1406=VERTEX_POINT('',#4788);
#1407=VERTEX_POINT('',#4790);
#1408=VERTEX_POINT('',#4792);
#1409=VERTEX_POINT('',#4794);
#1410=VERTEX_POINT('',#4796);
#1411=VERTEX_POINT('',#4798);
#1412=VERTEX_POINT('',#4800);
#1413=VERTEX_POINT('',#4803);
#1414=VERTEX_POINT('',#4805);
#1415=VERTEX_POINT('',#4807);
#1416=VERTEX_POINT('',#4808);
#1417=VERTEX_POINT('',#4810);
#1418=VERTEX_POINT('',#4812);
#1419=VERTEX_POINT('',#4814);
#1420=VERTEX_POINT('',#4816);
#1421=VERTEX_POINT('',#4818);
#1422=VERTEX_POINT('',#4820);
#1423=VERTEX_POINT('',#4822);
#1424=VERTEX_POINT('',#4824);
#1425=VERTEX_POINT('',#4826);
#1426=VERTEX_POINT('',#4828);
#1427=VERTEX_POINT('',#4830);
#1428=VERTEX_POINT('',#4832);
#1429=VERTEX_POINT('',#4834);
#1430=VERTEX_POINT('',#4836);
#1431=VERTEX_POINT('',#4839);
#1432=VERTEX_POINT('',#4841);
#1433=VERTEX_POINT('',#4843);
#1434=VERTEX_POINT('',#4845);
#1435=VERTEX_POINT('',#4847);
#1436=VERTEX_POINT('',#4849);
#1437=VERTEX_POINT('',#4851);
#1438=VERTEX_POINT('',#4853);
#1439=VERTEX_POINT('',#4855);
#1440=VERTEX_POINT('',#4857);
#1441=VERTEX_POINT('',#4859);
#1442=VERTEX_POINT('',#4862);
#1443=VERTEX_POINT('',#4866);
#1444=VERTEX_POINT('',#4870);
#1445=VERTEX_POINT('',#4874);
#1446=VERTEX_POINT('',#4878);
#1447=VERTEX_POINT('',#4882);
#1448=VERTEX_POINT('',#4886);
#1449=VERTEX_POINT('',#4890);
#1450=VERTEX_POINT('',#4894);
#1451=VERTEX_POINT('',#4898);
#1452=VERTEX_POINT('',#4902);
#1453=VERTEX_POINT('',#4906);
#1454=VERTEX_POINT('',#4910);
#1455=VERTEX_POINT('',#4914);
#1456=VERTEX_POINT('',#4918);
#1457=VERTEX_POINT('',#4922);
#1458=VERTEX_POINT('',#4926);
#1459=VERTEX_POINT('',#4930);
#1460=VERTEX_POINT('',#4932);
#1461=VERTEX_POINT('',#4936);
#1462=VERTEX_POINT('',#4940);
#1463=VERTEX_POINT('',#4944);
#1464=VERTEX_POINT('',#4948);
#1465=VERTEX_POINT('',#4952);
#1466=VERTEX_POINT('',#4956);
#1467=VERTEX_POINT('',#4960);
#1468=VERTEX_POINT('',#4964);
#1469=VERTEX_POINT('',#4968);
#1470=VERTEX_POINT('',#4972);
#1471=VERTEX_POINT('',#4976);
#1472=VERTEX_POINT('',#4980);
#1473=VERTEX_POINT('',#4984);
#1474=VERTEX_POINT('',#4988);
#1475=VERTEX_POINT('',#4994);
#1476=VERTEX_POINT('',#4996);
#1477=VERTEX_POINT('',#5000);
#1478=VERTEX_POINT('',#5004);
#1479=VERTEX_POINT('',#5008);
#1480=VERTEX_POINT('',#5012);
#1481=VERTEX_POINT('',#5016);
#1482=VERTEX_POINT('',#5020);
#1483=VERTEX_POINT('',#5024);
#1484=VERTEX_POINT('',#5028);
#1485=VERTEX_POINT('',#5032);
#1486=VERTEX_POINT('',#5036);
#1487=VERTEX_POINT('',#5040);
#1488=VERTEX_POINT('',#5044);
#1489=VERTEX_POINT('',#5048);
#1490=VERTEX_POINT('',#5052);
#1491=VERTEX_POINT('',#5056);
#1492=VERTEX_POINT('',#5060);
#1493=VERTEX_POINT('',#5064);
#1494=VERTEX_POINT('',#5068);
#1495=VERTEX_POINT('',#5072);
#1496=VERTEX_POINT('',#5076);
#1497=VERTEX_POINT('',#5080);
#1498=VERTEX_POINT('',#5084);
#1499=VERTEX_POINT('',#5088);
#1500=VERTEX_POINT('',#5092);
#1501=VERTEX_POINT('',#5096);
#1502=VERTEX_POINT('',#5100);
#1503=VERTEX_POINT('',#5104);
#1504=VERTEX_POINT('',#5108);
#1505=VERTEX_POINT('',#5112);
#1506=VERTEX_POINT('',#5116);
#1507=VERTEX_POINT('',#5120);
#1508=VERTEX_POINT('',#5124);
#1509=VERTEX_POINT('',#5128);
#1510=VERTEX_POINT('',#5132);
#1511=VERTEX_POINT('',#5136);
#1512=VERTEX_POINT('',#5140);
#1513=VERTEX_POINT('',#5144);
#1514=VERTEX_POINT('',#5148);
#1515=VERTEX_POINT('',#5152);
#1516=VERTEX_POINT('',#5156);
#1517=VERTEX_POINT('',#5160);
#1518=VERTEX_POINT('',#5164);
#1519=VERTEX_POINT('',#5168);
#1520=VERTEX_POINT('',#5172);
#1521=VERTEX_POINT('',#5176);
#1522=VERTEX_POINT('',#5180);
#1523=VERTEX_POINT('',#5184);
#1524=VERTEX_POINT('',#5188);
#1525=VERTEX_POINT('',#5192);
#1526=VERTEX_POINT('',#5196);
#1527=VERTEX_POINT('',#5200);
#1528=VERTEX_POINT('',#5204);
#1529=VERTEX_POINT('',#5208);
#1530=VERTEX_POINT('',#5212);
#1531=VERTEX_POINT('',#5216);
#1532=VERTEX_POINT('',#5220);
#1533=VERTEX_POINT('',#5224);
#1534=VERTEX_POINT('',#5228);
#1535=VERTEX_POINT('',#5232);
#1536=VERTEX_POINT('',#5236);
#1537=VERTEX_POINT('',#5240);
#1538=VERTEX_POINT('',#5244);
#1539=VERTEX_POINT('',#5248);
#1540=VERTEX_POINT('',#5252);
#1541=VERTEX_POINT('',#5256);
#1542=VERTEX_POINT('',#5260);
#1543=VERTEX_POINT('',#5264);
#1544=VERTEX_POINT('',#5268);
#1545=VERTEX_POINT('',#5272);
#1546=VERTEX_POINT('',#5276);
#1547=VERTEX_POINT('',#5280);
#1548=VERTEX_POINT('',#5284);
#1549=VERTEX_POINT('',#5288);
#1550=VERTEX_POINT('',#5292);
#1551=VERTEX_POINT('',#5296);
#1552=VERTEX_POINT('',#5300);
#1553=VERTEX_POINT('',#5304);
#1554=VERTEX_POINT('',#5308);
#1555=VERTEX_POINT('',#5312);
#1556=VERTEX_POINT('',#5316);
#1557=VERTEX_POINT('',#5320);
#1558=VERTEX_POINT('',#5324);
#1559=VERTEX_POINT('',#5328);
#1560=VERTEX_POINT('',#5332);
#1561=VERTEX_POINT('',#5336);
#1562=VERTEX_POINT('',#5340);
#1563=VERTEX_POINT('',#5344);
#1564=VERTEX_POINT('',#5348);
#1565=VERTEX_POINT('',#5352);
#1566=VERTEX_POINT('',#5356);
#1567=VERTEX_POINT('',#5360);
#1568=VERTEX_POINT('',#5364);
#1569=VERTEX_POINT('',#5368);
#1570=VERTEX_POINT('',#5372);
#1571=VERTEX_POINT('',#5376);
#1572=VERTEX_POINT('',#5380);
#1573=VERTEX_POINT('',#5384);
#1574=VERTEX_POINT('',#5388);
#1575=VERTEX_POINT('',#5392);
#1576=VERTEX_POINT('',#5396);
#1577=VERTEX_POINT('',#5400);
#1578=VERTEX_POINT('',#5404);
#1579=VERTEX_POINT('',#5408);
#1580=VERTEX_POINT('',#5412);
#1581=VERTEX_POINT('',#5416);
#1582=VERTEX_POINT('',#5420);
#1583=VERTEX_POINT('',#5424);
#1584=VERTEX_POINT('',#5428);
#1585=VERTEX_POINT('',#5432);
#1586=VERTEX_POINT('',#5436);
#1587=VERTEX_POINT('',#5440);
#1588=VERTEX_POINT('',#5444);
#1589=VERTEX_POINT('',#5448);
#1590=VERTEX_POINT('',#5452);
#1591=VERTEX_POINT('',#5456);
#1592=VERTEX_POINT('',#5460);
#1593=VERTEX_POINT('',#5464);
#1594=VERTEX_POINT('',#5468);
#1595=VERTEX_POINT('',#5472);
#1596=VERTEX_POINT('',#5476);
#1597=VERTEX_POINT('',#5480);
#1598=VERTEX_POINT('',#5484);
#1599=EDGE_CURVE('',#1287,#1287,#1083,.T.);
#1600=EDGE_CURVE('',#1287,#1288,#551,.T.);
#1601=EDGE_CURVE('',#1288,#1288,#1084,.T.);
#1602=EDGE_CURVE('',#1289,#1290,#1085,.T.);
#1603=EDGE_CURVE('',#1289,#1291,#1086,.T.);
#1604=EDGE_CURVE('',#1292,#1291,#1087,.T.);
#1605=EDGE_CURVE('',#1293,#1292,#552,.T.);
#1606=EDGE_CURVE('',#1294,#1293,#1088,.T.);
#1607=EDGE_CURVE('',#1294,#1295,#553,.T.);
#1608=EDGE_CURVE('',#1295,#1296,#1089,.T.);
#1609=EDGE_CURVE('',#1297,#1296,#554,.T.);
#1610=EDGE_CURVE('',#1297,#1298,#1090,.T.);
#1611=EDGE_CURVE('',#1299,#1298,#555,.T.);
#1612=EDGE_CURVE('',#1300,#1299,#1091,.T.);
#1613=EDGE_CURVE('',#1300,#1301,#556,.T.);
#1614=EDGE_CURVE('',#1302,#1301,#1092,.T.);
#1615=EDGE_CURVE('',#1303,#1302,#557,.T.);
#1616=EDGE_CURVE('',#1304,#1303,#1093,.T.);
#1617=EDGE_CURVE('',#1304,#1305,#1094,.T.);
#1618=EDGE_CURVE('',#1306,#1305,#1095,.T.);
#1619=EDGE_CURVE('',#1306,#1307,#558,.T.);
#1620=EDGE_CURVE('',#1308,#1307,#1096,.T.);
#1621=EDGE_CURVE('',#1309,#1308,#559,.T.);
#1622=EDGE_CURVE('',#1310,#1309,#1097,.T.);
#1623=EDGE_CURVE('',#1310,#1311,#560,.T.);
#1624=EDGE_CURVE('',#1311,#1312,#1098,.T.);
#1625=EDGE_CURVE('',#1312,#1313,#561,.T.);
#1626=EDGE_CURVE('',#1313,#1314,#1099,.T.);
#1627=EDGE_CURVE('',#1315,#1314,#562,.T.);
#1628=EDGE_CURVE('',#1316,#1315,#1100,.T.);
#1629=EDGE_CURVE('',#1316,#1317,#563,.T.);
#1630=EDGE_CURVE('',#1318,#1317,#1101,.T.);
#1631=EDGE_CURVE('',#1318,#1319,#1102,.T.);
#1632=EDGE_CURVE('',#1320,#1319,#1103,.T.);
#1633=EDGE_CURVE('',#1320,#1321,#564,.T.);
#1634=EDGE_CURVE('',#1322,#1321,#1104,.T.);
#1635=EDGE_CURVE('',#1322,#1323,#565,.T.);
#1636=EDGE_CURVE('',#1324,#1323,#1105,.T.);
#1637=EDGE_CURVE('',#1325,#1324,#566,.T.);
#1638=EDGE_CURVE('',#1326,#1325,#1106,.T.);
#1639=EDGE_CURVE('',#1327,#1326,#567,.T.);
#1640=EDGE_CURVE('',#1328,#1327,#1107,.T.);
#1641=EDGE_CURVE('',#1329,#1328,#568,.T.);
#1642=EDGE_CURVE('',#1330,#1329,#1108,.T.);
#1643=EDGE_CURVE('',#1330,#1331,#1109,.T.);
#1644=EDGE_CURVE('',#1332,#1331,#1110,.T.);
#1645=EDGE_CURVE('',#1332,#1333,#569,.T.);
#1646=EDGE_CURVE('',#1334,#1333,#1111,.T.);
#1647=EDGE_CURVE('',#1334,#1335,#570,.T.);
#1648=EDGE_CURVE('',#1336,#1335,#1112,.T.);
#1649=EDGE_CURVE('',#1337,#1336,#571,.T.);
#1650=EDGE_CURVE('',#1337,#1338,#1113,.T.);
#1651=EDGE_CURVE('',#1339,#1338,#572,.T.);
#1652=EDGE_CURVE('',#1340,#1339,#1114,.T.);
#1653=EDGE_CURVE('',#1340,#1341,#573,.T.);
#1654=EDGE_CURVE('',#1341,#1342,#1115,.T.);
#1655=EDGE_CURVE('',#1343,#1342,#574,.T.);
#1656=EDGE_CURVE('',#1343,#1344,#1116,.T.);
#1657=EDGE_CURVE('',#1345,#1344,#575,.T.);
#1658=EDGE_CURVE('',#1346,#1345,#1117,.T.);
#1659=EDGE_CURVE('',#1346,#1347,#576,.T.);
#1660=EDGE_CURVE('',#1347,#1348,#1118,.T.);
#1661=EDGE_CURVE('',#1348,#1349,#577,.T.);
#1662=EDGE_CURVE('',#1350,#1349,#1119,.T.);
#1663=EDGE_CURVE('',#1351,#1350,#578,.T.);
#1664=EDGE_CURVE('',#1352,#1351,#1120,.T.);
#1665=EDGE_CURVE('',#1353,#1352,#579,.T.);
#1666=EDGE_CURVE('',#1354,#1353,#1121,.T.);
#1667=EDGE_CURVE('',#1354,#1355,#1122,.T.);
#1668=EDGE_CURVE('',#1356,#1355,#1123,.T.);
#1669=EDGE_CURVE('',#1356,#1357,#580,.T.);
#1670=EDGE_CURVE('',#1358,#1357,#1124,.T.);
#1671=EDGE_CURVE('',#1358,#1359,#581,.T.);
#1672=EDGE_CURVE('',#1360,#1359,#1125,.T.);
#1673=EDGE_CURVE('',#1360,#1361,#582,.T.);
#1674=EDGE_CURVE('',#1362,#1361,#1126,.T.);
#1675=EDGE_CURVE('',#1363,#1362,#583,.T.);
#1676=EDGE_CURVE('',#1364,#1363,#1127,.T.);
#1677=EDGE_CURVE('',#1365,#1364,#584,.T.);
#1678=EDGE_CURVE('',#1366,#1365,#1128,.T.);
#1679=EDGE_CURVE('',#1366,#1367,#1129,.T.);
#1680=EDGE_CURVE('',#1368,#1367,#1130,.T.);
#1681=EDGE_CURVE('',#1369,#1368,#585,.T.);
#1682=EDGE_CURVE('',#1370,#1369,#1131,.T.);
#1683=EDGE_CURVE('',#1370,#1371,#586,.T.);
#1684=EDGE_CURVE('',#1371,#1372,#1132,.T.);
#1685=EDGE_CURVE('',#1373,#1372,#587,.T.);
#1686=EDGE_CURVE('',#1373,#1374,#1133,.T.);
#1687=EDGE_CURVE('',#1375,#1374,#588,.T.);
#1688=EDGE_CURVE('',#1376,#1375,#1134,.T.);
#1689=EDGE_CURVE('',#1376,#1377,#589,.T.);
#1690=EDGE_CURVE('',#1378,#1377,#1135,.T.);
#1691=EDGE_CURVE('',#1379,#1378,#590,.T.);
#1692=EDGE_CURVE('',#1380,#1379,#1136,.T.);
#1693=EDGE_CURVE('',#1380,#1381,#1137,.T.);
#1694=EDGE_CURVE('',#1382,#1381,#1138,.T.);
#1695=EDGE_CURVE('',#1382,#1383,#591,.T.);
#1696=EDGE_CURVE('',#1384,#1383,#1139,.T.);
#1697=EDGE_CURVE('',#1385,#1384,#592,.T.);
#1698=EDGE_CURVE('',#1386,#1385,#1140,.T.);
#1699=EDGE_CURVE('',#1386,#1387,#593,.T.);
#1700=EDGE_CURVE('',#1387,#1388,#1141,.T.);
#1701=EDGE_CURVE('',#1388,#1389,#594,.T.);
#1702=EDGE_CURVE('',#1389,#1390,#1142,.T.);
#1703=EDGE_CURVE('',#1391,#1390,#595,.T.);
#1704=EDGE_CURVE('',#1392,#1391,#1143,.T.);
#1705=EDGE_CURVE('',#1392,#1393,#596,.T.);
#1706=EDGE_CURVE('',#1394,#1393,#1144,.T.);
#1707=EDGE_CURVE('',#1394,#1395,#1145,.T.);
#1708=EDGE_CURVE('',#1396,#1395,#1146,.T.);
#1709=EDGE_CURVE('',#1396,#1397,#597,.T.);
#1710=EDGE_CURVE('',#1398,#1397,#1147,.T.);
#1711=EDGE_CURVE('',#1398,#1399,#598,.T.);
#1712=EDGE_CURVE('',#1400,#1399,#1148,.T.);
#1713=EDGE_CURVE('',#1401,#1400,#599,.T.);
#1714=EDGE_CURVE('',#1402,#1401,#1149,.T.);
#1715=EDGE_CURVE('',#1403,#1402,#600,.T.);
#1716=EDGE_CURVE('',#1403,#1404,#1150,.T.);
#1717=EDGE_CURVE('',#1405,#1404,#601,.T.);
#1718=EDGE_CURVE('',#1405,#1406,#1151,.T.);
#1719=EDGE_CURVE('',#1406,#1407,#602,.T.);
#1720=EDGE_CURVE('',#1408,#1407,#1152,.T.);
#1721=EDGE_CURVE('',#1409,#1408,#603,.T.);
#1722=EDGE_CURVE('',#1410,#1409,#1153,.T.);
#1723=EDGE_CURVE('',#1411,#1410,#604,.T.);
#1724=EDGE_CURVE('',#1412,#1411,#1154,.T.);
#1725=EDGE_CURVE('',#1290,#1412,#605,.T.);
#1726=EDGE_CURVE('',#1413,#1413,#1155,.T.);
#1727=EDGE_CURVE('',#1414,#1414,#1156,.T.);
#1728=EDGE_CURVE('',#1415,#1416,#1157,.T.);
#1729=EDGE_CURVE('',#1417,#1415,#1158,.T.);
#1730=EDGE_CURVE('',#1418,#1417,#1159,.T.);
#1731=EDGE_CURVE('',#1419,#1418,#1160,.T.);
#1732=EDGE_CURVE('',#1420,#1419,#1161,.T.);
#1733=EDGE_CURVE('',#1421,#1420,#1162,.T.);
#1734=EDGE_CURVE('',#1422,#1421,#1163,.T.);
#1735=EDGE_CURVE('',#1423,#1422,#1164,.T.);
#1736=EDGE_CURVE('',#1424,#1423,#1165,.T.);
#1737=EDGE_CURVE('',#1425,#1424,#1166,.T.);
#1738=EDGE_CURVE('',#1426,#1425,#1167,.T.);
#1739=EDGE_CURVE('',#1427,#1426,#1168,.T.);
#1740=EDGE_CURVE('',#1428,#1427,#1169,.T.);
#1741=EDGE_CURVE('',#1429,#1428,#1170,.T.);
#1742=EDGE_CURVE('',#1430,#1429,#1171,.T.);
#1743=EDGE_CURVE('',#1416,#1430,#1172,.T.);
#1744=EDGE_CURVE('',#1431,#1431,#1173,.T.);
#1745=EDGE_CURVE('',#1432,#1432,#1174,.T.);
#1746=EDGE_CURVE('',#1433,#1433,#1175,.T.);
#1747=EDGE_CURVE('',#1434,#1434,#1176,.T.);
#1748=EDGE_CURVE('',#1435,#1435,#1177,.T.);
#1749=EDGE_CURVE('',#1436,#1436,#1178,.T.);
#1750=EDGE_CURVE('',#1437,#1437,#1179,.T.);
#1751=EDGE_CURVE('',#1438,#1438,#1180,.T.);
#1752=EDGE_CURVE('',#1439,#1439,#1181,.T.);
#1753=EDGE_CURVE('',#1440,#1440,#1182,.T.);
#1754=EDGE_CURVE('',#1441,#1441,#1183,.T.);
#1755=EDGE_CURVE('',#1287,#1442,#606,.T.);
#1756=EDGE_CURVE('',#1442,#1442,#1184,.T.);
#1757=EDGE_CURVE('',#1443,#1443,#1185,.T.);
#1758=EDGE_CURVE('',#1443,#1413,#607,.T.);
#1759=EDGE_CURVE('',#1443,#1444,#608,.T.);
#1760=EDGE_CURVE('',#1444,#1444,#1186,.T.);
#1761=EDGE_CURVE('',#1445,#1445,#1187,.T.);
#1762=EDGE_CURVE('',#1445,#1441,#609,.T.);
#1763=EDGE_CURVE('',#1445,#1446,#610,.T.);
#1764=EDGE_CURVE('',#1446,#1446,#1188,.T.);
#1765=EDGE_CURVE('',#1447,#1447,#1189,.T.);
#1766=EDGE_CURVE('',#1447,#1414,#611,.T.);
#1767=EDGE_CURVE('',#1447,#1448,#612,.T.);
#1768=EDGE_CURVE('',#1448,#1448,#1190,.T.);
#1769=EDGE_CURVE('',#1440,#1449,#613,.T.);
#1770=EDGE_CURVE('',#1449,#1449,#1191,.T.);
#1771=EDGE_CURVE('',#1439,#1450,#614,.T.);
#1772=EDGE_CURVE('',#1450,#1450,#1192,.T.);
#1773=EDGE_CURVE('',#1438,#1451,#615,.T.);
#1774=EDGE_CURVE('',#1451,#1451,#1193,.T.);
#1775=EDGE_CURVE('',#1437,#1452,#616,.T.);
#1776=EDGE_CURVE('',#1452,#1452,#1194,.T.);
#1777=EDGE_CURVE('',#1436,#1453,#617,.T.);
#1778=EDGE_CURVE('',#1453,#1453,#1195,.T.);
#1779=EDGE_CURVE('',#1435,#1454,#618,.T.);
#1780=EDGE_CURVE('',#1454,#1454,#1196,.T.);
#1781=EDGE_CURVE('',#1434,#1455,#619,.T.);
#1782=EDGE_CURVE('',#1455,#1455,#1197,.T.);
#1783=EDGE_CURVE('',#1433,#1456,#620,.T.);
#1784=EDGE_CURVE('',#1456,#1456,#1198,.T.);
#1785=EDGE_CURVE('',#1432,#1457,#621,.T.);
#1786=EDGE_CURVE('',#1457,#1457,#1199,.T.);
#1787=EDGE_CURVE('',#1431,#1458,#622,.T.);
#1788=EDGE_CURVE('',#1458,#1458,#1200,.T.);
#1789=EDGE_CURVE('',#1415,#1459,#623,.T.);
#1790=EDGE_CURVE('',#1460,#1459,#1201,.T.);
#1791=EDGE_CURVE('',#1417,#1460,#624,.T.);
#1792=EDGE_CURVE('',#1461,#1460,#1202,.T.);
#1793=EDGE_CURVE('',#1418,#1461,#625,.T.);
#1794=EDGE_CURVE('',#1462,#1461,#1203,.T.);
#1795=EDGE_CURVE('',#1419,#1462,#626,.T.);
#1796=EDGE_CURVE('',#1463,#1462,#1204,.T.);
#1797=EDGE_CURVE('',#1420,#1463,#627,.T.);
#1798=EDGE_CURVE('',#1464,#1463,#1205,.T.);
#1799=EDGE_CURVE('',#1421,#1464,#628,.T.);
#1800=EDGE_CURVE('',#1465,#1464,#1206,.T.);
#1801=EDGE_CURVE('',#1422,#1465,#629,.T.);
#1802=EDGE_CURVE('',#1466,#1465,#1207,.T.);
#1803=EDGE_CURVE('',#1423,#1466,#630,.T.);
#1804=EDGE_CURVE('',#1467,#1466,#1208,.T.);
#1805=EDGE_CURVE('',#1424,#1467,#631,.T.);
#1806=EDGE_CURVE('',#1468,#1467,#1209,.T.);
#1807=EDGE_CURVE('',#1425,#1468,#632,.T.);
#1808=EDGE_CURVE('',#1469,#1468,#1210,.T.);
#1809=EDGE_CURVE('',#1426,#1469,#633,.T.);
#1810=EDGE_CURVE('',#1470,#1469,#1211,.T.);
#1811=EDGE_CURVE('',#1427,#1470,#634,.T.);
#1812=EDGE_CURVE('',#1471,#1470,#1212,.T.);
#1813=EDGE_CURVE('',#1428,#1471,#635,.T.);
#1814=EDGE_CURVE('',#1472,#1471,#1213,.T.);
#1815=EDGE_CURVE('',#1429,#1472,#636,.T.);
#1816=EDGE_CURVE('',#1473,#1472,#1214,.T.);
#1817=EDGE_CURVE('',#1430,#1473,#637,.T.);
#1818=EDGE_CURVE('',#1474,#1473,#1215,.T.);
#1819=EDGE_CURVE('',#1416,#1474,#638,.T.);
#1820=EDGE_CURVE('',#1459,#1474,#1216,.T.);
#1821=EDGE_CURVE('',#1289,#1475,#639,.T.);
#1822=EDGE_CURVE('',#1476,#1475,#1217,.T.);
#1823=EDGE_CURVE('',#1291,#1476,#640,.T.);
#1824=EDGE_CURVE('',#1477,#1476,#1218,.T.);
#1825=EDGE_CURVE('',#1292,#1477,#641,.T.);
#1826=EDGE_CURVE('',#1478,#1477,#642,.T.);
#1827=EDGE_CURVE('',#1293,#1478,#643,.T.);
#1828=EDGE_CURVE('',#1479,#1478,#1219,.T.);
#1829=EDGE_CURVE('',#1294,#1479,#644,.T.);
#1830=EDGE_CURVE('',#1480,#1479,#645,.T.);
#1831=EDGE_CURVE('',#1295,#1480,#646,.T.);
#1832=EDGE_CURVE('',#1481,#1480,#1220,.T.);
#1833=EDGE_CURVE('',#1296,#1481,#647,.T.);
#1834=EDGE_CURVE('',#1482,#1481,#648,.T.);
#1835=EDGE_CURVE('',#1297,#1482,#649,.T.);
#1836=EDGE_CURVE('',#1483,#1482,#1221,.T.);
#1837=EDGE_CURVE('',#1298,#1483,#650,.T.);
#1838=EDGE_CURVE('',#1484,#1483,#651,.T.);
#1839=EDGE_CURVE('',#1299,#1484,#652,.T.);
#1840=EDGE_CURVE('',#1485,#1484,#1222,.T.);
#1841=EDGE_CURVE('',#1300,#1485,#653,.T.);
#1842=EDGE_CURVE('',#1486,#1485,#654,.T.);
#1843=EDGE_CURVE('',#1301,#1486,#655,.T.);
#1844=EDGE_CURVE('',#1487,#1486,#1223,.T.);
#1845=EDGE_CURVE('',#1302,#1487,#656,.T.);
#1846=EDGE_CURVE('',#1488,#1487,#657,.T.);
#1847=EDGE_CURVE('',#1303,#1488,#658,.T.);
#1848=EDGE_CURVE('',#1489,#1488,#1224,.T.);
#1849=EDGE_CURVE('',#1304,#1489,#659,.T.);
#1850=EDGE_CURVE('',#1490,#1489,#1225,.T.);
#1851=EDGE_CURVE('',#1305,#1490,#660,.T.);
#1852=EDGE_CURVE('',#1491,#1490,#1226,.T.);
#1853=EDGE_CURVE('',#1306,#1491,#661,.T.);
#1854=EDGE_CURVE('',#1492,#1491,#662,.T.);
#1855=EDGE_CURVE('',#1307,#1492,#663,.T.);
#1856=EDGE_CURVE('',#1493,#1492,#1227,.T.);
#1857=EDGE_CURVE('',#1308,#1493,#664,.T.);
#1858=EDGE_CURVE('',#1494,#1493,#665,.T.);
#1859=EDGE_CURVE('',#1309,#1494,#666,.T.);
#1860=EDGE_CURVE('',#1495,#1494,#1228,.T.);
#1861=EDGE_CURVE('',#1310,#1495,#667,.T.);
#1862=EDGE_CURVE('',#1496,#1495,#668,.T.);
#1863=EDGE_CURVE('',#1311,#1496,#669,.T.);
#1864=EDGE_CURVE('',#1497,#1496,#1229,.T.);
#1865=EDGE_CURVE('',#1312,#1497,#670,.T.);
#1866=EDGE_CURVE('',#1498,#1497,#671,.T.);
#1867=EDGE_CURVE('',#1313,#1498,#672,.T.);
#1868=EDGE_CURVE('',#1499,#1498,#1230,.T.);
#1869=EDGE_CURVE('',#1314,#1499,#673,.T.);
#1870=EDGE_CURVE('',#1500,#1499,#674,.T.);
#1871=EDGE_CURVE('',#1315,#1500,#675,.T.);
#1872=EDGE_CURVE('',#1501,#1500,#1231,.T.);
#1873=EDGE_CURVE('',#1316,#1501,#676,.T.);
#1874=EDGE_CURVE('',#1502,#1501,#677,.T.);
#1875=EDGE_CURVE('',#1317,#1502,#678,.T.);
#1876=EDGE_CURVE('',#1503,#1502,#1232,.T.);
#1877=EDGE_CURVE('',#1318,#1503,#679,.T.);
#1878=EDGE_CURVE('',#1504,#1503,#1233,.T.);
#1879=EDGE_CURVE('',#1319,#1504,#680,.T.);
#1880=EDGE_CURVE('',#1505,#1504,#1234,.T.);
#1881=EDGE_CURVE('',#1320,#1505,#681,.T.);
#1882=EDGE_CURVE('',#1506,#1505,#682,.T.);
#1883=EDGE_CURVE('',#1321,#1506,#683,.T.);
#1884=EDGE_CURVE('',#1507,#1506,#1235,.T.);
#1885=EDGE_CURVE('',#1322,#1507,#684,.T.);
#1886=EDGE_CURVE('',#1508,#1507,#685,.T.);
#1887=EDGE_CURVE('',#1323,#1508,#686,.T.);
#1888=EDGE_CURVE('',#1509,#1508,#1236,.T.);
#1889=EDGE_CURVE('',#1324,#1509,#687,.T.);
#1890=EDGE_CURVE('',#1510,#1509,#688,.T.);
#1891=EDGE_CURVE('',#1325,#1510,#689,.T.);
#1892=EDGE_CURVE('',#1511,#1510,#1237,.T.);
#1893=EDGE_CURVE('',#1326,#1511,#690,.T.);
#1894=EDGE_CURVE('',#1512,#1511,#691,.T.);
#1895=EDGE_CURVE('',#1327,#1512,#692,.T.);
#1896=EDGE_CURVE('',#1513,#1512,#1238,.T.);
#1897=EDGE_CURVE('',#1328,#1513,#693,.T.);
#1898=EDGE_CURVE('',#1514,#1513,#694,.T.);
#1899=EDGE_CURVE('',#1329,#1514,#695,.T.);
#1900=EDGE_CURVE('',#1515,#1514,#1239,.T.);
#1901=EDGE_CURVE('',#1330,#1515,#696,.T.);
#1902=EDGE_CURVE('',#1516,#1515,#1240,.T.);
#1903=EDGE_CURVE('',#1331,#1516,#697,.T.);
#1904=EDGE_CURVE('',#1517,#1516,#1241,.T.);
#1905=EDGE_CURVE('',#1332,#1517,#698,.T.);
#1906=EDGE_CURVE('',#1518,#1517,#699,.T.);
#1907=EDGE_CURVE('',#1333,#1518,#700,.T.);
#1908=EDGE_CURVE('',#1519,#1518,#1242,.T.);
#1909=EDGE_CURVE('',#1334,#1519,#701,.T.);
#1910=EDGE_CURVE('',#1520,#1519,#702,.T.);
#1911=EDGE_CURVE('',#1335,#1520,#703,.T.);
#1912=EDGE_CURVE('',#1521,#1520,#1243,.T.);
#1913=EDGE_CURVE('',#1336,#1521,#704,.T.);
#1914=EDGE_CURVE('',#1522,#1521,#705,.T.);
#1915=EDGE_CURVE('',#1337,#1522,#706,.T.);
#1916=EDGE_CURVE('',#1523,#1522,#1244,.T.);
#1917=EDGE_CURVE('',#1338,#1523,#707,.T.);
#1918=EDGE_CURVE('',#1524,#1523,#708,.T.);
#1919=EDGE_CURVE('',#1339,#1524,#709,.T.);
#1920=EDGE_CURVE('',#1525,#1524,#1245,.T.);
#1921=EDGE_CURVE('',#1340,#1525,#710,.T.);
#1922=EDGE_CURVE('',#1526,#1525,#711,.T.);
#1923=EDGE_CURVE('',#1341,#1526,#712,.T.);
#1924=EDGE_CURVE('',#1527,#1526,#1246,.T.);
#1925=EDGE_CURVE('',#1342,#1527,#713,.T.);
#1926=EDGE_CURVE('',#1528,#1527,#714,.T.);
#1927=EDGE_CURVE('',#1343,#1528,#715,.T.);
#1928=EDGE_CURVE('',#1529,#1528,#1247,.T.);
#1929=EDGE_CURVE('',#1344,#1529,#716,.T.);
#1930=EDGE_CURVE('',#1530,#1529,#717,.T.);
#1931=EDGE_CURVE('',#1345,#1530,#718,.T.);
#1932=EDGE_CURVE('',#1531,#1530,#1248,.T.);
#1933=EDGE_CURVE('',#1346,#1531,#719,.T.);
#1934=EDGE_CURVE('',#1532,#1531,#720,.T.);
#1935=EDGE_CURVE('',#1347,#1532,#721,.T.);
#1936=EDGE_CURVE('',#1533,#1532,#1249,.T.);
#1937=EDGE_CURVE('',#1348,#1533,#722,.T.);
#1938=EDGE_CURVE('',#1534,#1533,#723,.T.);
#1939=EDGE_CURVE('',#1349,#1534,#724,.T.);
#1940=EDGE_CURVE('',#1535,#1534,#1250,.T.);
#1941=EDGE_CURVE('',#1350,#1535,#725,.T.);
#1942=EDGE_CURVE('',#1536,#1535,#726,.T.);
#1943=EDGE_CURVE('',#1351,#1536,#727,.T.);
#1944=EDGE_CURVE('',#1537,#1536,#1251,.T.);
#1945=EDGE_CURVE('',#1352,#1537,#728,.T.);
#1946=EDGE_CURVE('',#1538,#1537,#729,.T.);
#1947=EDGE_CURVE('',#1353,#1538,#730,.T.);
#1948=EDGE_CURVE('',#1539,#1538,#1252,.T.);
#1949=EDGE_CURVE('',#1354,#1539,#731,.T.);
#1950=EDGE_CURVE('',#1540,#1539,#1253,.T.);
#1951=EDGE_CURVE('',#1355,#1540,#732,.T.);
#1952=EDGE_CURVE('',#1541,#1540,#1254,.T.);
#1953=EDGE_CURVE('',#1356,#1541,#733,.T.);
#1954=EDGE_CURVE('',#1542,#1541,#734,.T.);
#1955=EDGE_CURVE('',#1357,#1542,#735,.T.);
#1956=EDGE_CURVE('',#1543,#1542,#1255,.T.);
#1957=EDGE_CURVE('',#1358,#1543,#736,.T.);
#1958=EDGE_CURVE('',#1544,#1543,#737,.T.);
#1959=EDGE_CURVE('',#1359,#1544,#738,.T.);
#1960=EDGE_CURVE('',#1545,#1544,#1256,.T.);
#1961=EDGE_CURVE('',#1360,#1545,#739,.T.);
#1962=EDGE_CURVE('',#1546,#1545,#740,.T.);
#1963=EDGE_CURVE('',#1361,#1546,#741,.T.);
#1964=EDGE_CURVE('',#1547,#1546,#1257,.T.);
#1965=EDGE_CURVE('',#1362,#1547,#742,.T.);
#1966=EDGE_CURVE('',#1548,#1547,#743,.T.);
#1967=EDGE_CURVE('',#1363,#1548,#744,.T.);
#1968=EDGE_CURVE('',#1549,#1548,#1258,.T.);
#1969=EDGE_CURVE('',#1364,#1549,#745,.T.);
#1970=EDGE_CURVE('',#1550,#1549,#746,.T.);
#1971=EDGE_CURVE('',#1365,#1550,#747,.T.);
#1972=EDGE_CURVE('',#1551,#1550,#1259,.T.);
#1973=EDGE_CURVE('',#1366,#1551,#748,.T.);
#1974=EDGE_CURVE('',#1552,#1551,#1260,.T.);
#1975=EDGE_CURVE('',#1367,#1552,#749,.T.);
#1976=EDGE_CURVE('',#1553,#1552,#1261,.T.);
#1977=EDGE_CURVE('',#1368,#1553,#750,.T.);
#1978=EDGE_CURVE('',#1554,#1553,#751,.T.);
#1979=EDGE_CURVE('',#1369,#1554,#752,.T.);
#1980=EDGE_CURVE('',#1555,#1554,#1262,.T.);
#1981=EDGE_CURVE('',#1370,#1555,#753,.T.);
#1982=EDGE_CURVE('',#1556,#1555,#754,.T.);
#1983=EDGE_CURVE('',#1371,#1556,#755,.T.);
#1984=EDGE_CURVE('',#1557,#1556,#1263,.T.);
#1985=EDGE_CURVE('',#1372,#1557,#756,.T.);
#1986=EDGE_CURVE('',#1558,#1557,#757,.T.);
#1987=EDGE_CURVE('',#1373,#1558,#758,.T.);
#1988=EDGE_CURVE('',#1559,#1558,#1264,.T.);
#1989=EDGE_CURVE('',#1374,#1559,#759,.T.);
#1990=EDGE_CURVE('',#1560,#1559,#760,.T.);
#1991=EDGE_CURVE('',#1375,#1560,#761,.T.);
#1992=EDGE_CURVE('',#1561,#1560,#1265,.T.);
#1993=EDGE_CURVE('',#1376,#1561,#762,.T.);
#1994=EDGE_CURVE('',#1562,#1561,#763,.T.);
#1995=EDGE_CURVE('',#1377,#1562,#764,.T.);
#1996=EDGE_CURVE('',#1563,#1562,#1266,.T.);
#1997=EDGE_CURVE('',#1378,#1563,#765,.T.);
#1998=EDGE_CURVE('',#1564,#1563,#766,.T.);
#1999=EDGE_CURVE('',#1379,#1564,#767,.T.);
#2000=EDGE_CURVE('',#1565,#1564,#1267,.T.);
#2001=EDGE_CURVE('',#1380,#1565,#768,.T.);
#2002=EDGE_CURVE('',#1566,#1565,#1268,.T.);
#2003=EDGE_CURVE('',#1381,#1566,#769,.T.);
#2004=EDGE_CURVE('',#1567,#1566,#1269,.T.);
#2005=EDGE_CURVE('',#1382,#1567,#770,.T.);
#2006=EDGE_CURVE('',#1568,#1567,#771,.T.);
#2007=EDGE_CURVE('',#1383,#1568,#772,.T.);
#2008=EDGE_CURVE('',#1569,#1568,#1270,.T.);
#2009=EDGE_CURVE('',#1384,#1569,#773,.T.);
#2010=EDGE_CURVE('',#1570,#1569,#774,.T.);
#2011=EDGE_CURVE('',#1385,#1570,#775,.T.);
#2012=EDGE_CURVE('',#1571,#1570,#1271,.T.);
#2013=EDGE_CURVE('',#1386,#1571,#776,.T.);
#2014=EDGE_CURVE('',#1572,#1571,#777,.T.);
#2015=EDGE_CURVE('',#1387,#1572,#778,.T.);
#2016=EDGE_CURVE('',#1573,#1572,#1272,.T.);
#2017=EDGE_CURVE('',#1388,#1573,#779,.T.);
#2018=EDGE_CURVE('',#1574,#1573,#780,.T.);
#2019=EDGE_CURVE('',#1389,#1574,#781,.T.);
#2020=EDGE_CURVE('',#1575,#1574,#1273,.T.);
#2021=EDGE_CURVE('',#1390,#1575,#782,.T.);
#2022=EDGE_CURVE('',#1576,#1575,#783,.T.);
#2023=EDGE_CURVE('',#1391,#1576,#784,.T.);
#2024=EDGE_CURVE('',#1577,#1576,#1274,.T.);
#2025=EDGE_CURVE('',#1392,#1577,#785,.T.);
#2026=EDGE_CURVE('',#1578,#1577,#786,.T.);
#2027=EDGE_CURVE('',#1393,#1578,#787,.T.);
#2028=EDGE_CURVE('',#1579,#1578,#1275,.T.);
#2029=EDGE_CURVE('',#1394,#1579,#788,.T.);
#2030=EDGE_CURVE('',#1580,#1579,#1276,.T.);
#2031=EDGE_CURVE('',#1395,#1580,#789,.T.);
#2032=EDGE_CURVE('',#1581,#1580,#1277,.T.);
#2033=EDGE_CURVE('',#1396,#1581,#790,.T.);
#2034=EDGE_CURVE('',#1582,#1581,#791,.T.);
#2035=EDGE_CURVE('',#1397,#1582,#792,.T.);
#2036=EDGE_CURVE('',#1583,#1582,#1278,.T.);
#2037=EDGE_CURVE('',#1398,#1583,#793,.T.);
#2038=EDGE_CURVE('',#1584,#1583,#794,.T.);
#2039=EDGE_CURVE('',#1399,#1584,#795,.T.);
#2040=EDGE_CURVE('',#1585,#1584,#1279,.T.);
#2041=EDGE_CURVE('',#1400,#1585,#796,.T.);
#2042=EDGE_CURVE('',#1586,#1585,#797,.T.);
#2043=EDGE_CURVE('',#1401,#1586,#798,.T.);
#2044=EDGE_CURVE('',#1587,#1586,#1280,.T.);
#2045=EDGE_CURVE('',#1402,#1587,#799,.T.);
#2046=EDGE_CURVE('',#1588,#1587,#800,.T.);
#2047=EDGE_CURVE('',#1403,#1588,#801,.T.);
#2048=EDGE_CURVE('',#1589,#1588,#1281,.T.);
#2049=EDGE_CURVE('',#1404,#1589,#802,.T.);
#2050=EDGE_CURVE('',#1590,#1589,#803,.T.);
#2051=EDGE_CURVE('',#1405,#1590,#804,.T.);
#2052=EDGE_CURVE('',#1591,#1590,#1282,.T.);
#2053=EDGE_CURVE('',#1406,#1591,#805,.T.);
#2054=EDGE_CURVE('',#1592,#1591,#806,.T.);
#2055=EDGE_CURVE('',#1407,#1592,#807,.T.);
#2056=EDGE_CURVE('',#1593,#1592,#1283,.T.);
#2057=EDGE_CURVE('',#1408,#1593,#808,.T.);
#2058=EDGE_CURVE('',#1594,#1593,#809,.T.);
#2059=EDGE_CURVE('',#1409,#1594,#810,.T.);
#2060=EDGE_CURVE('',#1595,#1594,#1284,.T.);
#2061=EDGE_CURVE('',#1410,#1595,#811,.T.);
#2062=EDGE_CURVE('',#1596,#1595,#812,.T.);
#2063=EDGE_CURVE('',#1411,#1596,#813,.T.);
#2064=EDGE_CURVE('',#1597,#1596,#1285,.T.);
#2065=EDGE_CURVE('',#1412,#1597,#814,.T.);
#2066=EDGE_CURVE('',#1598,#1597,#815,.T.);
#2067=EDGE_CURVE('',#1290,#1598,#816,.T.);
#2068=EDGE_CURVE('',#1475,#1598,#1286,.T.);
#2069=ORIENTED_EDGE('',*,*,#1599,.T.);
#2070=ORIENTED_EDGE('',*,*,#1600,.T.);
#2071=ORIENTED_EDGE('',*,*,#1601,.T.);
#2072=ORIENTED_EDGE('',*,*,#1600,.F.);
#2073=ORIENTED_EDGE('',*,*,#1602,.F.);
#2074=ORIENTED_EDGE('',*,*,#1603,.T.);
#2075=ORIENTED_EDGE('',*,*,#1604,.F.);
#2076=ORIENTED_EDGE('',*,*,#1605,.F.);
#2077=ORIENTED_EDGE('',*,*,#1606,.F.);
#2078=ORIENTED_EDGE('',*,*,#1607,.T.);
#2079=ORIENTED_EDGE('',*,*,#1608,.T.);
#2080=ORIENTED_EDGE('',*,*,#1609,.F.);
#2081=ORIENTED_EDGE('',*,*,#1610,.T.);
#2082=ORIENTED_EDGE('',*,*,#1611,.F.);
#2083=ORIENTED_EDGE('',*,*,#1612,.F.);
#2084=ORIENTED_EDGE('',*,*,#1613,.T.);
#2085=ORIENTED_EDGE('',*,*,#1614,.F.);
#2086=ORIENTED_EDGE('',*,*,#1615,.F.);
#2087=ORIENTED_EDGE('',*,*,#1616,.F.);
#2088=ORIENTED_EDGE('',*,*,#1617,.T.);
#2089=ORIENTED_EDGE('',*,*,#1618,.F.);
#2090=ORIENTED_EDGE('',*,*,#1619,.T.);
#2091=ORIENTED_EDGE('',*,*,#1620,.F.);
#2092=ORIENTED_EDGE('',*,*,#1621,.F.);
#2093=ORIENTED_EDGE('',*,*,#1622,.F.);
#2094=ORIENTED_EDGE('',*,*,#1623,.T.);
#2095=ORIENTED_EDGE('',*,*,#1624,.T.);
#2096=ORIENTED_EDGE('',*,*,#1625,.T.);
#2097=ORIENTED_EDGE('',*,*,#1626,.T.);
#2098=ORIENTED_EDGE('',*,*,#1627,.F.);
#2099=ORIENTED_EDGE('',*,*,#1628,.F.);
#2100=ORIENTED_EDGE('',*,*,#1629,.T.);
#2101=ORIENTED_EDGE('',*,*,#1630,.F.);
#2102=ORIENTED_EDGE('',*,*,#1631,.T.);
#2103=ORIENTED_EDGE('',*,*,#1632,.F.);
#2104=ORIENTED_EDGE('',*,*,#1633,.T.);
#2105=ORIENTED_EDGE('',*,*,#1634,.F.);
#2106=ORIENTED_EDGE('',*,*,#1635,.T.);
#2107=ORIENTED_EDGE('',*,*,#1636,.F.);
#2108=ORIENTED_EDGE('',*,*,#1637,.F.);
#2109=ORIENTED_EDGE('',*,*,#1638,.F.);
#2110=ORIENTED_EDGE('',*,*,#1639,.F.);
#2111=ORIENTED_EDGE('',*,*,#1640,.F.);
#2112=ORIENTED_EDGE('',*,*,#1641,.F.);
#2113=ORIENTED_EDGE('',*,*,#1642,.F.);
#2114=ORIENTED_EDGE('',*,*,#1643,.T.);
#2115=ORIENTED_EDGE('',*,*,#1644,.F.);
#2116=ORIENTED_EDGE('',*,*,#1645,.T.);
#2117=ORIENTED_EDGE('',*,*,#1646,.F.);
#2118=ORIENTED_EDGE('',*,*,#1647,.T.);
#2119=ORIENTED_EDGE('',*,*,#1648,.F.);
#2120=ORIENTED_EDGE('',*,*,#1649,.F.);
#2121=ORIENTED_EDGE('',*,*,#1650,.T.);
#2122=ORIENTED_EDGE('',*,*,#1651,.F.);
#2123=ORIENTED_EDGE('',*,*,#1652,.F.);
#2124=ORIENTED_EDGE('',*,*,#1653,.T.);
#2125=ORIENTED_EDGE('',*,*,#1654,.T.);
#2126=ORIENTED_EDGE('',*,*,#1655,.F.);
#2127=ORIENTED_EDGE('',*,*,#1656,.T.);
#2128=ORIENTED_EDGE('',*,*,#1657,.F.);
#2129=ORIENTED_EDGE('',*,*,#1658,.F.);
#2130=ORIENTED_EDGE('',*,*,#1659,.T.);
#2131=ORIENTED_EDGE('',*,*,#1660,.T.);
#2132=ORIENTED_EDGE('',*,*,#1661,.T.);
#2133=ORIENTED_EDGE('',*,*,#1662,.F.);
#2134=ORIENTED_EDGE('',*,*,#1663,.F.);
#2135=ORIENTED_EDGE('',*,*,#1664,.F.);
#2136=ORIENTED_EDGE('',*,*,#1665,.F.);
#2137=ORIENTED_EDGE('',*,*,#1666,.F.);
#2138=ORIENTED_EDGE('',*,*,#1667,.T.);
#2139=ORIENTED_EDGE('',*,*,#1668,.F.);
#2140=ORIENTED_EDGE('',*,*,#1669,.T.);
#2141=ORIENTED_EDGE('',*,*,#1670,.F.);
#2142=ORIENTED_EDGE('',*,*,#1671,.T.);
#2143=ORIENTED_EDGE('',*,*,#1672,.F.);
#2144=ORIENTED_EDGE('',*,*,#1673,.T.);
#2145=ORIENTED_EDGE('',*,*,#1674,.F.);
#2146=ORIENTED_EDGE('',*,*,#1675,.F.);
#2147=ORIENTED_EDGE('',*,*,#1676,.F.);
#2148=ORIENTED_EDGE('',*,*,#1677,.F.);
#2149=ORIENTED_EDGE('',*,*,#1678,.F.);
#2150=ORIENTED_EDGE('',*,*,#1679,.T.);
#2151=ORIENTED_EDGE('',*,*,#1680,.F.);
#2152=ORIENTED_EDGE('',*,*,#1681,.F.);
#2153=ORIENTED_EDGE('',*,*,#1682,.F.);
#2154=ORIENTED_EDGE('',*,*,#1683,.T.);
#2155=ORIENTED_EDGE('',*,*,#1684,.T.);
#2156=ORIENTED_EDGE('',*,*,#1685,.F.);
#2157=ORIENTED_EDGE('',*,*,#1686,.T.);
#2158=ORIENTED_EDGE('',*,*,#1687,.F.);
#2159=ORIENTED_EDGE('',*,*,#1688,.F.);
#2160=ORIENTED_EDGE('',*,*,#1689,.T.);
#2161=ORIENTED_EDGE('',*,*,#1690,.F.);
#2162=ORIENTED_EDGE('',*,*,#1691,.F.);
#2163=ORIENTED_EDGE('',*,*,#1692,.F.);
#2164=ORIENTED_EDGE('',*,*,#1693,.T.);
#2165=ORIENTED_EDGE('',*,*,#1694,.F.);
#2166=ORIENTED_EDGE('',*,*,#1695,.T.);
#2167=ORIENTED_EDGE('',*,*,#1696,.F.);
#2168=ORIENTED_EDGE('',*,*,#1697,.F.);
#2169=ORIENTED_EDGE('',*,*,#1698,.F.);
#2170=ORIENTED_EDGE('',*,*,#1699,.T.);
#2171=ORIENTED_EDGE('',*,*,#1700,.T.);
#2172=ORIENTED_EDGE('',*,*,#1701,.T.);
#2173=ORIENTED_EDGE('',*,*,#1702,.T.);
#2174=ORIENTED_EDGE('',*,*,#1703,.F.);
#2175=ORIENTED_EDGE('',*,*,#1704,.F.);
#2176=ORIENTED_EDGE('',*,*,#1705,.T.);
#2177=ORIENTED_EDGE('',*,*,#1706,.F.);
#2178=ORIENTED_EDGE('',*,*,#1707,.T.);
#2179=ORIENTED_EDGE('',*,*,#1708,.F.);
#2180=ORIENTED_EDGE('',*,*,#1709,.T.);
#2181=ORIENTED_EDGE('',*,*,#1710,.F.);
#2182=ORIENTED_EDGE('',*,*,#1711,.T.);
#2183=ORIENTED_EDGE('',*,*,#1712,.F.);
#2184=ORIENTED_EDGE('',*,*,#1713,.F.);
#2185=ORIENTED_EDGE('',*,*,#1714,.F.);
#2186=ORIENTED_EDGE('',*,*,#1715,.F.);
#2187=ORIENTED_EDGE('',*,*,#1716,.T.);
#2188=ORIENTED_EDGE('',*,*,#1717,.F.);
#2189=ORIENTED_EDGE('',*,*,#1718,.T.);
#2190=ORIENTED_EDGE('',*,*,#1719,.T.);
#2191=ORIENTED_EDGE('',*,*,#1720,.F.);
#2192=ORIENTED_EDGE('',*,*,#1721,.F.);
#2193=ORIENTED_EDGE('',*,*,#1722,.F.);
#2194=ORIENTED_EDGE('',*,*,#1723,.F.);
#2195=ORIENTED_EDGE('',*,*,#1724,.F.);
#2196=ORIENTED_EDGE('',*,*,#1725,.F.);
#2197=ORIENTED_EDGE('',*,*,#1726,.F.);
#2198=ORIENTED_EDGE('',*,*,#1727,.F.);
#2199=ORIENTED_EDGE('',*,*,#1728,.F.);
#2200=ORIENTED_EDGE('',*,*,#1729,.F.);
#2201=ORIENTED_EDGE('',*,*,#1730,.F.);
#2202=ORIENTED_EDGE('',*,*,#1731,.F.);
#2203=ORIENTED_EDGE('',*,*,#1732,.F.);
#2204=ORIENTED_EDGE('',*,*,#1733,.F.);
#2205=ORIENTED_EDGE('',*,*,#1734,.F.);
#2206=ORIENTED_EDGE('',*,*,#1735,.F.);
#2207=ORIENTED_EDGE('',*,*,#1736,.F.);
#2208=ORIENTED_EDGE('',*,*,#1737,.F.);
#2209=ORIENTED_EDGE('',*,*,#1738,.F.);
#2210=ORIENTED_EDGE('',*,*,#1739,.F.);
#2211=ORIENTED_EDGE('',*,*,#1740,.F.);
#2212=ORIENTED_EDGE('',*,*,#1741,.F.);
#2213=ORIENTED_EDGE('',*,*,#1742,.F.);
#2214=ORIENTED_EDGE('',*,*,#1743,.F.);
#2215=ORIENTED_EDGE('',*,*,#1744,.F.);
#2216=ORIENTED_EDGE('',*,*,#1745,.F.);
#2217=ORIENTED_EDGE('',*,*,#1746,.F.);
#2218=ORIENTED_EDGE('',*,*,#1747,.F.);
#2219=ORIENTED_EDGE('',*,*,#1748,.F.);
#2220=ORIENTED_EDGE('',*,*,#1749,.F.);
#2221=ORIENTED_EDGE('',*,*,#1750,.F.);
#2222=ORIENTED_EDGE('',*,*,#1751,.F.);
#2223=ORIENTED_EDGE('',*,*,#1752,.F.);
#2224=ORIENTED_EDGE('',*,*,#1753,.F.);
#2225=ORIENTED_EDGE('',*,*,#1754,.F.);
#2226=ORIENTED_EDGE('',*,*,#1601,.F.);
#2227=ORIENTED_EDGE('',*,*,#1599,.F.);
#2228=ORIENTED_EDGE('',*,*,#1755,.T.);
#2229=ORIENTED_EDGE('',*,*,#1756,.F.);
#2230=ORIENTED_EDGE('',*,*,#1755,.F.);
#2231=ORIENTED_EDGE('',*,*,#1757,.T.);
#2232=ORIENTED_EDGE('',*,*,#1758,.T.);
#2233=ORIENTED_EDGE('',*,*,#1726,.T.);
#2234=ORIENTED_EDGE('',*,*,#1758,.F.);
#2235=ORIENTED_EDGE('',*,*,#1757,.F.);
#2236=ORIENTED_EDGE('',*,*,#1759,.T.);
#2237=ORIENTED_EDGE('',*,*,#1760,.F.);
#2238=ORIENTED_EDGE('',*,*,#1759,.F.);
#2239=ORIENTED_EDGE('',*,*,#1761,.T.);
#2240=ORIENTED_EDGE('',*,*,#1762,.T.);
#2241=ORIENTED_EDGE('',*,*,#1754,.T.);
#2242=ORIENTED_EDGE('',*,*,#1762,.F.);
#2243=ORIENTED_EDGE('',*,*,#1761,.F.);
#2244=ORIENTED_EDGE('',*,*,#1763,.T.);
#2245=ORIENTED_EDGE('',*,*,#1764,.F.);
#2246=ORIENTED_EDGE('',*,*,#1763,.F.);
#2247=ORIENTED_EDGE('',*,*,#1765,.T.);
#2248=ORIENTED_EDGE('',*,*,#1766,.T.);
#2249=ORIENTED_EDGE('',*,*,#1727,.T.);
#2250=ORIENTED_EDGE('',*,*,#1766,.F.);
#2251=ORIENTED_EDGE('',*,*,#1765,.F.);
#2252=ORIENTED_EDGE('',*,*,#1767,.T.);
#2253=ORIENTED_EDGE('',*,*,#1768,.F.);
#2254=ORIENTED_EDGE('',*,*,#1767,.F.);
#2255=ORIENTED_EDGE('',*,*,#1753,.T.);
#2256=ORIENTED_EDGE('',*,*,#1769,.T.);
#2257=ORIENTED_EDGE('',*,*,#1770,.F.);
#2258=ORIENTED_EDGE('',*,*,#1769,.F.);
#2259=ORIENTED_EDGE('',*,*,#1752,.T.);
#2260=ORIENTED_EDGE('',*,*,#1771,.T.);
#2261=ORIENTED_EDGE('',*,*,#1772,.F.);
#2262=ORIENTED_EDGE('',*,*,#1771,.F.);
#2263=ORIENTED_EDGE('',*,*,#1751,.T.);
#2264=ORIENTED_EDGE('',*,*,#1773,.T.);
#2265=ORIENTED_EDGE('',*,*,#1774,.F.);
#2266=ORIENTED_EDGE('',*,*,#1773,.F.);
#2267=ORIENTED_EDGE('',*,*,#1750,.T.);
#2268=ORIENTED_EDGE('',*,*,#1775,.T.);
#2269=ORIENTED_EDGE('',*,*,#1776,.F.);
#2270=ORIENTED_EDGE('',*,*,#1775,.F.);
#2271=ORIENTED_EDGE('',*,*,#1749,.T.);
#2272=ORIENTED_EDGE('',*,*,#1777,.T.);
#2273=ORIENTED_EDGE('',*,*,#1778,.F.);
#2274=ORIENTED_EDGE('',*,*,#1777,.F.);
#2275=ORIENTED_EDGE('',*,*,#1748,.T.);
#2276=ORIENTED_EDGE('',*,*,#1779,.T.);
#2277=ORIENTED_EDGE('',*,*,#1780,.F.);
#2278=ORIENTED_EDGE('',*,*,#1779,.F.);
#2279=ORIENTED_EDGE('',*,*,#1747,.T.);
#2280=ORIENTED_EDGE('',*,*,#1781,.T.);
#2281=ORIENTED_EDGE('',*,*,#1782,.F.);
#2282=ORIENTED_EDGE('',*,*,#1781,.F.);
#2283=ORIENTED_EDGE('',*,*,#1746,.T.);
#2284=ORIENTED_EDGE('',*,*,#1783,.T.);
#2285=ORIENTED_EDGE('',*,*,#1784,.F.);
#2286=ORIENTED_EDGE('',*,*,#1783,.F.);
#2287=ORIENTED_EDGE('',*,*,#1745,.T.);
#2288=ORIENTED_EDGE('',*,*,#1785,.T.);
#2289=ORIENTED_EDGE('',*,*,#1786,.F.);
#2290=ORIENTED_EDGE('',*,*,#1785,.F.);
#2291=ORIENTED_EDGE('',*,*,#1744,.T.);
#2292=ORIENTED_EDGE('',*,*,#1787,.T.);
#2293=ORIENTED_EDGE('',*,*,#1788,.F.);
#2294=ORIENTED_EDGE('',*,*,#1787,.F.);
#2295=ORIENTED_EDGE('',*,*,#1729,.T.);
#2296=ORIENTED_EDGE('',*,*,#1789,.T.);
#2297=ORIENTED_EDGE('',*,*,#1790,.F.);
#2298=ORIENTED_EDGE('',*,*,#1791,.F.);
#2299=ORIENTED_EDGE('',*,*,#1730,.T.);
#2300=ORIENTED_EDGE('',*,*,#1791,.T.);
#2301=ORIENTED_EDGE('',*,*,#1792,.F.);
#2302=ORIENTED_EDGE('',*,*,#1793,.F.);
#2303=ORIENTED_EDGE('',*,*,#1731,.T.);
#2304=ORIENTED_EDGE('',*,*,#1793,.T.);
#2305=ORIENTED_EDGE('',*,*,#1794,.F.);
#2306=ORIENTED_EDGE('',*,*,#1795,.F.);
#2307=ORIENTED_EDGE('',*,*,#1732,.T.);
#2308=ORIENTED_EDGE('',*,*,#1795,.T.);
#2309=ORIENTED_EDGE('',*,*,#1796,.F.);
#2310=ORIENTED_EDGE('',*,*,#1797,.F.);
#2311=ORIENTED_EDGE('',*,*,#1733,.T.);
#2312=ORIENTED_EDGE('',*,*,#1797,.T.);
#2313=ORIENTED_EDGE('',*,*,#1798,.F.);
#2314=ORIENTED_EDGE('',*,*,#1799,.F.);
#2315=ORIENTED_EDGE('',*,*,#1734,.T.);
#2316=ORIENTED_EDGE('',*,*,#1799,.T.);
#2317=ORIENTED_EDGE('',*,*,#1800,.F.);
#2318=ORIENTED_EDGE('',*,*,#1801,.F.);
#2319=ORIENTED_EDGE('',*,*,#1735,.T.);
#2320=ORIENTED_EDGE('',*,*,#1801,.T.);
#2321=ORIENTED_EDGE('',*,*,#1802,.F.);
#2322=ORIENTED_EDGE('',*,*,#1803,.F.);
#2323=ORIENTED_EDGE('',*,*,#1736,.T.);
#2324=ORIENTED_EDGE('',*,*,#1803,.T.);
#2325=ORIENTED_EDGE('',*,*,#1804,.F.);
#2326=ORIENTED_EDGE('',*,*,#1805,.F.);
#2327=ORIENTED_EDGE('',*,*,#1737,.T.);
#2328=ORIENTED_EDGE('',*,*,#1805,.T.);
#2329=ORIENTED_EDGE('',*,*,#1806,.F.);
#2330=ORIENTED_EDGE('',*,*,#1807,.F.);
#2331=ORIENTED_EDGE('',*,*,#1738,.T.);
#2332=ORIENTED_EDGE('',*,*,#1807,.T.);
#2333=ORIENTED_EDGE('',*,*,#1808,.F.);
#2334=ORIENTED_EDGE('',*,*,#1809,.F.);
#2335=ORIENTED_EDGE('',*,*,#1739,.T.);
#2336=ORIENTED_EDGE('',*,*,#1809,.T.);
#2337=ORIENTED_EDGE('',*,*,#1810,.F.);
#2338=ORIENTED_EDGE('',*,*,#1811,.F.);
#2339=ORIENTED_EDGE('',*,*,#1740,.T.);
#2340=ORIENTED_EDGE('',*,*,#1811,.T.);
#2341=ORIENTED_EDGE('',*,*,#1812,.F.);
#2342=ORIENTED_EDGE('',*,*,#1813,.F.);
#2343=ORIENTED_EDGE('',*,*,#1741,.T.);
#2344=ORIENTED_EDGE('',*,*,#1813,.T.);
#2345=ORIENTED_EDGE('',*,*,#1814,.F.);
#2346=ORIENTED_EDGE('',*,*,#1815,.F.);
#2347=ORIENTED_EDGE('',*,*,#1742,.T.);
#2348=ORIENTED_EDGE('',*,*,#1815,.T.);
#2349=ORIENTED_EDGE('',*,*,#1816,.F.);
#2350=ORIENTED_EDGE('',*,*,#1817,.F.);
#2351=ORIENTED_EDGE('',*,*,#1743,.T.);
#2352=ORIENTED_EDGE('',*,*,#1817,.T.);
#2353=ORIENTED_EDGE('',*,*,#1818,.F.);
#2354=ORIENTED_EDGE('',*,*,#1819,.F.);
#2355=ORIENTED_EDGE('',*,*,#1728,.T.);
#2356=ORIENTED_EDGE('',*,*,#1819,.T.);
#2357=ORIENTED_EDGE('',*,*,#1820,.F.);
#2358=ORIENTED_EDGE('',*,*,#1789,.F.);
#2359=ORIENTED_EDGE('',*,*,#1603,.F.);
#2360=ORIENTED_EDGE('',*,*,#1821,.T.);
#2361=ORIENTED_EDGE('',*,*,#1822,.F.);
#2362=ORIENTED_EDGE('',*,*,#1823,.F.);
#2363=ORIENTED_EDGE('',*,*,#1604,.T.);
#2364=ORIENTED_EDGE('',*,*,#1823,.T.);
#2365=ORIENTED_EDGE('',*,*,#1824,.F.);
#2366=ORIENTED_EDGE('',*,*,#1825,.F.);
#2367=ORIENTED_EDGE('',*,*,#1605,.T.);
#2368=ORIENTED_EDGE('',*,*,#1825,.T.);
#2369=ORIENTED_EDGE('',*,*,#1826,.F.);
#2370=ORIENTED_EDGE('',*,*,#1827,.F.);
#2371=ORIENTED_EDGE('',*,*,#1606,.T.);
#2372=ORIENTED_EDGE('',*,*,#1827,.T.);
#2373=ORIENTED_EDGE('',*,*,#1828,.F.);
#2374=ORIENTED_EDGE('',*,*,#1829,.F.);
#2375=ORIENTED_EDGE('',*,*,#1607,.F.);
#2376=ORIENTED_EDGE('',*,*,#1829,.T.);
#2377=ORIENTED_EDGE('',*,*,#1830,.F.);
#2378=ORIENTED_EDGE('',*,*,#1831,.F.);
#2379=ORIENTED_EDGE('',*,*,#1608,.F.);
#2380=ORIENTED_EDGE('',*,*,#1831,.T.);
#2381=ORIENTED_EDGE('',*,*,#1832,.F.);
#2382=ORIENTED_EDGE('',*,*,#1833,.F.);
#2383=ORIENTED_EDGE('',*,*,#1609,.T.);
#2384=ORIENTED_EDGE('',*,*,#1833,.T.);
#2385=ORIENTED_EDGE('',*,*,#1834,.F.);
#2386=ORIENTED_EDGE('',*,*,#1835,.F.);
#2387=ORIENTED_EDGE('',*,*,#1610,.F.);
#2388=ORIENTED_EDGE('',*,*,#1835,.T.);
#2389=ORIENTED_EDGE('',*,*,#1836,.F.);
#2390=ORIENTED_EDGE('',*,*,#1837,.F.);
#2391=ORIENTED_EDGE('',*,*,#1611,.T.);
#2392=ORIENTED_EDGE('',*,*,#1837,.T.);
#2393=ORIENTED_EDGE('',*,*,#1838,.F.);
#2394=ORIENTED_EDGE('',*,*,#1839,.F.);
#2395=ORIENTED_EDGE('',*,*,#1612,.T.);
#2396=ORIENTED_EDGE('',*,*,#1839,.T.);
#2397=ORIENTED_EDGE('',*,*,#1840,.F.);
#2398=ORIENTED_EDGE('',*,*,#1841,.F.);
#2399=ORIENTED_EDGE('',*,*,#1613,.F.);
#2400=ORIENTED_EDGE('',*,*,#1841,.T.);
#2401=ORIENTED_EDGE('',*,*,#1842,.F.);
#2402=ORIENTED_EDGE('',*,*,#1843,.F.);
#2403=ORIENTED_EDGE('',*,*,#1614,.T.);
#2404=ORIENTED_EDGE('',*,*,#1843,.T.);
#2405=ORIENTED_EDGE('',*,*,#1844,.F.);
#2406=ORIENTED_EDGE('',*,*,#1845,.F.);
#2407=ORIENTED_EDGE('',*,*,#1615,.T.);
#2408=ORIENTED_EDGE('',*,*,#1845,.T.);
#2409=ORIENTED_EDGE('',*,*,#1846,.F.);
#2410=ORIENTED_EDGE('',*,*,#1847,.F.);
#2411=ORIENTED_EDGE('',*,*,#1616,.T.);
#2412=ORIENTED_EDGE('',*,*,#1847,.T.);
#2413=ORIENTED_EDGE('',*,*,#1848,.F.);
#2414=ORIENTED_EDGE('',*,*,#1849,.F.);
#2415=ORIENTED_EDGE('',*,*,#1617,.F.);
#2416=ORIENTED_EDGE('',*,*,#1849,.T.);
#2417=ORIENTED_EDGE('',*,*,#1850,.F.);
#2418=ORIENTED_EDGE('',*,*,#1851,.F.);
#2419=ORIENTED_EDGE('',*,*,#1618,.T.);
#2420=ORIENTED_EDGE('',*,*,#1851,.T.);
#2421=ORIENTED_EDGE('',*,*,#1852,.F.);
#2422=ORIENTED_EDGE('',*,*,#1853,.F.);
#2423=ORIENTED_EDGE('',*,*,#1619,.F.);
#2424=ORIENTED_EDGE('',*,*,#1853,.T.);
#2425=ORIENTED_EDGE('',*,*,#1854,.F.);
#2426=ORIENTED_EDGE('',*,*,#1855,.F.);
#2427=ORIENTED_EDGE('',*,*,#1620,.T.);
#2428=ORIENTED_EDGE('',*,*,#1855,.T.);
#2429=ORIENTED_EDGE('',*,*,#1856,.F.);
#2430=ORIENTED_EDGE('',*,*,#1857,.F.);
#2431=ORIENTED_EDGE('',*,*,#1621,.T.);
#2432=ORIENTED_EDGE('',*,*,#1857,.T.);
#2433=ORIENTED_EDGE('',*,*,#1858,.F.);
#2434=ORIENTED_EDGE('',*,*,#1859,.F.);
#2435=ORIENTED_EDGE('',*,*,#1622,.T.);
#2436=ORIENTED_EDGE('',*,*,#1859,.T.);
#2437=ORIENTED_EDGE('',*,*,#1860,.F.);
#2438=ORIENTED_EDGE('',*,*,#1861,.F.);
#2439=ORIENTED_EDGE('',*,*,#1623,.F.);
#2440=ORIENTED_EDGE('',*,*,#1861,.T.);
#2441=ORIENTED_EDGE('',*,*,#1862,.F.);
#2442=ORIENTED_EDGE('',*,*,#1863,.F.);
#2443=ORIENTED_EDGE('',*,*,#1624,.F.);
#2444=ORIENTED_EDGE('',*,*,#1863,.T.);
#2445=ORIENTED_EDGE('',*,*,#1864,.F.);
#2446=ORIENTED_EDGE('',*,*,#1865,.F.);
#2447=ORIENTED_EDGE('',*,*,#1625,.F.);
#2448=ORIENTED_EDGE('',*,*,#1865,.T.);
#2449=ORIENTED_EDGE('',*,*,#1866,.F.);
#2450=ORIENTED_EDGE('',*,*,#1867,.F.);
#2451=ORIENTED_EDGE('',*,*,#1626,.F.);
#2452=ORIENTED_EDGE('',*,*,#1867,.T.);
#2453=ORIENTED_EDGE('',*,*,#1868,.F.);
#2454=ORIENTED_EDGE('',*,*,#1869,.F.);
#2455=ORIENTED_EDGE('',*,*,#1627,.T.);
#2456=ORIENTED_EDGE('',*,*,#1869,.T.);
#2457=ORIENTED_EDGE('',*,*,#1870,.F.);
#2458=ORIENTED_EDGE('',*,*,#1871,.F.);
#2459=ORIENTED_EDGE('',*,*,#1628,.T.);
#2460=ORIENTED_EDGE('',*,*,#1871,.T.);
#2461=ORIENTED_EDGE('',*,*,#1872,.F.);
#2462=ORIENTED_EDGE('',*,*,#1873,.F.);
#2463=ORIENTED_EDGE('',*,*,#1629,.F.);
#2464=ORIENTED_EDGE('',*,*,#1873,.T.);
#2465=ORIENTED_EDGE('',*,*,#1874,.F.);
#2466=ORIENTED_EDGE('',*,*,#1875,.F.);
#2467=ORIENTED_EDGE('',*,*,#1630,.T.);
#2468=ORIENTED_EDGE('',*,*,#1875,.T.);
#2469=ORIENTED_EDGE('',*,*,#1876,.F.);
#2470=ORIENTED_EDGE('',*,*,#1877,.F.);
#2471=ORIENTED_EDGE('',*,*,#1631,.F.);
#2472=ORIENTED_EDGE('',*,*,#1877,.T.);
#2473=ORIENTED_EDGE('',*,*,#1878,.F.);
#2474=ORIENTED_EDGE('',*,*,#1879,.F.);
#2475=ORIENTED_EDGE('',*,*,#1632,.T.);
#2476=ORIENTED_EDGE('',*,*,#1879,.T.);
#2477=ORIENTED_EDGE('',*,*,#1880,.F.);
#2478=ORIENTED_EDGE('',*,*,#1881,.F.);
#2479=ORIENTED_EDGE('',*,*,#1633,.F.);
#2480=ORIENTED_EDGE('',*,*,#1881,.T.);
#2481=ORIENTED_EDGE('',*,*,#1882,.F.);
#2482=ORIENTED_EDGE('',*,*,#1883,.F.);
#2483=ORIENTED_EDGE('',*,*,#1634,.T.);
#2484=ORIENTED_EDGE('',*,*,#1883,.T.);
#2485=ORIENTED_EDGE('',*,*,#1884,.F.);
#2486=ORIENTED_EDGE('',*,*,#1885,.F.);
#2487=ORIENTED_EDGE('',*,*,#1635,.F.);
#2488=ORIENTED_EDGE('',*,*,#1885,.T.);
#2489=ORIENTED_EDGE('',*,*,#1886,.F.);
#2490=ORIENTED_EDGE('',*,*,#1887,.F.);
#2491=ORIENTED_EDGE('',*,*,#1636,.T.);
#2492=ORIENTED_EDGE('',*,*,#1887,.T.);
#2493=ORIENTED_EDGE('',*,*,#1888,.F.);
#2494=ORIENTED_EDGE('',*,*,#1889,.F.);
#2495=ORIENTED_EDGE('',*,*,#1637,.T.);
#2496=ORIENTED_EDGE('',*,*,#1889,.T.);
#2497=ORIENTED_EDGE('',*,*,#1890,.F.);
#2498=ORIENTED_EDGE('',*,*,#1891,.F.);
#2499=ORIENTED_EDGE('',*,*,#1638,.T.);
#2500=ORIENTED_EDGE('',*,*,#1891,.T.);
#2501=ORIENTED_EDGE('',*,*,#1892,.F.);
#2502=ORIENTED_EDGE('',*,*,#1893,.F.);
#2503=ORIENTED_EDGE('',*,*,#1639,.T.);
#2504=ORIENTED_EDGE('',*,*,#1893,.T.);
#2505=ORIENTED_EDGE('',*,*,#1894,.F.);
#2506=ORIENTED_EDGE('',*,*,#1895,.F.);
#2507=ORIENTED_EDGE('',*,*,#1640,.T.);
#2508=ORIENTED_EDGE('',*,*,#1895,.T.);
#2509=ORIENTED_EDGE('',*,*,#1896,.F.);
#2510=ORIENTED_EDGE('',*,*,#1897,.F.);
#2511=ORIENTED_EDGE('',*,*,#1641,.T.);
#2512=ORIENTED_EDGE('',*,*,#1897,.T.);
#2513=ORIENTED_EDGE('',*,*,#1898,.F.);
#2514=ORIENTED_EDGE('',*,*,#1899,.F.);
#2515=ORIENTED_EDGE('',*,*,#1642,.T.);
#2516=ORIENTED_EDGE('',*,*,#1899,.T.);
#2517=ORIENTED_EDGE('',*,*,#1900,.F.);
#2518=ORIENTED_EDGE('',*,*,#1901,.F.);
#2519=ORIENTED_EDGE('',*,*,#1643,.F.);
#2520=ORIENTED_EDGE('',*,*,#1901,.T.);
#2521=ORIENTED_EDGE('',*,*,#1902,.F.);
#2522=ORIENTED_EDGE('',*,*,#1903,.F.);
#2523=ORIENTED_EDGE('',*,*,#1644,.T.);
#2524=ORIENTED_EDGE('',*,*,#1903,.T.);
#2525=ORIENTED_EDGE('',*,*,#1904,.F.);
#2526=ORIENTED_EDGE('',*,*,#1905,.F.);
#2527=ORIENTED_EDGE('',*,*,#1645,.F.);
#2528=ORIENTED_EDGE('',*,*,#1905,.T.);
#2529=ORIENTED_EDGE('',*,*,#1906,.F.);
#2530=ORIENTED_EDGE('',*,*,#1907,.F.);
#2531=ORIENTED_EDGE('',*,*,#1646,.T.);
#2532=ORIENTED_EDGE('',*,*,#1907,.T.);
#2533=ORIENTED_EDGE('',*,*,#1908,.F.);
#2534=ORIENTED_EDGE('',*,*,#1909,.F.);
#2535=ORIENTED_EDGE('',*,*,#1647,.F.);
#2536=ORIENTED_EDGE('',*,*,#1909,.T.);
#2537=ORIENTED_EDGE('',*,*,#1910,.F.);
#2538=ORIENTED_EDGE('',*,*,#1911,.F.);
#2539=ORIENTED_EDGE('',*,*,#1648,.T.);
#2540=ORIENTED_EDGE('',*,*,#1911,.T.);
#2541=ORIENTED_EDGE('',*,*,#1912,.F.);
#2542=ORIENTED_EDGE('',*,*,#1913,.F.);
#2543=ORIENTED_EDGE('',*,*,#1649,.T.);
#2544=ORIENTED_EDGE('',*,*,#1913,.T.);
#2545=ORIENTED_EDGE('',*,*,#1914,.F.);
#2546=ORIENTED_EDGE('',*,*,#1915,.F.);
#2547=ORIENTED_EDGE('',*,*,#1650,.F.);
#2548=ORIENTED_EDGE('',*,*,#1915,.T.);
#2549=ORIENTED_EDGE('',*,*,#1916,.F.);
#2550=ORIENTED_EDGE('',*,*,#1917,.F.);
#2551=ORIENTED_EDGE('',*,*,#1651,.T.);
#2552=ORIENTED_EDGE('',*,*,#1917,.T.);
#2553=ORIENTED_EDGE('',*,*,#1918,.F.);
#2554=ORIENTED_EDGE('',*,*,#1919,.F.);
#2555=ORIENTED_EDGE('',*,*,#1652,.T.);
#2556=ORIENTED_EDGE('',*,*,#1919,.T.);
#2557=ORIENTED_EDGE('',*,*,#1920,.F.);
#2558=ORIENTED_EDGE('',*,*,#1921,.F.);
#2559=ORIENTED_EDGE('',*,*,#1653,.F.);
#2560=ORIENTED_EDGE('',*,*,#1921,.T.);
#2561=ORIENTED_EDGE('',*,*,#1922,.F.);
#2562=ORIENTED_EDGE('',*,*,#1923,.F.);
#2563=ORIENTED_EDGE('',*,*,#1654,.F.);
#2564=ORIENTED_EDGE('',*,*,#1923,.T.);
#2565=ORIENTED_EDGE('',*,*,#1924,.F.);
#2566=ORIENTED_EDGE('',*,*,#1925,.F.);
#2567=ORIENTED_EDGE('',*,*,#1655,.T.);
#2568=ORIENTED_EDGE('',*,*,#1925,.T.);
#2569=ORIENTED_EDGE('',*,*,#1926,.F.);
#2570=ORIENTED_EDGE('',*,*,#1927,.F.);
#2571=ORIENTED_EDGE('',*,*,#1656,.F.);
#2572=ORIENTED_EDGE('',*,*,#1927,.T.);
#2573=ORIENTED_EDGE('',*,*,#1928,.F.);
#2574=ORIENTED_EDGE('',*,*,#1929,.F.);
#2575=ORIENTED_EDGE('',*,*,#1657,.T.);
#2576=ORIENTED_EDGE('',*,*,#1929,.T.);
#2577=ORIENTED_EDGE('',*,*,#1930,.F.);
#2578=ORIENTED_EDGE('',*,*,#1931,.F.);
#2579=ORIENTED_EDGE('',*,*,#1658,.T.);
#2580=ORIENTED_EDGE('',*,*,#1931,.T.);
#2581=ORIENTED_EDGE('',*,*,#1932,.F.);
#2582=ORIENTED_EDGE('',*,*,#1933,.F.);
#2583=ORIENTED_EDGE('',*,*,#1659,.F.);
#2584=ORIENTED_EDGE('',*,*,#1933,.T.);
#2585=ORIENTED_EDGE('',*,*,#1934,.F.);
#2586=ORIENTED_EDGE('',*,*,#1935,.F.);
#2587=ORIENTED_EDGE('',*,*,#1660,.F.);
#2588=ORIENTED_EDGE('',*,*,#1935,.T.);
#2589=ORIENTED_EDGE('',*,*,#1936,.F.);
#2590=ORIENTED_EDGE('',*,*,#1937,.F.);
#2591=ORIENTED_EDGE('',*,*,#1661,.F.);
#2592=ORIENTED_EDGE('',*,*,#1937,.T.);
#2593=ORIENTED_EDGE('',*,*,#1938,.F.);
#2594=ORIENTED_EDGE('',*,*,#1939,.F.);
#2595=ORIENTED_EDGE('',*,*,#1662,.T.);
#2596=ORIENTED_EDGE('',*,*,#1939,.T.);
#2597=ORIENTED_EDGE('',*,*,#1940,.F.);
#2598=ORIENTED_EDGE('',*,*,#1941,.F.);
#2599=ORIENTED_EDGE('',*,*,#1663,.T.);
#2600=ORIENTED_EDGE('',*,*,#1941,.T.);
#2601=ORIENTED_EDGE('',*,*,#1942,.F.);
#2602=ORIENTED_EDGE('',*,*,#1943,.F.);
#2603=ORIENTED_EDGE('',*,*,#1664,.T.);
#2604=ORIENTED_EDGE('',*,*,#1943,.T.);
#2605=ORIENTED_EDGE('',*,*,#1944,.F.);
#2606=ORIENTED_EDGE('',*,*,#1945,.F.);
#2607=ORIENTED_EDGE('',*,*,#1665,.T.);
#2608=ORIENTED_EDGE('',*,*,#1945,.T.);
#2609=ORIENTED_EDGE('',*,*,#1946,.F.);
#2610=ORIENTED_EDGE('',*,*,#1947,.F.);
#2611=ORIENTED_EDGE('',*,*,#1666,.T.);
#2612=ORIENTED_EDGE('',*,*,#1947,.T.);
#2613=ORIENTED_EDGE('',*,*,#1948,.F.);
#2614=ORIENTED_EDGE('',*,*,#1949,.F.);
#2615=ORIENTED_EDGE('',*,*,#1667,.F.);
#2616=ORIENTED_EDGE('',*,*,#1949,.T.);
#2617=ORIENTED_EDGE('',*,*,#1950,.F.);
#2618=ORIENTED_EDGE('',*,*,#1951,.F.);
#2619=ORIENTED_EDGE('',*,*,#1668,.T.);
#2620=ORIENTED_EDGE('',*,*,#1951,.T.);
#2621=ORIENTED_EDGE('',*,*,#1952,.F.);
#2622=ORIENTED_EDGE('',*,*,#1953,.F.);
#2623=ORIENTED_EDGE('',*,*,#1669,.F.);
#2624=ORIENTED_EDGE('',*,*,#1953,.T.);
#2625=ORIENTED_EDGE('',*,*,#1954,.F.);
#2626=ORIENTED_EDGE('',*,*,#1955,.F.);
#2627=ORIENTED_EDGE('',*,*,#1670,.T.);
#2628=ORIENTED_EDGE('',*,*,#1955,.T.);
#2629=ORIENTED_EDGE('',*,*,#1956,.F.);
#2630=ORIENTED_EDGE('',*,*,#1957,.F.);
#2631=ORIENTED_EDGE('',*,*,#1671,.F.);
#2632=ORIENTED_EDGE('',*,*,#1957,.T.);
#2633=ORIENTED_EDGE('',*,*,#1958,.F.);
#2634=ORIENTED_EDGE('',*,*,#1959,.F.);
#2635=ORIENTED_EDGE('',*,*,#1672,.T.);
#2636=ORIENTED_EDGE('',*,*,#1959,.T.);
#2637=ORIENTED_EDGE('',*,*,#1960,.F.);
#2638=ORIENTED_EDGE('',*,*,#1961,.F.);
#2639=ORIENTED_EDGE('',*,*,#1673,.F.);
#2640=ORIENTED_EDGE('',*,*,#1961,.T.);
#2641=ORIENTED_EDGE('',*,*,#1962,.F.);
#2642=ORIENTED_EDGE('',*,*,#1963,.F.);
#2643=ORIENTED_EDGE('',*,*,#1674,.T.);
#2644=ORIENTED_EDGE('',*,*,#1963,.T.);
#2645=ORIENTED_EDGE('',*,*,#1964,.F.);
#2646=ORIENTED_EDGE('',*,*,#1965,.F.);
#2647=ORIENTED_EDGE('',*,*,#1675,.T.);
#2648=ORIENTED_EDGE('',*,*,#1965,.T.);
#2649=ORIENTED_EDGE('',*,*,#1966,.F.);
#2650=ORIENTED_EDGE('',*,*,#1967,.F.);
#2651=ORIENTED_EDGE('',*,*,#1676,.T.);
#2652=ORIENTED_EDGE('',*,*,#1967,.T.);
#2653=ORIENTED_EDGE('',*,*,#1968,.F.);
#2654=ORIENTED_EDGE('',*,*,#1969,.F.);
#2655=ORIENTED_EDGE('',*,*,#1677,.T.);
#2656=ORIENTED_EDGE('',*,*,#1969,.T.);
#2657=ORIENTED_EDGE('',*,*,#1970,.F.);
#2658=ORIENTED_EDGE('',*,*,#1971,.F.);
#2659=ORIENTED_EDGE('',*,*,#1678,.T.);
#2660=ORIENTED_EDGE('',*,*,#1971,.T.);
#2661=ORIENTED_EDGE('',*,*,#1972,.F.);
#2662=ORIENTED_EDGE('',*,*,#1973,.F.);
#2663=ORIENTED_EDGE('',*,*,#1679,.F.);
#2664=ORIENTED_EDGE('',*,*,#1973,.T.);
#2665=ORIENTED_EDGE('',*,*,#1974,.F.);
#2666=ORIENTED_EDGE('',*,*,#1975,.F.);
#2667=ORIENTED_EDGE('',*,*,#1680,.T.);
#2668=ORIENTED_EDGE('',*,*,#1975,.T.);
#2669=ORIENTED_EDGE('',*,*,#1976,.F.);
#2670=ORIENTED_EDGE('',*,*,#1977,.F.);
#2671=ORIENTED_EDGE('',*,*,#1681,.T.);
#2672=ORIENTED_EDGE('',*,*,#1977,.T.);
#2673=ORIENTED_EDGE('',*,*,#1978,.F.);
#2674=ORIENTED_EDGE('',*,*,#1979,.F.);
#2675=ORIENTED_EDGE('',*,*,#1682,.T.);
#2676=ORIENTED_EDGE('',*,*,#1979,.T.);
#2677=ORIENTED_EDGE('',*,*,#1980,.F.);
#2678=ORIENTED_EDGE('',*,*,#1981,.F.);
#2679=ORIENTED_EDGE('',*,*,#1683,.F.);
#2680=ORIENTED_EDGE('',*,*,#1981,.T.);
#2681=ORIENTED_EDGE('',*,*,#1982,.F.);
#2682=ORIENTED_EDGE('',*,*,#1983,.F.);
#2683=ORIENTED_EDGE('',*,*,#1684,.F.);
#2684=ORIENTED_EDGE('',*,*,#1983,.T.);
#2685=ORIENTED_EDGE('',*,*,#1984,.F.);
#2686=ORIENTED_EDGE('',*,*,#1985,.F.);
#2687=ORIENTED_EDGE('',*,*,#1685,.T.);
#2688=ORIENTED_EDGE('',*,*,#1985,.T.);
#2689=ORIENTED_EDGE('',*,*,#1986,.F.);
#2690=ORIENTED_EDGE('',*,*,#1987,.F.);
#2691=ORIENTED_EDGE('',*,*,#1686,.F.);
#2692=ORIENTED_EDGE('',*,*,#1987,.T.);
#2693=ORIENTED_EDGE('',*,*,#1988,.F.);
#2694=ORIENTED_EDGE('',*,*,#1989,.F.);
#2695=ORIENTED_EDGE('',*,*,#1687,.T.);
#2696=ORIENTED_EDGE('',*,*,#1989,.T.);
#2697=ORIENTED_EDGE('',*,*,#1990,.F.);
#2698=ORIENTED_EDGE('',*,*,#1991,.F.);
#2699=ORIENTED_EDGE('',*,*,#1688,.T.);
#2700=ORIENTED_EDGE('',*,*,#1991,.T.);
#2701=ORIENTED_EDGE('',*,*,#1992,.F.);
#2702=ORIENTED_EDGE('',*,*,#1993,.F.);
#2703=ORIENTED_EDGE('',*,*,#1689,.F.);
#2704=ORIENTED_EDGE('',*,*,#1993,.T.);
#2705=ORIENTED_EDGE('',*,*,#1994,.F.);
#2706=ORIENTED_EDGE('',*,*,#1995,.F.);
#2707=ORIENTED_EDGE('',*,*,#1690,.T.);
#2708=ORIENTED_EDGE('',*,*,#1995,.T.);
#2709=ORIENTED_EDGE('',*,*,#1996,.F.);
#2710=ORIENTED_EDGE('',*,*,#1997,.F.);
#2711=ORIENTED_EDGE('',*,*,#1691,.T.);
#2712=ORIENTED_EDGE('',*,*,#1997,.T.);
#2713=ORIENTED_EDGE('',*,*,#1998,.F.);
#2714=ORIENTED_EDGE('',*,*,#1999,.F.);
#2715=ORIENTED_EDGE('',*,*,#1692,.T.);
#2716=ORIENTED_EDGE('',*,*,#1999,.T.);
#2717=ORIENTED_EDGE('',*,*,#2000,.F.);
#2718=ORIENTED_EDGE('',*,*,#2001,.F.);
#2719=ORIENTED_EDGE('',*,*,#1693,.F.);
#2720=ORIENTED_EDGE('',*,*,#2001,.T.);
#2721=ORIENTED_EDGE('',*,*,#2002,.F.);
#2722=ORIENTED_EDGE('',*,*,#2003,.F.);
#2723=ORIENTED_EDGE('',*,*,#1694,.T.);
#2724=ORIENTED_EDGE('',*,*,#2003,.T.);
#2725=ORIENTED_EDGE('',*,*,#2004,.F.);
#2726=ORIENTED_EDGE('',*,*,#2005,.F.);
#2727=ORIENTED_EDGE('',*,*,#1695,.F.);
#2728=ORIENTED_EDGE('',*,*,#2005,.T.);
#2729=ORIENTED_EDGE('',*,*,#2006,.F.);
#2730=ORIENTED_EDGE('',*,*,#2007,.F.);
#2731=ORIENTED_EDGE('',*,*,#1696,.T.);
#2732=ORIENTED_EDGE('',*,*,#2007,.T.);
#2733=ORIENTED_EDGE('',*,*,#2008,.F.);
#2734=ORIENTED_EDGE('',*,*,#2009,.F.);
#2735=ORIENTED_EDGE('',*,*,#1697,.T.);
#2736=ORIENTED_EDGE('',*,*,#2009,.T.);
#2737=ORIENTED_EDGE('',*,*,#2010,.F.);
#2738=ORIENTED_EDGE('',*,*,#2011,.F.);
#2739=ORIENTED_EDGE('',*,*,#1698,.T.);
#2740=ORIENTED_EDGE('',*,*,#2011,.T.);
#2741=ORIENTED_EDGE('',*,*,#2012,.F.);
#2742=ORIENTED_EDGE('',*,*,#2013,.F.);
#2743=ORIENTED_EDGE('',*,*,#1699,.F.);
#2744=ORIENTED_EDGE('',*,*,#2013,.T.);
#2745=ORIENTED_EDGE('',*,*,#2014,.F.);
#2746=ORIENTED_EDGE('',*,*,#2015,.F.);
#2747=ORIENTED_EDGE('',*,*,#1700,.F.);
#2748=ORIENTED_EDGE('',*,*,#2015,.T.);
#2749=ORIENTED_EDGE('',*,*,#2016,.F.);
#2750=ORIENTED_EDGE('',*,*,#2017,.F.);
#2751=ORIENTED_EDGE('',*,*,#1701,.F.);
#2752=ORIENTED_EDGE('',*,*,#2017,.T.);
#2753=ORIENTED_EDGE('',*,*,#2018,.F.);
#2754=ORIENTED_EDGE('',*,*,#2019,.F.);
#2755=ORIENTED_EDGE('',*,*,#1702,.F.);
#2756=ORIENTED_EDGE('',*,*,#2019,.T.);
#2757=ORIENTED_EDGE('',*,*,#2020,.F.);
#2758=ORIENTED_EDGE('',*,*,#2021,.F.);
#2759=ORIENTED_EDGE('',*,*,#1703,.T.);
#2760=ORIENTED_EDGE('',*,*,#2021,.T.);
#2761=ORIENTED_EDGE('',*,*,#2022,.F.);
#2762=ORIENTED_EDGE('',*,*,#2023,.F.);
#2763=ORIENTED_EDGE('',*,*,#1704,.T.);
#2764=ORIENTED_EDGE('',*,*,#2023,.T.);
#2765=ORIENTED_EDGE('',*,*,#2024,.F.);
#2766=ORIENTED_EDGE('',*,*,#2025,.F.);
#2767=ORIENTED_EDGE('',*,*,#1705,.F.);
#2768=ORIENTED_EDGE('',*,*,#2025,.T.);
#2769=ORIENTED_EDGE('',*,*,#2026,.F.);
#2770=ORIENTED_EDGE('',*,*,#2027,.F.);
#2771=ORIENTED_EDGE('',*,*,#1706,.T.);
#2772=ORIENTED_EDGE('',*,*,#2027,.T.);
#2773=ORIENTED_EDGE('',*,*,#2028,.F.);
#2774=ORIENTED_EDGE('',*,*,#2029,.F.);
#2775=ORIENTED_EDGE('',*,*,#1707,.F.);
#2776=ORIENTED_EDGE('',*,*,#2029,.T.);
#2777=ORIENTED_EDGE('',*,*,#2030,.F.);
#2778=ORIENTED_EDGE('',*,*,#2031,.F.);
#2779=ORIENTED_EDGE('',*,*,#1708,.T.);
#2780=ORIENTED_EDGE('',*,*,#2031,.T.);
#2781=ORIENTED_EDGE('',*,*,#2032,.F.);
#2782=ORIENTED_EDGE('',*,*,#2033,.F.);
#2783=ORIENTED_EDGE('',*,*,#1709,.F.);
#2784=ORIENTED_EDGE('',*,*,#2033,.T.);
#2785=ORIENTED_EDGE('',*,*,#2034,.F.);
#2786=ORIENTED_EDGE('',*,*,#2035,.F.);
#2787=ORIENTED_EDGE('',*,*,#1710,.T.);
#2788=ORIENTED_EDGE('',*,*,#2035,.T.);
#2789=ORIENTED_EDGE('',*,*,#2036,.F.);
#2790=ORIENTED_EDGE('',*,*,#2037,.F.);
#2791=ORIENTED_EDGE('',*,*,#1711,.F.);
#2792=ORIENTED_EDGE('',*,*,#2037,.T.);
#2793=ORIENTED_EDGE('',*,*,#2038,.F.);
#2794=ORIENTED_EDGE('',*,*,#2039,.F.);
#2795=ORIENTED_EDGE('',*,*,#1712,.T.);
#2796=ORIENTED_EDGE('',*,*,#2039,.T.);
#2797=ORIENTED_EDGE('',*,*,#2040,.F.);
#2798=ORIENTED_EDGE('',*,*,#2041,.F.);
#2799=ORIENTED_EDGE('',*,*,#1713,.T.);
#2800=ORIENTED_EDGE('',*,*,#2041,.T.);
#2801=ORIENTED_EDGE('',*,*,#2042,.F.);
#2802=ORIENTED_EDGE('',*,*,#2043,.F.);
#2803=ORIENTED_EDGE('',*,*,#1714,.T.);
#2804=ORIENTED_EDGE('',*,*,#2043,.T.);
#2805=ORIENTED_EDGE('',*,*,#2044,.F.);
#2806=ORIENTED_EDGE('',*,*,#2045,.F.);
#2807=ORIENTED_EDGE('',*,*,#1715,.T.);
#2808=ORIENTED_EDGE('',*,*,#2045,.T.);
#2809=ORIENTED_EDGE('',*,*,#2046,.F.);
#2810=ORIENTED_EDGE('',*,*,#2047,.F.);
#2811=ORIENTED_EDGE('',*,*,#1716,.F.);
#2812=ORIENTED_EDGE('',*,*,#2047,.T.);
#2813=ORIENTED_EDGE('',*,*,#2048,.F.);
#2814=ORIENTED_EDGE('',*,*,#2049,.F.);
#2815=ORIENTED_EDGE('',*,*,#1717,.T.);
#2816=ORIENTED_EDGE('',*,*,#2049,.T.);
#2817=ORIENTED_EDGE('',*,*,#2050,.F.);
#2818=ORIENTED_EDGE('',*,*,#2051,.F.);
#2819=ORIENTED_EDGE('',*,*,#1718,.F.);
#2820=ORIENTED_EDGE('',*,*,#2051,.T.);
#2821=ORIENTED_EDGE('',*,*,#2052,.F.);
#2822=ORIENTED_EDGE('',*,*,#2053,.F.);
#2823=ORIENTED_EDGE('',*,*,#1719,.F.);
#2824=ORIENTED_EDGE('',*,*,#2053,.T.);
#2825=ORIENTED_EDGE('',*,*,#2054,.F.);
#2826=ORIENTED_EDGE('',*,*,#2055,.F.);
#2827=ORIENTED_EDGE('',*,*,#1720,.T.);
#2828=ORIENTED_EDGE('',*,*,#2055,.T.);
#2829=ORIENTED_EDGE('',*,*,#2056,.F.);
#2830=ORIENTED_EDGE('',*,*,#2057,.F.);
#2831=ORIENTED_EDGE('',*,*,#1721,.T.);
#2832=ORIENTED_EDGE('',*,*,#2057,.T.);
#2833=ORIENTED_EDGE('',*,*,#2058,.F.);
#2834=ORIENTED_EDGE('',*,*,#2059,.F.);
#2835=ORIENTED_EDGE('',*,*,#1722,.T.);
#2836=ORIENTED_EDGE('',*,*,#2059,.T.);
#2837=ORIENTED_EDGE('',*,*,#2060,.F.);
#2838=ORIENTED_EDGE('',*,*,#2061,.F.);
#2839=ORIENTED_EDGE('',*,*,#1723,.T.);
#2840=ORIENTED_EDGE('',*,*,#2061,.T.);
#2841=ORIENTED_EDGE('',*,*,#2062,.F.);
#2842=ORIENTED_EDGE('',*,*,#2063,.F.);
#2843=ORIENTED_EDGE('',*,*,#1724,.T.);
#2844=ORIENTED_EDGE('',*,*,#2063,.T.);
#2845=ORIENTED_EDGE('',*,*,#2064,.F.);
#2846=ORIENTED_EDGE('',*,*,#2065,.F.);
#2847=ORIENTED_EDGE('',*,*,#1725,.T.);
#2848=ORIENTED_EDGE('',*,*,#2065,.T.);
#2849=ORIENTED_EDGE('',*,*,#2066,.F.);
#2850=ORIENTED_EDGE('',*,*,#2067,.F.);
#2851=ORIENTED_EDGE('',*,*,#1602,.T.);
#2852=ORIENTED_EDGE('',*,*,#2067,.T.);
#2853=ORIENTED_EDGE('',*,*,#2068,.F.);
#2854=ORIENTED_EDGE('',*,*,#1821,.F.);
#2855=ORIENTED_EDGE('',*,*,#2068,.T.);
#2856=ORIENTED_EDGE('',*,*,#2066,.T.);
#2857=ORIENTED_EDGE('',*,*,#2064,.T.);
#2858=ORIENTED_EDGE('',*,*,#2062,.T.);
#2859=ORIENTED_EDGE('',*,*,#2060,.T.);
#2860=ORIENTED_EDGE('',*,*,#2058,.T.);
#2861=ORIENTED_EDGE('',*,*,#2056,.T.);
#2862=ORIENTED_EDGE('',*,*,#2054,.T.);
#2863=ORIENTED_EDGE('',*,*,#2052,.T.);
#2864=ORIENTED_EDGE('',*,*,#2050,.T.);
#2865=ORIENTED_EDGE('',*,*,#2048,.T.);
#2866=ORIENTED_EDGE('',*,*,#2046,.T.);
#2867=ORIENTED_EDGE('',*,*,#2044,.T.);
#2868=ORIENTED_EDGE('',*,*,#2042,.T.);
#2869=ORIENTED_EDGE('',*,*,#2040,.T.);
#2870=ORIENTED_EDGE('',*,*,#2038,.T.);
#2871=ORIENTED_EDGE('',*,*,#2036,.T.);
#2872=ORIENTED_EDGE('',*,*,#2034,.T.);
#2873=ORIENTED_EDGE('',*,*,#2032,.T.);
#2874=ORIENTED_EDGE('',*,*,#2030,.T.);
#2875=ORIENTED_EDGE('',*,*,#2028,.T.);
#2876=ORIENTED_EDGE('',*,*,#2026,.T.);
#2877=ORIENTED_EDGE('',*,*,#2024,.T.);
#2878=ORIENTED_EDGE('',*,*,#2022,.T.);
#2879=ORIENTED_EDGE('',*,*,#2020,.T.);
#2880=ORIENTED_EDGE('',*,*,#2018,.T.);
#2881=ORIENTED_EDGE('',*,*,#2016,.T.);
#2882=ORIENTED_EDGE('',*,*,#2014,.T.);
#2883=ORIENTED_EDGE('',*,*,#2012,.T.);
#2884=ORIENTED_EDGE('',*,*,#2010,.T.);
#2885=ORIENTED_EDGE('',*,*,#2008,.T.);
#2886=ORIENTED_EDGE('',*,*,#2006,.T.);
#2887=ORIENTED_EDGE('',*,*,#2004,.T.);
#2888=ORIENTED_EDGE('',*,*,#2002,.T.);
#2889=ORIENTED_EDGE('',*,*,#2000,.T.);
#2890=ORIENTED_EDGE('',*,*,#1998,.T.);
#2891=ORIENTED_EDGE('',*,*,#1996,.T.);
#2892=ORIENTED_EDGE('',*,*,#1994,.T.);
#2893=ORIENTED_EDGE('',*,*,#1992,.T.);
#2894=ORIENTED_EDGE('',*,*,#1990,.T.);
#2895=ORIENTED_EDGE('',*,*,#1988,.T.);
#2896=ORIENTED_EDGE('',*,*,#1986,.T.);
#2897=ORIENTED_EDGE('',*,*,#1984,.T.);
#2898=ORIENTED_EDGE('',*,*,#1982,.T.);
#2899=ORIENTED_EDGE('',*,*,#1980,.T.);
#2900=ORIENTED_EDGE('',*,*,#1978,.T.);
#2901=ORIENTED_EDGE('',*,*,#1976,.T.);
#2902=ORIENTED_EDGE('',*,*,#1974,.T.);
#2903=ORIENTED_EDGE('',*,*,#1972,.T.);
#2904=ORIENTED_EDGE('',*,*,#1970,.T.);
#2905=ORIENTED_EDGE('',*,*,#1968,.T.);
#2906=ORIENTED_EDGE('',*,*,#1966,.T.);
#2907=ORIENTED_EDGE('',*,*,#1964,.T.);
#2908=ORIENTED_EDGE('',*,*,#1962,.T.);
#2909=ORIENTED_EDGE('',*,*,#1960,.T.);
#2910=ORIENTED_EDGE('',*,*,#1958,.T.);
#2911=ORIENTED_EDGE('',*,*,#1956,.T.);
#2912=ORIENTED_EDGE('',*,*,#1954,.T.);
#2913=ORIENTED_EDGE('',*,*,#1952,.T.);
#2914=ORIENTED_EDGE('',*,*,#1950,.T.);
#2915=ORIENTED_EDGE('',*,*,#1948,.T.);
#2916=ORIENTED_EDGE('',*,*,#1946,.T.);
#2917=ORIENTED_EDGE('',*,*,#1944,.T.);
#2918=ORIENTED_EDGE('',*,*,#1942,.T.);
#2919=ORIENTED_EDGE('',*,*,#1940,.T.);
#2920=ORIENTED_EDGE('',*,*,#1938,.T.);
#2921=ORIENTED_EDGE('',*,*,#1936,.T.);
#2922=ORIENTED_EDGE('',*,*,#1934,.T.);
#2923=ORIENTED_EDGE('',*,*,#1932,.T.);
#2924=ORIENTED_EDGE('',*,*,#1930,.T.);
#2925=ORIENTED_EDGE('',*,*,#1928,.T.);
#2926=ORIENTED_EDGE('',*,*,#1926,.T.);
#2927=ORIENTED_EDGE('',*,*,#1924,.T.);
#2928=ORIENTED_EDGE('',*,*,#1922,.T.);
#2929=ORIENTED_EDGE('',*,*,#1920,.T.);
#2930=ORIENTED_EDGE('',*,*,#1918,.T.);
#2931=ORIENTED_EDGE('',*,*,#1916,.T.);
#2932=ORIENTED_EDGE('',*,*,#1914,.T.);
#2933=ORIENTED_EDGE('',*,*,#1912,.T.);
#2934=ORIENTED_EDGE('',*,*,#1910,.T.);
#2935=ORIENTED_EDGE('',*,*,#1908,.T.);
#2936=ORIENTED_EDGE('',*,*,#1906,.T.);
#2937=ORIENTED_EDGE('',*,*,#1904,.T.);
#2938=ORIENTED_EDGE('',*,*,#1902,.T.);
#2939=ORIENTED_EDGE('',*,*,#1900,.T.);
#2940=ORIENTED_EDGE('',*,*,#1898,.T.);
#2941=ORIENTED_EDGE('',*,*,#1896,.T.);
#2942=ORIENTED_EDGE('',*,*,#1894,.T.);
#2943=ORIENTED_EDGE('',*,*,#1892,.T.);
#2944=ORIENTED_EDGE('',*,*,#1890,.T.);
#2945=ORIENTED_EDGE('',*,*,#1888,.T.);
#2946=ORIENTED_EDGE('',*,*,#1886,.T.);
#2947=ORIENTED_EDGE('',*,*,#1884,.T.);
#2948=ORIENTED_EDGE('',*,*,#1882,.T.);
#2949=ORIENTED_EDGE('',*,*,#1880,.T.);
#2950=ORIENTED_EDGE('',*,*,#1878,.T.);
#2951=ORIENTED_EDGE('',*,*,#1876,.T.);
#2952=ORIENTED_EDGE('',*,*,#1874,.T.);
#2953=ORIENTED_EDGE('',*,*,#1872,.T.);
#2954=ORIENTED_EDGE('',*,*,#1870,.T.);
#2955=ORIENTED_EDGE('',*,*,#1868,.T.);
#2956=ORIENTED_EDGE('',*,*,#1866,.T.);
#2957=ORIENTED_EDGE('',*,*,#1864,.T.);
#2958=ORIENTED_EDGE('',*,*,#1862,.T.);
#2959=ORIENTED_EDGE('',*,*,#1860,.T.);
#2960=ORIENTED_EDGE('',*,*,#1858,.T.);
#2961=ORIENTED_EDGE('',*,*,#1856,.T.);
#2962=ORIENTED_EDGE('',*,*,#1854,.T.);
#2963=ORIENTED_EDGE('',*,*,#1852,.T.);
#2964=ORIENTED_EDGE('',*,*,#1850,.T.);
#2965=ORIENTED_EDGE('',*,*,#1848,.T.);
#2966=ORIENTED_EDGE('',*,*,#1846,.T.);
#2967=ORIENTED_EDGE('',*,*,#1844,.T.);
#2968=ORIENTED_EDGE('',*,*,#1842,.T.);
#2969=ORIENTED_EDGE('',*,*,#1840,.T.);
#2970=ORIENTED_EDGE('',*,*,#1838,.T.);
#2971=ORIENTED_EDGE('',*,*,#1836,.T.);
#2972=ORIENTED_EDGE('',*,*,#1834,.T.);
#2973=ORIENTED_EDGE('',*,*,#1832,.T.);
#2974=ORIENTED_EDGE('',*,*,#1830,.T.);
#2975=ORIENTED_EDGE('',*,*,#1828,.T.);
#2976=ORIENTED_EDGE('',*,*,#1826,.T.);
#2977=ORIENTED_EDGE('',*,*,#1824,.T.);
#2978=ORIENTED_EDGE('',*,*,#1822,.T.);
#2979=ORIENTED_EDGE('',*,*,#1820,.T.);
#2980=ORIENTED_EDGE('',*,*,#1818,.T.);
#2981=ORIENTED_EDGE('',*,*,#1816,.T.);
#2982=ORIENTED_EDGE('',*,*,#1814,.T.);
#2983=ORIENTED_EDGE('',*,*,#1812,.T.);
#2984=ORIENTED_EDGE('',*,*,#1810,.T.);
#2985=ORIENTED_EDGE('',*,*,#1808,.T.);
#2986=ORIENTED_EDGE('',*,*,#1806,.T.);
#2987=ORIENTED_EDGE('',*,*,#1804,.T.);
#2988=ORIENTED_EDGE('',*,*,#1802,.T.);
#2989=ORIENTED_EDGE('',*,*,#1800,.T.);
#2990=ORIENTED_EDGE('',*,*,#1798,.T.);
#2991=ORIENTED_EDGE('',*,*,#1796,.T.);
#2992=ORIENTED_EDGE('',*,*,#1794,.T.);
#2993=ORIENTED_EDGE('',*,*,#1792,.T.);
#2994=ORIENTED_EDGE('',*,*,#1790,.T.);
#2995=ORIENTED_EDGE('',*,*,#1788,.T.);
#2996=ORIENTED_EDGE('',*,*,#1768,.T.);
#2997=ORIENTED_EDGE('',*,*,#1756,.T.);
#2998=ORIENTED_EDGE('',*,*,#1786,.T.);
#2999=ORIENTED_EDGE('',*,*,#1784,.T.);
#3000=ORIENTED_EDGE('',*,*,#1782,.T.);
#3001=ORIENTED_EDGE('',*,*,#1760,.T.);
#3002=ORIENTED_EDGE('',*,*,#1764,.T.);
#3003=ORIENTED_EDGE('',*,*,#1780,.T.);
#3004=ORIENTED_EDGE('',*,*,#1778,.T.);
#3005=ORIENTED_EDGE('',*,*,#1776,.T.);
#3006=ORIENTED_EDGE('',*,*,#1774,.T.);
#3007=ORIENTED_EDGE('',*,*,#1772,.T.);
#3008=ORIENTED_EDGE('',*,*,#1770,.T.);
#3009=CONICAL_SURFACE('',#3187,2.29999999999995,0.785398163397447);
#3010=CONICAL_SURFACE('',#3292,2.29999999999995,0.785398163397447);
#3011=CONICAL_SURFACE('',#3296,2.29999999999995,0.785398163397447);
#3012=CONICAL_SURFACE('',#3300,2.29999999999995,0.785398163397447);
#3013=ADVANCED_FACE('',(#201),#3009,.F.);
#3014=ADVANCED_FACE('',(#202,#115,#116,#117,#118,#119,#120,#121,#122,#123,
#124,#125,#126,#127,#128,#129),#145,.F.);
#3015=ADVANCED_FACE('',(#203),#15,.F.);
#3016=ADVANCED_FACE('',(#204),#3010,.F.);
#3017=ADVANCED_FACE('',(#205),#16,.F.);
#3018=ADVANCED_FACE('',(#206),#3011,.F.);
#3019=ADVANCED_FACE('',(#207),#17,.F.);
#3020=ADVANCED_FACE('',(#208),#3012,.F.);
#3021=ADVANCED_FACE('',(#209),#18,.F.);
#3022=ADVANCED_FACE('',(#210),#19,.F.);
#3023=ADVANCED_FACE('',(#211),#20,.F.);
#3024=ADVANCED_FACE('',(#212),#21,.F.);
#3025=ADVANCED_FACE('',(#213),#22,.F.);
#3026=ADVANCED_FACE('',(#214),#23,.F.);
#3027=ADVANCED_FACE('',(#215),#24,.F.);
#3028=ADVANCED_FACE('',(#216),#25,.F.);
#3029=ADVANCED_FACE('',(#217),#26,.F.);
#3030=ADVANCED_FACE('',(#218),#27,.F.);
#3031=ADVANCED_FACE('',(#219),#28,.F.);
#3032=ADVANCED_FACE('',(#220),#29,.T.);
#3033=ADVANCED_FACE('',(#221),#30,.F.);
#3034=ADVANCED_FACE('',(#222),#31,.T.);
#3035=ADVANCED_FACE('',(#223),#32,.F.);
#3036=ADVANCED_FACE('',(#224),#33,.T.);
#3037=ADVANCED_FACE('',(#225),#34,.F.);
#3038=ADVANCED_FACE('',(#226),#35,.T.);
#3039=ADVANCED_FACE('',(#227),#36,.F.);
#3040=ADVANCED_FACE('',(#228),#37,.T.);
#3041=ADVANCED_FACE('',(#229),#38,.F.);
#3042=ADVANCED_FACE('',(#230),#39,.T.);
#3043=ADVANCED_FACE('',(#231),#40,.F.);
#3044=ADVANCED_FACE('',(#232),#41,.T.);
#3045=ADVANCED_FACE('',(#233),#42,.F.);
#3046=ADVANCED_FACE('',(#234),#43,.T.);
#3047=ADVANCED_FACE('',(#235),#44,.F.);
#3048=ADVANCED_FACE('',(#236),#45,.F.);
#3049=ADVANCED_FACE('',(#237),#46,.T.);
#3050=ADVANCED_FACE('',(#238),#146,.T.);
#3051=ADVANCED_FACE('',(#239),#47,.T.);
#3052=ADVANCED_FACE('',(#240),#147,.T.);
#3053=ADVANCED_FACE('',(#241),#48,.F.);
#3054=ADVANCED_FACE('',(#242),#148,.T.);
#3055=ADVANCED_FACE('',(#243),#49,.F.);
#3056=ADVANCED_FACE('',(#244),#149,.T.);
#3057=ADVANCED_FACE('',(#245),#50,.T.);
#3058=ADVANCED_FACE('',(#246),#150,.T.);
#3059=ADVANCED_FACE('',(#247),#51,.T.);
#3060=ADVANCED_FACE('',(#248),#151,.T.);
#3061=ADVANCED_FACE('',(#249),#52,.T.);
#3062=ADVANCED_FACE('',(#250),#53,.F.);
#3063=ADVANCED_FACE('',(#251),#54,.T.);
#3064=ADVANCED_FACE('',(#252),#152,.T.);
#3065=ADVANCED_FACE('',(#253),#55,.T.);
#3066=ADVANCED_FACE('',(#254),#153,.T.);
#3067=ADVANCED_FACE('',(#255),#56,.T.);
#3068=ADVANCED_FACE('',(#256),#154,.T.);
#3069=ADVANCED_FACE('',(#257),#57,.F.);
#3070=ADVANCED_FACE('',(#258),#155,.T.);
#3071=ADVANCED_FACE('',(#259),#58,.F.);
#3072=ADVANCED_FACE('',(#260),#156,.T.);
#3073=ADVANCED_FACE('',(#261),#59,.T.);
#3074=ADVANCED_FACE('',(#262),#157,.T.);
#3075=ADVANCED_FACE('',(#263),#60,.T.);
#3076=ADVANCED_FACE('',(#264),#61,.F.);
#3077=ADVANCED_FACE('',(#265),#62,.T.);
#3078=ADVANCED_FACE('',(#266),#158,.T.);
#3079=ADVANCED_FACE('',(#267),#63,.T.);
#3080=ADVANCED_FACE('',(#268),#159,.T.);
#3081=ADVANCED_FACE('',(#269),#64,.T.);
#3082=ADVANCED_FACE('',(#270),#160,.T.);
#3083=ADVANCED_FACE('',(#271),#65,.T.);
#3084=ADVANCED_FACE('',(#272),#161,.T.);
#3085=ADVANCED_FACE('',(#273),#66,.T.);
#3086=ADVANCED_FACE('',(#274),#162,.T.);
#3087=ADVANCED_FACE('',(#275),#67,.T.);
#3088=ADVANCED_FACE('',(#276),#68,.F.);
#3089=ADVANCED_FACE('',(#277),#69,.T.);
#3090=ADVANCED_FACE('',(#278),#163,.T.);
#3091=ADVANCED_FACE('',(#279),#70,.T.);
#3092=ADVANCED_FACE('',(#280),#164,.T.);
#3093=ADVANCED_FACE('',(#281),#71,.T.);
#3094=ADVANCED_FACE('',(#282),#165,.T.);
#3095=ADVANCED_FACE('',(#283),#72,.F.);
#3096=ADVANCED_FACE('',(#284),#166,.T.);
#3097=ADVANCED_FACE('',(#285),#73,.T.);
#3098=ADVANCED_FACE('',(#286),#167,.T.);
#3099=ADVANCED_FACE('',(#287),#74,.F.);
#3100=ADVANCED_FACE('',(#288),#168,.T.);
#3101=ADVANCED_FACE('',(#289),#75,.F.);
#3102=ADVANCED_FACE('',(#290),#169,.T.);
#3103=ADVANCED_FACE('',(#291),#76,.T.);
#3104=ADVANCED_FACE('',(#292),#170,.T.);
#3105=ADVANCED_FACE('',(#293),#77,.F.);
#3106=ADVANCED_FACE('',(#294),#171,.T.);
#3107=ADVANCED_FACE('',(#295),#78,.T.);
#3108=ADVANCED_FACE('',(#296),#172,.T.);
#3109=ADVANCED_FACE('',(#297),#79,.T.);
#3110=ADVANCED_FACE('',(#298),#173,.T.);
#3111=ADVANCED_FACE('',(#299),#80,.T.);
#3112=ADVANCED_FACE('',(#300),#81,.F.);
#3113=ADVANCED_FACE('',(#301),#82,.T.);
#3114=ADVANCED_FACE('',(#302),#174,.T.);
#3115=ADVANCED_FACE('',(#303),#83,.T.);
#3116=ADVANCED_FACE('',(#304),#175,.T.);
#3117=ADVANCED_FACE('',(#305),#84,.T.);
#3118=ADVANCED_FACE('',(#306),#176,.T.);
#3119=ADVANCED_FACE('',(#307),#85,.T.);
#3120=ADVANCED_FACE('',(#308),#177,.T.);
#3121=ADVANCED_FACE('',(#309),#86,.T.);
#3122=ADVANCED_FACE('',(#310),#178,.T.);
#3123=ADVANCED_FACE('',(#311),#87,.T.);
#3124=ADVANCED_FACE('',(#312),#88,.F.);
#3125=ADVANCED_FACE('',(#313),#89,.T.);
#3126=ADVANCED_FACE('',(#314),#179,.T.);
#3127=ADVANCED_FACE('',(#315),#90,.T.);
#3128=ADVANCED_FACE('',(#316),#180,.T.);
#3129=ADVANCED_FACE('',(#317),#91,.F.);
#3130=ADVANCED_FACE('',(#318),#181,.T.);
#3131=ADVANCED_FACE('',(#319),#92,.F.);
#3132=ADVANCED_FACE('',(#320),#182,.T.);
#3133=ADVANCED_FACE('',(#321),#93,.T.);
#3134=ADVANCED_FACE('',(#322),#183,.T.);
#3135=ADVANCED_FACE('',(#323),#94,.T.);
#3136=ADVANCED_FACE('',(#324),#184,.T.);
#3137=ADVANCED_FACE('',(#325),#95,.T.);
#3138=ADVANCED_FACE('',(#326),#96,.F.);
#3139=ADVANCED_FACE('',(#327),#97,.T.);
#3140=ADVANCED_FACE('',(#328),#185,.T.);
#3141=ADVANCED_FACE('',(#329),#98,.T.);
#3142=ADVANCED_FACE('',(#330),#186,.T.);
#3143=ADVANCED_FACE('',(#331),#99,.T.);
#3144=ADVANCED_FACE('',(#332),#187,.T.);
#3145=ADVANCED_FACE('',(#333),#100,.F.);
#3146=ADVANCED_FACE('',(#334),#188,.T.);
#3147=ADVANCED_FACE('',(#335),#101,.F.);
#3148=ADVANCED_FACE('',(#336),#189,.T.);
#3149=ADVANCED_FACE('',(#337),#102,.T.);
#3150=ADVANCED_FACE('',(#338),#190,.T.);
#3151=ADVANCED_FACE('',(#339),#103,.T.);
#3152=ADVANCED_FACE('',(#340),#104,.F.);
#3153=ADVANCED_FACE('',(#341),#105,.T.);
#3154=ADVANCED_FACE('',(#342),#191,.T.);
#3155=ADVANCED_FACE('',(#343),#106,.T.);
#3156=ADVANCED_FACE('',(#344),#192,.T.);
#3157=ADVANCED_FACE('',(#345),#107,.T.);
#3158=ADVANCED_FACE('',(#346),#193,.T.);
#3159=ADVANCED_FACE('',(#347),#108,.T.);
#3160=ADVANCED_FACE('',(#348),#194,.T.);
#3161=ADVANCED_FACE('',(#349),#109,.F.);
#3162=ADVANCED_FACE('',(#350),#195,.T.);
#3163=ADVANCED_FACE('',(#351),#110,.F.);
#3164=ADVANCED_FACE('',(#352),#196,.T.);
#3165=ADVANCED_FACE('',(#353),#111,.T.);
#3166=ADVANCED_FACE('',(#354),#197,.T.);
#3167=ADVANCED_FACE('',(#355),#112,.T.);
#3168=ADVANCED_FACE('',(#356),#198,.T.);
#3169=ADVANCED_FACE('',(#357),#113,.T.);
#3170=ADVANCED_FACE('',(#358),#199,.T.);
#3171=ADVANCED_FACE('',(#359),#114,.T.);
#3172=ADVANCED_FACE('',(#360,#130,#131,#132,#133,#134,#135,#136,#137,#138,
#139,#140,#141,#142,#143,#144),#200,.T.);
#3173=CLOSED_SHELL('',(#3013,#3014,#3015,#3016,#3017,#3018,#3019,#3020,
#3021,#3022,#3023,#3024,#3025,#3026,#3027,#3028,#3029,#3030,#3031,#3032,
#3033,#3034,#3035,#3036,#3037,#3038,#3039,#3040,#3041,#3042,#3043,#3044,
#3045,#3046,#3047,#3048,#3049,#3050,#3051,#3052,#3053,#3054,#3055,#3056,
#3057,#3058,#3059,#3060,#3061,#3062,#3063,#3064,#3065,#3066,#3067,#3068,
#3069,#3070,#3071,#3072,#3073,#3074,#3075,#3076,#3077,#3078,#3079,#3080,
#3081,#3082,#3083,#3084,#3085,#3086,#3087,#3088,#3089,#3090,#3091,#3092,
#3093,#3094,#3095,#3096,#3097,#3098,#3099,#3100,#3101,#3102,#3103,#3104,
#3105,#3106,#3107,#3108,#3109,#3110,#3111,#3112,#3113,#3114,#3115,#3116,
#3117,#3118,#3119,#3120,#3121,#3122,#3123,#3124,#3125,#3126,#3127,#3128,
#3129,#3130,#3131,#3132,#3133,#3134,#3135,#3136,#3137,#3138,#3139,#3140,
#3141,#3142,#3143,#3144,#3145,#3146,#3147,#3148,#3149,#3150,#3151,#3152,
#3153,#3154,#3155,#3156,#3157,#3158,#3159,#3160,#3161,#3162,#3163,#3164,
#3165,#3166,#3167,#3168,#3169,#3170,#3171,#3172));
#3174=DERIVED_UNIT_ELEMENT(#3176,1.);
#3175=DERIVED_UNIT_ELEMENT(#5495,-3.);
#3176=(
MASS_UNIT()
NAMED_UNIT(*)
SI_UNIT(.KILO.,.GRAM.)
);
#3177=DERIVED_UNIT((#3174,#3175));
#3178=MEASURE_REPRESENTATION_ITEM('density measure',
POSITIVE_RATIO_MEASURE(7850.),#3177);
#3179=PROPERTY_DEFINITION_REPRESENTATION(#3184,#3181);
#3180=PROPERTY_DEFINITION_REPRESENTATION(#3185,#3182);
#3181=REPRESENTATION('material name',(#3183),#5492);
#3182=REPRESENTATION('density',(#3178),#5492);
#3183=DESCRIPTIVE_REPRESENTATION_ITEM('\X2\94A2\X0\','\X2\94A2\X0\');
#3184=PROPERTY_DEFINITION('material property','material name',#5502);
#3185=PROPERTY_DEFINITION('material property','density of part',#5502);
#3186=AXIS2_PLACEMENT_3D('',#4547,#3551,#3552);
#3187=AXIS2_PLACEMENT_3D('',#4548,#3553,#3554);
#3188=AXIS2_PLACEMENT_3D('',#4550,#3555,#3556);
#3189=AXIS2_PLACEMENT_3D('',#4553,#3558,#3559);
#3190=AXIS2_PLACEMENT_3D('',#4554,#3560,#3561);
#3191=AXIS2_PLACEMENT_3D('',#4557,#3562,#3563);
#3192=AXIS2_PLACEMENT_3D('',#4559,#3564,#3565);
#3193=AXIS2_PLACEMENT_3D('',#4561,#3566,#3567);
#3194=AXIS2_PLACEMENT_3D('',#4565,#3569,#3570);
#3195=AXIS2_PLACEMENT_3D('',#4569,#3572,#3573);
#3196=AXIS2_PLACEMENT_3D('',#4573,#3575,#3576);
#3197=AXIS2_PLACEMENT_3D('',#4577,#3578,#3579);
#3198=AXIS2_PLACEMENT_3D('',#4581,#3581,#3582);
#3199=AXIS2_PLACEMENT_3D('',#4585,#3584,#3585);
#3200=AXIS2_PLACEMENT_3D('',#4587,#3586,#3587);
#3201=AXIS2_PLACEMENT_3D('',#4589,#3588,#3589);
#3202=AXIS2_PLACEMENT_3D('',#4593,#3591,#3592);
#3203=AXIS2_PLACEMENT_3D('',#4597,#3594,#3595);
#3204=AXIS2_PLACEMENT_3D('',#4601,#3597,#3598);
#3205=AXIS2_PLACEMENT_3D('',#4605,#3600,#3601);
#3206=AXIS2_PLACEMENT_3D('',#4609,#3603,#3604);
#3207=AXIS2_PLACEMENT_3D('',#4613,#3606,#3607);
#3208=AXIS2_PLACEMENT_3D('',#4615,#3608,#3609);
#3209=AXIS2_PLACEMENT_3D('',#4617,#3610,#3611);
#3210=AXIS2_PLACEMENT_3D('',#4621,#3613,#3614);
#3211=AXIS2_PLACEMENT_3D('',#4625,#3616,#3617);
#3212=AXIS2_PLACEMENT_3D('',#4629,#3619,#3620);
#3213=AXIS2_PLACEMENT_3D('',#4633,#3622,#3623);
#3214=AXIS2_PLACEMENT_3D('',#4637,#3625,#3626);
#3215=AXIS2_PLACEMENT_3D('',#4639,#3627,#3628);
#3216=AXIS2_PLACEMENT_3D('',#4641,#3629,#3630);
#3217=AXIS2_PLACEMENT_3D('',#4645,#3632,#3633);
#3218=AXIS2_PLACEMENT_3D('',#4649,#3635,#3636);
#3219=AXIS2_PLACEMENT_3D('',#4653,#3638,#3639);
#3220=AXIS2_PLACEMENT_3D('',#4657,#3641,#3642);
#3221=AXIS2_PLACEMENT_3D('',#4661,#3644,#3645);
#3222=AXIS2_PLACEMENT_3D('',#4665,#3647,#3648);
#3223=AXIS2_PLACEMENT_3D('',#4669,#3650,#3651);
#3224=AXIS2_PLACEMENT_3D('',#4673,#3653,#3654);
#3225=AXIS2_PLACEMENT_3D('',#4677,#3656,#3657);
#3226=AXIS2_PLACEMENT_3D('',#4681,#3659,#3660);
#3227=AXIS2_PLACEMENT_3D('',#4685,#3662,#3663);
#3228=AXIS2_PLACEMENT_3D('',#4687,#3664,#3665);
#3229=AXIS2_PLACEMENT_3D('',#4689,#3666,#3667);
#3230=AXIS2_PLACEMENT_3D('',#4693,#3669,#3670);
#3231=AXIS2_PLACEMENT_3D('',#4697,#3672,#3673);
#3232=AXIS2_PLACEMENT_3D('',#4701,#3675,#3676);
#3233=AXIS2_PLACEMENT_3D('',#4705,#3678,#3679);
#3234=AXIS2_PLACEMENT_3D('',#4709,#3681,#3682);
#3235=AXIS2_PLACEMENT_3D('',#4711,#3683,#3684);
#3236=AXIS2_PLACEMENT_3D('',#4713,#3685,#3686);
#3237=AXIS2_PLACEMENT_3D('',#4717,#3688,#3689);
#3238=AXIS2_PLACEMENT_3D('',#4721,#3691,#3692);
#3239=AXIS2_PLACEMENT_3D('',#4725,#3694,#3695);
#3240=AXIS2_PLACEMENT_3D('',#4729,#3697,#3698);
#3241=AXIS2_PLACEMENT_3D('',#4733,#3700,#3701);
#3242=AXIS2_PLACEMENT_3D('',#4737,#3703,#3704);
#3243=AXIS2_PLACEMENT_3D('',#4739,#3705,#3706);
#3244=AXIS2_PLACEMENT_3D('',#4741,#3707,#3708);
#3245=AXIS2_PLACEMENT_3D('',#4745,#3710,#3711);
#3246=AXIS2_PLACEMENT_3D('',#4749,#3713,#3714);
#3247=AXIS2_PLACEMENT_3D('',#4753,#3716,#3717);
#3248=AXIS2_PLACEMENT_3D('',#4757,#3719,#3720);
#3249=AXIS2_PLACEMENT_3D('',#4761,#3722,#3723);
#3250=AXIS2_PLACEMENT_3D('',#4765,#3725,#3726);
#3251=AXIS2_PLACEMENT_3D('',#4767,#3727,#3728);
#3252=AXIS2_PLACEMENT_3D('',#4769,#3729,#3730);
#3253=AXIS2_PLACEMENT_3D('',#4773,#3732,#3733);
#3254=AXIS2_PLACEMENT_3D('',#4777,#3735,#3736);
#3255=AXIS2_PLACEMENT_3D('',#4781,#3738,#3739);
#3256=AXIS2_PLACEMENT_3D('',#4785,#3741,#3742);
#3257=AXIS2_PLACEMENT_3D('',#4789,#3744,#3745);
#3258=AXIS2_PLACEMENT_3D('',#4793,#3747,#3748);
#3259=AXIS2_PLACEMENT_3D('',#4797,#3750,#3751);
#3260=AXIS2_PLACEMENT_3D('',#4801,#3753,#3754);
#3261=AXIS2_PLACEMENT_3D('',#4804,#3756,#3757);
#3262=AXIS2_PLACEMENT_3D('',#4806,#3758,#3759);
#3263=AXIS2_PLACEMENT_3D('',#4809,#3760,#3761);
#3264=AXIS2_PLACEMENT_3D('',#4811,#3762,#3763);
#3265=AXIS2_PLACEMENT_3D('',#4813,#3764,#3765);
#3266=AXIS2_PLACEMENT_3D('',#4815,#3766,#3767);
#3267=AXIS2_PLACEMENT_3D('',#4817,#3768,#3769);
#3268=AXIS2_PLACEMENT_3D('',#4819,#3770,#3771);
#3269=AXIS2_PLACEMENT_3D('',#4821,#3772,#3773);
#3270=AXIS2_PLACEMENT_3D('',#4823,#3774,#3775);
#3271=AXIS2_PLACEMENT_3D('',#4825,#3776,#3777);
#3272=AXIS2_PLACEMENT_3D('',#4827,#3778,#3779);
#3273=AXIS2_PLACEMENT_3D('',#4829,#3780,#3781);
#3274=AXIS2_PLACEMENT_3D('',#4831,#3782,#3783);
#3275=AXIS2_PLACEMENT_3D('',#4833,#3784,#3785);
#3276=AXIS2_PLACEMENT_3D('',#4835,#3786,#3787);
#3277=AXIS2_PLACEMENT_3D('',#4837,#3788,#3789);
#3278=AXIS2_PLACEMENT_3D('',#4838,#3790,#3791);
#3279=AXIS2_PLACEMENT_3D('',#4840,#3792,#3793);
#3280=AXIS2_PLACEMENT_3D('',#4842,#3794,#3795);
#3281=AXIS2_PLACEMENT_3D('',#4844,#3796,#3797);
#3282=AXIS2_PLACEMENT_3D('',#4846,#3798,#3799);
#3283=AXIS2_PLACEMENT_3D('',#4848,#3800,#3801);
#3284=AXIS2_PLACEMENT_3D('',#4850,#3802,#3803);
#3285=AXIS2_PLACEMENT_3D('',#4852,#3804,#3805);
#3286=AXIS2_PLACEMENT_3D('',#4854,#3806,#3807);
#3287=AXIS2_PLACEMENT_3D('',#4856,#3808,#3809);
#3288=AXIS2_PLACEMENT_3D('',#4858,#3810,#3811);
#3289=AXIS2_PLACEMENT_3D('',#4860,#3812,#3813);
#3290=AXIS2_PLACEMENT_3D('',#4861,#3814,#3815);
#3291=AXIS2_PLACEMENT_3D('',#4864,#3817,#3818);
#3292=AXIS2_PLACEMENT_3D('',#4865,#3819,#3820);
#3293=AXIS2_PLACEMENT_3D('',#4867,#3821,#3822);
#3294=AXIS2_PLACEMENT_3D('',#4869,#3824,#3825);
#3295=AXIS2_PLACEMENT_3D('',#4872,#3827,#3828);
#3296=AXIS2_PLACEMENT_3D('',#4873,#3829,#3830);
#3297=AXIS2_PLACEMENT_3D('',#4875,#3831,#3832);
#3298=AXIS2_PLACEMENT_3D('',#4877,#3834,#3835);
#3299=AXIS2_PLACEMENT_3D('',#4880,#3837,#3838);
#3300=AXIS2_PLACEMENT_3D('',#4881,#3839,#3840);
#3301=AXIS2_PLACEMENT_3D('',#4883,#3841,#3842);
#3302=AXIS2_PLACEMENT_3D('',#4885,#3844,#3845);
#3303=AXIS2_PLACEMENT_3D('',#4888,#3847,#3848);
#3304=AXIS2_PLACEMENT_3D('',#4889,#3849,#3850);
#3305=AXIS2_PLACEMENT_3D('',#4892,#3852,#3853);
#3306=AXIS2_PLACEMENT_3D('',#4893,#3854,#3855);
#3307=AXIS2_PLACEMENT_3D('',#4896,#3857,#3858);
#3308=AXIS2_PLACEMENT_3D('',#4897,#3859,#3860);
#3309=AXIS2_PLACEMENT_3D('',#4900,#3862,#3863);
#3310=AXIS2_PLACEMENT_3D('',#4901,#3864,#3865);
#3311=AXIS2_PLACEMENT_3D('',#4904,#3867,#3868);
#3312=AXIS2_PLACEMENT_3D('',#4905,#3869,#3870);
#3313=AXIS2_PLACEMENT_3D('',#4908,#3872,#3873);
#3314=AXIS2_PLACEMENT_3D('',#4909,#3874,#3875);
#3315=AXIS2_PLACEMENT_3D('',#4912,#3877,#3878);
#3316=AXIS2_PLACEMENT_3D('',#4913,#3879,#3880);
#3317=AXIS2_PLACEMENT_3D('',#4916,#3882,#3883);
#3318=AXIS2_PLACEMENT_3D('',#4917,#3884,#3885);
#3319=AXIS2_PLACEMENT_3D('',#4920,#3887,#3888);
#3320=AXIS2_PLACEMENT_3D('',#4921,#3889,#3890);
#3321=AXIS2_PLACEMENT_3D('',#4924,#3892,#3893);
#3322=AXIS2_PLACEMENT_3D('',#4925,#3894,#3895);
#3323=AXIS2_PLACEMENT_3D('',#4928,#3897,#3898);
#3324=AXIS2_PLACEMENT_3D('',#4929,#3899,#3900);
#3325=AXIS2_PLACEMENT_3D('',#4933,#3902,#3903);
#3326=AXIS2_PLACEMENT_3D('',#4935,#3905,#3906);
#3327=AXIS2_PLACEMENT_3D('',#4937,#3907,#3908);
#3328=AXIS2_PLACEMENT_3D('',#4939,#3910,#3911);
#3329=AXIS2_PLACEMENT_3D('',#4941,#3912,#3913);
#3330=AXIS2_PLACEMENT_3D('',#4943,#3915,#3916);
#3331=AXIS2_PLACEMENT_3D('',#4945,#3917,#3918);
#3332=AXIS2_PLACEMENT_3D('',#4947,#3920,#3921);
#3333=AXIS2_PLACEMENT_3D('',#4949,#3922,#3923);
#3334=AXIS2_PLACEMENT_3D('',#4951,#3925,#3926);
#3335=AXIS2_PLACEMENT_3D('',#4953,#3927,#3928);
#3336=AXIS2_PLACEMENT_3D('',#4955,#3930,#3931);
#3337=AXIS2_PLACEMENT_3D('',#4957,#3932,#3933);
#3338=AXIS2_PLACEMENT_3D('',#4959,#3935,#3936);
#3339=AXIS2_PLACEMENT_3D('',#4961,#3937,#3938);
#3340=AXIS2_PLACEMENT_3D('',#4963,#3940,#3941);
#3341=AXIS2_PLACEMENT_3D('',#4965,#3942,#3943);
#3342=AXIS2_PLACEMENT_3D('',#4967,#3945,#3946);
#3343=AXIS2_PLACEMENT_3D('',#4969,#3947,#3948);
#3344=AXIS2_PLACEMENT_3D('',#4971,#3950,#3951);
#3345=AXIS2_PLACEMENT_3D('',#4973,#3952,#3953);
#3346=AXIS2_PLACEMENT_3D('',#4975,#3955,#3956);
#3347=AXIS2_PLACEMENT_3D('',#4977,#3957,#3958);
#3348=AXIS2_PLACEMENT_3D('',#4979,#3960,#3961);
#3349=AXIS2_PLACEMENT_3D('',#4981,#3962,#3963);
#3350=AXIS2_PLACEMENT_3D('',#4983,#3965,#3966);
#3351=AXIS2_PLACEMENT_3D('',#4985,#3967,#3968);
#3352=AXIS2_PLACEMENT_3D('',#4987,#3970,#3971);
#3353=AXIS2_PLACEMENT_3D('',#4989,#3972,#3973);
#3354=AXIS2_PLACEMENT_3D('',#4991,#3975,#3976);
#3355=AXIS2_PLACEMENT_3D('',#4992,#3977,#3978);
#3356=AXIS2_PLACEMENT_3D('',#4993,#3979,#3980);
#3357=AXIS2_PLACEMENT_3D('',#4997,#3982,#3983);
#3358=AXIS2_PLACEMENT_3D('',#4999,#3985,#3986);
#3359=AXIS2_PLACEMENT_3D('',#5001,#3987,#3988);
#3360=AXIS2_PLACEMENT_3D('',#5003,#3990,#3991);
#3361=AXIS2_PLACEMENT_3D('',#5007,#3994,#3995);
#3362=AXIS2_PLACEMENT_3D('',#5009,#3996,#3997);
#3363=AXIS2_PLACEMENT_3D('',#5011,#3999,#4000);
#3364=AXIS2_PLACEMENT_3D('',#5015,#4003,#4004);
#3365=AXIS2_PLACEMENT_3D('',#5017,#4005,#4006);
#3366=AXIS2_PLACEMENT_3D('',#5019,#4008,#4009);
#3367=AXIS2_PLACEMENT_3D('',#5023,#4012,#4013);
#3368=AXIS2_PLACEMENT_3D('',#5025,#4014,#4015);
#3369=AXIS2_PLACEMENT_3D('',#5027,#4017,#4018);
#3370=AXIS2_PLACEMENT_3D('',#5031,#4021,#4022);
#3371=AXIS2_PLACEMENT_3D('',#5033,#4023,#4024);
#3372=AXIS2_PLACEMENT_3D('',#5035,#4026,#4027);
#3373=AXIS2_PLACEMENT_3D('',#5039,#4030,#4031);
#3374=AXIS2_PLACEMENT_3D('',#5041,#4032,#4033);
#3375=AXIS2_PLACEMENT_3D('',#5043,#4035,#4036);
#3376=AXIS2_PLACEMENT_3D('',#5047,#4039,#4040);
#3377=AXIS2_PLACEMENT_3D('',#5049,#4041,#4042);
#3378=AXIS2_PLACEMENT_3D('',#5051,#4044,#4045);
#3379=AXIS2_PLACEMENT_3D('',#5053,#4046,#4047);
#3380=AXIS2_PLACEMENT_3D('',#5055,#4049,#4050);
#3381=AXIS2_PLACEMENT_3D('',#5057,#4051,#4052);
#3382=AXIS2_PLACEMENT_3D('',#5059,#4054,#4055);
#3383=AXIS2_PLACEMENT_3D('',#5063,#4058,#4059);
#3384=AXIS2_PLACEMENT_3D('',#5065,#4060,#4061);
#3385=AXIS2_PLACEMENT_3D('',#5067,#4063,#4064);
#3386=AXIS2_PLACEMENT_3D('',#5071,#4067,#4068);
#3387=AXIS2_PLACEMENT_3D('',#5073,#4069,#4070);
#3388=AXIS2_PLACEMENT_3D('',#5075,#4072,#4073);
#3389=AXIS2_PLACEMENT_3D('',#5079,#4076,#4077);
#3390=AXIS2_PLACEMENT_3D('',#5081,#4078,#4079);
#3391=AXIS2_PLACEMENT_3D('',#5083,#4081,#4082);
#3392=AXIS2_PLACEMENT_3D('',#5087,#4085,#4086);
#3393=AXIS2_PLACEMENT_3D('',#5089,#4087,#4088);
#3394=AXIS2_PLACEMENT_3D('',#5091,#4090,#4091);
#3395=AXIS2_PLACEMENT_3D('',#5095,#4094,#4095);
#3396=AXIS2_PLACEMENT_3D('',#5097,#4096,#4097);
#3397=AXIS2_PLACEMENT_3D('',#5099,#4099,#4100);
#3398=AXIS2_PLACEMENT_3D('',#5103,#4103,#4104);
#3399=AXIS2_PLACEMENT_3D('',#5105,#4105,#4106);
#3400=AXIS2_PLACEMENT_3D('',#5107,#4108,#4109);
#3401=AXIS2_PLACEMENT_3D('',#5109,#4110,#4111);
#3402=AXIS2_PLACEMENT_3D('',#5111,#4113,#4114);
#3403=AXIS2_PLACEMENT_3D('',#5113,#4115,#4116);
#3404=AXIS2_PLACEMENT_3D('',#5115,#4118,#4119);
#3405=AXIS2_PLACEMENT_3D('',#5119,#4122,#4123);
#3406=AXIS2_PLACEMENT_3D('',#5121,#4124,#4125);
#3407=AXIS2_PLACEMENT_3D('',#5123,#4127,#4128);
#3408=AXIS2_PLACEMENT_3D('',#5127,#4131,#4132);
#3409=AXIS2_PLACEMENT_3D('',#5129,#4133,#4134);
#3410=AXIS2_PLACEMENT_3D('',#5131,#4136,#4137);
#3411=AXIS2_PLACEMENT_3D('',#5135,#4140,#4141);
#3412=AXIS2_PLACEMENT_3D('',#5137,#4142,#4143);
#3413=AXIS2_PLACEMENT_3D('',#5139,#4145,#4146);
#3414=AXIS2_PLACEMENT_3D('',#5143,#4149,#4150);
#3415=AXIS2_PLACEMENT_3D('',#5145,#4151,#4152);
#3416=AXIS2_PLACEMENT_3D('',#5147,#4154,#4155);
#3417=AXIS2_PLACEMENT_3D('',#5151,#4158,#4159);
#3418=AXIS2_PLACEMENT_3D('',#5153,#4160,#4161);
#3419=AXIS2_PLACEMENT_3D('',#5155,#4163,#4164);
#3420=AXIS2_PLACEMENT_3D('',#5157,#4165,#4166);
#3421=AXIS2_PLACEMENT_3D('',#5159,#4168,#4169);
#3422=AXIS2_PLACEMENT_3D('',#5161,#4170,#4171);
#3423=AXIS2_PLACEMENT_3D('',#5163,#4173,#4174);
#3424=AXIS2_PLACEMENT_3D('',#5167,#4177,#4178);
#3425=AXIS2_PLACEMENT_3D('',#5169,#4179,#4180);
#3426=AXIS2_PLACEMENT_3D('',#5171,#4182,#4183);
#3427=AXIS2_PLACEMENT_3D('',#5175,#4186,#4187);
#3428=AXIS2_PLACEMENT_3D('',#5177,#4188,#4189);
#3429=AXIS2_PLACEMENT_3D('',#5179,#4191,#4192);
#3430=AXIS2_PLACEMENT_3D('',#5183,#4195,#4196);
#3431=AXIS2_PLACEMENT_3D('',#5185,#4197,#4198);
#3432=AXIS2_PLACEMENT_3D('',#5187,#4200,#4201);
#3433=AXIS2_PLACEMENT_3D('',#5191,#4204,#4205);
#3434=AXIS2_PLACEMENT_3D('',#5193,#4206,#4207);
#3435=AXIS2_PLACEMENT_3D('',#5195,#4209,#4210);
#3436=AXIS2_PLACEMENT_3D('',#5199,#4213,#4214);
#3437=AXIS2_PLACEMENT_3D('',#5201,#4215,#4216);
#3438=AXIS2_PLACEMENT_3D('',#5203,#4218,#4219);
#3439=AXIS2_PLACEMENT_3D('',#5207,#4222,#4223);
#3440=AXIS2_PLACEMENT_3D('',#5209,#4224,#4225);
#3441=AXIS2_PLACEMENT_3D('',#5211,#4227,#4228);
#3442=AXIS2_PLACEMENT_3D('',#5215,#4231,#4232);
#3443=AXIS2_PLACEMENT_3D('',#5217,#4233,#4234);
#3444=AXIS2_PLACEMENT_3D('',#5219,#4236,#4237);
#3445=AXIS2_PLACEMENT_3D('',#5223,#4240,#4241);
#3446=AXIS2_PLACEMENT_3D('',#5225,#4242,#4243);
#3447=AXIS2_PLACEMENT_3D('',#5227,#4245,#4246);
#3448=AXIS2_PLACEMENT_3D('',#5231,#4249,#4250);
#3449=AXIS2_PLACEMENT_3D('',#5233,#4251,#4252);
#3450=AXIS2_PLACEMENT_3D('',#5235,#4254,#4255);
#3451=AXIS2_PLACEMENT_3D('',#5239,#4258,#4259);
#3452=AXIS2_PLACEMENT_3D('',#5241,#4260,#4261);
#3453=AXIS2_PLACEMENT_3D('',#5243,#4263,#4264);
#3454=AXIS2_PLACEMENT_3D('',#5247,#4267,#4268);
#3455=AXIS2_PLACEMENT_3D('',#5249,#4269,#4270);
#3456=AXIS2_PLACEMENT_3D('',#5251,#4272,#4273);
#3457=AXIS2_PLACEMENT_3D('',#5253,#4274,#4275);
#3458=AXIS2_PLACEMENT_3D('',#5255,#4277,#4278);
#3459=AXIS2_PLACEMENT_3D('',#5257,#4279,#4280);
#3460=AXIS2_PLACEMENT_3D('',#5259,#4282,#4283);
#3461=AXIS2_PLACEMENT_3D('',#5263,#4286,#4287);
#3462=AXIS2_PLACEMENT_3D('',#5265,#4288,#4289);
#3463=AXIS2_PLACEMENT_3D('',#5267,#4291,#4292);
#3464=AXIS2_PLACEMENT_3D('',#5271,#4295,#4296);
#3465=AXIS2_PLACEMENT_3D('',#5273,#4297,#4298);
#3466=AXIS2_PLACEMENT_3D('',#5275,#4300,#4301);
#3467=AXIS2_PLACEMENT_3D('',#5279,#4304,#4305);
#3468=AXIS2_PLACEMENT_3D('',#5281,#4306,#4307);
#3469=AXIS2_PLACEMENT_3D('',#5283,#4309,#4310);
#3470=AXIS2_PLACEMENT_3D('',#5287,#4313,#4314);
#3471=AXIS2_PLACEMENT_3D('',#5289,#4315,#4316);
#3472=AXIS2_PLACEMENT_3D('',#5291,#4318,#4319);
#3473=AXIS2_PLACEMENT_3D('',#5295,#4322,#4323);
#3474=AXIS2_PLACEMENT_3D('',#5297,#4324,#4325);
#3475=AXIS2_PLACEMENT_3D('',#5299,#4327,#4328);
#3476=AXIS2_PLACEMENT_3D('',#5301,#4329,#4330);
#3477=AXIS2_PLACEMENT_3D('',#5303,#4332,#4333);
#3478=AXIS2_PLACEMENT_3D('',#5305,#4334,#4335);
#3479=AXIS2_PLACEMENT_3D('',#5307,#4337,#4338);
#3480=AXIS2_PLACEMENT_3D('',#5311,#4341,#4342);
#3481=AXIS2_PLACEMENT_3D('',#5313,#4343,#4344);
#3482=AXIS2_PLACEMENT_3D('',#5315,#4346,#4347);
#3483=AXIS2_PLACEMENT_3D('',#5319,#4350,#4351);
#3484=AXIS2_PLACEMENT_3D('',#5321,#4352,#4353);
#3485=AXIS2_PLACEMENT_3D('',#5323,#4355,#4356);
#3486=AXIS2_PLACEMENT_3D('',#5327,#4359,#4360);
#3487=AXIS2_PLACEMENT_3D('',#5329,#4361,#4362);
#3488=AXIS2_PLACEMENT_3D('',#5331,#4364,#4365);
#3489=AXIS2_PLACEMENT_3D('',#5335,#4368,#4369);
#3490=AXIS2_PLACEMENT_3D('',#5337,#4370,#4371);
#3491=AXIS2_PLACEMENT_3D('',#5339,#4373,#4374);
#3492=AXIS2_PLACEMENT_3D('',#5343,#4377,#4378);
#3493=AXIS2_PLACEMENT_3D('',#5345,#4379,#4380);
#3494=AXIS2_PLACEMENT_3D('',#5347,#4382,#4383);
#3495=AXIS2_PLACEMENT_3D('',#5351,#4386,#4387);
#3496=AXIS2_PLACEMENT_3D('',#5353,#4388,#4389);
#3497=AXIS2_PLACEMENT_3D('',#5355,#4391,#4392);
#3498=AXIS2_PLACEMENT_3D('',#5357,#4393,#4394);
#3499=AXIS2_PLACEMENT_3D('',#5359,#4396,#4397);
#3500=AXIS2_PLACEMENT_3D('',#5361,#4398,#4399);
#3501=AXIS2_PLACEMENT_3D('',#5363,#4401,#4402);
#3502=AXIS2_PLACEMENT_3D('',#5367,#4405,#4406);
#3503=AXIS2_PLACEMENT_3D('',#5369,#4407,#4408);
#3504=AXIS2_PLACEMENT_3D('',#5371,#4410,#4411);
#3505=AXIS2_PLACEMENT_3D('',#5375,#4414,#4415);
#3506=AXIS2_PLACEMENT_3D('',#5377,#4416,#4417);
#3507=AXIS2_PLACEMENT_3D('',#5379,#4419,#4420);
#3508=AXIS2_PLACEMENT_3D('',#5383,#4423,#4424);
#3509=AXIS2_PLACEMENT_3D('',#5385,#4425,#4426);
#3510=AXIS2_PLACEMENT_3D('',#5387,#4428,#4429);
#3511=AXIS2_PLACEMENT_3D('',#5391,#4432,#4433);
#3512=AXIS2_PLACEMENT_3D('',#5393,#4434,#4435);
#3513=AXIS2_PLACEMENT_3D('',#5395,#4437,#4438);
#3514=AXIS2_PLACEMENT_3D('',#5399,#4441,#4442);
#3515=AXIS2_PLACEMENT_3D('',#5401,#4443,#4444);
#3516=AXIS2_PLACEMENT_3D('',#5403,#4446,#4447);
#3517=AXIS2_PLACEMENT_3D('',#5407,#4450,#4451);
#3518=AXIS2_PLACEMENT_3D('',#5409,#4452,#4453);
#3519=AXIS2_PLACEMENT_3D('',#5411,#4455,#4456);
#3520=AXIS2_PLACEMENT_3D('',#5413,#4457,#4458);
#3521=AXIS2_PLACEMENT_3D('',#5415,#4460,#4461);
#3522=AXIS2_PLACEMENT_3D('',#5417,#4462,#4463);
#3523=AXIS2_PLACEMENT_3D('',#5419,#4465,#4466);
#3524=AXIS2_PLACEMENT_3D('',#5423,#4469,#4470);
#3525=AXIS2_PLACEMENT_3D('',#5425,#4471,#4472);
#3526=AXIS2_PLACEMENT_3D('',#5427,#4474,#4475);
#3527=AXIS2_PLACEMENT_3D('',#5431,#4478,#4479);
#3528=AXIS2_PLACEMENT_3D('',#5433,#4480,#4481);
#3529=AXIS2_PLACEMENT_3D('',#5435,#4483,#4484);
#3530=AXIS2_PLACEMENT_3D('',#5439,#4487,#4488);
#3531=AXIS2_PLACEMENT_3D('',#5441,#4489,#4490);
#3532=AXIS2_PLACEMENT_3D('',#5443,#4492,#4493);
#3533=AXIS2_PLACEMENT_3D('',#5447,#4496,#4497);
#3534=AXIS2_PLACEMENT_3D('',#5449,#4498,#4499);
#3535=AXIS2_PLACEMENT_3D('',#5451,#4501,#4502);
#3536=AXIS2_PLACEMENT_3D('',#5455,#4505,#4506);
#3537=AXIS2_PLACEMENT_3D('',#5457,#4507,#4508);
#3538=AXIS2_PLACEMENT_3D('',#5459,#4510,#4511);
#3539=AXIS2_PLACEMENT_3D('',#5463,#4514,#4515);
#3540=AXIS2_PLACEMENT_3D('',#5465,#4516,#4517);
#3541=AXIS2_PLACEMENT_3D('',#5467,#4519,#4520);
#3542=AXIS2_PLACEMENT_3D('',#5471,#4523,#4524);
#3543=AXIS2_PLACEMENT_3D('',#5473,#4525,#4526);
#3544=AXIS2_PLACEMENT_3D('',#5475,#4528,#4529);
#3545=AXIS2_PLACEMENT_3D('',#5479,#4532,#4533);
#3546=AXIS2_PLACEMENT_3D('',#5481,#4534,#4535);
#3547=AXIS2_PLACEMENT_3D('',#5483,#4537,#4538);
#3548=AXIS2_PLACEMENT_3D('',#5487,#4541,#4542);
#3549=AXIS2_PLACEMENT_3D('',#5488,#4543,#4544);
#3550=AXIS2_PLACEMENT_3D('',#5489,#4545,#4546);
#3551=DIRECTION('axis',(0.,0.,1.));
#3552=DIRECTION('refdir',(1.,0.,0.));
#3553=DIRECTION('center_axis',(0.,0.,-1.));
#3554=DIRECTION('ref_axis',(1.,0.,0.));
#3555=DIRECTION('center_axis',(0.,0.,1.));
#3556=DIRECTION('ref_axis',(1.,0.,0.));
#3557=DIRECTION('',(-0.707106781186547,8.65956056235492E-17,-0.707106781186548));
#3558=DIRECTION('center_axis',(0.,0.,-1.));
#3559=DIRECTION('ref_axis',(1.,0.,0.));
#3560=DIRECTION('center_axis',(0.,0.,1.));
#3561=DIRECTION('ref_axis',(1.,0.,0.));
#3562=DIRECTION('center_axis',(0.,0.,1.));
#3563=DIRECTION('ref_axis',(0.125874125870136,-0.992046220917367,0.));
#3564=DIRECTION('center_axis',(0.,0.,1.));
#3565=DIRECTION('ref_axis',(-0.1258741258714,0.992046220917207,0.));
#3566=DIRECTION('center_axis',(0.,0.,1.));
#3567=DIRECTION('ref_axis',(1.,0.,0.));
#3568=DIRECTION('',(-2.22512962406623E-12,1.,0.));
#3569=DIRECTION('center_axis',(0.,0.,1.));
#3570=DIRECTION('ref_axis',(0.707106781186547,-0.707106781186547,0.));
#3571=DIRECTION('',(-0.707106781186594,-0.707106781186501,0.));
#3572=DIRECTION('center_axis',(0.,0.,1.));
#3573=DIRECTION('ref_axis',(-0.707106781185454,0.707106781187641,0.));
#3574=DIRECTION('',(0.,1.,0.));
#3575=DIRECTION('center_axis',(0.,0.,1.));
#3576=DIRECTION('ref_axis',(-1.,0.,0.));
#3577=DIRECTION('',(-0.707106781186594,0.707106781186501,0.));
#3578=DIRECTION('center_axis',(0.,0.,1.));
#3579=DIRECTION('ref_axis',(1.,0.,0.));
#3580=DIRECTION('',(-7.41709874686778E-13,-1.,0.));
#3581=DIRECTION('center_axis',(0.,0.,1.));
#3582=DIRECTION('ref_axis',(0.707106781186942,-0.707106781186153,0.));
#3583=DIRECTION('',(0.707106781185088,0.707106781188007,0.));
#3584=DIRECTION('center_axis',(0.,0.,1.));
#3585=DIRECTION('ref_axis',(-0.612476162073643,-0.790489058046688,0.));
#3586=DIRECTION('center_axis',(0.,0.,1.));
#3587=DIRECTION('ref_axis',(0.612476162083743,0.790489058038863,0.));
#3588=DIRECTION('center_axis',(0.,0.,1.));
#3589=DIRECTION('ref_axis',(0.707106781179442,0.707106781193653,0.));
#3590=DIRECTION('',(0.707106781186547,-0.707106781186547,0.));
#3591=DIRECTION('center_axis',(0.,0.,1.));
#3592=DIRECTION('ref_axis',(1.,0.,0.));
#3593=DIRECTION('',(0.,1.,0.));
#3594=DIRECTION('center_axis',(0.,0.,1.));
#3595=DIRECTION('ref_axis',(0.707106781186379,-0.707106781186716,0.));
#3596=DIRECTION('',(-0.707106781186408,-0.707106781186687,0.));
#3597=DIRECTION('center_axis',(0.,0.,1.));
#3598=DIRECTION('ref_axis',(-0.707106781186547,0.707106781186547,0.));
#3599=DIRECTION('',(8.87544894097729E-14,-1.,0.));
#3600=DIRECTION('center_axis',(0.,0.,1.));
#3601=DIRECTION('ref_axis',(-1.,0.,0.));
#3602=DIRECTION('',(-0.707106781186501,0.707106781186594,0.));
#3603=DIRECTION('center_axis',(0.,0.,1.));
#3604=DIRECTION('ref_axis',(1.,0.,0.));
#3605=DIRECTION('',(0.,-1.,0.));
#3606=DIRECTION('center_axis',(0.,0.,1.));
#3607=DIRECTION('ref_axis',(-0.853146853153997,-0.521670822409527,0.));
#3608=DIRECTION('center_axis',(0.,0.,1.));
#3609=DIRECTION('ref_axis',(0.853146853122008,0.521670822461843,0.));
#3610=DIRECTION('center_axis',(0.,0.,1.));
#3611=DIRECTION('ref_axis',(1.,0.,0.));
#3612=DIRECTION('',(0.,-1.,0.));
#3613=DIRECTION('center_axis',(0.,0.,1.));
#3614=DIRECTION('ref_axis',(0.707106781186548,-0.707106781186548,0.));
#3615=DIRECTION('',(-0.707106781187071,-0.707106781186024,0.));
#3616=DIRECTION('center_axis',(0.,0.,1.));
#3617=DIRECTION('ref_axis',(0.,-1.,0.));
#3618=DIRECTION('',(1.,1.53606659686579E-13,0.));
#3619=DIRECTION('center_axis',(0.,0.,1.));
#3620=DIRECTION('ref_axis',(-0.70710678118542,-0.707106781187675,0.));
#3621=DIRECTION('',(0.707106781186547,-0.707106781186547,0.));
#3622=DIRECTION('center_axis',(0.,0.,1.));
#3623=DIRECTION('ref_axis',(-0.707106781180232,0.707106781192863,0.));
#3624=DIRECTION('',(-0.707106781187689,-0.707106781185406,0.));
#3625=DIRECTION('center_axis',(0.,0.,1.));
#3626=DIRECTION('ref_axis',(0.61453469734687,0.788889793163019,0.));
#3627=DIRECTION('center_axis',(0.,0.,1.));
#3628=DIRECTION('ref_axis',(-0.61453469734896,-0.78888979316139,0.));
#3629=DIRECTION('center_axis',(0.,0.,1.));
#3630=DIRECTION('ref_axis',(-0.707106781177074,-0.707106781196021,0.));
#3631=DIRECTION('',(-0.707106781186547,0.707106781186547,0.));
#3632=DIRECTION('center_axis',(0.,0.,1.));
#3633=DIRECTION('ref_axis',(-1.,0.,0.));
#3634=DIRECTION('',(-4.15784556888968E-13,1.,0.));
#3635=DIRECTION('center_axis',(0.,0.,1.));
#3636=DIRECTION('ref_axis',(0.,1.,0.));
#3637=DIRECTION('',(-1.,-3.93652485185259E-12,0.));
#3638=DIRECTION('center_axis',(0.,0.,1.));
#3639=DIRECTION('ref_axis',(0.,-1.,0.));
#3640=DIRECTION('',(1.,-1.9682624259263E-12,0.));
#3641=DIRECTION('center_axis',(0.,0.,1.));
#3642=DIRECTION('ref_axis',(-1.,0.,0.));
#3643=DIRECTION('',(2.50447358452173E-12,1.,0.));
#3644=DIRECTION('center_axis',(0.,0.,1.));
#3645=DIRECTION('ref_axis',(1.,0.,0.));
#3646=DIRECTION('',(1.,0.,0.));
#3647=DIRECTION('center_axis',(0.,0.,1.));
#3648=DIRECTION('ref_axis',(0.,1.,0.));
#3649=DIRECTION('',(-2.06250765784143E-12,1.,0.));
#3650=DIRECTION('center_axis',(0.,0.,1.));
#3651=DIRECTION('ref_axis',(0.,-1.,0.));
#3652=DIRECTION('',(-1.,-1.968262425928E-12,0.));
#3653=DIRECTION('center_axis',(0.,0.,1.));
#3654=DIRECTION('ref_axis',(3.51887831047037E-12,1.,0.));
#3655=DIRECTION('',(1.,-3.77906385778176E-12,0.));
#3656=DIRECTION('center_axis',(0.,0.,1.));
#3657=DIRECTION('ref_axis',(1.,0.,0.));
#3658=DIRECTION('',(2.07892278444484E-13,1.,0.));
#3659=DIRECTION('center_axis',(0.,0.,1.));
#3660=DIRECTION('ref_axis',(0.707106781186247,-0.707106781186848,0.));
#3661=DIRECTION('',(0.707106781188056,0.707106781185039,0.));
#3662=DIRECTION('center_axis',(0.,0.,1.));
#3663=DIRECTION('ref_axis',(-0.61453469734687,-0.788889793163019,0.));
#3664=DIRECTION('center_axis',(0.,0.,1.));
#3665=DIRECTION('ref_axis',(0.614534697346648,0.788889793163192,0.));
#3666=DIRECTION('center_axis',(0.,0.,1.));
#3667=DIRECTION('ref_axis',(0.707106781186548,0.707106781186548,0.));
#3668=DIRECTION('',(0.707106781184753,-0.707106781188342,0.));
#3669=DIRECTION('center_axis',(0.,0.,1.));
#3670=DIRECTION('ref_axis',(0.707106781182995,-0.7071067811901,0.));
#3671=DIRECTION('',(-0.707106781187925,-0.70710678118517,0.));
#3672=DIRECTION('center_axis',(0.,0.,1.));
#3673=DIRECTION('ref_axis',(0.,-1.,0.));
#3674=DIRECTION('',(-1.,0.,0.));
#3675=DIRECTION('center_axis',(0.,0.,1.));
#3676=DIRECTION('ref_axis',(-0.707106781186548,-0.707106781186548,0.));
#3677=DIRECTION('',(0.707106781187195,-0.7071067811859,0.));
#3678=DIRECTION('center_axis',(0.,0.,1.));
#3679=DIRECTION('ref_axis',(-1.,0.,0.));
#3680=DIRECTION('',(0.,-1.,0.));
#3681=DIRECTION('center_axis',(0.,0.,1.));
#3682=DIRECTION('ref_axis',(-0.125874125873244,0.992046220916972,0.));
#3683=DIRECTION('center_axis',(0.,0.,1.));
#3684=DIRECTION('ref_axis',(0.1258741258714,-0.992046220917207,0.));
#3685=DIRECTION('center_axis',(0.,0.,1.));
#3686=DIRECTION('ref_axis',(-1.,0.,0.));
#3687=DIRECTION('',(0.,-1.,0.));
#3688=DIRECTION('center_axis',(0.,0.,1.));
#3689=DIRECTION('ref_axis',(-0.707106781186547,0.707106781186547,0.));
#3690=DIRECTION('',(0.707106781186104,0.707106781186991,0.));
#3691=DIRECTION('center_axis',(0.,0.,1.));
#3692=DIRECTION('ref_axis',(0.707106781188397,-0.707106781184698,0.));
#3693=DIRECTION('',(0.,-1.,0.));
#3694=DIRECTION('center_axis',(0.,0.,1.));
#3695=DIRECTION('ref_axis',(1.,0.,0.));
#3696=DIRECTION('',(0.707106781186431,-0.707106781186664,0.));
#3697=DIRECTION('center_axis',(0.,0.,1.));
#3698=DIRECTION('ref_axis',(-1.,0.,0.));
#3699=DIRECTION('',(3.309812583777E-13,1.,0.));
#3700=DIRECTION('center_axis',(0.,0.,1.));
#3701=DIRECTION('ref_axis',(-0.707106781187732,0.707106781185363,0.));
#3702=DIRECTION('',(-0.707106781186839,-0.707106781186256,0.));
#3703=DIRECTION('center_axis',(0.,0.,1.));
#3704=DIRECTION('ref_axis',(0.612476162083386,0.79048905803914,0.));
#3705=DIRECTION('center_axis',(0.,0.,1.));
#3706=DIRECTION('ref_axis',(-0.612476162081946,-0.790489058040255,0.));
#3707=DIRECTION('center_axis',(0.,0.,1.));
#3708=DIRECTION('ref_axis',(-0.7071067811826,-0.707106781190495,0.));
#3709=DIRECTION('',(-0.707106781184504,0.707106781188591,0.));
#3710=DIRECTION('center_axis',(0.,0.,1.));
#3711=DIRECTION('ref_axis',(-1.,0.,0.));
#3712=DIRECTION('',(1.05958553526683E-13,-1.,0.));
#3713=DIRECTION('center_axis',(0.,0.,1.));
#3714=DIRECTION('ref_axis',(-0.707106781186547,0.707106781186547,0.));
#3715=DIRECTION('',(0.707106781186781,0.707106781186314,0.));
#3716=DIRECTION('center_axis',(0.,0.,1.));
#3717=DIRECTION('ref_axis',(0.707106781186547,-0.707106781186547,0.));
#3718=DIRECTION('',(0.,1.,0.));
#3719=DIRECTION('center_axis',(0.,0.,1.));
#3720=DIRECTION('ref_axis',(1.,0.,0.));
#3721=DIRECTION('',(0.707106781186804,-0.707106781186291,0.));
#3722=DIRECTION('center_axis',(0.,0.,1.));
#3723=DIRECTION('ref_axis',(-1.,0.,0.));
#3724=DIRECTION('',(1.48341974937749E-12,1.,0.));
#3725=DIRECTION('center_axis',(0.,0.,1.));
#3726=DIRECTION('ref_axis',(0.853146853123266,0.521670822459784,0.));
#3727=DIRECTION('center_axis',(0.,0.,1.));
#3728=DIRECTION('ref_axis',(-0.85314685312632,-0.52167082245479,0.));
#3729=DIRECTION('center_axis',(0.,0.,1.));
#3730=DIRECTION('ref_axis',(-1.,0.,0.));
#3731=DIRECTION('',(0.,1.,0.));
#3732=DIRECTION('center_axis',(0.,0.,1.));
#3733=DIRECTION('ref_axis',(-0.707106781181021,0.707106781192074,0.));
#3734=DIRECTION('',(0.707106781187057,0.707106781186038,0.));
#3735=DIRECTION('center_axis',(0.,0.,1.));
#3736=DIRECTION('ref_axis',(0.,1.,0.));
#3737=DIRECTION('',(-1.,1.1935199289922E-13,0.));
#3738=DIRECTION('center_axis',(0.,0.,1.));
#3739=DIRECTION('ref_axis',(0.707106781186548,0.707106781186548,0.));
#3740=DIRECTION('',(-0.707106781186866,0.707106781186229,0.));
#3741=DIRECTION('center_axis',(0.,0.,1.));
#3742=DIRECTION('ref_axis',(-0.707106781186547,-0.707106781186547,0.));
#3743=DIRECTION('',(-1.,0.,0.));
#3744=DIRECTION('center_axis',(0.,0.,1.));
#3745=DIRECTION('ref_axis',(0.,-1.,0.));
#3746=DIRECTION('',(0.707106781186866,0.707106781186229,0.));
#3747=DIRECTION('center_axis',(0.,0.,1.));
#3748=DIRECTION('ref_axis',(0.,1.,0.));
#3749=DIRECTION('',(-1.,0.,0.));
#3750=DIRECTION('center_axis',(0.,0.,1.));
#3751=DIRECTION('ref_axis',(0.707106781186548,0.707106781186548,0.));
#3752=DIRECTION('',(-0.707106781186823,0.707106781186272,0.));
#3753=DIRECTION('center_axis',(0.,0.,1.));
#3754=DIRECTION('ref_axis',(1.,0.,0.));
#3755=DIRECTION('',(0.,1.,0.));
#3756=DIRECTION('center_axis',(0.,0.,-1.));
#3757=DIRECTION('ref_axis',(1.,0.,0.));
#3758=DIRECTION('center_axis',(0.,0.,-1.));
#3759=DIRECTION('ref_axis',(1.,0.,0.));
#3760=DIRECTION('center_axis',(0.,0.,-1.));
#3761=DIRECTION('ref_axis',(0.151060990105931,-0.988524444446477,0.));
#3762=DIRECTION('center_axis',(0.,0.,1.));
#3763=DIRECTION('ref_axis',(-0.478974120124576,-0.877829022219525,0.));
#3764=DIRECTION('center_axis',(0.,0.,-1.));
#3765=DIRECTION('ref_axis',(0.478974120125597,0.877829022218968,0.));
#3766=DIRECTION('center_axis',(0.,0.,1.));
#3767=DIRECTION('ref_axis',(-0.988524444448973,-0.151060990089598,0.));
#3768=DIRECTION('center_axis',(0.,0.,-1.));
#3769=DIRECTION('ref_axis',(0.988524444445991,0.151060990109108,0.));
#3770=DIRECTION('center_axis',(0.,0.,1.));
#3771=DIRECTION('ref_axis',(0.877829022219525,-0.478974120124576,0.));
#3772=DIRECTION('center_axis',(0.,0.,-1.));
#3773=DIRECTION('ref_axis',(-0.877829022219223,0.47897412012513,0.));
#3774=DIRECTION('center_axis',(0.,0.,1.));
#3775=DIRECTION('ref_axis',(0.151060990101518,-0.988524444447151,0.));
#3776=DIRECTION('center_axis',(0.,0.,-1.));
#3777=DIRECTION('ref_axis',(-0.15106099010752,0.988524444446234,0.));
#3778=DIRECTION('center_axis',(0.,0.,1.));
#3779=DIRECTION('ref_axis',(0.478974120124576,0.877829022219525,0.));
#3780=DIRECTION('center_axis',(0.,0.,-1.));
#3781=DIRECTION('ref_axis',(-0.478974120125557,-0.87782902221899,0.));
#3782=DIRECTION('center_axis',(0.,0.,1.));
#3783=DIRECTION('ref_axis',(0.988524444448366,0.151060990093571,0.));
#3784=DIRECTION('center_axis',(0.,0.,-1.));
#3785=DIRECTION('ref_axis',(-0.988524444445991,-0.151060990109108,0.));
#3786=DIRECTION('center_axis',(0.,0.,1.));
#3787=DIRECTION('ref_axis',(-0.877829022219525,0.478974120124576,0.));
#3788=DIRECTION('center_axis',(0.,0.,-1.));
#3789=DIRECTION('ref_axis',(0.877829022219112,-0.478974120125333,0.));
#3790=DIRECTION('center_axis',(0.,0.,1.));
#3791=DIRECTION('ref_axis',(-0.151060990101518,0.988524444447151,0.));
#3792=DIRECTION('center_axis',(0.,0.,-1.));
#3793=DIRECTION('ref_axis',(1.,0.,0.));
#3794=DIRECTION('center_axis',(0.,0.,-1.));
#3795=DIRECTION('ref_axis',(1.,0.,0.));
#3796=DIRECTION('center_axis',(0.,0.,-1.));
#3797=DIRECTION('ref_axis',(1.,0.,0.));
#3798=DIRECTION('center_axis',(0.,0.,-1.));
#3799=DIRECTION('ref_axis',(1.,0.,0.));
#3800=DIRECTION('center_axis',(0.,0.,-1.));
#3801=DIRECTION('ref_axis',(1.,0.,0.));
#3802=DIRECTION('center_axis',(0.,0.,-1.));
#3803=DIRECTION('ref_axis',(1.,0.,0.));
#3804=DIRECTION('center_axis',(0.,0.,-1.));
#3805=DIRECTION('ref_axis',(1.,0.,0.));
#3806=DIRECTION('center_axis',(0.,0.,-1.));
#3807=DIRECTION('ref_axis',(1.,0.,0.));
#3808=DIRECTION('center_axis',(0.,0.,-1.));
#3809=DIRECTION('ref_axis',(1.,0.,0.));
#3810=DIRECTION('center_axis',(0.,0.,-1.));
#3811=DIRECTION('ref_axis',(1.,0.,0.));
#3812=DIRECTION('center_axis',(0.,0.,-1.));
#3813=DIRECTION('ref_axis',(1.,0.,0.));
#3814=DIRECTION('center_axis',(0.,0.,1.));
#3815=DIRECTION('ref_axis',(1.,0.,0.));
#3816=DIRECTION('',(0.,0.,1.));
#3817=DIRECTION('center_axis',(0.,0.,-1.));
#3818=DIRECTION('ref_axis',(1.,0.,0.));
#3819=DIRECTION('center_axis',(0.,0.,-1.));
#3820=DIRECTION('ref_axis',(1.,0.,0.));
#3821=DIRECTION('center_axis',(0.,0.,1.));
#3822=DIRECTION('ref_axis',(1.,0.,0.));
#3823=DIRECTION('',(-0.707106781186547,8.65956056235492E-17,-0.707106781186548));
#3824=DIRECTION('center_axis',(0.,0.,1.));
#3825=DIRECTION('ref_axis',(1.,0.,0.));
#3826=DIRECTION('',(0.,0.,1.));
#3827=DIRECTION('center_axis',(0.,0.,-1.));
#3828=DIRECTION('ref_axis',(1.,0.,0.));
#3829=DIRECTION('center_axis',(0.,0.,-1.));
#3830=DIRECTION('ref_axis',(1.,0.,0.));
#3831=DIRECTION('center_axis',(0.,0.,1.));
#3832=DIRECTION('ref_axis',(1.,0.,0.));
#3833=DIRECTION('',(-0.707106781186547,8.65956056235492E-17,-0.707106781186548));
#3834=DIRECTION('center_axis',(0.,0.,1.));
#3835=DIRECTION('ref_axis',(1.,0.,0.));
#3836=DIRECTION('',(0.,0.,1.));
#3837=DIRECTION('center_axis',(0.,0.,-1.));
#3838=DIRECTION('ref_axis',(1.,0.,0.));
#3839=DIRECTION('center_axis',(0.,0.,-1.));
#3840=DIRECTION('ref_axis',(1.,0.,0.));
#3841=DIRECTION('center_axis',(0.,0.,1.));
#3842=DIRECTION('ref_axis',(1.,0.,0.));
#3843=DIRECTION('',(-0.707106781186547,8.65956056235492E-17,-0.707106781186548));
#3844=DIRECTION('center_axis',(0.,0.,1.));
#3845=DIRECTION('ref_axis',(1.,0.,0.));
#3846=DIRECTION('',(0.,0.,1.));
#3847=DIRECTION('center_axis',(0.,0.,-1.));
#3848=DIRECTION('ref_axis',(1.,0.,0.));
#3849=DIRECTION('center_axis',(0.,0.,1.));
#3850=DIRECTION('ref_axis',(1.,0.,0.));
#3851=DIRECTION('',(0.,0.,1.));
#3852=DIRECTION('center_axis',(0.,0.,-1.));
#3853=DIRECTION('ref_axis',(1.,0.,0.));
#3854=DIRECTION('center_axis',(0.,0.,1.));
#3855=DIRECTION('ref_axis',(1.,0.,0.));
#3856=DIRECTION('',(0.,0.,1.));
#3857=DIRECTION('center_axis',(0.,0.,-1.));
#3858=DIRECTION('ref_axis',(1.,0.,0.));
#3859=DIRECTION('center_axis',(0.,0.,1.));
#3860=DIRECTION('ref_axis',(1.,0.,0.));
#3861=DIRECTION('',(0.,0.,1.));
#3862=DIRECTION('center_axis',(0.,0.,-1.));
#3863=DIRECTION('ref_axis',(1.,0.,0.));
#3864=DIRECTION('center_axis',(0.,0.,1.));
#3865=DIRECTION('ref_axis',(1.,0.,0.));
#3866=DIRECTION('',(0.,0.,1.));
#3867=DIRECTION('center_axis',(0.,0.,-1.));
#3868=DIRECTION('ref_axis',(1.,0.,0.));
#3869=DIRECTION('center_axis',(0.,0.,1.));
#3870=DIRECTION('ref_axis',(1.,0.,0.));
#3871=DIRECTION('',(0.,0.,1.));
#3872=DIRECTION('center_axis',(0.,0.,-1.));
#3873=DIRECTION('ref_axis',(1.,0.,0.));
#3874=DIRECTION('center_axis',(0.,0.,1.));
#3875=DIRECTION('ref_axis',(1.,0.,0.));
#3876=DIRECTION('',(0.,0.,1.));
#3877=DIRECTION('center_axis',(0.,0.,-1.));
#3878=DIRECTION('ref_axis',(1.,0.,0.));
#3879=DIRECTION('center_axis',(0.,0.,1.));
#3880=DIRECTION('ref_axis',(1.,0.,0.));
#3881=DIRECTION('',(0.,0.,1.));
#3882=DIRECTION('center_axis',(0.,0.,-1.));
#3883=DIRECTION('ref_axis',(1.,0.,0.));
#3884=DIRECTION('center_axis',(0.,0.,1.));
#3885=DIRECTION('ref_axis',(1.,0.,0.));
#3886=DIRECTION('',(0.,0.,1.));
#3887=DIRECTION('center_axis',(0.,0.,-1.));
#3888=DIRECTION('ref_axis',(1.,0.,0.));
#3889=DIRECTION('center_axis',(0.,0.,1.));
#3890=DIRECTION('ref_axis',(1.,0.,0.));
#3891=DIRECTION('',(0.,0.,1.));
#3892=DIRECTION('center_axis',(0.,0.,-1.));
#3893=DIRECTION('ref_axis',(1.,0.,0.));
#3894=DIRECTION('center_axis',(0.,0.,1.));
#3895=DIRECTION('ref_axis',(1.,0.,0.));
#3896=DIRECTION('',(0.,0.,1.));
#3897=DIRECTION('center_axis',(0.,0.,-1.));
#3898=DIRECTION('ref_axis',(1.,0.,0.));
#3899=DIRECTION('center_axis',(0.,0.,1.));
#3900=DIRECTION('ref_axis',(-0.478974120124576,-0.877829022219525,0.));
#3901=DIRECTION('',(0.,0.,1.));
#3902=DIRECTION('center_axis',(0.,0.,1.));
#3903=DIRECTION('ref_axis',(-0.478974120124576,-0.877829022219525,0.));
#3904=DIRECTION('',(0.,0.,1.));
#3905=DIRECTION('center_axis',(0.,0.,1.));
#3906=DIRECTION('ref_axis',(0.478974120125597,0.877829022218968,0.));
#3907=DIRECTION('center_axis',(0.,0.,-1.));
#3908=DIRECTION('ref_axis',(0.478974120125597,0.877829022218968,0.));
#3909=DIRECTION('',(0.,0.,1.));
#3910=DIRECTION('center_axis',(0.,0.,1.));
#3911=DIRECTION('ref_axis',(-0.988524444448973,-0.151060990089598,0.));
#3912=DIRECTION('center_axis',(0.,0.,1.));
#3913=DIRECTION('ref_axis',(-0.988524444448973,-0.151060990089598,0.));
#3914=DIRECTION('',(0.,0.,1.));
#3915=DIRECTION('center_axis',(0.,0.,1.));
#3916=DIRECTION('ref_axis',(-0.707106781189154,0.707106781183941,0.));
#3917=DIRECTION('center_axis',(0.,0.,-1.));
#3918=DIRECTION('ref_axis',(0.988524444445991,0.151060990109108,0.));
#3919=DIRECTION('',(0.,0.,1.));
#3920=DIRECTION('center_axis',(0.,0.,1.));
#3921=DIRECTION('ref_axis',(0.877829022219525,-0.478974120124576,0.));
#3922=DIRECTION('center_axis',(0.,0.,1.));
#3923=DIRECTION('ref_axis',(0.877829022219525,-0.478974120124576,0.));
#3924=DIRECTION('',(0.,0.,1.));
#3925=DIRECTION('center_axis',(0.,0.,1.));
#3926=DIRECTION('ref_axis',(-0.877829022219223,0.47897412012513,0.));
#3927=DIRECTION('center_axis',(0.,0.,-1.));
#3928=DIRECTION('ref_axis',(-0.877829022219223,0.47897412012513,0.));
#3929=DIRECTION('',(0.,0.,1.));
#3930=DIRECTION('center_axis',(0.,0.,1.));
#3931=DIRECTION('ref_axis',(0.151060990101518,-0.988524444447151,0.));
#3932=DIRECTION('center_axis',(0.,0.,1.));
#3933=DIRECTION('ref_axis',(0.151060990101518,-0.988524444447151,0.));
#3934=DIRECTION('',(0.,0.,1.));
#3935=DIRECTION('center_axis',(0.,0.,1.));
#3936=DIRECTION('ref_axis',(-0.707106781187118,-0.707106781185977,0.));
#3937=DIRECTION('center_axis',(0.,0.,-1.));
#3938=DIRECTION('ref_axis',(-0.15106099010752,0.988524444446234,0.));
#3939=DIRECTION('',(0.,0.,1.));
#3940=DIRECTION('center_axis',(0.,0.,1.));
#3941=DIRECTION('ref_axis',(0.478974120124576,0.877829022219525,0.));
#3942=DIRECTION('center_axis',(0.,0.,1.));
#3943=DIRECTION('ref_axis',(0.478974120124576,0.877829022219525,0.));
#3944=DIRECTION('',(0.,0.,1.));
#3945=DIRECTION('center_axis',(0.,0.,1.));
#3946=DIRECTION('ref_axis',(-0.478974120125557,-0.87782902221899,0.));
#3947=DIRECTION('center_axis',(0.,0.,-1.));
#3948=DIRECTION('ref_axis',(-0.478974120125557,-0.87782902221899,0.));
#3949=DIRECTION('',(0.,0.,1.));
#3950=DIRECTION('center_axis',(0.,0.,1.));
#3951=DIRECTION('ref_axis',(0.988524444448366,0.151060990093571,0.));
#3952=DIRECTION('center_axis',(0.,0.,1.));
#3953=DIRECTION('ref_axis',(0.988524444448366,0.151060990093571,0.));
#3954=DIRECTION('',(0.,0.,1.));
#3955=DIRECTION('center_axis',(0.,0.,1.));
#3956=DIRECTION('ref_axis',(0.707106781187616,-0.707106781185479,0.));
#3957=DIRECTION('center_axis',(0.,0.,-1.));
#3958=DIRECTION('ref_axis',(-0.988524444445991,-0.151060990109108,0.));
#3959=DIRECTION('',(0.,0.,1.));
#3960=DIRECTION('center_axis',(0.,0.,1.));
#3961=DIRECTION('ref_axis',(-0.877829022219525,0.478974120124576,0.));
#3962=DIRECTION('center_axis',(0.,0.,1.));
#3963=DIRECTION('ref_axis',(-0.877829022219525,0.478974120124576,0.));
#3964=DIRECTION('',(0.,0.,1.));
#3965=DIRECTION('center_axis',(0.,0.,1.));
#3966=DIRECTION('ref_axis',(0.877829022219112,-0.478974120125333,0.));
#3967=DIRECTION('center_axis',(0.,0.,-1.));
#3968=DIRECTION('ref_axis',(0.877829022219112,-0.478974120125333,0.));
#3969=DIRECTION('',(0.,0.,1.));
#3970=DIRECTION('center_axis',(0.,0.,1.));
#3971=DIRECTION('ref_axis',(-0.151060990101518,0.988524444447151,0.));
#3972=DIRECTION('center_axis',(0.,0.,1.));
#3973=DIRECTION('ref_axis',(-0.151060990101518,0.988524444447151,0.));
#3974=DIRECTION('',(0.,0.,1.));
#3975=DIRECTION('center_axis',(0.,0.,1.));
#3976=DIRECTION('ref_axis',(0.707106781185638,0.707106781187457,0.));
#3977=DIRECTION('center_axis',(0.,0.,-1.));
#3978=DIRECTION('ref_axis',(0.151060990105931,-0.988524444446477,0.));
#3979=DIRECTION('center_axis',(0.,0.,1.));
#3980=DIRECTION('ref_axis',(-0.839682217747399,-0.543078054425705,0.));
#3981=DIRECTION('',(0.,0.,1.));
#3982=DIRECTION('center_axis',(0.,0.,-1.));
#3983=DIRECTION('ref_axis',(-0.1258741258714,0.992046220917207,0.));
#3984=DIRECTION('',(0.,0.,1.));
#3985=DIRECTION('center_axis',(0.,0.,1.));
#3986=DIRECTION('ref_axis',(1.,0.,0.));
#3987=DIRECTION('center_axis',(0.,0.,1.));
#3988=DIRECTION('ref_axis',(1.,0.,0.));
#3989=DIRECTION('',(0.,0.,1.));
#3990=DIRECTION('center_axis',(1.,2.22512962406623E-12,0.));
#3991=DIRECTION('ref_axis',(-2.22512962406623E-12,1.,0.));
#3992=DIRECTION('',(-2.22512962406623E-12,1.,0.));
#3993=DIRECTION('',(0.,0.,1.));
#3994=DIRECTION('center_axis',(0.,0.,1.));
#3995=DIRECTION('ref_axis',(0.707106781186547,-0.707106781186547,0.));
#3996=DIRECTION('center_axis',(0.,0.,1.));
#3997=DIRECTION('ref_axis',(0.707106781186547,-0.707106781186547,0.));
#3998=DIRECTION('',(0.,0.,1.));
#3999=DIRECTION('center_axis',(0.707106781186501,-0.707106781186594,0.));
#4000=DIRECTION('ref_axis',(0.707106781186594,0.707106781186501,0.));
#4001=DIRECTION('',(0.707106781186594,0.707106781186501,0.));
#4002=DIRECTION('',(0.,0.,1.));
#4003=DIRECTION('center_axis',(0.,0.,1.));
#4004=DIRECTION('ref_axis',(-0.707106781185454,0.707106781187641,0.));
#4005=DIRECTION('center_axis',(0.,0.,-1.));
#4006=DIRECTION('ref_axis',(-0.707106781185454,0.707106781187641,0.));
#4007=DIRECTION('',(0.,0.,1.));
#4008=DIRECTION('center_axis',(1.,0.,0.));
#4009=DIRECTION('ref_axis',(0.,1.,0.));
#4010=DIRECTION('',(0.,1.,0.));
#4011=DIRECTION('',(0.,0.,1.));
#4012=DIRECTION('center_axis',(0.,0.,1.));
#4013=DIRECTION('ref_axis',(-1.,0.,0.));
#4014=DIRECTION('center_axis',(0.,0.,-1.));
#4015=DIRECTION('ref_axis',(-1.,0.,0.));
#4016=DIRECTION('',(0.,0.,1.));
#4017=DIRECTION('center_axis',(0.707106781186501,0.707106781186594,0.));
#4018=DIRECTION('ref_axis',(-0.707106781186594,0.707106781186501,0.));
#4019=DIRECTION('',(-0.707106781186594,0.707106781186501,0.));
#4020=DIRECTION('',(0.,0.,1.));
#4021=DIRECTION('center_axis',(0.,0.,1.));
#4022=DIRECTION('ref_axis',(1.,0.,0.));
#4023=DIRECTION('center_axis',(0.,0.,1.));
#4024=DIRECTION('ref_axis',(1.,0.,0.));
#4025=DIRECTION('',(0.,0.,1.));
#4026=DIRECTION('center_axis',(1.,-7.41709874686778E-13,0.));
#4027=DIRECTION('ref_axis',(7.41709874686778E-13,1.,0.));
#4028=DIRECTION('',(7.41709874686778E-13,1.,0.));
#4029=DIRECTION('',(0.,0.,1.));
#4030=DIRECTION('center_axis',(0.,0.,1.));
#4031=DIRECTION('ref_axis',(0.707106781186942,-0.707106781186153,0.));
#4032=DIRECTION('center_axis',(0.,0.,1.));
#4033=DIRECTION('ref_axis',(0.707106781186942,-0.707106781186153,0.));
#4034=DIRECTION('',(0.,0.,1.));
#4035=DIRECTION('center_axis',(0.707106781188007,-0.707106781185088,0.));
#4036=DIRECTION('ref_axis',(0.707106781185088,0.707106781188007,0.));
#4037=DIRECTION('',(0.707106781185088,0.707106781188007,0.));
#4038=DIRECTION('',(0.,0.,1.));
#4039=DIRECTION('center_axis',(0.,0.,1.));
#4040=DIRECTION('ref_axis',(-0.612476162073643,-0.790489058046688,0.));
#4041=DIRECTION('center_axis',(0.,0.,1.));
#4042=DIRECTION('ref_axis',(-0.612476162073643,-0.790489058046688,0.));
#4043=DIRECTION('',(0.,0.,1.));
#4044=DIRECTION('center_axis',(0.,0.,1.));
#4045=DIRECTION('ref_axis',(-1.,1.19182441693505E-13,0.));
#4046=DIRECTION('center_axis',(0.,0.,-1.));
#4047=DIRECTION('ref_axis',(0.612476162083743,0.790489058038863,0.));
#4048=DIRECTION('',(0.,0.,1.));
#4049=DIRECTION('center_axis',(0.,0.,1.));
#4050=DIRECTION('ref_axis',(0.707106781179442,0.707106781193653,0.));
#4051=DIRECTION('center_axis',(0.,0.,1.));
#4052=DIRECTION('ref_axis',(0.707106781179442,0.707106781193653,0.));
#4053=DIRECTION('',(0.,0.,1.));
#4054=DIRECTION('center_axis',(0.707106781186548,0.707106781186548,0.));
#4055=DIRECTION('ref_axis',(-0.707106781186548,0.707106781186548,0.));
#4056=DIRECTION('',(-0.707106781186547,0.707106781186547,0.));
#4057=DIRECTION('',(0.,0.,1.));
#4058=DIRECTION('center_axis',(0.,0.,1.));
#4059=DIRECTION('ref_axis',(1.,0.,0.));
#4060=DIRECTION('center_axis',(0.,0.,1.));
#4061=DIRECTION('ref_axis',(1.,0.,0.));
#4062=DIRECTION('',(0.,0.,1.));
#4063=DIRECTION('center_axis',(1.,0.,0.));
#4064=DIRECTION('ref_axis',(0.,1.,0.));
#4065=DIRECTION('',(0.,1.,0.));
#4066=DIRECTION('',(0.,0.,1.));
#4067=DIRECTION('center_axis',(0.,0.,1.));
#4068=DIRECTION('ref_axis',(0.707106781186379,-0.707106781186716,0.));
#4069=DIRECTION('center_axis',(0.,0.,1.));
#4070=DIRECTION('ref_axis',(0.707106781186379,-0.707106781186716,0.));
#4071=DIRECTION('',(0.,0.,1.));
#4072=DIRECTION('center_axis',(0.707106781186687,-0.707106781186408,0.));
#4073=DIRECTION('ref_axis',(0.707106781186408,0.707106781186687,0.));
#4074=DIRECTION('',(0.707106781186408,0.707106781186687,0.));
#4075=DIRECTION('',(0.,0.,1.));
#4076=DIRECTION('center_axis',(0.,0.,1.));
#4077=DIRECTION('ref_axis',(-0.707106781186547,0.707106781186547,0.));
#4078=DIRECTION('center_axis',(0.,0.,-1.));
#4079=DIRECTION('ref_axis',(-0.707106781186547,0.707106781186547,0.));
#4080=DIRECTION('',(0.,0.,1.));
#4081=DIRECTION('center_axis',(1.,8.87544894097729E-14,0.));
#4082=DIRECTION('ref_axis',(-8.87544894097729E-14,1.,0.));
#4083=DIRECTION('',(-8.87544894097729E-14,1.,0.));
#4084=DIRECTION('',(0.,0.,1.));
#4085=DIRECTION('center_axis',(0.,0.,1.));
#4086=DIRECTION('ref_axis',(-1.,0.,0.));
#4087=DIRECTION('center_axis',(0.,0.,-1.));
#4088=DIRECTION('ref_axis',(-1.,0.,0.));
#4089=DIRECTION('',(0.,0.,1.));
#4090=DIRECTION('center_axis',(0.707106781186594,0.707106781186501,0.));
#4091=DIRECTION('ref_axis',(-0.707106781186501,0.707106781186594,0.));
#4092=DIRECTION('',(-0.707106781186501,0.707106781186594,0.));
#4093=DIRECTION('',(0.,0.,1.));
#4094=DIRECTION('center_axis',(0.,0.,1.));
#4095=DIRECTION('ref_axis',(1.,0.,0.));
#4096=DIRECTION('center_axis',(0.,0.,1.));
#4097=DIRECTION('ref_axis',(1.,0.,0.));
#4098=DIRECTION('',(0.,0.,1.));
#4099=DIRECTION('center_axis',(1.,0.,0.));
#4100=DIRECTION('ref_axis',(0.,1.,0.));
#4101=DIRECTION('',(0.,1.,0.));
#4102=DIRECTION('',(0.,0.,1.));
#4103=DIRECTION('center_axis',(0.,0.,1.));
#4104=DIRECTION('ref_axis',(-0.853146853153997,-0.521670822409527,0.));
#4105=DIRECTION('center_axis',(0.,0.,1.));
#4106=DIRECTION('ref_axis',(-0.853146853153997,-0.521670822409527,0.));
#4107=DIRECTION('',(0.,0.,1.));
#4108=DIRECTION('center_axis',(0.,0.,1.));
#4109=DIRECTION('ref_axis',(-0.839682217749482,0.543078054422485,0.));
#4110=DIRECTION('center_axis',(0.,0.,-1.));
#4111=DIRECTION('ref_axis',(0.853146853122008,0.521670822461843,0.));
#4112=DIRECTION('',(0.,0.,1.));
#4113=DIRECTION('center_axis',(0.,0.,1.));
#4114=DIRECTION('ref_axis',(1.,0.,0.));
#4115=DIRECTION('center_axis',(0.,0.,1.));
#4116=DIRECTION('ref_axis',(1.,0.,0.));
#4117=DIRECTION('',(0.,0.,1.));
#4118=DIRECTION('center_axis',(1.,0.,0.));
#4119=DIRECTION('ref_axis',(0.,1.,0.));
#4120=DIRECTION('',(0.,1.,0.));
#4121=DIRECTION('',(0.,0.,1.));
#4122=DIRECTION('center_axis',(0.,0.,1.));
#4123=DIRECTION('ref_axis',(0.707106781186548,-0.707106781186548,0.));
#4124=DIRECTION('center_axis',(0.,0.,1.));
#4125=DIRECTION('ref_axis',(0.707106781186548,-0.707106781186548,0.));
#4126=DIRECTION('',(0.,0.,1.));
#4127=DIRECTION('center_axis',(0.707106781186024,-0.707106781187071,0.));
#4128=DIRECTION('ref_axis',(0.707106781187071,0.707106781186024,0.));
#4129=DIRECTION('',(0.707106781187071,0.707106781186024,0.));
#4130=DIRECTION('',(0.,0.,1.));
#4131=DIRECTION('center_axis',(0.,0.,1.));
#4132=DIRECTION('ref_axis',(0.,-1.,0.));
#4133=DIRECTION('center_axis',(0.,0.,1.));
#4134=DIRECTION('ref_axis',(0.,-1.,0.));
#4135=DIRECTION('',(0.,0.,1.));
#4136=DIRECTION('center_axis',(1.53606659686579E-13,-1.,0.));
#4137=DIRECTION('ref_axis',(1.,1.53606659686579E-13,0.));
#4138=DIRECTION('',(1.,1.53606659686579E-13,0.));
#4139=DIRECTION('',(0.,0.,1.));
#4140=DIRECTION('center_axis',(0.,0.,1.));
#4141=DIRECTION('ref_axis',(-0.70710678118542,-0.707106781187675,0.));
#4142=DIRECTION('center_axis',(0.,0.,1.));
#4143=DIRECTION('ref_axis',(-0.70710678118542,-0.707106781187675,0.));
#4144=DIRECTION('',(0.,0.,1.));
#4145=DIRECTION('center_axis',(-0.707106781186548,-0.707106781186548,0.));
#4146=DIRECTION('ref_axis',(0.707106781186548,-0.707106781186548,0.));
#4147=DIRECTION('',(0.707106781186547,-0.707106781186547,0.));
#4148=DIRECTION('',(0.,0.,1.));
#4149=DIRECTION('center_axis',(0.,0.,1.));
#4150=DIRECTION('ref_axis',(-0.707106781180232,0.707106781192863,0.));
#4151=DIRECTION('center_axis',(0.,0.,1.));
#4152=DIRECTION('ref_axis',(-0.707106781180232,0.707106781192863,0.));
#4153=DIRECTION('',(0.,0.,1.));
#4154=DIRECTION('center_axis',(-0.707106781185406,0.707106781187689,0.));
#4155=DIRECTION('ref_axis',(-0.707106781187689,-0.707106781185406,0.));
#4156=DIRECTION('',(-0.707106781187689,-0.707106781185406,0.));
#4157=DIRECTION('',(0.,0.,1.));
#4158=DIRECTION('center_axis',(0.,0.,1.));
#4159=DIRECTION('ref_axis',(0.61453469734687,0.788889793163019,0.));
#4160=DIRECTION('center_axis',(0.,0.,1.));
#4161=DIRECTION('ref_axis',(0.61453469734687,0.788889793163019,0.));
#4162=DIRECTION('',(0.,0.,1.));
#4163=DIRECTION('center_axis',(0.,0.,1.));
#4164=DIRECTION('ref_axis',(1.,-1.42420797377697E-12,0.));
#4165=DIRECTION('center_axis',(0.,0.,-1.));
#4166=DIRECTION('ref_axis',(-0.61453469734896,-0.78888979316139,0.));
#4167=DIRECTION('',(0.,0.,1.));
#4168=DIRECTION('center_axis',(0.,0.,1.));
#4169=DIRECTION('ref_axis',(-0.707106781177074,-0.707106781196021,0.));
#4170=DIRECTION('center_axis',(0.,0.,1.));
#4171=DIRECTION('ref_axis',(-0.707106781177074,-0.707106781196021,0.));
#4172=DIRECTION('',(0.,0.,1.));
#4173=DIRECTION('center_axis',(-0.707106781186548,-0.707106781186548,0.));
#4174=DIRECTION('ref_axis',(0.707106781186548,-0.707106781186548,0.));
#4175=DIRECTION('',(0.707106781186547,-0.707106781186547,0.));
#4176=DIRECTION('',(0.,0.,1.));
#4177=DIRECTION('center_axis',(0.,0.,1.));
#4178=DIRECTION('ref_axis',(-1.,0.,0.));
#4179=DIRECTION('center_axis',(0.,0.,1.));
#4180=DIRECTION('ref_axis',(-1.,0.,0.));
#4181=DIRECTION('',(0.,0.,1.));
#4182=DIRECTION('center_axis',(-1.,-4.15784556888968E-13,0.));
#4183=DIRECTION('ref_axis',(4.15784556888968E-13,-1.,0.));
#4184=DIRECTION('',(4.15784556888968E-13,-1.,0.));
#4185=DIRECTION('',(0.,0.,1.));
#4186=DIRECTION('center_axis',(0.,0.,1.));
#4187=DIRECTION('ref_axis',(0.,1.,0.));
#4188=DIRECTION('center_axis',(0.,0.,1.));
#4189=DIRECTION('ref_axis',(0.,1.,0.));
#4190=DIRECTION('',(0.,0.,1.));
#4191=DIRECTION('center_axis',(-3.93652485185259E-12,1.,0.));
#4192=DIRECTION('ref_axis',(-1.,-3.93652485185259E-12,0.));
#4193=DIRECTION('',(-1.,-3.93652485185259E-12,0.));
#4194=DIRECTION('',(0.,0.,1.));
#4195=DIRECTION('center_axis',(0.,0.,1.));
#4196=DIRECTION('ref_axis',(0.,-1.,0.));
#4197=DIRECTION('center_axis',(0.,0.,-1.));
#4198=DIRECTION('ref_axis',(0.,-1.,0.));
#4199=DIRECTION('',(0.,0.,1.));
#4200=DIRECTION('center_axis',(-1.9682624259263E-12,-1.,0.));
#4201=DIRECTION('ref_axis',(1.,-1.9682624259263E-12,0.));
#4202=DIRECTION('',(1.,-1.9682624259263E-12,0.));
#4203=DIRECTION('',(0.,0.,1.));
#4204=DIRECTION('center_axis',(0.,0.,1.));
#4205=DIRECTION('ref_axis',(-1.,0.,0.));
#4206=DIRECTION('center_axis',(0.,0.,1.));
#4207=DIRECTION('ref_axis',(-1.,0.,0.));
#4208=DIRECTION('',(0.,0.,1.));
#4209=DIRECTION('center_axis',(-1.,2.50447358452173E-12,0.));
#4210=DIRECTION('ref_axis',(-2.50447358452173E-12,-1.,0.));
#4211=DIRECTION('',(-2.50447358452173E-12,-1.,0.));
#4212=DIRECTION('',(0.,0.,1.));
#4213=DIRECTION('center_axis',(0.,0.,1.));
#4214=DIRECTION('ref_axis',(1.,0.,0.));
#4215=DIRECTION('center_axis',(0.,0.,-1.));
#4216=DIRECTION('ref_axis',(1.,0.,0.));
#4217=DIRECTION('',(0.,0.,1.));
#4218=DIRECTION('center_axis',(0.,-1.,0.));
#4219=DIRECTION('ref_axis',(1.,0.,0.));
#4220=DIRECTION('',(1.,0.,0.));
#4221=DIRECTION('',(0.,0.,1.));
#4222=DIRECTION('center_axis',(0.,0.,1.));
#4223=DIRECTION('ref_axis',(0.,1.,0.));
#4224=DIRECTION('center_axis',(0.,0.,-1.));
#4225=DIRECTION('ref_axis',(0.,1.,0.));
#4226=DIRECTION('',(0.,0.,1.));
#4227=DIRECTION('center_axis',(1.,2.06250765784143E-12,0.));
#4228=DIRECTION('ref_axis',(-2.06250765784143E-12,1.,0.));
#4229=DIRECTION('',(-2.06250765784143E-12,1.,0.));
#4230=DIRECTION('',(0.,0.,1.));
#4231=DIRECTION('center_axis',(0.,0.,1.));
#4232=DIRECTION('ref_axis',(0.,-1.,0.));
#4233=DIRECTION('center_axis',(0.,0.,1.));
#4234=DIRECTION('ref_axis',(0.,-1.,0.));
#4235=DIRECTION('',(0.,0.,1.));
#4236=DIRECTION('center_axis',(1.968262425928E-12,-1.,0.));
#4237=DIRECTION('ref_axis',(1.,1.968262425928E-12,0.));
#4238=DIRECTION('',(1.,1.968262425928E-12,0.));
#4239=DIRECTION('',(0.,0.,1.));
#4240=DIRECTION('center_axis',(0.,0.,1.));
#4241=DIRECTION('ref_axis',(3.51887831047037E-12,1.,0.));
#4242=DIRECTION('center_axis',(0.,0.,-1.));
#4243=DIRECTION('ref_axis',(3.51887831047037E-12,1.,0.));
#4244=DIRECTION('',(0.,0.,1.));
#4245=DIRECTION('center_axis',(3.77906385778176E-12,1.,0.));
#4246=DIRECTION('ref_axis',(-1.,3.77906385778176E-12,0.));
#4247=DIRECTION('',(-1.,3.77906385778176E-12,0.));
#4248=DIRECTION('',(0.,0.,1.));
#4249=DIRECTION('center_axis',(0.,0.,1.));
#4250=DIRECTION('ref_axis',(1.,0.,0.));
#4251=DIRECTION('center_axis',(0.,0.,1.));
#4252=DIRECTION('ref_axis',(1.,0.,0.));
#4253=DIRECTION('',(0.,0.,1.));
#4254=DIRECTION('center_axis',(1.,-2.07892278444484E-13,0.));
#4255=DIRECTION('ref_axis',(2.07892278444484E-13,1.,0.));
#4256=DIRECTION('',(2.07892278444484E-13,1.,0.));
#4257=DIRECTION('',(0.,0.,1.));
#4258=DIRECTION('center_axis',(0.,0.,1.));
#4259=DIRECTION('ref_axis',(0.707106781186247,-0.707106781186848,0.));
#4260=DIRECTION('center_axis',(0.,0.,1.));
#4261=DIRECTION('ref_axis',(0.707106781186247,-0.707106781186848,0.));
#4262=DIRECTION('',(0.,0.,1.));
#4263=DIRECTION('center_axis',(0.707106781185039,-0.707106781188056,0.));
#4264=DIRECTION('ref_axis',(0.707106781188056,0.707106781185039,0.));
#4265=DIRECTION('',(0.707106781188056,0.707106781185039,0.));
#4266=DIRECTION('',(0.,0.,1.));
#4267=DIRECTION('center_axis',(0.,0.,1.));
#4268=DIRECTION('ref_axis',(-0.61453469734687,-0.788889793163019,0.));
#4269=DIRECTION('center_axis',(0.,0.,1.));
#4270=DIRECTION('ref_axis',(-0.61453469734687,-0.788889793163019,0.));
#4271=DIRECTION('',(0.,0.,1.));
#4272=DIRECTION('center_axis',(0.,0.,1.));
#4273=DIRECTION('ref_axis',(-1.,-2.84440439951583E-13,0.));
#4274=DIRECTION('center_axis',(0.,0.,-1.));
#4275=DIRECTION('ref_axis',(0.614534697346648,0.788889793163192,0.));
#4276=DIRECTION('',(0.,0.,1.));
#4277=DIRECTION('center_axis',(0.,0.,1.));
#4278=DIRECTION('ref_axis',(0.707106781186548,0.707106781186548,0.));
#4279=DIRECTION('center_axis',(0.,0.,1.));
#4280=DIRECTION('ref_axis',(0.707106781186548,0.707106781186548,0.));
#4281=DIRECTION('',(0.,0.,1.));
#4282=DIRECTION('center_axis',(0.707106781188342,0.707106781184753,0.));
#4283=DIRECTION('ref_axis',(-0.707106781184753,0.707106781188342,0.));
#4284=DIRECTION('',(-0.707106781184753,0.707106781188342,0.));
#4285=DIRECTION('',(0.,0.,1.));
#4286=DIRECTION('center_axis',(0.,0.,1.));
#4287=DIRECTION('ref_axis',(0.707106781182995,-0.7071067811901,0.));
#4288=DIRECTION('center_axis',(0.,0.,1.));
#4289=DIRECTION('ref_axis',(0.707106781182995,-0.7071067811901,0.));
#4290=DIRECTION('',(0.,0.,1.));
#4291=DIRECTION('center_axis',(0.70710678118517,-0.707106781187925,0.));
#4292=DIRECTION('ref_axis',(0.707106781187925,0.70710678118517,0.));
#4293=DIRECTION('',(0.707106781187925,0.70710678118517,0.));
#4294=DIRECTION('',(0.,0.,1.));
#4295=DIRECTION('center_axis',(0.,0.,1.));
#4296=DIRECTION('ref_axis',(0.,-1.,0.));
#4297=DIRECTION('center_axis',(0.,0.,1.));
#4298=DIRECTION('ref_axis',(0.,-1.,0.));
#4299=DIRECTION('',(0.,0.,1.));
#4300=DIRECTION('center_axis',(0.,-1.,0.));
#4301=DIRECTION('ref_axis',(1.,0.,0.));
#4302=DIRECTION('',(1.,0.,0.));
#4303=DIRECTION('',(0.,0.,1.));
#4304=DIRECTION('center_axis',(0.,0.,1.));
#4305=DIRECTION('ref_axis',(-0.707106781186548,-0.707106781186548,0.));
#4306=DIRECTION('center_axis',(0.,0.,1.));
#4307=DIRECTION('ref_axis',(-0.707106781186548,-0.707106781186548,0.));
#4308=DIRECTION('',(0.,0.,1.));
#4309=DIRECTION('center_axis',(-0.7071067811859,-0.707106781187195,0.));
#4310=DIRECTION('ref_axis',(0.707106781187195,-0.7071067811859,0.));
#4311=DIRECTION('',(0.707106781187195,-0.7071067811859,0.));
#4312=DIRECTION('',(0.,0.,1.));
#4313=DIRECTION('center_axis',(0.,0.,1.));
#4314=DIRECTION('ref_axis',(-1.,0.,0.));
#4315=DIRECTION('center_axis',(0.,0.,1.));
#4316=DIRECTION('ref_axis',(-1.,0.,0.));
#4317=DIRECTION('',(0.,0.,1.));
#4318=DIRECTION('center_axis',(-1.,0.,0.));
#4319=DIRECTION('ref_axis',(0.,-1.,0.));
#4320=DIRECTION('',(0.,-1.,0.));
#4321=DIRECTION('',(0.,0.,1.));
#4322=DIRECTION('center_axis',(0.,0.,1.));
#4323=DIRECTION('ref_axis',(-0.125874125873244,0.992046220916972,0.));
#4324=DIRECTION('center_axis',(0.,0.,1.));
#4325=DIRECTION('ref_axis',(-0.125874125873244,0.992046220916972,0.));
#4326=DIRECTION('',(0.,0.,1.));
#4327=DIRECTION('center_axis',(0.,0.,1.));
#4328=DIRECTION('ref_axis',(0.839682217749481,0.543078054422487,0.));
#4329=DIRECTION('center_axis',(0.,0.,-1.));
#4330=DIRECTION('ref_axis',(0.1258741258714,-0.992046220917207,0.));
#4331=DIRECTION('',(0.,0.,1.));
#4332=DIRECTION('center_axis',(0.,0.,1.));
#4333=DIRECTION('ref_axis',(-1.,0.,0.));
#4334=DIRECTION('center_axis',(0.,0.,1.));
#4335=DIRECTION('ref_axis',(-1.,0.,0.));
#4336=DIRECTION('',(0.,0.,1.));
#4337=DIRECTION('center_axis',(-1.,0.,0.));
#4338=DIRECTION('ref_axis',(0.,-1.,0.));
#4339=DIRECTION('',(0.,-1.,0.));
#4340=DIRECTION('',(0.,0.,1.));
#4341=DIRECTION('center_axis',(0.,0.,1.));
#4342=DIRECTION('ref_axis',(-0.707106781186547,0.707106781186547,0.));
#4343=DIRECTION('center_axis',(0.,0.,1.));
#4344=DIRECTION('ref_axis',(-0.707106781186547,0.707106781186547,0.));
#4345=DIRECTION('',(0.,0.,1.));
#4346=DIRECTION('center_axis',(-0.707106781186991,0.707106781186105,0.));
#4347=DIRECTION('ref_axis',(-0.707106781186105,-0.707106781186991,0.));
#4348=DIRECTION('',(-0.707106781186104,-0.707106781186991,0.));
#4349=DIRECTION('',(0.,0.,1.));
#4350=DIRECTION('center_axis',(0.,0.,1.));
#4351=DIRECTION('ref_axis',(0.707106781188397,-0.707106781184698,0.));
#4352=DIRECTION('center_axis',(0.,0.,-1.));
#4353=DIRECTION('ref_axis',(0.707106781188397,-0.707106781184698,0.));
#4354=DIRECTION('',(0.,0.,1.));
#4355=DIRECTION('center_axis',(-1.,0.,0.));
#4356=DIRECTION('ref_axis',(0.,-1.,0.));
#4357=DIRECTION('',(0.,-1.,0.));
#4358=DIRECTION('',(0.,0.,1.));
#4359=DIRECTION('center_axis',(0.,0.,1.));
#4360=DIRECTION('ref_axis',(1.,0.,0.));
#4361=DIRECTION('center_axis',(0.,0.,-1.));
#4362=DIRECTION('ref_axis',(1.,0.,0.));
#4363=DIRECTION('',(0.,0.,1.));
#4364=DIRECTION('center_axis',(-0.707106781186664,-0.707106781186431,0.));
#4365=DIRECTION('ref_axis',(0.707106781186431,-0.707106781186664,0.));
#4366=DIRECTION('',(0.707106781186431,-0.707106781186664,0.));
#4367=DIRECTION('',(0.,0.,1.));
#4368=DIRECTION('center_axis',(0.,0.,1.));
#4369=DIRECTION('ref_axis',(-1.,0.,0.));
#4370=DIRECTION('center_axis',(0.,0.,1.));
#4371=DIRECTION('ref_axis',(-1.,0.,0.));
#4372=DIRECTION('',(0.,0.,1.));
#4373=DIRECTION('center_axis',(-1.,3.309812583777E-13,0.));
#4374=DIRECTION('ref_axis',(-3.309812583777E-13,-1.,0.));
#4375=DIRECTION('',(-3.309812583777E-13,-1.,0.));
#4376=DIRECTION('',(0.,0.,1.));
#4377=DIRECTION('center_axis',(0.,0.,1.));
#4378=DIRECTION('ref_axis',(-0.707106781187732,0.707106781185363,0.));
#4379=DIRECTION('center_axis',(0.,0.,1.));
#4380=DIRECTION('ref_axis',(-0.707106781187732,0.707106781185363,0.));
#4381=DIRECTION('',(0.,0.,1.));
#4382=DIRECTION('center_axis',(-0.707106781186256,0.707106781186839,0.));
#4383=DIRECTION('ref_axis',(-0.707106781186839,-0.707106781186256,0.));
#4384=DIRECTION('',(-0.707106781186839,-0.707106781186256,0.));
#4385=DIRECTION('',(0.,0.,1.));
#4386=DIRECTION('center_axis',(0.,0.,1.));
#4387=DIRECTION('ref_axis',(0.612476162083386,0.79048905803914,0.));
#4388=DIRECTION('center_axis',(0.,0.,1.));
#4389=DIRECTION('ref_axis',(0.612476162083386,0.79048905803914,0.));
#4390=DIRECTION('',(0.,0.,1.));
#4391=DIRECTION('center_axis',(0.,0.,1.));
#4392=DIRECTION('ref_axis',(1.,-5.82867087928179E-15,0.));
#4393=DIRECTION('center_axis',(0.,0.,-1.));
#4394=DIRECTION('ref_axis',(-0.612476162081946,-0.790489058040255,0.));
#4395=DIRECTION('',(0.,0.,1.));
#4396=DIRECTION('center_axis',(0.,0.,1.));
#4397=DIRECTION('ref_axis',(-0.7071067811826,-0.707106781190495,0.));
#4398=DIRECTION('center_axis',(0.,0.,1.));
#4399=DIRECTION('ref_axis',(-0.7071067811826,-0.707106781190495,0.));
#4400=DIRECTION('',(0.,0.,1.));
#4401=DIRECTION('center_axis',(-0.707106781188591,-0.707106781184504,0.));
#4402=DIRECTION('ref_axis',(0.707106781184504,-0.707106781188591,0.));
#4403=DIRECTION('',(0.707106781184504,-0.707106781188591,0.));
#4404=DIRECTION('',(0.,0.,1.));
#4405=DIRECTION('center_axis',(0.,0.,1.));
#4406=DIRECTION('ref_axis',(-1.,0.,0.));
#4407=DIRECTION('center_axis',(0.,0.,1.));
#4408=DIRECTION('ref_axis',(-1.,0.,0.));
#4409=DIRECTION('',(0.,0.,1.));
#4410=DIRECTION('center_axis',(-1.,-1.05958553526683E-13,0.));
#4411=DIRECTION('ref_axis',(1.05958553526683E-13,-1.,0.));
#4412=DIRECTION('',(1.05958553526683E-13,-1.,0.));
#4413=DIRECTION('',(0.,0.,1.));
#4414=DIRECTION('center_axis',(0.,0.,1.));
#4415=DIRECTION('ref_axis',(-0.707106781186547,0.707106781186547,0.));
#4416=DIRECTION('center_axis',(0.,0.,1.));
#4417=DIRECTION('ref_axis',(-0.707106781186547,0.707106781186547,0.));
#4418=DIRECTION('',(0.,0.,1.));
#4419=DIRECTION('center_axis',(-0.707106781186314,0.707106781186781,0.));
#4420=DIRECTION('ref_axis',(-0.707106781186781,-0.707106781186314,0.));
#4421=DIRECTION('',(-0.707106781186781,-0.707106781186314,0.));
#4422=DIRECTION('',(0.,0.,1.));
#4423=DIRECTION('center_axis',(0.,0.,1.));
#4424=DIRECTION('ref_axis',(0.707106781186547,-0.707106781186547,0.));
#4425=DIRECTION('center_axis',(0.,0.,-1.));
#4426=DIRECTION('ref_axis',(0.707106781186547,-0.707106781186547,0.));
#4427=DIRECTION('',(0.,0.,1.));
#4428=DIRECTION('center_axis',(-1.,0.,0.));
#4429=DIRECTION('ref_axis',(0.,-1.,0.));
#4430=DIRECTION('',(0.,-1.,0.));
#4431=DIRECTION('',(0.,0.,1.));
#4432=DIRECTION('center_axis',(0.,0.,1.));
#4433=DIRECTION('ref_axis',(1.,0.,0.));
#4434=DIRECTION('center_axis',(0.,0.,-1.));
#4435=DIRECTION('ref_axis',(1.,0.,0.));
#4436=DIRECTION('',(0.,0.,1.));
#4437=DIRECTION('center_axis',(-0.707106781186291,-0.707106781186804,0.));
#4438=DIRECTION('ref_axis',(0.707106781186804,-0.707106781186291,0.));
#4439=DIRECTION('',(0.707106781186804,-0.707106781186291,0.));
#4440=DIRECTION('',(0.,0.,1.));
#4441=DIRECTION('center_axis',(0.,0.,1.));
#4442=DIRECTION('ref_axis',(-1.,0.,0.));
#4443=DIRECTION('center_axis',(0.,0.,1.));
#4444=DIRECTION('ref_axis',(-1.,0.,0.));
#4445=DIRECTION('',(0.,0.,1.));
#4446=DIRECTION('center_axis',(-1.,1.48341974937749E-12,0.));
#4447=DIRECTION('ref_axis',(-1.48341974937749E-12,-1.,0.));
#4448=DIRECTION('',(-1.48341974937749E-12,-1.,0.));
#4449=DIRECTION('',(0.,0.,1.));
#4450=DIRECTION('center_axis',(0.,0.,1.));
#4451=DIRECTION('ref_axis',(0.853146853123266,0.521670822459784,0.));
#4452=DIRECTION('center_axis',(0.,0.,1.));
#4453=DIRECTION('ref_axis',(0.853146853123266,0.521670822459784,0.));
#4454=DIRECTION('',(0.,0.,1.));
#4455=DIRECTION('center_axis',(0.,0.,1.));
#4456=DIRECTION('ref_axis',(0.839682217747229,-0.543078054425968,0.));
#4457=DIRECTION('center_axis',(0.,0.,-1.));
#4458=DIRECTION('ref_axis',(-0.85314685312632,-0.52167082245479,0.));
#4459=DIRECTION('',(0.,0.,1.));
#4460=DIRECTION('center_axis',(0.,0.,1.));
#4461=DIRECTION('ref_axis',(-1.,0.,0.));
#4462=DIRECTION('center_axis',(0.,0.,1.));
#4463=DIRECTION('ref_axis',(-1.,0.,0.));
#4464=DIRECTION('',(0.,0.,1.));
#4465=DIRECTION('center_axis',(-1.,0.,0.));
#4466=DIRECTION('ref_axis',(0.,-1.,0.));
#4467=DIRECTION('',(0.,-1.,0.));
#4468=DIRECTION('',(0.,0.,1.));
#4469=DIRECTION('center_axis',(0.,0.,1.));
#4470=DIRECTION('ref_axis',(-0.707106781181021,0.707106781192074,0.));
#4471=DIRECTION('center_axis',(0.,0.,1.));
#4472=DIRECTION('ref_axis',(-0.707106781181021,0.707106781192074,0.));
#4473=DIRECTION('',(0.,0.,1.));
#4474=DIRECTION('center_axis',(-0.707106781186038,0.707106781187057,0.));
#4475=DIRECTION('ref_axis',(-0.707106781187057,-0.707106781186038,0.));
#4476=DIRECTION('',(-0.707106781187057,-0.707106781186038,0.));
#4477=DIRECTION('',(0.,0.,1.));
#4478=DIRECTION('center_axis',(0.,0.,1.));
#4479=DIRECTION('ref_axis',(0.,1.,0.));
#4480=DIRECTION('center_axis',(0.,0.,1.));
#4481=DIRECTION('ref_axis',(0.,1.,0.));
#4482=DIRECTION('',(0.,0.,1.));
#4483=DIRECTION('center_axis',(1.1935199289922E-13,1.,0.));
#4484=DIRECTION('ref_axis',(-1.,1.1935199289922E-13,0.));
#4485=DIRECTION('',(-1.,1.1935199289922E-13,0.));
#4486=DIRECTION('',(0.,0.,1.));
#4487=DIRECTION('center_axis',(0.,0.,1.));
#4488=DIRECTION('ref_axis',(0.707106781186548,0.707106781186548,0.));
#4489=DIRECTION('center_axis',(0.,0.,1.));
#4490=DIRECTION('ref_axis',(0.707106781186548,0.707106781186548,0.));
#4491=DIRECTION('',(0.,0.,1.));
#4492=DIRECTION('center_axis',(0.707106781186229,0.707106781186866,0.));
#4493=DIRECTION('ref_axis',(-0.707106781186866,0.707106781186229,0.));
#4494=DIRECTION('',(-0.707106781186866,0.707106781186229,0.));
#4495=DIRECTION('',(0.,0.,1.));
#4496=DIRECTION('center_axis',(0.,0.,1.));
#4497=DIRECTION('ref_axis',(-0.707106781186547,-0.707106781186547,0.));
#4498=DIRECTION('center_axis',(0.,0.,-1.));
#4499=DIRECTION('ref_axis',(-0.707106781186547,-0.707106781186547,0.));
#4500=DIRECTION('',(0.,0.,1.));
#4501=DIRECTION('center_axis',(0.,1.,0.));
#4502=DIRECTION('ref_axis',(-1.,0.,0.));
#4503=DIRECTION('',(-1.,0.,0.));
#4504=DIRECTION('',(0.,0.,1.));
#4505=DIRECTION('center_axis',(0.,0.,1.));
#4506=DIRECTION('ref_axis',(0.,-1.,0.));
#4507=DIRECTION('center_axis',(0.,0.,-1.));
#4508=DIRECTION('ref_axis',(0.,-1.,0.));
#4509=DIRECTION('',(0.,0.,1.));
#4510=DIRECTION('center_axis',(-0.707106781186229,0.707106781186866,0.));
#4511=DIRECTION('ref_axis',(-0.707106781186866,-0.707106781186229,0.));
#4512=DIRECTION('',(-0.707106781186866,-0.707106781186229,0.));
#4513=DIRECTION('',(0.,0.,1.));
#4514=DIRECTION('center_axis',(0.,0.,1.));
#4515=DIRECTION('ref_axis',(0.,1.,0.));
#4516=DIRECTION('center_axis',(0.,0.,1.));
#4517=DIRECTION('ref_axis',(0.,1.,0.));
#4518=DIRECTION('',(0.,0.,1.));
#4519=DIRECTION('center_axis',(0.,1.,0.));
#4520=DIRECTION('ref_axis',(-1.,0.,0.));
#4521=DIRECTION('',(-1.,0.,0.));
#4522=DIRECTION('',(0.,0.,1.));
#4523=DIRECTION('center_axis',(0.,0.,1.));
#4524=DIRECTION('ref_axis',(0.707106781186548,0.707106781186548,0.));
#4525=DIRECTION('center_axis',(0.,0.,1.));
#4526=DIRECTION('ref_axis',(0.707106781186548,0.707106781186548,0.));
#4527=DIRECTION('',(0.,0.,1.));
#4528=DIRECTION('center_axis',(0.707106781186272,0.707106781186823,0.));
#4529=DIRECTION('ref_axis',(-0.707106781186823,0.707106781186272,0.));
#4530=DIRECTION('',(-0.707106781186823,0.707106781186272,0.));
#4531=DIRECTION('',(0.,0.,1.));
#4532=DIRECTION('center_axis',(0.,0.,1.));
#4533=DIRECTION('ref_axis',(1.,0.,0.));
#4534=DIRECTION('center_axis',(0.,0.,1.));
#4535=DIRECTION('ref_axis',(1.,0.,0.));
#4536=DIRECTION('',(0.,0.,1.));
#4537=DIRECTION('center_axis',(1.,0.,0.));
#4538=DIRECTION('ref_axis',(0.,1.,0.));
#4539=DIRECTION('',(0.,1.,0.));
#4540=DIRECTION('',(0.,0.,1.));
#4541=DIRECTION('center_axis',(0.,0.,1.));
#4542=DIRECTION('ref_axis',(0.125874125870136,-0.992046220917367,0.));
#4543=DIRECTION('center_axis',(0.,0.,1.));
#4544=DIRECTION('ref_axis',(0.125874125870136,-0.992046220917367,0.));
#4545=DIRECTION('center_axis',(0.,0.,1.));
#4546=DIRECTION('ref_axis',(1.,0.,0.));
#4547=CARTESIAN_POINT('',(0.,0.,0.));
#4548=CARTESIAN_POINT('Origin',(238.882396819785,374.880142644471,1.));
#4549=CARTESIAN_POINT('',(237.582396819785,374.880142644471,2.));
#4550=CARTESIAN_POINT('Origin',(238.882396819785,374.880142644471,2.));
#4551=CARTESIAN_POINT('',(235.582396819785,374.880142644471,0.));
#4552=CARTESIAN_POINT('',(236.582396819785,374.880142644471,1.));
#4553=CARTESIAN_POINT('Origin',(238.882396819785,374.880142644471,0.));
#4554=CARTESIAN_POINT('Origin',(214.382396819786,335.880142644471,0.));
#4555=CARTESIAN_POINT('',(252.067711505099,372.870258196822,0.));
#4556=CARTESIAN_POINT('',(252.382396819786,373.227394836352,0.));
#4557=CARTESIAN_POINT('Origin',(252.022396819786,373.227394836352,0.));
#4558=CARTESIAN_POINT('',(254.515263952601,369.085965588328,0.));
#4559=CARTESIAN_POINT('Origin',(252.382396819785,370.390142644466,0.));
#4560=CARTESIAN_POINT('',(255.182396819785,368.898164092208,0.));
#4561=CARTESIAN_POINT('Origin',(254.822396819785,368.898164092208,0.));
#4562=CARTESIAN_POINT('',(255.182396819791,366.215821941966,0.));
#4563=CARTESIAN_POINT('',(255.182396819791,366.215821941966,0.));
#4564=CARTESIAN_POINT('',(254.687407279996,365.020811481761,0.));
#4565=CARTESIAN_POINT('Origin',(253.49239681979,366.215821941966,0.));
#4566=CARTESIAN_POINT('',(250.377386359581,360.710790561345,0.));
#4567=CARTESIAN_POINT('',(254.687407279996,365.020811481761,0.));
#4568=CARTESIAN_POINT('',(249.882396819784,359.515780101138,0.));
#4569=CARTESIAN_POINT('Origin',(251.572396819784,359.515780101138,0.));
#4570=CARTESIAN_POINT('',(249.882396819784,351.221643518003,0.));
#4571=CARTESIAN_POINT('',(249.882396819784,351.221643518003,0.));
#4572=CARTESIAN_POINT('',(250.377386359581,350.026633057796,0.));
#4573=CARTESIAN_POINT('Origin',(251.572396819784,351.221643518003,0.));
#4574=CARTESIAN_POINT('',(254.687407279996,345.71661213738,0.));
#4575=CARTESIAN_POINT('',(254.687407279996,345.71661213738,0.));
#4576=CARTESIAN_POINT('',(255.182396819791,344.521601677175,0.));
#4577=CARTESIAN_POINT('Origin',(253.49239681979,344.521601677175,0.));
#4578=CARTESIAN_POINT('',(255.182396819789,341.839259526926,0.));
#4579=CARTESIAN_POINT('',(255.182396819791,344.521601677175,0.));
#4580=CARTESIAN_POINT('',(255.076955261016,341.584701085699,0.));
#4581=CARTESIAN_POINT('Origin',(254.822396819789,341.839259526926,0.));
#4582=CARTESIAN_POINT('',(254.388637084608,340.896382909284,0.));
#4583=CARTESIAN_POINT('',(254.388637084608,340.896382909284,0.));
#4584=CARTESIAN_POINT('',(253.913587224995,340.866365289563,0.));
#4585=CARTESIAN_POINT('Origin',(254.134078643382,341.150941350513,0.));
#4586=CARTESIAN_POINT('',(253.913587224994,336.913919999368,0.));
#4587=CARTESIAN_POINT('Origin',(252.382396819785,338.890142644466,0.));
#4588=CARTESIAN_POINT('',(254.388637084607,336.883902379648,0.));
#4589=CARTESIAN_POINT('Origin',(254.134078643382,336.629343938418,0.));
#4590=CARTESIAN_POINT('',(255.076955261012,336.195584203239,0.));
#4591=CARTESIAN_POINT('',(254.388637084607,336.883902379648,0.));
#4592=CARTESIAN_POINT('',(255.182396819785,335.941025762012,0.));
#4593=CARTESIAN_POINT('Origin',(254.822396819785,335.941025762012,0.));
#4594=CARTESIAN_POINT('',(255.182396819787,332.506183611769,0.));
#4595=CARTESIAN_POINT('',(255.182396819785,332.506183611769,0.));
#4596=CARTESIAN_POINT('',(254.687407279991,331.311173151564,0.));
#4597=CARTESIAN_POINT('Origin',(253.492396819786,332.506183611769,0.));
#4598=CARTESIAN_POINT('',(250.377386359579,327.001152231146,0.));
#4599=CARTESIAN_POINT('',(254.687407279993,331.311173151562,0.));
#4600=CARTESIAN_POINT('',(249.882396819784,325.806141770941,0.));
#4601=CARTESIAN_POINT('Origin',(251.572396819784,325.806141770941,0.));
#4602=CARTESIAN_POINT('',(249.882396819784,312.997005187806,0.));
#4603=CARTESIAN_POINT('',(249.882396819784,325.806141770941,0.));
#4604=CARTESIAN_POINT('',(250.37738635958,311.8019947276,0.));
#4605=CARTESIAN_POINT('Origin',(251.572396819784,312.997005187806,0.));
#4606=CARTESIAN_POINT('',(254.687407279992,307.491973807183,0.));
#4607=CARTESIAN_POINT('',(254.687407279992,307.491973807183,0.));
#4608=CARTESIAN_POINT('',(255.182396819787,306.296963346978,0.));
#4609=CARTESIAN_POINT('Origin',(253.492396819786,306.296963346978,0.));
#4610=CARTESIAN_POINT('',(255.182396819785,302.862121196734,0.));
#4611=CARTESIAN_POINT('',(255.182396819785,306.296963346978,0.));
#4612=CARTESIAN_POINT('',(254.515263952649,302.674319700666,0.));
#4613=CARTESIAN_POINT('Origin',(254.822396819785,302.862121196734,0.));
#4614=CARTESIAN_POINT('',(252.067711505099,298.89002709212,0.));
#4615=CARTESIAN_POINT('Origin',(252.382396819785,301.370142644476,0.));
#4616=CARTESIAN_POINT('',(252.382396819786,298.53289045259,0.));
#4617=CARTESIAN_POINT('Origin',(252.022396819786,298.53289045259,0.));
#4618=CARTESIAN_POINT('',(252.382396819786,297.983725620995,0.));
#4619=CARTESIAN_POINT('',(252.382396819786,298.53289045259,0.));
#4620=CARTESIAN_POINT('',(252.276955261013,297.729167179768,0.));
#4621=CARTESIAN_POINT('Origin',(252.022396819786,297.983725620995,0.));
#4622=CARTESIAN_POINT('',(244.981498909257,290.433710828025,0.));
#4623=CARTESIAN_POINT('',(252.276955261013,297.729167179768,0.));
#4624=CARTESIAN_POINT('',(243.645067092817,289.88014264447,0.));
#4625=CARTESIAN_POINT('Origin',(243.645067092817,291.77014264447,0.));
#4626=CARTESIAN_POINT('',(238.094192640811,289.88014264447,0.));
#4627=CARTESIAN_POINT('',(238.094192640811,289.88014264447,0.));
#4628=CARTESIAN_POINT('',(236.757760824371,290.433710828025,0.));
#4629=CARTESIAN_POINT('Origin',(238.094192640811,291.77014264447,0.));
#4630=CARTESIAN_POINT('',(236.101421355083,291.09005029731,0.));
#4631=CARTESIAN_POINT('',(236.101421355083,291.09005029731,0.));
#4632=CARTESIAN_POINT('',(236.101421355085,291.599167179768,0.));
#4633=CARTESIAN_POINT('Origin',(236.355979796309,291.344608738539,0.));
#4634=CARTESIAN_POINT('',(237.333397052914,292.831142877606,0.));
#4635=CARTESIAN_POINT('',(237.333397052919,292.831142877601,0.));
#4636=CARTESIAN_POINT('',(237.809187989708,292.860584767722,0.));
#4637=CARTESIAN_POINT('Origin',(237.587955494142,292.576584436379,0.));
#4638=CARTESIAN_POINT('',(237.809187989716,296.899700521226,0.));
#4639=CARTESIAN_POINT('Origin',(239.382396819785,294.880142644471,0.));
#4640=CARTESIAN_POINT('',(237.333397052925,296.929142411339,0.));
#4641=CARTESIAN_POINT('Origin',(237.587955494149,297.18370085257,0.));
#4642=CARTESIAN_POINT('',(234.935965003339,299.326574460922,0.));
#4643=CARTESIAN_POINT('',(237.333397052919,296.929142411334,0.));
#4644=CARTESIAN_POINT('',(234.382396819782,300.663006277364,0.));
#4645=CARTESIAN_POINT('Origin',(236.272396819782,300.663006277364,0.));
#4646=CARTESIAN_POINT('',(234.382396819782,302.03014264448,0.));
#4647=CARTESIAN_POINT('',(234.382396819782,300.663006277364,0.));
#4648=CARTESIAN_POINT('',(235.272396819782,302.92014264448,0.));
#4649=CARTESIAN_POINT('Origin',(235.272396819782,302.03014264448,0.));
#4650=CARTESIAN_POINT('',(238.882396819785,302.920142644493,0.));
#4651=CARTESIAN_POINT('',(238.882396819785,302.920142644493,0.));
#4652=CARTESIAN_POINT('',(238.882396819785,305.02014264447,0.));
#4653=CARTESIAN_POINT('Origin',(238.882396819785,303.970142644482,0.));
#4654=CARTESIAN_POINT('',(235.272396819782,305.020142644477,0.));
#4655=CARTESIAN_POINT('',(235.272396819782,305.020142644477,0.));
#4656=CARTESIAN_POINT('',(234.382396819782,305.910142644477,0.));
#4657=CARTESIAN_POINT('Origin',(235.272396819782,305.910142644477,0.));
#4658=CARTESIAN_POINT('',(234.382396819786,307.839366667054,0.));
#4659=CARTESIAN_POINT('',(234.382396819782,305.910142644477,0.));
#4660=CARTESIAN_POINT('',(233.492396819786,308.729366667054,0.));
#4661=CARTESIAN_POINT('Origin',(233.492396819786,307.839366667054,0.));
#4662=CARTESIAN_POINT('',(195.272396819786,308.729366667054,0.));
#4663=CARTESIAN_POINT('',(195.272396819786,308.729366667054,0.));
#4664=CARTESIAN_POINT('',(194.382396819786,307.839366667054,0.));
#4665=CARTESIAN_POINT('Origin',(195.272396819786,307.839366667054,0.));
#4666=CARTESIAN_POINT('',(194.38239681979,305.910142644477,0.));
#4667=CARTESIAN_POINT('',(194.38239681979,305.910142644477,0.));
#4668=CARTESIAN_POINT('',(193.49239681979,305.020142644477,0.));
#4669=CARTESIAN_POINT('Origin',(193.49239681979,305.910142644477,0.));
#4670=CARTESIAN_POINT('',(189.882396819789,305.02014264447,0.));
#4671=CARTESIAN_POINT('',(193.49239681979,305.020142644477,0.));
#4672=CARTESIAN_POINT('',(189.882396819789,302.920142644493,0.));
#4673=CARTESIAN_POINT('Origin',(189.882396819785,303.970142644482,0.));
#4674=CARTESIAN_POINT('',(193.49239681979,302.92014264448,0.));
#4675=CARTESIAN_POINT('',(189.882396819789,302.920142644493,0.));
#4676=CARTESIAN_POINT('',(194.38239681979,302.03014264448,0.));
#4677=CARTESIAN_POINT('Origin',(193.49239681979,302.03014264448,0.));
#4678=CARTESIAN_POINT('',(194.382396819791,300.663006277364,0.));
#4679=CARTESIAN_POINT('',(194.382396819789,300.663006277364,0.));
#4680=CARTESIAN_POINT('',(193.828828636233,299.326574460921,0.));
#4681=CARTESIAN_POINT('Origin',(192.49239681979,300.663006277364,0.));
#4682=CARTESIAN_POINT('',(191.431396586645,296.929142411338,0.));
#4683=CARTESIAN_POINT('',(191.431396586645,296.929142411338,0.));
#4684=CARTESIAN_POINT('',(190.955605649856,296.899700521226,0.));
#4685=CARTESIAN_POINT('Origin',(191.176838145423,297.18370085257,0.));
#4686=CARTESIAN_POINT('',(190.955605649863,292.860584767723,0.));
#4687=CARTESIAN_POINT('Origin',(189.382396819785,294.880142644471,0.));
#4688=CARTESIAN_POINT('',(191.431396586657,292.831142877606,0.));
#4689=CARTESIAN_POINT('Origin',(191.17683814543,292.576584436379,0.));
#4690=CARTESIAN_POINT('',(192.663372284488,291.599167179768,0.));
#4691=CARTESIAN_POINT('',(191.431396586657,292.831142877606,0.));
#4692=CARTESIAN_POINT('',(192.663372284489,291.09005029731,0.));
#4693=CARTESIAN_POINT('Origin',(192.408813843263,291.344608738539,0.));
#4694=CARTESIAN_POINT('',(192.007032815203,290.433710828027,0.));
#4695=CARTESIAN_POINT('',(192.663372284489,291.09005029731,0.));
#4696=CARTESIAN_POINT('',(190.670600998761,289.88014264447,0.));
#4697=CARTESIAN_POINT('Origin',(190.670600998761,291.77014264447,0.));
#4698=CARTESIAN_POINT('',(185.119726546755,289.88014264447,0.));
#4699=CARTESIAN_POINT('',(190.670600998761,289.88014264447,0.));
#4700=CARTESIAN_POINT('',(183.783294730313,290.433710828027,0.));
#4701=CARTESIAN_POINT('Origin',(185.119726546755,291.77014264447,0.));
#4702=CARTESIAN_POINT('',(176.487838378559,297.729167179768,0.));
#4703=CARTESIAN_POINT('',(176.487838378559,297.729167179768,0.));
#4704=CARTESIAN_POINT('',(176.382396819786,297.983725620995,0.));
#4705=CARTESIAN_POINT('Origin',(176.742396819786,297.983725620995,0.));
#4706=CARTESIAN_POINT('',(176.382396819786,298.53289045259,0.));
#4707=CARTESIAN_POINT('',(176.382396819786,298.53289045259,0.));
#4708=CARTESIAN_POINT('',(176.697082134472,298.89002709212,0.));
#4709=CARTESIAN_POINT('Origin',(176.742396819786,298.53289045259,0.));
#4710=CARTESIAN_POINT('',(174.249529686923,302.674319700666,0.));
#4711=CARTESIAN_POINT('Origin',(176.382396819785,301.370142644476,0.));
#4712=CARTESIAN_POINT('',(173.582396819787,302.862121196734,0.));
#4713=CARTESIAN_POINT('Origin',(173.942396819787,302.862121196734,0.));
#4714=CARTESIAN_POINT('',(173.582396819786,306.296963346978,0.));
#4715=CARTESIAN_POINT('',(173.582396819787,306.296963346978,0.));
#4716=CARTESIAN_POINT('',(174.07738635958,307.491973807183,0.));
#4717=CARTESIAN_POINT('Origin',(175.272396819786,306.296963346978,0.));
#4718=CARTESIAN_POINT('',(178.387407279996,311.801994727604,0.));
#4719=CARTESIAN_POINT('',(174.07738635958,307.491973807183,0.));
#4720=CARTESIAN_POINT('',(178.882396819787,312.997005187806,0.));
#4721=CARTESIAN_POINT('Origin',(177.192396819787,312.997005187806,0.));
#4722=CARTESIAN_POINT('',(178.882396819787,325.806141770941,0.));
#4723=CARTESIAN_POINT('',(178.882396819787,325.806141770941,0.));
#4724=CARTESIAN_POINT('',(178.387407279991,327.001152231148,0.));
#4725=CARTESIAN_POINT('Origin',(177.192396819787,325.806141770941,0.));
#4726=CARTESIAN_POINT('',(174.07738635958,331.311173151564,0.));
#4727=CARTESIAN_POINT('',(174.077386359578,331.311173151562,0.));
#4728=CARTESIAN_POINT('',(173.582396819785,332.506183611769,0.));
#4729=CARTESIAN_POINT('Origin',(175.272396819786,332.506183611769,0.));
#4730=CARTESIAN_POINT('',(173.582396819787,335.941025762012,0.));
#4731=CARTESIAN_POINT('',(173.582396819785,332.506183611769,0.));
#4732=CARTESIAN_POINT('',(173.68783837856,336.195584203239,0.));
#4733=CARTESIAN_POINT('Origin',(173.942396819787,335.941025762012,0.));
#4734=CARTESIAN_POINT('',(174.376156554964,336.883902379647,0.));
#4735=CARTESIAN_POINT('',(174.376156554964,336.883902379647,0.));
#4736=CARTESIAN_POINT('',(174.851206414539,336.913919999312,0.));
#4737=CARTESIAN_POINT('Origin',(174.630714996189,336.629343938418,0.));
#4738=CARTESIAN_POINT('',(174.85120641454,340.866365289619,0.));
#4739=CARTESIAN_POINT('Origin',(176.382396819785,338.890142644466,0.));
#4740=CARTESIAN_POINT('',(174.376156554964,340.896382909284,0.));
#4741=CARTESIAN_POINT('Origin',(174.630714996189,341.150941350513,0.));
#4742=CARTESIAN_POINT('',(173.687838378556,341.584701085699,0.));
#4743=CARTESIAN_POINT('',(174.376156554964,340.896382909284,0.));
#4744=CARTESIAN_POINT('',(173.582396819783,341.839259526926,0.));
#4745=CARTESIAN_POINT('Origin',(173.942396819783,341.839259526926,0.));
#4746=CARTESIAN_POINT('',(173.582396819782,344.521601677175,0.));
#4747=CARTESIAN_POINT('',(173.582396819783,344.521601677175,0.));
#4748=CARTESIAN_POINT('',(174.077386359576,345.71661213738,0.));
#4749=CARTESIAN_POINT('Origin',(175.272396819782,344.521601677175,0.));
#4750=CARTESIAN_POINT('',(178.387407279993,350.026633057797,0.));
#4751=CARTESIAN_POINT('',(174.077386359574,345.716612137382,0.));
#4752=CARTESIAN_POINT('',(178.882396819787,351.221643518003,0.));
#4753=CARTESIAN_POINT('Origin',(177.192396819787,351.221643518003,0.));
#4754=CARTESIAN_POINT('',(178.882396819787,359.515780101138,0.));
#4755=CARTESIAN_POINT('',(178.882396819787,351.221643518003,0.));
#4756=CARTESIAN_POINT('',(178.38740727999,360.710790561346,0.));
#4757=CARTESIAN_POINT('Origin',(177.192396819787,359.515780101138,0.));
#4758=CARTESIAN_POINT('',(174.077386359576,365.020811481761,0.));
#4759=CARTESIAN_POINT('',(174.077386359574,365.020811481759,0.));
#4760=CARTESIAN_POINT('',(173.582396819781,366.215821941966,0.));
#4761=CARTESIAN_POINT('Origin',(175.272396819782,366.215821941966,0.));
#4762=CARTESIAN_POINT('',(173.582396819787,368.898164092208,0.));
#4763=CARTESIAN_POINT('',(173.582396819783,366.215821941966,0.));
#4764=CARTESIAN_POINT('',(174.249529686911,369.085965588293,0.));
#4765=CARTESIAN_POINT('Origin',(173.942396819787,368.898164092208,0.));
#4766=CARTESIAN_POINT('',(176.697082134472,372.870258196822,0.));
#4767=CARTESIAN_POINT('Origin',(176.382396819785,370.390142644466,0.));
#4768=CARTESIAN_POINT('',(176.382396819786,373.227394836352,0.));
#4769=CARTESIAN_POINT('Origin',(176.742396819786,373.227394836352,0.));
#4770=CARTESIAN_POINT('',(176.382396819786,373.776559667947,0.));
#4771=CARTESIAN_POINT('',(176.382396819786,373.227394836352,0.));
#4772=CARTESIAN_POINT('',(176.487838378561,374.031118109176,0.));
#4773=CARTESIAN_POINT('Origin',(176.742396819786,373.776559667947,0.));
#4774=CARTESIAN_POINT('',(183.783294730315,381.326574460917,0.));
#4775=CARTESIAN_POINT('',(176.487838378561,374.031118109176,0.));
#4776=CARTESIAN_POINT('',(185.119726546755,381.880142644472,0.));
#4777=CARTESIAN_POINT('Origin',(185.119726546755,379.990142644472,0.));
#4778=CARTESIAN_POINT('',(194.645067092817,381.880142644472,0.));
#4779=CARTESIAN_POINT('',(194.645067092817,381.880142644471,0.));
#4780=CARTESIAN_POINT('',(195.981498909259,381.326574460915,0.));
#4781=CARTESIAN_POINT('Origin',(194.645067092817,379.990142644472,0.));
#4782=CARTESIAN_POINT('',(203.232941185915,374.075132184265,0.));
#4783=CARTESIAN_POINT('',(203.232941185915,374.075132184265,0.));
#4784=CARTESIAN_POINT('',(204.42795164612,373.580142644471,0.));
#4785=CARTESIAN_POINT('Origin',(204.42795164612,375.270142644471,0.));
#4786=CARTESIAN_POINT('',(224.336841993452,373.580142644471,0.));
#4787=CARTESIAN_POINT('',(224.336841993452,373.580142644471,0.));
#4788=CARTESIAN_POINT('',(225.531852453657,374.075132184265,0.));
#4789=CARTESIAN_POINT('Origin',(224.336841993452,375.270142644471,0.));
#4790=CARTESIAN_POINT('',(232.783294730313,381.326574460915,0.));
#4791=CARTESIAN_POINT('',(225.531852453657,374.075132184265,0.));
#4792=CARTESIAN_POINT('',(234.119726546755,381.880142644472,0.));
#4793=CARTESIAN_POINT('Origin',(234.119726546755,379.990142644472,0.));
#4794=CARTESIAN_POINT('',(243.645067092817,381.880142644472,0.));
#4795=CARTESIAN_POINT('',(243.645067092817,381.880142644471,0.));
#4796=CARTESIAN_POINT('',(244.981498909259,381.326574460915,0.));
#4797=CARTESIAN_POINT('Origin',(243.645067092817,379.990142644472,0.));
#4798=CARTESIAN_POINT('',(252.276955261014,374.031118109173,0.));
#4799=CARTESIAN_POINT('',(252.276955261011,374.031118109169,0.));
#4800=CARTESIAN_POINT('',(252.382396819786,373.776559667947,0.));
#4801=CARTESIAN_POINT('Origin',(252.022396819786,373.776559667947,0.));
#4802=CARTESIAN_POINT('',(252.382396819786,373.227394836352,0.));
#4803=CARTESIAN_POINT('',(186.582396819785,374.880142644471,0.));
#4804=CARTESIAN_POINT('Origin',(189.882396819785,374.880142644471,0.));
#4805=CARTESIAN_POINT('',(235.582396819785,316.880142644471,0.));
#4806=CARTESIAN_POINT('Origin',(238.882396819785,316.880142644471,0.));
#4807=CARTESIAN_POINT('',(217.750503762762,344.066586282734,0.));
#4808=CARTESIAN_POINT('',(219.573840458047,342.243249587455,0.));
#4809=CARTESIAN_POINT('Origin',(219.332142873877,343.824888698569,0.));
#4810=CARTESIAN_POINT('',(217.016754480477,343.703202266679,0.));
#4811=CARTESIAN_POINT('Origin',(217.256241540539,344.142116777789,0.));
#4812=CARTESIAN_POINT('',(211.748039159094,343.703202266679,0.));
#4813=CARTESIAN_POINT('Origin',(214.382396819785,338.875142644474,0.));
#4814=CARTESIAN_POINT('',(211.014289876807,344.066586282744,0.));
#4815=CARTESIAN_POINT('Origin',(211.508552099031,344.142116777789,0.));
#4816=CARTESIAN_POINT('',(209.190953181526,342.243249587447,0.));
#4817=CARTESIAN_POINT('Origin',(209.43265076569,343.824888698569,0.));
#4818=CARTESIAN_POINT('',(209.554337197578,341.509500305162,0.));
#4819=CARTESIAN_POINT('Origin',(209.115422686471,341.748987365224,0.));
#4820=CARTESIAN_POINT('',(209.554337197579,336.240784983785,0.));
#4821=CARTESIAN_POINT('Origin',(214.382396819785,338.875142644474,0.));
#4822=CARTESIAN_POINT('',(209.190953181522,335.507035701493,0.));
#4823=CARTESIAN_POINT('Origin',(209.115422686471,336.001297923723,0.));
#4824=CARTESIAN_POINT('',(211.014289876807,333.683699006205,0.));
#4825=CARTESIAN_POINT('Origin',(209.432650765694,333.925396590379,0.));
#4826=CARTESIAN_POINT('',(211.748039159094,334.047083022268,0.));
#4827=CARTESIAN_POINT('Origin',(211.508552099031,333.608168511158,0.));
#4828=CARTESIAN_POINT('',(217.016754480476,334.047083022268,0.));
#4829=CARTESIAN_POINT('Origin',(214.382396819785,338.875142644474,0.));
#4830=CARTESIAN_POINT('',(217.750503762763,333.683699006205,0.));
#4831=CARTESIAN_POINT('Origin',(217.256241540539,333.608168511158,0.));
#4832=CARTESIAN_POINT('',(219.573840458047,335.507035701494,0.));
#4833=CARTESIAN_POINT('Origin',(219.332142873877,333.925396590379,0.));
#4834=CARTESIAN_POINT('',(219.210456441992,336.240784983784,0.));
#4835=CARTESIAN_POINT('Origin',(219.649370953099,336.001297923723,0.));
#4836=CARTESIAN_POINT('',(219.210456441992,341.509500305163,0.));
#4837=CARTESIAN_POINT('Origin',(214.382396819785,338.875142644474,0.));
#4838=CARTESIAN_POINT('Origin',(219.649370953099,341.748987365224,0.));
#4839=CARTESIAN_POINT('',(224.872396819736,332.870142644476,0.));
#4840=CARTESIAN_POINT('Origin',(227.372396819798,332.870142644476,0.));
#4841=CARTESIAN_POINT('',(186.822396804501,344.880142644471,0.));
#4842=CARTESIAN_POINT('Origin',(189.382396819785,344.880142644471,0.));
#4843=CARTESIAN_POINT('',(205.382396819782,327.380142644471,0.));
#4844=CARTESIAN_POINT('Origin',(206.882396819782,327.380142644471,0.));
#4845=CARTESIAN_POINT('',(220.382396819782,327.380142644471,0.));
#4846=CARTESIAN_POINT('Origin',(221.882396819782,327.380142644471,0.));
#4847=CARTESIAN_POINT('',(195.782396819785,352.880142644471,0.));
#4848=CARTESIAN_POINT('Origin',(197.382396819785,352.880142644471,0.));
#4849=CARTESIAN_POINT('',(236.822396804501,344.880142644471,0.));
#4850=CARTESIAN_POINT('Origin',(239.382396819785,344.880142644471,0.));
#4851=CARTESIAN_POINT('',(229.782396819785,318.880142644471,0.));
#4852=CARTESIAN_POINT('Origin',(231.382396819785,318.880142644471,0.));
#4853=CARTESIAN_POINT('',(229.782396819785,352.880142644471,0.));
#4854=CARTESIAN_POINT('Origin',(231.382396819785,352.880142644471,0.));
#4855=CARTESIAN_POINT('',(198.892396819711,332.870142644476,0.));
#4856=CARTESIAN_POINT('Origin',(201.392396819773,332.870142644476,0.));
#4857=CARTESIAN_POINT('',(195.782396819785,318.880142644471,0.));
#4858=CARTESIAN_POINT('Origin',(197.382396819785,318.880142644471,0.));
#4859=CARTESIAN_POINT('',(186.582396819785,316.880142644471,0.));
#4860=CARTESIAN_POINT('Origin',(189.882396819785,316.880142644471,0.));
#4861=CARTESIAN_POINT('Origin',(238.882396819785,374.880142644471,0.));
#4862=CARTESIAN_POINT('',(237.582396819785,374.880142644471,3.));
#4863=CARTESIAN_POINT('',(237.582396819785,374.880142644471,0.));
#4864=CARTESIAN_POINT('Origin',(238.882396819785,374.880142644471,3.));
#4865=CARTESIAN_POINT('Origin',(189.882396819785,374.880142644471,1.));
#4866=CARTESIAN_POINT('',(188.582396819785,374.880142644471,2.));
#4867=CARTESIAN_POINT('Origin',(189.882396819785,374.880142644471,2.));
#4868=CARTESIAN_POINT('',(187.582396819785,374.880142644471,1.));
#4869=CARTESIAN_POINT('Origin',(189.882396819785,374.880142644471,0.));
#4870=CARTESIAN_POINT('',(188.582396819785,374.880142644471,3.));
#4871=CARTESIAN_POINT('',(188.582396819785,374.880142644471,0.));
#4872=CARTESIAN_POINT('Origin',(189.882396819785,374.880142644471,3.));
#4873=CARTESIAN_POINT('Origin',(189.882396819785,316.880142644471,1.));
#4874=CARTESIAN_POINT('',(188.582396819785,316.880142644471,2.));
#4875=CARTESIAN_POINT('Origin',(189.882396819785,316.880142644471,2.));
#4876=CARTESIAN_POINT('',(187.582396819785,316.880142644471,1.));
#4877=CARTESIAN_POINT('Origin',(189.882396819785,316.880142644471,0.));
#4878=CARTESIAN_POINT('',(188.582396819785,316.880142644471,3.));
#4879=CARTESIAN_POINT('',(188.582396819785,316.880142644471,0.));
#4880=CARTESIAN_POINT('Origin',(189.882396819785,316.880142644471,3.));
#4881=CARTESIAN_POINT('Origin',(238.882396819785,316.880142644471,1.));
#4882=CARTESIAN_POINT('',(237.582396819785,316.880142644471,2.));
#4883=CARTESIAN_POINT('Origin',(238.882396819785,316.880142644471,2.));
#4884=CARTESIAN_POINT('',(236.582396819785,316.880142644471,1.));
#4885=CARTESIAN_POINT('Origin',(238.882396819785,316.880142644471,0.));
#4886=CARTESIAN_POINT('',(237.582396819785,316.880142644471,3.));
#4887=CARTESIAN_POINT('',(237.582396819785,316.880142644471,0.));
#4888=CARTESIAN_POINT('Origin',(238.882396819785,316.880142644471,3.));
#4889=CARTESIAN_POINT('Origin',(197.382396819785,318.880142644471,0.));
#4890=CARTESIAN_POINT('',(195.782396819785,318.880142644471,3.));
#4891=CARTESIAN_POINT('',(195.782396819785,318.880142644471,0.));
#4892=CARTESIAN_POINT('Origin',(197.382396819785,318.880142644471,3.));
#4893=CARTESIAN_POINT('Origin',(201.392396819773,332.870142644476,0.));
#4894=CARTESIAN_POINT('',(198.892396819711,332.870142644476,3.));
#4895=CARTESIAN_POINT('',(198.892396819711,332.870142644476,0.));
#4896=CARTESIAN_POINT('Origin',(201.392396819773,332.870142644476,3.));
#4897=CARTESIAN_POINT('Origin',(231.382396819785,352.880142644471,0.));
#4898=CARTESIAN_POINT('',(229.782396819785,352.880142644471,3.));
#4899=CARTESIAN_POINT('',(229.782396819785,352.880142644471,0.));
#4900=CARTESIAN_POINT('Origin',(231.382396819785,352.880142644471,3.));
#4901=CARTESIAN_POINT('Origin',(231.382396819785,318.880142644471,0.));
#4902=CARTESIAN_POINT('',(229.782396819785,318.880142644471,3.));
#4903=CARTESIAN_POINT('',(229.782396819785,318.880142644471,0.));
#4904=CARTESIAN_POINT('Origin',(231.382396819785,318.880142644471,3.));
#4905=CARTESIAN_POINT('Origin',(239.382396819785,344.880142644471,0.));
#4906=CARTESIAN_POINT('',(236.822396804501,344.880142644471,3.));
#4907=CARTESIAN_POINT('',(236.822396804501,344.880142644471,0.));
#4908=CARTESIAN_POINT('Origin',(239.382396819785,344.880142644471,3.));
#4909=CARTESIAN_POINT('Origin',(197.382396819785,352.880142644471,0.));
#4910=CARTESIAN_POINT('',(195.782396819785,352.880142644471,3.));
#4911=CARTESIAN_POINT('',(195.782396819785,352.880142644471,0.));
#4912=CARTESIAN_POINT('Origin',(197.382396819785,352.880142644471,3.));
#4913=CARTESIAN_POINT('Origin',(221.882396819782,327.380142644471,0.));
#4914=CARTESIAN_POINT('',(220.382396819782,327.380142644471,3.));
#4915=CARTESIAN_POINT('',(220.382396819782,327.380142644471,0.));
#4916=CARTESIAN_POINT('Origin',(221.882396819782,327.380142644471,3.));
#4917=CARTESIAN_POINT('Origin',(206.882396819782,327.380142644471,0.));
#4918=CARTESIAN_POINT('',(205.382396819782,327.380142644471,3.));
#4919=CARTESIAN_POINT('',(205.382396819782,327.380142644471,0.));
#4920=CARTESIAN_POINT('Origin',(206.882396819782,327.380142644471,3.));
#4921=CARTESIAN_POINT('Origin',(189.382396819785,344.880142644471,0.));
#4922=CARTESIAN_POINT('',(186.822396804501,344.880142644471,3.));
#4923=CARTESIAN_POINT('',(186.822396804501,344.880142644471,0.));
#4924=CARTESIAN_POINT('Origin',(189.382396819785,344.880142644471,3.));
#4925=CARTESIAN_POINT('Origin',(227.372396819798,332.870142644476,0.));
#4926=CARTESIAN_POINT('',(224.872396819736,332.870142644476,3.));
#4927=CARTESIAN_POINT('',(224.872396819736,332.870142644476,0.));
#4928=CARTESIAN_POINT('Origin',(227.372396819798,332.870142644476,3.));
#4929=CARTESIAN_POINT('Origin',(217.256241540539,344.142116777789,0.));
#4930=CARTESIAN_POINT('',(217.750503762762,344.066586282734,3.));
#4931=CARTESIAN_POINT('',(217.750503762762,344.066586282734,0.));
#4932=CARTESIAN_POINT('',(217.016754480477,343.703202266679,3.));
#4933=CARTESIAN_POINT('Origin',(217.256241540539,344.142116777789,3.));
#4934=CARTESIAN_POINT('',(217.016754480477,343.703202266679,0.));
#4935=CARTESIAN_POINT('Origin',(214.382396819785,338.875142644474,0.));
#4936=CARTESIAN_POINT('',(211.748039159094,343.703202266679,3.));
#4937=CARTESIAN_POINT('Origin',(214.382396819785,338.875142644474,3.));
#4938=CARTESIAN_POINT('',(211.748039159094,343.703202266679,0.));
#4939=CARTESIAN_POINT('Origin',(211.508552099031,344.142116777789,0.));
#4940=CARTESIAN_POINT('',(211.014289876807,344.066586282744,3.));
#4941=CARTESIAN_POINT('Origin',(211.508552099031,344.142116777789,3.));
#4942=CARTESIAN_POINT('',(211.014289876807,344.066586282744,0.));
#4943=CARTESIAN_POINT('Origin',(209.43265076569,343.824888698569,0.));
#4944=CARTESIAN_POINT('',(209.190953181526,342.243249587447,3.));
#4945=CARTESIAN_POINT('Origin',(209.43265076569,343.824888698569,3.));
#4946=CARTESIAN_POINT('',(209.190953181526,342.243249587447,0.));
#4947=CARTESIAN_POINT('Origin',(209.115422686471,341.748987365224,0.));
#4948=CARTESIAN_POINT('',(209.554337197578,341.509500305162,3.));
#4949=CARTESIAN_POINT('Origin',(209.115422686471,341.748987365224,3.));
#4950=CARTESIAN_POINT('',(209.554337197578,341.509500305162,0.));
#4951=CARTESIAN_POINT('Origin',(214.382396819785,338.875142644474,0.));
#4952=CARTESIAN_POINT('',(209.554337197579,336.240784983785,3.));
#4953=CARTESIAN_POINT('Origin',(214.382396819785,338.875142644474,3.));
#4954=CARTESIAN_POINT('',(209.554337197579,336.240784983785,0.));
#4955=CARTESIAN_POINT('Origin',(209.115422686471,336.001297923723,0.));
#4956=CARTESIAN_POINT('',(209.190953181522,335.507035701493,3.));
#4957=CARTESIAN_POINT('Origin',(209.115422686471,336.001297923723,3.));
#4958=CARTESIAN_POINT('',(209.190953181522,335.507035701493,0.));
#4959=CARTESIAN_POINT('Origin',(209.432650765694,333.925396590379,0.));
#4960=CARTESIAN_POINT('',(211.014289876807,333.683699006205,3.));
#4961=CARTESIAN_POINT('Origin',(209.432650765694,333.925396590379,3.));
#4962=CARTESIAN_POINT('',(211.014289876807,333.683699006205,0.));
#4963=CARTESIAN_POINT('Origin',(211.508552099031,333.608168511158,0.));
#4964=CARTESIAN_POINT('',(211.748039159094,334.047083022268,3.));
#4965=CARTESIAN_POINT('Origin',(211.508552099031,333.608168511158,3.));
#4966=CARTESIAN_POINT('',(211.748039159094,334.047083022268,0.));
#4967=CARTESIAN_POINT('Origin',(214.382396819785,338.875142644474,0.));
#4968=CARTESIAN_POINT('',(217.016754480476,334.047083022268,3.));
#4969=CARTESIAN_POINT('Origin',(214.382396819785,338.875142644474,3.));
#4970=CARTESIAN_POINT('',(217.016754480476,334.047083022268,0.));
#4971=CARTESIAN_POINT('Origin',(217.256241540539,333.608168511158,0.));
#4972=CARTESIAN_POINT('',(217.750503762763,333.683699006205,3.));
#4973=CARTESIAN_POINT('Origin',(217.256241540539,333.608168511158,3.));
#4974=CARTESIAN_POINT('',(217.750503762763,333.683699006205,0.));
#4975=CARTESIAN_POINT('Origin',(219.332142873877,333.925396590379,0.));
#4976=CARTESIAN_POINT('',(219.573840458047,335.507035701494,3.));
#4977=CARTESIAN_POINT('Origin',(219.332142873877,333.925396590379,3.));
#4978=CARTESIAN_POINT('',(219.573840458047,335.507035701494,0.));
#4979=CARTESIAN_POINT('Origin',(219.649370953099,336.001297923723,0.));
#4980=CARTESIAN_POINT('',(219.210456441992,336.240784983784,3.));
#4981=CARTESIAN_POINT('Origin',(219.649370953099,336.001297923723,3.));
#4982=CARTESIAN_POINT('',(219.210456441992,336.240784983784,0.));
#4983=CARTESIAN_POINT('Origin',(214.382396819785,338.875142644474,0.));
#4984=CARTESIAN_POINT('',(219.210456441992,341.509500305163,3.));
#4985=CARTESIAN_POINT('Origin',(214.382396819785,338.875142644474,3.));
#4986=CARTESIAN_POINT('',(219.210456441992,341.509500305163,0.));
#4987=CARTESIAN_POINT('Origin',(219.649370953099,341.748987365224,0.));
#4988=CARTESIAN_POINT('',(219.573840458047,342.243249587455,3.));
#4989=CARTESIAN_POINT('Origin',(219.649370953099,341.748987365224,3.));
#4990=CARTESIAN_POINT('',(219.573840458047,342.243249587455,0.));
#4991=CARTESIAN_POINT('Origin',(219.332142873877,343.824888698569,0.));
#4992=CARTESIAN_POINT('Origin',(219.332142873877,343.824888698569,3.));
#4993=CARTESIAN_POINT('Origin',(252.382396819785,370.390142644466,0.));
#4994=CARTESIAN_POINT('',(252.067711505099,372.870258196822,3.));
#4995=CARTESIAN_POINT('',(252.067711505099,372.870258196822,0.));
#4996=CARTESIAN_POINT('',(254.515263952601,369.085965588328,3.));
#4997=CARTESIAN_POINT('Origin',(252.382396819785,370.390142644466,3.));
#4998=CARTESIAN_POINT('',(254.515263952601,369.085965588328,0.));
#4999=CARTESIAN_POINT('Origin',(254.822396819785,368.898164092208,0.));
#5000=CARTESIAN_POINT('',(255.182396819785,368.898164092208,3.));
#5001=CARTESIAN_POINT('Origin',(254.822396819785,368.898164092208,3.));
#5002=CARTESIAN_POINT('',(255.182396819785,368.898164092208,0.));
#5003=CARTESIAN_POINT('Origin',(255.182396819791,366.215821941966,0.));
#5004=CARTESIAN_POINT('',(255.182396819791,366.215821941966,3.));
#5005=CARTESIAN_POINT('',(255.182396819791,366.215821941966,3.));
#5006=CARTESIAN_POINT('',(255.182396819791,366.215821941966,0.));
#5007=CARTESIAN_POINT('Origin',(253.49239681979,366.215821941966,0.));
#5008=CARTESIAN_POINT('',(254.687407279996,365.020811481761,3.));
#5009=CARTESIAN_POINT('Origin',(253.49239681979,366.215821941966,3.));
#5010=CARTESIAN_POINT('',(254.687407279996,365.020811481761,0.));
#5011=CARTESIAN_POINT('Origin',(250.37738635958,360.710790561346,0.));
#5012=CARTESIAN_POINT('',(250.377386359581,360.710790561345,3.));
#5013=CARTESIAN_POINT('',(254.687407279996,365.020811481761,3.));
#5014=CARTESIAN_POINT('',(250.377386359581,360.710790561345,0.));
#5015=CARTESIAN_POINT('Origin',(251.572396819784,359.515780101138,0.));
#5016=CARTESIAN_POINT('',(249.882396819784,359.515780101138,3.));
#5017=CARTESIAN_POINT('Origin',(251.572396819784,359.515780101138,3.));
#5018=CARTESIAN_POINT('',(249.882396819784,359.515780101138,0.));
#5019=CARTESIAN_POINT('Origin',(249.882396819784,351.221643518003,0.));
#5020=CARTESIAN_POINT('',(249.882396819784,351.221643518003,3.));
#5021=CARTESIAN_POINT('',(249.882396819784,351.221643518003,3.));
#5022=CARTESIAN_POINT('',(249.882396819784,351.221643518003,0.));
#5023=CARTESIAN_POINT('Origin',(251.572396819784,351.221643518003,0.));
#5024=CARTESIAN_POINT('',(250.377386359581,350.026633057796,3.));
#5025=CARTESIAN_POINT('Origin',(251.572396819784,351.221643518003,3.));
#5026=CARTESIAN_POINT('',(250.377386359581,350.026633057796,0.));
#5027=CARTESIAN_POINT('Origin',(254.687407279996,345.71661213738,0.));
#5028=CARTESIAN_POINT('',(254.687407279996,345.71661213738,3.));
#5029=CARTESIAN_POINT('',(254.687407279996,345.71661213738,3.));
#5030=CARTESIAN_POINT('',(254.687407279996,345.71661213738,0.));
#5031=CARTESIAN_POINT('Origin',(253.49239681979,344.521601677175,0.));
#5032=CARTESIAN_POINT('',(255.182396819791,344.521601677175,3.));
#5033=CARTESIAN_POINT('Origin',(253.49239681979,344.521601677175,3.));
#5034=CARTESIAN_POINT('',(255.182396819791,344.521601677175,0.));
#5035=CARTESIAN_POINT('Origin',(255.182396819789,341.839259526926,0.));
#5036=CARTESIAN_POINT('',(255.182396819789,341.839259526926,3.));
#5037=CARTESIAN_POINT('',(255.182396819791,344.521601677175,3.));
#5038=CARTESIAN_POINT('',(255.182396819789,341.839259526926,0.));
#5039=CARTESIAN_POINT('Origin',(254.822396819789,341.839259526926,0.));
#5040=CARTESIAN_POINT('',(255.076955261016,341.584701085699,3.));
#5041=CARTESIAN_POINT('Origin',(254.822396819789,341.839259526926,3.));
#5042=CARTESIAN_POINT('',(255.076955261016,341.584701085699,0.));
#5043=CARTESIAN_POINT('Origin',(254.388637084608,340.896382909284,0.));
#5044=CARTESIAN_POINT('',(254.388637084608,340.896382909284,3.));
#5045=CARTESIAN_POINT('',(254.388637084608,340.896382909284,3.));
#5046=CARTESIAN_POINT('',(254.388637084608,340.896382909284,0.));
#5047=CARTESIAN_POINT('Origin',(254.134078643382,341.150941350513,0.));
#5048=CARTESIAN_POINT('',(253.913587224995,340.866365289563,3.));
#5049=CARTESIAN_POINT('Origin',(254.134078643382,341.150941350513,3.));
#5050=CARTESIAN_POINT('',(253.913587224995,340.866365289563,0.));
#5051=CARTESIAN_POINT('Origin',(252.382396819785,338.890142644466,0.));
#5052=CARTESIAN_POINT('',(253.913587224994,336.913919999368,3.));
#5053=CARTESIAN_POINT('Origin',(252.382396819785,338.890142644466,3.));
#5054=CARTESIAN_POINT('',(253.913587224994,336.913919999368,0.));
#5055=CARTESIAN_POINT('Origin',(254.134078643382,336.629343938418,0.));
#5056=CARTESIAN_POINT('',(254.388637084607,336.883902379648,3.));
#5057=CARTESIAN_POINT('Origin',(254.134078643382,336.629343938418,3.));
#5058=CARTESIAN_POINT('',(254.388637084607,336.883902379648,0.));
#5059=CARTESIAN_POINT('Origin',(255.076955261014,336.195584203241,0.));
#5060=CARTESIAN_POINT('',(255.076955261012,336.195584203239,3.));
#5061=CARTESIAN_POINT('',(254.388637084607,336.883902379648,3.));
#5062=CARTESIAN_POINT('',(255.076955261012,336.195584203239,0.));
#5063=CARTESIAN_POINT('Origin',(254.822396819785,335.941025762012,0.));
#5064=CARTESIAN_POINT('',(255.182396819785,335.941025762012,3.));
#5065=CARTESIAN_POINT('Origin',(254.822396819785,335.941025762012,3.));
#5066=CARTESIAN_POINT('',(255.182396819785,335.941025762012,0.));
#5067=CARTESIAN_POINT('Origin',(255.182396819785,332.506183611769,0.));
#5068=CARTESIAN_POINT('',(255.182396819787,332.506183611769,3.));
#5069=CARTESIAN_POINT('',(255.182396819785,332.506183611769,3.));
#5070=CARTESIAN_POINT('',(255.182396819787,332.506183611769,0.));
#5071=CARTESIAN_POINT('Origin',(253.492396819786,332.506183611769,0.));
#5072=CARTESIAN_POINT('',(254.687407279991,331.311173151564,3.));
#5073=CARTESIAN_POINT('Origin',(253.492396819786,332.506183611769,3.));
#5074=CARTESIAN_POINT('',(254.687407279991,331.311173151564,0.));
#5075=CARTESIAN_POINT('Origin',(250.377386359579,327.001152231146,0.));
#5076=CARTESIAN_POINT('',(250.377386359579,327.001152231146,3.));
#5077=CARTESIAN_POINT('',(254.687407279993,331.311173151562,3.));
#5078=CARTESIAN_POINT('',(250.377386359579,327.001152231146,0.));
#5079=CARTESIAN_POINT('Origin',(251.572396819784,325.806141770941,0.));
#5080=CARTESIAN_POINT('',(249.882396819784,325.806141770941,3.));
#5081=CARTESIAN_POINT('Origin',(251.572396819784,325.806141770941,3.));
#5082=CARTESIAN_POINT('',(249.882396819784,325.806141770941,0.));
#5083=CARTESIAN_POINT('Origin',(249.882396819785,312.997005187806,0.));
#5084=CARTESIAN_POINT('',(249.882396819784,312.997005187806,3.));
#5085=CARTESIAN_POINT('',(249.882396819784,325.806141770941,3.));
#5086=CARTESIAN_POINT('',(249.882396819784,312.997005187806,0.));
#5087=CARTESIAN_POINT('Origin',(251.572396819784,312.997005187806,0.));
#5088=CARTESIAN_POINT('',(250.37738635958,311.8019947276,3.));
#5089=CARTESIAN_POINT('Origin',(251.572396819784,312.997005187806,3.));
#5090=CARTESIAN_POINT('',(250.37738635958,311.8019947276,0.));
#5091=CARTESIAN_POINT('Origin',(254.687407279992,307.491973807183,0.));
#5092=CARTESIAN_POINT('',(254.687407279992,307.491973807183,3.));
#5093=CARTESIAN_POINT('',(254.687407279992,307.491973807183,3.));
#5094=CARTESIAN_POINT('',(254.687407279992,307.491973807183,0.));
#5095=CARTESIAN_POINT('Origin',(253.492396819786,306.296963346978,0.));
#5096=CARTESIAN_POINT('',(255.182396819787,306.296963346978,3.));
#5097=CARTESIAN_POINT('Origin',(253.492396819786,306.296963346978,3.));
#5098=CARTESIAN_POINT('',(255.182396819787,306.296963346978,0.));
#5099=CARTESIAN_POINT('Origin',(255.182396819785,302.862121196734,0.));
#5100=CARTESIAN_POINT('',(255.182396819785,302.862121196734,3.));
#5101=CARTESIAN_POINT('',(255.182396819785,306.296963346978,3.));
#5102=CARTESIAN_POINT('',(255.182396819785,302.862121196734,0.));
#5103=CARTESIAN_POINT('Origin',(254.822396819785,302.862121196734,0.));
#5104=CARTESIAN_POINT('',(254.515263952649,302.674319700666,3.));
#5105=CARTESIAN_POINT('Origin',(254.822396819785,302.862121196734,3.));
#5106=CARTESIAN_POINT('',(254.515263952649,302.674319700666,0.));
#5107=CARTESIAN_POINT('Origin',(252.382396819785,301.370142644476,0.));
#5108=CARTESIAN_POINT('',(252.067711505099,298.89002709212,3.));
#5109=CARTESIAN_POINT('Origin',(252.382396819785,301.370142644476,3.));
#5110=CARTESIAN_POINT('',(252.067711505099,298.89002709212,0.));
#5111=CARTESIAN_POINT('Origin',(252.022396819786,298.53289045259,0.));
#5112=CARTESIAN_POINT('',(252.382396819786,298.53289045259,3.));
#5113=CARTESIAN_POINT('Origin',(252.022396819786,298.53289045259,3.));
#5114=CARTESIAN_POINT('',(252.382396819786,298.53289045259,0.));
#5115=CARTESIAN_POINT('Origin',(252.382396819786,297.983725620995,0.));
#5116=CARTESIAN_POINT('',(252.382396819786,297.983725620995,3.));
#5117=CARTESIAN_POINT('',(252.382396819786,298.53289045259,3.));
#5118=CARTESIAN_POINT('',(252.382396819786,297.983725620995,0.));
#5119=CARTESIAN_POINT('Origin',(252.022396819786,297.983725620995,0.));
#5120=CARTESIAN_POINT('',(252.276955261013,297.729167179768,3.));
#5121=CARTESIAN_POINT('Origin',(252.022396819786,297.983725620995,3.));
#5122=CARTESIAN_POINT('',(252.276955261013,297.729167179768,0.));
#5123=CARTESIAN_POINT('Origin',(244.981498909258,290.433710828024,0.));
#5124=CARTESIAN_POINT('',(244.981498909257,290.433710828025,3.));
#5125=CARTESIAN_POINT('',(252.276955261013,297.729167179768,3.));
#5126=CARTESIAN_POINT('',(244.981498909257,290.433710828025,0.));
#5127=CARTESIAN_POINT('Origin',(243.645067092817,291.77014264447,0.));
#5128=CARTESIAN_POINT('',(243.645067092817,289.88014264447,3.));
#5129=CARTESIAN_POINT('Origin',(243.645067092817,291.77014264447,3.));
#5130=CARTESIAN_POINT('',(243.645067092817,289.88014264447,0.));
#5131=CARTESIAN_POINT('Origin',(238.094192640811,289.88014264447,0.));
#5132=CARTESIAN_POINT('',(238.094192640811,289.88014264447,3.));
#5133=CARTESIAN_POINT('',(238.094192640811,289.88014264447,3.));
#5134=CARTESIAN_POINT('',(238.094192640811,289.88014264447,0.));
#5135=CARTESIAN_POINT('Origin',(238.094192640811,291.77014264447,0.));
#5136=CARTESIAN_POINT('',(236.757760824371,290.433710828025,3.));
#5137=CARTESIAN_POINT('Origin',(238.094192640811,291.77014264447,3.));
#5138=CARTESIAN_POINT('',(236.757760824371,290.433710828025,0.));
#5139=CARTESIAN_POINT('Origin',(236.101421355083,291.09005029731,0.));
#5140=CARTESIAN_POINT('',(236.101421355083,291.09005029731,3.));
#5141=CARTESIAN_POINT('',(236.101421355083,291.09005029731,3.));
#5142=CARTESIAN_POINT('',(236.101421355083,291.09005029731,0.));
#5143=CARTESIAN_POINT('Origin',(236.355979796309,291.344608738539,0.));
#5144=CARTESIAN_POINT('',(236.101421355085,291.599167179768,3.));
#5145=CARTESIAN_POINT('Origin',(236.355979796309,291.344608738539,3.));
#5146=CARTESIAN_POINT('',(236.101421355085,291.599167179768,0.));
#5147=CARTESIAN_POINT('Origin',(237.333397052919,292.831142877601,0.));
#5148=CARTESIAN_POINT('',(237.333397052914,292.831142877606,3.));
#5149=CARTESIAN_POINT('',(237.333397052919,292.831142877601,3.));
#5150=CARTESIAN_POINT('',(237.333397052914,292.831142877606,0.));
#5151=CARTESIAN_POINT('Origin',(237.587955494142,292.576584436379,0.));
#5152=CARTESIAN_POINT('',(237.809187989708,292.860584767722,3.));
#5153=CARTESIAN_POINT('Origin',(237.587955494142,292.576584436379,3.));
#5154=CARTESIAN_POINT('',(237.809187985187,292.860584761918,0.));
#5155=CARTESIAN_POINT('Origin',(239.382396819785,294.880142644471,0.));
#5156=CARTESIAN_POINT('',(237.809187989716,296.899700521226,3.));
#5157=CARTESIAN_POINT('Origin',(239.382396819785,294.880142644471,3.));
#5158=CARTESIAN_POINT('',(237.809187985194,296.899700527031,0.));
#5159=CARTESIAN_POINT('Origin',(237.587955494149,297.18370085257,0.));
#5160=CARTESIAN_POINT('',(237.333397052925,296.929142411339,3.));
#5161=CARTESIAN_POINT('Origin',(237.587955494149,297.18370085257,3.));
#5162=CARTESIAN_POINT('',(237.333397052925,296.929142411339,0.));
#5163=CARTESIAN_POINT('Origin',(234.935965003335,299.326574460918,0.));
#5164=CARTESIAN_POINT('',(234.935965003339,299.326574460922,3.));
#5165=CARTESIAN_POINT('',(237.333397052919,296.929142411334,3.));
#5166=CARTESIAN_POINT('',(234.935965003339,299.326574460922,0.));
#5167=CARTESIAN_POINT('Origin',(236.272396819782,300.663006277364,0.));
#5168=CARTESIAN_POINT('',(234.382396819782,300.663006277364,3.));
#5169=CARTESIAN_POINT('Origin',(236.272396819782,300.663006277364,3.));
#5170=CARTESIAN_POINT('',(234.382396819782,300.663006277364,0.));
#5171=CARTESIAN_POINT('Origin',(234.382396819782,302.03014264448,0.));
#5172=CARTESIAN_POINT('',(234.382396819782,302.03014264448,3.));
#5173=CARTESIAN_POINT('',(234.382396819782,300.663006277364,3.));
#5174=CARTESIAN_POINT('',(234.382396819782,302.03014264448,0.));
#5175=CARTESIAN_POINT('Origin',(235.272396819782,302.03014264448,0.));
#5176=CARTESIAN_POINT('',(235.272396819782,302.92014264448,3.));
#5177=CARTESIAN_POINT('Origin',(235.272396819782,302.03014264448,3.));
#5178=CARTESIAN_POINT('',(235.272396819782,302.92014264448,0.));
#5179=CARTESIAN_POINT('Origin',(238.882396819785,302.920142644493,0.));
#5180=CARTESIAN_POINT('',(238.882396819785,302.920142644493,3.));
#5181=CARTESIAN_POINT('',(238.882396819785,302.920142644493,3.));
#5182=CARTESIAN_POINT('',(238.882396819785,302.920142644493,0.));
#5183=CARTESIAN_POINT('Origin',(238.882396819785,303.970142644482,0.));
#5184=CARTESIAN_POINT('',(238.882396819785,305.02014264447,3.));
#5185=CARTESIAN_POINT('Origin',(238.882396819785,303.970142644482,3.));
#5186=CARTESIAN_POINT('',(238.882396819785,305.02014264447,0.));
#5187=CARTESIAN_POINT('Origin',(235.272396819782,305.020142644477,0.));
#5188=CARTESIAN_POINT('',(235.272396819782,305.020142644477,3.));
#5189=CARTESIAN_POINT('',(235.272396819782,305.020142644477,3.));
#5190=CARTESIAN_POINT('',(235.272396819782,305.020142644477,0.));
#5191=CARTESIAN_POINT('Origin',(235.272396819782,305.910142644477,0.));
#5192=CARTESIAN_POINT('',(234.382396819782,305.910142644477,3.));
#5193=CARTESIAN_POINT('Origin',(235.272396819782,305.910142644477,3.));
#5194=CARTESIAN_POINT('',(234.382396819782,305.910142644477,0.));
#5195=CARTESIAN_POINT('Origin',(234.382396819786,307.839366667054,0.));
#5196=CARTESIAN_POINT('',(234.382396819786,307.839366667054,3.));
#5197=CARTESIAN_POINT('',(234.382396819782,305.910142644477,3.));
#5198=CARTESIAN_POINT('',(234.382396819786,307.839366667054,0.));
#5199=CARTESIAN_POINT('Origin',(233.492396819786,307.839366667054,0.));
#5200=CARTESIAN_POINT('',(233.492396819786,308.729366667054,3.));
#5201=CARTESIAN_POINT('Origin',(233.492396819786,307.839366667054,3.));
#5202=CARTESIAN_POINT('',(233.492396819786,308.729366667054,0.));
#5203=CARTESIAN_POINT('Origin',(195.272396819786,308.729366667054,0.));
#5204=CARTESIAN_POINT('',(195.272396819786,308.729366667054,3.));
#5205=CARTESIAN_POINT('',(195.272396819786,308.729366667054,3.));
#5206=CARTESIAN_POINT('',(195.272396819786,308.729366667054,0.));
#5207=CARTESIAN_POINT('Origin',(195.272396819786,307.839366667054,0.));
#5208=CARTESIAN_POINT('',(194.382396819786,307.839366667054,3.));
#5209=CARTESIAN_POINT('Origin',(195.272396819786,307.839366667054,3.));
#5210=CARTESIAN_POINT('',(194.382396819786,307.839366667054,0.));
#5211=CARTESIAN_POINT('Origin',(194.38239681979,305.910142644477,0.));
#5212=CARTESIAN_POINT('',(194.38239681979,305.910142644477,3.));
#5213=CARTESIAN_POINT('',(194.38239681979,305.910142644477,3.));
#5214=CARTESIAN_POINT('',(194.38239681979,305.910142644477,0.));
#5215=CARTESIAN_POINT('Origin',(193.49239681979,305.910142644477,0.));
#5216=CARTESIAN_POINT('',(193.49239681979,305.020142644477,3.));
#5217=CARTESIAN_POINT('Origin',(193.49239681979,305.910142644477,3.));
#5218=CARTESIAN_POINT('',(193.49239681979,305.020142644477,0.));
#5219=CARTESIAN_POINT('Origin',(189.882396819789,305.02014264447,0.));
#5220=CARTESIAN_POINT('',(189.882396819789,305.02014264447,3.));
#5221=CARTESIAN_POINT('',(193.49239681979,305.020142644477,3.));
#5222=CARTESIAN_POINT('',(189.882396819789,305.02014264447,0.));
#5223=CARTESIAN_POINT('Origin',(189.882396819785,303.970142644482,0.));
#5224=CARTESIAN_POINT('',(189.882396819789,302.920142644493,3.));
#5225=CARTESIAN_POINT('Origin',(189.882396819785,303.970142644482,3.));
#5226=CARTESIAN_POINT('',(189.882396819789,302.920142644493,0.));
#5227=CARTESIAN_POINT('Origin',(193.49239681979,302.92014264448,0.));
#5228=CARTESIAN_POINT('',(193.49239681979,302.92014264448,3.));
#5229=CARTESIAN_POINT('',(189.882396819789,302.920142644493,3.));
#5230=CARTESIAN_POINT('',(193.49239681979,302.92014264448,0.));
#5231=CARTESIAN_POINT('Origin',(193.49239681979,302.03014264448,0.));
#5232=CARTESIAN_POINT('',(194.38239681979,302.03014264448,3.));
#5233=CARTESIAN_POINT('Origin',(193.49239681979,302.03014264448,3.));
#5234=CARTESIAN_POINT('',(194.38239681979,302.03014264448,0.));
#5235=CARTESIAN_POINT('Origin',(194.382396819789,300.663006277364,0.));
#5236=CARTESIAN_POINT('',(194.382396819791,300.663006277364,3.));
#5237=CARTESIAN_POINT('',(194.382396819789,300.663006277364,3.));
#5238=CARTESIAN_POINT('',(194.382396819791,300.663006277364,0.));
#5239=CARTESIAN_POINT('Origin',(192.49239681979,300.663006277364,0.));
#5240=CARTESIAN_POINT('',(193.828828636233,299.326574460921,3.));
#5241=CARTESIAN_POINT('Origin',(192.49239681979,300.663006277364,3.));
#5242=CARTESIAN_POINT('',(193.828828636233,299.326574460921,0.));
#5243=CARTESIAN_POINT('Origin',(191.431396586645,296.929142411338,0.));
#5244=CARTESIAN_POINT('',(191.431396586645,296.929142411338,3.));
#5245=CARTESIAN_POINT('',(191.431396586645,296.929142411338,3.));
#5246=CARTESIAN_POINT('',(191.431396586645,296.929142411338,0.));
#5247=CARTESIAN_POINT('Origin',(191.176838145423,297.18370085257,0.));
#5248=CARTESIAN_POINT('',(190.955605649856,296.899700521226,3.));
#5249=CARTESIAN_POINT('Origin',(191.176838145423,297.18370085257,3.));
#5250=CARTESIAN_POINT('',(190.955605654378,296.899700527031,0.));
#5251=CARTESIAN_POINT('Origin',(189.382396819785,294.880142644471,0.));
#5252=CARTESIAN_POINT('',(190.955605649863,292.860584767723,3.));
#5253=CARTESIAN_POINT('Origin',(189.382396819785,294.880142644471,3.));
#5254=CARTESIAN_POINT('',(190.955605654385,292.860584761918,0.));
#5255=CARTESIAN_POINT('Origin',(191.17683814543,292.576584436379,0.));
#5256=CARTESIAN_POINT('',(191.431396586657,292.831142877606,3.));
#5257=CARTESIAN_POINT('Origin',(191.17683814543,292.576584436379,3.));
#5258=CARTESIAN_POINT('',(191.431396586657,292.831142877606,0.));
#5259=CARTESIAN_POINT('Origin',(192.663372284489,291.599167179769,0.));
#5260=CARTESIAN_POINT('',(192.663372284488,291.599167179768,3.));
#5261=CARTESIAN_POINT('',(191.431396586657,292.831142877606,3.));
#5262=CARTESIAN_POINT('',(192.663372284488,291.599167179768,0.));
#5263=CARTESIAN_POINT('Origin',(192.408813843263,291.344608738539,0.));
#5264=CARTESIAN_POINT('',(192.663372284489,291.09005029731,3.));
#5265=CARTESIAN_POINT('Origin',(192.408813843263,291.344608738539,3.));
#5266=CARTESIAN_POINT('',(192.663372284489,291.09005029731,0.));
#5267=CARTESIAN_POINT('Origin',(192.007032815203,290.433710828027,0.));
#5268=CARTESIAN_POINT('',(192.007032815203,290.433710828027,3.));
#5269=CARTESIAN_POINT('',(192.663372284489,291.09005029731,3.));
#5270=CARTESIAN_POINT('',(192.007032815203,290.433710828027,0.));
#5271=CARTESIAN_POINT('Origin',(190.670600998761,291.77014264447,0.));
#5272=CARTESIAN_POINT('',(190.670600998761,289.88014264447,3.));
#5273=CARTESIAN_POINT('Origin',(190.670600998761,291.77014264447,3.));
#5274=CARTESIAN_POINT('',(190.670600998761,289.88014264447,0.));
#5275=CARTESIAN_POINT('Origin',(185.119726546755,289.88014264447,0.));
#5276=CARTESIAN_POINT('',(185.119726546755,289.88014264447,3.));
#5277=CARTESIAN_POINT('',(190.670600998761,289.88014264447,3.));
#5278=CARTESIAN_POINT('',(185.119726546755,289.88014264447,0.));
#5279=CARTESIAN_POINT('Origin',(185.119726546755,291.77014264447,0.));
#5280=CARTESIAN_POINT('',(183.783294730313,290.433710828027,3.));
#5281=CARTESIAN_POINT('Origin',(185.119726546755,291.77014264447,3.));
#5282=CARTESIAN_POINT('',(183.783294730313,290.433710828027,0.));
#5283=CARTESIAN_POINT('Origin',(176.487838378559,297.729167179768,0.));
#5284=CARTESIAN_POINT('',(176.487838378559,297.729167179768,3.));
#5285=CARTESIAN_POINT('',(176.487838378559,297.729167179768,3.));
#5286=CARTESIAN_POINT('',(176.487838378559,297.729167179768,0.));
#5287=CARTESIAN_POINT('Origin',(176.742396819786,297.983725620995,0.));
#5288=CARTESIAN_POINT('',(176.382396819786,297.983725620995,3.));
#5289=CARTESIAN_POINT('Origin',(176.742396819786,297.983725620995,3.));
#5290=CARTESIAN_POINT('',(176.382396819786,297.983725620995,0.));
#5291=CARTESIAN_POINT('Origin',(176.382396819786,298.53289045259,0.));
#5292=CARTESIAN_POINT('',(176.382396819786,298.53289045259,3.));
#5293=CARTESIAN_POINT('',(176.382396819786,298.53289045259,3.));
#5294=CARTESIAN_POINT('',(176.382396819786,298.53289045259,0.));
#5295=CARTESIAN_POINT('Origin',(176.742396819786,298.53289045259,0.));
#5296=CARTESIAN_POINT('',(176.697082134472,298.89002709212,3.));
#5297=CARTESIAN_POINT('Origin',(176.742396819786,298.53289045259,3.));
#5298=CARTESIAN_POINT('',(176.697082134472,298.89002709212,0.));
#5299=CARTESIAN_POINT('Origin',(176.382396819785,301.370142644476,0.));
#5300=CARTESIAN_POINT('',(174.249529686923,302.674319700666,3.));
#5301=CARTESIAN_POINT('Origin',(176.382396819785,301.370142644476,3.));
#5302=CARTESIAN_POINT('',(174.249529686923,302.674319700666,0.));
#5303=CARTESIAN_POINT('Origin',(173.942396819787,302.862121196734,0.));
#5304=CARTESIAN_POINT('',(173.582396819787,302.862121196734,3.));
#5305=CARTESIAN_POINT('Origin',(173.942396819787,302.862121196734,3.));
#5306=CARTESIAN_POINT('',(173.582396819787,302.862121196734,0.));
#5307=CARTESIAN_POINT('Origin',(173.582396819787,306.296963346978,0.));
#5308=CARTESIAN_POINT('',(173.582396819786,306.296963346978,3.));
#5309=CARTESIAN_POINT('',(173.582396819787,306.296963346978,3.));
#5310=CARTESIAN_POINT('',(173.582396819786,306.296963346978,0.));
#5311=CARTESIAN_POINT('Origin',(175.272396819786,306.296963346978,0.));
#5312=CARTESIAN_POINT('',(174.07738635958,307.491973807183,3.));
#5313=CARTESIAN_POINT('Origin',(175.272396819786,306.296963346978,3.));
#5314=CARTESIAN_POINT('',(174.07738635958,307.491973807183,0.));
#5315=CARTESIAN_POINT('Origin',(178.387407279996,311.801994727604,0.));
#5316=CARTESIAN_POINT('',(178.387407279996,311.801994727604,3.));
#5317=CARTESIAN_POINT('',(174.07738635958,307.491973807183,3.));
#5318=CARTESIAN_POINT('',(178.387407279996,311.801994727604,0.));
#5319=CARTESIAN_POINT('Origin',(177.192396819787,312.997005187806,0.));
#5320=CARTESIAN_POINT('',(178.882396819787,312.997005187806,3.));
#5321=CARTESIAN_POINT('Origin',(177.192396819787,312.997005187806,3.));
#5322=CARTESIAN_POINT('',(178.882396819787,312.997005187806,0.));
#5323=CARTESIAN_POINT('Origin',(178.882396819787,325.806141770941,0.));
#5324=CARTESIAN_POINT('',(178.882396819787,325.806141770941,3.));
#5325=CARTESIAN_POINT('',(178.882396819787,325.806141770941,3.));
#5326=CARTESIAN_POINT('',(178.882396819787,325.806141770941,0.));
#5327=CARTESIAN_POINT('Origin',(177.192396819787,325.806141770941,0.));
#5328=CARTESIAN_POINT('',(178.387407279991,327.001152231148,3.));
#5329=CARTESIAN_POINT('Origin',(177.192396819787,325.806141770941,3.));
#5330=CARTESIAN_POINT('',(178.387407279991,327.001152231148,0.));
#5331=CARTESIAN_POINT('Origin',(174.077386359578,331.311173151562,0.));
#5332=CARTESIAN_POINT('',(174.07738635958,331.311173151564,3.));
#5333=CARTESIAN_POINT('',(174.077386359578,331.311173151562,3.));
#5334=CARTESIAN_POINT('',(174.07738635958,331.311173151564,0.));
#5335=CARTESIAN_POINT('Origin',(175.272396819786,332.506183611769,0.));
#5336=CARTESIAN_POINT('',(173.582396819785,332.506183611769,3.));
#5337=CARTESIAN_POINT('Origin',(175.272396819786,332.506183611769,3.));
#5338=CARTESIAN_POINT('',(173.582396819785,332.506183611769,0.));
#5339=CARTESIAN_POINT('Origin',(173.582396819787,335.941025762012,0.));
#5340=CARTESIAN_POINT('',(173.582396819787,335.941025762012,3.));
#5341=CARTESIAN_POINT('',(173.582396819785,332.506183611769,3.));
#5342=CARTESIAN_POINT('',(173.582396819787,335.941025762012,0.));
#5343=CARTESIAN_POINT('Origin',(173.942396819787,335.941025762012,0.));
#5344=CARTESIAN_POINT('',(173.68783837856,336.195584203239,3.));
#5345=CARTESIAN_POINT('Origin',(173.942396819787,335.941025762012,3.));
#5346=CARTESIAN_POINT('',(173.68783837856,336.195584203239,0.));
#5347=CARTESIAN_POINT('Origin',(174.376156554964,336.883902379647,0.));
#5348=CARTESIAN_POINT('',(174.376156554964,336.883902379647,3.));
#5349=CARTESIAN_POINT('',(174.376156554964,336.883902379647,3.));
#5350=CARTESIAN_POINT('',(174.376156554964,336.883902379647,0.));
#5351=CARTESIAN_POINT('Origin',(174.630714996189,336.629343938418,0.));
#5352=CARTESIAN_POINT('',(174.851206414539,336.913919999312,3.));
#5353=CARTESIAN_POINT('Origin',(174.630714996189,336.629343938418,3.));
#5354=CARTESIAN_POINT('',(174.851206414539,336.913919999312,0.));
#5355=CARTESIAN_POINT('Origin',(176.382396819785,338.890142644466,0.));
#5356=CARTESIAN_POINT('',(174.85120641454,340.866365289619,3.));
#5357=CARTESIAN_POINT('Origin',(176.382396819785,338.890142644466,3.));
#5358=CARTESIAN_POINT('',(174.85120641454,340.866365289619,0.));
#5359=CARTESIAN_POINT('Origin',(174.630714996189,341.150941350513,0.));
#5360=CARTESIAN_POINT('',(174.376156554964,340.896382909284,3.));
#5361=CARTESIAN_POINT('Origin',(174.630714996189,341.150941350513,3.));
#5362=CARTESIAN_POINT('',(174.376156554964,340.896382909284,0.));
#5363=CARTESIAN_POINT('Origin',(173.687838378555,341.584701085697,0.));
#5364=CARTESIAN_POINT('',(173.687838378556,341.584701085699,3.));
#5365=CARTESIAN_POINT('',(174.376156554964,340.896382909284,3.));
#5366=CARTESIAN_POINT('',(173.687838378556,341.584701085699,0.));
#5367=CARTESIAN_POINT('Origin',(173.942396819783,341.839259526926,0.));
#5368=CARTESIAN_POINT('',(173.582396819783,341.839259526926,3.));
#5369=CARTESIAN_POINT('Origin',(173.942396819783,341.839259526926,3.));
#5370=CARTESIAN_POINT('',(173.582396819783,341.839259526926,0.));
#5371=CARTESIAN_POINT('Origin',(173.582396819783,344.521601677175,0.));
#5372=CARTESIAN_POINT('',(173.582396819782,344.521601677175,3.));
#5373=CARTESIAN_POINT('',(173.582396819783,344.521601677175,3.));
#5374=CARTESIAN_POINT('',(173.582396819782,344.521601677175,0.));
#5375=CARTESIAN_POINT('Origin',(175.272396819782,344.521601677175,0.));
#5376=CARTESIAN_POINT('',(174.077386359576,345.71661213738,3.));
#5377=CARTESIAN_POINT('Origin',(175.272396819782,344.521601677175,3.));
#5378=CARTESIAN_POINT('',(174.077386359576,345.71661213738,0.));
#5379=CARTESIAN_POINT('Origin',(178.387407279993,350.026633057797,0.));
#5380=CARTESIAN_POINT('',(178.387407279993,350.026633057797,3.));
#5381=CARTESIAN_POINT('',(174.077386359574,345.716612137382,3.));
#5382=CARTESIAN_POINT('',(178.387407279993,350.026633057797,0.));
#5383=CARTESIAN_POINT('Origin',(177.192396819787,351.221643518003,0.));
#5384=CARTESIAN_POINT('',(178.882396819787,351.221643518003,3.));
#5385=CARTESIAN_POINT('Origin',(177.192396819787,351.221643518003,3.));
#5386=CARTESIAN_POINT('',(178.882396819787,351.221643518003,0.));
#5387=CARTESIAN_POINT('Origin',(178.882396819787,359.515780101138,0.));
#5388=CARTESIAN_POINT('',(178.882396819787,359.515780101138,3.));
#5389=CARTESIAN_POINT('',(178.882396819787,351.221643518003,3.));
#5390=CARTESIAN_POINT('',(178.882396819787,359.515780101138,0.));
#5391=CARTESIAN_POINT('Origin',(177.192396819787,359.515780101138,0.));
#5392=CARTESIAN_POINT('',(178.38740727999,360.710790561346,3.));
#5393=CARTESIAN_POINT('Origin',(177.192396819787,359.515780101138,3.));
#5394=CARTESIAN_POINT('',(178.38740727999,360.710790561346,0.));
#5395=CARTESIAN_POINT('Origin',(174.077386359574,365.020811481759,0.));
#5396=CARTESIAN_POINT('',(174.077386359576,365.020811481761,3.));
#5397=CARTESIAN_POINT('',(174.077386359574,365.020811481759,3.));
#5398=CARTESIAN_POINT('',(174.077386359576,365.020811481761,0.));
#5399=CARTESIAN_POINT('Origin',(175.272396819782,366.215821941966,0.));
#5400=CARTESIAN_POINT('',(173.582396819781,366.215821941966,3.));
#5401=CARTESIAN_POINT('Origin',(175.272396819782,366.215821941966,3.));
#5402=CARTESIAN_POINT('',(173.582396819781,366.215821941966,0.));
#5403=CARTESIAN_POINT('Origin',(173.582396819787,368.898164092208,0.));
#5404=CARTESIAN_POINT('',(173.582396819787,368.898164092208,3.));
#5405=CARTESIAN_POINT('',(173.582396819783,366.215821941966,3.));
#5406=CARTESIAN_POINT('',(173.582396819787,368.898164092208,0.));
#5407=CARTESIAN_POINT('Origin',(173.942396819787,368.898164092208,0.));
#5408=CARTESIAN_POINT('',(174.249529686911,369.085965588293,3.));
#5409=CARTESIAN_POINT('Origin',(173.942396819787,368.898164092208,3.));
#5410=CARTESIAN_POINT('',(174.249529686911,369.085965588293,0.));
#5411=CARTESIAN_POINT('Origin',(176.382396819785,370.390142644466,0.));
#5412=CARTESIAN_POINT('',(176.697082134472,372.870258196822,3.));
#5413=CARTESIAN_POINT('Origin',(176.382396819785,370.390142644466,3.));
#5414=CARTESIAN_POINT('',(176.697082134472,372.870258196822,0.));
#5415=CARTESIAN_POINT('Origin',(176.742396819786,373.227394836352,0.));
#5416=CARTESIAN_POINT('',(176.382396819786,373.227394836352,3.));
#5417=CARTESIAN_POINT('Origin',(176.742396819786,373.227394836352,3.));
#5418=CARTESIAN_POINT('',(176.382396819786,373.227394836352,0.));
#5419=CARTESIAN_POINT('Origin',(176.382396819786,373.776559667947,0.));
#5420=CARTESIAN_POINT('',(176.382396819786,373.776559667947,3.));
#5421=CARTESIAN_POINT('',(176.382396819786,373.227394836352,3.));
#5422=CARTESIAN_POINT('',(176.382396819786,373.776559667947,0.));
#5423=CARTESIAN_POINT('Origin',(176.742396819786,373.776559667947,0.));
#5424=CARTESIAN_POINT('',(176.487838378561,374.031118109176,3.));
#5425=CARTESIAN_POINT('Origin',(176.742396819786,373.776559667947,3.));
#5426=CARTESIAN_POINT('',(176.487838378561,374.031118109176,0.));
#5427=CARTESIAN_POINT('Origin',(183.783294730313,381.326574460918,0.));
#5428=CARTESIAN_POINT('',(183.783294730315,381.326574460917,3.));
#5429=CARTESIAN_POINT('',(176.487838378561,374.031118109176,3.));
#5430=CARTESIAN_POINT('',(183.783294730315,381.326574460917,0.));
#5431=CARTESIAN_POINT('Origin',(185.119726546755,379.990142644472,0.));
#5432=CARTESIAN_POINT('',(185.119726546755,381.880142644472,3.));
#5433=CARTESIAN_POINT('Origin',(185.119726546755,379.990142644472,3.));
#5434=CARTESIAN_POINT('',(185.119726546755,381.880142644472,0.));
#5435=CARTESIAN_POINT('Origin',(194.645067092817,381.880142644471,0.));
#5436=CARTESIAN_POINT('',(194.645067092817,381.880142644472,3.));
#5437=CARTESIAN_POINT('',(194.645067092817,381.880142644471,3.));
#5438=CARTESIAN_POINT('',(194.645067092817,381.880142644472,0.));
#5439=CARTESIAN_POINT('Origin',(194.645067092817,379.990142644472,0.));
#5440=CARTESIAN_POINT('',(195.981498909259,381.326574460915,3.));
#5441=CARTESIAN_POINT('Origin',(194.645067092817,379.990142644472,3.));
#5442=CARTESIAN_POINT('',(195.981498909259,381.326574460915,0.));
#5443=CARTESIAN_POINT('Origin',(203.232941185915,374.075132184265,0.));
#5444=CARTESIAN_POINT('',(203.232941185915,374.075132184265,3.));
#5445=CARTESIAN_POINT('',(203.232941185915,374.075132184265,3.));
#5446=CARTESIAN_POINT('',(203.232941185915,374.075132184265,0.));
#5447=CARTESIAN_POINT('Origin',(204.42795164612,375.270142644471,0.));
#5448=CARTESIAN_POINT('',(204.42795164612,373.580142644471,3.));
#5449=CARTESIAN_POINT('Origin',(204.42795164612,375.270142644471,3.));
#5450=CARTESIAN_POINT('',(204.42795164612,373.580142644471,0.));
#5451=CARTESIAN_POINT('Origin',(224.336841993452,373.580142644471,0.));
#5452=CARTESIAN_POINT('',(224.336841993452,373.580142644471,3.));
#5453=CARTESIAN_POINT('',(224.336841993452,373.580142644471,3.));
#5454=CARTESIAN_POINT('',(224.336841993452,373.580142644471,0.));
#5455=CARTESIAN_POINT('Origin',(224.336841993452,375.270142644471,0.));
#5456=CARTESIAN_POINT('',(225.531852453657,374.075132184265,3.));
#5457=CARTESIAN_POINT('Origin',(224.336841993452,375.270142644471,3.));
#5458=CARTESIAN_POINT('',(225.531852453657,374.075132184265,0.));
#5459=CARTESIAN_POINT('Origin',(232.783294730313,381.326574460915,0.));
#5460=CARTESIAN_POINT('',(232.783294730313,381.326574460915,3.));
#5461=CARTESIAN_POINT('',(225.531852453657,374.075132184265,3.));
#5462=CARTESIAN_POINT('',(232.783294730313,381.326574460915,0.));
#5463=CARTESIAN_POINT('Origin',(234.119726546755,379.990142644472,0.));
#5464=CARTESIAN_POINT('',(234.119726546755,381.880142644472,3.));
#5465=CARTESIAN_POINT('Origin',(234.119726546755,379.990142644472,3.));
#5466=CARTESIAN_POINT('',(234.119726546755,381.880142644472,0.));
#5467=CARTESIAN_POINT('Origin',(243.645067092817,381.880142644471,0.));
#5468=CARTESIAN_POINT('',(243.645067092817,381.880142644472,3.));
#5469=CARTESIAN_POINT('',(243.645067092817,381.880142644471,3.));
#5470=CARTESIAN_POINT('',(243.645067092817,381.880142644472,0.));
#5471=CARTESIAN_POINT('Origin',(243.645067092817,379.990142644472,0.));
#5472=CARTESIAN_POINT('',(244.981498909259,381.326574460915,3.));
#5473=CARTESIAN_POINT('Origin',(243.645067092817,379.990142644472,3.));
#5474=CARTESIAN_POINT('',(244.981498909259,381.326574460915,0.));
#5475=CARTESIAN_POINT('Origin',(252.276955261011,374.031118109169,0.));
#5476=CARTESIAN_POINT('',(252.276955261014,374.031118109173,3.));
#5477=CARTESIAN_POINT('',(252.276955261011,374.031118109169,3.));
#5478=CARTESIAN_POINT('',(252.276955261014,374.031118109173,0.));
#5479=CARTESIAN_POINT('Origin',(252.022396819786,373.776559667947,0.));
#5480=CARTESIAN_POINT('',(252.382396819786,373.776559667947,3.));
#5481=CARTESIAN_POINT('Origin',(252.022396819786,373.776559667947,3.));
#5482=CARTESIAN_POINT('',(252.382396819786,373.776559667947,0.));
#5483=CARTESIAN_POINT('Origin',(252.382396819786,373.227394836352,0.));
#5484=CARTESIAN_POINT('',(252.382396819786,373.227394836352,3.));
#5485=CARTESIAN_POINT('',(252.382396819786,373.227394836352,3.));
#5486=CARTESIAN_POINT('',(252.382396819786,373.227394836352,0.));
#5487=CARTESIAN_POINT('Origin',(252.022396819786,373.227394836352,0.));
#5488=CARTESIAN_POINT('Origin',(252.022396819786,373.227394836352,3.));
#5489=CARTESIAN_POINT('Origin',(214.382396819786,335.880142644471,3.));
#5490=UNCERTAINTY_MEASURE_WITH_UNIT(LENGTH_MEASURE(0.01),#5494,
'DISTANCE_ACCURACY_VALUE',
'Maximum model space distance between geometric entities at asserted c
onnectivities');
#5491=UNCERTAINTY_MEASURE_WITH_UNIT(LENGTH_MEASURE(0.01),#5494,
'DISTANCE_ACCURACY_VALUE',
'Maximum model space distance between geometric entities at asserted c
onnectivities');
#5492=(
GEOMETRIC_REPRESENTATION_CONTEXT(3)
GLOBAL_UNCERTAINTY_ASSIGNED_CONTEXT((#5490))
GLOBAL_UNIT_ASSIGNED_CONTEXT((#5494,#5496,#5497))
REPRESENTATION_CONTEXT('','3D')
);
#5493=(
GEOMETRIC_REPRESENTATION_CONTEXT(3)
GLOBAL_UNCERTAINTY_ASSIGNED_CONTEXT((#5491))
GLOBAL_UNIT_ASSIGNED_CONTEXT((#5494,#5496,#5497))
REPRESENTATION_CONTEXT('','3D')
);
#5494=(
LENGTH_UNIT()
NAMED_UNIT(*)
SI_UNIT(.MILLI.,.METRE.)
);
#5495=(
LENGTH_UNIT()
NAMED_UNIT(*)
SI_UNIT($,.METRE.)
);
#5496=(
NAMED_UNIT(*)
PLANE_ANGLE_UNIT()
SI_UNIT($,.RADIAN.)
);
#5497=(
NAMED_UNIT(*)
SI_UNIT($,.STERADIAN.)
SOLID_ANGLE_UNIT()
);
#5498=SHAPE_DEFINITION_REPRESENTATION(#5499,#5500);
#5499=PRODUCT_DEFINITION_SHAPE('',$,#5502);
#5500=SHAPE_REPRESENTATION('',(#3186),#5492);
#5501=PRODUCT_DEFINITION_CONTEXT('part definition',#5506,'design');
#5502=PRODUCT_DEFINITION('\X2\591A529F80FD5E955EA7\X0\-A',
'\X2\591A529F80FD5E955EA7\X0\-A',#5503,#5501);
#5503=PRODUCT_DEFINITION_FORMATION('',$,#5508);
#5504=PRODUCT_RELATED_PRODUCT_CATEGORY('\X2\591A529F80FD5E955EA7\X0\-A',
'\X2\591A529F80FD5E955EA7\X0\-A',(#5508));
#5505=APPLICATION_PROTOCOL_DEFINITION('international standard',
'automotive_design',2009,#5506);
#5506=APPLICATION_CONTEXT(
'Core Data for Automotive Mechanical Design Process');
#5507=PRODUCT_CONTEXT('part definition',#5506,'mechanical');
#5508=PRODUCT('\X2\591A529F80FD5E955EA7\X0\-A','\X2\591A529F80FD5E955EA7\X0\-
A',$,(#5507));
#5509=PRESENTATION_STYLE_ASSIGNMENT((#5511));
#5510=PRESENTATION_STYLE_ASSIGNMENT((#5512));
#5511=SURFACE_STYLE_USAGE(.BOTH.,#5513);
#5512=SURFACE_STYLE_USAGE(.BOTH.,#5514);
#5513=SURFACE_SIDE_STYLE('',(#5515));
#5514=SURFACE_SIDE_STYLE('',(#5516));
#5515=SURFACE_STYLE_FILL_AREA(#5517);
#5516=SURFACE_STYLE_FILL_AREA(#5518);
#5517=FILL_AREA_STYLE('Acero - Satinado',(#5519));
#5518=FILL_AREA_STYLE('Opaque(160,160,160)',(#5520));
#5519=FILL_AREA_STYLE_COLOUR('Acero - Satinado',#5521);
#5520=FILL_AREA_STYLE_COLOUR('Opaque(160,160,160)',#5522);
#5521=COLOUR_RGB('Acero - Satinado',0.627450980392157,0.627450980392157,
0.627450980392157);
#5522=COLOUR_RGB('Opaque(160,160,160)',0.627450980392157,0.627450980392157,
0.627450980392157);
ENDSEC;
END-ISO-10303-21;
