ISO-10303-21;
HEADER;
/* Generated by software containing ST-Developer
 * from STEP Tools, Inc. (www.steptools.com) 
 */

FILE_DESCRIPTION(
/* description */ (''),
/* implementation_level */ '2;1');

FILE_NAME(
/* name */ 'base_sup.step',
/* time_stamp */ '2026-06-02T01:00:28-06:00',
/* author */ (''),
/* organization */ (''),
/* preprocessor_version */ 'ST-DEVELOPER v20.1',
/* originating_system */ 'Autodesk Translation Framework v14.24.0.0',
/* authorisation */ '');

FILE_SCHEMA (('AUTOMOTIVE_DESIGN { 1 0 10303 214 3 1 1 }'));
ENDSEC;

DATA;
#10=MECHANICAL_DESIGN_GEOMETRIC_PRESENTATION_REPRESENTATION('',(#13),#5241);
#11=SHAPE_REPRESENTATION_RELATIONSHIP('SRR','None',#5248,#12);
#12=ADVANCED_BREP_SHAPE_REPRESENTATION('',(#14),#5240);
#13=STYLED_ITEM('',(#5258),#14);
#14=MANIFOLD_SOLID_BREP('Cuerpo1',#3053);
#15=FACE_BOUND('',#410,.T.);
#16=FACE_BOUND('',#411,.T.);
#17=FACE_BOUND('',#412,.T.);
#18=FACE_BOUND('',#413,.T.);
#19=FACE_BOUND('',#414,.T.);
#20=FACE_BOUND('',#415,.T.);
#21=FACE_BOUND('',#416,.T.);
#22=FACE_BOUND('',#417,.T.);
#23=FACE_BOUND('',#418,.T.);
#24=FACE_BOUND('',#419,.T.);
#25=FACE_BOUND('',#420,.T.);
#26=FACE_BOUND('',#421,.T.);
#27=FACE_BOUND('',#422,.T.);
#28=FACE_BOUND('',#423,.T.);
#29=FACE_BOUND('',#424,.T.);
#30=FACE_BOUND('',#426,.T.);
#31=FACE_BOUND('',#427,.T.);
#32=FACE_BOUND('',#428,.T.);
#33=FACE_BOUND('',#429,.T.);
#34=FACE_BOUND('',#430,.T.);
#35=FACE_BOUND('',#431,.T.);
#36=FACE_BOUND('',#432,.T.);
#37=FACE_BOUND('',#433,.T.);
#38=FACE_BOUND('',#434,.T.);
#39=FACE_BOUND('',#435,.T.);
#40=FACE_BOUND('',#436,.T.);
#41=FACE_BOUND('',#437,.T.);
#42=FACE_BOUND('',#438,.T.);
#43=FACE_BOUND('',#439,.T.);
#44=FACE_BOUND('',#440,.T.);
#45=PLANE('',#3073);
#46=PLANE('',#3077);
#47=PLANE('',#3081);
#48=PLANE('',#3085);
#49=PLANE('',#3089);
#50=PLANE('',#3093);
#51=PLANE('',#3097);
#52=PLANE('',#3101);
#53=PLANE('',#3105);
#54=PLANE('',#3106);
#55=PLANE('',#3110);
#56=PLANE('',#3168);
#57=PLANE('',#3172);
#58=PLANE('',#3200);
#59=PLANE('',#3207);
#60=PLANE('',#3211);
#61=PLANE('',#3215);
#62=PLANE('',#3219);
#63=PLANE('',#3223);
#64=PLANE('',#3227);
#65=PLANE('',#3231);
#66=PLANE('',#3235);
#67=PLANE('',#3239);
#68=PLANE('',#3243);
#69=PLANE('',#3247);
#70=PLANE('',#3251);
#71=PLANE('',#3255);
#72=PLANE('',#3259);
#73=PLANE('',#3263);
#74=PLANE('',#3267);
#75=PLANE('',#3274);
#76=PLANE('',#3278);
#77=PLANE('',#3282);
#78=PLANE('',#3286);
#79=PLANE('',#3290);
#80=PLANE('',#3294);
#81=PLANE('',#3301);
#82=PLANE('',#3305);
#83=PLANE('',#3309);
#84=PLANE('',#3313);
#85=PLANE('',#3317);
#86=PLANE('',#3321);
#87=PLANE('',#3325);
#88=PLANE('',#3329);
#89=PLANE('',#3333);
#90=PLANE('',#3337);
#91=PLANE('',#3341);
#92=PLANE('',#3345);
#93=PLANE('',#3349);
#94=PLANE('',#3353);
#95=PLANE('',#3357);
#96=PLANE('',#3361);
#97=PLANE('',#3368);
#98=PLANE('',#3372);
#99=PLANE('',#3376);
#100=PLANE('',#3380);
#101=PLANE('',#3384);
#102=PLANE('',#3388);
#103=PLANE('',#3392);
#104=PLANE('',#3396);
#105=PLANE('',#3397);
#106=PLANE('',#3398);
#107=FACE_OUTER_BOUND('',#259,.T.);
#108=FACE_OUTER_BOUND('',#260,.T.);
#109=FACE_OUTER_BOUND('',#261,.T.);
#110=FACE_OUTER_BOUND('',#262,.T.);
#111=FACE_OUTER_BOUND('',#263,.T.);
#112=FACE_OUTER_BOUND('',#264,.T.);
#113=FACE_OUTER_BOUND('',#265,.T.);
#114=FACE_OUTER_BOUND('',#266,.T.);
#115=FACE_OUTER_BOUND('',#267,.T.);
#116=FACE_OUTER_BOUND('',#268,.T.);
#117=FACE_OUTER_BOUND('',#269,.T.);
#118=FACE_OUTER_BOUND('',#270,.T.);
#119=FACE_OUTER_BOUND('',#271,.T.);
#120=FACE_OUTER_BOUND('',#272,.T.);
#121=FACE_OUTER_BOUND('',#273,.T.);
#122=FACE_OUTER_BOUND('',#274,.T.);
#123=FACE_OUTER_BOUND('',#275,.T.);
#124=FACE_OUTER_BOUND('',#276,.T.);
#125=FACE_OUTER_BOUND('',#277,.T.);
#126=FACE_OUTER_BOUND('',#278,.T.);
#127=FACE_OUTER_BOUND('',#279,.T.);
#128=FACE_OUTER_BOUND('',#280,.T.);
#129=FACE_OUTER_BOUND('',#281,.T.);
#130=FACE_OUTER_BOUND('',#282,.T.);
#131=FACE_OUTER_BOUND('',#283,.T.);
#132=FACE_OUTER_BOUND('',#284,.T.);
#133=FACE_OUTER_BOUND('',#285,.T.);
#134=FACE_OUTER_BOUND('',#286,.T.);
#135=FACE_OUTER_BOUND('',#287,.T.);
#136=FACE_OUTER_BOUND('',#288,.T.);
#137=FACE_OUTER_BOUND('',#289,.T.);
#138=FACE_OUTER_BOUND('',#290,.T.);
#139=FACE_OUTER_BOUND('',#291,.T.);
#140=FACE_OUTER_BOUND('',#292,.T.);
#141=FACE_OUTER_BOUND('',#293,.T.);
#142=FACE_OUTER_BOUND('',#294,.T.);
#143=FACE_OUTER_BOUND('',#295,.T.);
#144=FACE_OUTER_BOUND('',#296,.T.);
#145=FACE_OUTER_BOUND('',#297,.T.);
#146=FACE_OUTER_BOUND('',#298,.T.);
#147=FACE_OUTER_BOUND('',#299,.T.);
#148=FACE_OUTER_BOUND('',#300,.T.);
#149=FACE_OUTER_BOUND('',#301,.T.);
#150=FACE_OUTER_BOUND('',#302,.T.);
#151=FACE_OUTER_BOUND('',#303,.T.);
#152=FACE_OUTER_BOUND('',#304,.T.);
#153=FACE_OUTER_BOUND('',#305,.T.);
#154=FACE_OUTER_BOUND('',#306,.T.);
#155=FACE_OUTER_BOUND('',#307,.T.);
#156=FACE_OUTER_BOUND('',#308,.T.);
#157=FACE_OUTER_BOUND('',#309,.T.);
#158=FACE_OUTER_BOUND('',#310,.T.);
#159=FACE_OUTER_BOUND('',#311,.T.);
#160=FACE_OUTER_BOUND('',#312,.T.);
#161=FACE_OUTER_BOUND('',#313,.T.);
#162=FACE_OUTER_BOUND('',#314,.T.);
#163=FACE_OUTER_BOUND('',#315,.T.);
#164=FACE_OUTER_BOUND('',#316,.T.);
#165=FACE_OUTER_BOUND('',#317,.T.);
#166=FACE_OUTER_BOUND('',#318,.T.);
#167=FACE_OUTER_BOUND('',#319,.T.);
#168=FACE_OUTER_BOUND('',#320,.T.);
#169=FACE_OUTER_BOUND('',#321,.T.);
#170=FACE_OUTER_BOUND('',#322,.T.);
#171=FACE_OUTER_BOUND('',#323,.T.);
#172=FACE_OUTER_BOUND('',#324,.T.);
#173=FACE_OUTER_BOUND('',#325,.T.);
#174=FACE_OUTER_BOUND('',#326,.T.);
#175=FACE_OUTER_BOUND('',#327,.T.);
#176=FACE_OUTER_BOUND('',#328,.T.);
#177=FACE_OUTER_BOUND('',#329,.T.);
#178=FACE_OUTER_BOUND('',#330,.T.);
#179=FACE_OUTER_BOUND('',#331,.T.);
#180=FACE_OUTER_BOUND('',#332,.T.);
#181=FACE_OUTER_BOUND('',#333,.T.);
#182=FACE_OUTER_BOUND('',#334,.T.);
#183=FACE_OUTER_BOUND('',#335,.T.);
#184=FACE_OUTER_BOUND('',#336,.T.);
#185=FACE_OUTER_BOUND('',#337,.T.);
#186=FACE_OUTER_BOUND('',#338,.T.);
#187=FACE_OUTER_BOUND('',#339,.T.);
#188=FACE_OUTER_BOUND('',#340,.T.);
#189=FACE_OUTER_BOUND('',#341,.T.);
#190=FACE_OUTER_BOUND('',#342,.T.);
#191=FACE_OUTER_BOUND('',#343,.T.);
#192=FACE_OUTER_BOUND('',#344,.T.);
#193=FACE_OUTER_BOUND('',#345,.T.);
#194=FACE_OUTER_BOUND('',#346,.T.);
#195=FACE_OUTER_BOUND('',#347,.T.);
#196=FACE_OUTER_BOUND('',#348,.T.);
#197=FACE_OUTER_BOUND('',#349,.T.);
#198=FACE_OUTER_BOUND('',#350,.T.);
#199=FACE_OUTER_BOUND('',#351,.T.);
#200=FACE_OUTER_BOUND('',#352,.T.);
#201=FACE_OUTER_BOUND('',#353,.T.);
#202=FACE_OUTER_BOUND('',#354,.T.);
#203=FACE_OUTER_BOUND('',#355,.T.);
#204=FACE_OUTER_BOUND('',#356,.T.);
#205=FACE_OUTER_BOUND('',#357,.T.);
#206=FACE_OUTER_BOUND('',#358,.T.);
#207=FACE_OUTER_BOUND('',#359,.T.);
#208=FACE_OUTER_BOUND('',#360,.T.);
#209=FACE_OUTER_BOUND('',#361,.T.);
#210=FACE_OUTER_BOUND('',#362,.T.);
#211=FACE_OUTER_BOUND('',#363,.T.);
#212=FACE_OUTER_BOUND('',#364,.T.);
#213=FACE_OUTER_BOUND('',#365,.T.);
#214=FACE_OUTER_BOUND('',#366,.T.);
#215=FACE_OUTER_BOUND('',#367,.T.);
#216=FACE_OUTER_BOUND('',#368,.T.);
#217=FACE_OUTER_BOUND('',#369,.T.);
#218=FACE_OUTER_BOUND('',#370,.T.);
#219=FACE_OUTER_BOUND('',#371,.T.);
#220=FACE_OUTER_BOUND('',#372,.T.);
#221=FACE_OUTER_BOUND('',#373,.T.);
#222=FACE_OUTER_BOUND('',#374,.T.);
#223=FACE_OUTER_BOUND('',#375,.T.);
#224=FACE_OUTER_BOUND('',#376,.T.);
#225=FACE_OUTER_BOUND('',#377,.T.);
#226=FACE_OUTER_BOUND('',#378,.T.);
#227=FACE_OUTER_BOUND('',#379,.T.);
#228=FACE_OUTER_BOUND('',#380,.T.);
#229=FACE_OUTER_BOUND('',#381,.T.);
#230=FACE_OUTER_BOUND('',#382,.T.);
#231=FACE_OUTER_BOUND('',#383,.T.);
#232=FACE_OUTER_BOUND('',#384,.T.);
#233=FACE_OUTER_BOUND('',#385,.T.);
#234=FACE_OUTER_BOUND('',#386,.T.);
#235=FACE_OUTER_BOUND('',#387,.T.);
#236=FACE_OUTER_BOUND('',#388,.T.);
#237=FACE_OUTER_BOUND('',#389,.T.);
#238=FACE_OUTER_BOUND('',#390,.T.);
#239=FACE_OUTER_BOUND('',#391,.T.);
#240=FACE_OUTER_BOUND('',#392,.T.);
#241=FACE_OUTER_BOUND('',#393,.T.);
#242=FACE_OUTER_BOUND('',#394,.T.);
#243=FACE_OUTER_BOUND('',#395,.T.);
#244=FACE_OUTER_BOUND('',#396,.T.);
#245=FACE_OUTER_BOUND('',#397,.T.);
#246=FACE_OUTER_BOUND('',#398,.T.);
#247=FACE_OUTER_BOUND('',#399,.T.);
#248=FACE_OUTER_BOUND('',#400,.T.);
#249=FACE_OUTER_BOUND('',#401,.T.);
#250=FACE_OUTER_BOUND('',#402,.T.);
#251=FACE_OUTER_BOUND('',#403,.T.);
#252=FACE_OUTER_BOUND('',#404,.T.);
#253=FACE_OUTER_BOUND('',#405,.T.);
#254=FACE_OUTER_BOUND('',#406,.T.);
#255=FACE_OUTER_BOUND('',#407,.T.);
#256=FACE_OUTER_BOUND('',#408,.T.);
#257=FACE_OUTER_BOUND('',#409,.T.);
#258=FACE_OUTER_BOUND('',#425,.T.);
#259=EDGE_LOOP('',(#1911,#1912,#1913,#1914));
#260=EDGE_LOOP('',(#1915,#1916,#1917,#1918));
#261=EDGE_LOOP('',(#1919,#1920,#1921,#1922));
#262=EDGE_LOOP('',(#1923,#1924,#1925,#1926));
#263=EDGE_LOOP('',(#1927,#1928,#1929,#1930));
#264=EDGE_LOOP('',(#1931,#1932,#1933,#1934));
#265=EDGE_LOOP('',(#1935,#1936,#1937,#1938));
#266=EDGE_LOOP('',(#1939,#1940,#1941,#1942));
#267=EDGE_LOOP('',(#1943,#1944,#1945,#1946));
#268=EDGE_LOOP('',(#1947,#1948,#1949,#1950));
#269=EDGE_LOOP('',(#1951,#1952,#1953,#1954));
#270=EDGE_LOOP('',(#1955,#1956,#1957,#1958));
#271=EDGE_LOOP('',(#1959,#1960,#1961,#1962));
#272=EDGE_LOOP('',(#1963,#1964,#1965,#1966));
#273=EDGE_LOOP('',(#1967,#1968,#1969,#1970));
#274=EDGE_LOOP('',(#1971,#1972,#1973,#1974));
#275=EDGE_LOOP('',(#1975,#1976,#1977,#1978));
#276=EDGE_LOOP('',(#1979,#1980,#1981,#1982));
#277=EDGE_LOOP('',(#1983,#1984,#1985,#1986));
#278=EDGE_LOOP('',(#1987,#1988,#1989,#1990));
#279=EDGE_LOOP('',(#1991,#1992,#1993,#1994));
#280=EDGE_LOOP('',(#1995,#1996,#1997,#1998));
#281=EDGE_LOOP('',(#1999,#2000,#2001,#2002));
#282=EDGE_LOOP('',(#2003,#2004,#2005,#2006));
#283=EDGE_LOOP('',(#2007,#2008,#2009,#2010));
#284=EDGE_LOOP('',(#2011,#2012,#2013,#2014));
#285=EDGE_LOOP('',(#2015,#2016,#2017,#2018));
#286=EDGE_LOOP('',(#2019,#2020,#2021,#2022));
#287=EDGE_LOOP('',(#2023,#2024,#2025,#2026));
#288=EDGE_LOOP('',(#2027,#2028,#2029,#2030));
#289=EDGE_LOOP('',(#2031,#2032,#2033,#2034));
#290=EDGE_LOOP('',(#2035,#2036,#2037,#2038));
#291=EDGE_LOOP('',(#2039,#2040,#2041,#2042));
#292=EDGE_LOOP('',(#2043,#2044,#2045,#2046));
#293=EDGE_LOOP('',(#2047,#2048,#2049,#2050));
#294=EDGE_LOOP('',(#2051,#2052,#2053,#2054));
#295=EDGE_LOOP('',(#2055,#2056,#2057,#2058));
#296=EDGE_LOOP('',(#2059,#2060,#2061,#2062));
#297=EDGE_LOOP('',(#2063,#2064,#2065,#2066));
#298=EDGE_LOOP('',(#2067,#2068,#2069,#2070));
#299=EDGE_LOOP('',(#2071,#2072,#2073,#2074));
#300=EDGE_LOOP('',(#2075,#2076,#2077,#2078));
#301=EDGE_LOOP('',(#2079,#2080,#2081,#2082));
#302=EDGE_LOOP('',(#2083,#2084,#2085,#2086));
#303=EDGE_LOOP('',(#2087,#2088,#2089,#2090));
#304=EDGE_LOOP('',(#2091,#2092,#2093,#2094));
#305=EDGE_LOOP('',(#2095,#2096,#2097,#2098));
#306=EDGE_LOOP('',(#2099,#2100,#2101,#2102));
#307=EDGE_LOOP('',(#2103,#2104,#2105,#2106));
#308=EDGE_LOOP('',(#2107,#2108,#2109,#2110));
#309=EDGE_LOOP('',(#2111,#2112,#2113,#2114));
#310=EDGE_LOOP('',(#2115,#2116,#2117,#2118));
#311=EDGE_LOOP('',(#2119,#2120,#2121,#2122));
#312=EDGE_LOOP('',(#2123,#2124,#2125,#2126));
#313=EDGE_LOOP('',(#2127,#2128,#2129,#2130));
#314=EDGE_LOOP('',(#2131,#2132,#2133,#2134));
#315=EDGE_LOOP('',(#2135,#2136,#2137,#2138));
#316=EDGE_LOOP('',(#2139,#2140,#2141,#2142));
#317=EDGE_LOOP('',(#2143,#2144,#2145,#2146));
#318=EDGE_LOOP('',(#2147,#2148,#2149,#2150));
#319=EDGE_LOOP('',(#2151,#2152,#2153,#2154));
#320=EDGE_LOOP('',(#2155,#2156,#2157,#2158));
#321=EDGE_LOOP('',(#2159,#2160,#2161,#2162));
#322=EDGE_LOOP('',(#2163,#2164,#2165,#2166));
#323=EDGE_LOOP('',(#2167,#2168,#2169,#2170));
#324=EDGE_LOOP('',(#2171,#2172,#2173,#2174));
#325=EDGE_LOOP('',(#2175,#2176,#2177,#2178));
#326=EDGE_LOOP('',(#2179,#2180,#2181,#2182));
#327=EDGE_LOOP('',(#2183,#2184,#2185,#2186));
#328=EDGE_LOOP('',(#2187,#2188,#2189,#2190));
#329=EDGE_LOOP('',(#2191,#2192,#2193,#2194));
#330=EDGE_LOOP('',(#2195,#2196,#2197,#2198));
#331=EDGE_LOOP('',(#2199,#2200,#2201,#2202));
#332=EDGE_LOOP('',(#2203,#2204,#2205,#2206));
#333=EDGE_LOOP('',(#2207,#2208,#2209,#2210));
#334=EDGE_LOOP('',(#2211,#2212,#2213,#2214));
#335=EDGE_LOOP('',(#2215,#2216,#2217,#2218));
#336=EDGE_LOOP('',(#2219,#2220,#2221,#2222));
#337=EDGE_LOOP('',(#2223,#2224,#2225,#2226));
#338=EDGE_LOOP('',(#2227,#2228,#2229,#2230));
#339=EDGE_LOOP('',(#2231,#2232,#2233,#2234));
#340=EDGE_LOOP('',(#2235,#2236,#2237,#2238));
#341=EDGE_LOOP('',(#2239,#2240,#2241,#2242));
#342=EDGE_LOOP('',(#2243,#2244,#2245,#2246));
#343=EDGE_LOOP('',(#2247,#2248,#2249,#2250));
#344=EDGE_LOOP('',(#2251,#2252,#2253,#2254));
#345=EDGE_LOOP('',(#2255,#2256,#2257,#2258));
#346=EDGE_LOOP('',(#2259,#2260,#2261,#2262));
#347=EDGE_LOOP('',(#2263,#2264,#2265,#2266));
#348=EDGE_LOOP('',(#2267,#2268,#2269,#2270));
#349=EDGE_LOOP('',(#2271,#2272,#2273,#2274));
#350=EDGE_LOOP('',(#2275,#2276,#2277,#2278));
#351=EDGE_LOOP('',(#2279,#2280,#2281,#2282));
#352=EDGE_LOOP('',(#2283,#2284,#2285,#2286));
#353=EDGE_LOOP('',(#2287,#2288,#2289,#2290));
#354=EDGE_LOOP('',(#2291,#2292,#2293,#2294));
#355=EDGE_LOOP('',(#2295,#2296,#2297,#2298));
#356=EDGE_LOOP('',(#2299,#2300,#2301,#2302));
#357=EDGE_LOOP('',(#2303,#2304,#2305,#2306));
#358=EDGE_LOOP('',(#2307,#2308,#2309,#2310));
#359=EDGE_LOOP('',(#2311,#2312,#2313,#2314));
#360=EDGE_LOOP('',(#2315,#2316,#2317,#2318));
#361=EDGE_LOOP('',(#2319,#2320,#2321,#2322));
#362=EDGE_LOOP('',(#2323,#2324,#2325,#2326));
#363=EDGE_LOOP('',(#2327,#2328,#2329,#2330));
#364=EDGE_LOOP('',(#2331,#2332,#2333,#2334));
#365=EDGE_LOOP('',(#2335,#2336,#2337,#2338));
#366=EDGE_LOOP('',(#2339,#2340,#2341,#2342));
#367=EDGE_LOOP('',(#2343,#2344,#2345,#2346));
#368=EDGE_LOOP('',(#2347,#2348,#2349,#2350));
#369=EDGE_LOOP('',(#2351,#2352,#2353,#2354));
#370=EDGE_LOOP('',(#2355,#2356,#2357,#2358));
#371=EDGE_LOOP('',(#2359,#2360,#2361,#2362));
#372=EDGE_LOOP('',(#2363,#2364,#2365,#2366));
#373=EDGE_LOOP('',(#2367,#2368,#2369,#2370));
#374=EDGE_LOOP('',(#2371,#2372,#2373,#2374));
#375=EDGE_LOOP('',(#2375,#2376,#2377,#2378));
#376=EDGE_LOOP('',(#2379,#2380,#2381,#2382));
#377=EDGE_LOOP('',(#2383,#2384,#2385,#2386));
#378=EDGE_LOOP('',(#2387,#2388,#2389,#2390));
#379=EDGE_LOOP('',(#2391,#2392,#2393,#2394));
#380=EDGE_LOOP('',(#2395,#2396,#2397,#2398));
#381=EDGE_LOOP('',(#2399,#2400,#2401,#2402));
#382=EDGE_LOOP('',(#2403,#2404,#2405,#2406));
#383=EDGE_LOOP('',(#2407,#2408,#2409,#2410));
#384=EDGE_LOOP('',(#2411,#2412,#2413,#2414));
#385=EDGE_LOOP('',(#2415,#2416,#2417,#2418));
#386=EDGE_LOOP('',(#2419,#2420,#2421,#2422));
#387=EDGE_LOOP('',(#2423,#2424,#2425,#2426));
#388=EDGE_LOOP('',(#2427,#2428,#2429,#2430));
#389=EDGE_LOOP('',(#2431,#2432,#2433,#2434));
#390=EDGE_LOOP('',(#2435,#2436,#2437,#2438));
#391=EDGE_LOOP('',(#2439,#2440,#2441,#2442));
#392=EDGE_LOOP('',(#2443,#2444,#2445,#2446));
#393=EDGE_LOOP('',(#2447,#2448,#2449,#2450));
#394=EDGE_LOOP('',(#2451,#2452,#2453,#2454));
#395=EDGE_LOOP('',(#2455,#2456,#2457,#2458));
#396=EDGE_LOOP('',(#2459,#2460,#2461,#2462));
#397=EDGE_LOOP('',(#2463,#2464,#2465,#2466));
#398=EDGE_LOOP('',(#2467,#2468,#2469,#2470));
#399=EDGE_LOOP('',(#2471,#2472,#2473,#2474));
#400=EDGE_LOOP('',(#2475,#2476,#2477,#2478));
#401=EDGE_LOOP('',(#2479,#2480,#2481,#2482));
#402=EDGE_LOOP('',(#2483,#2484,#2485,#2486));
#403=EDGE_LOOP('',(#2487,#2488,#2489,#2490));
#404=EDGE_LOOP('',(#2491,#2492,#2493,#2494));
#405=EDGE_LOOP('',(#2495,#2496,#2497,#2498));
#406=EDGE_LOOP('',(#2499,#2500,#2501,#2502));
#407=EDGE_LOOP('',(#2503,#2504,#2505,#2506));
#408=EDGE_LOOP('',(#2507,#2508,#2509,#2510));
#409=EDGE_LOOP('',(#2511,#2512,#2513,#2514,#2515,#2516,#2517,#2518,#2519,
#2520,#2521,#2522,#2523,#2524,#2525,#2526,#2527,#2528,#2529,#2530,#2531,
#2532,#2533,#2534,#2535,#2536,#2537,#2538,#2539,#2540,#2541,#2542,#2543,
#2544,#2545,#2546,#2547,#2548,#2549,#2550,#2551,#2552,#2553,#2554,#2555,
#2556,#2557,#2558,#2559,#2560,#2561,#2562,#2563,#2564,#2565,#2566,#2567,
#2568,#2569,#2570,#2571,#2572,#2573,#2574,#2575,#2576,#2577,#2578,#2579,
#2580,#2581,#2582,#2583,#2584,#2585,#2586,#2587,#2588,#2589,#2590,#2591,
#2592,#2593,#2594,#2595,#2596,#2597,#2598,#2599,#2600,#2601,#2602,#2603,
#2604,#2605,#2606,#2607,#2608));
#410=EDGE_LOOP('',(#2609));
#411=EDGE_LOOP('',(#2610));
#412=EDGE_LOOP('',(#2611));
#413=EDGE_LOOP('',(#2612));
#414=EDGE_LOOP('',(#2613));
#415=EDGE_LOOP('',(#2614));
#416=EDGE_LOOP('',(#2615));
#417=EDGE_LOOP('',(#2616,#2617));
#418=EDGE_LOOP('',(#2618,#2619));
#419=EDGE_LOOP('',(#2620));
#420=EDGE_LOOP('',(#2621));
#421=EDGE_LOOP('',(#2622,#2623,#2624,#2625,#2626,#2627,#2628,#2629,#2630,
#2631,#2632,#2633,#2634,#2635,#2636,#2637));
#422=EDGE_LOOP('',(#2638,#2639,#2640,#2641));
#423=EDGE_LOOP('',(#2642,#2643,#2644,#2645,#2646,#2647,#2648,#2649,#2650,
#2651,#2652,#2653,#2654,#2655,#2656,#2657,#2658,#2659));
#424=EDGE_LOOP('',(#2660));
#425=EDGE_LOOP('',(#2661,#2662,#2663,#2664,#2665,#2666,#2667,#2668,#2669,
#2670,#2671,#2672,#2673,#2674,#2675,#2676,#2677,#2678,#2679,#2680,#2681,
#2682,#2683,#2684,#2685,#2686,#2687,#2688,#2689,#2690,#2691,#2692,#2693,
#2694,#2695,#2696,#2697,#2698,#2699,#2700,#2701,#2702,#2703,#2704,#2705,
#2706,#2707,#2708,#2709,#2710,#2711,#2712,#2713,#2714,#2715,#2716,#2717,
#2718,#2719,#2720,#2721,#2722,#2723,#2724,#2725,#2726,#2727,#2728,#2729,
#2730,#2731,#2732,#2733,#2734,#2735,#2736,#2737,#2738,#2739,#2740,#2741,
#2742,#2743,#2744,#2745,#2746,#2747,#2748,#2749,#2750,#2751,#2752,#2753,
#2754,#2755,#2756,#2757,#2758));
#426=EDGE_LOOP('',(#2759));
#427=EDGE_LOOP('',(#2760));
#428=EDGE_LOOP('',(#2761));
#429=EDGE_LOOP('',(#2762));
#430=EDGE_LOOP('',(#2763));
#431=EDGE_LOOP('',(#2764));
#432=EDGE_LOOP('',(#2765));
#433=EDGE_LOOP('',(#2766,#2767));
#434=EDGE_LOOP('',(#2768,#2769));
#435=EDGE_LOOP('',(#2770));
#436=EDGE_LOOP('',(#2771));
#437=EDGE_LOOP('',(#2772,#2773,#2774,#2775,#2776,#2777,#2778,#2779,#2780,
#2781,#2782,#2783,#2784,#2785,#2786,#2787));
#438=EDGE_LOOP('',(#2788,#2789,#2790,#2791));
#439=EDGE_LOOP('',(#2792,#2793,#2794,#2795,#2796,#2797,#2798,#2799,#2800,
#2801,#2802,#2803,#2804,#2805,#2806,#2807,#2808,#2809));
#440=EDGE_LOOP('',(#2810));
#441=LINE('',#4340,#711);
#442=LINE('',#4347,#712);
#443=LINE('',#4350,#713);
#444=LINE('',#4353,#714);
#445=LINE('',#4355,#715);
#446=LINE('',#4356,#716);
#447=LINE('',#4362,#717);
#448=LINE('',#4365,#718);
#449=LINE('',#4367,#719);
#450=LINE('',#4368,#720);
#451=LINE('',#4374,#721);
#452=LINE('',#4377,#722);
#453=LINE('',#4379,#723);
#454=LINE('',#4380,#724);
#455=LINE('',#4386,#725);
#456=LINE('',#4389,#726);
#457=LINE('',#4391,#727);
#458=LINE('',#4392,#728);
#459=LINE('',#4398,#729);
#460=LINE('',#4401,#730);
#461=LINE('',#4403,#731);
#462=LINE('',#4404,#732);
#463=LINE('',#4410,#733);
#464=LINE('',#4413,#734);
#465=LINE('',#4415,#735);
#466=LINE('',#4416,#736);
#467=LINE('',#4422,#737);
#468=LINE('',#4425,#738);
#469=LINE('',#4427,#739);
#470=LINE('',#4428,#740);
#471=LINE('',#4434,#741);
#472=LINE('',#4437,#742);
#473=LINE('',#4439,#743);
#474=LINE('',#4440,#744);
#475=LINE('',#4446,#745);
#476=LINE('',#4448,#746);
#477=LINE('',#4449,#747);
#478=LINE('',#4453,#748);
#479=LINE('',#4455,#749);
#480=LINE('',#4457,#750);
#481=LINE('',#4458,#751);
#482=LINE('',#4464,#752);
#483=LINE('',#4467,#753);
#484=LINE('',#4469,#754);
#485=LINE('',#4470,#755);
#486=LINE('',#4479,#756);
#487=LINE('',#4482,#757);
#488=LINE('',#4488,#758);
#489=LINE('',#4494,#759);
#490=LINE('',#4500,#760);
#491=LINE('',#4506,#761);
#492=LINE('',#4512,#762);
#493=LINE('',#4518,#763);
#494=LINE('',#4524,#764);
#495=LINE('',#4530,#765);
#496=LINE('',#4536,#766);
#497=LINE('',#4542,#767);
#498=LINE('',#4548,#768);
#499=LINE('',#4554,#769);
#500=LINE('',#4560,#770);
#501=LINE('',#4566,#771);
#502=LINE('',#4574,#772);
#503=LINE('',#4580,#773);
#504=LINE('',#4585,#774);
#505=LINE('',#4587,#775);
#506=LINE('',#4589,#776);
#507=LINE('',#4590,#777);
#508=LINE('',#4597,#778);
#509=LINE('',#4599,#779);
#510=LINE('',#4601,#780);
#511=LINE('',#4602,#781);
#512=LINE('',#4610,#782);
#513=LINE('',#4616,#783);
#514=LINE('',#4622,#784);
#515=LINE('',#4628,#785);
#516=LINE('',#4634,#786);
#517=LINE('',#4640,#787);
#518=LINE('',#4646,#788);
#519=LINE('',#4653,#789);
#520=LINE('',#4656,#790);
#521=LINE('',#4659,#791);
#522=LINE('',#4661,#792);
#523=LINE('',#4662,#793);
#524=LINE('',#4668,#794);
#525=LINE('',#4674,#795);
#526=LINE('',#4677,#796);
#527=LINE('',#4679,#797);
#528=LINE('',#4680,#798);
#529=LINE('',#4686,#799);
#530=LINE('',#4689,#800);
#531=LINE('',#4691,#801);
#532=LINE('',#4692,#802);
#533=LINE('',#4698,#803);
#534=LINE('',#4701,#804);
#535=LINE('',#4703,#805);
#536=LINE('',#4704,#806);
#537=LINE('',#4710,#807);
#538=LINE('',#4713,#808);
#539=LINE('',#4715,#809);
#540=LINE('',#4716,#810);
#541=LINE('',#4722,#811);
#542=LINE('',#4725,#812);
#543=LINE('',#4727,#813);
#544=LINE('',#4728,#814);
#545=LINE('',#4734,#815);
#546=LINE('',#4737,#816);
#547=LINE('',#4739,#817);
#548=LINE('',#4740,#818);
#549=LINE('',#4746,#819);
#550=LINE('',#4749,#820);
#551=LINE('',#4751,#821);
#552=LINE('',#4752,#822);
#553=LINE('',#4758,#823);
#554=LINE('',#4761,#824);
#555=LINE('',#4763,#825);
#556=LINE('',#4764,#826);
#557=LINE('',#4770,#827);
#558=LINE('',#4773,#828);
#559=LINE('',#4775,#829);
#560=LINE('',#4776,#830);
#561=LINE('',#4782,#831);
#562=LINE('',#4785,#832);
#563=LINE('',#4787,#833);
#564=LINE('',#4788,#834);
#565=LINE('',#4794,#835);
#566=LINE('',#4797,#836);
#567=LINE('',#4799,#837);
#568=LINE('',#4800,#838);
#569=LINE('',#4806,#839);
#570=LINE('',#4809,#840);
#571=LINE('',#4811,#841);
#572=LINE('',#4812,#842);
#573=LINE('',#4818,#843);
#574=LINE('',#4821,#844);
#575=LINE('',#4823,#845);
#576=LINE('',#4824,#846);
#577=LINE('',#4830,#847);
#578=LINE('',#4833,#848);
#579=LINE('',#4835,#849);
#580=LINE('',#4836,#850);
#581=LINE('',#4842,#851);
#582=LINE('',#4845,#852);
#583=LINE('',#4847,#853);
#584=LINE('',#4848,#854);
#585=LINE('',#4854,#855);
#586=LINE('',#4857,#856);
#587=LINE('',#4859,#857);
#588=LINE('',#4860,#858);
#589=LINE('',#4866,#859);
#590=LINE('',#4872,#860);
#591=LINE('',#4875,#861);
#592=LINE('',#4877,#862);
#593=LINE('',#4878,#863);
#594=LINE('',#4884,#864);
#595=LINE('',#4887,#865);
#596=LINE('',#4889,#866);
#597=LINE('',#4890,#867);
#598=LINE('',#4896,#868);
#599=LINE('',#4899,#869);
#600=LINE('',#4901,#870);
#601=LINE('',#4902,#871);
#602=LINE('',#4908,#872);
#603=LINE('',#4911,#873);
#604=LINE('',#4913,#874);
#605=LINE('',#4914,#875);
#606=LINE('',#4920,#876);
#607=LINE('',#4923,#877);
#608=LINE('',#4925,#878);
#609=LINE('',#4926,#879);
#610=LINE('',#4932,#880);
#611=LINE('',#4935,#881);
#612=LINE('',#4937,#882);
#613=LINE('',#4938,#883);
#614=LINE('',#4944,#884);
#615=LINE('',#4950,#885);
#616=LINE('',#4953,#886);
#617=LINE('',#4955,#887);
#618=LINE('',#4956,#888);
#619=LINE('',#4962,#889);
#620=LINE('',#4965,#890);
#621=LINE('',#4967,#891);
#622=LINE('',#4968,#892);
#623=LINE('',#4974,#893);
#624=LINE('',#4977,#894);
#625=LINE('',#4979,#895);
#626=LINE('',#4980,#896);
#627=LINE('',#4986,#897);
#628=LINE('',#4989,#898);
#629=LINE('',#4991,#899);
#630=LINE('',#4992,#900);
#631=LINE('',#4998,#901);
#632=LINE('',#5001,#902);
#633=LINE('',#5003,#903);
#634=LINE('',#5004,#904);
#635=LINE('',#5010,#905);
#636=LINE('',#5013,#906);
#637=LINE('',#5015,#907);
#638=LINE('',#5016,#908);
#639=LINE('',#5022,#909);
#640=LINE('',#5025,#910);
#641=LINE('',#5027,#911);
#642=LINE('',#5028,#912);
#643=LINE('',#5034,#913);
#644=LINE('',#5037,#914);
#645=LINE('',#5039,#915);
#646=LINE('',#5040,#916);
#647=LINE('',#5046,#917);
#648=LINE('',#5049,#918);
#649=LINE('',#5051,#919);
#650=LINE('',#5052,#920);
#651=LINE('',#5058,#921);
#652=LINE('',#5061,#922);
#653=LINE('',#5063,#923);
#654=LINE('',#5064,#924);
#655=LINE('',#5070,#925);
#656=LINE('',#5073,#926);
#657=LINE('',#5075,#927);
#658=LINE('',#5076,#928);
#659=LINE('',#5082,#929);
#660=LINE('',#5085,#930);
#661=LINE('',#5087,#931);
#662=LINE('',#5088,#932);
#663=LINE('',#5094,#933);
#664=LINE('',#5097,#934);
#665=LINE('',#5099,#935);
#666=LINE('',#5100,#936);
#667=LINE('',#5106,#937);
#668=LINE('',#5109,#938);
#669=LINE('',#5111,#939);
#670=LINE('',#5112,#940);
#671=LINE('',#5118,#941);
#672=LINE('',#5121,#942);
#673=LINE('',#5123,#943);
#674=LINE('',#5124,#944);
#675=LINE('',#5130,#945);
#676=LINE('',#5133,#946);
#677=LINE('',#5135,#947);
#678=LINE('',#5136,#948);
#679=LINE('',#5142,#949);
#680=LINE('',#5148,#950);
#681=LINE('',#5151,#951);
#682=LINE('',#5153,#952);
#683=LINE('',#5154,#953);
#684=LINE('',#5160,#954);
#685=LINE('',#5163,#955);
#686=LINE('',#5165,#956);
#687=LINE('',#5166,#957);
#688=LINE('',#5172,#958);
#689=LINE('',#5175,#959);
#690=LINE('',#5177,#960);
#691=LINE('',#5178,#961);
#692=LINE('',#5184,#962);
#693=LINE('',#5187,#963);
#694=LINE('',#5189,#964);
#695=LINE('',#5190,#965);
#696=LINE('',#5196,#966);
#697=LINE('',#5199,#967);
#698=LINE('',#5201,#968);
#699=LINE('',#5202,#969);
#700=LINE('',#5208,#970);
#701=LINE('',#5211,#971);
#702=LINE('',#5213,#972);
#703=LINE('',#5214,#973);
#704=LINE('',#5220,#974);
#705=LINE('',#5223,#975);
#706=LINE('',#5225,#976);
#707=LINE('',#5226,#977);
#708=LINE('',#5232,#978);
#709=LINE('',#5234,#979);
#710=LINE('',#5235,#980);
#711=VECTOR('',#3405,1.59999999999997);
#712=VECTOR('',#3412,10.);
#713=VECTOR('',#3415,10.);
#714=VECTOR('',#3418,10.);
#715=VECTOR('',#3419,10.);
#716=VECTOR('',#3420,10.);
#717=VECTOR('',#3427,10.);
#718=VECTOR('',#3430,10.);
#719=VECTOR('',#3431,10.);
#720=VECTOR('',#3432,10.);
#721=VECTOR('',#3439,10.);
#722=VECTOR('',#3442,10.);
#723=VECTOR('',#3443,10.);
#724=VECTOR('',#3444,10.);
#725=VECTOR('',#3451,10.);
#726=VECTOR('',#3454,10.);
#727=VECTOR('',#3455,10.);
#728=VECTOR('',#3456,10.);
#729=VECTOR('',#3463,10.);
#730=VECTOR('',#3466,10.);
#731=VECTOR('',#3467,10.);
#732=VECTOR('',#3468,10.);
#733=VECTOR('',#3475,10.);
#734=VECTOR('',#3478,10.);
#735=VECTOR('',#3479,10.);
#736=VECTOR('',#3480,10.);
#737=VECTOR('',#3487,10.);
#738=VECTOR('',#3490,10.);
#739=VECTOR('',#3491,10.);
#740=VECTOR('',#3492,10.);
#741=VECTOR('',#3499,10.);
#742=VECTOR('',#3502,10.);
#743=VECTOR('',#3503,10.);
#744=VECTOR('',#3504,10.);
#745=VECTOR('',#3511,10.);
#746=VECTOR('',#3514,10.);
#747=VECTOR('',#3515,10.);
#748=VECTOR('',#3518,10.);
#749=VECTOR('',#3519,10.);
#750=VECTOR('',#3520,10.);
#751=VECTOR('',#3521,10.);
#752=VECTOR('',#3528,10.);
#753=VECTOR('',#3531,10.);
#754=VECTOR('',#3532,10.);
#755=VECTOR('',#3533,10.);
#756=VECTOR('',#3544,10.);
#757=VECTOR('',#3547,10.);
#758=VECTOR('',#3554,10.);
#759=VECTOR('',#3561,10.);
#760=VECTOR('',#3568,10.);
#761=VECTOR('',#3575,10.);
#762=VECTOR('',#3582,10.);
#763=VECTOR('',#3589,10.);
#764=VECTOR('',#3596,10.);
#765=VECTOR('',#3603,10.);
#766=VECTOR('',#3610,10.);
#767=VECTOR('',#3617,10.);
#768=VECTOR('',#3624,10.);
#769=VECTOR('',#3631,10.);
#770=VECTOR('',#3638,10.);
#771=VECTOR('',#3645,10.);
#772=VECTOR('',#3656,1.59999999999997);
#773=VECTOR('',#3663,4.00000000000006);
#774=VECTOR('',#3668,10.);
#775=VECTOR('',#3669,10.);
#776=VECTOR('',#3670,10.);
#777=VECTOR('',#3671,10.);
#778=VECTOR('',#3680,10.);
#779=VECTOR('',#3681,10.);
#780=VECTOR('',#3682,10.);
#781=VECTOR('',#3683,10.);
#782=VECTOR('',#3694,1.59999999999997);
#783=VECTOR('',#3701,1.59999999999997);
#784=VECTOR('',#3708,1.59999999999997);
#785=VECTOR('',#3715,1.59999999999997);
#786=VECTOR('',#3722,1.59999999999997);
#787=VECTOR('',#3729,1.59999999999997);
#788=VECTOR('',#3736,1.59999999999997);
#789=VECTOR('',#3743,10.);
#790=VECTOR('',#3746,10.);
#791=VECTOR('',#3749,10.);
#792=VECTOR('',#3750,10.);
#793=VECTOR('',#3751,10.);
#794=VECTOR('',#3758,10.);
#795=VECTOR('',#3765,10.);
#796=VECTOR('',#3768,10.);
#797=VECTOR('',#3769,10.);
#798=VECTOR('',#3770,10.);
#799=VECTOR('',#3777,10.);
#800=VECTOR('',#3780,10.);
#801=VECTOR('',#3781,10.);
#802=VECTOR('',#3782,10.);
#803=VECTOR('',#3789,10.);
#804=VECTOR('',#3792,9.99999999999999);
#805=VECTOR('',#3793,9.99999999999999);
#806=VECTOR('',#3794,10.);
#807=VECTOR('',#3801,10.);
#808=VECTOR('',#3804,10.);
#809=VECTOR('',#3805,10.);
#810=VECTOR('',#3806,10.);
#811=VECTOR('',#3813,10.);
#812=VECTOR('',#3816,10.);
#813=VECTOR('',#3817,10.);
#814=VECTOR('',#3818,10.);
#815=VECTOR('',#3825,10.);
#816=VECTOR('',#3828,10.);
#817=VECTOR('',#3829,10.);
#818=VECTOR('',#3830,10.);
#819=VECTOR('',#3837,10.);
#820=VECTOR('',#3840,10.);
#821=VECTOR('',#3841,10.);
#822=VECTOR('',#3842,10.);
#823=VECTOR('',#3849,10.);
#824=VECTOR('',#3852,10.);
#825=VECTOR('',#3853,10.);
#826=VECTOR('',#3854,10.);
#827=VECTOR('',#3861,10.);
#828=VECTOR('',#3864,10.);
#829=VECTOR('',#3865,10.);
#830=VECTOR('',#3866,10.);
#831=VECTOR('',#3873,10.);
#832=VECTOR('',#3876,10.);
#833=VECTOR('',#3877,10.);
#834=VECTOR('',#3878,10.);
#835=VECTOR('',#3885,10.);
#836=VECTOR('',#3888,10.);
#837=VECTOR('',#3889,10.);
#838=VECTOR('',#3890,10.);
#839=VECTOR('',#3897,10.);
#840=VECTOR('',#3900,10.);
#841=VECTOR('',#3901,10.);
#842=VECTOR('',#3902,10.);
#843=VECTOR('',#3909,10.);
#844=VECTOR('',#3912,10.);
#845=VECTOR('',#3913,10.);
#846=VECTOR('',#3914,10.);
#847=VECTOR('',#3921,10.);
#848=VECTOR('',#3924,10.);
#849=VECTOR('',#3925,10.);
#850=VECTOR('',#3926,10.);
#851=VECTOR('',#3933,10.);
#852=VECTOR('',#3936,10.);
#853=VECTOR('',#3937,10.);
#854=VECTOR('',#3938,10.);
#855=VECTOR('',#3945,10.);
#856=VECTOR('',#3948,10.);
#857=VECTOR('',#3949,10.);
#858=VECTOR('',#3950,10.);
#859=VECTOR('',#3957,10.);
#860=VECTOR('',#3964,10.);
#861=VECTOR('',#3967,10.);
#862=VECTOR('',#3968,10.);
#863=VECTOR('',#3969,10.);
#864=VECTOR('',#3976,10.);
#865=VECTOR('',#3979,9.99999999999999);
#866=VECTOR('',#3980,9.99999999999999);
#867=VECTOR('',#3981,10.);
#868=VECTOR('',#3988,10.);
#869=VECTOR('',#3991,10.);
#870=VECTOR('',#3992,10.);
#871=VECTOR('',#3993,10.);
#872=VECTOR('',#4000,10.);
#873=VECTOR('',#4003,10.);
#874=VECTOR('',#4004,10.);
#875=VECTOR('',#4005,10.);
#876=VECTOR('',#4012,10.);
#877=VECTOR('',#4015,10.);
#878=VECTOR('',#4016,10.);
#879=VECTOR('',#4017,10.);
#880=VECTOR('',#4024,10.);
#881=VECTOR('',#4027,10.);
#882=VECTOR('',#4028,10.);
#883=VECTOR('',#4029,10.);
#884=VECTOR('',#4036,10.);
#885=VECTOR('',#4043,10.);
#886=VECTOR('',#4046,10.);
#887=VECTOR('',#4047,10.);
#888=VECTOR('',#4048,10.);
#889=VECTOR('',#4055,10.);
#890=VECTOR('',#4058,10.);
#891=VECTOR('',#4059,10.);
#892=VECTOR('',#4060,10.);
#893=VECTOR('',#4067,10.);
#894=VECTOR('',#4070,10.);
#895=VECTOR('',#4071,10.);
#896=VECTOR('',#4072,10.);
#897=VECTOR('',#4079,10.);
#898=VECTOR('',#4082,10.);
#899=VECTOR('',#4083,10.);
#900=VECTOR('',#4084,10.);
#901=VECTOR('',#4091,10.);
#902=VECTOR('',#4094,10.);
#903=VECTOR('',#4095,10.);
#904=VECTOR('',#4096,10.);
#905=VECTOR('',#4103,10.);
#906=VECTOR('',#4106,10.);
#907=VECTOR('',#4107,10.);
#908=VECTOR('',#4108,10.);
#909=VECTOR('',#4115,10.);
#910=VECTOR('',#4118,10.);
#911=VECTOR('',#4119,10.);
#912=VECTOR('',#4120,10.);
#913=VECTOR('',#4127,10.);
#914=VECTOR('',#4130,10.);
#915=VECTOR('',#4131,10.);
#916=VECTOR('',#4132,10.);
#917=VECTOR('',#4139,10.);
#918=VECTOR('',#4142,10.);
#919=VECTOR('',#4143,10.);
#920=VECTOR('',#4144,10.);
#921=VECTOR('',#4151,10.);
#922=VECTOR('',#4154,10.);
#923=VECTOR('',#4155,10.);
#924=VECTOR('',#4156,10.);
#925=VECTOR('',#4163,10.);
#926=VECTOR('',#4166,10.);
#927=VECTOR('',#4167,10.);
#928=VECTOR('',#4168,10.);
#929=VECTOR('',#4175,10.);
#930=VECTOR('',#4178,10.);
#931=VECTOR('',#4179,10.);
#932=VECTOR('',#4180,10.);
#933=VECTOR('',#4187,10.);
#934=VECTOR('',#4190,10.);
#935=VECTOR('',#4191,10.);
#936=VECTOR('',#4192,10.);
#937=VECTOR('',#4199,10.);
#938=VECTOR('',#4202,10.);
#939=VECTOR('',#4203,10.);
#940=VECTOR('',#4204,10.);
#941=VECTOR('',#4211,10.);
#942=VECTOR('',#4214,10.);
#943=VECTOR('',#4215,10.);
#944=VECTOR('',#4216,10.);
#945=VECTOR('',#4223,10.);
#946=VECTOR('',#4226,10.);
#947=VECTOR('',#4227,10.);
#948=VECTOR('',#4228,10.);
#949=VECTOR('',#4235,10.);
#950=VECTOR('',#4242,10.);
#951=VECTOR('',#4245,10.);
#952=VECTOR('',#4246,10.);
#953=VECTOR('',#4247,10.);
#954=VECTOR('',#4254,10.);
#955=VECTOR('',#4257,10.);
#956=VECTOR('',#4258,10.);
#957=VECTOR('',#4259,10.);
#958=VECTOR('',#4266,10.);
#959=VECTOR('',#4269,10.);
#960=VECTOR('',#4270,10.);
#961=VECTOR('',#4271,10.);
#962=VECTOR('',#4278,10.);
#963=VECTOR('',#4281,10.);
#964=VECTOR('',#4282,10.);
#965=VECTOR('',#4283,10.);
#966=VECTOR('',#4290,10.);
#967=VECTOR('',#4293,10.);
#968=VECTOR('',#4294,10.);
#969=VECTOR('',#4295,10.);
#970=VECTOR('',#4302,10.);
#971=VECTOR('',#4305,10.);
#972=VECTOR('',#4306,10.);
#973=VECTOR('',#4307,10.);
#974=VECTOR('',#4314,10.);
#975=VECTOR('',#4317,10.);
#976=VECTOR('',#4318,10.);
#977=VECTOR('',#4319,10.);
#978=VECTOR('',#4326,10.);
#979=VECTOR('',#4329,10.);
#980=VECTOR('',#4330,10.);
#981=CIRCLE('',#3068,1.59999999999997);
#982=CIRCLE('',#3069,1.59999999999997);
#983=CIRCLE('',#3071,0.369000000000028);
#984=CIRCLE('',#3072,0.369000000000028);
#985=CIRCLE('',#3075,0.369000000000028);
#986=CIRCLE('',#3076,0.369000000000028);
#987=CIRCLE('',#3079,0.369000000000028);
#988=CIRCLE('',#3080,0.369000000000028);
#989=CIRCLE('',#3083,0.369000000000028);
#990=CIRCLE('',#3084,0.369000000000028);
#991=CIRCLE('',#3087,0.690000000000026);
#992=CIRCLE('',#3088,0.690000000000026);
#993=CIRCLE('',#3091,1.59999999999997);
#994=CIRCLE('',#3092,1.59999999999997);
#995=CIRCLE('',#3095,0.368999999999986);
#996=CIRCLE('',#3096,0.368999999999986);
#997=CIRCLE('',#3099,0.368999999999986);
#998=CIRCLE('',#3100,0.368999999999986);
#999=CIRCLE('',#3103,0.369000000000028);
#1000=CIRCLE('',#3104,0.369000000000028);
#1001=CIRCLE('',#3108,2.00000000000003);
#1002=CIRCLE('',#3109,2.00000000000003);
#1003=CIRCLE('',#3112,2.00000000000003);
#1004=CIRCLE('',#3113,2.00000000000003);
#1005=CIRCLE('',#3115,0.500000000000074);
#1006=CIRCLE('',#3116,0.500000000000074);
#1007=CIRCLE('',#3118,5.50000000000005);
#1008=CIRCLE('',#3119,5.50000000000005);
#1009=CIRCLE('',#3121,0.500000000000028);
#1010=CIRCLE('',#3122,0.500000000000028);
#1011=CIRCLE('',#3124,1.60000000000004);
#1012=CIRCLE('',#3125,1.60000000000004);
#1013=CIRCLE('',#3127,0.500000000000006);
#1014=CIRCLE('',#3128,0.500000000000006);
#1015=CIRCLE('',#3130,5.49999999999997);
#1016=CIRCLE('',#3131,5.49999999999997);
#1017=CIRCLE('',#3133,0.500000000000068);
#1018=CIRCLE('',#3134,0.500000000000068);
#1019=CIRCLE('',#3136,1.59999999999995);
#1020=CIRCLE('',#3137,1.59999999999995);
#1021=CIRCLE('',#3139,0.500000000000074);
#1022=CIRCLE('',#3140,0.500000000000074);
#1023=CIRCLE('',#3142,5.50000000000005);
#1024=CIRCLE('',#3143,5.50000000000005);
#1025=CIRCLE('',#3145,0.500000000000028);
#1026=CIRCLE('',#3146,0.500000000000028);
#1027=CIRCLE('',#3148,1.60000000000004);
#1028=CIRCLE('',#3149,1.60000000000004);
#1029=CIRCLE('',#3151,0.500000000000006);
#1030=CIRCLE('',#3152,0.500000000000006);
#1031=CIRCLE('',#3154,5.49999999999998);
#1032=CIRCLE('',#3155,5.49999999999998);
#1033=CIRCLE('',#3157,0.500000000000057);
#1034=CIRCLE('',#3158,0.500000000000057);
#1035=CIRCLE('',#3160,1.59999999999995);
#1036=CIRCLE('',#3161,1.59999999999995);
#1037=CIRCLE('',#3163,1.59999999999997);
#1038=CIRCLE('',#3164,1.59999999999997);
#1039=CIRCLE('',#3166,4.00000000000006);
#1040=CIRCLE('',#3167,4.00000000000006);
#1041=CIRCLE('',#3170,3.30000000000004);
#1042=CIRCLE('',#3171,3.30000000000004);
#1043=CIRCLE('',#3174,3.29999999999998);
#1044=CIRCLE('',#3175,3.29999999999998);
#1045=CIRCLE('',#3177,1.59999999999997);
#1046=CIRCLE('',#3178,1.59999999999997);
#1047=CIRCLE('',#3180,1.59999999999997);
#1048=CIRCLE('',#3181,1.59999999999997);
#1049=CIRCLE('',#3183,1.59999999999997);
#1050=CIRCLE('',#3184,1.59999999999997);
#1051=CIRCLE('',#3186,1.59999999999997);
#1052=CIRCLE('',#3187,1.59999999999997);
#1053=CIRCLE('',#3189,1.59999999999997);
#1054=CIRCLE('',#3190,1.59999999999997);
#1055=CIRCLE('',#3192,1.59999999999997);
#1056=CIRCLE('',#3193,1.59999999999997);
#1057=CIRCLE('',#3195,1.59999999999997);
#1058=CIRCLE('',#3196,1.59999999999997);
#1059=CIRCLE('',#3198,1.69000000000001);
#1060=CIRCLE('',#3199,1.69000000000001);
#1061=CIRCLE('',#3202,3.60000000000004);
#1062=CIRCLE('',#3203,3.60000000000004);
#1063=CIRCLE('',#3205,1.68999999999997);
#1064=CIRCLE('',#3206,1.68999999999997);
#1065=CIRCLE('',#3209,0.690000000000026);
#1066=CIRCLE('',#3210,0.690000000000026);
#1067=CIRCLE('',#3213,0.63999999999993);
#1068=CIRCLE('',#3214,0.63999999999993);
#1069=CIRCLE('',#3217,0.63999999999993);
#1070=CIRCLE('',#3218,0.63999999999993);
#1071=CIRCLE('',#3221,0.639999999999973);
#1072=CIRCLE('',#3222,0.639999999999973);
#1073=CIRCLE('',#3225,0.639999999999973);
#1074=CIRCLE('',#3226,0.639999999999973);
#1075=CIRCLE('',#3229,1.69000000000001);
#1076=CIRCLE('',#3230,1.69000000000001);
#1077=CIRCLE('',#3233,1.68999999999997);
#1078=CIRCLE('',#3234,1.68999999999997);
#1079=CIRCLE('',#3237,2.00000000000003);
#1080=CIRCLE('',#3238,2.00000000000003);
#1081=CIRCLE('',#3241,1.69000000000001);
#1082=CIRCLE('',#3242,1.69000000000001);
#1083=CIRCLE('',#3245,1.68999999999997);
#1084=CIRCLE('',#3246,1.68999999999997);
#1085=CIRCLE('',#3249,0.63999999999993);
#1086=CIRCLE('',#3250,0.63999999999993);
#1087=CIRCLE('',#3253,0.63999999999993);
#1088=CIRCLE('',#3254,0.63999999999993);
#1089=CIRCLE('',#3257,0.640000000000023);
#1090=CIRCLE('',#3258,0.640000000000023);
#1091=CIRCLE('',#3261,0.640000000000023);
#1092=CIRCLE('',#3262,0.640000000000023);
#1093=CIRCLE('',#3265,0.690000000000026);
#1094=CIRCLE('',#3266,0.690000000000026);
#1095=CIRCLE('',#3269,1.69000000000001);
#1096=CIRCLE('',#3270,1.69000000000001);
#1097=CIRCLE('',#3272,3.59999999999999);
#1098=CIRCLE('',#3273,3.59999999999999);
#1099=CIRCLE('',#3276,1.68999999999996);
#1100=CIRCLE('',#3277,1.68999999999996);
#1101=CIRCLE('',#3280,1.68999999999997);
#1102=CIRCLE('',#3281,1.68999999999997);
#1103=CIRCLE('',#3284,2.00000000000003);
#1104=CIRCLE('',#3285,2.00000000000003);
#1105=CIRCLE('',#3288,1.68999999999996);
#1106=CIRCLE('',#3289,1.68999999999996);
#1107=CIRCLE('',#3292,1.68999999999997);
#1108=CIRCLE('',#3293,1.68999999999997);
#1109=CIRCLE('',#3296,3.59999999999995);
#1110=CIRCLE('',#3297,3.59999999999995);
#1111=CIRCLE('',#3299,1.68999999999997);
#1112=CIRCLE('',#3300,1.68999999999997);
#1113=CIRCLE('',#3303,0.690000000000026);
#1114=CIRCLE('',#3304,0.690000000000026);
#1115=CIRCLE('',#3307,0.63999999999993);
#1116=CIRCLE('',#3308,0.63999999999993);
#1117=CIRCLE('',#3311,0.63999999999993);
#1118=CIRCLE('',#3312,0.63999999999993);
#1119=CIRCLE('',#3315,0.640000000000023);
#1120=CIRCLE('',#3316,0.640000000000023);
#1121=CIRCLE('',#3319,0.640000000000023);
#1122=CIRCLE('',#3320,0.640000000000023);
#1123=CIRCLE('',#3323,1.69000000000001);
#1124=CIRCLE('',#3324,1.69000000000001);
#1125=CIRCLE('',#3327,1.68999999999997);
#1126=CIRCLE('',#3328,1.68999999999997);
#1127=CIRCLE('',#3331,2.00000000000003);
#1128=CIRCLE('',#3332,2.00000000000003);
#1129=CIRCLE('',#3335,1.69000000000001);
#1130=CIRCLE('',#3336,1.69000000000001);
#1131=CIRCLE('',#3339,1.68999999999997);
#1132=CIRCLE('',#3340,1.68999999999997);
#1133=CIRCLE('',#3343,0.63999999999993);
#1134=CIRCLE('',#3344,0.63999999999993);
#1135=CIRCLE('',#3347,0.63999999999993);
#1136=CIRCLE('',#3348,0.63999999999993);
#1137=CIRCLE('',#3351,0.640000000000023);
#1138=CIRCLE('',#3352,0.640000000000023);
#1139=CIRCLE('',#3355,0.640000000000023);
#1140=CIRCLE('',#3356,0.640000000000023);
#1141=CIRCLE('',#3359,0.690000000000026);
#1142=CIRCLE('',#3360,0.690000000000026);
#1143=CIRCLE('',#3363,1.68999999999999);
#1144=CIRCLE('',#3364,1.68999999999999);
#1145=CIRCLE('',#3366,3.59999999999999);
#1146=CIRCLE('',#3367,3.59999999999999);
#1147=CIRCLE('',#3370,1.68999999999997);
#1148=CIRCLE('',#3371,1.68999999999997);
#1149=CIRCLE('',#3374,1.68999999999997);
#1150=CIRCLE('',#3375,1.68999999999997);
#1151=CIRCLE('',#3378,1.69000000000001);
#1152=CIRCLE('',#3379,1.69000000000001);
#1153=CIRCLE('',#3382,1.68999999999997);
#1154=CIRCLE('',#3383,1.68999999999997);
#1155=CIRCLE('',#3386,1.69000000000001);
#1156=CIRCLE('',#3387,1.69000000000001);
#1157=CIRCLE('',#3390,1.68999999999997);
#1158=CIRCLE('',#3391,1.68999999999997);
#1159=CIRCLE('',#3394,1.69000000000001);
#1160=CIRCLE('',#3395,1.69000000000001);
#1161=VERTEX_POINT('',#4337);
#1162=VERTEX_POINT('',#4339);
#1163=VERTEX_POINT('',#4343);
#1164=VERTEX_POINT('',#4344);
#1165=VERTEX_POINT('',#4346);
#1166=VERTEX_POINT('',#4348);
#1167=VERTEX_POINT('',#4352);
#1168=VERTEX_POINT('',#4354);
#1169=VERTEX_POINT('',#4358);
#1170=VERTEX_POINT('',#4360);
#1171=VERTEX_POINT('',#4364);
#1172=VERTEX_POINT('',#4366);
#1173=VERTEX_POINT('',#4370);
#1174=VERTEX_POINT('',#4372);
#1175=VERTEX_POINT('',#4376);
#1176=VERTEX_POINT('',#4378);
#1177=VERTEX_POINT('',#4382);
#1178=VERTEX_POINT('',#4384);
#1179=VERTEX_POINT('',#4388);
#1180=VERTEX_POINT('',#4390);
#1181=VERTEX_POINT('',#4394);
#1182=VERTEX_POINT('',#4396);
#1183=VERTEX_POINT('',#4400);
#1184=VERTEX_POINT('',#4402);
#1185=VERTEX_POINT('',#4406);
#1186=VERTEX_POINT('',#4408);
#1187=VERTEX_POINT('',#4412);
#1188=VERTEX_POINT('',#4414);
#1189=VERTEX_POINT('',#4418);
#1190=VERTEX_POINT('',#4420);
#1191=VERTEX_POINT('',#4424);
#1192=VERTEX_POINT('',#4426);
#1193=VERTEX_POINT('',#4430);
#1194=VERTEX_POINT('',#4432);
#1195=VERTEX_POINT('',#4436);
#1196=VERTEX_POINT('',#4438);
#1197=VERTEX_POINT('',#4442);
#1198=VERTEX_POINT('',#4444);
#1199=VERTEX_POINT('',#4451);
#1200=VERTEX_POINT('',#4452);
#1201=VERTEX_POINT('',#4454);
#1202=VERTEX_POINT('',#4456);
#1203=VERTEX_POINT('',#4460);
#1204=VERTEX_POINT('',#4462);
#1205=VERTEX_POINT('',#4466);
#1206=VERTEX_POINT('',#4468);
#1207=VERTEX_POINT('',#4475);
#1208=VERTEX_POINT('',#4476);
#1209=VERTEX_POINT('',#4478);
#1210=VERTEX_POINT('',#4480);
#1211=VERTEX_POINT('',#4484);
#1212=VERTEX_POINT('',#4486);
#1213=VERTEX_POINT('',#4490);
#1214=VERTEX_POINT('',#4492);
#1215=VERTEX_POINT('',#4496);
#1216=VERTEX_POINT('',#4498);
#1217=VERTEX_POINT('',#4502);
#1218=VERTEX_POINT('',#4504);
#1219=VERTEX_POINT('',#4508);
#1220=VERTEX_POINT('',#4510);
#1221=VERTEX_POINT('',#4514);
#1222=VERTEX_POINT('',#4516);
#1223=VERTEX_POINT('',#4520);
#1224=VERTEX_POINT('',#4522);
#1225=VERTEX_POINT('',#4526);
#1226=VERTEX_POINT('',#4528);
#1227=VERTEX_POINT('',#4532);
#1228=VERTEX_POINT('',#4534);
#1229=VERTEX_POINT('',#4538);
#1230=VERTEX_POINT('',#4540);
#1231=VERTEX_POINT('',#4544);
#1232=VERTEX_POINT('',#4546);
#1233=VERTEX_POINT('',#4550);
#1234=VERTEX_POINT('',#4552);
#1235=VERTEX_POINT('',#4556);
#1236=VERTEX_POINT('',#4558);
#1237=VERTEX_POINT('',#4562);
#1238=VERTEX_POINT('',#4564);
#1239=VERTEX_POINT('',#4571);
#1240=VERTEX_POINT('',#4573);
#1241=VERTEX_POINT('',#4577);
#1242=VERTEX_POINT('',#4579);
#1243=VERTEX_POINT('',#4583);
#1244=VERTEX_POINT('',#4584);
#1245=VERTEX_POINT('',#4586);
#1246=VERTEX_POINT('',#4588);
#1247=VERTEX_POINT('',#4595);
#1248=VERTEX_POINT('',#4596);
#1249=VERTEX_POINT('',#4598);
#1250=VERTEX_POINT('',#4600);
#1251=VERTEX_POINT('',#4607);
#1252=VERTEX_POINT('',#4609);
#1253=VERTEX_POINT('',#4613);
#1254=VERTEX_POINT('',#4615);
#1255=VERTEX_POINT('',#4619);
#1256=VERTEX_POINT('',#4621);
#1257=VERTEX_POINT('',#4625);
#1258=VERTEX_POINT('',#4627);
#1259=VERTEX_POINT('',#4631);
#1260=VERTEX_POINT('',#4633);
#1261=VERTEX_POINT('',#4637);
#1262=VERTEX_POINT('',#4639);
#1263=VERTEX_POINT('',#4643);
#1264=VERTEX_POINT('',#4645);
#1265=VERTEX_POINT('',#4649);
#1266=VERTEX_POINT('',#4650);
#1267=VERTEX_POINT('',#4652);
#1268=VERTEX_POINT('',#4654);
#1269=VERTEX_POINT('',#4658);
#1270=VERTEX_POINT('',#4660);
#1271=VERTEX_POINT('',#4664);
#1272=VERTEX_POINT('',#4666);
#1273=VERTEX_POINT('',#4670);
#1274=VERTEX_POINT('',#4672);
#1275=VERTEX_POINT('',#4676);
#1276=VERTEX_POINT('',#4678);
#1277=VERTEX_POINT('',#4682);
#1278=VERTEX_POINT('',#4684);
#1279=VERTEX_POINT('',#4688);
#1280=VERTEX_POINT('',#4690);
#1281=VERTEX_POINT('',#4694);
#1282=VERTEX_POINT('',#4696);
#1283=VERTEX_POINT('',#4700);
#1284=VERTEX_POINT('',#4702);
#1285=VERTEX_POINT('',#4706);
#1286=VERTEX_POINT('',#4708);
#1287=VERTEX_POINT('',#4712);
#1288=VERTEX_POINT('',#4714);
#1289=VERTEX_POINT('',#4718);
#1290=VERTEX_POINT('',#4720);
#1291=VERTEX_POINT('',#4724);
#1292=VERTEX_POINT('',#4726);
#1293=VERTEX_POINT('',#4730);
#1294=VERTEX_POINT('',#4732);
#1295=VERTEX_POINT('',#4736);
#1296=VERTEX_POINT('',#4738);
#1297=VERTEX_POINT('',#4742);
#1298=VERTEX_POINT('',#4744);
#1299=VERTEX_POINT('',#4748);
#1300=VERTEX_POINT('',#4750);
#1301=VERTEX_POINT('',#4754);
#1302=VERTEX_POINT('',#4756);
#1303=VERTEX_POINT('',#4760);
#1304=VERTEX_POINT('',#4762);
#1305=VERTEX_POINT('',#4766);
#1306=VERTEX_POINT('',#4768);
#1307=VERTEX_POINT('',#4772);
#1308=VERTEX_POINT('',#4774);
#1309=VERTEX_POINT('',#4778);
#1310=VERTEX_POINT('',#4780);
#1311=VERTEX_POINT('',#4784);
#1312=VERTEX_POINT('',#4786);
#1313=VERTEX_POINT('',#4790);
#1314=VERTEX_POINT('',#4792);
#1315=VERTEX_POINT('',#4796);
#1316=VERTEX_POINT('',#4798);
#1317=VERTEX_POINT('',#4802);
#1318=VERTEX_POINT('',#4804);
#1319=VERTEX_POINT('',#4808);
#1320=VERTEX_POINT('',#4810);
#1321=VERTEX_POINT('',#4814);
#1322=VERTEX_POINT('',#4816);
#1323=VERTEX_POINT('',#4820);
#1324=VERTEX_POINT('',#4822);
#1325=VERTEX_POINT('',#4826);
#1326=VERTEX_POINT('',#4828);
#1327=VERTEX_POINT('',#4832);
#1328=VERTEX_POINT('',#4834);
#1329=VERTEX_POINT('',#4838);
#1330=VERTEX_POINT('',#4840);
#1331=VERTEX_POINT('',#4844);
#1332=VERTEX_POINT('',#4846);
#1333=VERTEX_POINT('',#4850);
#1334=VERTEX_POINT('',#4852);
#1335=VERTEX_POINT('',#4856);
#1336=VERTEX_POINT('',#4858);
#1337=VERTEX_POINT('',#4862);
#1338=VERTEX_POINT('',#4864);
#1339=VERTEX_POINT('',#4868);
#1340=VERTEX_POINT('',#4870);
#1341=VERTEX_POINT('',#4874);
#1342=VERTEX_POINT('',#4876);
#1343=VERTEX_POINT('',#4880);
#1344=VERTEX_POINT('',#4882);
#1345=VERTEX_POINT('',#4886);
#1346=VERTEX_POINT('',#4888);
#1347=VERTEX_POINT('',#4892);
#1348=VERTEX_POINT('',#4894);
#1349=VERTEX_POINT('',#4898);
#1350=VERTEX_POINT('',#4900);
#1351=VERTEX_POINT('',#4904);
#1352=VERTEX_POINT('',#4906);
#1353=VERTEX_POINT('',#4910);
#1354=VERTEX_POINT('',#4912);
#1355=VERTEX_POINT('',#4916);
#1356=VERTEX_POINT('',#4918);
#1357=VERTEX_POINT('',#4922);
#1358=VERTEX_POINT('',#4924);
#1359=VERTEX_POINT('',#4928);
#1360=VERTEX_POINT('',#4930);
#1361=VERTEX_POINT('',#4934);
#1362=VERTEX_POINT('',#4936);
#1363=VERTEX_POINT('',#4940);
#1364=VERTEX_POINT('',#4942);
#1365=VERTEX_POINT('',#4946);
#1366=VERTEX_POINT('',#4948);
#1367=VERTEX_POINT('',#4952);
#1368=VERTEX_POINT('',#4954);
#1369=VERTEX_POINT('',#4958);
#1370=VERTEX_POINT('',#4960);
#1371=VERTEX_POINT('',#4964);
#1372=VERTEX_POINT('',#4966);
#1373=VERTEX_POINT('',#4970);
#1374=VERTEX_POINT('',#4972);
#1375=VERTEX_POINT('',#4976);
#1376=VERTEX_POINT('',#4978);
#1377=VERTEX_POINT('',#4982);
#1378=VERTEX_POINT('',#4984);
#1379=VERTEX_POINT('',#4988);
#1380=VERTEX_POINT('',#4990);
#1381=VERTEX_POINT('',#4994);
#1382=VERTEX_POINT('',#4996);
#1383=VERTEX_POINT('',#5000);
#1384=VERTEX_POINT('',#5002);
#1385=VERTEX_POINT('',#5006);
#1386=VERTEX_POINT('',#5008);
#1387=VERTEX_POINT('',#5012);
#1388=VERTEX_POINT('',#5014);
#1389=VERTEX_POINT('',#5018);
#1390=VERTEX_POINT('',#5020);
#1391=VERTEX_POINT('',#5024);
#1392=VERTEX_POINT('',#5026);
#1393=VERTEX_POINT('',#5030);
#1394=VERTEX_POINT('',#5032);
#1395=VERTEX_POINT('',#5036);
#1396=VERTEX_POINT('',#5038);
#1397=VERTEX_POINT('',#5042);
#1398=VERTEX_POINT('',#5044);
#1399=VERTEX_POINT('',#5048);
#1400=VERTEX_POINT('',#5050);
#1401=VERTEX_POINT('',#5054);
#1402=VERTEX_POINT('',#5056);
#1403=VERTEX_POINT('',#5060);
#1404=VERTEX_POINT('',#5062);
#1405=VERTEX_POINT('',#5066);
#1406=VERTEX_POINT('',#5068);
#1407=VERTEX_POINT('',#5072);
#1408=VERTEX_POINT('',#5074);
#1409=VERTEX_POINT('',#5078);
#1410=VERTEX_POINT('',#5080);
#1411=VERTEX_POINT('',#5084);
#1412=VERTEX_POINT('',#5086);
#1413=VERTEX_POINT('',#5090);
#1414=VERTEX_POINT('',#5092);
#1415=VERTEX_POINT('',#5096);
#1416=VERTEX_POINT('',#5098);
#1417=VERTEX_POINT('',#5102);
#1418=VERTEX_POINT('',#5104);
#1419=VERTEX_POINT('',#5108);
#1420=VERTEX_POINT('',#5110);
#1421=VERTEX_POINT('',#5114);
#1422=VERTEX_POINT('',#5116);
#1423=VERTEX_POINT('',#5120);
#1424=VERTEX_POINT('',#5122);
#1425=VERTEX_POINT('',#5126);
#1426=VERTEX_POINT('',#5128);
#1427=VERTEX_POINT('',#5132);
#1428=VERTEX_POINT('',#5134);
#1429=VERTEX_POINT('',#5138);
#1430=VERTEX_POINT('',#5140);
#1431=VERTEX_POINT('',#5144);
#1432=VERTEX_POINT('',#5146);
#1433=VERTEX_POINT('',#5150);
#1434=VERTEX_POINT('',#5152);
#1435=VERTEX_POINT('',#5156);
#1436=VERTEX_POINT('',#5158);
#1437=VERTEX_POINT('',#5162);
#1438=VERTEX_POINT('',#5164);
#1439=VERTEX_POINT('',#5168);
#1440=VERTEX_POINT('',#5170);
#1441=VERTEX_POINT('',#5174);
#1442=VERTEX_POINT('',#5176);
#1443=VERTEX_POINT('',#5180);
#1444=VERTEX_POINT('',#5182);
#1445=VERTEX_POINT('',#5186);
#1446=VERTEX_POINT('',#5188);
#1447=VERTEX_POINT('',#5192);
#1448=VERTEX_POINT('',#5194);
#1449=VERTEX_POINT('',#5198);
#1450=VERTEX_POINT('',#5200);
#1451=VERTEX_POINT('',#5204);
#1452=VERTEX_POINT('',#5206);
#1453=VERTEX_POINT('',#5210);
#1454=VERTEX_POINT('',#5212);
#1455=VERTEX_POINT('',#5216);
#1456=VERTEX_POINT('',#5218);
#1457=VERTEX_POINT('',#5222);
#1458=VERTEX_POINT('',#5224);
#1459=VERTEX_POINT('',#5228);
#1460=VERTEX_POINT('',#5230);
#1461=EDGE_CURVE('',#1161,#1161,#981,.T.);
#1462=EDGE_CURVE('',#1161,#1162,#441,.T.);
#1463=EDGE_CURVE('',#1162,#1162,#982,.T.);
#1464=EDGE_CURVE('',#1163,#1164,#983,.T.);
#1465=EDGE_CURVE('',#1164,#1165,#442,.T.);
#1466=EDGE_CURVE('',#1166,#1165,#984,.T.);
#1467=EDGE_CURVE('',#1163,#1166,#443,.T.);
#1468=EDGE_CURVE('',#1167,#1163,#444,.T.);
#1469=EDGE_CURVE('',#1168,#1166,#445,.T.);
#1470=EDGE_CURVE('',#1167,#1168,#446,.T.);
#1471=EDGE_CURVE('',#1169,#1167,#985,.T.);
#1472=EDGE_CURVE('',#1170,#1168,#986,.T.);
#1473=EDGE_CURVE('',#1169,#1170,#447,.T.);
#1474=EDGE_CURVE('',#1171,#1169,#448,.T.);
#1475=EDGE_CURVE('',#1172,#1170,#449,.T.);
#1476=EDGE_CURVE('',#1171,#1172,#450,.T.);
#1477=EDGE_CURVE('',#1173,#1171,#987,.T.);
#1478=EDGE_CURVE('',#1174,#1172,#988,.T.);
#1479=EDGE_CURVE('',#1173,#1174,#451,.T.);
#1480=EDGE_CURVE('',#1175,#1173,#452,.T.);
#1481=EDGE_CURVE('',#1176,#1174,#453,.T.);
#1482=EDGE_CURVE('',#1175,#1176,#454,.T.);
#1483=EDGE_CURVE('',#1177,#1175,#989,.T.);
#1484=EDGE_CURVE('',#1178,#1176,#990,.T.);
#1485=EDGE_CURVE('',#1177,#1178,#455,.T.);
#1486=EDGE_CURVE('',#1179,#1177,#456,.T.);
#1487=EDGE_CURVE('',#1180,#1178,#457,.T.);
#1488=EDGE_CURVE('',#1179,#1180,#458,.T.);
#1489=EDGE_CURVE('',#1181,#1179,#991,.T.);
#1490=EDGE_CURVE('',#1182,#1180,#992,.T.);
#1491=EDGE_CURVE('',#1181,#1182,#459,.T.);
#1492=EDGE_CURVE('',#1183,#1181,#460,.T.);
#1493=EDGE_CURVE('',#1184,#1182,#461,.T.);
#1494=EDGE_CURVE('',#1183,#1184,#462,.T.);
#1495=EDGE_CURVE('',#1185,#1183,#993,.T.);
#1496=EDGE_CURVE('',#1186,#1184,#994,.T.);
#1497=EDGE_CURVE('',#1185,#1186,#463,.T.);
#1498=EDGE_CURVE('',#1187,#1185,#464,.T.);
#1499=EDGE_CURVE('',#1188,#1186,#465,.T.);
#1500=EDGE_CURVE('',#1187,#1188,#466,.T.);
#1501=EDGE_CURVE('',#1189,#1187,#995,.T.);
#1502=EDGE_CURVE('',#1190,#1188,#996,.T.);
#1503=EDGE_CURVE('',#1189,#1190,#467,.T.);
#1504=EDGE_CURVE('',#1191,#1189,#468,.T.);
#1505=EDGE_CURVE('',#1192,#1190,#469,.T.);
#1506=EDGE_CURVE('',#1191,#1192,#470,.T.);
#1507=EDGE_CURVE('',#1193,#1191,#997,.T.);
#1508=EDGE_CURVE('',#1194,#1192,#998,.T.);
#1509=EDGE_CURVE('',#1193,#1194,#471,.T.);
#1510=EDGE_CURVE('',#1195,#1193,#472,.T.);
#1511=EDGE_CURVE('',#1196,#1194,#473,.T.);
#1512=EDGE_CURVE('',#1195,#1196,#474,.T.);
#1513=EDGE_CURVE('',#1197,#1195,#999,.T.);
#1514=EDGE_CURVE('',#1198,#1196,#1000,.T.);
#1515=EDGE_CURVE('',#1197,#1198,#475,.T.);
#1516=EDGE_CURVE('',#1164,#1197,#476,.T.);
#1517=EDGE_CURVE('',#1165,#1198,#477,.T.);
#1518=EDGE_CURVE('',#1199,#1200,#478,.T.);
#1519=EDGE_CURVE('',#1200,#1201,#479,.T.);
#1520=EDGE_CURVE('',#1202,#1201,#480,.T.);
#1521=EDGE_CURVE('',#1199,#1202,#481,.T.);
#1522=EDGE_CURVE('',#1203,#1199,#1001,.T.);
#1523=EDGE_CURVE('',#1204,#1202,#1002,.T.);
#1524=EDGE_CURVE('',#1203,#1204,#482,.T.);
#1525=EDGE_CURVE('',#1205,#1203,#483,.T.);
#1526=EDGE_CURVE('',#1206,#1204,#484,.T.);
#1527=EDGE_CURVE('',#1205,#1206,#485,.T.);
#1528=EDGE_CURVE('',#1200,#1205,#1003,.T.);
#1529=EDGE_CURVE('',#1201,#1206,#1004,.T.);
#1530=EDGE_CURVE('',#1207,#1208,#1005,.T.);
#1531=EDGE_CURVE('',#1208,#1209,#486,.T.);
#1532=EDGE_CURVE('',#1210,#1209,#1006,.T.);
#1533=EDGE_CURVE('',#1207,#1210,#487,.T.);
#1534=EDGE_CURVE('',#1211,#1207,#1007,.T.);
#1535=EDGE_CURVE('',#1212,#1210,#1008,.T.);
#1536=EDGE_CURVE('',#1211,#1212,#488,.T.);
#1537=EDGE_CURVE('',#1213,#1211,#1009,.T.);
#1538=EDGE_CURVE('',#1214,#1212,#1010,.T.);
#1539=EDGE_CURVE('',#1213,#1214,#489,.T.);
#1540=EDGE_CURVE('',#1215,#1213,#1011,.T.);
#1541=EDGE_CURVE('',#1216,#1214,#1012,.T.);
#1542=EDGE_CURVE('',#1215,#1216,#490,.T.);
#1543=EDGE_CURVE('',#1217,#1215,#1013,.T.);
#1544=EDGE_CURVE('',#1218,#1216,#1014,.T.);
#1545=EDGE_CURVE('',#1217,#1218,#491,.T.);
#1546=EDGE_CURVE('',#1219,#1217,#1015,.T.);
#1547=EDGE_CURVE('',#1220,#1218,#1016,.T.);
#1548=EDGE_CURVE('',#1219,#1220,#492,.T.);
#1549=EDGE_CURVE('',#1221,#1219,#1017,.T.);
#1550=EDGE_CURVE('',#1222,#1220,#1018,.T.);
#1551=EDGE_CURVE('',#1221,#1222,#493,.T.);
#1552=EDGE_CURVE('',#1223,#1221,#1019,.T.);
#1553=EDGE_CURVE('',#1224,#1222,#1020,.T.);
#1554=EDGE_CURVE('',#1223,#1224,#494,.T.);
#1555=EDGE_CURVE('',#1225,#1223,#1021,.T.);
#1556=EDGE_CURVE('',#1226,#1224,#1022,.T.);
#1557=EDGE_CURVE('',#1225,#1226,#495,.T.);
#1558=EDGE_CURVE('',#1227,#1225,#1023,.T.);
#1559=EDGE_CURVE('',#1228,#1226,#1024,.T.);
#1560=EDGE_CURVE('',#1227,#1228,#496,.T.);
#1561=EDGE_CURVE('',#1229,#1227,#1025,.T.);
#1562=EDGE_CURVE('',#1230,#1228,#1026,.T.);
#1563=EDGE_CURVE('',#1229,#1230,#497,.T.);
#1564=EDGE_CURVE('',#1231,#1229,#1027,.T.);
#1565=EDGE_CURVE('',#1232,#1230,#1028,.T.);
#1566=EDGE_CURVE('',#1231,#1232,#498,.T.);
#1567=EDGE_CURVE('',#1233,#1231,#1029,.T.);
#1568=EDGE_CURVE('',#1234,#1232,#1030,.T.);
#1569=EDGE_CURVE('',#1233,#1234,#499,.T.);
#1570=EDGE_CURVE('',#1235,#1233,#1031,.T.);
#1571=EDGE_CURVE('',#1236,#1234,#1032,.T.);
#1572=EDGE_CURVE('',#1235,#1236,#500,.T.);
#1573=EDGE_CURVE('',#1237,#1235,#1033,.T.);
#1574=EDGE_CURVE('',#1238,#1236,#1034,.T.);
#1575=EDGE_CURVE('',#1237,#1238,#501,.T.);
#1576=EDGE_CURVE('',#1208,#1237,#1035,.T.);
#1577=EDGE_CURVE('',#1209,#1238,#1036,.T.);
#1578=EDGE_CURVE('',#1239,#1239,#1037,.T.);
#1579=EDGE_CURVE('',#1239,#1240,#502,.T.);
#1580=EDGE_CURVE('',#1240,#1240,#1038,.T.);
#1581=EDGE_CURVE('',#1241,#1241,#1039,.T.);
#1582=EDGE_CURVE('',#1241,#1242,#503,.T.);
#1583=EDGE_CURVE('',#1242,#1242,#1040,.T.);
#1584=EDGE_CURVE('',#1243,#1244,#504,.T.);
#1585=EDGE_CURVE('',#1244,#1245,#505,.T.);
#1586=EDGE_CURVE('',#1246,#1245,#506,.T.);
#1587=EDGE_CURVE('',#1243,#1246,#507,.T.);
#1588=EDGE_CURVE('',#1244,#1243,#1041,.T.);
#1589=EDGE_CURVE('',#1245,#1246,#1042,.T.);
#1590=EDGE_CURVE('',#1247,#1248,#508,.T.);
#1591=EDGE_CURVE('',#1248,#1249,#509,.T.);
#1592=EDGE_CURVE('',#1250,#1249,#510,.T.);
#1593=EDGE_CURVE('',#1247,#1250,#511,.T.);
#1594=EDGE_CURVE('',#1248,#1247,#1043,.T.);
#1595=EDGE_CURVE('',#1249,#1250,#1044,.T.);
#1596=EDGE_CURVE('',#1251,#1251,#1045,.T.);
#1597=EDGE_CURVE('',#1251,#1252,#512,.T.);
#1598=EDGE_CURVE('',#1252,#1252,#1046,.T.);
#1599=EDGE_CURVE('',#1253,#1253,#1047,.T.);
#1600=EDGE_CURVE('',#1253,#1254,#513,.T.);
#1601=EDGE_CURVE('',#1254,#1254,#1048,.T.);
#1602=EDGE_CURVE('',#1255,#1255,#1049,.T.);
#1603=EDGE_CURVE('',#1255,#1256,#514,.T.);
#1604=EDGE_CURVE('',#1256,#1256,#1050,.T.);
#1605=EDGE_CURVE('',#1257,#1257,#1051,.T.);
#1606=EDGE_CURVE('',#1257,#1258,#515,.T.);
#1607=EDGE_CURVE('',#1258,#1258,#1052,.T.);
#1608=EDGE_CURVE('',#1259,#1259,#1053,.T.);
#1609=EDGE_CURVE('',#1259,#1260,#516,.T.);
#1610=EDGE_CURVE('',#1260,#1260,#1054,.T.);
#1611=EDGE_CURVE('',#1261,#1261,#1055,.T.);
#1612=EDGE_CURVE('',#1261,#1262,#517,.T.);
#1613=EDGE_CURVE('',#1262,#1262,#1056,.T.);
#1614=EDGE_CURVE('',#1263,#1263,#1057,.T.);
#1615=EDGE_CURVE('',#1263,#1264,#518,.T.);
#1616=EDGE_CURVE('',#1264,#1264,#1058,.T.);
#1617=EDGE_CURVE('',#1265,#1266,#1059,.T.);
#1618=EDGE_CURVE('',#1265,#1267,#519,.T.);
#1619=EDGE_CURVE('',#1268,#1267,#1060,.T.);
#1620=EDGE_CURVE('',#1266,#1268,#520,.T.);
#1621=EDGE_CURVE('',#1269,#1266,#521,.T.);
#1622=EDGE_CURVE('',#1270,#1268,#522,.T.);
#1623=EDGE_CURVE('',#1269,#1270,#523,.T.);
#1624=EDGE_CURVE('',#1271,#1269,#1061,.T.);
#1625=EDGE_CURVE('',#1272,#1270,#1062,.T.);
#1626=EDGE_CURVE('',#1271,#1272,#524,.T.);
#1627=EDGE_CURVE('',#1273,#1271,#1063,.T.);
#1628=EDGE_CURVE('',#1274,#1272,#1064,.T.);
#1629=EDGE_CURVE('',#1273,#1274,#525,.T.);
#1630=EDGE_CURVE('',#1273,#1275,#526,.T.);
#1631=EDGE_CURVE('',#1276,#1274,#527,.T.);
#1632=EDGE_CURVE('',#1275,#1276,#528,.T.);
#1633=EDGE_CURVE('',#1275,#1277,#1065,.T.);
#1634=EDGE_CURVE('',#1278,#1276,#1066,.T.);
#1635=EDGE_CURVE('',#1277,#1278,#529,.T.);
#1636=EDGE_CURVE('',#1279,#1277,#530,.T.);
#1637=EDGE_CURVE('',#1280,#1278,#531,.T.);
#1638=EDGE_CURVE('',#1279,#1280,#532,.T.);
#1639=EDGE_CURVE('',#1279,#1281,#1067,.T.);
#1640=EDGE_CURVE('',#1282,#1280,#1068,.T.);
#1641=EDGE_CURVE('',#1281,#1282,#533,.T.);
#1642=EDGE_CURVE('',#1281,#1283,#534,.T.);
#1643=EDGE_CURVE('',#1284,#1282,#535,.T.);
#1644=EDGE_CURVE('',#1283,#1284,#536,.T.);
#1645=EDGE_CURVE('',#1285,#1283,#1069,.T.);
#1646=EDGE_CURVE('',#1286,#1284,#1070,.T.);
#1647=EDGE_CURVE('',#1285,#1286,#537,.T.);
#1648=EDGE_CURVE('',#1287,#1285,#538,.T.);
#1649=EDGE_CURVE('',#1288,#1286,#539,.T.);
#1650=EDGE_CURVE('',#1287,#1288,#540,.T.);
#1651=EDGE_CURVE('',#1289,#1287,#1071,.T.);
#1652=EDGE_CURVE('',#1290,#1288,#1072,.T.);
#1653=EDGE_CURVE('',#1289,#1290,#541,.T.);
#1654=EDGE_CURVE('',#1291,#1289,#542,.T.);
#1655=EDGE_CURVE('',#1292,#1290,#543,.T.);
#1656=EDGE_CURVE('',#1291,#1292,#544,.T.);
#1657=EDGE_CURVE('',#1291,#1293,#1073,.T.);
#1658=EDGE_CURVE('',#1294,#1292,#1074,.T.);
#1659=EDGE_CURVE('',#1293,#1294,#545,.T.);
#1660=EDGE_CURVE('',#1295,#1293,#546,.T.);
#1661=EDGE_CURVE('',#1296,#1294,#547,.T.);
#1662=EDGE_CURVE('',#1295,#1296,#548,.T.);
#1663=EDGE_CURVE('',#1297,#1295,#1075,.T.);
#1664=EDGE_CURVE('',#1298,#1296,#1076,.T.);
#1665=EDGE_CURVE('',#1297,#1298,#549,.T.);
#1666=EDGE_CURVE('',#1297,#1299,#550,.T.);
#1667=EDGE_CURVE('',#1300,#1298,#551,.T.);
#1668=EDGE_CURVE('',#1299,#1300,#552,.T.);
#1669=EDGE_CURVE('',#1301,#1299,#1077,.T.);
#1670=EDGE_CURVE('',#1302,#1300,#1078,.T.);
#1671=EDGE_CURVE('',#1301,#1302,#553,.T.);
#1672=EDGE_CURVE('',#1303,#1301,#554,.T.);
#1673=EDGE_CURVE('',#1304,#1302,#555,.T.);
#1674=EDGE_CURVE('',#1303,#1304,#556,.T.);
#1675=EDGE_CURVE('',#1303,#1305,#1079,.T.);
#1676=EDGE_CURVE('',#1306,#1304,#1080,.T.);
#1677=EDGE_CURVE('',#1305,#1306,#557,.T.);
#1678=EDGE_CURVE('',#1305,#1307,#558,.T.);
#1679=EDGE_CURVE('',#1308,#1306,#559,.T.);
#1680=EDGE_CURVE('',#1307,#1308,#560,.T.);
#1681=EDGE_CURVE('',#1309,#1307,#1081,.T.);
#1682=EDGE_CURVE('',#1310,#1308,#1082,.T.);
#1683=EDGE_CURVE('',#1309,#1310,#561,.T.);
#1684=EDGE_CURVE('',#1309,#1311,#562,.T.);
#1685=EDGE_CURVE('',#1312,#1310,#563,.T.);
#1686=EDGE_CURVE('',#1311,#1312,#564,.T.);
#1687=EDGE_CURVE('',#1313,#1311,#1083,.T.);
#1688=EDGE_CURVE('',#1314,#1312,#1084,.T.);
#1689=EDGE_CURVE('',#1313,#1314,#565,.T.);
#1690=EDGE_CURVE('',#1315,#1313,#566,.T.);
#1691=EDGE_CURVE('',#1316,#1314,#567,.T.);
#1692=EDGE_CURVE('',#1315,#1316,#568,.T.);
#1693=EDGE_CURVE('',#1315,#1317,#1085,.T.);
#1694=EDGE_CURVE('',#1318,#1316,#1086,.T.);
#1695=EDGE_CURVE('',#1317,#1318,#569,.T.);
#1696=EDGE_CURVE('',#1317,#1319,#570,.T.);
#1697=EDGE_CURVE('',#1320,#1318,#571,.T.);
#1698=EDGE_CURVE('',#1319,#1320,#572,.T.);
#1699=EDGE_CURVE('',#1321,#1319,#1087,.T.);
#1700=EDGE_CURVE('',#1322,#1320,#1088,.T.);
#1701=EDGE_CURVE('',#1321,#1322,#573,.T.);
#1702=EDGE_CURVE('',#1321,#1323,#574,.T.);
#1703=EDGE_CURVE('',#1324,#1322,#575,.T.);
#1704=EDGE_CURVE('',#1323,#1324,#576,.T.);
#1705=EDGE_CURVE('',#1325,#1323,#1089,.T.);
#1706=EDGE_CURVE('',#1326,#1324,#1090,.T.);
#1707=EDGE_CURVE('',#1325,#1326,#577,.T.);
#1708=EDGE_CURVE('',#1327,#1325,#578,.T.);
#1709=EDGE_CURVE('',#1328,#1326,#579,.T.);
#1710=EDGE_CURVE('',#1327,#1328,#580,.T.);
#1711=EDGE_CURVE('',#1327,#1329,#1091,.T.);
#1712=EDGE_CURVE('',#1330,#1328,#1092,.T.);
#1713=EDGE_CURVE('',#1329,#1330,#581,.T.);
#1714=EDGE_CURVE('',#1331,#1329,#582,.T.);
#1715=EDGE_CURVE('',#1332,#1330,#583,.T.);
#1716=EDGE_CURVE('',#1331,#1332,#584,.T.);
#1717=EDGE_CURVE('',#1331,#1333,#1093,.T.);
#1718=EDGE_CURVE('',#1334,#1332,#1094,.T.);
#1719=EDGE_CURVE('',#1333,#1334,#585,.T.);
#1720=EDGE_CURVE('',#1335,#1333,#586,.T.);
#1721=EDGE_CURVE('',#1336,#1334,#587,.T.);
#1722=EDGE_CURVE('',#1335,#1336,#588,.T.);
#1723=EDGE_CURVE('',#1337,#1335,#1095,.T.);
#1724=EDGE_CURVE('',#1338,#1336,#1096,.T.);
#1725=EDGE_CURVE('',#1337,#1338,#589,.T.);
#1726=EDGE_CURVE('',#1339,#1337,#1097,.T.);
#1727=EDGE_CURVE('',#1340,#1338,#1098,.T.);
#1728=EDGE_CURVE('',#1339,#1340,#590,.T.);
#1729=EDGE_CURVE('',#1339,#1341,#591,.T.);
#1730=EDGE_CURVE('',#1342,#1340,#592,.T.);
#1731=EDGE_CURVE('',#1341,#1342,#593,.T.);
#1732=EDGE_CURVE('',#1343,#1341,#1099,.T.);
#1733=EDGE_CURVE('',#1344,#1342,#1100,.T.);
#1734=EDGE_CURVE('',#1343,#1344,#594,.T.);
#1735=EDGE_CURVE('',#1343,#1345,#595,.T.);
#1736=EDGE_CURVE('',#1346,#1344,#596,.T.);
#1737=EDGE_CURVE('',#1345,#1346,#597,.T.);
#1738=EDGE_CURVE('',#1347,#1345,#1101,.T.);
#1739=EDGE_CURVE('',#1348,#1346,#1102,.T.);
#1740=EDGE_CURVE('',#1347,#1348,#598,.T.);
#1741=EDGE_CURVE('',#1349,#1347,#599,.T.);
#1742=EDGE_CURVE('',#1350,#1348,#600,.T.);
#1743=EDGE_CURVE('',#1349,#1350,#601,.T.);
#1744=EDGE_CURVE('',#1349,#1351,#1103,.T.);
#1745=EDGE_CURVE('',#1352,#1350,#1104,.T.);
#1746=EDGE_CURVE('',#1351,#1352,#602,.T.);
#1747=EDGE_CURVE('',#1351,#1353,#603,.T.);
#1748=EDGE_CURVE('',#1354,#1352,#604,.T.);
#1749=EDGE_CURVE('',#1353,#1354,#605,.T.);
#1750=EDGE_CURVE('',#1355,#1353,#1105,.T.);
#1751=EDGE_CURVE('',#1356,#1354,#1106,.T.);
#1752=EDGE_CURVE('',#1355,#1356,#606,.T.);
#1753=EDGE_CURVE('',#1355,#1357,#607,.T.);
#1754=EDGE_CURVE('',#1358,#1356,#608,.T.);
#1755=EDGE_CURVE('',#1357,#1358,#609,.T.);
#1756=EDGE_CURVE('',#1359,#1357,#1107,.T.);
#1757=EDGE_CURVE('',#1360,#1358,#1108,.T.);
#1758=EDGE_CURVE('',#1359,#1360,#610,.T.);
#1759=EDGE_CURVE('',#1359,#1361,#611,.T.);
#1760=EDGE_CURVE('',#1362,#1360,#612,.T.);
#1761=EDGE_CURVE('',#1361,#1362,#613,.T.);
#1762=EDGE_CURVE('',#1363,#1361,#1109,.T.);
#1763=EDGE_CURVE('',#1364,#1362,#1110,.T.);
#1764=EDGE_CURVE('',#1363,#1364,#614,.T.);
#1765=EDGE_CURVE('',#1365,#1363,#1111,.T.);
#1766=EDGE_CURVE('',#1366,#1364,#1112,.T.);
#1767=EDGE_CURVE('',#1365,#1366,#615,.T.);
#1768=EDGE_CURVE('',#1365,#1367,#616,.T.);
#1769=EDGE_CURVE('',#1368,#1366,#617,.T.);
#1770=EDGE_CURVE('',#1367,#1368,#618,.T.);
#1771=EDGE_CURVE('',#1367,#1369,#1113,.T.);
#1772=EDGE_CURVE('',#1370,#1368,#1114,.T.);
#1773=EDGE_CURVE('',#1369,#1370,#619,.T.);
#1774=EDGE_CURVE('',#1369,#1371,#620,.T.);
#1775=EDGE_CURVE('',#1372,#1370,#621,.T.);
#1776=EDGE_CURVE('',#1371,#1372,#622,.T.);
#1777=EDGE_CURVE('',#1371,#1373,#1115,.T.);
#1778=EDGE_CURVE('',#1374,#1372,#1116,.T.);
#1779=EDGE_CURVE('',#1373,#1374,#623,.T.);
#1780=EDGE_CURVE('',#1373,#1375,#624,.T.);
#1781=EDGE_CURVE('',#1376,#1374,#625,.T.);
#1782=EDGE_CURVE('',#1375,#1376,#626,.T.);
#1783=EDGE_CURVE('',#1377,#1375,#1117,.T.);
#1784=EDGE_CURVE('',#1378,#1376,#1118,.T.);
#1785=EDGE_CURVE('',#1377,#1378,#627,.T.);
#1786=EDGE_CURVE('',#1379,#1377,#628,.T.);
#1787=EDGE_CURVE('',#1380,#1378,#629,.T.);
#1788=EDGE_CURVE('',#1379,#1380,#630,.T.);
#1789=EDGE_CURVE('',#1381,#1379,#1119,.T.);
#1790=EDGE_CURVE('',#1382,#1380,#1120,.T.);
#1791=EDGE_CURVE('',#1381,#1382,#631,.T.);
#1792=EDGE_CURVE('',#1383,#1381,#632,.T.);
#1793=EDGE_CURVE('',#1384,#1382,#633,.T.);
#1794=EDGE_CURVE('',#1383,#1384,#634,.T.);
#1795=EDGE_CURVE('',#1383,#1385,#1121,.T.);
#1796=EDGE_CURVE('',#1386,#1384,#1122,.T.);
#1797=EDGE_CURVE('',#1385,#1386,#635,.T.);
#1798=EDGE_CURVE('',#1385,#1387,#636,.T.);
#1799=EDGE_CURVE('',#1388,#1386,#637,.T.);
#1800=EDGE_CURVE('',#1387,#1388,#638,.T.);
#1801=EDGE_CURVE('',#1389,#1387,#1123,.T.);
#1802=EDGE_CURVE('',#1390,#1388,#1124,.T.);
#1803=EDGE_CURVE('',#1389,#1390,#639,.T.);
#1804=EDGE_CURVE('',#1391,#1389,#640,.T.);
#1805=EDGE_CURVE('',#1392,#1390,#641,.T.);
#1806=EDGE_CURVE('',#1391,#1392,#642,.T.);
#1807=EDGE_CURVE('',#1393,#1391,#1125,.T.);
#1808=EDGE_CURVE('',#1394,#1392,#1126,.T.);
#1809=EDGE_CURVE('',#1393,#1394,#643,.T.);
#1810=EDGE_CURVE('',#1395,#1393,#644,.T.);
#1811=EDGE_CURVE('',#1396,#1394,#645,.T.);
#1812=EDGE_CURVE('',#1395,#1396,#646,.T.);
#1813=EDGE_CURVE('',#1395,#1397,#1127,.T.);
#1814=EDGE_CURVE('',#1398,#1396,#1128,.T.);
#1815=EDGE_CURVE('',#1397,#1398,#647,.T.);
#1816=EDGE_CURVE('',#1397,#1399,#648,.T.);
#1817=EDGE_CURVE('',#1400,#1398,#649,.T.);
#1818=EDGE_CURVE('',#1399,#1400,#650,.T.);
#1819=EDGE_CURVE('',#1401,#1399,#1129,.T.);
#1820=EDGE_CURVE('',#1402,#1400,#1130,.T.);
#1821=EDGE_CURVE('',#1401,#1402,#651,.T.);
#1822=EDGE_CURVE('',#1403,#1401,#652,.T.);
#1823=EDGE_CURVE('',#1404,#1402,#653,.T.);
#1824=EDGE_CURVE('',#1403,#1404,#654,.T.);
#1825=EDGE_CURVE('',#1405,#1403,#1131,.T.);
#1826=EDGE_CURVE('',#1406,#1404,#1132,.T.);
#1827=EDGE_CURVE('',#1405,#1406,#655,.T.);
#1828=EDGE_CURVE('',#1405,#1407,#656,.T.);
#1829=EDGE_CURVE('',#1408,#1406,#657,.T.);
#1830=EDGE_CURVE('',#1407,#1408,#658,.T.);
#1831=EDGE_CURVE('',#1407,#1409,#1133,.T.);
#1832=EDGE_CURVE('',#1410,#1408,#1134,.T.);
#1833=EDGE_CURVE('',#1409,#1410,#659,.T.);
#1834=EDGE_CURVE('',#1409,#1411,#660,.T.);
#1835=EDGE_CURVE('',#1412,#1410,#661,.T.);
#1836=EDGE_CURVE('',#1411,#1412,#662,.T.);
#1837=EDGE_CURVE('',#1413,#1411,#1135,.T.);
#1838=EDGE_CURVE('',#1414,#1412,#1136,.T.);
#1839=EDGE_CURVE('',#1413,#1414,#663,.T.);
#1840=EDGE_CURVE('',#1413,#1415,#664,.T.);
#1841=EDGE_CURVE('',#1416,#1414,#665,.T.);
#1842=EDGE_CURVE('',#1415,#1416,#666,.T.);
#1843=EDGE_CURVE('',#1417,#1415,#1137,.T.);
#1844=EDGE_CURVE('',#1418,#1416,#1138,.T.);
#1845=EDGE_CURVE('',#1417,#1418,#667,.T.);
#1846=EDGE_CURVE('',#1419,#1417,#668,.T.);
#1847=EDGE_CURVE('',#1420,#1418,#669,.T.);
#1848=EDGE_CURVE('',#1419,#1420,#670,.T.);
#1849=EDGE_CURVE('',#1419,#1421,#1139,.T.);
#1850=EDGE_CURVE('',#1422,#1420,#1140,.T.);
#1851=EDGE_CURVE('',#1421,#1422,#671,.T.);
#1852=EDGE_CURVE('',#1421,#1423,#672,.T.);
#1853=EDGE_CURVE('',#1424,#1422,#673,.T.);
#1854=EDGE_CURVE('',#1423,#1424,#674,.T.);
#1855=EDGE_CURVE('',#1423,#1425,#1141,.T.);
#1856=EDGE_CURVE('',#1426,#1424,#1142,.T.);
#1857=EDGE_CURVE('',#1425,#1426,#675,.T.);
#1858=EDGE_CURVE('',#1427,#1425,#676,.T.);
#1859=EDGE_CURVE('',#1428,#1426,#677,.T.);
#1860=EDGE_CURVE('',#1427,#1428,#678,.T.);
#1861=EDGE_CURVE('',#1429,#1427,#1143,.T.);
#1862=EDGE_CURVE('',#1430,#1428,#1144,.T.);
#1863=EDGE_CURVE('',#1429,#1430,#679,.T.);
#1864=EDGE_CURVE('',#1431,#1429,#1145,.T.);
#1865=EDGE_CURVE('',#1432,#1430,#1146,.T.);
#1866=EDGE_CURVE('',#1431,#1432,#680,.T.);
#1867=EDGE_CURVE('',#1433,#1431,#681,.T.);
#1868=EDGE_CURVE('',#1434,#1432,#682,.T.);
#1869=EDGE_CURVE('',#1433,#1434,#683,.T.);
#1870=EDGE_CURVE('',#1433,#1435,#1147,.T.);
#1871=EDGE_CURVE('',#1436,#1434,#1148,.T.);
#1872=EDGE_CURVE('',#1435,#1436,#684,.T.);
#1873=EDGE_CURVE('',#1435,#1437,#685,.T.);
#1874=EDGE_CURVE('',#1438,#1436,#686,.T.);
#1875=EDGE_CURVE('',#1437,#1438,#687,.T.);
#1876=EDGE_CURVE('',#1439,#1437,#1149,.T.);
#1877=EDGE_CURVE('',#1440,#1438,#1150,.T.);
#1878=EDGE_CURVE('',#1439,#1440,#688,.T.);
#1879=EDGE_CURVE('',#1439,#1441,#689,.T.);
#1880=EDGE_CURVE('',#1442,#1440,#690,.T.);
#1881=EDGE_CURVE('',#1441,#1442,#691,.T.);
#1882=EDGE_CURVE('',#1443,#1441,#1151,.T.);
#1883=EDGE_CURVE('',#1444,#1442,#1152,.T.);
#1884=EDGE_CURVE('',#1443,#1444,#692,.T.);
#1885=EDGE_CURVE('',#1445,#1443,#693,.T.);
#1886=EDGE_CURVE('',#1446,#1444,#694,.T.);
#1887=EDGE_CURVE('',#1445,#1446,#695,.T.);
#1888=EDGE_CURVE('',#1447,#1445,#1153,.T.);
#1889=EDGE_CURVE('',#1448,#1446,#1154,.T.);
#1890=EDGE_CURVE('',#1447,#1448,#696,.T.);
#1891=EDGE_CURVE('',#1447,#1449,#697,.T.);
#1892=EDGE_CURVE('',#1450,#1448,#698,.T.);
#1893=EDGE_CURVE('',#1449,#1450,#699,.T.);
#1894=EDGE_CURVE('',#1451,#1449,#1155,.T.);
#1895=EDGE_CURVE('',#1452,#1450,#1156,.T.);
#1896=EDGE_CURVE('',#1451,#1452,#700,.T.);
#1897=EDGE_CURVE('',#1451,#1453,#701,.T.);
#1898=EDGE_CURVE('',#1454,#1452,#702,.T.);
#1899=EDGE_CURVE('',#1453,#1454,#703,.T.);
#1900=EDGE_CURVE('',#1455,#1453,#1157,.T.);
#1901=EDGE_CURVE('',#1456,#1454,#1158,.T.);
#1902=EDGE_CURVE('',#1455,#1456,#704,.T.);
#1903=EDGE_CURVE('',#1457,#1455,#705,.T.);
#1904=EDGE_CURVE('',#1458,#1456,#706,.T.);
#1905=EDGE_CURVE('',#1457,#1458,#707,.T.);
#1906=EDGE_CURVE('',#1459,#1457,#1159,.T.);
#1907=EDGE_CURVE('',#1460,#1458,#1160,.T.);
#1908=EDGE_CURVE('',#1459,#1460,#708,.T.);
#1909=EDGE_CURVE('',#1265,#1459,#709,.T.);
#1910=EDGE_CURVE('',#1267,#1460,#710,.T.);
#1911=ORIENTED_EDGE('',*,*,#1461,.T.);
#1912=ORIENTED_EDGE('',*,*,#1462,.T.);
#1913=ORIENTED_EDGE('',*,*,#1463,.F.);
#1914=ORIENTED_EDGE('',*,*,#1462,.F.);
#1915=ORIENTED_EDGE('',*,*,#1464,.T.);
#1916=ORIENTED_EDGE('',*,*,#1465,.T.);
#1917=ORIENTED_EDGE('',*,*,#1466,.F.);
#1918=ORIENTED_EDGE('',*,*,#1467,.F.);
#1919=ORIENTED_EDGE('',*,*,#1468,.T.);
#1920=ORIENTED_EDGE('',*,*,#1467,.T.);
#1921=ORIENTED_EDGE('',*,*,#1469,.F.);
#1922=ORIENTED_EDGE('',*,*,#1470,.F.);
#1923=ORIENTED_EDGE('',*,*,#1471,.T.);
#1924=ORIENTED_EDGE('',*,*,#1470,.T.);
#1925=ORIENTED_EDGE('',*,*,#1472,.F.);
#1926=ORIENTED_EDGE('',*,*,#1473,.F.);
#1927=ORIENTED_EDGE('',*,*,#1474,.T.);
#1928=ORIENTED_EDGE('',*,*,#1473,.T.);
#1929=ORIENTED_EDGE('',*,*,#1475,.F.);
#1930=ORIENTED_EDGE('',*,*,#1476,.F.);
#1931=ORIENTED_EDGE('',*,*,#1477,.T.);
#1932=ORIENTED_EDGE('',*,*,#1476,.T.);
#1933=ORIENTED_EDGE('',*,*,#1478,.F.);
#1934=ORIENTED_EDGE('',*,*,#1479,.F.);
#1935=ORIENTED_EDGE('',*,*,#1480,.T.);
#1936=ORIENTED_EDGE('',*,*,#1479,.T.);
#1937=ORIENTED_EDGE('',*,*,#1481,.F.);
#1938=ORIENTED_EDGE('',*,*,#1482,.F.);
#1939=ORIENTED_EDGE('',*,*,#1483,.T.);
#1940=ORIENTED_EDGE('',*,*,#1482,.T.);
#1941=ORIENTED_EDGE('',*,*,#1484,.F.);
#1942=ORIENTED_EDGE('',*,*,#1485,.F.);
#1943=ORIENTED_EDGE('',*,*,#1486,.T.);
#1944=ORIENTED_EDGE('',*,*,#1485,.T.);
#1945=ORIENTED_EDGE('',*,*,#1487,.F.);
#1946=ORIENTED_EDGE('',*,*,#1488,.F.);
#1947=ORIENTED_EDGE('',*,*,#1489,.T.);
#1948=ORIENTED_EDGE('',*,*,#1488,.T.);
#1949=ORIENTED_EDGE('',*,*,#1490,.F.);
#1950=ORIENTED_EDGE('',*,*,#1491,.F.);
#1951=ORIENTED_EDGE('',*,*,#1492,.T.);
#1952=ORIENTED_EDGE('',*,*,#1491,.T.);
#1953=ORIENTED_EDGE('',*,*,#1493,.F.);
#1954=ORIENTED_EDGE('',*,*,#1494,.F.);
#1955=ORIENTED_EDGE('',*,*,#1495,.T.);
#1956=ORIENTED_EDGE('',*,*,#1494,.T.);
#1957=ORIENTED_EDGE('',*,*,#1496,.F.);
#1958=ORIENTED_EDGE('',*,*,#1497,.F.);
#1959=ORIENTED_EDGE('',*,*,#1498,.T.);
#1960=ORIENTED_EDGE('',*,*,#1497,.T.);
#1961=ORIENTED_EDGE('',*,*,#1499,.F.);
#1962=ORIENTED_EDGE('',*,*,#1500,.F.);
#1963=ORIENTED_EDGE('',*,*,#1501,.T.);
#1964=ORIENTED_EDGE('',*,*,#1500,.T.);
#1965=ORIENTED_EDGE('',*,*,#1502,.F.);
#1966=ORIENTED_EDGE('',*,*,#1503,.F.);
#1967=ORIENTED_EDGE('',*,*,#1504,.T.);
#1968=ORIENTED_EDGE('',*,*,#1503,.T.);
#1969=ORIENTED_EDGE('',*,*,#1505,.F.);
#1970=ORIENTED_EDGE('',*,*,#1506,.F.);
#1971=ORIENTED_EDGE('',*,*,#1507,.T.);
#1972=ORIENTED_EDGE('',*,*,#1506,.T.);
#1973=ORIENTED_EDGE('',*,*,#1508,.F.);
#1974=ORIENTED_EDGE('',*,*,#1509,.F.);
#1975=ORIENTED_EDGE('',*,*,#1510,.T.);
#1976=ORIENTED_EDGE('',*,*,#1509,.T.);
#1977=ORIENTED_EDGE('',*,*,#1511,.F.);
#1978=ORIENTED_EDGE('',*,*,#1512,.F.);
#1979=ORIENTED_EDGE('',*,*,#1513,.T.);
#1980=ORIENTED_EDGE('',*,*,#1512,.T.);
#1981=ORIENTED_EDGE('',*,*,#1514,.F.);
#1982=ORIENTED_EDGE('',*,*,#1515,.F.);
#1983=ORIENTED_EDGE('',*,*,#1516,.T.);
#1984=ORIENTED_EDGE('',*,*,#1515,.T.);
#1985=ORIENTED_EDGE('',*,*,#1517,.F.);
#1986=ORIENTED_EDGE('',*,*,#1465,.F.);
#1987=ORIENTED_EDGE('',*,*,#1518,.T.);
#1988=ORIENTED_EDGE('',*,*,#1519,.T.);
#1989=ORIENTED_EDGE('',*,*,#1520,.F.);
#1990=ORIENTED_EDGE('',*,*,#1521,.F.);
#1991=ORIENTED_EDGE('',*,*,#1522,.T.);
#1992=ORIENTED_EDGE('',*,*,#1521,.T.);
#1993=ORIENTED_EDGE('',*,*,#1523,.F.);
#1994=ORIENTED_EDGE('',*,*,#1524,.F.);
#1995=ORIENTED_EDGE('',*,*,#1525,.T.);
#1996=ORIENTED_EDGE('',*,*,#1524,.T.);
#1997=ORIENTED_EDGE('',*,*,#1526,.F.);
#1998=ORIENTED_EDGE('',*,*,#1527,.F.);
#1999=ORIENTED_EDGE('',*,*,#1528,.T.);
#2000=ORIENTED_EDGE('',*,*,#1527,.T.);
#2001=ORIENTED_EDGE('',*,*,#1529,.F.);
#2002=ORIENTED_EDGE('',*,*,#1519,.F.);
#2003=ORIENTED_EDGE('',*,*,#1530,.T.);
#2004=ORIENTED_EDGE('',*,*,#1531,.T.);
#2005=ORIENTED_EDGE('',*,*,#1532,.F.);
#2006=ORIENTED_EDGE('',*,*,#1533,.F.);
#2007=ORIENTED_EDGE('',*,*,#1534,.T.);
#2008=ORIENTED_EDGE('',*,*,#1533,.T.);
#2009=ORIENTED_EDGE('',*,*,#1535,.F.);
#2010=ORIENTED_EDGE('',*,*,#1536,.F.);
#2011=ORIENTED_EDGE('',*,*,#1537,.T.);
#2012=ORIENTED_EDGE('',*,*,#1536,.T.);
#2013=ORIENTED_EDGE('',*,*,#1538,.F.);
#2014=ORIENTED_EDGE('',*,*,#1539,.F.);
#2015=ORIENTED_EDGE('',*,*,#1540,.T.);
#2016=ORIENTED_EDGE('',*,*,#1539,.T.);
#2017=ORIENTED_EDGE('',*,*,#1541,.F.);
#2018=ORIENTED_EDGE('',*,*,#1542,.F.);
#2019=ORIENTED_EDGE('',*,*,#1543,.T.);
#2020=ORIENTED_EDGE('',*,*,#1542,.T.);
#2021=ORIENTED_EDGE('',*,*,#1544,.F.);
#2022=ORIENTED_EDGE('',*,*,#1545,.F.);
#2023=ORIENTED_EDGE('',*,*,#1546,.T.);
#2024=ORIENTED_EDGE('',*,*,#1545,.T.);
#2025=ORIENTED_EDGE('',*,*,#1547,.F.);
#2026=ORIENTED_EDGE('',*,*,#1548,.F.);
#2027=ORIENTED_EDGE('',*,*,#1549,.T.);
#2028=ORIENTED_EDGE('',*,*,#1548,.T.);
#2029=ORIENTED_EDGE('',*,*,#1550,.F.);
#2030=ORIENTED_EDGE('',*,*,#1551,.F.);
#2031=ORIENTED_EDGE('',*,*,#1552,.T.);
#2032=ORIENTED_EDGE('',*,*,#1551,.T.);
#2033=ORIENTED_EDGE('',*,*,#1553,.F.);
#2034=ORIENTED_EDGE('',*,*,#1554,.F.);
#2035=ORIENTED_EDGE('',*,*,#1555,.T.);
#2036=ORIENTED_EDGE('',*,*,#1554,.T.);
#2037=ORIENTED_EDGE('',*,*,#1556,.F.);
#2038=ORIENTED_EDGE('',*,*,#1557,.F.);
#2039=ORIENTED_EDGE('',*,*,#1558,.T.);
#2040=ORIENTED_EDGE('',*,*,#1557,.T.);
#2041=ORIENTED_EDGE('',*,*,#1559,.F.);
#2042=ORIENTED_EDGE('',*,*,#1560,.F.);
#2043=ORIENTED_EDGE('',*,*,#1561,.T.);
#2044=ORIENTED_EDGE('',*,*,#1560,.T.);
#2045=ORIENTED_EDGE('',*,*,#1562,.F.);
#2046=ORIENTED_EDGE('',*,*,#1563,.F.);
#2047=ORIENTED_EDGE('',*,*,#1564,.T.);
#2048=ORIENTED_EDGE('',*,*,#1563,.T.);
#2049=ORIENTED_EDGE('',*,*,#1565,.F.);
#2050=ORIENTED_EDGE('',*,*,#1566,.F.);
#2051=ORIENTED_EDGE('',*,*,#1567,.T.);
#2052=ORIENTED_EDGE('',*,*,#1566,.T.);
#2053=ORIENTED_EDGE('',*,*,#1568,.F.);
#2054=ORIENTED_EDGE('',*,*,#1569,.F.);
#2055=ORIENTED_EDGE('',*,*,#1570,.T.);
#2056=ORIENTED_EDGE('',*,*,#1569,.T.);
#2057=ORIENTED_EDGE('',*,*,#1571,.F.);
#2058=ORIENTED_EDGE('',*,*,#1572,.F.);
#2059=ORIENTED_EDGE('',*,*,#1573,.T.);
#2060=ORIENTED_EDGE('',*,*,#1572,.T.);
#2061=ORIENTED_EDGE('',*,*,#1574,.F.);
#2062=ORIENTED_EDGE('',*,*,#1575,.F.);
#2063=ORIENTED_EDGE('',*,*,#1576,.T.);
#2064=ORIENTED_EDGE('',*,*,#1575,.T.);
#2065=ORIENTED_EDGE('',*,*,#1577,.F.);
#2066=ORIENTED_EDGE('',*,*,#1531,.F.);
#2067=ORIENTED_EDGE('',*,*,#1578,.T.);
#2068=ORIENTED_EDGE('',*,*,#1579,.T.);
#2069=ORIENTED_EDGE('',*,*,#1580,.F.);
#2070=ORIENTED_EDGE('',*,*,#1579,.F.);
#2071=ORIENTED_EDGE('',*,*,#1581,.T.);
#2072=ORIENTED_EDGE('',*,*,#1582,.T.);
#2073=ORIENTED_EDGE('',*,*,#1583,.F.);
#2074=ORIENTED_EDGE('',*,*,#1582,.F.);
#2075=ORIENTED_EDGE('',*,*,#1584,.T.);
#2076=ORIENTED_EDGE('',*,*,#1585,.T.);
#2077=ORIENTED_EDGE('',*,*,#1586,.F.);
#2078=ORIENTED_EDGE('',*,*,#1587,.F.);
#2079=ORIENTED_EDGE('',*,*,#1588,.T.);
#2080=ORIENTED_EDGE('',*,*,#1587,.T.);
#2081=ORIENTED_EDGE('',*,*,#1589,.F.);
#2082=ORIENTED_EDGE('',*,*,#1585,.F.);
#2083=ORIENTED_EDGE('',*,*,#1590,.T.);
#2084=ORIENTED_EDGE('',*,*,#1591,.T.);
#2085=ORIENTED_EDGE('',*,*,#1592,.F.);
#2086=ORIENTED_EDGE('',*,*,#1593,.F.);
#2087=ORIENTED_EDGE('',*,*,#1594,.T.);
#2088=ORIENTED_EDGE('',*,*,#1593,.T.);
#2089=ORIENTED_EDGE('',*,*,#1595,.F.);
#2090=ORIENTED_EDGE('',*,*,#1591,.F.);
#2091=ORIENTED_EDGE('',*,*,#1596,.T.);
#2092=ORIENTED_EDGE('',*,*,#1597,.T.);
#2093=ORIENTED_EDGE('',*,*,#1598,.F.);
#2094=ORIENTED_EDGE('',*,*,#1597,.F.);
#2095=ORIENTED_EDGE('',*,*,#1599,.T.);
#2096=ORIENTED_EDGE('',*,*,#1600,.T.);
#2097=ORIENTED_EDGE('',*,*,#1601,.F.);
#2098=ORIENTED_EDGE('',*,*,#1600,.F.);
#2099=ORIENTED_EDGE('',*,*,#1602,.T.);
#2100=ORIENTED_EDGE('',*,*,#1603,.T.);
#2101=ORIENTED_EDGE('',*,*,#1604,.F.);
#2102=ORIENTED_EDGE('',*,*,#1603,.F.);
#2103=ORIENTED_EDGE('',*,*,#1605,.T.);
#2104=ORIENTED_EDGE('',*,*,#1606,.T.);
#2105=ORIENTED_EDGE('',*,*,#1607,.F.);
#2106=ORIENTED_EDGE('',*,*,#1606,.F.);
#2107=ORIENTED_EDGE('',*,*,#1608,.T.);
#2108=ORIENTED_EDGE('',*,*,#1609,.T.);
#2109=ORIENTED_EDGE('',*,*,#1610,.F.);
#2110=ORIENTED_EDGE('',*,*,#1609,.F.);
#2111=ORIENTED_EDGE('',*,*,#1611,.T.);
#2112=ORIENTED_EDGE('',*,*,#1612,.T.);
#2113=ORIENTED_EDGE('',*,*,#1613,.F.);
#2114=ORIENTED_EDGE('',*,*,#1612,.F.);
#2115=ORIENTED_EDGE('',*,*,#1614,.T.);
#2116=ORIENTED_EDGE('',*,*,#1615,.T.);
#2117=ORIENTED_EDGE('',*,*,#1616,.F.);
#2118=ORIENTED_EDGE('',*,*,#1615,.F.);
#2119=ORIENTED_EDGE('',*,*,#1617,.F.);
#2120=ORIENTED_EDGE('',*,*,#1618,.T.);
#2121=ORIENTED_EDGE('',*,*,#1619,.F.);
#2122=ORIENTED_EDGE('',*,*,#1620,.F.);
#2123=ORIENTED_EDGE('',*,*,#1621,.T.);
#2124=ORIENTED_EDGE('',*,*,#1620,.T.);
#2125=ORIENTED_EDGE('',*,*,#1622,.F.);
#2126=ORIENTED_EDGE('',*,*,#1623,.F.);
#2127=ORIENTED_EDGE('',*,*,#1624,.T.);
#2128=ORIENTED_EDGE('',*,*,#1623,.T.);
#2129=ORIENTED_EDGE('',*,*,#1625,.F.);
#2130=ORIENTED_EDGE('',*,*,#1626,.F.);
#2131=ORIENTED_EDGE('',*,*,#1627,.T.);
#2132=ORIENTED_EDGE('',*,*,#1626,.T.);
#2133=ORIENTED_EDGE('',*,*,#1628,.F.);
#2134=ORIENTED_EDGE('',*,*,#1629,.F.);
#2135=ORIENTED_EDGE('',*,*,#1630,.F.);
#2136=ORIENTED_EDGE('',*,*,#1629,.T.);
#2137=ORIENTED_EDGE('',*,*,#1631,.F.);
#2138=ORIENTED_EDGE('',*,*,#1632,.F.);
#2139=ORIENTED_EDGE('',*,*,#1633,.F.);
#2140=ORIENTED_EDGE('',*,*,#1632,.T.);
#2141=ORIENTED_EDGE('',*,*,#1634,.F.);
#2142=ORIENTED_EDGE('',*,*,#1635,.F.);
#2143=ORIENTED_EDGE('',*,*,#1636,.T.);
#2144=ORIENTED_EDGE('',*,*,#1635,.T.);
#2145=ORIENTED_EDGE('',*,*,#1637,.F.);
#2146=ORIENTED_EDGE('',*,*,#1638,.F.);
#2147=ORIENTED_EDGE('',*,*,#1639,.F.);
#2148=ORIENTED_EDGE('',*,*,#1638,.T.);
#2149=ORIENTED_EDGE('',*,*,#1640,.F.);
#2150=ORIENTED_EDGE('',*,*,#1641,.F.);
#2151=ORIENTED_EDGE('',*,*,#1642,.F.);
#2152=ORIENTED_EDGE('',*,*,#1641,.T.);
#2153=ORIENTED_EDGE('',*,*,#1643,.F.);
#2154=ORIENTED_EDGE('',*,*,#1644,.F.);
#2155=ORIENTED_EDGE('',*,*,#1645,.T.);
#2156=ORIENTED_EDGE('',*,*,#1644,.T.);
#2157=ORIENTED_EDGE('',*,*,#1646,.F.);
#2158=ORIENTED_EDGE('',*,*,#1647,.F.);
#2159=ORIENTED_EDGE('',*,*,#1648,.T.);
#2160=ORIENTED_EDGE('',*,*,#1647,.T.);
#2161=ORIENTED_EDGE('',*,*,#1649,.F.);
#2162=ORIENTED_EDGE('',*,*,#1650,.F.);
#2163=ORIENTED_EDGE('',*,*,#1651,.T.);
#2164=ORIENTED_EDGE('',*,*,#1650,.T.);
#2165=ORIENTED_EDGE('',*,*,#1652,.F.);
#2166=ORIENTED_EDGE('',*,*,#1653,.F.);
#2167=ORIENTED_EDGE('',*,*,#1654,.T.);
#2168=ORIENTED_EDGE('',*,*,#1653,.T.);
#2169=ORIENTED_EDGE('',*,*,#1655,.F.);
#2170=ORIENTED_EDGE('',*,*,#1656,.F.);
#2171=ORIENTED_EDGE('',*,*,#1657,.F.);
#2172=ORIENTED_EDGE('',*,*,#1656,.T.);
#2173=ORIENTED_EDGE('',*,*,#1658,.F.);
#2174=ORIENTED_EDGE('',*,*,#1659,.F.);
#2175=ORIENTED_EDGE('',*,*,#1660,.T.);
#2176=ORIENTED_EDGE('',*,*,#1659,.T.);
#2177=ORIENTED_EDGE('',*,*,#1661,.F.);
#2178=ORIENTED_EDGE('',*,*,#1662,.F.);
#2179=ORIENTED_EDGE('',*,*,#1663,.T.);
#2180=ORIENTED_EDGE('',*,*,#1662,.T.);
#2181=ORIENTED_EDGE('',*,*,#1664,.F.);
#2182=ORIENTED_EDGE('',*,*,#1665,.F.);
#2183=ORIENTED_EDGE('',*,*,#1666,.F.);
#2184=ORIENTED_EDGE('',*,*,#1665,.T.);
#2185=ORIENTED_EDGE('',*,*,#1667,.F.);
#2186=ORIENTED_EDGE('',*,*,#1668,.F.);
#2187=ORIENTED_EDGE('',*,*,#1669,.T.);
#2188=ORIENTED_EDGE('',*,*,#1668,.T.);
#2189=ORIENTED_EDGE('',*,*,#1670,.F.);
#2190=ORIENTED_EDGE('',*,*,#1671,.F.);
#2191=ORIENTED_EDGE('',*,*,#1672,.T.);
#2192=ORIENTED_EDGE('',*,*,#1671,.T.);
#2193=ORIENTED_EDGE('',*,*,#1673,.F.);
#2194=ORIENTED_EDGE('',*,*,#1674,.F.);
#2195=ORIENTED_EDGE('',*,*,#1675,.F.);
#2196=ORIENTED_EDGE('',*,*,#1674,.T.);
#2197=ORIENTED_EDGE('',*,*,#1676,.F.);
#2198=ORIENTED_EDGE('',*,*,#1677,.F.);
#2199=ORIENTED_EDGE('',*,*,#1678,.F.);
#2200=ORIENTED_EDGE('',*,*,#1677,.T.);
#2201=ORIENTED_EDGE('',*,*,#1679,.F.);
#2202=ORIENTED_EDGE('',*,*,#1680,.F.);
#2203=ORIENTED_EDGE('',*,*,#1681,.T.);
#2204=ORIENTED_EDGE('',*,*,#1680,.T.);
#2205=ORIENTED_EDGE('',*,*,#1682,.F.);
#2206=ORIENTED_EDGE('',*,*,#1683,.F.);
#2207=ORIENTED_EDGE('',*,*,#1684,.F.);
#2208=ORIENTED_EDGE('',*,*,#1683,.T.);
#2209=ORIENTED_EDGE('',*,*,#1685,.F.);
#2210=ORIENTED_EDGE('',*,*,#1686,.F.);
#2211=ORIENTED_EDGE('',*,*,#1687,.T.);
#2212=ORIENTED_EDGE('',*,*,#1686,.T.);
#2213=ORIENTED_EDGE('',*,*,#1688,.F.);
#2214=ORIENTED_EDGE('',*,*,#1689,.F.);
#2215=ORIENTED_EDGE('',*,*,#1690,.T.);
#2216=ORIENTED_EDGE('',*,*,#1689,.T.);
#2217=ORIENTED_EDGE('',*,*,#1691,.F.);
#2218=ORIENTED_EDGE('',*,*,#1692,.F.);
#2219=ORIENTED_EDGE('',*,*,#1693,.F.);
#2220=ORIENTED_EDGE('',*,*,#1692,.T.);
#2221=ORIENTED_EDGE('',*,*,#1694,.F.);
#2222=ORIENTED_EDGE('',*,*,#1695,.F.);
#2223=ORIENTED_EDGE('',*,*,#1696,.F.);
#2224=ORIENTED_EDGE('',*,*,#1695,.T.);
#2225=ORIENTED_EDGE('',*,*,#1697,.F.);
#2226=ORIENTED_EDGE('',*,*,#1698,.F.);
#2227=ORIENTED_EDGE('',*,*,#1699,.T.);
#2228=ORIENTED_EDGE('',*,*,#1698,.T.);
#2229=ORIENTED_EDGE('',*,*,#1700,.F.);
#2230=ORIENTED_EDGE('',*,*,#1701,.F.);
#2231=ORIENTED_EDGE('',*,*,#1702,.F.);
#2232=ORIENTED_EDGE('',*,*,#1701,.T.);
#2233=ORIENTED_EDGE('',*,*,#1703,.F.);
#2234=ORIENTED_EDGE('',*,*,#1704,.F.);
#2235=ORIENTED_EDGE('',*,*,#1705,.T.);
#2236=ORIENTED_EDGE('',*,*,#1704,.T.);
#2237=ORIENTED_EDGE('',*,*,#1706,.F.);
#2238=ORIENTED_EDGE('',*,*,#1707,.F.);
#2239=ORIENTED_EDGE('',*,*,#1708,.T.);
#2240=ORIENTED_EDGE('',*,*,#1707,.T.);
#2241=ORIENTED_EDGE('',*,*,#1709,.F.);
#2242=ORIENTED_EDGE('',*,*,#1710,.F.);
#2243=ORIENTED_EDGE('',*,*,#1711,.F.);
#2244=ORIENTED_EDGE('',*,*,#1710,.T.);
#2245=ORIENTED_EDGE('',*,*,#1712,.F.);
#2246=ORIENTED_EDGE('',*,*,#1713,.F.);
#2247=ORIENTED_EDGE('',*,*,#1714,.T.);
#2248=ORIENTED_EDGE('',*,*,#1713,.T.);
#2249=ORIENTED_EDGE('',*,*,#1715,.F.);
#2250=ORIENTED_EDGE('',*,*,#1716,.F.);
#2251=ORIENTED_EDGE('',*,*,#1717,.F.);
#2252=ORIENTED_EDGE('',*,*,#1716,.T.);
#2253=ORIENTED_EDGE('',*,*,#1718,.F.);
#2254=ORIENTED_EDGE('',*,*,#1719,.F.);
#2255=ORIENTED_EDGE('',*,*,#1720,.T.);
#2256=ORIENTED_EDGE('',*,*,#1719,.T.);
#2257=ORIENTED_EDGE('',*,*,#1721,.F.);
#2258=ORIENTED_EDGE('',*,*,#1722,.F.);
#2259=ORIENTED_EDGE('',*,*,#1723,.T.);
#2260=ORIENTED_EDGE('',*,*,#1722,.T.);
#2261=ORIENTED_EDGE('',*,*,#1724,.F.);
#2262=ORIENTED_EDGE('',*,*,#1725,.F.);
#2263=ORIENTED_EDGE('',*,*,#1726,.T.);
#2264=ORIENTED_EDGE('',*,*,#1725,.T.);
#2265=ORIENTED_EDGE('',*,*,#1727,.F.);
#2266=ORIENTED_EDGE('',*,*,#1728,.F.);
#2267=ORIENTED_EDGE('',*,*,#1729,.F.);
#2268=ORIENTED_EDGE('',*,*,#1728,.T.);
#2269=ORIENTED_EDGE('',*,*,#1730,.F.);
#2270=ORIENTED_EDGE('',*,*,#1731,.F.);
#2271=ORIENTED_EDGE('',*,*,#1732,.T.);
#2272=ORIENTED_EDGE('',*,*,#1731,.T.);
#2273=ORIENTED_EDGE('',*,*,#1733,.F.);
#2274=ORIENTED_EDGE('',*,*,#1734,.F.);
#2275=ORIENTED_EDGE('',*,*,#1735,.F.);
#2276=ORIENTED_EDGE('',*,*,#1734,.T.);
#2277=ORIENTED_EDGE('',*,*,#1736,.F.);
#2278=ORIENTED_EDGE('',*,*,#1737,.F.);
#2279=ORIENTED_EDGE('',*,*,#1738,.T.);
#2280=ORIENTED_EDGE('',*,*,#1737,.T.);
#2281=ORIENTED_EDGE('',*,*,#1739,.F.);
#2282=ORIENTED_EDGE('',*,*,#1740,.F.);
#2283=ORIENTED_EDGE('',*,*,#1741,.T.);
#2284=ORIENTED_EDGE('',*,*,#1740,.T.);
#2285=ORIENTED_EDGE('',*,*,#1742,.F.);
#2286=ORIENTED_EDGE('',*,*,#1743,.F.);
#2287=ORIENTED_EDGE('',*,*,#1744,.F.);
#2288=ORIENTED_EDGE('',*,*,#1743,.T.);
#2289=ORIENTED_EDGE('',*,*,#1745,.F.);
#2290=ORIENTED_EDGE('',*,*,#1746,.F.);
#2291=ORIENTED_EDGE('',*,*,#1747,.F.);
#2292=ORIENTED_EDGE('',*,*,#1746,.T.);
#2293=ORIENTED_EDGE('',*,*,#1748,.F.);
#2294=ORIENTED_EDGE('',*,*,#1749,.F.);
#2295=ORIENTED_EDGE('',*,*,#1750,.T.);
#2296=ORIENTED_EDGE('',*,*,#1749,.T.);
#2297=ORIENTED_EDGE('',*,*,#1751,.F.);
#2298=ORIENTED_EDGE('',*,*,#1752,.F.);
#2299=ORIENTED_EDGE('',*,*,#1753,.F.);
#2300=ORIENTED_EDGE('',*,*,#1752,.T.);
#2301=ORIENTED_EDGE('',*,*,#1754,.F.);
#2302=ORIENTED_EDGE('',*,*,#1755,.F.);
#2303=ORIENTED_EDGE('',*,*,#1756,.T.);
#2304=ORIENTED_EDGE('',*,*,#1755,.T.);
#2305=ORIENTED_EDGE('',*,*,#1757,.F.);
#2306=ORIENTED_EDGE('',*,*,#1758,.F.);
#2307=ORIENTED_EDGE('',*,*,#1759,.F.);
#2308=ORIENTED_EDGE('',*,*,#1758,.T.);
#2309=ORIENTED_EDGE('',*,*,#1760,.F.);
#2310=ORIENTED_EDGE('',*,*,#1761,.F.);
#2311=ORIENTED_EDGE('',*,*,#1762,.T.);
#2312=ORIENTED_EDGE('',*,*,#1761,.T.);
#2313=ORIENTED_EDGE('',*,*,#1763,.F.);
#2314=ORIENTED_EDGE('',*,*,#1764,.F.);
#2315=ORIENTED_EDGE('',*,*,#1765,.T.);
#2316=ORIENTED_EDGE('',*,*,#1764,.T.);
#2317=ORIENTED_EDGE('',*,*,#1766,.F.);
#2318=ORIENTED_EDGE('',*,*,#1767,.F.);
#2319=ORIENTED_EDGE('',*,*,#1768,.F.);
#2320=ORIENTED_EDGE('',*,*,#1767,.T.);
#2321=ORIENTED_EDGE('',*,*,#1769,.F.);
#2322=ORIENTED_EDGE('',*,*,#1770,.F.);
#2323=ORIENTED_EDGE('',*,*,#1771,.F.);
#2324=ORIENTED_EDGE('',*,*,#1770,.T.);
#2325=ORIENTED_EDGE('',*,*,#1772,.F.);
#2326=ORIENTED_EDGE('',*,*,#1773,.F.);
#2327=ORIENTED_EDGE('',*,*,#1774,.F.);
#2328=ORIENTED_EDGE('',*,*,#1773,.T.);
#2329=ORIENTED_EDGE('',*,*,#1775,.F.);
#2330=ORIENTED_EDGE('',*,*,#1776,.F.);
#2331=ORIENTED_EDGE('',*,*,#1777,.F.);
#2332=ORIENTED_EDGE('',*,*,#1776,.T.);
#2333=ORIENTED_EDGE('',*,*,#1778,.F.);
#2334=ORIENTED_EDGE('',*,*,#1779,.F.);
#2335=ORIENTED_EDGE('',*,*,#1780,.F.);
#2336=ORIENTED_EDGE('',*,*,#1779,.T.);
#2337=ORIENTED_EDGE('',*,*,#1781,.F.);
#2338=ORIENTED_EDGE('',*,*,#1782,.F.);
#2339=ORIENTED_EDGE('',*,*,#1783,.T.);
#2340=ORIENTED_EDGE('',*,*,#1782,.T.);
#2341=ORIENTED_EDGE('',*,*,#1784,.F.);
#2342=ORIENTED_EDGE('',*,*,#1785,.F.);
#2343=ORIENTED_EDGE('',*,*,#1786,.T.);
#2344=ORIENTED_EDGE('',*,*,#1785,.T.);
#2345=ORIENTED_EDGE('',*,*,#1787,.F.);
#2346=ORIENTED_EDGE('',*,*,#1788,.F.);
#2347=ORIENTED_EDGE('',*,*,#1789,.T.);
#2348=ORIENTED_EDGE('',*,*,#1788,.T.);
#2349=ORIENTED_EDGE('',*,*,#1790,.F.);
#2350=ORIENTED_EDGE('',*,*,#1791,.F.);
#2351=ORIENTED_EDGE('',*,*,#1792,.T.);
#2352=ORIENTED_EDGE('',*,*,#1791,.T.);
#2353=ORIENTED_EDGE('',*,*,#1793,.F.);
#2354=ORIENTED_EDGE('',*,*,#1794,.F.);
#2355=ORIENTED_EDGE('',*,*,#1795,.F.);
#2356=ORIENTED_EDGE('',*,*,#1794,.T.);
#2357=ORIENTED_EDGE('',*,*,#1796,.F.);
#2358=ORIENTED_EDGE('',*,*,#1797,.F.);
#2359=ORIENTED_EDGE('',*,*,#1798,.F.);
#2360=ORIENTED_EDGE('',*,*,#1797,.T.);
#2361=ORIENTED_EDGE('',*,*,#1799,.F.);
#2362=ORIENTED_EDGE('',*,*,#1800,.F.);
#2363=ORIENTED_EDGE('',*,*,#1801,.T.);
#2364=ORIENTED_EDGE('',*,*,#1800,.T.);
#2365=ORIENTED_EDGE('',*,*,#1802,.F.);
#2366=ORIENTED_EDGE('',*,*,#1803,.F.);
#2367=ORIENTED_EDGE('',*,*,#1804,.T.);
#2368=ORIENTED_EDGE('',*,*,#1803,.T.);
#2369=ORIENTED_EDGE('',*,*,#1805,.F.);
#2370=ORIENTED_EDGE('',*,*,#1806,.F.);
#2371=ORIENTED_EDGE('',*,*,#1807,.T.);
#2372=ORIENTED_EDGE('',*,*,#1806,.T.);
#2373=ORIENTED_EDGE('',*,*,#1808,.F.);
#2374=ORIENTED_EDGE('',*,*,#1809,.F.);
#2375=ORIENTED_EDGE('',*,*,#1810,.T.);
#2376=ORIENTED_EDGE('',*,*,#1809,.T.);
#2377=ORIENTED_EDGE('',*,*,#1811,.F.);
#2378=ORIENTED_EDGE('',*,*,#1812,.F.);
#2379=ORIENTED_EDGE('',*,*,#1813,.F.);
#2380=ORIENTED_EDGE('',*,*,#1812,.T.);
#2381=ORIENTED_EDGE('',*,*,#1814,.F.);
#2382=ORIENTED_EDGE('',*,*,#1815,.F.);
#2383=ORIENTED_EDGE('',*,*,#1816,.F.);
#2384=ORIENTED_EDGE('',*,*,#1815,.T.);
#2385=ORIENTED_EDGE('',*,*,#1817,.F.);
#2386=ORIENTED_EDGE('',*,*,#1818,.F.);
#2387=ORIENTED_EDGE('',*,*,#1819,.T.);
#2388=ORIENTED_EDGE('',*,*,#1818,.T.);
#2389=ORIENTED_EDGE('',*,*,#1820,.F.);
#2390=ORIENTED_EDGE('',*,*,#1821,.F.);
#2391=ORIENTED_EDGE('',*,*,#1822,.T.);
#2392=ORIENTED_EDGE('',*,*,#1821,.T.);
#2393=ORIENTED_EDGE('',*,*,#1823,.F.);
#2394=ORIENTED_EDGE('',*,*,#1824,.F.);
#2395=ORIENTED_EDGE('',*,*,#1825,.T.);
#2396=ORIENTED_EDGE('',*,*,#1824,.T.);
#2397=ORIENTED_EDGE('',*,*,#1826,.F.);
#2398=ORIENTED_EDGE('',*,*,#1827,.F.);
#2399=ORIENTED_EDGE('',*,*,#1828,.F.);
#2400=ORIENTED_EDGE('',*,*,#1827,.T.);
#2401=ORIENTED_EDGE('',*,*,#1829,.F.);
#2402=ORIENTED_EDGE('',*,*,#1830,.F.);
#2403=ORIENTED_EDGE('',*,*,#1831,.F.);
#2404=ORIENTED_EDGE('',*,*,#1830,.T.);
#2405=ORIENTED_EDGE('',*,*,#1832,.F.);
#2406=ORIENTED_EDGE('',*,*,#1833,.F.);
#2407=ORIENTED_EDGE('',*,*,#1834,.F.);
#2408=ORIENTED_EDGE('',*,*,#1833,.T.);
#2409=ORIENTED_EDGE('',*,*,#1835,.F.);
#2410=ORIENTED_EDGE('',*,*,#1836,.F.);
#2411=ORIENTED_EDGE('',*,*,#1837,.T.);
#2412=ORIENTED_EDGE('',*,*,#1836,.T.);
#2413=ORIENTED_EDGE('',*,*,#1838,.F.);
#2414=ORIENTED_EDGE('',*,*,#1839,.F.);
#2415=ORIENTED_EDGE('',*,*,#1840,.F.);
#2416=ORIENTED_EDGE('',*,*,#1839,.T.);
#2417=ORIENTED_EDGE('',*,*,#1841,.F.);
#2418=ORIENTED_EDGE('',*,*,#1842,.F.);
#2419=ORIENTED_EDGE('',*,*,#1843,.T.);
#2420=ORIENTED_EDGE('',*,*,#1842,.T.);
#2421=ORIENTED_EDGE('',*,*,#1844,.F.);
#2422=ORIENTED_EDGE('',*,*,#1845,.F.);
#2423=ORIENTED_EDGE('',*,*,#1846,.T.);
#2424=ORIENTED_EDGE('',*,*,#1845,.T.);
#2425=ORIENTED_EDGE('',*,*,#1847,.F.);
#2426=ORIENTED_EDGE('',*,*,#1848,.F.);
#2427=ORIENTED_EDGE('',*,*,#1849,.F.);
#2428=ORIENTED_EDGE('',*,*,#1848,.T.);
#2429=ORIENTED_EDGE('',*,*,#1850,.F.);
#2430=ORIENTED_EDGE('',*,*,#1851,.F.);
#2431=ORIENTED_EDGE('',*,*,#1852,.F.);
#2432=ORIENTED_EDGE('',*,*,#1851,.T.);
#2433=ORIENTED_EDGE('',*,*,#1853,.F.);
#2434=ORIENTED_EDGE('',*,*,#1854,.F.);
#2435=ORIENTED_EDGE('',*,*,#1855,.F.);
#2436=ORIENTED_EDGE('',*,*,#1854,.T.);
#2437=ORIENTED_EDGE('',*,*,#1856,.F.);
#2438=ORIENTED_EDGE('',*,*,#1857,.F.);
#2439=ORIENTED_EDGE('',*,*,#1858,.T.);
#2440=ORIENTED_EDGE('',*,*,#1857,.T.);
#2441=ORIENTED_EDGE('',*,*,#1859,.F.);
#2442=ORIENTED_EDGE('',*,*,#1860,.F.);
#2443=ORIENTED_EDGE('',*,*,#1861,.T.);
#2444=ORIENTED_EDGE('',*,*,#1860,.T.);
#2445=ORIENTED_EDGE('',*,*,#1862,.F.);
#2446=ORIENTED_EDGE('',*,*,#1863,.F.);
#2447=ORIENTED_EDGE('',*,*,#1864,.T.);
#2448=ORIENTED_EDGE('',*,*,#1863,.T.);
#2449=ORIENTED_EDGE('',*,*,#1865,.F.);
#2450=ORIENTED_EDGE('',*,*,#1866,.F.);
#2451=ORIENTED_EDGE('',*,*,#1867,.T.);
#2452=ORIENTED_EDGE('',*,*,#1866,.T.);
#2453=ORIENTED_EDGE('',*,*,#1868,.F.);
#2454=ORIENTED_EDGE('',*,*,#1869,.F.);
#2455=ORIENTED_EDGE('',*,*,#1870,.F.);
#2456=ORIENTED_EDGE('',*,*,#1869,.T.);
#2457=ORIENTED_EDGE('',*,*,#1871,.F.);
#2458=ORIENTED_EDGE('',*,*,#1872,.F.);
#2459=ORIENTED_EDGE('',*,*,#1873,.F.);
#2460=ORIENTED_EDGE('',*,*,#1872,.T.);
#2461=ORIENTED_EDGE('',*,*,#1874,.F.);
#2462=ORIENTED_EDGE('',*,*,#1875,.F.);
#2463=ORIENTED_EDGE('',*,*,#1876,.T.);
#2464=ORIENTED_EDGE('',*,*,#1875,.T.);
#2465=ORIENTED_EDGE('',*,*,#1877,.F.);
#2466=ORIENTED_EDGE('',*,*,#1878,.F.);
#2467=ORIENTED_EDGE('',*,*,#1879,.F.);
#2468=ORIENTED_EDGE('',*,*,#1878,.T.);
#2469=ORIENTED_EDGE('',*,*,#1880,.F.);
#2470=ORIENTED_EDGE('',*,*,#1881,.F.);
#2471=ORIENTED_EDGE('',*,*,#1882,.T.);
#2472=ORIENTED_EDGE('',*,*,#1881,.T.);
#2473=ORIENTED_EDGE('',*,*,#1883,.F.);
#2474=ORIENTED_EDGE('',*,*,#1884,.F.);
#2475=ORIENTED_EDGE('',*,*,#1885,.T.);
#2476=ORIENTED_EDGE('',*,*,#1884,.T.);
#2477=ORIENTED_EDGE('',*,*,#1886,.F.);
#2478=ORIENTED_EDGE('',*,*,#1887,.F.);
#2479=ORIENTED_EDGE('',*,*,#1888,.T.);
#2480=ORIENTED_EDGE('',*,*,#1887,.T.);
#2481=ORIENTED_EDGE('',*,*,#1889,.F.);
#2482=ORIENTED_EDGE('',*,*,#1890,.F.);
#2483=ORIENTED_EDGE('',*,*,#1891,.F.);
#2484=ORIENTED_EDGE('',*,*,#1890,.T.);
#2485=ORIENTED_EDGE('',*,*,#1892,.F.);
#2486=ORIENTED_EDGE('',*,*,#1893,.F.);
#2487=ORIENTED_EDGE('',*,*,#1894,.T.);
#2488=ORIENTED_EDGE('',*,*,#1893,.T.);
#2489=ORIENTED_EDGE('',*,*,#1895,.F.);
#2490=ORIENTED_EDGE('',*,*,#1896,.F.);
#2491=ORIENTED_EDGE('',*,*,#1897,.F.);
#2492=ORIENTED_EDGE('',*,*,#1896,.T.);
#2493=ORIENTED_EDGE('',*,*,#1898,.F.);
#2494=ORIENTED_EDGE('',*,*,#1899,.F.);
#2495=ORIENTED_EDGE('',*,*,#1900,.T.);
#2496=ORIENTED_EDGE('',*,*,#1899,.T.);
#2497=ORIENTED_EDGE('',*,*,#1901,.F.);
#2498=ORIENTED_EDGE('',*,*,#1902,.F.);
#2499=ORIENTED_EDGE('',*,*,#1903,.T.);
#2500=ORIENTED_EDGE('',*,*,#1902,.T.);
#2501=ORIENTED_EDGE('',*,*,#1904,.F.);
#2502=ORIENTED_EDGE('',*,*,#1905,.F.);
#2503=ORIENTED_EDGE('',*,*,#1906,.T.);
#2504=ORIENTED_EDGE('',*,*,#1905,.T.);
#2505=ORIENTED_EDGE('',*,*,#1907,.F.);
#2506=ORIENTED_EDGE('',*,*,#1908,.F.);
#2507=ORIENTED_EDGE('',*,*,#1909,.T.);
#2508=ORIENTED_EDGE('',*,*,#1908,.T.);
#2509=ORIENTED_EDGE('',*,*,#1910,.F.);
#2510=ORIENTED_EDGE('',*,*,#1618,.F.);
#2511=ORIENTED_EDGE('',*,*,#1910,.T.);
#2512=ORIENTED_EDGE('',*,*,#1907,.T.);
#2513=ORIENTED_EDGE('',*,*,#1904,.T.);
#2514=ORIENTED_EDGE('',*,*,#1901,.T.);
#2515=ORIENTED_EDGE('',*,*,#1898,.T.);
#2516=ORIENTED_EDGE('',*,*,#1895,.T.);
#2517=ORIENTED_EDGE('',*,*,#1892,.T.);
#2518=ORIENTED_EDGE('',*,*,#1889,.T.);
#2519=ORIENTED_EDGE('',*,*,#1886,.T.);
#2520=ORIENTED_EDGE('',*,*,#1883,.T.);
#2521=ORIENTED_EDGE('',*,*,#1880,.T.);
#2522=ORIENTED_EDGE('',*,*,#1877,.T.);
#2523=ORIENTED_EDGE('',*,*,#1874,.T.);
#2524=ORIENTED_EDGE('',*,*,#1871,.T.);
#2525=ORIENTED_EDGE('',*,*,#1868,.T.);
#2526=ORIENTED_EDGE('',*,*,#1865,.T.);
#2527=ORIENTED_EDGE('',*,*,#1862,.T.);
#2528=ORIENTED_EDGE('',*,*,#1859,.T.);
#2529=ORIENTED_EDGE('',*,*,#1856,.T.);
#2530=ORIENTED_EDGE('',*,*,#1853,.T.);
#2531=ORIENTED_EDGE('',*,*,#1850,.T.);
#2532=ORIENTED_EDGE('',*,*,#1847,.T.);
#2533=ORIENTED_EDGE('',*,*,#1844,.T.);
#2534=ORIENTED_EDGE('',*,*,#1841,.T.);
#2535=ORIENTED_EDGE('',*,*,#1838,.T.);
#2536=ORIENTED_EDGE('',*,*,#1835,.T.);
#2537=ORIENTED_EDGE('',*,*,#1832,.T.);
#2538=ORIENTED_EDGE('',*,*,#1829,.T.);
#2539=ORIENTED_EDGE('',*,*,#1826,.T.);
#2540=ORIENTED_EDGE('',*,*,#1823,.T.);
#2541=ORIENTED_EDGE('',*,*,#1820,.T.);
#2542=ORIENTED_EDGE('',*,*,#1817,.T.);
#2543=ORIENTED_EDGE('',*,*,#1814,.T.);
#2544=ORIENTED_EDGE('',*,*,#1811,.T.);
#2545=ORIENTED_EDGE('',*,*,#1808,.T.);
#2546=ORIENTED_EDGE('',*,*,#1805,.T.);
#2547=ORIENTED_EDGE('',*,*,#1802,.T.);
#2548=ORIENTED_EDGE('',*,*,#1799,.T.);
#2549=ORIENTED_EDGE('',*,*,#1796,.T.);
#2550=ORIENTED_EDGE('',*,*,#1793,.T.);
#2551=ORIENTED_EDGE('',*,*,#1790,.T.);
#2552=ORIENTED_EDGE('',*,*,#1787,.T.);
#2553=ORIENTED_EDGE('',*,*,#1784,.T.);
#2554=ORIENTED_EDGE('',*,*,#1781,.T.);
#2555=ORIENTED_EDGE('',*,*,#1778,.T.);
#2556=ORIENTED_EDGE('',*,*,#1775,.T.);
#2557=ORIENTED_EDGE('',*,*,#1772,.T.);
#2558=ORIENTED_EDGE('',*,*,#1769,.T.);
#2559=ORIENTED_EDGE('',*,*,#1766,.T.);
#2560=ORIENTED_EDGE('',*,*,#1763,.T.);
#2561=ORIENTED_EDGE('',*,*,#1760,.T.);
#2562=ORIENTED_EDGE('',*,*,#1757,.T.);
#2563=ORIENTED_EDGE('',*,*,#1754,.T.);
#2564=ORIENTED_EDGE('',*,*,#1751,.T.);
#2565=ORIENTED_EDGE('',*,*,#1748,.T.);
#2566=ORIENTED_EDGE('',*,*,#1745,.T.);
#2567=ORIENTED_EDGE('',*,*,#1742,.T.);
#2568=ORIENTED_EDGE('',*,*,#1739,.T.);
#2569=ORIENTED_EDGE('',*,*,#1736,.T.);
#2570=ORIENTED_EDGE('',*,*,#1733,.T.);
#2571=ORIENTED_EDGE('',*,*,#1730,.T.);
#2572=ORIENTED_EDGE('',*,*,#1727,.T.);
#2573=ORIENTED_EDGE('',*,*,#1724,.T.);
#2574=ORIENTED_EDGE('',*,*,#1721,.T.);
#2575=ORIENTED_EDGE('',*,*,#1718,.T.);
#2576=ORIENTED_EDGE('',*,*,#1715,.T.);
#2577=ORIENTED_EDGE('',*,*,#1712,.T.);
#2578=ORIENTED_EDGE('',*,*,#1709,.T.);
#2579=ORIENTED_EDGE('',*,*,#1706,.T.);
#2580=ORIENTED_EDGE('',*,*,#1703,.T.);
#2581=ORIENTED_EDGE('',*,*,#1700,.T.);
#2582=ORIENTED_EDGE('',*,*,#1697,.T.);
#2583=ORIENTED_EDGE('',*,*,#1694,.T.);
#2584=ORIENTED_EDGE('',*,*,#1691,.T.);
#2585=ORIENTED_EDGE('',*,*,#1688,.T.);
#2586=ORIENTED_EDGE('',*,*,#1685,.T.);
#2587=ORIENTED_EDGE('',*,*,#1682,.T.);
#2588=ORIENTED_EDGE('',*,*,#1679,.T.);
#2589=ORIENTED_EDGE('',*,*,#1676,.T.);
#2590=ORIENTED_EDGE('',*,*,#1673,.T.);
#2591=ORIENTED_EDGE('',*,*,#1670,.T.);
#2592=ORIENTED_EDGE('',*,*,#1667,.T.);
#2593=ORIENTED_EDGE('',*,*,#1664,.T.);
#2594=ORIENTED_EDGE('',*,*,#1661,.T.);
#2595=ORIENTED_EDGE('',*,*,#1658,.T.);
#2596=ORIENTED_EDGE('',*,*,#1655,.T.);
#2597=ORIENTED_EDGE('',*,*,#1652,.T.);
#2598=ORIENTED_EDGE('',*,*,#1649,.T.);
#2599=ORIENTED_EDGE('',*,*,#1646,.T.);
#2600=ORIENTED_EDGE('',*,*,#1643,.T.);
#2601=ORIENTED_EDGE('',*,*,#1640,.T.);
#2602=ORIENTED_EDGE('',*,*,#1637,.T.);
#2603=ORIENTED_EDGE('',*,*,#1634,.T.);
#2604=ORIENTED_EDGE('',*,*,#1631,.T.);
#2605=ORIENTED_EDGE('',*,*,#1628,.T.);
#2606=ORIENTED_EDGE('',*,*,#1625,.T.);
#2607=ORIENTED_EDGE('',*,*,#1622,.T.);
#2608=ORIENTED_EDGE('',*,*,#1619,.T.);
#2609=ORIENTED_EDGE('',*,*,#1616,.T.);
#2610=ORIENTED_EDGE('',*,*,#1613,.T.);
#2611=ORIENTED_EDGE('',*,*,#1610,.T.);
#2612=ORIENTED_EDGE('',*,*,#1607,.T.);
#2613=ORIENTED_EDGE('',*,*,#1604,.T.);
#2614=ORIENTED_EDGE('',*,*,#1601,.T.);
#2615=ORIENTED_EDGE('',*,*,#1598,.T.);
#2616=ORIENTED_EDGE('',*,*,#1595,.T.);
#2617=ORIENTED_EDGE('',*,*,#1592,.T.);
#2618=ORIENTED_EDGE('',*,*,#1589,.T.);
#2619=ORIENTED_EDGE('',*,*,#1586,.T.);
#2620=ORIENTED_EDGE('',*,*,#1583,.T.);
#2621=ORIENTED_EDGE('',*,*,#1580,.T.);
#2622=ORIENTED_EDGE('',*,*,#1577,.T.);
#2623=ORIENTED_EDGE('',*,*,#1574,.T.);
#2624=ORIENTED_EDGE('',*,*,#1571,.T.);
#2625=ORIENTED_EDGE('',*,*,#1568,.T.);
#2626=ORIENTED_EDGE('',*,*,#1565,.T.);
#2627=ORIENTED_EDGE('',*,*,#1562,.T.);
#2628=ORIENTED_EDGE('',*,*,#1559,.T.);
#2629=ORIENTED_EDGE('',*,*,#1556,.T.);
#2630=ORIENTED_EDGE('',*,*,#1553,.T.);
#2631=ORIENTED_EDGE('',*,*,#1550,.T.);
#2632=ORIENTED_EDGE('',*,*,#1547,.T.);
#2633=ORIENTED_EDGE('',*,*,#1544,.T.);
#2634=ORIENTED_EDGE('',*,*,#1541,.T.);
#2635=ORIENTED_EDGE('',*,*,#1538,.T.);
#2636=ORIENTED_EDGE('',*,*,#1535,.T.);
#2637=ORIENTED_EDGE('',*,*,#1532,.T.);
#2638=ORIENTED_EDGE('',*,*,#1529,.T.);
#2639=ORIENTED_EDGE('',*,*,#1526,.T.);
#2640=ORIENTED_EDGE('',*,*,#1523,.T.);
#2641=ORIENTED_EDGE('',*,*,#1520,.T.);
#2642=ORIENTED_EDGE('',*,*,#1517,.T.);
#2643=ORIENTED_EDGE('',*,*,#1514,.T.);
#2644=ORIENTED_EDGE('',*,*,#1511,.T.);
#2645=ORIENTED_EDGE('',*,*,#1508,.T.);
#2646=ORIENTED_EDGE('',*,*,#1505,.T.);
#2647=ORIENTED_EDGE('',*,*,#1502,.T.);
#2648=ORIENTED_EDGE('',*,*,#1499,.T.);
#2649=ORIENTED_EDGE('',*,*,#1496,.T.);
#2650=ORIENTED_EDGE('',*,*,#1493,.T.);
#2651=ORIENTED_EDGE('',*,*,#1490,.T.);
#2652=ORIENTED_EDGE('',*,*,#1487,.T.);
#2653=ORIENTED_EDGE('',*,*,#1484,.T.);
#2654=ORIENTED_EDGE('',*,*,#1481,.T.);
#2655=ORIENTED_EDGE('',*,*,#1478,.T.);
#2656=ORIENTED_EDGE('',*,*,#1475,.T.);
#2657=ORIENTED_EDGE('',*,*,#1472,.T.);
#2658=ORIENTED_EDGE('',*,*,#1469,.T.);
#2659=ORIENTED_EDGE('',*,*,#1466,.T.);
#2660=ORIENTED_EDGE('',*,*,#1463,.T.);
#2661=ORIENTED_EDGE('',*,*,#1909,.F.);
#2662=ORIENTED_EDGE('',*,*,#1617,.T.);
#2663=ORIENTED_EDGE('',*,*,#1621,.F.);
#2664=ORIENTED_EDGE('',*,*,#1624,.F.);
#2665=ORIENTED_EDGE('',*,*,#1627,.F.);
#2666=ORIENTED_EDGE('',*,*,#1630,.T.);
#2667=ORIENTED_EDGE('',*,*,#1633,.T.);
#2668=ORIENTED_EDGE('',*,*,#1636,.F.);
#2669=ORIENTED_EDGE('',*,*,#1639,.T.);
#2670=ORIENTED_EDGE('',*,*,#1642,.T.);
#2671=ORIENTED_EDGE('',*,*,#1645,.F.);
#2672=ORIENTED_EDGE('',*,*,#1648,.F.);
#2673=ORIENTED_EDGE('',*,*,#1651,.F.);
#2674=ORIENTED_EDGE('',*,*,#1654,.F.);
#2675=ORIENTED_EDGE('',*,*,#1657,.T.);
#2676=ORIENTED_EDGE('',*,*,#1660,.F.);
#2677=ORIENTED_EDGE('',*,*,#1663,.F.);
#2678=ORIENTED_EDGE('',*,*,#1666,.T.);
#2679=ORIENTED_EDGE('',*,*,#1669,.F.);
#2680=ORIENTED_EDGE('',*,*,#1672,.F.);
#2681=ORIENTED_EDGE('',*,*,#1675,.T.);
#2682=ORIENTED_EDGE('',*,*,#1678,.T.);
#2683=ORIENTED_EDGE('',*,*,#1681,.F.);
#2684=ORIENTED_EDGE('',*,*,#1684,.T.);
#2685=ORIENTED_EDGE('',*,*,#1687,.F.);
#2686=ORIENTED_EDGE('',*,*,#1690,.F.);
#2687=ORIENTED_EDGE('',*,*,#1693,.T.);
#2688=ORIENTED_EDGE('',*,*,#1696,.T.);
#2689=ORIENTED_EDGE('',*,*,#1699,.F.);
#2690=ORIENTED_EDGE('',*,*,#1702,.T.);
#2691=ORIENTED_EDGE('',*,*,#1705,.F.);
#2692=ORIENTED_EDGE('',*,*,#1708,.F.);
#2693=ORIENTED_EDGE('',*,*,#1711,.T.);
#2694=ORIENTED_EDGE('',*,*,#1714,.F.);
#2695=ORIENTED_EDGE('',*,*,#1717,.T.);
#2696=ORIENTED_EDGE('',*,*,#1720,.F.);
#2697=ORIENTED_EDGE('',*,*,#1723,.F.);
#2698=ORIENTED_EDGE('',*,*,#1726,.F.);
#2699=ORIENTED_EDGE('',*,*,#1729,.T.);
#2700=ORIENTED_EDGE('',*,*,#1732,.F.);
#2701=ORIENTED_EDGE('',*,*,#1735,.T.);
#2702=ORIENTED_EDGE('',*,*,#1738,.F.);
#2703=ORIENTED_EDGE('',*,*,#1741,.F.);
#2704=ORIENTED_EDGE('',*,*,#1744,.T.);
#2705=ORIENTED_EDGE('',*,*,#1747,.T.);
#2706=ORIENTED_EDGE('',*,*,#1750,.F.);
#2707=ORIENTED_EDGE('',*,*,#1753,.T.);
#2708=ORIENTED_EDGE('',*,*,#1756,.F.);
#2709=ORIENTED_EDGE('',*,*,#1759,.T.);
#2710=ORIENTED_EDGE('',*,*,#1762,.F.);
#2711=ORIENTED_EDGE('',*,*,#1765,.F.);
#2712=ORIENTED_EDGE('',*,*,#1768,.T.);
#2713=ORIENTED_EDGE('',*,*,#1771,.T.);
#2714=ORIENTED_EDGE('',*,*,#1774,.T.);
#2715=ORIENTED_EDGE('',*,*,#1777,.T.);
#2716=ORIENTED_EDGE('',*,*,#1780,.T.);
#2717=ORIENTED_EDGE('',*,*,#1783,.F.);
#2718=ORIENTED_EDGE('',*,*,#1786,.F.);
#2719=ORIENTED_EDGE('',*,*,#1789,.F.);
#2720=ORIENTED_EDGE('',*,*,#1792,.F.);
#2721=ORIENTED_EDGE('',*,*,#1795,.T.);
#2722=ORIENTED_EDGE('',*,*,#1798,.T.);
#2723=ORIENTED_EDGE('',*,*,#1801,.F.);
#2724=ORIENTED_EDGE('',*,*,#1804,.F.);
#2725=ORIENTED_EDGE('',*,*,#1807,.F.);
#2726=ORIENTED_EDGE('',*,*,#1810,.F.);
#2727=ORIENTED_EDGE('',*,*,#1813,.T.);
#2728=ORIENTED_EDGE('',*,*,#1816,.T.);
#2729=ORIENTED_EDGE('',*,*,#1819,.F.);
#2730=ORIENTED_EDGE('',*,*,#1822,.F.);
#2731=ORIENTED_EDGE('',*,*,#1825,.F.);
#2732=ORIENTED_EDGE('',*,*,#1828,.T.);
#2733=ORIENTED_EDGE('',*,*,#1831,.T.);
#2734=ORIENTED_EDGE('',*,*,#1834,.T.);
#2735=ORIENTED_EDGE('',*,*,#1837,.F.);
#2736=ORIENTED_EDGE('',*,*,#1840,.T.);
#2737=ORIENTED_EDGE('',*,*,#1843,.F.);
#2738=ORIENTED_EDGE('',*,*,#1846,.F.);
#2739=ORIENTED_EDGE('',*,*,#1849,.T.);
#2740=ORIENTED_EDGE('',*,*,#1852,.T.);
#2741=ORIENTED_EDGE('',*,*,#1855,.T.);
#2742=ORIENTED_EDGE('',*,*,#1858,.F.);
#2743=ORIENTED_EDGE('',*,*,#1861,.F.);
#2744=ORIENTED_EDGE('',*,*,#1864,.F.);
#2745=ORIENTED_EDGE('',*,*,#1867,.F.);
#2746=ORIENTED_EDGE('',*,*,#1870,.T.);
#2747=ORIENTED_EDGE('',*,*,#1873,.T.);
#2748=ORIENTED_EDGE('',*,*,#1876,.F.);
#2749=ORIENTED_EDGE('',*,*,#1879,.T.);
#2750=ORIENTED_EDGE('',*,*,#1882,.F.);
#2751=ORIENTED_EDGE('',*,*,#1885,.F.);
#2752=ORIENTED_EDGE('',*,*,#1888,.F.);
#2753=ORIENTED_EDGE('',*,*,#1891,.T.);
#2754=ORIENTED_EDGE('',*,*,#1894,.F.);
#2755=ORIENTED_EDGE('',*,*,#1897,.T.);
#2756=ORIENTED_EDGE('',*,*,#1900,.F.);
#2757=ORIENTED_EDGE('',*,*,#1903,.F.);
#2758=ORIENTED_EDGE('',*,*,#1906,.F.);
#2759=ORIENTED_EDGE('',*,*,#1614,.F.);
#2760=ORIENTED_EDGE('',*,*,#1611,.F.);
#2761=ORIENTED_EDGE('',*,*,#1608,.F.);
#2762=ORIENTED_EDGE('',*,*,#1605,.F.);
#2763=ORIENTED_EDGE('',*,*,#1602,.F.);
#2764=ORIENTED_EDGE('',*,*,#1599,.F.);
#2765=ORIENTED_EDGE('',*,*,#1596,.F.);
#2766=ORIENTED_EDGE('',*,*,#1594,.F.);
#2767=ORIENTED_EDGE('',*,*,#1590,.F.);
#2768=ORIENTED_EDGE('',*,*,#1588,.F.);
#2769=ORIENTED_EDGE('',*,*,#1584,.F.);
#2770=ORIENTED_EDGE('',*,*,#1581,.F.);
#2771=ORIENTED_EDGE('',*,*,#1578,.F.);
#2772=ORIENTED_EDGE('',*,*,#1576,.F.);
#2773=ORIENTED_EDGE('',*,*,#1530,.F.);
#2774=ORIENTED_EDGE('',*,*,#1534,.F.);
#2775=ORIENTED_EDGE('',*,*,#1537,.F.);
#2776=ORIENTED_EDGE('',*,*,#1540,.F.);
#2777=ORIENTED_EDGE('',*,*,#1543,.F.);
#2778=ORIENTED_EDGE('',*,*,#1546,.F.);
#2779=ORIENTED_EDGE('',*,*,#1549,.F.);
#2780=ORIENTED_EDGE('',*,*,#1552,.F.);
#2781=ORIENTED_EDGE('',*,*,#1555,.F.);
#2782=ORIENTED_EDGE('',*,*,#1558,.F.);
#2783=ORIENTED_EDGE('',*,*,#1561,.F.);
#2784=ORIENTED_EDGE('',*,*,#1564,.F.);
#2785=ORIENTED_EDGE('',*,*,#1567,.F.);
#2786=ORIENTED_EDGE('',*,*,#1570,.F.);
#2787=ORIENTED_EDGE('',*,*,#1573,.F.);
#2788=ORIENTED_EDGE('',*,*,#1528,.F.);
#2789=ORIENTED_EDGE('',*,*,#1518,.F.);
#2790=ORIENTED_EDGE('',*,*,#1522,.F.);
#2791=ORIENTED_EDGE('',*,*,#1525,.F.);
#2792=ORIENTED_EDGE('',*,*,#1516,.F.);
#2793=ORIENTED_EDGE('',*,*,#1464,.F.);
#2794=ORIENTED_EDGE('',*,*,#1468,.F.);
#2795=ORIENTED_EDGE('',*,*,#1471,.F.);
#2796=ORIENTED_EDGE('',*,*,#1474,.F.);
#2797=ORIENTED_EDGE('',*,*,#1477,.F.);
#2798=ORIENTED_EDGE('',*,*,#1480,.F.);
#2799=ORIENTED_EDGE('',*,*,#1483,.F.);
#2800=ORIENTED_EDGE('',*,*,#1486,.F.);
#2801=ORIENTED_EDGE('',*,*,#1489,.F.);
#2802=ORIENTED_EDGE('',*,*,#1492,.F.);
#2803=ORIENTED_EDGE('',*,*,#1495,.F.);
#2804=ORIENTED_EDGE('',*,*,#1498,.F.);
#2805=ORIENTED_EDGE('',*,*,#1501,.F.);
#2806=ORIENTED_EDGE('',*,*,#1504,.F.);
#2807=ORIENTED_EDGE('',*,*,#1507,.F.);
#2808=ORIENTED_EDGE('',*,*,#1510,.F.);
#2809=ORIENTED_EDGE('',*,*,#1513,.F.);
#2810=ORIENTED_EDGE('',*,*,#1461,.F.);
#2811=CYLINDRICAL_SURFACE('',#3067,1.59999999999997);
#2812=CYLINDRICAL_SURFACE('',#3070,0.369000000000028);
#2813=CYLINDRICAL_SURFACE('',#3074,0.369000000000028);
#2814=CYLINDRICAL_SURFACE('',#3078,0.369000000000028);
#2815=CYLINDRICAL_SURFACE('',#3082,0.369000000000028);
#2816=CYLINDRICAL_SURFACE('',#3086,0.690000000000026);
#2817=CYLINDRICAL_SURFACE('',#3090,1.59999999999997);
#2818=CYLINDRICAL_SURFACE('',#3094,0.368999999999986);
#2819=CYLINDRICAL_SURFACE('',#3098,0.368999999999986);
#2820=CYLINDRICAL_SURFACE('',#3102,0.369000000000028);
#2821=CYLINDRICAL_SURFACE('',#3107,2.00000000000003);
#2822=CYLINDRICAL_SURFACE('',#3111,2.00000000000003);
#2823=CYLINDRICAL_SURFACE('',#3114,0.500000000000074);
#2824=CYLINDRICAL_SURFACE('',#3117,5.50000000000005);
#2825=CYLINDRICAL_SURFACE('',#3120,0.500000000000028);
#2826=CYLINDRICAL_SURFACE('',#3123,1.60000000000004);
#2827=CYLINDRICAL_SURFACE('',#3126,0.500000000000006);
#2828=CYLINDRICAL_SURFACE('',#3129,5.49999999999997);
#2829=CYLINDRICAL_SURFACE('',#3132,0.500000000000068);
#2830=CYLINDRICAL_SURFACE('',#3135,1.59999999999995);
#2831=CYLINDRICAL_SURFACE('',#3138,0.500000000000074);
#2832=CYLINDRICAL_SURFACE('',#3141,5.50000000000005);
#2833=CYLINDRICAL_SURFACE('',#3144,0.500000000000028);
#2834=CYLINDRICAL_SURFACE('',#3147,1.60000000000004);
#2835=CYLINDRICAL_SURFACE('',#3150,0.500000000000006);
#2836=CYLINDRICAL_SURFACE('',#3153,5.49999999999998);
#2837=CYLINDRICAL_SURFACE('',#3156,0.500000000000057);
#2838=CYLINDRICAL_SURFACE('',#3159,1.59999999999995);
#2839=CYLINDRICAL_SURFACE('',#3162,1.59999999999997);
#2840=CYLINDRICAL_SURFACE('',#3165,4.00000000000006);
#2841=CYLINDRICAL_SURFACE('',#3169,3.30000000000004);
#2842=CYLINDRICAL_SURFACE('',#3173,3.29999999999998);
#2843=CYLINDRICAL_SURFACE('',#3176,1.59999999999997);
#2844=CYLINDRICAL_SURFACE('',#3179,1.59999999999997);
#2845=CYLINDRICAL_SURFACE('',#3182,1.59999999999997);
#2846=CYLINDRICAL_SURFACE('',#3185,1.59999999999997);
#2847=CYLINDRICAL_SURFACE('',#3188,1.59999999999997);
#2848=CYLINDRICAL_SURFACE('',#3191,1.59999999999997);
#2849=CYLINDRICAL_SURFACE('',#3194,1.59999999999997);
#2850=CYLINDRICAL_SURFACE('',#3197,1.69000000000001);
#2851=CYLINDRICAL_SURFACE('',#3201,3.60000000000004);
#2852=CYLINDRICAL_SURFACE('',#3204,1.68999999999997);
#2853=CYLINDRICAL_SURFACE('',#3208,0.690000000000026);
#2854=CYLINDRICAL_SURFACE('',#3212,0.63999999999993);
#2855=CYLINDRICAL_SURFACE('',#3216,0.63999999999993);
#2856=CYLINDRICAL_SURFACE('',#3220,0.639999999999973);
#2857=CYLINDRICAL_SURFACE('',#3224,0.639999999999973);
#2858=CYLINDRICAL_SURFACE('',#3228,1.69000000000001);
#2859=CYLINDRICAL_SURFACE('',#3232,1.68999999999997);
#2860=CYLINDRICAL_SURFACE('',#3236,2.00000000000003);
#2861=CYLINDRICAL_SURFACE('',#3240,1.69000000000001);
#2862=CYLINDRICAL_SURFACE('',#3244,1.68999999999997);
#2863=CYLINDRICAL_SURFACE('',#3248,0.63999999999993);
#2864=CYLINDRICAL_SURFACE('',#3252,0.63999999999993);
#2865=CYLINDRICAL_SURFACE('',#3256,0.640000000000023);
#2866=CYLINDRICAL_SURFACE('',#3260,0.640000000000023);
#2867=CYLINDRICAL_SURFACE('',#3264,0.690000000000026);
#2868=CYLINDRICAL_SURFACE('',#3268,1.69000000000001);
#2869=CYLINDRICAL_SURFACE('',#3271,3.59999999999999);
#2870=CYLINDRICAL_SURFACE('',#3275,1.68999999999996);
#2871=CYLINDRICAL_SURFACE('',#3279,1.68999999999997);
#2872=CYLINDRICAL_SURFACE('',#3283,2.00000000000003);
#2873=CYLINDRICAL_SURFACE('',#3287,1.68999999999996);
#2874=CYLINDRICAL_SURFACE('',#3291,1.68999999999997);
#2875=CYLINDRICAL_SURFACE('',#3295,3.59999999999995);
#2876=CYLINDRICAL_SURFACE('',#3298,1.68999999999997);
#2877=CYLINDRICAL_SURFACE('',#3302,0.690000000000026);
#2878=CYLINDRICAL_SURFACE('',#3306,0.63999999999993);
#2879=CYLINDRICAL_SURFACE('',#3310,0.63999999999993);
#2880=CYLINDRICAL_SURFACE('',#3314,0.640000000000023);
#2881=CYLINDRICAL_SURFACE('',#3318,0.640000000000023);
#2882=CYLINDRICAL_SURFACE('',#3322,1.69000000000001);
#2883=CYLINDRICAL_SURFACE('',#3326,1.68999999999997);
#2884=CYLINDRICAL_SURFACE('',#3330,2.00000000000003);
#2885=CYLINDRICAL_SURFACE('',#3334,1.69000000000001);
#2886=CYLINDRICAL_SURFACE('',#3338,1.68999999999997);
#2887=CYLINDRICAL_SURFACE('',#3342,0.63999999999993);
#2888=CYLINDRICAL_SURFACE('',#3346,0.63999999999993);
#2889=CYLINDRICAL_SURFACE('',#3350,0.640000000000023);
#2890=CYLINDRICAL_SURFACE('',#3354,0.640000000000023);
#2891=CYLINDRICAL_SURFACE('',#3358,0.690000000000026);
#2892=CYLINDRICAL_SURFACE('',#3362,1.68999999999999);
#2893=CYLINDRICAL_SURFACE('',#3365,3.59999999999999);
#2894=CYLINDRICAL_SURFACE('',#3369,1.68999999999997);
#2895=CYLINDRICAL_SURFACE('',#3373,1.68999999999997);
#2896=CYLINDRICAL_SURFACE('',#3377,1.69000000000001);
#2897=CYLINDRICAL_SURFACE('',#3381,1.68999999999997);
#2898=CYLINDRICAL_SURFACE('',#3385,1.69000000000001);
#2899=CYLINDRICAL_SURFACE('',#3389,1.68999999999997);
#2900=CYLINDRICAL_SURFACE('',#3393,1.69000000000001);
#2901=ADVANCED_FACE('',(#107),#2811,.F.);
#2902=ADVANCED_FACE('',(#108),#2812,.F.);
#2903=ADVANCED_FACE('',(#109),#45,.T.);
#2904=ADVANCED_FACE('',(#110),#2813,.F.);
#2905=ADVANCED_FACE('',(#111),#46,.T.);
#2906=ADVANCED_FACE('',(#112),#2814,.F.);
#2907=ADVANCED_FACE('',(#113),#47,.T.);
#2908=ADVANCED_FACE('',(#114),#2815,.F.);
#2909=ADVANCED_FACE('',(#115),#48,.T.);
#2910=ADVANCED_FACE('',(#116),#2816,.T.);
#2911=ADVANCED_FACE('',(#117),#49,.T.);
#2912=ADVANCED_FACE('',(#118),#2817,.F.);
#2913=ADVANCED_FACE('',(#119),#50,.T.);
#2914=ADVANCED_FACE('',(#120),#2818,.T.);
#2915=ADVANCED_FACE('',(#121),#51,.T.);
#2916=ADVANCED_FACE('',(#122),#2819,.F.);
#2917=ADVANCED_FACE('',(#123),#52,.T.);
#2918=ADVANCED_FACE('',(#124),#2820,.T.);
#2919=ADVANCED_FACE('',(#125),#53,.T.);
#2920=ADVANCED_FACE('',(#126),#54,.T.);
#2921=ADVANCED_FACE('',(#127),#2821,.F.);
#2922=ADVANCED_FACE('',(#128),#55,.T.);
#2923=ADVANCED_FACE('',(#129),#2822,.F.);
#2924=ADVANCED_FACE('',(#130),#2823,.T.);
#2925=ADVANCED_FACE('',(#131),#2824,.F.);
#2926=ADVANCED_FACE('',(#132),#2825,.T.);
#2927=ADVANCED_FACE('',(#133),#2826,.F.);
#2928=ADVANCED_FACE('',(#134),#2827,.T.);
#2929=ADVANCED_FACE('',(#135),#2828,.F.);
#2930=ADVANCED_FACE('',(#136),#2829,.T.);
#2931=ADVANCED_FACE('',(#137),#2830,.F.);
#2932=ADVANCED_FACE('',(#138),#2831,.T.);
#2933=ADVANCED_FACE('',(#139),#2832,.F.);
#2934=ADVANCED_FACE('',(#140),#2833,.T.);
#2935=ADVANCED_FACE('',(#141),#2834,.F.);
#2936=ADVANCED_FACE('',(#142),#2835,.T.);
#2937=ADVANCED_FACE('',(#143),#2836,.F.);
#2938=ADVANCED_FACE('',(#144),#2837,.T.);
#2939=ADVANCED_FACE('',(#145),#2838,.F.);
#2940=ADVANCED_FACE('',(#146),#2839,.F.);
#2941=ADVANCED_FACE('',(#147),#2840,.F.);
#2942=ADVANCED_FACE('',(#148),#56,.T.);
#2943=ADVANCED_FACE('',(#149),#2841,.F.);
#2944=ADVANCED_FACE('',(#150),#57,.T.);
#2945=ADVANCED_FACE('',(#151),#2842,.F.);
#2946=ADVANCED_FACE('',(#152),#2843,.F.);
#2947=ADVANCED_FACE('',(#153),#2844,.F.);
#2948=ADVANCED_FACE('',(#154),#2845,.F.);
#2949=ADVANCED_FACE('',(#155),#2846,.F.);
#2950=ADVANCED_FACE('',(#156),#2847,.F.);
#2951=ADVANCED_FACE('',(#157),#2848,.F.);
#2952=ADVANCED_FACE('',(#158),#2849,.F.);
#2953=ADVANCED_FACE('',(#159),#2850,.F.);
#2954=ADVANCED_FACE('',(#160),#58,.T.);
#2955=ADVANCED_FACE('',(#161),#2851,.T.);
#2956=ADVANCED_FACE('',(#162),#2852,.T.);
#2957=ADVANCED_FACE('',(#163),#59,.T.);
#2958=ADVANCED_FACE('',(#164),#2853,.F.);
#2959=ADVANCED_FACE('',(#165),#60,.T.);
#2960=ADVANCED_FACE('',(#166),#2854,.F.);
#2961=ADVANCED_FACE('',(#167),#61,.T.);
#2962=ADVANCED_FACE('',(#168),#2855,.T.);
#2963=ADVANCED_FACE('',(#169),#62,.T.);
#2964=ADVANCED_FACE('',(#170),#2856,.T.);
#2965=ADVANCED_FACE('',(#171),#63,.T.);
#2966=ADVANCED_FACE('',(#172),#2857,.F.);
#2967=ADVANCED_FACE('',(#173),#64,.T.);
#2968=ADVANCED_FACE('',(#174),#2858,.T.);
#2969=ADVANCED_FACE('',(#175),#65,.T.);
#2970=ADVANCED_FACE('',(#176),#2859,.T.);
#2971=ADVANCED_FACE('',(#177),#66,.T.);
#2972=ADVANCED_FACE('',(#178),#2860,.F.);
#2973=ADVANCED_FACE('',(#179),#67,.T.);
#2974=ADVANCED_FACE('',(#180),#2861,.T.);
#2975=ADVANCED_FACE('',(#181),#68,.T.);
#2976=ADVANCED_FACE('',(#182),#2862,.T.);
#2977=ADVANCED_FACE('',(#183),#69,.T.);
#2978=ADVANCED_FACE('',(#184),#2863,.F.);
#2979=ADVANCED_FACE('',(#185),#70,.T.);
#2980=ADVANCED_FACE('',(#186),#2864,.T.);
#2981=ADVANCED_FACE('',(#187),#71,.T.);
#2982=ADVANCED_FACE('',(#188),#2865,.T.);
#2983=ADVANCED_FACE('',(#189),#72,.T.);
#2984=ADVANCED_FACE('',(#190),#2866,.F.);
#2985=ADVANCED_FACE('',(#191),#73,.T.);
#2986=ADVANCED_FACE('',(#192),#2867,.F.);
#2987=ADVANCED_FACE('',(#193),#74,.T.);
#2988=ADVANCED_FACE('',(#194),#2868,.T.);
#2989=ADVANCED_FACE('',(#195),#2869,.T.);
#2990=ADVANCED_FACE('',(#196),#75,.T.);
#2991=ADVANCED_FACE('',(#197),#2870,.T.);
#2992=ADVANCED_FACE('',(#198),#76,.T.);
#2993=ADVANCED_FACE('',(#199),#2871,.T.);
#2994=ADVANCED_FACE('',(#200),#77,.T.);
#2995=ADVANCED_FACE('',(#201),#2872,.F.);
#2996=ADVANCED_FACE('',(#202),#78,.T.);
#2997=ADVANCED_FACE('',(#203),#2873,.T.);
#2998=ADVANCED_FACE('',(#204),#79,.T.);
#2999=ADVANCED_FACE('',(#205),#2874,.T.);
#3000=ADVANCED_FACE('',(#206),#80,.T.);
#3001=ADVANCED_FACE('',(#207),#2875,.T.);
#3002=ADVANCED_FACE('',(#208),#2876,.T.);
#3003=ADVANCED_FACE('',(#209),#81,.T.);
#3004=ADVANCED_FACE('',(#210),#2877,.F.);
#3005=ADVANCED_FACE('',(#211),#82,.T.);
#3006=ADVANCED_FACE('',(#212),#2878,.F.);
#3007=ADVANCED_FACE('',(#213),#83,.T.);
#3008=ADVANCED_FACE('',(#214),#2879,.T.);
#3009=ADVANCED_FACE('',(#215),#84,.T.);
#3010=ADVANCED_FACE('',(#216),#2880,.T.);
#3011=ADVANCED_FACE('',(#217),#85,.T.);
#3012=ADVANCED_FACE('',(#218),#2881,.F.);
#3013=ADVANCED_FACE('',(#219),#86,.T.);
#3014=ADVANCED_FACE('',(#220),#2882,.T.);
#3015=ADVANCED_FACE('',(#221),#87,.T.);
#3016=ADVANCED_FACE('',(#222),#2883,.T.);
#3017=ADVANCED_FACE('',(#223),#88,.T.);
#3018=ADVANCED_FACE('',(#224),#2884,.F.);
#3019=ADVANCED_FACE('',(#225),#89,.T.);
#3020=ADVANCED_FACE('',(#226),#2885,.T.);
#3021=ADVANCED_FACE('',(#227),#90,.T.);
#3022=ADVANCED_FACE('',(#228),#2886,.T.);
#3023=ADVANCED_FACE('',(#229),#91,.T.);
#3024=ADVANCED_FACE('',(#230),#2887,.F.);
#3025=ADVANCED_FACE('',(#231),#92,.T.);
#3026=ADVANCED_FACE('',(#232),#2888,.T.);
#3027=ADVANCED_FACE('',(#233),#93,.T.);
#3028=ADVANCED_FACE('',(#234),#2889,.T.);
#3029=ADVANCED_FACE('',(#235),#94,.T.);
#3030=ADVANCED_FACE('',(#236),#2890,.F.);
#3031=ADVANCED_FACE('',(#237),#95,.T.);
#3032=ADVANCED_FACE('',(#238),#2891,.F.);
#3033=ADVANCED_FACE('',(#239),#96,.T.);
#3034=ADVANCED_FACE('',(#240),#2892,.T.);
#3035=ADVANCED_FACE('',(#241),#2893,.T.);
#3036=ADVANCED_FACE('',(#242),#97,.T.);
#3037=ADVANCED_FACE('',(#243),#2894,.F.);
#3038=ADVANCED_FACE('',(#244),#98,.T.);
#3039=ADVANCED_FACE('',(#245),#2895,.T.);
#3040=ADVANCED_FACE('',(#246),#99,.T.);
#3041=ADVANCED_FACE('',(#247),#2896,.T.);
#3042=ADVANCED_FACE('',(#248),#100,.T.);
#3043=ADVANCED_FACE('',(#249),#2897,.T.);
#3044=ADVANCED_FACE('',(#250),#101,.T.);
#3045=ADVANCED_FACE('',(#251),#2898,.T.);
#3046=ADVANCED_FACE('',(#252),#102,.T.);
#3047=ADVANCED_FACE('',(#253),#2899,.T.);
#3048=ADVANCED_FACE('',(#254),#103,.T.);
#3049=ADVANCED_FACE('',(#255),#2900,.T.);
#3050=ADVANCED_FACE('',(#256),#104,.T.);
#3051=ADVANCED_FACE('',(#257,#15,#16,#17,#18,#19,#20,#21,#22,#23,#24,#25,
#26,#27,#28,#29),#105,.T.);
#3052=ADVANCED_FACE('',(#258,#30,#31,#32,#33,#34,#35,#36,#37,#38,#39,#40,
#41,#42,#43,#44),#106,.F.);
#3053=CLOSED_SHELL('',(#2901,#2902,#2903,#2904,#2905,#2906,#2907,#2908,
#2909,#2910,#2911,#2912,#2913,#2914,#2915,#2916,#2917,#2918,#2919,#2920,
#2921,#2922,#2923,#2924,#2925,#2926,#2927,#2928,#2929,#2930,#2931,#2932,
#2933,#2934,#2935,#2936,#2937,#2938,#2939,#2940,#2941,#2942,#2943,#2944,
#2945,#2946,#2947,#2948,#2949,#2950,#2951,#2952,#2953,#2954,#2955,#2956,
#2957,#2958,#2959,#2960,#2961,#2962,#2963,#2964,#2965,#2966,#2967,#2968,
#2969,#2970,#2971,#2972,#2973,#2974,#2975,#2976,#2977,#2978,#2979,#2980,
#2981,#2982,#2983,#2984,#2985,#2986,#2987,#2988,#2989,#2990,#2991,#2992,
#2993,#2994,#2995,#2996,#2997,#2998,#2999,#3000,#3001,#3002,#3003,#3004,
#3005,#3006,#3007,#3008,#3009,#3010,#3011,#3012,#3013,#3014,#3015,#3016,
#3017,#3018,#3019,#3020,#3021,#3022,#3023,#3024,#3025,#3026,#3027,#3028,
#3029,#3030,#3031,#3032,#3033,#3034,#3035,#3036,#3037,#3038,#3039,#3040,
#3041,#3042,#3043,#3044,#3045,#3046,#3047,#3048,#3049,#3050,#3051,#3052));
#3054=DERIVED_UNIT_ELEMENT(#3056,1.);
#3055=DERIVED_UNIT_ELEMENT(#5243,-3.);
#3056=(
MASS_UNIT()
NAMED_UNIT(*)
SI_UNIT(.KILO.,.GRAM.)
);
#3057=DERIVED_UNIT((#3054,#3055));
#3058=MEASURE_REPRESENTATION_ITEM('density measure',
POSITIVE_RATIO_MEASURE(7850.),#3057);
#3059=PROPERTY_DEFINITION_REPRESENTATION(#3064,#3061);
#3060=PROPERTY_DEFINITION_REPRESENTATION(#3065,#3062);
#3061=REPRESENTATION('material name',(#3063),#5240);
#3062=REPRESENTATION('density',(#3058),#5240);
#3063=DESCRIPTIVE_REPRESENTATION_ITEM('\X2\94A2\X0\','\X2\94A2\X0\');
#3064=PROPERTY_DEFINITION('material property','material name',#5250);
#3065=PROPERTY_DEFINITION('material property','density of part',#5250);
#3066=AXIS2_PLACEMENT_3D('',#4335,#3399,#3400);
#3067=AXIS2_PLACEMENT_3D('',#4336,#3401,#3402);
#3068=AXIS2_PLACEMENT_3D('',#4338,#3403,#3404);
#3069=AXIS2_PLACEMENT_3D('',#4341,#3406,#3407);
#3070=AXIS2_PLACEMENT_3D('',#4342,#3408,#3409);
#3071=AXIS2_PLACEMENT_3D('',#4345,#3410,#3411);
#3072=AXIS2_PLACEMENT_3D('',#4349,#3413,#3414);
#3073=AXIS2_PLACEMENT_3D('',#4351,#3416,#3417);
#3074=AXIS2_PLACEMENT_3D('',#4357,#3421,#3422);
#3075=AXIS2_PLACEMENT_3D('',#4359,#3423,#3424);
#3076=AXIS2_PLACEMENT_3D('',#4361,#3425,#3426);
#3077=AXIS2_PLACEMENT_3D('',#4363,#3428,#3429);
#3078=AXIS2_PLACEMENT_3D('',#4369,#3433,#3434);
#3079=AXIS2_PLACEMENT_3D('',#4371,#3435,#3436);
#3080=AXIS2_PLACEMENT_3D('',#4373,#3437,#3438);
#3081=AXIS2_PLACEMENT_3D('',#4375,#3440,#3441);
#3082=AXIS2_PLACEMENT_3D('',#4381,#3445,#3446);
#3083=AXIS2_PLACEMENT_3D('',#4383,#3447,#3448);
#3084=AXIS2_PLACEMENT_3D('',#4385,#3449,#3450);
#3085=AXIS2_PLACEMENT_3D('',#4387,#3452,#3453);
#3086=AXIS2_PLACEMENT_3D('',#4393,#3457,#3458);
#3087=AXIS2_PLACEMENT_3D('',#4395,#3459,#3460);
#3088=AXIS2_PLACEMENT_3D('',#4397,#3461,#3462);
#3089=AXIS2_PLACEMENT_3D('',#4399,#3464,#3465);
#3090=AXIS2_PLACEMENT_3D('',#4405,#3469,#3470);
#3091=AXIS2_PLACEMENT_3D('',#4407,#3471,#3472);
#3092=AXIS2_PLACEMENT_3D('',#4409,#3473,#3474);
#3093=AXIS2_PLACEMENT_3D('',#4411,#3476,#3477);
#3094=AXIS2_PLACEMENT_3D('',#4417,#3481,#3482);
#3095=AXIS2_PLACEMENT_3D('',#4419,#3483,#3484);
#3096=AXIS2_PLACEMENT_3D('',#4421,#3485,#3486);
#3097=AXIS2_PLACEMENT_3D('',#4423,#3488,#3489);
#3098=AXIS2_PLACEMENT_3D('',#4429,#3493,#3494);
#3099=AXIS2_PLACEMENT_3D('',#4431,#3495,#3496);
#3100=AXIS2_PLACEMENT_3D('',#4433,#3497,#3498);
#3101=AXIS2_PLACEMENT_3D('',#4435,#3500,#3501);
#3102=AXIS2_PLACEMENT_3D('',#4441,#3505,#3506);
#3103=AXIS2_PLACEMENT_3D('',#4443,#3507,#3508);
#3104=AXIS2_PLACEMENT_3D('',#4445,#3509,#3510);
#3105=AXIS2_PLACEMENT_3D('',#4447,#3512,#3513);
#3106=AXIS2_PLACEMENT_3D('',#4450,#3516,#3517);
#3107=AXIS2_PLACEMENT_3D('',#4459,#3522,#3523);
#3108=AXIS2_PLACEMENT_3D('',#4461,#3524,#3525);
#3109=AXIS2_PLACEMENT_3D('',#4463,#3526,#3527);
#3110=AXIS2_PLACEMENT_3D('',#4465,#3529,#3530);
#3111=AXIS2_PLACEMENT_3D('',#4471,#3534,#3535);
#3112=AXIS2_PLACEMENT_3D('',#4472,#3536,#3537);
#3113=AXIS2_PLACEMENT_3D('',#4473,#3538,#3539);
#3114=AXIS2_PLACEMENT_3D('',#4474,#3540,#3541);
#3115=AXIS2_PLACEMENT_3D('',#4477,#3542,#3543);
#3116=AXIS2_PLACEMENT_3D('',#4481,#3545,#3546);
#3117=AXIS2_PLACEMENT_3D('',#4483,#3548,#3549);
#3118=AXIS2_PLACEMENT_3D('',#4485,#3550,#3551);
#3119=AXIS2_PLACEMENT_3D('',#4487,#3552,#3553);
#3120=AXIS2_PLACEMENT_3D('',#4489,#3555,#3556);
#3121=AXIS2_PLACEMENT_3D('',#4491,#3557,#3558);
#3122=AXIS2_PLACEMENT_3D('',#4493,#3559,#3560);
#3123=AXIS2_PLACEMENT_3D('',#4495,#3562,#3563);
#3124=AXIS2_PLACEMENT_3D('',#4497,#3564,#3565);
#3125=AXIS2_PLACEMENT_3D('',#4499,#3566,#3567);
#3126=AXIS2_PLACEMENT_3D('',#4501,#3569,#3570);
#3127=AXIS2_PLACEMENT_3D('',#4503,#3571,#3572);
#3128=AXIS2_PLACEMENT_3D('',#4505,#3573,#3574);
#3129=AXIS2_PLACEMENT_3D('',#4507,#3576,#3577);
#3130=AXIS2_PLACEMENT_3D('',#4509,#3578,#3579);
#3131=AXIS2_PLACEMENT_3D('',#4511,#3580,#3581);
#3132=AXIS2_PLACEMENT_3D('',#4513,#3583,#3584);
#3133=AXIS2_PLACEMENT_3D('',#4515,#3585,#3586);
#3134=AXIS2_PLACEMENT_3D('',#4517,#3587,#3588);
#3135=AXIS2_PLACEMENT_3D('',#4519,#3590,#3591);
#3136=AXIS2_PLACEMENT_3D('',#4521,#3592,#3593);
#3137=AXIS2_PLACEMENT_3D('',#4523,#3594,#3595);
#3138=AXIS2_PLACEMENT_3D('',#4525,#3597,#3598);
#3139=AXIS2_PLACEMENT_3D('',#4527,#3599,#3600);
#3140=AXIS2_PLACEMENT_3D('',#4529,#3601,#3602);
#3141=AXIS2_PLACEMENT_3D('',#4531,#3604,#3605);
#3142=AXIS2_PLACEMENT_3D('',#4533,#3606,#3607);
#3143=AXIS2_PLACEMENT_3D('',#4535,#3608,#3609);
#3144=AXIS2_PLACEMENT_3D('',#4537,#3611,#3612);
#3145=AXIS2_PLACEMENT_3D('',#4539,#3613,#3614);
#3146=AXIS2_PLACEMENT_3D('',#4541,#3615,#3616);
#3147=AXIS2_PLACEMENT_3D('',#4543,#3618,#3619);
#3148=AXIS2_PLACEMENT_3D('',#4545,#3620,#3621);
#3149=AXIS2_PLACEMENT_3D('',#4547,#3622,#3623);
#3150=AXIS2_PLACEMENT_3D('',#4549,#3625,#3626);
#3151=AXIS2_PLACEMENT_3D('',#4551,#3627,#3628);
#3152=AXIS2_PLACEMENT_3D('',#4553,#3629,#3630);
#3153=AXIS2_PLACEMENT_3D('',#4555,#3632,#3633);
#3154=AXIS2_PLACEMENT_3D('',#4557,#3634,#3635);
#3155=AXIS2_PLACEMENT_3D('',#4559,#3636,#3637);
#3156=AXIS2_PLACEMENT_3D('',#4561,#3639,#3640);
#3157=AXIS2_PLACEMENT_3D('',#4563,#3641,#3642);
#3158=AXIS2_PLACEMENT_3D('',#4565,#3643,#3644);
#3159=AXIS2_PLACEMENT_3D('',#4567,#3646,#3647);
#3160=AXIS2_PLACEMENT_3D('',#4568,#3648,#3649);
#3161=AXIS2_PLACEMENT_3D('',#4569,#3650,#3651);
#3162=AXIS2_PLACEMENT_3D('',#4570,#3652,#3653);
#3163=AXIS2_PLACEMENT_3D('',#4572,#3654,#3655);
#3164=AXIS2_PLACEMENT_3D('',#4575,#3657,#3658);
#3165=AXIS2_PLACEMENT_3D('',#4576,#3659,#3660);
#3166=AXIS2_PLACEMENT_3D('',#4578,#3661,#3662);
#3167=AXIS2_PLACEMENT_3D('',#4581,#3664,#3665);
#3168=AXIS2_PLACEMENT_3D('',#4582,#3666,#3667);
#3169=AXIS2_PLACEMENT_3D('',#4591,#3672,#3673);
#3170=AXIS2_PLACEMENT_3D('',#4592,#3674,#3675);
#3171=AXIS2_PLACEMENT_3D('',#4593,#3676,#3677);
#3172=AXIS2_PLACEMENT_3D('',#4594,#3678,#3679);
#3173=AXIS2_PLACEMENT_3D('',#4603,#3684,#3685);
#3174=AXIS2_PLACEMENT_3D('',#4604,#3686,#3687);
#3175=AXIS2_PLACEMENT_3D('',#4605,#3688,#3689);
#3176=AXIS2_PLACEMENT_3D('',#4606,#3690,#3691);
#3177=AXIS2_PLACEMENT_3D('',#4608,#3692,#3693);
#3178=AXIS2_PLACEMENT_3D('',#4611,#3695,#3696);
#3179=AXIS2_PLACEMENT_3D('',#4612,#3697,#3698);
#3180=AXIS2_PLACEMENT_3D('',#4614,#3699,#3700);
#3181=AXIS2_PLACEMENT_3D('',#4617,#3702,#3703);
#3182=AXIS2_PLACEMENT_3D('',#4618,#3704,#3705);
#3183=AXIS2_PLACEMENT_3D('',#4620,#3706,#3707);
#3184=AXIS2_PLACEMENT_3D('',#4623,#3709,#3710);
#3185=AXIS2_PLACEMENT_3D('',#4624,#3711,#3712);
#3186=AXIS2_PLACEMENT_3D('',#4626,#3713,#3714);
#3187=AXIS2_PLACEMENT_3D('',#4629,#3716,#3717);
#3188=AXIS2_PLACEMENT_3D('',#4630,#3718,#3719);
#3189=AXIS2_PLACEMENT_3D('',#4632,#3720,#3721);
#3190=AXIS2_PLACEMENT_3D('',#4635,#3723,#3724);
#3191=AXIS2_PLACEMENT_3D('',#4636,#3725,#3726);
#3192=AXIS2_PLACEMENT_3D('',#4638,#3727,#3728);
#3193=AXIS2_PLACEMENT_3D('',#4641,#3730,#3731);
#3194=AXIS2_PLACEMENT_3D('',#4642,#3732,#3733);
#3195=AXIS2_PLACEMENT_3D('',#4644,#3734,#3735);
#3196=AXIS2_PLACEMENT_3D('',#4647,#3737,#3738);
#3197=AXIS2_PLACEMENT_3D('',#4648,#3739,#3740);
#3198=AXIS2_PLACEMENT_3D('',#4651,#3741,#3742);
#3199=AXIS2_PLACEMENT_3D('',#4655,#3744,#3745);
#3200=AXIS2_PLACEMENT_3D('',#4657,#3747,#3748);
#3201=AXIS2_PLACEMENT_3D('',#4663,#3752,#3753);
#3202=AXIS2_PLACEMENT_3D('',#4665,#3754,#3755);
#3203=AXIS2_PLACEMENT_3D('',#4667,#3756,#3757);
#3204=AXIS2_PLACEMENT_3D('',#4669,#3759,#3760);
#3205=AXIS2_PLACEMENT_3D('',#4671,#3761,#3762);
#3206=AXIS2_PLACEMENT_3D('',#4673,#3763,#3764);
#3207=AXIS2_PLACEMENT_3D('',#4675,#3766,#3767);
#3208=AXIS2_PLACEMENT_3D('',#4681,#3771,#3772);
#3209=AXIS2_PLACEMENT_3D('',#4683,#3773,#3774);
#3210=AXIS2_PLACEMENT_3D('',#4685,#3775,#3776);
#3211=AXIS2_PLACEMENT_3D('',#4687,#3778,#3779);
#3212=AXIS2_PLACEMENT_3D('',#4693,#3783,#3784);
#3213=AXIS2_PLACEMENT_3D('',#4695,#3785,#3786);
#3214=AXIS2_PLACEMENT_3D('',#4697,#3787,#3788);
#3215=AXIS2_PLACEMENT_3D('',#4699,#3790,#3791);
#3216=AXIS2_PLACEMENT_3D('',#4705,#3795,#3796);
#3217=AXIS2_PLACEMENT_3D('',#4707,#3797,#3798);
#3218=AXIS2_PLACEMENT_3D('',#4709,#3799,#3800);
#3219=AXIS2_PLACEMENT_3D('',#4711,#3802,#3803);
#3220=AXIS2_PLACEMENT_3D('',#4717,#3807,#3808);
#3221=AXIS2_PLACEMENT_3D('',#4719,#3809,#3810);
#3222=AXIS2_PLACEMENT_3D('',#4721,#3811,#3812);
#3223=AXIS2_PLACEMENT_3D('',#4723,#3814,#3815);
#3224=AXIS2_PLACEMENT_3D('',#4729,#3819,#3820);
#3225=AXIS2_PLACEMENT_3D('',#4731,#3821,#3822);
#3226=AXIS2_PLACEMENT_3D('',#4733,#3823,#3824);
#3227=AXIS2_PLACEMENT_3D('',#4735,#3826,#3827);
#3228=AXIS2_PLACEMENT_3D('',#4741,#3831,#3832);
#3229=AXIS2_PLACEMENT_3D('',#4743,#3833,#3834);
#3230=AXIS2_PLACEMENT_3D('',#4745,#3835,#3836);
#3231=AXIS2_PLACEMENT_3D('',#4747,#3838,#3839);
#3232=AXIS2_PLACEMENT_3D('',#4753,#3843,#3844);
#3233=AXIS2_PLACEMENT_3D('',#4755,#3845,#3846);
#3234=AXIS2_PLACEMENT_3D('',#4757,#3847,#3848);
#3235=AXIS2_PLACEMENT_3D('',#4759,#3850,#3851);
#3236=AXIS2_PLACEMENT_3D('',#4765,#3855,#3856);
#3237=AXIS2_PLACEMENT_3D('',#4767,#3857,#3858);
#3238=AXIS2_PLACEMENT_3D('',#4769,#3859,#3860);
#3239=AXIS2_PLACEMENT_3D('',#4771,#3862,#3863);
#3240=AXIS2_PLACEMENT_3D('',#4777,#3867,#3868);
#3241=AXIS2_PLACEMENT_3D('',#4779,#3869,#3870);
#3242=AXIS2_PLACEMENT_3D('',#4781,#3871,#3872);
#3243=AXIS2_PLACEMENT_3D('',#4783,#3874,#3875);
#3244=AXIS2_PLACEMENT_3D('',#4789,#3879,#3880);
#3245=AXIS2_PLACEMENT_3D('',#4791,#3881,#3882);
#3246=AXIS2_PLACEMENT_3D('',#4793,#3883,#3884);
#3247=AXIS2_PLACEMENT_3D('',#4795,#3886,#3887);
#3248=AXIS2_PLACEMENT_3D('',#4801,#3891,#3892);
#3249=AXIS2_PLACEMENT_3D('',#4803,#3893,#3894);
#3250=AXIS2_PLACEMENT_3D('',#4805,#3895,#3896);
#3251=AXIS2_PLACEMENT_3D('',#4807,#3898,#3899);
#3252=AXIS2_PLACEMENT_3D('',#4813,#3903,#3904);
#3253=AXIS2_PLACEMENT_3D('',#4815,#3905,#3906);
#3254=AXIS2_PLACEMENT_3D('',#4817,#3907,#3908);
#3255=AXIS2_PLACEMENT_3D('',#4819,#3910,#3911);
#3256=AXIS2_PLACEMENT_3D('',#4825,#3915,#3916);
#3257=AXIS2_PLACEMENT_3D('',#4827,#3917,#3918);
#3258=AXIS2_PLACEMENT_3D('',#4829,#3919,#3920);
#3259=AXIS2_PLACEMENT_3D('',#4831,#3922,#3923);
#3260=AXIS2_PLACEMENT_3D('',#4837,#3927,#3928);
#3261=AXIS2_PLACEMENT_3D('',#4839,#3929,#3930);
#3262=AXIS2_PLACEMENT_3D('',#4841,#3931,#3932);
#3263=AXIS2_PLACEMENT_3D('',#4843,#3934,#3935);
#3264=AXIS2_PLACEMENT_3D('',#4849,#3939,#3940);
#3265=AXIS2_PLACEMENT_3D('',#4851,#3941,#3942);
#3266=AXIS2_PLACEMENT_3D('',#4853,#3943,#3944);
#3267=AXIS2_PLACEMENT_3D('',#4855,#3946,#3947);
#3268=AXIS2_PLACEMENT_3D('',#4861,#3951,#3952);
#3269=AXIS2_PLACEMENT_3D('',#4863,#3953,#3954);
#3270=AXIS2_PLACEMENT_3D('',#4865,#3955,#3956);
#3271=AXIS2_PLACEMENT_3D('',#4867,#3958,#3959);
#3272=AXIS2_PLACEMENT_3D('',#4869,#3960,#3961);
#3273=AXIS2_PLACEMENT_3D('',#4871,#3962,#3963);
#3274=AXIS2_PLACEMENT_3D('',#4873,#3965,#3966);
#3275=AXIS2_PLACEMENT_3D('',#4879,#3970,#3971);
#3276=AXIS2_PLACEMENT_3D('',#4881,#3972,#3973);
#3277=AXIS2_PLACEMENT_3D('',#4883,#3974,#3975);
#3278=AXIS2_PLACEMENT_3D('',#4885,#3977,#3978);
#3279=AXIS2_PLACEMENT_3D('',#4891,#3982,#3983);
#3280=AXIS2_PLACEMENT_3D('',#4893,#3984,#3985);
#3281=AXIS2_PLACEMENT_3D('',#4895,#3986,#3987);
#3282=AXIS2_PLACEMENT_3D('',#4897,#3989,#3990);
#3283=AXIS2_PLACEMENT_3D('',#4903,#3994,#3995);
#3284=AXIS2_PLACEMENT_3D('',#4905,#3996,#3997);
#3285=AXIS2_PLACEMENT_3D('',#4907,#3998,#3999);
#3286=AXIS2_PLACEMENT_3D('',#4909,#4001,#4002);
#3287=AXIS2_PLACEMENT_3D('',#4915,#4006,#4007);
#3288=AXIS2_PLACEMENT_3D('',#4917,#4008,#4009);
#3289=AXIS2_PLACEMENT_3D('',#4919,#4010,#4011);
#3290=AXIS2_PLACEMENT_3D('',#4921,#4013,#4014);
#3291=AXIS2_PLACEMENT_3D('',#4927,#4018,#4019);
#3292=AXIS2_PLACEMENT_3D('',#4929,#4020,#4021);
#3293=AXIS2_PLACEMENT_3D('',#4931,#4022,#4023);
#3294=AXIS2_PLACEMENT_3D('',#4933,#4025,#4026);
#3295=AXIS2_PLACEMENT_3D('',#4939,#4030,#4031);
#3296=AXIS2_PLACEMENT_3D('',#4941,#4032,#4033);
#3297=AXIS2_PLACEMENT_3D('',#4943,#4034,#4035);
#3298=AXIS2_PLACEMENT_3D('',#4945,#4037,#4038);
#3299=AXIS2_PLACEMENT_3D('',#4947,#4039,#4040);
#3300=AXIS2_PLACEMENT_3D('',#4949,#4041,#4042);
#3301=AXIS2_PLACEMENT_3D('',#4951,#4044,#4045);
#3302=AXIS2_PLACEMENT_3D('',#4957,#4049,#4050);
#3303=AXIS2_PLACEMENT_3D('',#4959,#4051,#4052);
#3304=AXIS2_PLACEMENT_3D('',#4961,#4053,#4054);
#3305=AXIS2_PLACEMENT_3D('',#4963,#4056,#4057);
#3306=AXIS2_PLACEMENT_3D('',#4969,#4061,#4062);
#3307=AXIS2_PLACEMENT_3D('',#4971,#4063,#4064);
#3308=AXIS2_PLACEMENT_3D('',#4973,#4065,#4066);
#3309=AXIS2_PLACEMENT_3D('',#4975,#4068,#4069);
#3310=AXIS2_PLACEMENT_3D('',#4981,#4073,#4074);
#3311=AXIS2_PLACEMENT_3D('',#4983,#4075,#4076);
#3312=AXIS2_PLACEMENT_3D('',#4985,#4077,#4078);
#3313=AXIS2_PLACEMENT_3D('',#4987,#4080,#4081);
#3314=AXIS2_PLACEMENT_3D('',#4993,#4085,#4086);
#3315=AXIS2_PLACEMENT_3D('',#4995,#4087,#4088);
#3316=AXIS2_PLACEMENT_3D('',#4997,#4089,#4090);
#3317=AXIS2_PLACEMENT_3D('',#4999,#4092,#4093);
#3318=AXIS2_PLACEMENT_3D('',#5005,#4097,#4098);
#3319=AXIS2_PLACEMENT_3D('',#5007,#4099,#4100);
#3320=AXIS2_PLACEMENT_3D('',#5009,#4101,#4102);
#3321=AXIS2_PLACEMENT_3D('',#5011,#4104,#4105);
#3322=AXIS2_PLACEMENT_3D('',#5017,#4109,#4110);
#3323=AXIS2_PLACEMENT_3D('',#5019,#4111,#4112);
#3324=AXIS2_PLACEMENT_3D('',#5021,#4113,#4114);
#3325=AXIS2_PLACEMENT_3D('',#5023,#4116,#4117);
#3326=AXIS2_PLACEMENT_3D('',#5029,#4121,#4122);
#3327=AXIS2_PLACEMENT_3D('',#5031,#4123,#4124);
#3328=AXIS2_PLACEMENT_3D('',#5033,#4125,#4126);
#3329=AXIS2_PLACEMENT_3D('',#5035,#4128,#4129);
#3330=AXIS2_PLACEMENT_3D('',#5041,#4133,#4134);
#3331=AXIS2_PLACEMENT_3D('',#5043,#4135,#4136);
#3332=AXIS2_PLACEMENT_3D('',#5045,#4137,#4138);
#3333=AXIS2_PLACEMENT_3D('',#5047,#4140,#4141);
#3334=AXIS2_PLACEMENT_3D('',#5053,#4145,#4146);
#3335=AXIS2_PLACEMENT_3D('',#5055,#4147,#4148);
#3336=AXIS2_PLACEMENT_3D('',#5057,#4149,#4150);
#3337=AXIS2_PLACEMENT_3D('',#5059,#4152,#4153);
#3338=AXIS2_PLACEMENT_3D('',#5065,#4157,#4158);
#3339=AXIS2_PLACEMENT_3D('',#5067,#4159,#4160);
#3340=AXIS2_PLACEMENT_3D('',#5069,#4161,#4162);
#3341=AXIS2_PLACEMENT_3D('',#5071,#4164,#4165);
#3342=AXIS2_PLACEMENT_3D('',#5077,#4169,#4170);
#3343=AXIS2_PLACEMENT_3D('',#5079,#4171,#4172);
#3344=AXIS2_PLACEMENT_3D('',#5081,#4173,#4174);
#3345=AXIS2_PLACEMENT_3D('',#5083,#4176,#4177);
#3346=AXIS2_PLACEMENT_3D('',#5089,#4181,#4182);
#3347=AXIS2_PLACEMENT_3D('',#5091,#4183,#4184);
#3348=AXIS2_PLACEMENT_3D('',#5093,#4185,#4186);
#3349=AXIS2_PLACEMENT_3D('',#5095,#4188,#4189);
#3350=AXIS2_PLACEMENT_3D('',#5101,#4193,#4194);
#3351=AXIS2_PLACEMENT_3D('',#5103,#4195,#4196);
#3352=AXIS2_PLACEMENT_3D('',#5105,#4197,#4198);
#3353=AXIS2_PLACEMENT_3D('',#5107,#4200,#4201);
#3354=AXIS2_PLACEMENT_3D('',#5113,#4205,#4206);
#3355=AXIS2_PLACEMENT_3D('',#5115,#4207,#4208);
#3356=AXIS2_PLACEMENT_3D('',#5117,#4209,#4210);
#3357=AXIS2_PLACEMENT_3D('',#5119,#4212,#4213);
#3358=AXIS2_PLACEMENT_3D('',#5125,#4217,#4218);
#3359=AXIS2_PLACEMENT_3D('',#5127,#4219,#4220);
#3360=AXIS2_PLACEMENT_3D('',#5129,#4221,#4222);
#3361=AXIS2_PLACEMENT_3D('',#5131,#4224,#4225);
#3362=AXIS2_PLACEMENT_3D('',#5137,#4229,#4230);
#3363=AXIS2_PLACEMENT_3D('',#5139,#4231,#4232);
#3364=AXIS2_PLACEMENT_3D('',#5141,#4233,#4234);
#3365=AXIS2_PLACEMENT_3D('',#5143,#4236,#4237);
#3366=AXIS2_PLACEMENT_3D('',#5145,#4238,#4239);
#3367=AXIS2_PLACEMENT_3D('',#5147,#4240,#4241);
#3368=AXIS2_PLACEMENT_3D('',#5149,#4243,#4244);
#3369=AXIS2_PLACEMENT_3D('',#5155,#4248,#4249);
#3370=AXIS2_PLACEMENT_3D('',#5157,#4250,#4251);
#3371=AXIS2_PLACEMENT_3D('',#5159,#4252,#4253);
#3372=AXIS2_PLACEMENT_3D('',#5161,#4255,#4256);
#3373=AXIS2_PLACEMENT_3D('',#5167,#4260,#4261);
#3374=AXIS2_PLACEMENT_3D('',#5169,#4262,#4263);
#3375=AXIS2_PLACEMENT_3D('',#5171,#4264,#4265);
#3376=AXIS2_PLACEMENT_3D('',#5173,#4267,#4268);
#3377=AXIS2_PLACEMENT_3D('',#5179,#4272,#4273);
#3378=AXIS2_PLACEMENT_3D('',#5181,#4274,#4275);
#3379=AXIS2_PLACEMENT_3D('',#5183,#4276,#4277);
#3380=AXIS2_PLACEMENT_3D('',#5185,#4279,#4280);
#3381=AXIS2_PLACEMENT_3D('',#5191,#4284,#4285);
#3382=AXIS2_PLACEMENT_3D('',#5193,#4286,#4287);
#3383=AXIS2_PLACEMENT_3D('',#5195,#4288,#4289);
#3384=AXIS2_PLACEMENT_3D('',#5197,#4291,#4292);
#3385=AXIS2_PLACEMENT_3D('',#5203,#4296,#4297);
#3386=AXIS2_PLACEMENT_3D('',#5205,#4298,#4299);
#3387=AXIS2_PLACEMENT_3D('',#5207,#4300,#4301);
#3388=AXIS2_PLACEMENT_3D('',#5209,#4303,#4304);
#3389=AXIS2_PLACEMENT_3D('',#5215,#4308,#4309);
#3390=AXIS2_PLACEMENT_3D('',#5217,#4310,#4311);
#3391=AXIS2_PLACEMENT_3D('',#5219,#4312,#4313);
#3392=AXIS2_PLACEMENT_3D('',#5221,#4315,#4316);
#3393=AXIS2_PLACEMENT_3D('',#5227,#4320,#4321);
#3394=AXIS2_PLACEMENT_3D('',#5229,#4322,#4323);
#3395=AXIS2_PLACEMENT_3D('',#5231,#4324,#4325);
#3396=AXIS2_PLACEMENT_3D('',#5233,#4327,#4328);
#3397=AXIS2_PLACEMENT_3D('',#5236,#4331,#4332);
#3398=AXIS2_PLACEMENT_3D('',#5237,#4333,#4334);
#3399=DIRECTION('axis',(0.,0.,1.));
#3400=DIRECTION('refdir',(1.,0.,0.));
#3401=DIRECTION('center_axis',(0.,0.,1.));
#3402=DIRECTION('ref_axis',(1.,0.,0.));
#3403=DIRECTION('center_axis',(0.,0.,-1.));
#3404=DIRECTION('ref_axis',(1.,0.,0.));
#3405=DIRECTION('',(0.,0.,1.));
#3406=DIRECTION('center_axis',(0.,0.,-1.));
#3407=DIRECTION('ref_axis',(1.,0.,0.));
#3408=DIRECTION('center_axis',(0.,0.,1.));
#3409=DIRECTION('ref_axis',(1.,0.,0.));
#3410=DIRECTION('center_axis',(0.,0.,-1.));
#3411=DIRECTION('ref_axis',(1.,0.,0.));
#3412=DIRECTION('',(0.,0.,1.));
#3413=DIRECTION('center_axis',(0.,0.,-1.));
#3414=DIRECTION('ref_axis',(1.,0.,0.));
#3415=DIRECTION('',(0.,0.,1.));
#3416=DIRECTION('center_axis',(-1.9907140885812E-13,-1.,0.));
#3417=DIRECTION('ref_axis',(1.,-1.9907140885812E-13,0.));
#3418=DIRECTION('',(1.,-1.9907140885812E-13,0.));
#3419=DIRECTION('',(1.,-1.9907140885812E-13,0.));
#3420=DIRECTION('',(0.,0.,1.));
#3421=DIRECTION('center_axis',(0.,0.,1.));
#3422=DIRECTION('ref_axis',(0.,1.,0.));
#3423=DIRECTION('center_axis',(0.,0.,-1.));
#3424=DIRECTION('ref_axis',(0.,1.,0.));
#3425=DIRECTION('center_axis',(0.,0.,-1.));
#3426=DIRECTION('ref_axis',(0.,1.,0.));
#3427=DIRECTION('',(0.,0.,1.));
#3428=DIRECTION('center_axis',(1.,0.,0.));
#3429=DIRECTION('ref_axis',(0.,1.,0.));
#3430=DIRECTION('',(0.,1.,0.));
#3431=DIRECTION('',(0.,1.,0.));
#3432=DIRECTION('',(0.,0.,1.));
#3433=DIRECTION('center_axis',(0.,0.,1.));
#3434=DIRECTION('ref_axis',(-1.,0.,0.));
#3435=DIRECTION('center_axis',(0.,0.,-1.));
#3436=DIRECTION('ref_axis',(-1.,0.,0.));
#3437=DIRECTION('center_axis',(0.,0.,-1.));
#3438=DIRECTION('ref_axis',(-1.,0.,0.));
#3439=DIRECTION('',(0.,0.,1.));
#3440=DIRECTION('center_axis',(0.,1.,0.));
#3441=DIRECTION('ref_axis',(-1.,0.,0.));
#3442=DIRECTION('',(-1.,0.,0.));
#3443=DIRECTION('',(-1.,0.,0.));
#3444=DIRECTION('',(0.,0.,1.));
#3445=DIRECTION('center_axis',(0.,0.,1.));
#3446=DIRECTION('ref_axis',(0.,-1.,0.));
#3447=DIRECTION('center_axis',(0.,0.,-1.));
#3448=DIRECTION('ref_axis',(0.,-1.,0.));
#3449=DIRECTION('center_axis',(0.,0.,-1.));
#3450=DIRECTION('ref_axis',(0.,-1.,0.));
#3451=DIRECTION('',(0.,0.,1.));
#3452=DIRECTION('center_axis',(-1.,-3.07178702301567E-13,0.));
#3453=DIRECTION('ref_axis',(3.07178702301567E-13,-1.,0.));
#3454=DIRECTION('',(3.07178702301567E-13,-1.,0.));
#3455=DIRECTION('',(3.07178702301567E-13,-1.,0.));
#3456=DIRECTION('',(0.,0.,1.));
#3457=DIRECTION('center_axis',(0.,0.,1.));
#3458=DIRECTION('ref_axis',(0.,1.,0.));
#3459=DIRECTION('center_axis',(0.,0.,1.));
#3460=DIRECTION('ref_axis',(0.,1.,0.));
#3461=DIRECTION('center_axis',(0.,0.,1.));
#3462=DIRECTION('ref_axis',(0.,1.,0.));
#3463=DIRECTION('',(0.,0.,1.));
#3464=DIRECTION('center_axis',(0.,1.,0.));
#3465=DIRECTION('ref_axis',(-1.,0.,0.));
#3466=DIRECTION('',(-1.,0.,0.));
#3467=DIRECTION('',(-1.,0.,0.));
#3468=DIRECTION('',(0.,0.,1.));
#3469=DIRECTION('center_axis',(0.,0.,1.));
#3470=DIRECTION('ref_axis',(0.,-1.,0.));
#3471=DIRECTION('center_axis',(0.,0.,-1.));
#3472=DIRECTION('ref_axis',(0.,-1.,0.));
#3473=DIRECTION('center_axis',(0.,0.,-1.));
#3474=DIRECTION('ref_axis',(0.,-1.,0.));
#3475=DIRECTION('',(0.,0.,1.));
#3476=DIRECTION('center_axis',(5.82324928829624E-13,-1.,0.));
#3477=DIRECTION('ref_axis',(1.,5.82324928829624E-13,0.));
#3478=DIRECTION('',(1.,5.82324928829624E-13,0.));
#3479=DIRECTION('',(1.,5.82324928829624E-13,0.));
#3480=DIRECTION('',(0.,0.,1.));
#3481=DIRECTION('center_axis',(0.,0.,1.));
#3482=DIRECTION('ref_axis',(-0.707106781186451,-0.707106781186644,0.));
#3483=DIRECTION('center_axis',(0.,0.,1.));
#3484=DIRECTION('ref_axis',(-0.707106781186451,-0.707106781186644,0.));
#3485=DIRECTION('center_axis',(0.,0.,1.));
#3486=DIRECTION('ref_axis',(-0.707106781186451,-0.707106781186644,0.));
#3487=DIRECTION('',(0.,0.,1.));
#3488=DIRECTION('center_axis',(-0.707106781180245,-0.70710678119285,0.));
#3489=DIRECTION('ref_axis',(0.70710678119285,-0.707106781180245,0.));
#3490=DIRECTION('',(0.70710678119285,-0.707106781180245,0.));
#3491=DIRECTION('',(0.70710678119285,-0.707106781180245,0.));
#3492=DIRECTION('',(0.,0.,1.));
#3493=DIRECTION('center_axis',(0.,0.,1.));
#3494=DIRECTION('ref_axis',(0.707106781193768,0.707106781179327,0.));
#3495=DIRECTION('center_axis',(0.,0.,-1.));
#3496=DIRECTION('ref_axis',(0.707106781193768,0.707106781179327,0.));
#3497=DIRECTION('center_axis',(0.,0.,-1.));
#3498=DIRECTION('ref_axis',(0.707106781193768,0.707106781179327,0.));
#3499=DIRECTION('',(0.,0.,1.));
#3500=DIRECTION('center_axis',(-2.87528023054138E-12,-1.,0.));
#3501=DIRECTION('ref_axis',(1.,-2.87528023054138E-12,0.));
#3502=DIRECTION('',(1.,-2.87528023054138E-12,0.));
#3503=DIRECTION('',(1.,-2.87528023054138E-12,0.));
#3504=DIRECTION('',(0.,0.,1.));
#3505=DIRECTION('center_axis',(0.,0.,1.));
#3506=DIRECTION('ref_axis',(-1.,0.,0.));
#3507=DIRECTION('center_axis',(0.,0.,1.));
#3508=DIRECTION('ref_axis',(-1.,0.,0.));
#3509=DIRECTION('center_axis',(0.,0.,1.));
#3510=DIRECTION('ref_axis',(-1.,0.,0.));
#3511=DIRECTION('',(0.,0.,1.));
#3512=DIRECTION('center_axis',(-1.,6.79945201686482E-13,0.));
#3513=DIRECTION('ref_axis',(-6.79945201686482E-13,-1.,0.));
#3514=DIRECTION('',(-6.79945201686482E-13,-1.,0.));
#3515=DIRECTION('',(-6.79945201686482E-13,-1.,0.));
#3516=DIRECTION('center_axis',(1.,0.,0.));
#3517=DIRECTION('ref_axis',(0.,1.,0.));
#3518=DIRECTION('',(0.,1.,0.));
#3519=DIRECTION('',(0.,0.,1.));
#3520=DIRECTION('',(0.,1.,0.));
#3521=DIRECTION('',(0.,0.,1.));
#3522=DIRECTION('center_axis',(0.,0.,1.));
#3523=DIRECTION('ref_axis',(-1.,0.,0.));
#3524=DIRECTION('center_axis',(0.,0.,-1.));
#3525=DIRECTION('ref_axis',(-1.,0.,0.));
#3526=DIRECTION('center_axis',(0.,0.,-1.));
#3527=DIRECTION('ref_axis',(-1.,0.,0.));
#3528=DIRECTION('',(0.,0.,1.));
#3529=DIRECTION('center_axis',(-1.,0.,0.));
#3530=DIRECTION('ref_axis',(0.,-1.,0.));
#3531=DIRECTION('',(0.,-1.,0.));
#3532=DIRECTION('',(0.,-1.,0.));
#3533=DIRECTION('',(0.,0.,1.));
#3534=DIRECTION('center_axis',(0.,0.,1.));
#3535=DIRECTION('ref_axis',(1.,0.,0.));
#3536=DIRECTION('center_axis',(0.,0.,-1.));
#3537=DIRECTION('ref_axis',(1.,0.,0.));
#3538=DIRECTION('center_axis',(0.,0.,-1.));
#3539=DIRECTION('ref_axis',(1.,0.,0.));
#3540=DIRECTION('center_axis',(0.,0.,1.));
#3541=DIRECTION('ref_axis',(0.877829022201072,-0.478974120158397,0.));
#3542=DIRECTION('center_axis',(0.,0.,1.));
#3543=DIRECTION('ref_axis',(0.877829022201072,-0.478974120158397,0.));
#3544=DIRECTION('',(0.,0.,1.));
#3545=DIRECTION('center_axis',(0.,0.,1.));
#3546=DIRECTION('ref_axis',(0.877829022201072,-0.478974120158397,0.));
#3547=DIRECTION('',(0.,0.,1.));
#3548=DIRECTION('center_axis',(0.,0.,1.));
#3549=DIRECTION('ref_axis',(-0.877829022220316,0.478974120123127,0.));
#3550=DIRECTION('center_axis',(0.,0.,-1.));
#3551=DIRECTION('ref_axis',(-0.877829022220316,0.478974120123127,0.));
#3552=DIRECTION('center_axis',(0.,0.,-1.));
#3553=DIRECTION('ref_axis',(-0.877829022220316,0.478974120123127,0.));
#3554=DIRECTION('',(0.,0.,1.));
#3555=DIRECTION('center_axis',(0.,0.,1.));
#3556=DIRECTION('ref_axis',(0.151060990105512,-0.988524444446541,0.));
#3557=DIRECTION('center_axis',(0.,0.,1.));
#3558=DIRECTION('ref_axis',(0.151060990105512,-0.988524444446541,0.));
#3559=DIRECTION('center_axis',(0.,0.,1.));
#3560=DIRECTION('ref_axis',(0.151060990105512,-0.988524444446541,0.));
#3561=DIRECTION('',(0.,0.,1.));
#3562=DIRECTION('center_axis',(0.,0.,1.));
#3563=DIRECTION('ref_axis',(-0.707106781186927,-0.707106781186168,0.));
#3564=DIRECTION('center_axis',(0.,0.,-1.));
#3565=DIRECTION('ref_axis',(-0.151060990104843,0.988524444446643,0.));
#3566=DIRECTION('center_axis',(0.,0.,-1.));
#3567=DIRECTION('ref_axis',(-0.151060990104843,0.988524444446643,0.));
#3568=DIRECTION('',(0.,0.,1.));
#3569=DIRECTION('center_axis',(0.,0.,1.));
#3570=DIRECTION('ref_axis',(0.478974120127583,0.877829022217885,0.));
#3571=DIRECTION('center_axis',(0.,0.,1.));
#3572=DIRECTION('ref_axis',(0.478974120127583,0.877829022217885,0.));
#3573=DIRECTION('center_axis',(0.,0.,1.));
#3574=DIRECTION('ref_axis',(0.478974120127583,0.877829022217885,0.));
#3575=DIRECTION('',(0.,0.,1.));
#3576=DIRECTION('center_axis',(0.,0.,1.));
#3577=DIRECTION('ref_axis',(-0.478974120125371,-0.877829022219092,0.));
#3578=DIRECTION('center_axis',(0.,0.,-1.));
#3579=DIRECTION('ref_axis',(-0.478974120125371,-0.877829022219092,0.));
#3580=DIRECTION('center_axis',(0.,0.,-1.));
#3581=DIRECTION('ref_axis',(-0.478974120125371,-0.877829022219092,0.));
#3582=DIRECTION('',(0.,0.,1.));
#3583=DIRECTION('center_axis',(0.,0.,1.));
#3584=DIRECTION('ref_axis',(0.988524444447173,0.151060990101379,0.));
#3585=DIRECTION('center_axis',(0.,0.,1.));
#3586=DIRECTION('ref_axis',(0.988524444447173,0.151060990101379,0.));
#3587=DIRECTION('center_axis',(0.,0.,1.));
#3588=DIRECTION('ref_axis',(0.988524444447173,0.151060990101379,0.));
#3589=DIRECTION('',(0.,0.,1.));
#3590=DIRECTION('center_axis',(0.,0.,1.));
#3591=DIRECTION('ref_axis',(0.707106781187549,-0.707106781185546,0.));
#3592=DIRECTION('center_axis',(0.,0.,-1.));
#3593=DIRECTION('ref_axis',(-0.988524444445766,-0.15106099011058,0.));
#3594=DIRECTION('center_axis',(0.,0.,-1.));
#3595=DIRECTION('ref_axis',(-0.988524444445766,-0.15106099011058,0.));
#3596=DIRECTION('',(0.,0.,1.));
#3597=DIRECTION('center_axis',(0.,0.,1.));
#3598=DIRECTION('ref_axis',(-0.877829022201561,0.478974120157501,0.));
#3599=DIRECTION('center_axis',(0.,0.,1.));
#3600=DIRECTION('ref_axis',(-0.877829022201561,0.478974120157501,0.));
#3601=DIRECTION('center_axis',(0.,0.,1.));
#3602=DIRECTION('ref_axis',(-0.877829022201561,0.478974120157501,0.));
#3603=DIRECTION('',(0.,0.,1.));
#3604=DIRECTION('center_axis',(0.,0.,1.));
#3605=DIRECTION('ref_axis',(0.877829022220316,-0.478974120123127,0.));
#3606=DIRECTION('center_axis',(0.,0.,-1.));
#3607=DIRECTION('ref_axis',(0.877829022220316,-0.478974120123127,0.));
#3608=DIRECTION('center_axis',(0.,0.,-1.));
#3609=DIRECTION('ref_axis',(0.877829022220316,-0.478974120123127,0.));
#3610=DIRECTION('',(0.,0.,1.));
#3611=DIRECTION('center_axis',(0.,0.,1.));
#3612=DIRECTION('ref_axis',(-0.15106099011318,0.988524444445369,0.));
#3613=DIRECTION('center_axis',(0.,0.,1.));
#3614=DIRECTION('ref_axis',(-0.15106099011318,0.988524444445369,0.));
#3615=DIRECTION('center_axis',(0.,0.,1.));
#3616=DIRECTION('ref_axis',(-0.15106099011318,0.988524444445369,0.));
#3617=DIRECTION('',(0.,0.,1.));
#3618=DIRECTION('center_axis',(0.,0.,1.));
#3619=DIRECTION('ref_axis',(0.707106781185073,0.707106781188022,0.));
#3620=DIRECTION('center_axis',(0.,0.,-1.));
#3621=DIRECTION('ref_axis',(0.151060990105464,-0.988524444446548,0.));
#3622=DIRECTION('center_axis',(0.,0.,-1.));
#3623=DIRECTION('ref_axis',(0.151060990105464,-0.988524444446548,0.));
#3624=DIRECTION('',(0.,0.,1.));
#3625=DIRECTION('center_axis',(0.,0.,1.));
#3626=DIRECTION('ref_axis',(-0.478974120110558,-0.877829022227174,0.));
#3627=DIRECTION('center_axis',(0.,0.,1.));
#3628=DIRECTION('ref_axis',(-0.478974120110558,-0.877829022227174,0.));
#3629=DIRECTION('center_axis',(0.,0.,1.));
#3630=DIRECTION('ref_axis',(-0.478974120110558,-0.877829022227174,0.));
#3631=DIRECTION('',(0.,0.,1.));
#3632=DIRECTION('center_axis',(0.,0.,1.));
#3633=DIRECTION('ref_axis',(0.478974120127462,0.877829022217951,0.));
#3634=DIRECTION('center_axis',(0.,0.,-1.));
#3635=DIRECTION('ref_axis',(0.478974120127462,0.877829022217951,0.));
#3636=DIRECTION('center_axis',(0.,0.,-1.));
#3637=DIRECTION('ref_axis',(0.478974120127462,0.877829022217951,0.));
#3638=DIRECTION('',(0.,0.,1.));
#3639=DIRECTION('center_axis',(0.,0.,1.));
#3640=DIRECTION('ref_axis',(-0.988524444447194,-0.15106099010124,0.));
#3641=DIRECTION('center_axis',(0.,0.,1.));
#3642=DIRECTION('ref_axis',(-0.988524444447194,-0.15106099010124,0.));
#3643=DIRECTION('center_axis',(0.,0.,1.));
#3644=DIRECTION('ref_axis',(-0.988524444447194,-0.15106099010124,0.));
#3645=DIRECTION('',(0.,0.,1.));
#3646=DIRECTION('center_axis',(0.,0.,1.));
#3647=DIRECTION('ref_axis',(-0.70710678118669,0.707106781186405,0.));
#3648=DIRECTION('center_axis',(0.,0.,-1.));
#3649=DIRECTION('ref_axis',(0.988524444446472,0.151060990105961,0.));
#3650=DIRECTION('center_axis',(0.,0.,-1.));
#3651=DIRECTION('ref_axis',(0.988524444446472,0.151060990105961,0.));
#3652=DIRECTION('center_axis',(0.,0.,1.));
#3653=DIRECTION('ref_axis',(1.,0.,0.));
#3654=DIRECTION('center_axis',(0.,0.,-1.));
#3655=DIRECTION('ref_axis',(1.,0.,0.));
#3656=DIRECTION('',(0.,0.,1.));
#3657=DIRECTION('center_axis',(0.,0.,-1.));
#3658=DIRECTION('ref_axis',(1.,0.,0.));
#3659=DIRECTION('center_axis',(0.,0.,1.));
#3660=DIRECTION('ref_axis',(1.,0.,0.));
#3661=DIRECTION('center_axis',(0.,0.,-1.));
#3662=DIRECTION('ref_axis',(1.,0.,0.));
#3663=DIRECTION('',(0.,0.,1.));
#3664=DIRECTION('center_axis',(0.,0.,-1.));
#3665=DIRECTION('ref_axis',(1.,0.,0.));
#3666=DIRECTION('center_axis',(0.,1.,0.));
#3667=DIRECTION('ref_axis',(-1.,0.,0.));
#3668=DIRECTION('',(-1.,0.,0.));
#3669=DIRECTION('',(0.,0.,1.));
#3670=DIRECTION('',(-1.,0.,0.));
#3671=DIRECTION('',(0.,0.,1.));
#3672=DIRECTION('center_axis',(0.,0.,1.));
#3673=DIRECTION('ref_axis',(9.45203511419496E-13,1.,0.));
#3674=DIRECTION('center_axis',(0.,0.,-1.));
#3675=DIRECTION('ref_axis',(0.615830346449864,-0.787878787880116,0.));
#3676=DIRECTION('center_axis',(0.,0.,-1.));
#3677=DIRECTION('ref_axis',(0.615830346449864,-0.787878787880116,0.));
#3678=DIRECTION('center_axis',(-1.74817611518964E-14,1.,0.));
#3679=DIRECTION('ref_axis',(-1.,-1.74817611518964E-14,0.));
#3680=DIRECTION('',(-1.,-1.74817611518964E-14,0.));
#3681=DIRECTION('',(0.,0.,1.));
#3682=DIRECTION('',(-1.,-1.74817611518964E-14,0.));
#3683=DIRECTION('',(0.,0.,1.));
#3684=DIRECTION('center_axis',(0.,0.,1.));
#3685=DIRECTION('ref_axis',(-2.34660775659409E-14,1.,0.));
#3686=DIRECTION('center_axis',(0.,0.,-1.));
#3687=DIRECTION('ref_axis',(0.615830346446552,-0.787878787882705,0.));
#3688=DIRECTION('center_axis',(0.,0.,-1.));
#3689=DIRECTION('ref_axis',(0.615830346446552,-0.787878787882705,0.));
#3690=DIRECTION('center_axis',(0.,0.,1.));
#3691=DIRECTION('ref_axis',(1.,0.,0.));
#3692=DIRECTION('center_axis',(0.,0.,-1.));
#3693=DIRECTION('ref_axis',(1.,0.,0.));
#3694=DIRECTION('',(0.,0.,1.));
#3695=DIRECTION('center_axis',(0.,0.,-1.));
#3696=DIRECTION('ref_axis',(1.,0.,0.));
#3697=DIRECTION('center_axis',(0.,0.,1.));
#3698=DIRECTION('ref_axis',(1.,0.,0.));
#3699=DIRECTION('center_axis',(0.,0.,-1.));
#3700=DIRECTION('ref_axis',(1.,0.,0.));
#3701=DIRECTION('',(0.,0.,1.));
#3702=DIRECTION('center_axis',(0.,0.,-1.));
#3703=DIRECTION('ref_axis',(1.,0.,0.));
#3704=DIRECTION('center_axis',(0.,0.,1.));
#3705=DIRECTION('ref_axis',(1.,0.,0.));
#3706=DIRECTION('center_axis',(0.,0.,-1.));
#3707=DIRECTION('ref_axis',(1.,0.,0.));
#3708=DIRECTION('',(0.,0.,1.));
#3709=DIRECTION('center_axis',(0.,0.,-1.));
#3710=DIRECTION('ref_axis',(1.,0.,0.));
#3711=DIRECTION('center_axis',(0.,0.,1.));
#3712=DIRECTION('ref_axis',(1.,0.,0.));
#3713=DIRECTION('center_axis',(0.,0.,-1.));
#3714=DIRECTION('ref_axis',(1.,0.,0.));
#3715=DIRECTION('',(0.,0.,1.));
#3716=DIRECTION('center_axis',(0.,0.,-1.));
#3717=DIRECTION('ref_axis',(1.,0.,0.));
#3718=DIRECTION('center_axis',(0.,0.,1.));
#3719=DIRECTION('ref_axis',(1.,0.,0.));
#3720=DIRECTION('center_axis',(0.,0.,-1.));
#3721=DIRECTION('ref_axis',(1.,0.,0.));
#3722=DIRECTION('',(0.,0.,1.));
#3723=DIRECTION('center_axis',(0.,0.,-1.));
#3724=DIRECTION('ref_axis',(1.,0.,0.));
#3725=DIRECTION('center_axis',(0.,0.,1.));
#3726=DIRECTION('ref_axis',(1.,0.,0.));
#3727=DIRECTION('center_axis',(0.,0.,-1.));
#3728=DIRECTION('ref_axis',(1.,0.,0.));
#3729=DIRECTION('',(0.,0.,1.));
#3730=DIRECTION('center_axis',(0.,0.,-1.));
#3731=DIRECTION('ref_axis',(1.,0.,0.));
#3732=DIRECTION('center_axis',(0.,0.,1.));
#3733=DIRECTION('ref_axis',(1.,0.,0.));
#3734=DIRECTION('center_axis',(0.,0.,-1.));
#3735=DIRECTION('ref_axis',(1.,0.,0.));
#3736=DIRECTION('',(0.,0.,1.));
#3737=DIRECTION('center_axis',(0.,0.,-1.));
#3738=DIRECTION('ref_axis',(1.,0.,0.));
#3739=DIRECTION('center_axis',(0.,0.,1.));
#3740=DIRECTION('ref_axis',(0.707106781187641,-0.707106781185454,0.));
#3741=DIRECTION('center_axis',(0.,0.,1.));
#3742=DIRECTION('ref_axis',(0.707106781187641,-0.707106781185454,0.));
#3743=DIRECTION('',(0.,0.,1.));
#3744=DIRECTION('center_axis',(0.,0.,-1.));
#3745=DIRECTION('ref_axis',(0.707106781187641,-0.707106781185454,0.));
#3746=DIRECTION('',(0.,0.,1.));
#3747=DIRECTION('center_axis',(-1.,0.,0.));
#3748=DIRECTION('ref_axis',(0.,-1.,0.));
#3749=DIRECTION('',(0.,-1.,0.));
#3750=DIRECTION('',(0.,-1.,0.));
#3751=DIRECTION('',(0.,0.,1.));
#3752=DIRECTION('center_axis',(0.,0.,1.));
#3753=DIRECTION('ref_axis',(-0.727728984410202,0.685864800998925,0.));
#3754=DIRECTION('center_axis',(0.,0.,1.));
#3755=DIRECTION('ref_axis',(-0.727728984410202,0.685864800998925,0.));
#3756=DIRECTION('center_axis',(0.,0.,1.));
#3757=DIRECTION('ref_axis',(-0.727728984410202,0.685864800998925,0.));
#3758=DIRECTION('',(0.,0.,1.));
#3759=DIRECTION('center_axis',(0.,0.,1.));
#3760=DIRECTION('ref_axis',(0.,1.,0.));
#3761=DIRECTION('center_axis',(0.,0.,1.));
#3762=DIRECTION('ref_axis',(0.,1.,0.));
#3763=DIRECTION('center_axis',(0.,0.,1.));
#3764=DIRECTION('ref_axis',(0.,1.,0.));
#3765=DIRECTION('',(0.,0.,1.));
#3766=DIRECTION('center_axis',(0.,1.,0.));
#3767=DIRECTION('ref_axis',(-1.,0.,0.));
#3768=DIRECTION('',(1.,0.,0.));
#3769=DIRECTION('',(-1.,0.,0.));
#3770=DIRECTION('',(0.,0.,1.));
#3771=DIRECTION('center_axis',(0.,0.,1.));
#3772=DIRECTION('ref_axis',(0.,-1.,0.));
#3773=DIRECTION('center_axis',(0.,0.,1.));
#3774=DIRECTION('ref_axis',(0.,-1.,0.));
#3775=DIRECTION('center_axis',(0.,0.,-1.));
#3776=DIRECTION('ref_axis',(0.,-1.,0.));
#3777=DIRECTION('',(0.,0.,1.));
#3778=DIRECTION('center_axis',(-1.,4.9054560587209E-13,0.));
#3779=DIRECTION('ref_axis',(-4.9054560587209E-13,-1.,0.));
#3780=DIRECTION('',(-4.9054560587209E-13,-1.,0.));
#3781=DIRECTION('',(-4.9054560587209E-13,-1.,0.));
#3782=DIRECTION('',(0.,0.,1.));
#3783=DIRECTION('center_axis',(0.,0.,1.));
#3784=DIRECTION('ref_axis',(1.,0.,0.));
#3785=DIRECTION('center_axis',(0.,0.,1.));
#3786=DIRECTION('ref_axis',(1.,0.,0.));
#3787=DIRECTION('center_axis',(0.,0.,-1.));
#3788=DIRECTION('ref_axis',(1.,0.,0.));
#3789=DIRECTION('',(0.,0.,1.));
#3790=DIRECTION('center_axis',(-0.707106781186548,-0.707106781186548,0.));
#3791=DIRECTION('ref_axis',(0.707106781186548,-0.707106781186548,0.));
#3792=DIRECTION('',(-0.707106781186547,0.707106781186547,0.));
#3793=DIRECTION('',(0.707106781186547,-0.707106781186547,0.));
#3794=DIRECTION('',(0.,0.,1.));
#3795=DIRECTION('center_axis',(0.,0.,1.));
#3796=DIRECTION('ref_axis',(-1.,0.,0.));
#3797=DIRECTION('center_axis',(0.,0.,1.));
#3798=DIRECTION('ref_axis',(-1.,0.,0.));
#3799=DIRECTION('center_axis',(0.,0.,1.));
#3800=DIRECTION('ref_axis',(-1.,0.,0.));
#3801=DIRECTION('',(0.,0.,1.));
#3802=DIRECTION('center_axis',(-1.,0.,0.));
#3803=DIRECTION('ref_axis',(0.,-1.,0.));
#3804=DIRECTION('',(0.,-1.,0.));
#3805=DIRECTION('',(0.,-1.,0.));
#3806=DIRECTION('',(0.,0.,1.));
#3807=DIRECTION('center_axis',(0.,0.,1.));
#3808=DIRECTION('ref_axis',(-0.707106781189434,0.707106781183661,0.));
#3809=DIRECTION('center_axis',(0.,0.,1.));
#3810=DIRECTION('ref_axis',(-0.707106781189434,0.707106781183661,0.));
#3811=DIRECTION('center_axis',(0.,0.,1.));
#3812=DIRECTION('ref_axis',(-0.707106781189434,0.707106781183661,0.));
#3813=DIRECTION('',(0.,0.,1.));
#3814=DIRECTION('center_axis',(-0.707106781186522,0.707106781186573,0.));
#3815=DIRECTION('ref_axis',(-0.707106781186573,-0.707106781186522,0.));
#3816=DIRECTION('',(-0.707106781186573,-0.707106781186522,0.));
#3817=DIRECTION('',(-0.707106781186573,-0.707106781186522,0.));
#3818=DIRECTION('',(0.,0.,1.));
#3819=DIRECTION('center_axis',(0.,0.,1.));
#3820=DIRECTION('ref_axis',(0.707106781189268,-0.707106781183828,0.));
#3821=DIRECTION('center_axis',(0.,0.,1.));
#3822=DIRECTION('ref_axis',(0.707106781189268,-0.707106781183828,0.));
#3823=DIRECTION('center_axis',(0.,0.,-1.));
#3824=DIRECTION('ref_axis',(0.707106781189268,-0.707106781183828,0.));
#3825=DIRECTION('',(0.,0.,1.));
#3826=DIRECTION('center_axis',(-1.,-4.14459686055459E-13,0.));
#3827=DIRECTION('ref_axis',(4.14459686055459E-13,-1.,0.));
#3828=DIRECTION('',(4.14459686055459E-13,-1.,0.));
#3829=DIRECTION('',(4.14459686055459E-13,-1.,0.));
#3830=DIRECTION('',(0.,0.,1.));
#3831=DIRECTION('center_axis',(0.,0.,1.));
#3832=DIRECTION('ref_axis',(-0.707106781185454,0.707106781187641,0.));
#3833=DIRECTION('center_axis',(0.,0.,1.));
#3834=DIRECTION('ref_axis',(-0.707106781185454,0.707106781187641,0.));
#3835=DIRECTION('center_axis',(0.,0.,1.));
#3836=DIRECTION('ref_axis',(-0.707106781185454,0.707106781187641,0.));
#3837=DIRECTION('',(0.,0.,1.));
#3838=DIRECTION('center_axis',(-0.707106781187766,0.707106781185329,0.));
#3839=DIRECTION('ref_axis',(-0.707106781185329,-0.707106781187766,0.));
#3840=DIRECTION('',(0.707106781185329,0.707106781187766,0.));
#3841=DIRECTION('',(-0.707106781185329,-0.707106781187766,0.));
#3842=DIRECTION('',(0.,0.,1.));
#3843=DIRECTION('center_axis',(0.,0.,1.));
#3844=DIRECTION('ref_axis',(0.,1.,0.));
#3845=DIRECTION('center_axis',(0.,0.,1.));
#3846=DIRECTION('ref_axis',(0.,1.,0.));
#3847=DIRECTION('center_axis',(0.,0.,1.));
#3848=DIRECTION('ref_axis',(0.,1.,0.));
#3849=DIRECTION('',(0.,0.,1.));
#3850=DIRECTION('center_axis',(0.,1.,0.));
#3851=DIRECTION('ref_axis',(-1.,0.,0.));
#3852=DIRECTION('',(-1.,0.,0.));
#3853=DIRECTION('',(-1.,0.,0.));
#3854=DIRECTION('',(0.,0.,1.));
#3855=DIRECTION('center_axis',(0.,0.,1.));
#3856=DIRECTION('ref_axis',(0.,-1.,0.));
#3857=DIRECTION('center_axis',(0.,0.,1.));
#3858=DIRECTION('ref_axis',(0.,-1.,0.));
#3859=DIRECTION('center_axis',(0.,0.,-1.));
#3860=DIRECTION('ref_axis',(0.,-1.,0.));
#3861=DIRECTION('',(0.,0.,1.));
#3862=DIRECTION('center_axis',(-9.05878767244634E-13,-1.,0.));
#3863=DIRECTION('ref_axis',(1.,-9.05878767244634E-13,0.));
#3864=DIRECTION('',(-1.,9.05878767244634E-13,0.));
#3865=DIRECTION('',(1.,-9.05878767244634E-13,0.));
#3866=DIRECTION('',(0.,0.,1.));
#3867=DIRECTION('center_axis',(0.,0.,1.));
#3868=DIRECTION('ref_axis',(-0.707106781187599,-0.707106781185496,0.));
#3869=DIRECTION('center_axis',(0.,0.,1.));
#3870=DIRECTION('ref_axis',(-0.707106781187599,-0.707106781185496,0.));
#3871=DIRECTION('center_axis',(0.,0.,1.));
#3872=DIRECTION('ref_axis',(-0.707106781187599,-0.707106781185496,0.));
#3873=DIRECTION('',(0.,0.,1.));
#3874=DIRECTION('center_axis',(-0.707106781186473,-0.707106781186622,0.));
#3875=DIRECTION('ref_axis',(0.707106781186622,-0.707106781186473,0.));
#3876=DIRECTION('',(-0.707106781186622,0.707106781186473,0.));
#3877=DIRECTION('',(0.707106781186622,-0.707106781186473,0.));
#3878=DIRECTION('',(0.,0.,1.));
#3879=DIRECTION('center_axis',(0.,0.,1.));
#3880=DIRECTION('ref_axis',(-1.,0.,0.));
#3881=DIRECTION('center_axis',(0.,0.,1.));
#3882=DIRECTION('ref_axis',(-1.,0.,0.));
#3883=DIRECTION('center_axis',(0.,0.,1.));
#3884=DIRECTION('ref_axis',(-1.,0.,0.));
#3885=DIRECTION('',(0.,0.,1.));
#3886=DIRECTION('center_axis',(-1.,0.,0.));
#3887=DIRECTION('ref_axis',(0.,-1.,0.));
#3888=DIRECTION('',(0.,-1.,0.));
#3889=DIRECTION('',(0.,-1.,0.));
#3890=DIRECTION('',(0.,0.,1.));
#3891=DIRECTION('center_axis',(0.,0.,1.));
#3892=DIRECTION('ref_axis',(1.,0.,0.));
#3893=DIRECTION('center_axis',(0.,0.,1.));
#3894=DIRECTION('ref_axis',(1.,0.,0.));
#3895=DIRECTION('center_axis',(0.,0.,-1.));
#3896=DIRECTION('ref_axis',(1.,0.,0.));
#3897=DIRECTION('',(0.,0.,1.));
#3898=DIRECTION('center_axis',(-0.707106781189049,-0.707106781184046,0.));
#3899=DIRECTION('ref_axis',(0.707106781184046,-0.707106781189049,0.));
#3900=DIRECTION('',(-0.707106781184046,0.707106781189049,0.));
#3901=DIRECTION('',(0.707106781184046,-0.707106781189049,0.));
#3902=DIRECTION('',(0.,0.,1.));
#3903=DIRECTION('center_axis',(0.,0.,1.));
#3904=DIRECTION('ref_axis',(-1.,0.,0.));
#3905=DIRECTION('center_axis',(0.,0.,1.));
#3906=DIRECTION('ref_axis',(-1.,0.,0.));
#3907=DIRECTION('center_axis',(0.,0.,1.));
#3908=DIRECTION('ref_axis',(-1.,0.,0.));
#3909=DIRECTION('',(0.,0.,1.));
#3910=DIRECTION('center_axis',(-1.,0.,0.));
#3911=DIRECTION('ref_axis',(0.,-1.,0.));
#3912=DIRECTION('',(0.,1.,0.));
#3913=DIRECTION('',(0.,-1.,0.));
#3914=DIRECTION('',(0.,0.,1.));
#3915=DIRECTION('center_axis',(0.,0.,1.));
#3916=DIRECTION('ref_axis',(-0.707106781183828,0.707106781189268,0.));
#3917=DIRECTION('center_axis',(0.,0.,1.));
#3918=DIRECTION('ref_axis',(-0.707106781183828,0.707106781189268,0.));
#3919=DIRECTION('center_axis',(0.,0.,1.));
#3920=DIRECTION('ref_axis',(-0.707106781183828,0.707106781189268,0.));
#3921=DIRECTION('',(0.,0.,1.));
#3922=DIRECTION('center_axis',(-0.70710678118771,0.707106781185385,0.));
#3923=DIRECTION('ref_axis',(-0.707106781185385,-0.70710678118771,0.));
#3924=DIRECTION('',(-0.707106781185385,-0.70710678118771,0.));
#3925=DIRECTION('',(-0.707106781185385,-0.70710678118771,0.));
#3926=DIRECTION('',(0.,0.,1.));
#3927=DIRECTION('center_axis',(0.,0.,1.));
#3928=DIRECTION('ref_axis',(0.707106781186548,-0.707106781186548,0.));
#3929=DIRECTION('center_axis',(0.,0.,1.));
#3930=DIRECTION('ref_axis',(0.707106781186548,-0.707106781186548,0.));
#3931=DIRECTION('center_axis',(0.,0.,-1.));
#3932=DIRECTION('ref_axis',(0.707106781186548,-0.707106781186548,0.));
#3933=DIRECTION('',(0.,0.,1.));
#3934=DIRECTION('center_axis',(-1.,0.,0.));
#3935=DIRECTION('ref_axis',(0.,-1.,0.));
#3936=DIRECTION('',(0.,-1.,0.));
#3937=DIRECTION('',(0.,-1.,0.));
#3938=DIRECTION('',(0.,0.,1.));
#3939=DIRECTION('center_axis',(0.,0.,1.));
#3940=DIRECTION('ref_axis',(1.,0.,0.));
#3941=DIRECTION('center_axis',(0.,0.,1.));
#3942=DIRECTION('ref_axis',(1.,0.,0.));
#3943=DIRECTION('center_axis',(0.,0.,-1.));
#3944=DIRECTION('ref_axis',(1.,0.,0.));
#3945=DIRECTION('',(0.,0.,1.));
#3946=DIRECTION('center_axis',(-3.69022578084742E-13,-1.,0.));
#3947=DIRECTION('ref_axis',(1.,-3.69022578084742E-13,0.));
#3948=DIRECTION('',(1.,-3.69022578084742E-13,0.));
#3949=DIRECTION('',(1.,-3.69022578084742E-13,0.));
#3950=DIRECTION('',(0.,0.,1.));
#3951=DIRECTION('center_axis',(0.,0.,1.));
#3952=DIRECTION('ref_axis',(-0.727729848834464,-0.685863883810314,0.));
#3953=DIRECTION('center_axis',(0.,0.,1.));
#3954=DIRECTION('ref_axis',(-0.727729848834464,-0.685863883810314,0.));
#3955=DIRECTION('center_axis',(0.,0.,1.));
#3956=DIRECTION('ref_axis',(-0.727729848834464,-0.685863883810314,0.));
#3957=DIRECTION('',(0.,0.,1.));
#3958=DIRECTION('center_axis',(0.,0.,1.));
#3959=DIRECTION('ref_axis',(0.,1.,0.));
#3960=DIRECTION('center_axis',(0.,0.,1.));
#3961=DIRECTION('ref_axis',(0.,1.,0.));
#3962=DIRECTION('center_axis',(0.,0.,1.));
#3963=DIRECTION('ref_axis',(0.,1.,0.));
#3964=DIRECTION('',(0.,0.,1.));
#3965=DIRECTION('center_axis',(0.,1.,0.));
#3966=DIRECTION('ref_axis',(-1.,0.,0.));
#3967=DIRECTION('',(1.,0.,0.));
#3968=DIRECTION('',(-1.,0.,0.));
#3969=DIRECTION('',(0.,0.,1.));
#3970=DIRECTION('center_axis',(0.,0.,1.));
#3971=DIRECTION('ref_axis',(0.707106781188355,0.70710678118474,0.));
#3972=DIRECTION('center_axis',(0.,0.,1.));
#3973=DIRECTION('ref_axis',(0.707106781188355,0.70710678118474,0.));
#3974=DIRECTION('center_axis',(0.,0.,1.));
#3975=DIRECTION('ref_axis',(0.707106781188355,0.70710678118474,0.));
#3976=DIRECTION('',(0.,0.,1.));
#3977=DIRECTION('center_axis',(0.707106781187518,0.707106781185578,0.));
#3978=DIRECTION('ref_axis',(-0.707106781185578,0.707106781187518,0.));
#3979=DIRECTION('',(0.707106781185578,-0.707106781187517,0.));
#3980=DIRECTION('',(-0.707106781185578,0.707106781187517,0.));
#3981=DIRECTION('',(0.,0.,1.));
#3982=DIRECTION('center_axis',(0.,0.,1.));
#3983=DIRECTION('ref_axis',(1.,0.,0.));
#3984=DIRECTION('center_axis',(0.,0.,1.));
#3985=DIRECTION('ref_axis',(1.,0.,0.));
#3986=DIRECTION('center_axis',(0.,0.,1.));
#3987=DIRECTION('ref_axis',(1.,0.,0.));
#3988=DIRECTION('',(0.,0.,1.));
#3989=DIRECTION('center_axis',(1.,0.,0.));
#3990=DIRECTION('ref_axis',(0.,1.,0.));
#3991=DIRECTION('',(0.,1.,0.));
#3992=DIRECTION('',(0.,1.,0.));
#3993=DIRECTION('',(0.,0.,1.));
#3994=DIRECTION('center_axis',(0.,0.,1.));
#3995=DIRECTION('ref_axis',(-1.,0.,0.));
#3996=DIRECTION('center_axis',(0.,0.,1.));
#3997=DIRECTION('ref_axis',(-1.,0.,0.));
#3998=DIRECTION('center_axis',(0.,0.,-1.));
#3999=DIRECTION('ref_axis',(-1.,0.,0.));
#4000=DIRECTION('',(0.,0.,1.));
#4001=DIRECTION('center_axis',(-1.,0.,0.));
#4002=DIRECTION('ref_axis',(0.,-1.,0.));
#4003=DIRECTION('',(0.,1.,0.));
#4004=DIRECTION('',(0.,-1.,0.));
#4005=DIRECTION('',(0.,0.,1.));
#4006=DIRECTION('center_axis',(0.,0.,1.));
#4007=DIRECTION('ref_axis',(-0.707106781186568,0.707106781186527,0.));
#4008=DIRECTION('center_axis',(0.,0.,1.));
#4009=DIRECTION('ref_axis',(-0.707106781186568,0.707106781186527,0.));
#4010=DIRECTION('center_axis',(0.,0.,1.));
#4011=DIRECTION('ref_axis',(-0.707106781186568,0.707106781186527,0.));
#4012=DIRECTION('',(0.,0.,1.));
#4013=DIRECTION('center_axis',(-0.70710678118503,0.707106781188065,0.));
#4014=DIRECTION('ref_axis',(-0.707106781188065,-0.70710678118503,0.));
#4015=DIRECTION('',(0.707106781188065,0.70710678118503,0.));
#4016=DIRECTION('',(-0.707106781188065,-0.70710678118503,0.));
#4017=DIRECTION('',(0.,0.,1.));
#4018=DIRECTION('center_axis',(0.,0.,1.));
#4019=DIRECTION('ref_axis',(0.,1.,0.));
#4020=DIRECTION('center_axis',(0.,0.,1.));
#4021=DIRECTION('ref_axis',(0.,1.,0.));
#4022=DIRECTION('center_axis',(0.,0.,1.));
#4023=DIRECTION('ref_axis',(0.,1.,0.));
#4024=DIRECTION('',(0.,0.,1.));
#4025=DIRECTION('center_axis',(0.,1.,0.));
#4026=DIRECTION('ref_axis',(-1.,0.,0.));
#4027=DIRECTION('',(1.,0.,0.));
#4028=DIRECTION('',(-1.,0.,0.));
#4029=DIRECTION('',(0.,0.,1.));
#4030=DIRECTION('center_axis',(0.,0.,1.));
#4031=DIRECTION('ref_axis',(0.727729848836145,-0.685863883808531,0.));
#4032=DIRECTION('center_axis',(0.,0.,1.));
#4033=DIRECTION('ref_axis',(0.727729848836145,-0.685863883808531,0.));
#4034=DIRECTION('center_axis',(0.,0.,1.));
#4035=DIRECTION('ref_axis',(0.727729848836145,-0.685863883808531,0.));
#4036=DIRECTION('',(0.,0.,1.));
#4037=DIRECTION('center_axis',(0.,0.,1.));
#4038=DIRECTION('ref_axis',(0.,-1.,0.));
#4039=DIRECTION('center_axis',(0.,0.,1.));
#4040=DIRECTION('ref_axis',(0.,-1.,0.));
#4041=DIRECTION('center_axis',(0.,0.,1.));
#4042=DIRECTION('ref_axis',(0.,-1.,0.));
#4043=DIRECTION('',(0.,0.,1.));
#4044=DIRECTION('center_axis',(7.73757018565758E-13,-1.,0.));
#4045=DIRECTION('ref_axis',(1.,7.73757018565758E-13,0.));
#4046=DIRECTION('',(-1.,-7.73757018565758E-13,0.));
#4047=DIRECTION('',(1.,7.73757018565758E-13,0.));
#4048=DIRECTION('',(0.,0.,1.));
#4049=DIRECTION('center_axis',(0.,0.,1.));
#4050=DIRECTION('ref_axis',(0.,1.,0.));
#4051=DIRECTION('center_axis',(0.,0.,1.));
#4052=DIRECTION('ref_axis',(0.,1.,0.));
#4053=DIRECTION('center_axis',(0.,0.,-1.));
#4054=DIRECTION('ref_axis',(0.,1.,0.));
#4055=DIRECTION('',(0.,0.,1.));
#4056=DIRECTION('center_axis',(1.,-1.18308057887145E-12,0.));
#4057=DIRECTION('ref_axis',(1.18308057887145E-12,1.,0.));
#4058=DIRECTION('',(-1.18308057887145E-12,-1.,0.));
#4059=DIRECTION('',(1.18308057887145E-12,1.,0.));
#4060=DIRECTION('',(0.,0.,1.));
#4061=DIRECTION('center_axis',(0.,0.,1.));
#4062=DIRECTION('ref_axis',(-1.,0.,0.));
#4063=DIRECTION('center_axis',(0.,0.,1.));
#4064=DIRECTION('ref_axis',(-1.,0.,0.));
#4065=DIRECTION('center_axis',(0.,0.,-1.));
#4066=DIRECTION('ref_axis',(-1.,0.,0.));
#4067=DIRECTION('',(0.,0.,1.));
#4068=DIRECTION('center_axis',(0.707106781186573,0.707106781186522,0.));
#4069=DIRECTION('ref_axis',(-0.707106781186522,0.707106781186573,0.));
#4070=DIRECTION('',(0.707106781186522,-0.707106781186573,0.));
#4071=DIRECTION('',(-0.707106781186522,0.707106781186573,0.));
#4072=DIRECTION('',(0.,0.,1.));
#4073=DIRECTION('center_axis',(0.,0.,1.));
#4074=DIRECTION('ref_axis',(1.,0.,0.));
#4075=DIRECTION('center_axis',(0.,0.,1.));
#4076=DIRECTION('ref_axis',(1.,0.,0.));
#4077=DIRECTION('center_axis',(0.,0.,1.));
#4078=DIRECTION('ref_axis',(1.,0.,0.));
#4079=DIRECTION('',(0.,0.,1.));
#4080=DIRECTION('center_axis',(1.,0.,0.));
#4081=DIRECTION('ref_axis',(0.,1.,0.));
#4082=DIRECTION('',(0.,1.,0.));
#4083=DIRECTION('',(0.,1.,0.));
#4084=DIRECTION('',(0.,0.,1.));
#4085=DIRECTION('center_axis',(0.,0.,1.));
#4086=DIRECTION('ref_axis',(0.707106781183717,-0.707106781189379,0.));
#4087=DIRECTION('center_axis',(0.,0.,1.));
#4088=DIRECTION('ref_axis',(0.707106781183717,-0.707106781189379,0.));
#4089=DIRECTION('center_axis',(0.,0.,1.));
#4090=DIRECTION('ref_axis',(0.707106781183717,-0.707106781189379,0.));
#4091=DIRECTION('',(0.,0.,1.));
#4092=DIRECTION('center_axis',(0.707106781187811,-0.707106781185284,0.));
#4093=DIRECTION('ref_axis',(0.707106781185284,0.707106781187811,0.));
#4094=DIRECTION('',(0.707106781185284,0.707106781187811,0.));
#4095=DIRECTION('',(0.707106781185284,0.707106781187811,0.));
#4096=DIRECTION('',(0.,0.,1.));
#4097=DIRECTION('center_axis',(0.,0.,1.));
#4098=DIRECTION('ref_axis',(-0.707106781184771,0.707106781188324,0.));
#4099=DIRECTION('center_axis',(0.,0.,1.));
#4100=DIRECTION('ref_axis',(-0.707106781184771,0.707106781188324,0.));
#4101=DIRECTION('center_axis',(0.,0.,-1.));
#4102=DIRECTION('ref_axis',(-0.707106781184771,0.707106781188324,0.));
#4103=DIRECTION('',(0.,0.,1.));
#4104=DIRECTION('center_axis',(1.,-4.30400443211441E-13,0.));
#4105=DIRECTION('ref_axis',(4.30400443211441E-13,1.,0.));
#4106=DIRECTION('',(-4.30400443211441E-13,-1.,0.));
#4107=DIRECTION('',(4.30400443211441E-13,1.,0.));
#4108=DIRECTION('',(0.,0.,1.));
#4109=DIRECTION('center_axis',(0.,0.,1.));
#4110=DIRECTION('ref_axis',(0.707106781184719,-0.707106781188376,0.));
#4111=DIRECTION('center_axis',(0.,0.,1.));
#4112=DIRECTION('ref_axis',(0.707106781184719,-0.707106781188376,0.));
#4113=DIRECTION('center_axis',(0.,0.,1.));
#4114=DIRECTION('ref_axis',(0.707106781184719,-0.707106781188376,0.));
#4115=DIRECTION('',(0.,0.,1.));
#4116=DIRECTION('center_axis',(0.707106781186597,-0.707106781186498,0.));
#4117=DIRECTION('ref_axis',(0.707106781186498,0.707106781186597,0.));
#4118=DIRECTION('',(0.707106781186498,0.707106781186597,0.));
#4119=DIRECTION('',(0.707106781186498,0.707106781186597,0.));
#4120=DIRECTION('',(0.,0.,1.));
#4121=DIRECTION('center_axis',(0.,0.,1.));
#4122=DIRECTION('ref_axis',(0.,-1.,0.));
#4123=DIRECTION('center_axis',(0.,0.,1.));
#4124=DIRECTION('ref_axis',(0.,-1.,0.));
#4125=DIRECTION('center_axis',(0.,0.,1.));
#4126=DIRECTION('ref_axis',(0.,-1.,0.));
#4127=DIRECTION('',(0.,0.,1.));
#4128=DIRECTION('center_axis',(0.,-1.,0.));
#4129=DIRECTION('ref_axis',(1.,0.,0.));
#4130=DIRECTION('',(1.,0.,0.));
#4131=DIRECTION('',(1.,0.,0.));
#4132=DIRECTION('',(0.,0.,1.));
#4133=DIRECTION('center_axis',(0.,0.,1.));
#4134=DIRECTION('ref_axis',(0.,1.,0.));
#4135=DIRECTION('center_axis',(0.,0.,1.));
#4136=DIRECTION('ref_axis',(0.,1.,0.));
#4137=DIRECTION('center_axis',(0.,0.,-1.));
#4138=DIRECTION('ref_axis',(0.,1.,0.));
#4139=DIRECTION('',(0.,0.,1.));
#4140=DIRECTION('center_axis',(9.90804901675277E-13,1.,0.));
#4141=DIRECTION('ref_axis',(-1.,9.90804901675277E-13,0.));
#4142=DIRECTION('',(1.,-9.90804901675277E-13,0.));
#4143=DIRECTION('',(-1.,9.90804901675277E-13,0.));
#4144=DIRECTION('',(0.,0.,1.));
#4145=DIRECTION('center_axis',(0.,0.,1.));
#4146=DIRECTION('ref_axis',(0.707106781184719,0.707106781188376,0.));
#4147=DIRECTION('center_axis',(0.,0.,1.));
#4148=DIRECTION('ref_axis',(0.707106781184719,0.707106781188376,0.));
#4149=DIRECTION('center_axis',(0.,0.,1.));
#4150=DIRECTION('ref_axis',(0.707106781184719,0.707106781188376,0.));
#4151=DIRECTION('',(0.,0.,1.));
#4152=DIRECTION('center_axis',(0.70710678118503,0.707106781188065,0.));
#4153=DIRECTION('ref_axis',(-0.707106781188065,0.70710678118503,0.));
#4154=DIRECTION('',(-0.707106781188065,0.70710678118503,0.));
#4155=DIRECTION('',(-0.707106781188065,0.70710678118503,0.));
#4156=DIRECTION('',(0.,0.,1.));
#4157=DIRECTION('center_axis',(0.,0.,1.));
#4158=DIRECTION('ref_axis',(1.,0.,0.));
#4159=DIRECTION('center_axis',(0.,0.,1.));
#4160=DIRECTION('ref_axis',(1.,0.,0.));
#4161=DIRECTION('center_axis',(0.,0.,1.));
#4162=DIRECTION('ref_axis',(1.,0.,0.));
#4163=DIRECTION('',(0.,0.,1.));
#4164=DIRECTION('center_axis',(1.,-3.825781717435E-13,0.));
#4165=DIRECTION('ref_axis',(3.825781717435E-13,1.,0.));
#4166=DIRECTION('',(-3.825781717435E-13,-1.,0.));
#4167=DIRECTION('',(3.825781717435E-13,1.,0.));
#4168=DIRECTION('',(0.,0.,1.));
#4169=DIRECTION('center_axis',(0.,0.,1.));
#4170=DIRECTION('ref_axis',(-1.,0.,0.));
#4171=DIRECTION('center_axis',(0.,0.,1.));
#4172=DIRECTION('ref_axis',(-1.,0.,0.));
#4173=DIRECTION('center_axis',(0.,0.,-1.));
#4174=DIRECTION('ref_axis',(-1.,0.,0.));
#4175=DIRECTION('',(0.,0.,1.));
#4176=DIRECTION('center_axis',(0.707106781186623,0.707106781186472,0.));
#4177=DIRECTION('ref_axis',(-0.707106781186472,0.707106781186623,0.));
#4178=DIRECTION('',(0.707106781186472,-0.707106781186623,0.));
#4179=DIRECTION('',(-0.707106781186472,0.707106781186623,0.));
#4180=DIRECTION('',(0.,0.,1.));
#4181=DIRECTION('center_axis',(0.,0.,1.));
#4182=DIRECTION('ref_axis',(1.,0.,0.));
#4183=DIRECTION('center_axis',(0.,0.,1.));
#4184=DIRECTION('ref_axis',(1.,0.,0.));
#4185=DIRECTION('center_axis',(0.,0.,1.));
#4186=DIRECTION('ref_axis',(1.,0.,0.));
#4187=DIRECTION('',(0.,0.,1.));
#4188=DIRECTION('center_axis',(1.,9.56320487475618E-14,0.));
#4189=DIRECTION('ref_axis',(-9.56320487475618E-14,1.,0.));
#4190=DIRECTION('',(9.56320487475618E-14,-1.,0.));
#4191=DIRECTION('',(-9.56320487475618E-14,1.,0.));
#4192=DIRECTION('',(0.,0.,1.));
#4193=DIRECTION('center_axis',(0.,0.,1.));
#4194=DIRECTION('ref_axis',(0.707106781184771,-0.707106781188324,0.));
#4195=DIRECTION('center_axis',(0.,0.,1.));
#4196=DIRECTION('ref_axis',(0.707106781184771,-0.707106781188324,0.));
#4197=DIRECTION('center_axis',(0.,0.,1.));
#4198=DIRECTION('ref_axis',(0.707106781184771,-0.707106781188324,0.));
#4199=DIRECTION('',(0.,0.,1.));
#4200=DIRECTION('center_axis',(0.707106781185284,-0.707106781187811,0.));
#4201=DIRECTION('ref_axis',(0.707106781187811,0.707106781185284,0.));
#4202=DIRECTION('',(0.707106781187811,0.707106781185284,0.));
#4203=DIRECTION('',(0.707106781187811,0.707106781185284,0.));
#4204=DIRECTION('',(0.,0.,1.));
#4205=DIRECTION('center_axis',(0.,0.,1.));
#4206=DIRECTION('ref_axis',(-0.707106781189268,0.707106781183828,0.));
#4207=DIRECTION('center_axis',(0.,0.,1.));
#4208=DIRECTION('ref_axis',(-0.707106781189268,0.707106781183828,0.));
#4209=DIRECTION('center_axis',(0.,0.,-1.));
#4210=DIRECTION('ref_axis',(-0.707106781189268,0.707106781183828,0.));
#4211=DIRECTION('',(0.,0.,1.));
#4212=DIRECTION('center_axis',(1.,7.79101844620379E-13,0.));
#4213=DIRECTION('ref_axis',(-7.79101844620379E-13,1.,0.));
#4214=DIRECTION('',(7.79101844620379E-13,-1.,0.));
#4215=DIRECTION('',(-7.79101844620379E-13,1.,0.));
#4216=DIRECTION('',(0.,0.,1.));
#4217=DIRECTION('center_axis',(0.,0.,1.));
#4218=DIRECTION('ref_axis',(-1.,0.,0.));
#4219=DIRECTION('center_axis',(0.,0.,1.));
#4220=DIRECTION('ref_axis',(-1.,0.,0.));
#4221=DIRECTION('center_axis',(0.,0.,-1.));
#4222=DIRECTION('ref_axis',(-1.,0.,0.));
#4223=DIRECTION('',(0.,0.,1.));
#4224=DIRECTION('center_axis',(0.,1.,0.));
#4225=DIRECTION('ref_axis',(-1.,0.,0.));
#4226=DIRECTION('',(-1.,0.,0.));
#4227=DIRECTION('',(-1.,0.,0.));
#4228=DIRECTION('',(0.,0.,1.));
#4229=DIRECTION('center_axis',(0.,0.,1.));
#4230=DIRECTION('ref_axis',(0.727728984408364,0.685864801000876,0.));
#4231=DIRECTION('center_axis',(0.,0.,1.));
#4232=DIRECTION('ref_axis',(0.727728984408364,0.685864801000876,0.));
#4233=DIRECTION('center_axis',(0.,0.,1.));
#4234=DIRECTION('ref_axis',(0.727728984408364,0.685864801000876,0.));
#4235=DIRECTION('',(0.,0.,1.));
#4236=DIRECTION('center_axis',(0.,0.,1.));
#4237=DIRECTION('ref_axis',(1.,-2.03294171620251E-12,0.));
#4238=DIRECTION('center_axis',(0.,0.,1.));
#4239=DIRECTION('ref_axis',(1.,-2.03294171620251E-12,0.));
#4240=DIRECTION('center_axis',(0.,0.,1.));
#4241=DIRECTION('ref_axis',(1.,-2.03294171620251E-12,0.));
#4242=DIRECTION('',(0.,0.,1.));
#4243=DIRECTION('center_axis',(1.,-1.07893606252914E-12,0.));
#4244=DIRECTION('ref_axis',(1.07893606252914E-12,1.,0.));
#4245=DIRECTION('',(1.07893606252914E-12,1.,0.));
#4246=DIRECTION('',(1.07893606252914E-12,1.,0.));
#4247=DIRECTION('',(0.,0.,1.));
#4248=DIRECTION('center_axis',(0.,0.,1.));
#4249=DIRECTION('ref_axis',(-1.,0.,0.));
#4250=DIRECTION('center_axis',(0.,0.,1.));
#4251=DIRECTION('ref_axis',(-1.,0.,0.));
#4252=DIRECTION('center_axis',(0.,0.,-1.));
#4253=DIRECTION('ref_axis',(-1.,0.,0.));
#4254=DIRECTION('',(0.,0.,1.));
#4255=DIRECTION('center_axis',(0.707106781186471,0.707106781186624,0.));
#4256=DIRECTION('ref_axis',(-0.707106781186624,0.707106781186471,0.));
#4257=DIRECTION('',(0.707106781186624,-0.707106781186471,0.));
#4258=DIRECTION('',(-0.707106781186624,0.707106781186471,0.));
#4259=DIRECTION('',(0.,0.,1.));
#4260=DIRECTION('center_axis',(0.,0.,1.));
#4261=DIRECTION('ref_axis',(1.,0.,0.));
#4262=DIRECTION('center_axis',(0.,0.,1.));
#4263=DIRECTION('ref_axis',(1.,0.,0.));
#4264=DIRECTION('center_axis',(0.,0.,1.));
#4265=DIRECTION('ref_axis',(1.,0.,0.));
#4266=DIRECTION('',(0.,0.,1.));
#4267=DIRECTION('center_axis',(1.,2.54942958921631E-13,0.));
#4268=DIRECTION('ref_axis',(-2.54942958921631E-13,1.,0.));
#4269=DIRECTION('',(2.54942958921631E-13,-1.,0.));
#4270=DIRECTION('',(-2.54942958921631E-13,1.,0.));
#4271=DIRECTION('',(0.,0.,1.));
#4272=DIRECTION('center_axis',(0.,0.,1.));
#4273=DIRECTION('ref_axis',(0.707106781184719,-0.707106781188376,0.));
#4274=DIRECTION('center_axis',(0.,0.,1.));
#4275=DIRECTION('ref_axis',(0.707106781184719,-0.707106781188376,0.));
#4276=DIRECTION('center_axis',(0.,0.,1.));
#4277=DIRECTION('ref_axis',(0.707106781184719,-0.707106781188376,0.));
#4278=DIRECTION('',(0.,0.,1.));
#4279=DIRECTION('center_axis',(0.707106781186571,-0.707106781186524,0.));
#4280=DIRECTION('ref_axis',(0.707106781186524,0.707106781186571,0.));
#4281=DIRECTION('',(0.707106781186524,0.707106781186571,0.));
#4282=DIRECTION('',(0.707106781186524,0.707106781186571,0.));
#4283=DIRECTION('',(0.,0.,1.));
#4284=DIRECTION('center_axis',(0.,0.,1.));
#4285=DIRECTION('ref_axis',(0.,-1.,0.));
#4286=DIRECTION('center_axis',(0.,0.,1.));
#4287=DIRECTION('ref_axis',(0.,-1.,0.));
#4288=DIRECTION('center_axis',(0.,0.,1.));
#4289=DIRECTION('ref_axis',(0.,-1.,0.));
#4290=DIRECTION('',(0.,0.,1.));
#4291=DIRECTION('center_axis',(2.60572326554521E-13,-1.,0.));
#4292=DIRECTION('ref_axis',(1.,2.60572326554521E-13,0.));
#4293=DIRECTION('',(-1.,-2.60572326554521E-13,0.));
#4294=DIRECTION('',(1.,2.60572326554521E-13,0.));
#4295=DIRECTION('',(0.,0.,1.));
#4296=DIRECTION('center_axis',(0.,0.,1.));
#4297=DIRECTION('ref_axis',(-0.707106781186568,-0.707106781186526,0.));
#4298=DIRECTION('center_axis',(0.,0.,1.));
#4299=DIRECTION('ref_axis',(-0.707106781186568,-0.707106781186526,0.));
#4300=DIRECTION('center_axis',(0.,0.,1.));
#4301=DIRECTION('ref_axis',(-0.707106781186568,-0.707106781186526,0.));
#4302=DIRECTION('',(0.,0.,1.));
#4303=DIRECTION('center_axis',(-0.707106781186524,-0.707106781186571,0.));
#4304=DIRECTION('ref_axis',(0.707106781186571,-0.707106781186524,0.));
#4305=DIRECTION('',(-0.707106781186571,0.707106781186524,0.));
#4306=DIRECTION('',(0.707106781186571,-0.707106781186524,0.));
#4307=DIRECTION('',(0.,0.,1.));
#4308=DIRECTION('center_axis',(0.,0.,1.));
#4309=DIRECTION('ref_axis',(-1.,0.,0.));
#4310=DIRECTION('center_axis',(0.,0.,1.));
#4311=DIRECTION('ref_axis',(-1.,0.,0.));
#4312=DIRECTION('center_axis',(0.,0.,1.));
#4313=DIRECTION('ref_axis',(-1.,0.,0.));
#4314=DIRECTION('',(0.,0.,1.));
#4315=DIRECTION('center_axis',(-1.,0.,0.));
#4316=DIRECTION('ref_axis',(0.,-1.,0.));
#4317=DIRECTION('',(0.,-1.,0.));
#4318=DIRECTION('',(0.,-1.,0.));
#4319=DIRECTION('',(0.,0.,1.));
#4320=DIRECTION('center_axis',(0.,0.,1.));
#4321=DIRECTION('ref_axis',(-0.707106781187557,0.707106781185538,0.));
#4322=DIRECTION('center_axis',(0.,0.,1.));
#4323=DIRECTION('ref_axis',(-0.707106781187557,0.707106781185538,0.));
#4324=DIRECTION('center_axis',(0.,0.,1.));
#4325=DIRECTION('ref_axis',(-0.707106781187557,0.707106781185538,0.));
#4326=DIRECTION('',(0.,0.,1.));
#4327=DIRECTION('center_axis',(-0.707106781186509,0.707106781186586,0.));
#4328=DIRECTION('ref_axis',(-0.707106781186586,-0.707106781186509,0.));
#4329=DIRECTION('',(-0.707106781186586,-0.707106781186509,0.));
#4330=DIRECTION('',(-0.707106781186586,-0.707106781186509,0.));
#4331=DIRECTION('center_axis',(0.,0.,1.));
#4332=DIRECTION('ref_axis',(1.,0.,0.));
#4333=DIRECTION('center_axis',(0.,0.,1.));
#4334=DIRECTION('ref_axis',(1.,0.,0.));
#4335=CARTESIAN_POINT('',(0.,0.,0.));
#4336=CARTESIAN_POINT('Origin',(877.675900874125,379.644338829911,0.));
#4337=CARTESIAN_POINT('',(876.075900874125,379.644338829911,0.));
#4338=CARTESIAN_POINT('Origin',(877.675900874125,379.644338829911,0.));
#4339=CARTESIAN_POINT('',(876.075900874125,379.644338829911,1.5));
#4340=CARTESIAN_POINT('',(876.075900874125,379.644338829911,0.));
#4341=CARTESIAN_POINT('Origin',(877.675900874125,379.644338829911,1.5));
#4342=CARTESIAN_POINT('Origin',(912.666900874127,385.635338829906,0.));
#4343=CARTESIAN_POINT('',(912.666900874127,386.004338829906,0.));
#4344=CARTESIAN_POINT('',(913.035900874127,385.635338829906,0.));
#4345=CARTESIAN_POINT('Origin',(912.666900874127,385.635338829906,0.));
#4346=CARTESIAN_POINT('',(913.035900874127,385.635338829906,1.5));
#4347=CARTESIAN_POINT('',(913.035900874127,385.635338829906,0.));
#4348=CARTESIAN_POINT('',(912.666900874127,386.004338829906,1.5));
#4349=CARTESIAN_POINT('Origin',(912.666900874127,385.635338829906,1.5));
#4350=CARTESIAN_POINT('',(912.666900874127,386.004338829906,0.));
#4351=CARTESIAN_POINT('Origin',(882.684900874123,386.004338829912,0.));
#4352=CARTESIAN_POINT('',(882.684900874123,386.004338829913,0.));
#4353=CARTESIAN_POINT('',(882.684900874123,386.004338829912,0.));
#4354=CARTESIAN_POINT('',(882.684900874123,386.004338829913,1.5));
#4355=CARTESIAN_POINT('',(882.684900874123,386.004338829912,1.5));
#4356=CARTESIAN_POINT('',(882.684900874123,386.004338829913,0.));
#4357=CARTESIAN_POINT('Origin',(882.684900874123,385.635338829913,0.));
#4358=CARTESIAN_POINT('',(882.315900874123,385.635338829913,0.));
#4359=CARTESIAN_POINT('Origin',(882.684900874123,385.635338829913,0.));
#4360=CARTESIAN_POINT('',(882.315900874123,385.635338829913,1.5));
#4361=CARTESIAN_POINT('Origin',(882.684900874123,385.635338829913,1.5));
#4362=CARTESIAN_POINT('',(882.315900874123,385.635338829913,0.));
#4363=CARTESIAN_POINT('Origin',(882.315900874124,373.653338829917,0.));
#4364=CARTESIAN_POINT('',(882.315900874123,373.653338829917,0.));
#4365=CARTESIAN_POINT('',(882.315900874124,385.635338829913,0.));
#4366=CARTESIAN_POINT('',(882.315900874123,373.653338829917,1.5));
#4367=CARTESIAN_POINT('',(882.315900874124,385.635338829913,1.5));
#4368=CARTESIAN_POINT('',(882.315900874123,373.653338829917,0.));
#4369=CARTESIAN_POINT('Origin',(882.684900874123,373.653338829917,0.));
#4370=CARTESIAN_POINT('',(882.684900874123,373.284338829917,0.));
#4371=CARTESIAN_POINT('Origin',(882.684900874123,373.653338829917,0.));
#4372=CARTESIAN_POINT('',(882.684900874123,373.284338829917,1.5));
#4373=CARTESIAN_POINT('Origin',(882.684900874123,373.653338829917,1.5));
#4374=CARTESIAN_POINT('',(882.684900874123,373.284338829917,0.));
#4375=CARTESIAN_POINT('Origin',(914.666900874126,373.284338829917,0.));
#4376=CARTESIAN_POINT('',(914.666900874126,373.284338829917,0.));
#4377=CARTESIAN_POINT('',(882.684900874123,373.284338829917,0.));
#4378=CARTESIAN_POINT('',(914.666900874126,373.284338829917,1.5));
#4379=CARTESIAN_POINT('',(882.684900874123,373.284338829917,1.5));
#4380=CARTESIAN_POINT('',(914.666900874126,373.284338829917,0.));
#4381=CARTESIAN_POINT('Origin',(914.666900874126,373.653338829917,0.));
#4382=CARTESIAN_POINT('',(915.035900874126,373.653338829917,0.));
#4383=CARTESIAN_POINT('Origin',(914.666900874126,373.653338829917,0.));
#4384=CARTESIAN_POINT('',(915.035900874126,373.653338829917,1.5));
#4385=CARTESIAN_POINT('Origin',(914.666900874126,373.653338829917,1.5));
#4386=CARTESIAN_POINT('',(915.035900874126,373.653338829917,0.));
#4387=CARTESIAN_POINT('Origin',(915.035900874125,377.35433882991,0.));
#4388=CARTESIAN_POINT('',(915.035900874124,377.35433882991,0.));
#4389=CARTESIAN_POINT('',(915.035900874126,373.653338829917,0.));
#4390=CARTESIAN_POINT('',(915.035900874124,377.35433882991,1.5));
#4391=CARTESIAN_POINT('',(915.035900874126,373.653338829917,1.5));
#4392=CARTESIAN_POINT('',(915.035900874124,377.35433882991,0.));
#4393=CARTESIAN_POINT('Origin',(915.725900874124,377.35433882991,0.));
#4394=CARTESIAN_POINT('',(915.725900874124,378.04433882991,0.));
#4395=CARTESIAN_POINT('Origin',(915.725900874124,377.35433882991,0.));
#4396=CARTESIAN_POINT('',(915.725900874124,378.04433882991,1.5));
#4397=CARTESIAN_POINT('Origin',(915.725900874124,377.35433882991,1.5));
#4398=CARTESIAN_POINT('',(915.725900874124,378.04433882991,0.));
#4399=CARTESIAN_POINT('Origin',(917.675900874125,378.044338829913,0.));
#4400=CARTESIAN_POINT('',(917.675900874125,378.044338829911,0.));
#4401=CARTESIAN_POINT('',(917.675900874125,378.044338829913,0.));
#4402=CARTESIAN_POINT('',(917.675900874125,378.044338829911,1.5));
#4403=CARTESIAN_POINT('',(917.675900874125,378.044338829913,1.5));
#4404=CARTESIAN_POINT('',(917.675900874125,378.044338829911,0.));
#4405=CARTESIAN_POINT('Origin',(917.675900874125,379.644338829911,0.));
#4406=CARTESIAN_POINT('',(917.675900874125,381.244338829911,0.));
#4407=CARTESIAN_POINT('Origin',(917.675900874125,379.644338829911,0.));
#4408=CARTESIAN_POINT('',(917.675900874125,381.244338829911,1.5));
#4409=CARTESIAN_POINT('Origin',(917.675900874125,379.644338829911,1.5));
#4410=CARTESIAN_POINT('',(917.675900874125,381.244338829911,0.));
#4411=CARTESIAN_POINT('Origin',(915.601590483155,381.244338829916,0.));
#4412=CARTESIAN_POINT('',(915.601590483155,381.244338829916,0.));
#4413=CARTESIAN_POINT('',(917.675900874125,381.244338829917,0.));
#4414=CARTESIAN_POINT('',(915.601590483155,381.244338829916,1.5));
#4415=CARTESIAN_POINT('',(917.675900874125,381.244338829917,1.5));
#4416=CARTESIAN_POINT('',(915.601590483155,381.244338829916,0.));
#4417=CARTESIAN_POINT('Origin',(915.601590483155,381.613338829916,0.));
#4418=CARTESIAN_POINT('',(915.340668080897,381.352416427658,0.));
#4419=CARTESIAN_POINT('Origin',(915.601590483155,381.613338829916,0.));
#4420=CARTESIAN_POINT('',(915.340668080897,381.352416427658,1.5));
#4421=CARTESIAN_POINT('Origin',(915.601590483155,381.613338829916,1.5));
#4422=CARTESIAN_POINT('',(915.340668080897,381.352416427658,0.));
#4423=CARTESIAN_POINT('Origin',(915.296823276386,381.396261232168,0.));
#4424=CARTESIAN_POINT('',(915.296823276386,381.396261232168,0.));
#4425=CARTESIAN_POINT('',(915.340668080897,381.352416427658,0.));
#4426=CARTESIAN_POINT('',(915.296823276386,381.396261232168,1.5));
#4427=CARTESIAN_POINT('',(915.340668080897,381.352416427658,1.5));
#4428=CARTESIAN_POINT('',(915.296823276386,381.396261232168,0.));
#4429=CARTESIAN_POINT('Origin',(915.035900874125,381.135338829913,0.));
#4430=CARTESIAN_POINT('',(915.035900874125,381.504338829913,0.));
#4431=CARTESIAN_POINT('Origin',(915.035900874125,381.135338829913,0.));
#4432=CARTESIAN_POINT('',(915.035900874125,381.504338829913,1.5));
#4433=CARTESIAN_POINT('Origin',(915.035900874125,381.135338829913,1.5));
#4434=CARTESIAN_POINT('',(915.035900874125,381.504338829913,0.));
#4435=CARTESIAN_POINT('Origin',(913.404900874124,381.504338829918,0.));
#4436=CARTESIAN_POINT('',(913.404900874124,381.504338829918,0.));
#4437=CARTESIAN_POINT('',(913.404900874124,381.504338829918,0.));
#4438=CARTESIAN_POINT('',(913.404900874124,381.504338829918,1.5));
#4439=CARTESIAN_POINT('',(913.404900874124,381.504338829918,1.5));
#4440=CARTESIAN_POINT('',(913.404900874124,381.504338829918,0.));
#4441=CARTESIAN_POINT('Origin',(913.404900874124,381.873338829918,0.));
#4442=CARTESIAN_POINT('',(913.035900874124,381.873338829918,0.));
#4443=CARTESIAN_POINT('Origin',(913.404900874124,381.873338829918,0.));
#4444=CARTESIAN_POINT('',(913.035900874124,381.873338829918,1.5));
#4445=CARTESIAN_POINT('Origin',(913.404900874124,381.873338829918,1.5));
#4446=CARTESIAN_POINT('',(913.035900874124,381.873338829918,0.));
#4447=CARTESIAN_POINT('Origin',(913.035900874127,385.635338829906,0.));
#4448=CARTESIAN_POINT('',(913.035900874124,381.873338829918,0.));
#4449=CARTESIAN_POINT('',(913.035900874124,381.873338829918,1.5));
#4450=CARTESIAN_POINT('Origin',(890.575900874133,390.544338829913,0.));
#4451=CARTESIAN_POINT('',(890.575900874133,390.544338829913,0.));
#4452=CARTESIAN_POINT('',(890.575900874133,393.754338829912,0.));
#4453=CARTESIAN_POINT('',(890.575900874133,393.754338829912,0.));
#4454=CARTESIAN_POINT('',(890.575900874133,393.754338829912,1.5));
#4455=CARTESIAN_POINT('',(890.575900874133,393.754338829912,0.));
#4456=CARTESIAN_POINT('',(890.575900874133,390.544338829913,1.5));
#4457=CARTESIAN_POINT('',(890.575900874133,393.754338829912,1.5));
#4458=CARTESIAN_POINT('',(890.575900874133,390.544338829913,0.));
#4459=CARTESIAN_POINT('Origin',(892.575900874133,390.544338829913,0.));
#4460=CARTESIAN_POINT('',(894.575900874133,390.544338829913,0.));
#4461=CARTESIAN_POINT('Origin',(892.575900874133,390.544338829913,0.));
#4462=CARTESIAN_POINT('',(894.575900874133,390.544338829913,1.5));
#4463=CARTESIAN_POINT('Origin',(892.575900874133,390.544338829913,1.5));
#4464=CARTESIAN_POINT('',(894.575900874133,390.544338829913,0.));
#4465=CARTESIAN_POINT('Origin',(894.575900874133,393.754338829912,0.));
#4466=CARTESIAN_POINT('',(894.575900874133,393.754338829912,0.));
#4467=CARTESIAN_POINT('',(894.575900874133,393.754338829912,0.));
#4468=CARTESIAN_POINT('',(894.575900874133,393.754338829912,1.5));
#4469=CARTESIAN_POINT('',(894.575900874133,393.754338829912,1.5));
#4470=CARTESIAN_POINT('',(894.575900874133,393.754338829912,0.));
#4471=CARTESIAN_POINT('Origin',(892.575900874133,393.754338829912,0.));
#4472=CARTESIAN_POINT('Origin',(892.575900874133,393.754338829912,0.));
#4473=CARTESIAN_POINT('Origin',(892.575900874133,393.754338829912,1.5));
#4474=CARTESIAN_POINT('Origin',(887.308926740814,424.018182674746,0.));
#4475=CARTESIAN_POINT('',(887.747841251915,423.778695614667,0.));
#4476=CARTESIAN_POINT('',(887.384457235866,424.512444896961,0.));
#4477=CARTESIAN_POINT('Origin',(887.308926740814,424.018182674746,0.));
#4478=CARTESIAN_POINT('',(887.384457235866,424.512444896961,1.5));
#4479=CARTESIAN_POINT('',(887.384457235866,424.512444896961,0.));
#4480=CARTESIAN_POINT('',(887.747841251915,423.778695614667,1.5));
#4481=CARTESIAN_POINT('Origin',(887.308926740814,424.018182674746,1.5));
#4482=CARTESIAN_POINT('',(887.747841251915,423.778695614667,0.));
#4483=CARTESIAN_POINT('Origin',(892.57590087413,421.144337953988,0.));
#4484=CARTESIAN_POINT('',(887.747841251915,418.509980293309,0.));
#4485=CARTESIAN_POINT('Origin',(892.57590087413,421.144337953988,0.));
#4486=CARTESIAN_POINT('',(887.747841251915,418.509980293309,1.5));
#4487=CARTESIAN_POINT('Origin',(892.57590087413,421.144337953988,1.5));
#4488=CARTESIAN_POINT('',(887.747841251915,418.509980293309,0.));
#4489=CARTESIAN_POINT('Origin',(887.308926740814,418.27049323323,0.));
#4490=CARTESIAN_POINT('',(887.384457235867,417.776231011007,0.));
#4491=CARTESIAN_POINT('Origin',(887.308926740814,418.27049323323,0.));
#4492=CARTESIAN_POINT('',(887.384457235867,417.776231011007,1.5));
#4493=CARTESIAN_POINT('Origin',(887.308926740814,418.27049323323,1.5));
#4494=CARTESIAN_POINT('',(887.384457235867,417.776231011007,0.));
#4495=CARTESIAN_POINT('Origin',(887.626154820035,416.194591899893,0.));
#4496=CARTESIAN_POINT('',(889.207793931149,415.952894315723,0.));
#4497=CARTESIAN_POINT('Origin',(887.626154820035,416.194591899893,0.));
#4498=CARTESIAN_POINT('',(889.207793931149,415.952894315723,1.5));
#4499=CARTESIAN_POINT('Origin',(887.626154820035,416.194591899893,1.5));
#4500=CARTESIAN_POINT('',(889.207793931149,415.952894315723,0.));
#4501=CARTESIAN_POINT('Origin',(889.702056153375,415.877363820672,0.));
#4502=CARTESIAN_POINT('',(889.94154321344,416.316278331783,0.));
#4503=CARTESIAN_POINT('Origin',(889.702056153375,415.877363820672,0.));
#4504=CARTESIAN_POINT('',(889.94154321344,416.316278331783,1.5));
#4505=CARTESIAN_POINT('Origin',(889.702056153375,415.877363820672,1.5));
#4506=CARTESIAN_POINT('',(889.94154321344,416.316278331783,0.));
#4507=CARTESIAN_POINT('Origin',(892.57590087413,421.144337953988,0.));
#4508=CARTESIAN_POINT('',(895.210258534831,416.316278331787,0.));
#4509=CARTESIAN_POINT('Origin',(892.57590087413,421.144337953988,0.));
#4510=CARTESIAN_POINT('',(895.210258534831,416.316278331787,1.5));
#4511=CARTESIAN_POINT('Origin',(892.57590087413,421.144337953988,1.5));
#4512=CARTESIAN_POINT('',(895.210258534831,416.316278331787,0.));
#4513=CARTESIAN_POINT('Origin',(895.449745594884,415.877363820672,0.));
#4514=CARTESIAN_POINT('',(895.944007817108,415.952894315723,0.));
#4515=CARTESIAN_POINT('Origin',(895.449745594884,415.877363820672,0.));
#4516=CARTESIAN_POINT('',(895.944007817108,415.952894315723,1.5));
#4517=CARTESIAN_POINT('Origin',(895.449745594884,415.877363820672,1.5));
#4518=CARTESIAN_POINT('',(895.944007817108,415.952894315723,0.));
#4519=CARTESIAN_POINT('Origin',(897.525646928221,416.1945918999,0.));
#4520=CARTESIAN_POINT('',(897.767344512394,417.776231011014,0.));
#4521=CARTESIAN_POINT('Origin',(897.525646928221,416.1945918999,0.));
#4522=CARTESIAN_POINT('',(897.767344512394,417.776231011014,1.5));
#4523=CARTESIAN_POINT('Origin',(897.525646928221,416.1945918999,1.5));
#4524=CARTESIAN_POINT('',(897.767344512394,417.776231011014,0.));
#4525=CARTESIAN_POINT('Origin',(897.842875007446,418.27049323323,0.));
#4526=CARTESIAN_POINT('',(897.403960496345,418.509980293309,0.));
#4527=CARTESIAN_POINT('Origin',(897.842875007446,418.27049323323,0.));
#4528=CARTESIAN_POINT('',(897.403960496345,418.509980293309,1.5));
#4529=CARTESIAN_POINT('Origin',(897.842875007446,418.27049323323,1.5));
#4530=CARTESIAN_POINT('',(897.403960496345,418.509980293309,0.));
#4531=CARTESIAN_POINT('Origin',(892.57590087413,421.144337953988,0.));
#4532=CARTESIAN_POINT('',(897.403960496345,423.778695614667,0.));
#4533=CARTESIAN_POINT('Origin',(892.57590087413,421.144337953988,0.));
#4534=CARTESIAN_POINT('',(897.403960496345,423.778695614667,1.5));
#4535=CARTESIAN_POINT('Origin',(892.57590087413,421.144337953988,1.5));
#4536=CARTESIAN_POINT('',(897.403960496345,423.778695614667,0.));
#4537=CARTESIAN_POINT('Origin',(897.842875007446,424.018182674746,0.));
#4538=CARTESIAN_POINT('',(897.767344512389,424.512444896968,0.));
#4539=CARTESIAN_POINT('Origin',(897.842875007446,424.018182674746,0.));
#4540=CARTESIAN_POINT('',(897.767344512389,424.512444896968,1.5));
#4541=CARTESIAN_POINT('Origin',(897.842875007446,424.018182674746,1.5));
#4542=CARTESIAN_POINT('',(897.767344512389,424.512444896968,0.));
#4543=CARTESIAN_POINT('Origin',(897.525646928221,426.094084008076,0.));
#4544=CARTESIAN_POINT('',(895.944007817106,426.335781592238,0.));
#4545=CARTESIAN_POINT('Origin',(897.525646928221,426.094084008076,0.));
#4546=CARTESIAN_POINT('',(895.944007817106,426.335781592238,1.5));
#4547=CARTESIAN_POINT('Origin',(897.525646928221,426.094084008076,1.5));
#4548=CARTESIAN_POINT('',(895.944007817106,426.335781592238,0.));
#4549=CARTESIAN_POINT('Origin',(895.449745594884,426.411312087296,0.));
#4550=CARTESIAN_POINT('',(895.210258534829,425.972397576183,0.));
#4551=CARTESIAN_POINT('Origin',(895.449745594884,426.411312087296,0.));
#4552=CARTESIAN_POINT('',(895.210258534829,425.972397576183,1.5));
#4553=CARTESIAN_POINT('Origin',(895.449745594884,426.411312087296,1.5));
#4554=CARTESIAN_POINT('',(895.210258534829,425.972397576183,0.));
#4555=CARTESIAN_POINT('Origin',(892.57590087413,421.144337953988,0.));
#4556=CARTESIAN_POINT('',(889.941543213431,425.972397576183,0.));
#4557=CARTESIAN_POINT('Origin',(892.57590087413,421.144337953988,0.));
#4558=CARTESIAN_POINT('',(889.941543213431,425.972397576183,1.5));
#4559=CARTESIAN_POINT('Origin',(892.57590087413,421.144337953988,1.5));
#4560=CARTESIAN_POINT('',(889.941543213431,425.972397576183,0.));
#4561=CARTESIAN_POINT('Origin',(889.702056153375,426.411312087296,0.));
#4562=CARTESIAN_POINT('',(889.207793931149,426.335781592245,0.));
#4563=CARTESIAN_POINT('Origin',(889.702056153375,426.411312087296,0.));
#4564=CARTESIAN_POINT('',(889.207793931149,426.335781592245,1.5));
#4565=CARTESIAN_POINT('Origin',(889.702056153375,426.411312087296,1.5));
#4566=CARTESIAN_POINT('',(889.207793931149,426.335781592245,0.));
#4567=CARTESIAN_POINT('Origin',(887.626154820035,426.094084008076,0.));
#4568=CARTESIAN_POINT('Origin',(887.626154820035,426.094084008076,0.));
#4569=CARTESIAN_POINT('Origin',(887.626154820035,426.094084008076,1.5));
#4570=CARTESIAN_POINT('Origin',(875.57590087413,404.144337953988,0.));
#4571=CARTESIAN_POINT('',(873.97590087413,404.144337953988,0.));
#4572=CARTESIAN_POINT('Origin',(875.57590087413,404.144337953988,0.));
#4573=CARTESIAN_POINT('',(873.97590087413,404.144337953988,1.5));
#4574=CARTESIAN_POINT('',(873.97590087413,404.144337953988,0.));
#4575=CARTESIAN_POINT('Origin',(875.57590087413,404.144337953988,1.5));
#4576=CARTESIAN_POINT('Origin',(868.57590087413,379.644338829911,0.));
#4577=CARTESIAN_POINT('',(864.57590087413,379.644338829911,0.));
#4578=CARTESIAN_POINT('Origin',(868.57590087413,379.644338829911,0.));
#4579=CARTESIAN_POINT('',(864.57590087413,379.644338829911,1.5));
#4580=CARTESIAN_POINT('',(864.57590087413,379.644338829911,0.));
#4581=CARTESIAN_POINT('Origin',(868.57590087413,379.644338829911,1.5));
#4582=CARTESIAN_POINT('Origin',(884.818141017417,390.865337078069,0.));
#4583=CARTESIAN_POINT('',(884.818141017417,390.865337078071,0.));
#4584=CARTESIAN_POINT('',(880.753660730843,390.865337078075,0.));
#4585=CARTESIAN_POINT('',(880.753660730839,390.865337078069,0.));
#4586=CARTESIAN_POINT('',(880.753660730843,390.865337078075,1.5));
#4587=CARTESIAN_POINT('',(880.753660730843,390.865337078075,0.));
#4588=CARTESIAN_POINT('',(884.818141017417,390.865337078071,1.5));
#4589=CARTESIAN_POINT('',(880.753660730839,390.865337078069,1.5));
#4590=CARTESIAN_POINT('',(884.818141017417,390.865337078071,0.));
#4591=CARTESIAN_POINT('Origin',(882.785900874133,393.465337078075,0.));
#4592=CARTESIAN_POINT('Origin',(882.785900874133,393.465337078075,0.));
#4593=CARTESIAN_POINT('Origin',(882.785900874133,393.465337078075,1.5));
#4594=CARTESIAN_POINT('Origin',(904.3981410174,390.865337078062,0.));
#4595=CARTESIAN_POINT('',(904.3981410174,390.865337078062,0.));
#4596=CARTESIAN_POINT('',(900.333660730853,390.865337078062,0.));
#4597=CARTESIAN_POINT('',(904.3981410174,390.865337078062,0.));
#4598=CARTESIAN_POINT('',(900.333660730853,390.865337078062,1.5));
#4599=CARTESIAN_POINT('',(900.333660730853,390.865337078062,0.));
#4600=CARTESIAN_POINT('',(904.3981410174,390.865337078062,1.5));
#4601=CARTESIAN_POINT('',(904.3981410174,390.865337078062,1.5));
#4602=CARTESIAN_POINT('',(904.3981410174,390.865337078062,0.));
#4603=CARTESIAN_POINT('Origin',(902.365900874127,393.465337078075,0.));
#4604=CARTESIAN_POINT('Origin',(902.365900874127,393.465337078075,0.));
#4605=CARTESIAN_POINT('Origin',(902.365900874127,393.465337078075,1.5));
#4606=CARTESIAN_POINT('Origin',(909.57590087413,404.144337953988,0.));
#4607=CARTESIAN_POINT('',(907.97590087413,404.144337953988,0.));
#4608=CARTESIAN_POINT('Origin',(909.57590087413,404.144337953988,0.));
#4609=CARTESIAN_POINT('',(907.97590087413,404.144337953988,1.5));
#4610=CARTESIAN_POINT('',(907.97590087413,404.144337953988,0.));
#4611=CARTESIAN_POINT('Origin',(909.57590087413,404.144337953988,1.5));
#4612=CARTESIAN_POINT('Origin',(917.075899394134,450.144337078072,0.));
#4613=CARTESIAN_POINT('',(915.475899394134,450.144337078072,0.));
#4614=CARTESIAN_POINT('Origin',(917.075899394134,450.144337078072,0.));
#4615=CARTESIAN_POINT('',(915.475899394134,450.144337078072,1.5));
#4616=CARTESIAN_POINT('',(915.475899394134,450.144337078072,0.));
#4617=CARTESIAN_POINT('Origin',(917.075899394134,450.144337078072,1.5));
#4618=CARTESIAN_POINT('Origin',(909.57590087413,438.144337953988,0.));
#4619=CARTESIAN_POINT('',(907.97590087413,438.144337953988,0.));
#4620=CARTESIAN_POINT('Origin',(909.57590087413,438.144337953988,0.));
#4621=CARTESIAN_POINT('',(907.97590087413,438.144337953988,1.5));
#4622=CARTESIAN_POINT('',(907.97590087413,438.144337953988,0.));
#4623=CARTESIAN_POINT('Origin',(909.57590087413,438.144337953988,1.5));
#4624=CARTESIAN_POINT('Origin',(917.07590087413,392.144337078072,0.));
#4625=CARTESIAN_POINT('',(915.47590087413,392.144337078072,0.));
#4626=CARTESIAN_POINT('Origin',(917.07590087413,392.144337078072,0.));
#4627=CARTESIAN_POINT('',(915.47590087413,392.144337078072,1.5));
#4628=CARTESIAN_POINT('',(915.47590087413,392.144337078072,0.));
#4629=CARTESIAN_POINT('Origin',(917.07590087413,392.144337078072,1.5));
#4630=CARTESIAN_POINT('Origin',(868.075900874133,450.144337078072,0.));
#4631=CARTESIAN_POINT('',(866.475900874133,450.144337078072,0.));
#4632=CARTESIAN_POINT('Origin',(868.075900874133,450.144337078072,0.));
#4633=CARTESIAN_POINT('',(866.475900874133,450.144337078072,1.5));
#4634=CARTESIAN_POINT('',(866.475900874133,450.144337078072,0.));
#4635=CARTESIAN_POINT('Origin',(868.075900874133,450.144337078072,1.5));
#4636=CARTESIAN_POINT('Origin',(875.57590087413,438.144337953988,0.));
#4637=CARTESIAN_POINT('',(873.97590087413,438.144337953988,0.));
#4638=CARTESIAN_POINT('Origin',(875.57590087413,438.144337953988,0.));
#4639=CARTESIAN_POINT('',(873.97590087413,438.144337953988,1.5));
#4640=CARTESIAN_POINT('',(873.97590087413,438.144337953988,0.));
#4641=CARTESIAN_POINT('Origin',(875.57590087413,438.144337953988,1.5));
#4642=CARTESIAN_POINT('Origin',(868.07590087413,392.144337078072,0.));
#4643=CARTESIAN_POINT('',(866.47590087413,392.144337078072,0.));
#4644=CARTESIAN_POINT('Origin',(868.07590087413,392.144337078072,0.));
#4645=CARTESIAN_POINT('',(866.47590087413,392.144337078072,1.5));
#4646=CARTESIAN_POINT('',(866.47590087413,392.144337078072,0.));
#4647=CARTESIAN_POINT('Origin',(868.07590087413,392.144337078072,1.5));
#4648=CARTESIAN_POINT('Origin',(862.785900874132,385.295326549504,0.));
#4649=CARTESIAN_POINT('',(863.98091133434,384.100316089301,0.));
#4650=CARTESIAN_POINT('',(864.475900874132,385.295326549504,0.));
#4651=CARTESIAN_POINT('Origin',(862.785900874132,385.295326549504,0.));
#4652=CARTESIAN_POINT('',(863.98091133434,384.100316089301,1.5));
#4653=CARTESIAN_POINT('',(863.98091133434,384.100316089301,0.));
#4654=CARTESIAN_POINT('',(864.475900874132,385.295326549504,1.5));
#4655=CARTESIAN_POINT('Origin',(862.785900874132,385.295326549504,1.5));
#4656=CARTESIAN_POINT('',(864.475900874132,385.295326549504,0.));
#4657=CARTESIAN_POINT('Origin',(864.475900874131,392.144337078072,0.));
#4658=CARTESIAN_POINT('',(864.47590087413,392.144337078072,0.));
#4659=CARTESIAN_POINT('',(864.475900874131,392.144337078072,0.));
#4660=CARTESIAN_POINT('',(864.47590087413,392.144337078072,1.5));
#4661=CARTESIAN_POINT('',(864.475900874131,392.144337078072,1.5));
#4662=CARTESIAN_POINT('',(864.47590087413,392.144337078072,0.));
#4663=CARTESIAN_POINT('Origin',(868.07590087413,392.144337078072,0.));
#4664=CARTESIAN_POINT('',(865.456076540202,394.61345035229,0.));
#4665=CARTESIAN_POINT('Origin',(868.07590087413,392.144337078072,0.));
#4666=CARTESIAN_POINT('',(865.456076540202,394.61345035229,1.5));
#4667=CARTESIAN_POINT('Origin',(868.07590087413,392.144337078072,1.5));
#4668=CARTESIAN_POINT('',(865.45607654944,394.613450343583,0.));
#4669=CARTESIAN_POINT('Origin',(866.685938533094,393.454338829894,0.));
#4670=CARTESIAN_POINT('',(866.685938533094,395.144338829894,0.));
#4671=CARTESIAN_POINT('Origin',(866.685938533094,393.454338829894,0.));
#4672=CARTESIAN_POINT('',(866.685938533094,395.144338829894,1.5));
#4673=CARTESIAN_POINT('Origin',(866.685938533094,393.454338829894,1.5));
#4674=CARTESIAN_POINT('',(866.685938533094,395.144338829894,0.));
#4675=CARTESIAN_POINT('Origin',(872.654900874131,395.144338829897,0.));
#4676=CARTESIAN_POINT('',(872.654900874131,395.144338829899,0.));
#4677=CARTESIAN_POINT('',(866.685938533094,395.144338829897,0.));
#4678=CARTESIAN_POINT('',(872.654900874131,395.144338829899,1.5));
#4679=CARTESIAN_POINT('',(866.685938533094,395.144338829897,1.5));
#4680=CARTESIAN_POINT('',(872.654900874131,395.144338829899,0.));
#4681=CARTESIAN_POINT('Origin',(872.654900874131,395.834338829899,0.));
#4682=CARTESIAN_POINT('',(873.344900874131,395.834338829899,0.));
#4683=CARTESIAN_POINT('Origin',(872.654900874131,395.834338829899,0.));
#4684=CARTESIAN_POINT('',(873.344900874131,395.834338829899,1.5));
#4685=CARTESIAN_POINT('Origin',(872.654900874131,395.834338829899,1.5));
#4686=CARTESIAN_POINT('',(873.344900874131,395.834338829899,0.));
#4687=CARTESIAN_POINT('Origin',(873.344900874134,400.759151676381,0.));
#4688=CARTESIAN_POINT('',(873.344900874131,400.759151676381,0.));
#4689=CARTESIAN_POINT('',(873.344900874134,400.759151676381,0.));
#4690=CARTESIAN_POINT('',(873.344900874131,400.759151676381,1.5));
#4691=CARTESIAN_POINT('',(873.344900874134,400.759151676381,1.5));
#4692=CARTESIAN_POINT('',(873.344900874131,400.759151676381,0.));
#4693=CARTESIAN_POINT('Origin',(872.704900874131,400.759151676381,0.));
#4694=CARTESIAN_POINT('',(873.157449214092,401.211700016339,0.));
#4695=CARTESIAN_POINT('Origin',(872.704900874131,400.759151676381,0.));
#4696=CARTESIAN_POINT('',(873.157449214092,401.211700016339,1.5));
#4697=CARTESIAN_POINT('Origin',(872.704900874131,400.759151676381,1.5));
#4698=CARTESIAN_POINT('',(873.157449214092,401.211700016339,0.));
#4699=CARTESIAN_POINT('Origin',(872.163352534171,402.205796696256,0.));
#4700=CARTESIAN_POINT('',(872.163352534169,402.205796696254,0.));
#4701=CARTESIAN_POINT('',(873.15744921409,401.211700016337,0.));
#4702=CARTESIAN_POINT('',(872.163352534169,402.205796696254,1.5));
#4703=CARTESIAN_POINT('',(873.15744921409,401.211700016337,1.5));
#4704=CARTESIAN_POINT('',(872.163352534169,402.205796696254,0.));
#4705=CARTESIAN_POINT('Origin',(872.615900874131,402.658345036211,0.));
#4706=CARTESIAN_POINT('',(871.975900874131,402.658345036211,0.));
#4707=CARTESIAN_POINT('Origin',(872.615900874131,402.658345036211,0.));
#4708=CARTESIAN_POINT('',(871.975900874131,402.658345036211,1.5));
#4709=CARTESIAN_POINT('Origin',(872.615900874131,402.658345036211,1.5));
#4710=CARTESIAN_POINT('',(871.975900874131,402.658345036211,0.));
#4711=CARTESIAN_POINT('Origin',(871.975900874131,405.630330871779,0.));
#4712=CARTESIAN_POINT('',(871.975900874131,405.630330871779,0.));
#4713=CARTESIAN_POINT('',(871.975900874131,405.630330871779,0.));
#4714=CARTESIAN_POINT('',(871.975900874131,405.630330871779,1.5));
#4715=CARTESIAN_POINT('',(871.975900874131,405.630330871779,1.5));
#4716=CARTESIAN_POINT('',(871.975900874131,405.630330871779,0.));
#4717=CARTESIAN_POINT('Origin',(872.615900874131,405.630330871779,0.));
#4718=CARTESIAN_POINT('',(872.163352534169,406.082879211736,0.));
#4719=CARTESIAN_POINT('Origin',(872.615900874131,405.630330871779,0.));
#4720=CARTESIAN_POINT('',(872.163352534169,406.082879211736,1.5));
#4721=CARTESIAN_POINT('Origin',(872.615900874131,405.630330871779,1.5));
#4722=CARTESIAN_POINT('',(872.163352534169,406.082879211736,0.));
#4723=CARTESIAN_POINT('Origin',(873.15744921409,407.076975891653,0.));
#4724=CARTESIAN_POINT('',(873.157449214092,407.076975891651,0.));
#4725=CARTESIAN_POINT('',(873.15744921409,407.076975891653,0.));
#4726=CARTESIAN_POINT('',(873.157449214092,407.076975891651,1.5));
#4727=CARTESIAN_POINT('',(873.15744921409,407.076975891653,1.5));
#4728=CARTESIAN_POINT('',(873.157449214092,407.076975891651,0.));
#4729=CARTESIAN_POINT('Origin',(872.704900874131,407.529524231609,0.));
#4730=CARTESIAN_POINT('',(873.344900874131,407.529524231609,0.));
#4731=CARTESIAN_POINT('Origin',(872.704900874131,407.529524231609,0.));
#4732=CARTESIAN_POINT('',(873.344900874131,407.529524231609,1.5));
#4733=CARTESIAN_POINT('Origin',(872.704900874131,407.529524231609,1.5));
#4734=CARTESIAN_POINT('',(873.344900874131,407.529524231609,0.));
#4735=CARTESIAN_POINT('Origin',(873.34490087413,416.444317033575,0.));
#4736=CARTESIAN_POINT('',(873.344900874129,416.444317033575,0.));
#4737=CARTESIAN_POINT('',(873.34490087413,416.444317033575,0.));
#4738=CARTESIAN_POINT('',(873.344900874129,416.444317033575,1.5));
#4739=CARTESIAN_POINT('',(873.34490087413,416.444317033575,1.5));
#4740=CARTESIAN_POINT('',(873.344900874129,416.444317033575,0.));
#4741=CARTESIAN_POINT('Origin',(875.034900874129,416.444317033575,0.));
#4742=CARTESIAN_POINT('',(873.839890413925,417.639327493782,0.));
#4743=CARTESIAN_POINT('Origin',(875.034900874129,416.444317033575,0.));
#4744=CARTESIAN_POINT('',(873.839890413925,417.639327493782,1.5));
#4745=CARTESIAN_POINT('Origin',(875.034900874129,416.444317033575,1.5));
#4746=CARTESIAN_POINT('',(873.839890413925,417.639327493782,0.));
#4747=CARTESIAN_POINT('Origin',(874.849911334339,418.6493484142,0.));
#4748=CARTESIAN_POINT('',(874.849911334343,418.649348414196,0.));
#4749=CARTESIAN_POINT('',(873.839890413925,417.639327493783,0.));
#4750=CARTESIAN_POINT('',(874.849911334343,418.649348414196,1.5));
#4751=CARTESIAN_POINT('',(873.839890413925,417.639327493783,1.5));
#4752=CARTESIAN_POINT('',(874.849911334343,418.649348414196,0.));
#4753=CARTESIAN_POINT('Origin',(876.044921794542,417.454337953985,0.));
#4754=CARTESIAN_POINT('',(876.044921794542,419.144337953985,0.));
#4755=CARTESIAN_POINT('Origin',(876.044921794542,417.454337953985,0.));
#4756=CARTESIAN_POINT('',(876.044921794542,419.144337953985,1.5));
#4757=CARTESIAN_POINT('Origin',(876.044921794542,417.454337953985,1.5));
#4758=CARTESIAN_POINT('',(876.044921794542,419.144337953985,0.));
#4759=CARTESIAN_POINT('Origin',(878.554900874133,419.144337953988,0.));
#4760=CARTESIAN_POINT('',(878.554900874133,419.144337953988,0.));
#4761=CARTESIAN_POINT('',(878.554900874133,419.144337953988,0.));
#4762=CARTESIAN_POINT('',(878.554900874133,419.144337953988,1.5));
#4763=CARTESIAN_POINT('',(878.554900874133,419.144337953988,1.5));
#4764=CARTESIAN_POINT('',(878.554900874133,419.144337953988,0.));
#4765=CARTESIAN_POINT('Origin',(878.554900874133,421.144337953988,0.));
#4766=CARTESIAN_POINT('',(878.554900874133,423.144337953988,0.));
#4767=CARTESIAN_POINT('Origin',(878.554900874133,421.144337953988,0.));
#4768=CARTESIAN_POINT('',(878.554900874133,423.144337953988,1.5));
#4769=CARTESIAN_POINT('Origin',(878.554900874133,421.144337953988,1.5));
#4770=CARTESIAN_POINT('',(878.554900874133,423.144337953988,0.));
#4771=CARTESIAN_POINT('Origin',(876.044921794539,423.14433795399,0.));
#4772=CARTESIAN_POINT('',(876.044921794539,423.14433795399,0.));
#4773=CARTESIAN_POINT('',(878.554900874133,423.144337953988,0.));
#4774=CARTESIAN_POINT('',(876.044921794539,423.14433795399,1.5));
#4775=CARTESIAN_POINT('',(878.554900874133,423.144337953988,1.5));
#4776=CARTESIAN_POINT('',(876.044921794539,423.14433795399,0.));
#4777=CARTESIAN_POINT('Origin',(876.044921794539,424.83433795399,0.));
#4778=CARTESIAN_POINT('',(874.849911334332,423.639327493787,0.));
#4779=CARTESIAN_POINT('Origin',(876.044921794539,424.83433795399,0.));
#4780=CARTESIAN_POINT('',(874.849911334332,423.639327493787,1.5));
#4781=CARTESIAN_POINT('Origin',(876.044921794539,424.83433795399,1.5));
#4782=CARTESIAN_POINT('',(874.849911334332,423.639327493787,0.));
#4783=CARTESIAN_POINT('Origin',(873.839890413925,424.6493484142,0.));
#4784=CARTESIAN_POINT('',(873.839890413922,424.649348414197,0.));
#4785=CARTESIAN_POINT('',(874.849911334335,423.63932749379,0.));
#4786=CARTESIAN_POINT('',(873.839890413922,424.649348414197,1.5));
#4787=CARTESIAN_POINT('',(874.849911334335,423.63932749379,1.5));
#4788=CARTESIAN_POINT('',(873.839890413922,424.649348414197,0.));
#4789=CARTESIAN_POINT('Origin',(875.034900874129,425.8443588744,0.));
#4790=CARTESIAN_POINT('',(873.344900874129,425.8443588744,0.));
#4791=CARTESIAN_POINT('Origin',(875.034900874129,425.8443588744,0.));
#4792=CARTESIAN_POINT('',(873.344900874129,425.8443588744,1.5));
#4793=CARTESIAN_POINT('Origin',(875.034900874129,425.8443588744,1.5));
#4794=CARTESIAN_POINT('',(873.344900874129,425.8443588744,0.));
#4795=CARTESIAN_POINT('Origin',(873.34490087413,434.759151676367,0.));
#4796=CARTESIAN_POINT('',(873.344900874131,434.759151676367,0.));
#4797=CARTESIAN_POINT('',(873.34490087413,434.759151676367,0.));
#4798=CARTESIAN_POINT('',(873.344900874131,434.759151676367,1.5));
#4799=CARTESIAN_POINT('',(873.34490087413,434.759151676367,1.5));
#4800=CARTESIAN_POINT('',(873.344900874131,434.759151676367,0.));
#4801=CARTESIAN_POINT('Origin',(872.704900874131,434.759151676367,0.));
#4802=CARTESIAN_POINT('',(873.157449214091,435.211700016325,0.));
#4803=CARTESIAN_POINT('Origin',(872.704900874131,434.759151676367,0.));
#4804=CARTESIAN_POINT('',(873.157449214091,435.211700016325,1.5));
#4805=CARTESIAN_POINT('Origin',(872.704900874131,434.759151676367,1.5));
#4806=CARTESIAN_POINT('',(873.157449214091,435.211700016325,0.));
#4807=CARTESIAN_POINT('Origin',(872.16335253417,436.205796696253,0.));
#4808=CARTESIAN_POINT('',(872.16335253417,436.205796696253,0.));
#4809=CARTESIAN_POINT('',(873.157449214091,435.211700016325,0.));
#4810=CARTESIAN_POINT('',(872.16335253417,436.205796696253,1.5));
#4811=CARTESIAN_POINT('',(873.157449214091,435.211700016325,1.5));
#4812=CARTESIAN_POINT('',(872.16335253417,436.205796696253,0.));
#4813=CARTESIAN_POINT('Origin',(872.615900874131,436.658345036211,0.));
#4814=CARTESIAN_POINT('',(871.975900874131,436.658345036211,0.));
#4815=CARTESIAN_POINT('Origin',(872.615900874131,436.658345036211,0.));
#4816=CARTESIAN_POINT('',(871.975900874131,436.658345036211,1.5));
#4817=CARTESIAN_POINT('Origin',(872.615900874131,436.658345036211,1.5));
#4818=CARTESIAN_POINT('',(871.975900874131,436.658345036211,0.));
#4819=CARTESIAN_POINT('Origin',(871.975900874131,439.630330871764,0.));
#4820=CARTESIAN_POINT('',(871.975900874131,439.630330871764,0.));
#4821=CARTESIAN_POINT('',(871.975900874131,436.658345036211,0.));
#4822=CARTESIAN_POINT('',(871.975900874131,439.630330871764,1.5));
#4823=CARTESIAN_POINT('',(871.975900874131,436.658345036211,1.5));
#4824=CARTESIAN_POINT('',(871.975900874131,439.630330871764,0.));
#4825=CARTESIAN_POINT('Origin',(872.615900874131,439.630330871764,0.));
#4826=CARTESIAN_POINT('',(872.163352534173,440.082879211725,0.));
#4827=CARTESIAN_POINT('Origin',(872.615900874131,439.630330871764,0.));
#4828=CARTESIAN_POINT('',(872.163352534173,440.082879211725,1.5));
#4829=CARTESIAN_POINT('Origin',(872.615900874131,439.630330871764,1.5));
#4830=CARTESIAN_POINT('',(872.163352534173,440.082879211725,0.));
#4831=CARTESIAN_POINT('Origin',(873.15744921409,441.076975891649,0.));
#4832=CARTESIAN_POINT('',(873.15744921409,441.076975891649,0.));
#4833=CARTESIAN_POINT('',(873.15744921409,441.076975891649,0.));
#4834=CARTESIAN_POINT('',(873.15744921409,441.076975891649,1.5));
#4835=CARTESIAN_POINT('',(873.15744921409,441.076975891649,1.5));
#4836=CARTESIAN_POINT('',(873.15744921409,441.076975891649,0.));
#4837=CARTESIAN_POINT('Origin',(872.704900874131,441.529524231609,0.));
#4838=CARTESIAN_POINT('',(873.344900874131,441.529524231609,0.));
#4839=CARTESIAN_POINT('Origin',(872.704900874131,441.529524231609,0.));
#4840=CARTESIAN_POINT('',(873.344900874131,441.529524231609,1.5));
#4841=CARTESIAN_POINT('Origin',(872.704900874131,441.529524231609,1.5));
#4842=CARTESIAN_POINT('',(873.344900874131,441.529524231609,0.));
#4843=CARTESIAN_POINT('Origin',(873.34490087413,446.454337078077,0.));
#4844=CARTESIAN_POINT('',(873.344900874131,446.454337078077,0.));
#4845=CARTESIAN_POINT('',(873.34490087413,446.454337078077,0.));
#4846=CARTESIAN_POINT('',(873.344900874131,446.454337078077,1.5));
#4847=CARTESIAN_POINT('',(873.34490087413,446.454337078077,1.5));
#4848=CARTESIAN_POINT('',(873.344900874131,446.454337078077,0.));
#4849=CARTESIAN_POINT('Origin',(872.654900874131,446.454337078077,0.));
#4850=CARTESIAN_POINT('',(872.654900874131,447.144337078077,0.));
#4851=CARTESIAN_POINT('Origin',(872.654900874131,446.454337078077,0.));
#4852=CARTESIAN_POINT('',(872.654900874131,447.144337078077,1.5));
#4853=CARTESIAN_POINT('Origin',(872.654900874131,446.454337078077,1.5));
#4854=CARTESIAN_POINT('',(872.654900874131,447.144337078077,0.));
#4855=CARTESIAN_POINT('Origin',(866.685936882041,447.144337078079,0.));
#4856=CARTESIAN_POINT('',(866.685936882041,447.144337078074,0.));
#4857=CARTESIAN_POINT('',(866.685936882041,447.144337078079,0.));
#4858=CARTESIAN_POINT('',(866.685936882041,447.144337078074,1.5));
#4859=CARTESIAN_POINT('',(866.685936882041,447.144337078079,1.5));
#4860=CARTESIAN_POINT('',(866.685936882041,447.144337078074,0.));
#4861=CARTESIAN_POINT('Origin',(866.685936882044,448.834337078074,0.));
#4862=CARTESIAN_POINT('',(865.45607342757,447.675227105054,0.));
#4863=CARTESIAN_POINT('Origin',(866.685936882044,448.834337078074,0.));
#4864=CARTESIAN_POINT('',(865.45607342757,447.675227105054,1.5));
#4865=CARTESIAN_POINT('Origin',(866.685936882044,448.834337078074,1.5));
#4866=CARTESIAN_POINT('',(865.456073418332,447.675227096347,0.));
#4867=CARTESIAN_POINT('Origin',(868.07590087413,450.144337078072,0.));
#4868=CARTESIAN_POINT('',(868.07590087413,453.744337078072,0.));
#4869=CARTESIAN_POINT('Origin',(868.07590087413,450.144337078072,0.));
#4870=CARTESIAN_POINT('',(868.07590087413,453.744337078072,1.5));
#4871=CARTESIAN_POINT('Origin',(868.07590087413,450.144337078072,1.5));
#4872=CARTESIAN_POINT('',(868.07590087413,453.744337078072,0.));
#4873=CARTESIAN_POINT('Origin',(887.875879953721,453.74433707807,0.));
#4874=CARTESIAN_POINT('',(887.875879953721,453.744337078068,0.));
#4875=CARTESIAN_POINT('',(868.07590087413,453.74433707807,0.));
#4876=CARTESIAN_POINT('',(887.875879953721,453.744337078068,1.5));
#4877=CARTESIAN_POINT('',(868.07590087413,453.74433707807,1.5));
#4878=CARTESIAN_POINT('',(887.875879953721,453.744337078068,0.));
#4879=CARTESIAN_POINT('Origin',(887.875879953721,452.054337078068,0.));
#4880=CARTESIAN_POINT('',(889.070890413929,453.24934753827,0.));
#4881=CARTESIAN_POINT('Origin',(887.875879953721,452.054337078068,0.));
#4882=CARTESIAN_POINT('',(889.070890413929,453.24934753827,1.5));
#4883=CARTESIAN_POINT('Origin',(887.875879953721,452.054337078068,1.5));
#4884=CARTESIAN_POINT('',(889.070890413929,453.24934753827,0.));
#4885=CARTESIAN_POINT('Origin',(890.080911334339,452.239326617858,0.));
#4886=CARTESIAN_POINT('',(890.08091133434,452.239326617859,0.));
#4887=CARTESIAN_POINT('',(889.070890413929,453.24934753827,0.));
#4888=CARTESIAN_POINT('',(890.08091133434,452.239326617859,1.5));
#4889=CARTESIAN_POINT('',(889.070890413929,453.24934753827,1.5));
#4890=CARTESIAN_POINT('',(890.08091133434,452.239326617859,0.));
#4891=CARTESIAN_POINT('Origin',(888.885900874131,451.044316157658,0.));
#4892=CARTESIAN_POINT('',(890.575900874131,451.044316157658,0.));
#4893=CARTESIAN_POINT('Origin',(888.885900874131,451.044316157658,0.));
#4894=CARTESIAN_POINT('',(890.575900874131,451.044316157658,1.5));
#4895=CARTESIAN_POINT('Origin',(888.885900874131,451.044316157658,1.5));
#4896=CARTESIAN_POINT('',(890.575900874131,451.044316157658,0.));
#4897=CARTESIAN_POINT('Origin',(890.575900874133,448.534337078064,0.));
#4898=CARTESIAN_POINT('',(890.575900874133,448.534337078064,0.));
#4899=CARTESIAN_POINT('',(890.575900874133,448.534337078064,0.));
#4900=CARTESIAN_POINT('',(890.575900874133,448.534337078064,1.5));
#4901=CARTESIAN_POINT('',(890.575900874133,448.534337078064,1.5));
#4902=CARTESIAN_POINT('',(890.575900874133,448.534337078064,0.));
#4903=CARTESIAN_POINT('Origin',(892.575900874133,448.534337078064,0.));
#4904=CARTESIAN_POINT('',(894.575900874133,448.534337078064,0.));
#4905=CARTESIAN_POINT('Origin',(892.575900874133,448.534337078064,0.));
#4906=CARTESIAN_POINT('',(894.575900874133,448.534337078064,1.5));
#4907=CARTESIAN_POINT('Origin',(892.575900874133,448.534337078064,1.5));
#4908=CARTESIAN_POINT('',(894.575900874133,448.534337078064,0.));
#4909=CARTESIAN_POINT('Origin',(894.575900874133,451.044316157658,0.));
#4910=CARTESIAN_POINT('',(894.575900874136,451.044316157658,0.));
#4911=CARTESIAN_POINT('',(894.575900874133,448.534337078064,0.));
#4912=CARTESIAN_POINT('',(894.575900874136,451.044316157658,1.5));
#4913=CARTESIAN_POINT('',(894.575900874133,448.534337078064,1.5));
#4914=CARTESIAN_POINT('',(894.575900874136,451.044316157658,0.));
#4915=CARTESIAN_POINT('Origin',(896.265900874136,451.044316157658,0.));
#4916=CARTESIAN_POINT('',(895.07089041393,452.239326617863,0.));
#4917=CARTESIAN_POINT('Origin',(896.265900874136,451.044316157658,0.));
#4918=CARTESIAN_POINT('',(895.07089041393,452.239326617863,1.5));
#4919=CARTESIAN_POINT('Origin',(896.265900874136,451.044316157658,1.5));
#4920=CARTESIAN_POINT('',(895.07089041393,452.239326617863,0.));
#4921=CARTESIAN_POINT('Origin',(896.080911334337,453.24934753827,0.));
#4922=CARTESIAN_POINT('',(896.080911334337,453.24934753827,0.));
#4923=CARTESIAN_POINT('',(895.070890413928,452.239326617865,0.));
#4924=CARTESIAN_POINT('',(896.080911334337,453.24934753827,1.5));
#4925=CARTESIAN_POINT('',(895.070890413928,452.239326617865,1.5));
#4926=CARTESIAN_POINT('',(896.080911334337,453.24934753827,0.));
#4927=CARTESIAN_POINT('Origin',(897.275921794546,452.054337078068,0.));
#4928=CARTESIAN_POINT('',(897.275921794546,453.744337078068,0.));
#4929=CARTESIAN_POINT('Origin',(897.275921794546,452.054337078068,0.));
#4930=CARTESIAN_POINT('',(897.275921794546,453.744337078068,1.5));
#4931=CARTESIAN_POINT('Origin',(897.275921794546,452.054337078068,1.5));
#4932=CARTESIAN_POINT('',(897.275921794546,453.744337078068,0.));
#4933=CARTESIAN_POINT('Origin',(917.07590087413,453.74433707807,0.));
#4934=CARTESIAN_POINT('',(917.07590087413,453.744337078072,0.));
#4935=CARTESIAN_POINT('',(897.275921794546,453.74433707807,0.));
#4936=CARTESIAN_POINT('',(917.07590087413,453.744337078072,1.5));
#4937=CARTESIAN_POINT('',(897.275921794546,453.74433707807,1.5));
#4938=CARTESIAN_POINT('',(917.07590087413,453.744337078072,0.));
#4939=CARTESIAN_POINT('Origin',(917.07590087413,450.144337078072,0.));
#4940=CARTESIAN_POINT('',(919.695728319991,447.675227105738,0.));
#4941=CARTESIAN_POINT('Origin',(917.07590087413,450.144337078072,0.));
#4942=CARTESIAN_POINT('',(919.695728319991,447.675227105738,1.5));
#4943=CARTESIAN_POINT('Origin',(917.07590087413,450.144337078072,1.5));
#4944=CARTESIAN_POINT('',(919.695728310752,447.675227114445,0.));
#4945=CARTESIAN_POINT('Origin',(918.465864866219,448.834337078081,0.));
#4946=CARTESIAN_POINT('',(918.465864866219,447.144337078081,0.));
#4947=CARTESIAN_POINT('Origin',(918.465864866219,448.834337078081,0.));
#4948=CARTESIAN_POINT('',(918.465864866219,447.144337078081,1.5));
#4949=CARTESIAN_POINT('Origin',(918.465864866219,448.834337078081,1.5));
#4950=CARTESIAN_POINT('',(918.465864866219,447.144337078081,0.));
#4951=CARTESIAN_POINT('Origin',(912.496900874136,447.144337078077,0.));
#4952=CARTESIAN_POINT('',(912.496900874136,447.144337078077,0.));
#4953=CARTESIAN_POINT('',(918.465864866219,447.144337078081,0.));
#4954=CARTESIAN_POINT('',(912.496900874136,447.144337078077,1.5));
#4955=CARTESIAN_POINT('',(918.465864866219,447.144337078081,1.5));
#4956=CARTESIAN_POINT('',(912.496900874136,447.144337078077,0.));
#4957=CARTESIAN_POINT('Origin',(912.496900874136,446.454337078077,0.));
#4958=CARTESIAN_POINT('',(911.806900874136,446.454337078077,0.));
#4959=CARTESIAN_POINT('Origin',(912.496900874136,446.454337078077,0.));
#4960=CARTESIAN_POINT('',(911.806900874136,446.454337078077,1.5));
#4961=CARTESIAN_POINT('Origin',(912.496900874136,446.454337078077,1.5));
#4962=CARTESIAN_POINT('',(911.806900874136,446.454337078077,0.));
#4963=CARTESIAN_POINT('Origin',(911.80690087413,441.529524231609,0.));
#4964=CARTESIAN_POINT('',(911.806900874129,441.529524231609,0.));
#4965=CARTESIAN_POINT('',(911.806900874136,446.454337078077,0.));
#4966=CARTESIAN_POINT('',(911.806900874129,441.529524231609,1.5));
#4967=CARTESIAN_POINT('',(911.806900874136,446.454337078077,1.5));
#4968=CARTESIAN_POINT('',(911.806900874129,441.529524231609,0.));
#4969=CARTESIAN_POINT('Origin',(912.446900874129,441.529524231609,0.));
#4970=CARTESIAN_POINT('',(911.994352534171,441.076975891647,0.));
#4971=CARTESIAN_POINT('Origin',(912.446900874129,441.529524231609,0.));
#4972=CARTESIAN_POINT('',(911.994352534171,441.076975891647,1.5));
#4973=CARTESIAN_POINT('Origin',(912.446900874129,441.529524231609,1.5));
#4974=CARTESIAN_POINT('',(911.994352534171,441.076975891647,0.));
#4975=CARTESIAN_POINT('Origin',(912.988449214088,440.082879211727,0.));
#4976=CARTESIAN_POINT('',(912.988449214086,440.082879211725,0.));
#4977=CARTESIAN_POINT('',(911.99435253417,441.076975891646,0.));
#4978=CARTESIAN_POINT('',(912.988449214086,440.082879211725,1.5));
#4979=CARTESIAN_POINT('',(911.99435253417,441.076975891646,1.5));
#4980=CARTESIAN_POINT('',(912.988449214086,440.082879211725,0.));
#4981=CARTESIAN_POINT('Origin',(912.535900874129,439.630330871764,0.));
#4982=CARTESIAN_POINT('',(913.175900874129,439.630330871764,0.));
#4983=CARTESIAN_POINT('Origin',(912.535900874129,439.630330871764,0.));
#4984=CARTESIAN_POINT('',(913.175900874129,439.630330871764,1.5));
#4985=CARTESIAN_POINT('Origin',(912.535900874129,439.630330871764,1.5));
#4986=CARTESIAN_POINT('',(913.175900874129,439.630330871764,0.));
#4987=CARTESIAN_POINT('Origin',(913.175900874129,436.658345036211,0.));
#4988=CARTESIAN_POINT('',(913.175900874129,436.658345036211,0.));
#4989=CARTESIAN_POINT('',(913.175900874129,436.658345036211,0.));
#4990=CARTESIAN_POINT('',(913.175900874129,436.658345036211,1.5));
#4991=CARTESIAN_POINT('',(913.175900874129,436.658345036211,1.5));
#4992=CARTESIAN_POINT('',(913.175900874129,436.658345036211,0.));
#4993=CARTESIAN_POINT('Origin',(912.535900874129,436.658345036211,0.));
#4994=CARTESIAN_POINT('',(912.988449214086,436.20579669625,0.));
#4995=CARTESIAN_POINT('Origin',(912.535900874129,436.658345036211,0.));
#4996=CARTESIAN_POINT('',(912.988449214086,436.20579669625,1.5));
#4997=CARTESIAN_POINT('Origin',(912.535900874129,436.658345036211,1.5));
#4998=CARTESIAN_POINT('',(912.988449214086,436.20579669625,0.));
#4999=CARTESIAN_POINT('Origin',(911.994352534171,435.211700016327,0.));
#5000=CARTESIAN_POINT('',(911.994352534171,435.211700016327,0.));
#5001=CARTESIAN_POINT('',(911.994352534171,435.211700016327,0.));
#5002=CARTESIAN_POINT('',(911.994352534171,435.211700016327,1.5));
#5003=CARTESIAN_POINT('',(911.994352534171,435.211700016327,1.5));
#5004=CARTESIAN_POINT('',(911.994352534171,435.211700016327,0.));
#5005=CARTESIAN_POINT('Origin',(912.446900874129,434.759151676367,0.));
#5006=CARTESIAN_POINT('',(911.806900874129,434.759151676367,0.));
#5007=CARTESIAN_POINT('Origin',(912.446900874129,434.759151676367,0.));
#5008=CARTESIAN_POINT('',(911.806900874129,434.759151676367,1.5));
#5009=CARTESIAN_POINT('Origin',(912.446900874129,434.759151676367,1.5));
#5010=CARTESIAN_POINT('',(911.806900874129,434.759151676367,0.));
#5011=CARTESIAN_POINT('Origin',(911.806900874126,425.8443588744,0.));
#5012=CARTESIAN_POINT('',(911.806900874131,425.8443588744,0.));
#5013=CARTESIAN_POINT('',(911.80690087413,434.759151676367,0.));
#5014=CARTESIAN_POINT('',(911.806900874131,425.8443588744,1.5));
#5015=CARTESIAN_POINT('',(911.80690087413,434.759151676367,1.5));
#5016=CARTESIAN_POINT('',(911.806900874131,425.8443588744,0.));
#5017=CARTESIAN_POINT('Origin',(910.116900874131,425.8443588744,0.));
#5018=CARTESIAN_POINT('',(911.311911334333,424.649348414192,0.));
#5019=CARTESIAN_POINT('Origin',(910.116900874131,425.8443588744,0.));
#5020=CARTESIAN_POINT('',(911.311911334333,424.649348414192,1.5));
#5021=CARTESIAN_POINT('Origin',(910.116900874131,425.8443588744,1.5));
#5022=CARTESIAN_POINT('',(911.311911334333,424.649348414192,0.));
#5023=CARTESIAN_POINT('Origin',(910.301890413923,423.639327493782,0.));
#5024=CARTESIAN_POINT('',(910.301890413923,423.639327493782,0.));
#5025=CARTESIAN_POINT('',(910.301890413923,423.639327493782,0.));
#5026=CARTESIAN_POINT('',(910.301890413923,423.639327493782,1.5));
#5027=CARTESIAN_POINT('',(910.301890413923,423.639327493782,1.5));
#5028=CARTESIAN_POINT('',(910.301890413923,423.639327493782,0.));
#5029=CARTESIAN_POINT('Origin',(909.106879953721,424.83433795399,0.));
#5030=CARTESIAN_POINT('',(909.106879953721,423.14433795399,0.));
#5031=CARTESIAN_POINT('Origin',(909.106879953721,424.83433795399,0.));
#5032=CARTESIAN_POINT('',(909.106879953721,423.14433795399,1.5));
#5033=CARTESIAN_POINT('Origin',(909.106879953721,424.83433795399,1.5));
#5034=CARTESIAN_POINT('',(909.106879953721,423.14433795399,0.));
#5035=CARTESIAN_POINT('Origin',(906.596900874127,423.144337953988,0.));
#5036=CARTESIAN_POINT('',(906.596900874127,423.144337953988,0.));
#5037=CARTESIAN_POINT('',(906.596900874127,423.144337953988,0.));
#5038=CARTESIAN_POINT('',(906.596900874127,423.144337953988,1.5));
#5039=CARTESIAN_POINT('',(906.596900874127,423.144337953988,1.5));
#5040=CARTESIAN_POINT('',(906.596900874127,423.144337953988,0.));
#5041=CARTESIAN_POINT('Origin',(906.596900874127,421.144337953988,0.));
#5042=CARTESIAN_POINT('',(906.596900874127,419.144337953988,0.));
#5043=CARTESIAN_POINT('Origin',(906.596900874127,421.144337953988,0.));
#5044=CARTESIAN_POINT('',(906.596900874127,419.144337953988,1.5));
#5045=CARTESIAN_POINT('Origin',(906.596900874127,421.144337953988,1.5));
#5046=CARTESIAN_POINT('',(906.596900874127,419.144337953988,0.));
#5047=CARTESIAN_POINT('Origin',(909.106879953717,419.144337953985,0.));
#5048=CARTESIAN_POINT('',(909.106879953717,419.144337953985,0.));
#5049=CARTESIAN_POINT('',(906.596900874127,419.144337953988,0.));
#5050=CARTESIAN_POINT('',(909.106879953717,419.144337953985,1.5));
#5051=CARTESIAN_POINT('',(906.596900874127,419.144337953988,1.5));
#5052=CARTESIAN_POINT('',(909.106879953717,419.144337953985,0.));
#5053=CARTESIAN_POINT('Origin',(909.106879953717,417.454337953985,0.));
#5054=CARTESIAN_POINT('',(910.301890413919,418.649348414194,0.));
#5055=CARTESIAN_POINT('Origin',(909.106879953717,417.454337953985,0.));
#5056=CARTESIAN_POINT('',(910.301890413919,418.649348414194,1.5));
#5057=CARTESIAN_POINT('Origin',(909.106879953717,417.454337953985,1.5));
#5058=CARTESIAN_POINT('',(910.301890413919,418.649348414194,0.));
#5059=CARTESIAN_POINT('Origin',(911.311911334335,417.639327493783,0.));
#5060=CARTESIAN_POINT('',(911.311911334334,417.639327493782,0.));
#5061=CARTESIAN_POINT('',(911.311911334335,417.639327493783,0.));
#5062=CARTESIAN_POINT('',(911.311911334334,417.639327493782,1.5));
#5063=CARTESIAN_POINT('',(911.311911334335,417.639327493783,1.5));
#5064=CARTESIAN_POINT('',(911.311911334334,417.639327493782,0.));
#5065=CARTESIAN_POINT('Origin',(910.116900874131,416.444317033575,0.));
#5066=CARTESIAN_POINT('',(911.806900874131,416.444317033575,0.));
#5067=CARTESIAN_POINT('Origin',(910.116900874131,416.444317033575,0.));
#5068=CARTESIAN_POINT('',(911.806900874131,416.444317033575,1.5));
#5069=CARTESIAN_POINT('Origin',(910.116900874131,416.444317033575,1.5));
#5070=CARTESIAN_POINT('',(911.806900874131,416.444317033575,0.));
#5071=CARTESIAN_POINT('Origin',(911.806900874122,407.529524231609,0.));
#5072=CARTESIAN_POINT('',(911.806900874129,407.529524231609,0.));
#5073=CARTESIAN_POINT('',(911.806900874126,416.444317033575,0.));
#5074=CARTESIAN_POINT('',(911.806900874129,407.529524231609,1.5));
#5075=CARTESIAN_POINT('',(911.806900874126,416.444317033575,1.5));
#5076=CARTESIAN_POINT('',(911.806900874129,407.529524231609,0.));
#5077=CARTESIAN_POINT('Origin',(912.446900874129,407.529524231609,0.));
#5078=CARTESIAN_POINT('',(911.994352534168,407.076975891651,0.));
#5079=CARTESIAN_POINT('Origin',(912.446900874129,407.529524231609,0.));
#5080=CARTESIAN_POINT('',(911.994352534168,407.076975891651,1.5));
#5081=CARTESIAN_POINT('Origin',(912.446900874129,407.529524231609,1.5));
#5082=CARTESIAN_POINT('',(911.994352534168,407.076975891651,0.));
#5083=CARTESIAN_POINT('Origin',(912.988449214088,406.082879211734,0.));
#5084=CARTESIAN_POINT('',(912.98844921409,406.082879211736,0.));
#5085=CARTESIAN_POINT('',(911.99435253417,407.076975891653,0.));
#5086=CARTESIAN_POINT('',(912.98844921409,406.082879211736,1.5));
#5087=CARTESIAN_POINT('',(911.99435253417,407.076975891653,1.5));
#5088=CARTESIAN_POINT('',(912.98844921409,406.082879211736,0.));
#5089=CARTESIAN_POINT('Origin',(912.535900874129,405.630330871779,0.));
#5090=CARTESIAN_POINT('',(913.175900874129,405.630330871779,0.));
#5091=CARTESIAN_POINT('Origin',(912.535900874129,405.630330871779,0.));
#5092=CARTESIAN_POINT('',(913.175900874129,405.630330871779,1.5));
#5093=CARTESIAN_POINT('Origin',(912.535900874129,405.630330871779,1.5));
#5094=CARTESIAN_POINT('',(913.175900874129,405.630330871779,0.));
#5095=CARTESIAN_POINT('Origin',(913.175900874129,402.658345036211,0.));
#5096=CARTESIAN_POINT('',(913.175900874129,402.658345036211,0.));
#5097=CARTESIAN_POINT('',(913.175900874128,405.630330871779,0.));
#5098=CARTESIAN_POINT('',(913.175900874129,402.658345036211,1.5));
#5099=CARTESIAN_POINT('',(913.175900874128,405.630330871779,1.5));
#5100=CARTESIAN_POINT('',(913.175900874129,402.658345036211,0.));
#5101=CARTESIAN_POINT('Origin',(912.535900874129,402.658345036211,0.));
#5102=CARTESIAN_POINT('',(912.988449214087,402.205796696251,0.));
#5103=CARTESIAN_POINT('Origin',(912.535900874129,402.658345036211,0.));
#5104=CARTESIAN_POINT('',(912.988449214087,402.205796696251,1.5));
#5105=CARTESIAN_POINT('Origin',(912.535900874129,402.658345036211,1.5));
#5106=CARTESIAN_POINT('',(912.988449214087,402.205796696251,0.));
#5107=CARTESIAN_POINT('Origin',(911.99435253417,401.211700016337,0.));
#5108=CARTESIAN_POINT('',(911.994352534168,401.211700016339,0.));
#5109=CARTESIAN_POINT('',(911.99435253417,401.211700016337,0.));
#5110=CARTESIAN_POINT('',(911.994352534168,401.211700016339,1.5));
#5111=CARTESIAN_POINT('',(911.99435253417,401.211700016337,1.5));
#5112=CARTESIAN_POINT('',(911.994352534168,401.211700016339,0.));
#5113=CARTESIAN_POINT('Origin',(912.446900874129,400.759151676381,0.));
#5114=CARTESIAN_POINT('',(911.806900874129,400.759151676381,0.));
#5115=CARTESIAN_POINT('Origin',(912.446900874129,400.759151676381,0.));
#5116=CARTESIAN_POINT('',(911.806900874129,400.759151676381,1.5));
#5117=CARTESIAN_POINT('Origin',(912.446900874129,400.759151676381,1.5));
#5118=CARTESIAN_POINT('',(911.806900874129,400.759151676381,0.));
#5119=CARTESIAN_POINT('Origin',(911.80690087413,395.834338829899,0.));
#5120=CARTESIAN_POINT('',(911.806900874136,395.834338829899,0.));
#5121=CARTESIAN_POINT('',(911.806900874126,400.759151676381,0.));
#5122=CARTESIAN_POINT('',(911.806900874136,395.834338829899,1.5));
#5123=CARTESIAN_POINT('',(911.806900874126,400.759151676381,1.5));
#5124=CARTESIAN_POINT('',(911.806900874136,395.834338829899,0.));
#5125=CARTESIAN_POINT('Origin',(912.496900874136,395.834338829899,0.));
#5126=CARTESIAN_POINT('',(912.496900874136,395.144338829899,0.));
#5127=CARTESIAN_POINT('Origin',(912.496900874136,395.834338829899,0.));
#5128=CARTESIAN_POINT('',(912.496900874136,395.144338829899,1.5));
#5129=CARTESIAN_POINT('Origin',(912.496900874136,395.834338829899,1.5));
#5130=CARTESIAN_POINT('',(912.496900874136,395.144338829899,0.));
#5131=CARTESIAN_POINT('Origin',(918.465863215166,395.144338829897,0.));
#5132=CARTESIAN_POINT('',(918.465863215166,395.144338829902,0.));
#5133=CARTESIAN_POINT('',(918.465863215166,395.144338829897,0.));
#5134=CARTESIAN_POINT('',(918.465863215166,395.144338829902,1.5));
#5135=CARTESIAN_POINT('',(918.465863215166,395.144338829897,1.5));
#5136=CARTESIAN_POINT('',(918.465863215166,395.144338829902,0.));
#5137=CARTESIAN_POINT('Origin',(918.465863215166,393.454338829902,0.));
#5138=CARTESIAN_POINT('',(919.695725208763,394.613450352969,0.));
#5139=CARTESIAN_POINT('Origin',(918.465863215166,393.454338829902,0.));
#5140=CARTESIAN_POINT('',(919.695725208763,394.613450352969,1.5));
#5141=CARTESIAN_POINT('Origin',(918.465863215166,393.454338829902,1.5));
#5142=CARTESIAN_POINT('',(919.695725218,394.613450361675,0.));
#5143=CARTESIAN_POINT('Origin',(917.07590087413,392.144337078072,0.));
#5144=CARTESIAN_POINT('',(920.67590087413,392.144337078064,0.));
#5145=CARTESIAN_POINT('Origin',(917.07590087413,392.144337078072,0.));
#5146=CARTESIAN_POINT('',(920.67590087413,392.144337078064,1.5));
#5147=CARTESIAN_POINT('Origin',(917.07590087413,392.144337078072,1.5));
#5148=CARTESIAN_POINT('',(920.67590087413,392.144337078064,0.));
#5149=CARTESIAN_POINT('Origin',(920.675900874121,385.295326549504,0.));
#5150=CARTESIAN_POINT('',(920.675900874127,385.295326549504,0.));
#5151=CARTESIAN_POINT('',(920.675900874121,385.295326549504,0.));
#5152=CARTESIAN_POINT('',(920.675900874127,385.295326549504,1.5));
#5153=CARTESIAN_POINT('',(920.675900874121,385.295326549504,1.5));
#5154=CARTESIAN_POINT('',(920.675900874127,385.295326549504,0.));
#5155=CARTESIAN_POINT('Origin',(922.365900874127,385.295326549504,0.));
#5156=CARTESIAN_POINT('',(921.17089041392,384.100316089301,0.));
#5157=CARTESIAN_POINT('Origin',(922.365900874127,385.295326549504,0.));
#5158=CARTESIAN_POINT('',(921.17089041392,384.100316089301,1.5));
#5159=CARTESIAN_POINT('Origin',(922.365900874127,385.295326549504,1.5));
#5160=CARTESIAN_POINT('',(921.17089041392,384.100316089301,0.));
#5161=CARTESIAN_POINT('Origin',(922.480911334336,382.790295168891,0.));
#5162=CARTESIAN_POINT('',(922.48091133434,382.790295168894,0.));
#5163=CARTESIAN_POINT('',(921.170890413923,384.100316089304,0.));
#5164=CARTESIAN_POINT('',(922.48091133434,382.790295168894,1.5));
#5165=CARTESIAN_POINT('',(921.170890413923,384.100316089304,1.5));
#5166=CARTESIAN_POINT('',(922.48091133434,382.790295168894,0.));
#5167=CARTESIAN_POINT('Origin',(921.285900874132,381.595284708691,0.));
#5168=CARTESIAN_POINT('',(922.975900874132,381.595284708691,0.));
#5169=CARTESIAN_POINT('Origin',(921.285900874132,381.595284708691,0.));
#5170=CARTESIAN_POINT('',(922.975900874132,381.595284708691,1.5));
#5171=CARTESIAN_POINT('Origin',(921.285900874132,381.595284708691,1.5));
#5172=CARTESIAN_POINT('',(922.975900874132,381.595284708691,0.));
#5173=CARTESIAN_POINT('Origin',(922.975900874132,377.693392951132,0.));
#5174=CARTESIAN_POINT('',(922.975900874132,377.693392951132,0.));
#5175=CARTESIAN_POINT('',(922.975900874131,381.595284708691,0.));
#5176=CARTESIAN_POINT('',(922.975900874132,377.693392951132,1.5));
#5177=CARTESIAN_POINT('',(922.975900874131,381.595284708691,1.5));
#5178=CARTESIAN_POINT('',(922.975900874132,377.693392951132,0.));
#5179=CARTESIAN_POINT('Origin',(921.285900874132,377.693392951132,0.));
#5180=CARTESIAN_POINT('',(922.480911334335,376.498382490923,0.));
#5181=CARTESIAN_POINT('Origin',(921.285900874132,377.693392951132,0.));
#5182=CARTESIAN_POINT('',(922.480911334335,376.498382490923,1.5));
#5183=CARTESIAN_POINT('Origin',(921.285900874132,377.693392951132,1.5));
#5184=CARTESIAN_POINT('',(922.480911334335,376.498382490923,0.));
#5185=CARTESIAN_POINT('Origin',(917.221857213108,371.239328369697,0.));
#5186=CARTESIAN_POINT('',(917.221857213108,371.239328369697,0.));
#5187=CARTESIAN_POINT('',(917.221857213108,371.239328369697,0.));
#5188=CARTESIAN_POINT('',(917.221857213108,371.239328369697,1.5));
#5189=CARTESIAN_POINT('',(917.221857213108,371.239328369697,1.5));
#5190=CARTESIAN_POINT('',(917.221857213108,371.239328369697,0.));
#5191=CARTESIAN_POINT('Origin',(916.026846752906,372.434338829905,0.));
#5192=CARTESIAN_POINT('',(916.026846752906,370.744338829905,0.));
#5193=CARTESIAN_POINT('Origin',(916.026846752906,372.434338829905,0.));
#5194=CARTESIAN_POINT('',(916.026846752906,370.744338829905,1.5));
#5195=CARTESIAN_POINT('Origin',(916.026846752906,372.434338829905,1.5));
#5196=CARTESIAN_POINT('',(916.026846752906,370.744338829905,0.));
#5197=CARTESIAN_POINT('Origin',(869.124954995354,370.744338829905,0.));
#5198=CARTESIAN_POINT('',(869.124954995354,370.744338829905,0.));
#5199=CARTESIAN_POINT('',(916.026846752906,370.744338829917,0.));
#5200=CARTESIAN_POINT('',(869.124954995354,370.744338829905,1.5));
#5201=CARTESIAN_POINT('',(916.026846752906,370.744338829917,1.5));
#5202=CARTESIAN_POINT('',(869.124954995354,370.744338829905,0.));
#5203=CARTESIAN_POINT('Origin',(869.124954995354,372.434338829905,0.));
#5204=CARTESIAN_POINT('',(867.929944535148,371.2393283697,0.));
#5205=CARTESIAN_POINT('Origin',(869.124954995354,372.434338829905,0.));
#5206=CARTESIAN_POINT('',(867.929944535148,371.2393283697,1.5));
#5207=CARTESIAN_POINT('Origin',(869.124954995354,372.434338829905,1.5));
#5208=CARTESIAN_POINT('',(867.929944535148,371.2393283697,0.));
#5209=CARTESIAN_POINT('Origin',(862.670890413922,376.498382490926,0.));
#5210=CARTESIAN_POINT('',(862.670890413922,376.498382490926,0.));
#5211=CARTESIAN_POINT('',(867.929944535148,371.2393283697,0.));
#5212=CARTESIAN_POINT('',(862.670890413922,376.498382490926,1.5));
#5213=CARTESIAN_POINT('',(867.929944535148,371.2393283697,1.5));
#5214=CARTESIAN_POINT('',(862.670890413922,376.498382490926,0.));
#5215=CARTESIAN_POINT('Origin',(863.865900874127,377.693392951132,0.));
#5216=CARTESIAN_POINT('',(862.175900874127,377.693392951132,0.));
#5217=CARTESIAN_POINT('Origin',(863.865900874127,377.693392951132,0.));
#5218=CARTESIAN_POINT('',(862.175900874127,377.693392951132,1.5));
#5219=CARTESIAN_POINT('Origin',(863.865900874127,377.693392951132,1.5));
#5220=CARTESIAN_POINT('',(862.175900874127,377.693392951132,0.));
#5221=CARTESIAN_POINT('Origin',(862.175900874127,381.595284708691,0.));
#5222=CARTESIAN_POINT('',(862.175900874127,381.595284708691,0.));
#5223=CARTESIAN_POINT('',(862.175900874127,381.595284708691,0.));
#5224=CARTESIAN_POINT('',(862.175900874127,381.595284708691,1.5));
#5225=CARTESIAN_POINT('',(862.175900874127,381.595284708691,1.5));
#5226=CARTESIAN_POINT('',(862.175900874127,381.595284708691,0.));
#5227=CARTESIAN_POINT('Origin',(863.865900874127,381.595284708691,0.));
#5228=CARTESIAN_POINT('',(862.67089041392,382.790295168895,0.));
#5229=CARTESIAN_POINT('Origin',(863.865900874127,381.595284708691,0.));
#5230=CARTESIAN_POINT('',(862.67089041392,382.790295168895,1.5));
#5231=CARTESIAN_POINT('Origin',(863.865900874127,381.595284708691,1.5));
#5232=CARTESIAN_POINT('',(862.67089041392,382.790295168895,0.));
#5233=CARTESIAN_POINT('Origin',(863.980911334336,384.100316089304,0.));
#5234=CARTESIAN_POINT('',(863.980911334336,384.100316089304,0.));
#5235=CARTESIAN_POINT('',(863.980911334336,384.100316089304,1.5));
#5236=CARTESIAN_POINT('Origin',(892.57590087413,412.244337953988,1.5));
#5237=CARTESIAN_POINT('Origin',(892.57590087413,412.244337953988,0.));
#5238=UNCERTAINTY_MEASURE_WITH_UNIT(LENGTH_MEASURE(0.01),#5242,
'DISTANCE_ACCURACY_VALUE',
'Maximum model space distance between geometric entities at asserted c
onnectivities');
#5239=UNCERTAINTY_MEASURE_WITH_UNIT(LENGTH_MEASURE(0.01),#5242,
'DISTANCE_ACCURACY_VALUE',
'Maximum model space distance between geometric entities at asserted c
onnectivities');
#5240=(
GEOMETRIC_REPRESENTATION_CONTEXT(3)
GLOBAL_UNCERTAINTY_ASSIGNED_CONTEXT((#5238))
GLOBAL_UNIT_ASSIGNED_CONTEXT((#5242,#5244,#5245))
REPRESENTATION_CONTEXT('','3D')
);
#5241=(
GEOMETRIC_REPRESENTATION_CONTEXT(3)
GLOBAL_UNCERTAINTY_ASSIGNED_CONTEXT((#5239))
GLOBAL_UNIT_ASSIGNED_CONTEXT((#5242,#5244,#5245))
REPRESENTATION_CONTEXT('','3D')
);
#5242=(
LENGTH_UNIT()
NAMED_UNIT(*)
SI_UNIT(.MILLI.,.METRE.)
);
#5243=(
LENGTH_UNIT()
NAMED_UNIT(*)
SI_UNIT($,.METRE.)
);
#5244=(
NAMED_UNIT(*)
PLANE_ANGLE_UNIT()
SI_UNIT($,.RADIAN.)
);
#5245=(
NAMED_UNIT(*)
SI_UNIT($,.STERADIAN.)
SOLID_ANGLE_UNIT()
);
#5246=SHAPE_DEFINITION_REPRESENTATION(#5247,#5248);
#5247=PRODUCT_DEFINITION_SHAPE('',$,#5250);
#5248=SHAPE_REPRESENTATION('',(#3066),#5240);
#5249=PRODUCT_DEFINITION_CONTEXT('part definition',#5254,'design');
#5250=PRODUCT_DEFINITION('AL-\X2\8F7B91CF53165E955EA7\X0\-A',
'AL-\X2\8F7B91CF53165E955EA7\X0\-A',#5251,#5249);
#5251=PRODUCT_DEFINITION_FORMATION('',$,#5256);
#5252=PRODUCT_RELATED_PRODUCT_CATEGORY('AL-\X2\8F7B91CF53165E955EA7\X0\-
A','AL-\X2\8F7B91CF53165E955EA7\X0\-A',(#5256));
#5253=APPLICATION_PROTOCOL_DEFINITION('international standard',
'automotive_design',2009,#5254);
#5254=APPLICATION_CONTEXT(
'Core Data for Automotive Mechanical Design Process');
#5255=PRODUCT_CONTEXT('part definition',#5254,'mechanical');
#5256=PRODUCT('AL-\X2\8F7B91CF53165E955EA7\X0\-A',
'AL-\X2\8F7B91CF53165E955EA7\X0\-A',$,(#5255));
#5257=PRESENTATION_STYLE_ASSIGNMENT((#5259));
#5258=PRESENTATION_STYLE_ASSIGNMENT((#5260));
#5259=SURFACE_STYLE_USAGE(.BOTH.,#5261);
#5260=SURFACE_STYLE_USAGE(.BOTH.,#5262);
#5261=SURFACE_SIDE_STYLE('',(#5263));
#5262=SURFACE_SIDE_STYLE('',(#5264));
#5263=SURFACE_STYLE_FILL_AREA(#5265);
#5264=SURFACE_STYLE_FILL_AREA(#5266);
#5265=FILL_AREA_STYLE('Acero - Satinado',(#5267));
#5266=FILL_AREA_STYLE('Opaque(56,56,56)',(#5268));
#5267=FILL_AREA_STYLE_COLOUR('Acero - Satinado',#5269);
#5268=FILL_AREA_STYLE_COLOUR('Opaque(56,56,56)',#5270);
#5269=COLOUR_RGB('Acero - Satinado',0.627450980392157,0.627450980392157,
0.627450980392157);
#5270=COLOUR_RGB('Opaque(56,56,56)',0.219607843137255,0.219607843137255,
0.219607843137255);
ENDSEC;
END-ISO-10303-21;
