ISO-10303-21;
HEADER;
/* Generated by software containing ST-Developer
 * from STEP Tools, Inc. (www.steptools.com) 
 */

FILE_DESCRIPTION(
/* description */ (''),
/* implementation_level */ '2;1');

FILE_NAME(
/* name */ 'Board.step',
/* time_stamp */ '2026-06-02T00:53:43-06:00',
/* author */ (''),
/* organization */ (''),
/* preprocessor_version */ 'ST-DEVELOPER v20.1',
/* originating_system */ 'Autodesk Translation Framework v14.24.0.0',
/* authorisation */ '');

FILE_SCHEMA (('AUTOMOTIVE_DESIGN { 1 0 10303 214 3 1 1 }'));
ENDSEC;

DATA;
#10=MECHANICAL_DESIGN_GEOMETRIC_PRESENTATION_REPRESENTATION('',(#13),#8287);
#11=SHAPE_REPRESENTATION_RELATIONSHIP('SRR','None',#8294,#12);
#12=ADVANCED_BREP_SHAPE_REPRESENTATION('',(#14),#8286);
#13=STYLED_ITEM('',(#8304),#14);
#14=MANIFOLD_SOLID_BREP('Cuerpo1',#5019);
#15=FACE_BOUND('',#1082,.T.);
#16=FACE_BOUND('',#1083,.T.);
#17=FACE_BOUND('',#1084,.T.);
#18=FACE_BOUND('',#1085,.T.);
#19=FACE_BOUND('',#1086,.T.);
#20=FACE_BOUND('',#1087,.T.);
#21=FACE_BOUND('',#1088,.T.);
#22=FACE_BOUND('',#1089,.T.);
#23=FACE_BOUND('',#1090,.T.);
#24=FACE_BOUND('',#1091,.T.);
#25=FACE_BOUND('',#1092,.T.);
#26=FACE_BOUND('',#1093,.T.);
#27=FACE_BOUND('',#1094,.T.);
#28=FACE_BOUND('',#1095,.T.);
#29=FACE_BOUND('',#1096,.T.);
#30=FACE_BOUND('',#1097,.T.);
#31=FACE_BOUND('',#1098,.T.);
#32=FACE_BOUND('',#1099,.T.);
#33=FACE_BOUND('',#1100,.T.);
#34=FACE_BOUND('',#1101,.T.);
#35=FACE_BOUND('',#1102,.T.);
#36=FACE_BOUND('',#1103,.T.);
#37=FACE_BOUND('',#1104,.T.);
#38=FACE_BOUND('',#1105,.T.);
#39=FACE_BOUND('',#1106,.T.);
#40=FACE_BOUND('',#1107,.T.);
#41=FACE_BOUND('',#1108,.T.);
#42=FACE_BOUND('',#1109,.T.);
#43=FACE_BOUND('',#1110,.T.);
#44=FACE_BOUND('',#1111,.T.);
#45=FACE_BOUND('',#1112,.T.);
#46=FACE_BOUND('',#1113,.T.);
#47=FACE_BOUND('',#1114,.T.);
#48=FACE_BOUND('',#1115,.T.);
#49=FACE_BOUND('',#1116,.T.);
#50=FACE_BOUND('',#1117,.T.);
#51=FACE_BOUND('',#1118,.T.);
#52=FACE_BOUND('',#1119,.T.);
#53=FACE_BOUND('',#1120,.T.);
#54=FACE_BOUND('',#1121,.T.);
#55=FACE_BOUND('',#1122,.T.);
#56=FACE_BOUND('',#1123,.T.);
#57=FACE_BOUND('',#1124,.T.);
#58=FACE_BOUND('',#1125,.T.);
#59=FACE_BOUND('',#1126,.T.);
#60=FACE_BOUND('',#1127,.T.);
#61=FACE_BOUND('',#1128,.T.);
#62=FACE_BOUND('',#1129,.T.);
#63=FACE_BOUND('',#1130,.T.);
#64=FACE_BOUND('',#1131,.T.);
#65=FACE_BOUND('',#1132,.T.);
#66=FACE_BOUND('',#1133,.T.);
#67=FACE_BOUND('',#1134,.T.);
#68=FACE_BOUND('',#1135,.T.);
#69=FACE_BOUND('',#1136,.T.);
#70=FACE_BOUND('',#1137,.T.);
#71=FACE_BOUND('',#1138,.T.);
#72=FACE_BOUND('',#1139,.T.);
#73=FACE_BOUND('',#1140,.T.);
#74=FACE_BOUND('',#1141,.T.);
#75=FACE_BOUND('',#1142,.T.);
#76=FACE_BOUND('',#1143,.T.);
#77=FACE_BOUND('',#1144,.T.);
#78=FACE_BOUND('',#1145,.T.);
#79=FACE_BOUND('',#1146,.T.);
#80=FACE_BOUND('',#1147,.T.);
#81=FACE_BOUND('',#1148,.T.);
#82=FACE_BOUND('',#1149,.T.);
#83=FACE_BOUND('',#1150,.T.);
#84=FACE_BOUND('',#1151,.T.);
#85=FACE_BOUND('',#1152,.T.);
#86=FACE_BOUND('',#1153,.T.);
#87=FACE_BOUND('',#1154,.T.);
#88=FACE_BOUND('',#1155,.T.);
#89=FACE_BOUND('',#1156,.T.);
#90=FACE_BOUND('',#1157,.T.);
#91=FACE_BOUND('',#1158,.T.);
#92=FACE_BOUND('',#1159,.T.);
#93=FACE_BOUND('',#1160,.T.);
#94=FACE_BOUND('',#1161,.T.);
#95=FACE_BOUND('',#1162,.T.);
#96=FACE_BOUND('',#1163,.T.);
#97=FACE_BOUND('',#1164,.T.);
#98=FACE_BOUND('',#1165,.T.);
#99=FACE_BOUND('',#1166,.T.);
#100=FACE_BOUND('',#1167,.T.);
#101=FACE_BOUND('',#1168,.T.);
#102=FACE_BOUND('',#1169,.T.);
#103=FACE_BOUND('',#1170,.T.);
#104=FACE_BOUND('',#1171,.T.);
#105=FACE_BOUND('',#1172,.T.);
#106=FACE_BOUND('',#1173,.T.);
#107=FACE_BOUND('',#1174,.T.);
#108=FACE_BOUND('',#1175,.T.);
#109=FACE_BOUND('',#1176,.T.);
#110=FACE_BOUND('',#1177,.T.);
#111=FACE_BOUND('',#1178,.T.);
#112=FACE_BOUND('',#1179,.T.);
#113=FACE_BOUND('',#1180,.T.);
#114=FACE_BOUND('',#1181,.T.);
#115=FACE_BOUND('',#1182,.T.);
#116=FACE_BOUND('',#1183,.T.);
#117=FACE_BOUND('',#1184,.T.);
#118=FACE_BOUND('',#1185,.T.);
#119=FACE_BOUND('',#1186,.T.);
#120=FACE_BOUND('',#1187,.T.);
#121=FACE_BOUND('',#1188,.T.);
#122=FACE_BOUND('',#1189,.T.);
#123=FACE_BOUND('',#1190,.T.);
#124=FACE_BOUND('',#1191,.T.);
#125=FACE_BOUND('',#1192,.T.);
#126=FACE_BOUND('',#1193,.T.);
#127=FACE_BOUND('',#1194,.T.);
#128=FACE_BOUND('',#1195,.T.);
#129=FACE_BOUND('',#1196,.T.);
#130=FACE_BOUND('',#1198,.T.);
#131=FACE_BOUND('',#1199,.T.);
#132=FACE_BOUND('',#1200,.T.);
#133=FACE_BOUND('',#1201,.T.);
#134=FACE_BOUND('',#1202,.T.);
#135=FACE_BOUND('',#1203,.T.);
#136=FACE_BOUND('',#1204,.T.);
#137=FACE_BOUND('',#1205,.T.);
#138=FACE_BOUND('',#1206,.T.);
#139=FACE_BOUND('',#1207,.T.);
#140=FACE_BOUND('',#1208,.T.);
#141=FACE_BOUND('',#1209,.T.);
#142=FACE_BOUND('',#1210,.T.);
#143=FACE_BOUND('',#1211,.T.);
#144=FACE_BOUND('',#1212,.T.);
#145=FACE_BOUND('',#1213,.T.);
#146=FACE_BOUND('',#1214,.T.);
#147=FACE_BOUND('',#1215,.T.);
#148=FACE_BOUND('',#1216,.T.);
#149=FACE_BOUND('',#1217,.T.);
#150=FACE_BOUND('',#1218,.T.);
#151=FACE_BOUND('',#1219,.T.);
#152=FACE_BOUND('',#1220,.T.);
#153=FACE_BOUND('',#1221,.T.);
#154=FACE_BOUND('',#1222,.T.);
#155=FACE_BOUND('',#1223,.T.);
#156=FACE_BOUND('',#1224,.T.);
#157=FACE_BOUND('',#1225,.T.);
#158=FACE_BOUND('',#1226,.T.);
#159=FACE_BOUND('',#1227,.T.);
#160=FACE_BOUND('',#1228,.T.);
#161=FACE_BOUND('',#1229,.T.);
#162=FACE_BOUND('',#1230,.T.);
#163=FACE_BOUND('',#1231,.T.);
#164=FACE_BOUND('',#1232,.T.);
#165=FACE_BOUND('',#1233,.T.);
#166=FACE_BOUND('',#1234,.T.);
#167=FACE_BOUND('',#1235,.T.);
#168=FACE_BOUND('',#1236,.T.);
#169=FACE_BOUND('',#1237,.T.);
#170=FACE_BOUND('',#1238,.T.);
#171=FACE_BOUND('',#1239,.T.);
#172=FACE_BOUND('',#1240,.T.);
#173=FACE_BOUND('',#1241,.T.);
#174=FACE_BOUND('',#1242,.T.);
#175=FACE_BOUND('',#1243,.T.);
#176=FACE_BOUND('',#1244,.T.);
#177=FACE_BOUND('',#1245,.T.);
#178=FACE_BOUND('',#1246,.T.);
#179=FACE_BOUND('',#1247,.T.);
#180=FACE_BOUND('',#1248,.T.);
#181=FACE_BOUND('',#1249,.T.);
#182=FACE_BOUND('',#1250,.T.);
#183=FACE_BOUND('',#1251,.T.);
#184=FACE_BOUND('',#1252,.T.);
#185=FACE_BOUND('',#1253,.T.);
#186=FACE_BOUND('',#1254,.T.);
#187=FACE_BOUND('',#1255,.T.);
#188=FACE_BOUND('',#1256,.T.);
#189=FACE_BOUND('',#1257,.T.);
#190=FACE_BOUND('',#1258,.T.);
#191=FACE_BOUND('',#1259,.T.);
#192=FACE_BOUND('',#1260,.T.);
#193=FACE_BOUND('',#1261,.T.);
#194=FACE_BOUND('',#1262,.T.);
#195=FACE_BOUND('',#1263,.T.);
#196=FACE_BOUND('',#1264,.T.);
#197=FACE_BOUND('',#1265,.T.);
#198=FACE_BOUND('',#1266,.T.);
#199=FACE_BOUND('',#1267,.T.);
#200=FACE_BOUND('',#1268,.T.);
#201=FACE_BOUND('',#1269,.T.);
#202=FACE_BOUND('',#1270,.T.);
#203=FACE_BOUND('',#1271,.T.);
#204=FACE_BOUND('',#1272,.T.);
#205=FACE_BOUND('',#1273,.T.);
#206=FACE_BOUND('',#1274,.T.);
#207=FACE_BOUND('',#1275,.T.);
#208=FACE_BOUND('',#1276,.T.);
#209=FACE_BOUND('',#1277,.T.);
#210=FACE_BOUND('',#1278,.T.);
#211=FACE_BOUND('',#1279,.T.);
#212=FACE_BOUND('',#1280,.T.);
#213=FACE_BOUND('',#1281,.T.);
#214=FACE_BOUND('',#1282,.T.);
#215=FACE_BOUND('',#1283,.T.);
#216=FACE_BOUND('',#1284,.T.);
#217=FACE_BOUND('',#1285,.T.);
#218=FACE_BOUND('',#1286,.T.);
#219=FACE_BOUND('',#1287,.T.);
#220=FACE_BOUND('',#1288,.T.);
#221=FACE_BOUND('',#1289,.T.);
#222=FACE_BOUND('',#1290,.T.);
#223=FACE_BOUND('',#1291,.T.);
#224=FACE_BOUND('',#1292,.T.);
#225=FACE_BOUND('',#1293,.T.);
#226=FACE_BOUND('',#1294,.T.);
#227=FACE_BOUND('',#1295,.T.);
#228=FACE_BOUND('',#1296,.T.);
#229=FACE_BOUND('',#1297,.T.);
#230=FACE_BOUND('',#1298,.T.);
#231=FACE_BOUND('',#1299,.T.);
#232=FACE_BOUND('',#1300,.T.);
#233=FACE_BOUND('',#1301,.T.);
#234=FACE_BOUND('',#1302,.T.);
#235=FACE_BOUND('',#1303,.T.);
#236=FACE_BOUND('',#1304,.T.);
#237=FACE_BOUND('',#1305,.T.);
#238=FACE_BOUND('',#1306,.T.);
#239=FACE_BOUND('',#1307,.T.);
#240=FACE_BOUND('',#1308,.T.);
#241=FACE_BOUND('',#1309,.T.);
#242=FACE_BOUND('',#1310,.T.);
#243=FACE_BOUND('',#1311,.T.);
#244=FACE_BOUND('',#1312,.T.);
#245=CIRCLE('',#5115,0.2499995);
#246=CIRCLE('',#5116,0.2499995);
#247=CIRCLE('',#5119,0.2499995);
#248=CIRCLE('',#5120,0.2499995);
#249=CIRCLE('',#5122,1.49999954);
#250=CIRCLE('',#5123,1.49999954);
#251=CIRCLE('',#5126,0.2499995);
#252=CIRCLE('',#5127,0.2499995);
#253=CIRCLE('',#5130,0.2499995);
#254=CIRCLE('',#5131,0.2499995);
#255=CIRCLE('',#5133,0.381);
#256=CIRCLE('',#5134,0.381);
#257=CIRCLE('',#5137,0.2499995);
#258=CIRCLE('',#5138,0.2499995);
#259=CIRCLE('',#5141,0.2499995);
#260=CIRCLE('',#5142,0.2499995);
#261=CIRCLE('',#5144,0.381);
#262=CIRCLE('',#5145,0.381);
#263=CIRCLE('',#5148,0.2499995);
#264=CIRCLE('',#5149,0.2499995);
#265=CIRCLE('',#5152,0.2499995);
#266=CIRCLE('',#5153,0.2499995);
#267=CIRCLE('',#5156,0.5499989);
#268=CIRCLE('',#5157,0.5499989);
#269=CIRCLE('',#5160,0.5499989);
#270=CIRCLE('',#5161,0.5499989);
#271=CIRCLE('',#5164,0.5499989);
#272=CIRCLE('',#5165,0.5499989);
#273=CIRCLE('',#5168,0.5499989);
#274=CIRCLE('',#5169,0.5499989);
#275=CIRCLE('',#5172,0.5499989);
#276=CIRCLE('',#5173,0.5499989);
#277=CIRCLE('',#5176,0.5499989);
#278=CIRCLE('',#5177,0.5499989);
#279=CIRCLE('',#5179,0.4445);
#280=CIRCLE('',#5180,0.4445);
#281=CIRCLE('',#5182,0.4445);
#282=CIRCLE('',#5183,0.4445);
#283=CIRCLE('',#5185,0.499999);
#284=CIRCLE('',#5186,0.499999);
#285=CIRCLE('',#5188,0.499999);
#286=CIRCLE('',#5189,0.499999);
#287=CIRCLE('',#5192,0.2499995);
#288=CIRCLE('',#5193,0.2499995);
#289=CIRCLE('',#5196,0.2499995);
#290=CIRCLE('',#5197,0.2499995);
#291=CIRCLE('',#5200,0.2499995);
#292=CIRCLE('',#5201,0.2499995);
#293=CIRCLE('',#5204,0.2499995);
#294=CIRCLE('',#5205,0.2499995);
#295=CIRCLE('',#5207,0.381);
#296=CIRCLE('',#5208,0.381);
#297=CIRCLE('',#5211,0.2499995);
#298=CIRCLE('',#5212,0.2499995);
#299=CIRCLE('',#5215,0.2499995);
#300=CIRCLE('',#5216,0.2499995);
#301=CIRCLE('',#5218,1.49999954);
#302=CIRCLE('',#5219,1.49999954);
#303=CIRCLE('',#5221,0.381);
#304=CIRCLE('',#5222,0.381);
#305=CIRCLE('',#5225,0.2499995);
#306=CIRCLE('',#5226,0.2499995);
#307=CIRCLE('',#5229,0.2499995);
#308=CIRCLE('',#5230,0.2499995);
#309=CIRCLE('',#5232,0.4445);
#310=CIRCLE('',#5233,0.4445);
#311=CIRCLE('',#5235,0.4445);
#312=CIRCLE('',#5236,0.4445);
#313=CIRCLE('',#5238,0.4445);
#314=CIRCLE('',#5239,0.4445);
#315=CIRCLE('',#5241,0.4445);
#316=CIRCLE('',#5242,0.4445);
#317=CIRCLE('',#5244,0.4445);
#318=CIRCLE('',#5245,0.4445);
#319=CIRCLE('',#5247,0.4445);
#320=CIRCLE('',#5248,0.4445);
#321=CIRCLE('',#5250,0.4445);
#322=CIRCLE('',#5251,0.4445);
#323=CIRCLE('',#5253,0.499999);
#324=CIRCLE('',#5254,0.499999);
#325=CIRCLE('',#5256,0.499999);
#326=CIRCLE('',#5257,0.499999);
#327=CIRCLE('',#5259,0.499999);
#328=CIRCLE('',#5260,0.499999);
#329=CIRCLE('',#5262,0.499999);
#330=CIRCLE('',#5263,0.499999);
#331=CIRCLE('',#5265,0.4445);
#332=CIRCLE('',#5266,0.4445);
#333=CIRCLE('',#5268,0.4445);
#334=CIRCLE('',#5269,0.4445);
#335=CIRCLE('',#5271,0.4445);
#336=CIRCLE('',#5272,0.4445);
#337=CIRCLE('',#5274,0.4445);
#338=CIRCLE('',#5275,0.4445);
#339=CIRCLE('',#5277,1.49999954);
#340=CIRCLE('',#5278,1.49999954);
#341=CIRCLE('',#5280,0.4445);
#342=CIRCLE('',#5281,0.4445);
#343=CIRCLE('',#5283,0.4445);
#344=CIRCLE('',#5284,0.4445);
#345=CIRCLE('',#5286,0.4445);
#346=CIRCLE('',#5287,0.4445);
#347=CIRCLE('',#5289,0.4445);
#348=CIRCLE('',#5290,0.4445);
#349=CIRCLE('',#5292,0.4445);
#350=CIRCLE('',#5293,0.4445);
#351=CIRCLE('',#5295,0.4445);
#352=CIRCLE('',#5296,0.4445);
#353=CIRCLE('',#5298,0.4445);
#354=CIRCLE('',#5299,0.4445);
#355=CIRCLE('',#5301,0.4445);
#356=CIRCLE('',#5302,0.4445);
#357=CIRCLE('',#5304,0.4445);
#358=CIRCLE('',#5305,0.4445);
#359=CIRCLE('',#5307,0.4445);
#360=CIRCLE('',#5308,0.4445);
#361=CIRCLE('',#5310,0.4445);
#362=CIRCLE('',#5311,0.4445);
#363=CIRCLE('',#5313,0.4445);
#364=CIRCLE('',#5314,0.4445);
#365=CIRCLE('',#5316,0.4445);
#366=CIRCLE('',#5317,0.4445);
#367=CIRCLE('',#5319,0.4445);
#368=CIRCLE('',#5320,0.4445);
#369=CIRCLE('',#5322,0.4445);
#370=CIRCLE('',#5323,0.4445);
#371=CIRCLE('',#5325,0.4445);
#372=CIRCLE('',#5326,0.4445);
#373=CIRCLE('',#5328,0.4445);
#374=CIRCLE('',#5329,0.4445);
#375=CIRCLE('',#5331,0.4445);
#376=CIRCLE('',#5332,0.4445);
#377=CIRCLE('',#5334,0.4445);
#378=CIRCLE('',#5335,0.4445);
#379=CIRCLE('',#5337,1.49999954);
#380=CIRCLE('',#5338,1.49999954);
#381=CIRCLE('',#5340,0.4445);
#382=CIRCLE('',#5341,0.4445);
#383=CIRCLE('',#5343,0.4445);
#384=CIRCLE('',#5344,0.4445);
#385=CIRCLE('',#5346,0.4445);
#386=CIRCLE('',#5347,0.4445);
#387=CIRCLE('',#5349,0.4445);
#388=CIRCLE('',#5350,0.4445);
#389=CIRCLE('',#5352,0.4445);
#390=CIRCLE('',#5353,0.4445);
#391=CIRCLE('',#5355,0.4445);
#392=CIRCLE('',#5356,0.4445);
#393=CIRCLE('',#5358,0.4445);
#394=CIRCLE('',#5359,0.4445);
#395=CIRCLE('',#5361,0.4445);
#396=CIRCLE('',#5362,0.4445);
#397=CIRCLE('',#5364,0.4445);
#398=CIRCLE('',#5365,0.4445);
#399=CIRCLE('',#5367,0.4445);
#400=CIRCLE('',#5368,0.4445);
#401=CIRCLE('',#5370,0.4445);
#402=CIRCLE('',#5371,0.4445);
#403=CIRCLE('',#5373,0.4445);
#404=CIRCLE('',#5374,0.4445);
#405=CIRCLE('',#5376,0.4445);
#406=CIRCLE('',#5377,0.4445);
#407=CIRCLE('',#5379,0.4445);
#408=CIRCLE('',#5380,0.4445);
#409=CIRCLE('',#5382,0.4445);
#410=CIRCLE('',#5383,0.4445);
#411=CIRCLE('',#5385,0.4445);
#412=CIRCLE('',#5386,0.4445);
#413=CIRCLE('',#5388,0.4445);
#414=CIRCLE('',#5389,0.4445);
#415=CIRCLE('',#5391,0.4445);
#416=CIRCLE('',#5392,0.4445);
#417=CIRCLE('',#5394,0.4445);
#418=CIRCLE('',#5395,0.4445);
#419=CIRCLE('',#5397,0.4445);
#420=CIRCLE('',#5398,0.4445);
#421=CIRCLE('',#5400,0.4445);
#422=CIRCLE('',#5401,0.4445);
#423=CIRCLE('',#5403,0.4445);
#424=CIRCLE('',#5404,0.4445);
#425=CIRCLE('',#5406,0.4445);
#426=CIRCLE('',#5407,0.4445);
#427=CIRCLE('',#5409,0.4445);
#428=CIRCLE('',#5410,0.4445);
#429=CIRCLE('',#5412,0.4445);
#430=CIRCLE('',#5413,0.4445);
#431=CIRCLE('',#5415,0.4445);
#432=CIRCLE('',#5416,0.4445);
#433=CIRCLE('',#5418,0.4445);
#434=CIRCLE('',#5419,0.4445);
#435=CIRCLE('',#5421,0.4445);
#436=CIRCLE('',#5422,0.4445);
#437=CIRCLE('',#5424,0.4445);
#438=CIRCLE('',#5425,0.4445);
#439=CIRCLE('',#5427,0.4445);
#440=CIRCLE('',#5428,0.4445);
#441=CIRCLE('',#5430,0.4445);
#442=CIRCLE('',#5431,0.4445);
#443=CIRCLE('',#5433,0.4445);
#444=CIRCLE('',#5434,0.4445);
#445=CIRCLE('',#5436,0.4445);
#446=CIRCLE('',#5437,0.4445);
#447=CIRCLE('',#5439,0.4445);
#448=CIRCLE('',#5440,0.4445);
#449=CIRCLE('',#5442,0.4445);
#450=CIRCLE('',#5443,0.4445);
#451=CIRCLE('',#5445,0.4445);
#452=CIRCLE('',#5446,0.4445);
#453=CIRCLE('',#5448,0.4445);
#454=CIRCLE('',#5449,0.4445);
#455=CIRCLE('',#5451,0.4445);
#456=CIRCLE('',#5452,0.4445);
#457=CIRCLE('',#5454,0.4445);
#458=CIRCLE('',#5455,0.4445);
#459=CIRCLE('',#5457,0.4445);
#460=CIRCLE('',#5458,0.4445);
#461=CIRCLE('',#5460,0.4445);
#462=CIRCLE('',#5461,0.4445);
#463=CIRCLE('',#5463,0.4445);
#464=CIRCLE('',#5464,0.4445);
#465=CIRCLE('',#5466,0.4445);
#466=CIRCLE('',#5467,0.4445);
#467=CIRCLE('',#5469,0.4445);
#468=CIRCLE('',#5470,0.4445);
#469=CIRCLE('',#5472,0.4445);
#470=CIRCLE('',#5473,0.4445);
#471=CIRCLE('',#5475,0.4445);
#472=CIRCLE('',#5476,0.4445);
#473=CIRCLE('',#5478,0.4445);
#474=CIRCLE('',#5479,0.4445);
#475=CIRCLE('',#5481,0.4445);
#476=CIRCLE('',#5482,0.4445);
#477=CIRCLE('',#5484,0.4445);
#478=CIRCLE('',#5485,0.4445);
#479=CIRCLE('',#5487,0.4445);
#480=CIRCLE('',#5488,0.4445);
#481=CIRCLE('',#5490,0.4445);
#482=CIRCLE('',#5491,0.4445);
#483=CIRCLE('',#5493,0.4445);
#484=CIRCLE('',#5494,0.4445);
#485=CIRCLE('',#5496,0.4445);
#486=CIRCLE('',#5497,0.4445);
#487=CIRCLE('',#5499,0.4445);
#488=CIRCLE('',#5500,0.4445);
#489=CIRCLE('',#5502,0.4445);
#490=CIRCLE('',#5503,0.4445);
#491=CIRCLE('',#5505,0.4445);
#492=CIRCLE('',#5506,0.4445);
#493=CIRCLE('',#5508,0.4445);
#494=CIRCLE('',#5509,0.4445);
#495=CIRCLE('',#5511,0.4445);
#496=CIRCLE('',#5512,0.4445);
#497=CYLINDRICAL_SURFACE('',#5114,0.2499995);
#498=CYLINDRICAL_SURFACE('',#5118,0.2499995);
#499=CYLINDRICAL_SURFACE('',#5121,1.49999954);
#500=CYLINDRICAL_SURFACE('',#5125,0.2499995);
#501=CYLINDRICAL_SURFACE('',#5129,0.2499995);
#502=CYLINDRICAL_SURFACE('',#5132,0.381);
#503=CYLINDRICAL_SURFACE('',#5136,0.2499995);
#504=CYLINDRICAL_SURFACE('',#5140,0.2499995);
#505=CYLINDRICAL_SURFACE('',#5143,0.381);
#506=CYLINDRICAL_SURFACE('',#5147,0.2499995);
#507=CYLINDRICAL_SURFACE('',#5151,0.2499995);
#508=CYLINDRICAL_SURFACE('',#5155,0.5499989);
#509=CYLINDRICAL_SURFACE('',#5159,0.5499989);
#510=CYLINDRICAL_SURFACE('',#5163,0.5499989);
#511=CYLINDRICAL_SURFACE('',#5167,0.5499989);
#512=CYLINDRICAL_SURFACE('',#5171,0.5499989);
#513=CYLINDRICAL_SURFACE('',#5175,0.5499989);
#514=CYLINDRICAL_SURFACE('',#5178,0.4445);
#515=CYLINDRICAL_SURFACE('',#5181,0.4445);
#516=CYLINDRICAL_SURFACE('',#5184,0.499999);
#517=CYLINDRICAL_SURFACE('',#5187,0.499999);
#518=CYLINDRICAL_SURFACE('',#5191,0.2499995);
#519=CYLINDRICAL_SURFACE('',#5195,0.2499995);
#520=CYLINDRICAL_SURFACE('',#5199,0.2499995);
#521=CYLINDRICAL_SURFACE('',#5203,0.2499995);
#522=CYLINDRICAL_SURFACE('',#5206,0.381);
#523=CYLINDRICAL_SURFACE('',#5210,0.2499995);
#524=CYLINDRICAL_SURFACE('',#5214,0.2499995);
#525=CYLINDRICAL_SURFACE('',#5217,1.49999954);
#526=CYLINDRICAL_SURFACE('',#5220,0.381);
#527=CYLINDRICAL_SURFACE('',#5224,0.2499995);
#528=CYLINDRICAL_SURFACE('',#5228,0.2499995);
#529=CYLINDRICAL_SURFACE('',#5231,0.4445);
#530=CYLINDRICAL_SURFACE('',#5234,0.4445);
#531=CYLINDRICAL_SURFACE('',#5237,0.4445);
#532=CYLINDRICAL_SURFACE('',#5240,0.4445);
#533=CYLINDRICAL_SURFACE('',#5243,0.4445);
#534=CYLINDRICAL_SURFACE('',#5246,0.4445);
#535=CYLINDRICAL_SURFACE('',#5249,0.4445);
#536=CYLINDRICAL_SURFACE('',#5252,0.499999);
#537=CYLINDRICAL_SURFACE('',#5255,0.499999);
#538=CYLINDRICAL_SURFACE('',#5258,0.499999);
#539=CYLINDRICAL_SURFACE('',#5261,0.499999);
#540=CYLINDRICAL_SURFACE('',#5264,0.4445);
#541=CYLINDRICAL_SURFACE('',#5267,0.4445);
#542=CYLINDRICAL_SURFACE('',#5270,0.4445);
#543=CYLINDRICAL_SURFACE('',#5273,0.4445);
#544=CYLINDRICAL_SURFACE('',#5276,1.49999954);
#545=CYLINDRICAL_SURFACE('',#5279,0.4445);
#546=CYLINDRICAL_SURFACE('',#5282,0.4445);
#547=CYLINDRICAL_SURFACE('',#5285,0.4445);
#548=CYLINDRICAL_SURFACE('',#5288,0.4445);
#549=CYLINDRICAL_SURFACE('',#5291,0.4445);
#550=CYLINDRICAL_SURFACE('',#5294,0.4445);
#551=CYLINDRICAL_SURFACE('',#5297,0.4445);
#552=CYLINDRICAL_SURFACE('',#5300,0.4445);
#553=CYLINDRICAL_SURFACE('',#5303,0.4445);
#554=CYLINDRICAL_SURFACE('',#5306,0.4445);
#555=CYLINDRICAL_SURFACE('',#5309,0.4445);
#556=CYLINDRICAL_SURFACE('',#5312,0.4445);
#557=CYLINDRICAL_SURFACE('',#5315,0.4445);
#558=CYLINDRICAL_SURFACE('',#5318,0.4445);
#559=CYLINDRICAL_SURFACE('',#5321,0.4445);
#560=CYLINDRICAL_SURFACE('',#5324,0.4445);
#561=CYLINDRICAL_SURFACE('',#5327,0.4445);
#562=CYLINDRICAL_SURFACE('',#5330,0.4445);
#563=CYLINDRICAL_SURFACE('',#5333,0.4445);
#564=CYLINDRICAL_SURFACE('',#5336,1.49999954);
#565=CYLINDRICAL_SURFACE('',#5339,0.4445);
#566=CYLINDRICAL_SURFACE('',#5342,0.4445);
#567=CYLINDRICAL_SURFACE('',#5345,0.4445);
#568=CYLINDRICAL_SURFACE('',#5348,0.4445);
#569=CYLINDRICAL_SURFACE('',#5351,0.4445);
#570=CYLINDRICAL_SURFACE('',#5354,0.4445);
#571=CYLINDRICAL_SURFACE('',#5357,0.4445);
#572=CYLINDRICAL_SURFACE('',#5360,0.4445);
#573=CYLINDRICAL_SURFACE('',#5363,0.4445);
#574=CYLINDRICAL_SURFACE('',#5366,0.4445);
#575=CYLINDRICAL_SURFACE('',#5369,0.4445);
#576=CYLINDRICAL_SURFACE('',#5372,0.4445);
#577=CYLINDRICAL_SURFACE('',#5375,0.4445);
#578=CYLINDRICAL_SURFACE('',#5378,0.4445);
#579=CYLINDRICAL_SURFACE('',#5381,0.4445);
#580=CYLINDRICAL_SURFACE('',#5384,0.4445);
#581=CYLINDRICAL_SURFACE('',#5387,0.4445);
#582=CYLINDRICAL_SURFACE('',#5390,0.4445);
#583=CYLINDRICAL_SURFACE('',#5393,0.4445);
#584=CYLINDRICAL_SURFACE('',#5396,0.4445);
#585=CYLINDRICAL_SURFACE('',#5399,0.4445);
#586=CYLINDRICAL_SURFACE('',#5402,0.4445);
#587=CYLINDRICAL_SURFACE('',#5405,0.4445);
#588=CYLINDRICAL_SURFACE('',#5408,0.4445);
#589=CYLINDRICAL_SURFACE('',#5411,0.4445);
#590=CYLINDRICAL_SURFACE('',#5414,0.4445);
#591=CYLINDRICAL_SURFACE('',#5417,0.4445);
#592=CYLINDRICAL_SURFACE('',#5420,0.4445);
#593=CYLINDRICAL_SURFACE('',#5423,0.4445);
#594=CYLINDRICAL_SURFACE('',#5426,0.4445);
#595=CYLINDRICAL_SURFACE('',#5429,0.4445);
#596=CYLINDRICAL_SURFACE('',#5432,0.4445);
#597=CYLINDRICAL_SURFACE('',#5435,0.4445);
#598=CYLINDRICAL_SURFACE('',#5438,0.4445);
#599=CYLINDRICAL_SURFACE('',#5441,0.4445);
#600=CYLINDRICAL_SURFACE('',#5444,0.4445);
#601=CYLINDRICAL_SURFACE('',#5447,0.4445);
#602=CYLINDRICAL_SURFACE('',#5450,0.4445);
#603=CYLINDRICAL_SURFACE('',#5453,0.4445);
#604=CYLINDRICAL_SURFACE('',#5456,0.4445);
#605=CYLINDRICAL_SURFACE('',#5459,0.4445);
#606=CYLINDRICAL_SURFACE('',#5462,0.4445);
#607=CYLINDRICAL_SURFACE('',#5465,0.4445);
#608=CYLINDRICAL_SURFACE('',#5468,0.4445);
#609=CYLINDRICAL_SURFACE('',#5471,0.4445);
#610=CYLINDRICAL_SURFACE('',#5474,0.4445);
#611=CYLINDRICAL_SURFACE('',#5477,0.4445);
#612=CYLINDRICAL_SURFACE('',#5480,0.4445);
#613=CYLINDRICAL_SURFACE('',#5483,0.4445);
#614=CYLINDRICAL_SURFACE('',#5486,0.4445);
#615=CYLINDRICAL_SURFACE('',#5489,0.4445);
#616=CYLINDRICAL_SURFACE('',#5492,0.4445);
#617=CYLINDRICAL_SURFACE('',#5495,0.4445);
#618=CYLINDRICAL_SURFACE('',#5498,0.4445);
#619=CYLINDRICAL_SURFACE('',#5501,0.4445);
#620=CYLINDRICAL_SURFACE('',#5504,0.4445);
#621=CYLINDRICAL_SURFACE('',#5507,0.4445);
#622=CYLINDRICAL_SURFACE('',#5510,0.4445);
#623=FACE_OUTER_BOUND('',#853,.T.);
#624=FACE_OUTER_BOUND('',#854,.T.);
#625=FACE_OUTER_BOUND('',#855,.T.);
#626=FACE_OUTER_BOUND('',#856,.T.);
#627=FACE_OUTER_BOUND('',#857,.T.);
#628=FACE_OUTER_BOUND('',#858,.T.);
#629=FACE_OUTER_BOUND('',#859,.T.);
#630=FACE_OUTER_BOUND('',#860,.T.);
#631=FACE_OUTER_BOUND('',#861,.T.);
#632=FACE_OUTER_BOUND('',#862,.T.);
#633=FACE_OUTER_BOUND('',#863,.T.);
#634=FACE_OUTER_BOUND('',#864,.T.);
#635=FACE_OUTER_BOUND('',#865,.T.);
#636=FACE_OUTER_BOUND('',#866,.T.);
#637=FACE_OUTER_BOUND('',#867,.T.);
#638=FACE_OUTER_BOUND('',#868,.T.);
#639=FACE_OUTER_BOUND('',#869,.T.);
#640=FACE_OUTER_BOUND('',#870,.T.);
#641=FACE_OUTER_BOUND('',#871,.T.);
#642=FACE_OUTER_BOUND('',#872,.T.);
#643=FACE_OUTER_BOUND('',#873,.T.);
#644=FACE_OUTER_BOUND('',#874,.T.);
#645=FACE_OUTER_BOUND('',#875,.T.);
#646=FACE_OUTER_BOUND('',#876,.T.);
#647=FACE_OUTER_BOUND('',#877,.T.);
#648=FACE_OUTER_BOUND('',#878,.T.);
#649=FACE_OUTER_BOUND('',#879,.T.);
#650=FACE_OUTER_BOUND('',#880,.T.);
#651=FACE_OUTER_BOUND('',#881,.T.);
#652=FACE_OUTER_BOUND('',#882,.T.);
#653=FACE_OUTER_BOUND('',#883,.T.);
#654=FACE_OUTER_BOUND('',#884,.T.);
#655=FACE_OUTER_BOUND('',#885,.T.);
#656=FACE_OUTER_BOUND('',#886,.T.);
#657=FACE_OUTER_BOUND('',#887,.T.);
#658=FACE_OUTER_BOUND('',#888,.T.);
#659=FACE_OUTER_BOUND('',#889,.T.);
#660=FACE_OUTER_BOUND('',#890,.T.);
#661=FACE_OUTER_BOUND('',#891,.T.);
#662=FACE_OUTER_BOUND('',#892,.T.);
#663=FACE_OUTER_BOUND('',#893,.T.);
#664=FACE_OUTER_BOUND('',#894,.T.);
#665=FACE_OUTER_BOUND('',#895,.T.);
#666=FACE_OUTER_BOUND('',#896,.T.);
#667=FACE_OUTER_BOUND('',#897,.T.);
#668=FACE_OUTER_BOUND('',#898,.T.);
#669=FACE_OUTER_BOUND('',#899,.T.);
#670=FACE_OUTER_BOUND('',#900,.T.);
#671=FACE_OUTER_BOUND('',#901,.T.);
#672=FACE_OUTER_BOUND('',#902,.T.);
#673=FACE_OUTER_BOUND('',#903,.T.);
#674=FACE_OUTER_BOUND('',#904,.T.);
#675=FACE_OUTER_BOUND('',#905,.T.);
#676=FACE_OUTER_BOUND('',#906,.T.);
#677=FACE_OUTER_BOUND('',#907,.T.);
#678=FACE_OUTER_BOUND('',#908,.T.);
#679=FACE_OUTER_BOUND('',#909,.T.);
#680=FACE_OUTER_BOUND('',#910,.T.);
#681=FACE_OUTER_BOUND('',#911,.T.);
#682=FACE_OUTER_BOUND('',#912,.T.);
#683=FACE_OUTER_BOUND('',#913,.T.);
#684=FACE_OUTER_BOUND('',#914,.T.);
#685=FACE_OUTER_BOUND('',#915,.T.);
#686=FACE_OUTER_BOUND('',#916,.T.);
#687=FACE_OUTER_BOUND('',#917,.T.);
#688=FACE_OUTER_BOUND('',#918,.T.);
#689=FACE_OUTER_BOUND('',#919,.T.);
#690=FACE_OUTER_BOUND('',#920,.T.);
#691=FACE_OUTER_BOUND('',#921,.T.);
#692=FACE_OUTER_BOUND('',#922,.T.);
#693=FACE_OUTER_BOUND('',#923,.T.);
#694=FACE_OUTER_BOUND('',#924,.T.);
#695=FACE_OUTER_BOUND('',#925,.T.);
#696=FACE_OUTER_BOUND('',#926,.T.);
#697=FACE_OUTER_BOUND('',#927,.T.);
#698=FACE_OUTER_BOUND('',#928,.T.);
#699=FACE_OUTER_BOUND('',#929,.T.);
#700=FACE_OUTER_BOUND('',#930,.T.);
#701=FACE_OUTER_BOUND('',#931,.T.);
#702=FACE_OUTER_BOUND('',#932,.T.);
#703=FACE_OUTER_BOUND('',#933,.T.);
#704=FACE_OUTER_BOUND('',#934,.T.);
#705=FACE_OUTER_BOUND('',#935,.T.);
#706=FACE_OUTER_BOUND('',#936,.T.);
#707=FACE_OUTER_BOUND('',#937,.T.);
#708=FACE_OUTER_BOUND('',#938,.T.);
#709=FACE_OUTER_BOUND('',#939,.T.);
#710=FACE_OUTER_BOUND('',#940,.T.);
#711=FACE_OUTER_BOUND('',#941,.T.);
#712=FACE_OUTER_BOUND('',#942,.T.);
#713=FACE_OUTER_BOUND('',#943,.T.);
#714=FACE_OUTER_BOUND('',#944,.T.);
#715=FACE_OUTER_BOUND('',#945,.T.);
#716=FACE_OUTER_BOUND('',#946,.T.);
#717=FACE_OUTER_BOUND('',#947,.T.);
#718=FACE_OUTER_BOUND('',#948,.T.);
#719=FACE_OUTER_BOUND('',#949,.T.);
#720=FACE_OUTER_BOUND('',#950,.T.);
#721=FACE_OUTER_BOUND('',#951,.T.);
#722=FACE_OUTER_BOUND('',#952,.T.);
#723=FACE_OUTER_BOUND('',#953,.T.);
#724=FACE_OUTER_BOUND('',#954,.T.);
#725=FACE_OUTER_BOUND('',#955,.T.);
#726=FACE_OUTER_BOUND('',#956,.T.);
#727=FACE_OUTER_BOUND('',#957,.T.);
#728=FACE_OUTER_BOUND('',#958,.T.);
#729=FACE_OUTER_BOUND('',#959,.T.);
#730=FACE_OUTER_BOUND('',#960,.T.);
#731=FACE_OUTER_BOUND('',#961,.T.);
#732=FACE_OUTER_BOUND('',#962,.T.);
#733=FACE_OUTER_BOUND('',#963,.T.);
#734=FACE_OUTER_BOUND('',#964,.T.);
#735=FACE_OUTER_BOUND('',#965,.T.);
#736=FACE_OUTER_BOUND('',#966,.T.);
#737=FACE_OUTER_BOUND('',#967,.T.);
#738=FACE_OUTER_BOUND('',#968,.T.);
#739=FACE_OUTER_BOUND('',#969,.T.);
#740=FACE_OUTER_BOUND('',#970,.T.);
#741=FACE_OUTER_BOUND('',#971,.T.);
#742=FACE_OUTER_BOUND('',#972,.T.);
#743=FACE_OUTER_BOUND('',#973,.T.);
#744=FACE_OUTER_BOUND('',#974,.T.);
#745=FACE_OUTER_BOUND('',#975,.T.);
#746=FACE_OUTER_BOUND('',#976,.T.);
#747=FACE_OUTER_BOUND('',#977,.T.);
#748=FACE_OUTER_BOUND('',#978,.T.);
#749=FACE_OUTER_BOUND('',#979,.T.);
#750=FACE_OUTER_BOUND('',#980,.T.);
#751=FACE_OUTER_BOUND('',#981,.T.);
#752=FACE_OUTER_BOUND('',#982,.T.);
#753=FACE_OUTER_BOUND('',#983,.T.);
#754=FACE_OUTER_BOUND('',#984,.T.);
#755=FACE_OUTER_BOUND('',#985,.T.);
#756=FACE_OUTER_BOUND('',#986,.T.);
#757=FACE_OUTER_BOUND('',#987,.T.);
#758=FACE_OUTER_BOUND('',#988,.T.);
#759=FACE_OUTER_BOUND('',#989,.T.);
#760=FACE_OUTER_BOUND('',#990,.T.);
#761=FACE_OUTER_BOUND('',#991,.T.);
#762=FACE_OUTER_BOUND('',#992,.T.);
#763=FACE_OUTER_BOUND('',#993,.T.);
#764=FACE_OUTER_BOUND('',#994,.T.);
#765=FACE_OUTER_BOUND('',#995,.T.);
#766=FACE_OUTER_BOUND('',#996,.T.);
#767=FACE_OUTER_BOUND('',#997,.T.);
#768=FACE_OUTER_BOUND('',#998,.T.);
#769=FACE_OUTER_BOUND('',#999,.T.);
#770=FACE_OUTER_BOUND('',#1000,.T.);
#771=FACE_OUTER_BOUND('',#1001,.T.);
#772=FACE_OUTER_BOUND('',#1002,.T.);
#773=FACE_OUTER_BOUND('',#1003,.T.);
#774=FACE_OUTER_BOUND('',#1004,.T.);
#775=FACE_OUTER_BOUND('',#1005,.T.);
#776=FACE_OUTER_BOUND('',#1006,.T.);
#777=FACE_OUTER_BOUND('',#1007,.T.);
#778=FACE_OUTER_BOUND('',#1008,.T.);
#779=FACE_OUTER_BOUND('',#1009,.T.);
#780=FACE_OUTER_BOUND('',#1010,.T.);
#781=FACE_OUTER_BOUND('',#1011,.T.);
#782=FACE_OUTER_BOUND('',#1012,.T.);
#783=FACE_OUTER_BOUND('',#1013,.T.);
#784=FACE_OUTER_BOUND('',#1014,.T.);
#785=FACE_OUTER_BOUND('',#1015,.T.);
#786=FACE_OUTER_BOUND('',#1016,.T.);
#787=FACE_OUTER_BOUND('',#1017,.T.);
#788=FACE_OUTER_BOUND('',#1018,.T.);
#789=FACE_OUTER_BOUND('',#1019,.T.);
#790=FACE_OUTER_BOUND('',#1020,.T.);
#791=FACE_OUTER_BOUND('',#1021,.T.);
#792=FACE_OUTER_BOUND('',#1022,.T.);
#793=FACE_OUTER_BOUND('',#1023,.T.);
#794=FACE_OUTER_BOUND('',#1024,.T.);
#795=FACE_OUTER_BOUND('',#1025,.T.);
#796=FACE_OUTER_BOUND('',#1026,.T.);
#797=FACE_OUTER_BOUND('',#1027,.T.);
#798=FACE_OUTER_BOUND('',#1028,.T.);
#799=FACE_OUTER_BOUND('',#1029,.T.);
#800=FACE_OUTER_BOUND('',#1030,.T.);
#801=FACE_OUTER_BOUND('',#1031,.T.);
#802=FACE_OUTER_BOUND('',#1032,.T.);
#803=FACE_OUTER_BOUND('',#1033,.T.);
#804=FACE_OUTER_BOUND('',#1034,.T.);
#805=FACE_OUTER_BOUND('',#1035,.T.);
#806=FACE_OUTER_BOUND('',#1036,.T.);
#807=FACE_OUTER_BOUND('',#1037,.T.);
#808=FACE_OUTER_BOUND('',#1038,.T.);
#809=FACE_OUTER_BOUND('',#1039,.T.);
#810=FACE_OUTER_BOUND('',#1040,.T.);
#811=FACE_OUTER_BOUND('',#1041,.T.);
#812=FACE_OUTER_BOUND('',#1042,.T.);
#813=FACE_OUTER_BOUND('',#1043,.T.);
#814=FACE_OUTER_BOUND('',#1044,.T.);
#815=FACE_OUTER_BOUND('',#1045,.T.);
#816=FACE_OUTER_BOUND('',#1046,.T.);
#817=FACE_OUTER_BOUND('',#1047,.T.);
#818=FACE_OUTER_BOUND('',#1048,.T.);
#819=FACE_OUTER_BOUND('',#1049,.T.);
#820=FACE_OUTER_BOUND('',#1050,.T.);
#821=FACE_OUTER_BOUND('',#1051,.T.);
#822=FACE_OUTER_BOUND('',#1052,.T.);
#823=FACE_OUTER_BOUND('',#1053,.T.);
#824=FACE_OUTER_BOUND('',#1054,.T.);
#825=FACE_OUTER_BOUND('',#1055,.T.);
#826=FACE_OUTER_BOUND('',#1056,.T.);
#827=FACE_OUTER_BOUND('',#1057,.T.);
#828=FACE_OUTER_BOUND('',#1058,.T.);
#829=FACE_OUTER_BOUND('',#1059,.T.);
#830=FACE_OUTER_BOUND('',#1060,.T.);
#831=FACE_OUTER_BOUND('',#1061,.T.);
#832=FACE_OUTER_BOUND('',#1062,.T.);
#833=FACE_OUTER_BOUND('',#1063,.T.);
#834=FACE_OUTER_BOUND('',#1064,.T.);
#835=FACE_OUTER_BOUND('',#1065,.T.);
#836=FACE_OUTER_BOUND('',#1066,.T.);
#837=FACE_OUTER_BOUND('',#1067,.T.);
#838=FACE_OUTER_BOUND('',#1068,.T.);
#839=FACE_OUTER_BOUND('',#1069,.T.);
#840=FACE_OUTER_BOUND('',#1070,.T.);
#841=FACE_OUTER_BOUND('',#1071,.T.);
#842=FACE_OUTER_BOUND('',#1072,.T.);
#843=FACE_OUTER_BOUND('',#1073,.T.);
#844=FACE_OUTER_BOUND('',#1074,.T.);
#845=FACE_OUTER_BOUND('',#1075,.T.);
#846=FACE_OUTER_BOUND('',#1076,.T.);
#847=FACE_OUTER_BOUND('',#1077,.T.);
#848=FACE_OUTER_BOUND('',#1078,.T.);
#849=FACE_OUTER_BOUND('',#1079,.T.);
#850=FACE_OUTER_BOUND('',#1080,.T.);
#851=FACE_OUTER_BOUND('',#1081,.T.);
#852=FACE_OUTER_BOUND('',#1197,.T.);
#853=EDGE_LOOP('',(#3317,#3318,#3319,#3320));
#854=EDGE_LOOP('',(#3321,#3322,#3323,#3324));
#855=EDGE_LOOP('',(#3325,#3326,#3327,#3328));
#856=EDGE_LOOP('',(#3329,#3330,#3331,#3332));
#857=EDGE_LOOP('',(#3333,#3334,#3335,#3336));
#858=EDGE_LOOP('',(#3337,#3338,#3339,#3340));
#859=EDGE_LOOP('',(#3341,#3342,#3343,#3344));
#860=EDGE_LOOP('',(#3345,#3346,#3347,#3348));
#861=EDGE_LOOP('',(#3349,#3350,#3351,#3352));
#862=EDGE_LOOP('',(#3353,#3354,#3355,#3356));
#863=EDGE_LOOP('',(#3357,#3358,#3359,#3360));
#864=EDGE_LOOP('',(#3361,#3362,#3363,#3364));
#865=EDGE_LOOP('',(#3365,#3366,#3367,#3368));
#866=EDGE_LOOP('',(#3369,#3370,#3371,#3372));
#867=EDGE_LOOP('',(#3373,#3374,#3375,#3376));
#868=EDGE_LOOP('',(#3377,#3378,#3379,#3380));
#869=EDGE_LOOP('',(#3381,#3382,#3383,#3384));
#870=EDGE_LOOP('',(#3385,#3386,#3387,#3388));
#871=EDGE_LOOP('',(#3389,#3390,#3391,#3392));
#872=EDGE_LOOP('',(#3393,#3394,#3395,#3396));
#873=EDGE_LOOP('',(#3397,#3398,#3399,#3400));
#874=EDGE_LOOP('',(#3401,#3402,#3403,#3404));
#875=EDGE_LOOP('',(#3405,#3406,#3407,#3408));
#876=EDGE_LOOP('',(#3409,#3410,#3411,#3412));
#877=EDGE_LOOP('',(#3413,#3414,#3415,#3416));
#878=EDGE_LOOP('',(#3417,#3418,#3419,#3420));
#879=EDGE_LOOP('',(#3421,#3422,#3423,#3424));
#880=EDGE_LOOP('',(#3425,#3426,#3427,#3428));
#881=EDGE_LOOP('',(#3429,#3430,#3431,#3432));
#882=EDGE_LOOP('',(#3433,#3434,#3435,#3436));
#883=EDGE_LOOP('',(#3437,#3438,#3439,#3440));
#884=EDGE_LOOP('',(#3441,#3442,#3443,#3444));
#885=EDGE_LOOP('',(#3445,#3446,#3447,#3448));
#886=EDGE_LOOP('',(#3449,#3450,#3451,#3452));
#887=EDGE_LOOP('',(#3453,#3454,#3455,#3456));
#888=EDGE_LOOP('',(#3457,#3458,#3459,#3460));
#889=EDGE_LOOP('',(#3461,#3462,#3463,#3464));
#890=EDGE_LOOP('',(#3465,#3466,#3467,#3468));
#891=EDGE_LOOP('',(#3469,#3470,#3471,#3472));
#892=EDGE_LOOP('',(#3473,#3474,#3475,#3476));
#893=EDGE_LOOP('',(#3477,#3478,#3479,#3480));
#894=EDGE_LOOP('',(#3481,#3482,#3483,#3484));
#895=EDGE_LOOP('',(#3485,#3486,#3487,#3488));
#896=EDGE_LOOP('',(#3489,#3490,#3491,#3492));
#897=EDGE_LOOP('',(#3493,#3494,#3495,#3496));
#898=EDGE_LOOP('',(#3497,#3498,#3499,#3500));
#899=EDGE_LOOP('',(#3501,#3502,#3503,#3504));
#900=EDGE_LOOP('',(#3505,#3506,#3507,#3508));
#901=EDGE_LOOP('',(#3509,#3510,#3511,#3512));
#902=EDGE_LOOP('',(#3513,#3514,#3515,#3516));
#903=EDGE_LOOP('',(#3517,#3518,#3519,#3520));
#904=EDGE_LOOP('',(#3521,#3522,#3523,#3524));
#905=EDGE_LOOP('',(#3525,#3526,#3527,#3528));
#906=EDGE_LOOP('',(#3529,#3530,#3531,#3532));
#907=EDGE_LOOP('',(#3533,#3534,#3535,#3536));
#908=EDGE_LOOP('',(#3537,#3538,#3539,#3540));
#909=EDGE_LOOP('',(#3541,#3542,#3543,#3544));
#910=EDGE_LOOP('',(#3545,#3546,#3547,#3548));
#911=EDGE_LOOP('',(#3549,#3550,#3551,#3552));
#912=EDGE_LOOP('',(#3553,#3554,#3555,#3556));
#913=EDGE_LOOP('',(#3557,#3558,#3559,#3560));
#914=EDGE_LOOP('',(#3561,#3562,#3563,#3564));
#915=EDGE_LOOP('',(#3565,#3566,#3567,#3568));
#916=EDGE_LOOP('',(#3569,#3570,#3571,#3572));
#917=EDGE_LOOP('',(#3573,#3574,#3575,#3576));
#918=EDGE_LOOP('',(#3577,#3578,#3579,#3580));
#919=EDGE_LOOP('',(#3581,#3582,#3583,#3584));
#920=EDGE_LOOP('',(#3585,#3586,#3587,#3588));
#921=EDGE_LOOP('',(#3589,#3590,#3591,#3592));
#922=EDGE_LOOP('',(#3593,#3594,#3595,#3596));
#923=EDGE_LOOP('',(#3597,#3598,#3599,#3600));
#924=EDGE_LOOP('',(#3601,#3602,#3603,#3604));
#925=EDGE_LOOP('',(#3605,#3606,#3607,#3608));
#926=EDGE_LOOP('',(#3609,#3610,#3611,#3612));
#927=EDGE_LOOP('',(#3613,#3614,#3615,#3616));
#928=EDGE_LOOP('',(#3617,#3618,#3619,#3620));
#929=EDGE_LOOP('',(#3621,#3622,#3623,#3624));
#930=EDGE_LOOP('',(#3625,#3626,#3627,#3628));
#931=EDGE_LOOP('',(#3629,#3630,#3631,#3632));
#932=EDGE_LOOP('',(#3633,#3634,#3635,#3636));
#933=EDGE_LOOP('',(#3637,#3638,#3639,#3640));
#934=EDGE_LOOP('',(#3641,#3642,#3643,#3644));
#935=EDGE_LOOP('',(#3645,#3646,#3647,#3648));
#936=EDGE_LOOP('',(#3649,#3650,#3651,#3652));
#937=EDGE_LOOP('',(#3653,#3654,#3655,#3656));
#938=EDGE_LOOP('',(#3657,#3658,#3659,#3660));
#939=EDGE_LOOP('',(#3661,#3662,#3663,#3664));
#940=EDGE_LOOP('',(#3665,#3666,#3667,#3668));
#941=EDGE_LOOP('',(#3669,#3670,#3671,#3672));
#942=EDGE_LOOP('',(#3673,#3674,#3675,#3676));
#943=EDGE_LOOP('',(#3677,#3678,#3679,#3680));
#944=EDGE_LOOP('',(#3681,#3682,#3683,#3684));
#945=EDGE_LOOP('',(#3685,#3686,#3687,#3688));
#946=EDGE_LOOP('',(#3689,#3690,#3691,#3692));
#947=EDGE_LOOP('',(#3693,#3694,#3695,#3696));
#948=EDGE_LOOP('',(#3697,#3698,#3699,#3700));
#949=EDGE_LOOP('',(#3701,#3702,#3703,#3704));
#950=EDGE_LOOP('',(#3705,#3706,#3707,#3708));
#951=EDGE_LOOP('',(#3709,#3710,#3711,#3712));
#952=EDGE_LOOP('',(#3713,#3714,#3715,#3716));
#953=EDGE_LOOP('',(#3717,#3718,#3719,#3720));
#954=EDGE_LOOP('',(#3721,#3722,#3723,#3724));
#955=EDGE_LOOP('',(#3725,#3726,#3727,#3728));
#956=EDGE_LOOP('',(#3729,#3730,#3731,#3732));
#957=EDGE_LOOP('',(#3733,#3734,#3735,#3736));
#958=EDGE_LOOP('',(#3737,#3738,#3739,#3740));
#959=EDGE_LOOP('',(#3741,#3742,#3743,#3744));
#960=EDGE_LOOP('',(#3745,#3746,#3747,#3748));
#961=EDGE_LOOP('',(#3749,#3750,#3751,#3752));
#962=EDGE_LOOP('',(#3753,#3754,#3755,#3756));
#963=EDGE_LOOP('',(#3757,#3758,#3759,#3760));
#964=EDGE_LOOP('',(#3761,#3762,#3763,#3764));
#965=EDGE_LOOP('',(#3765,#3766,#3767,#3768));
#966=EDGE_LOOP('',(#3769,#3770,#3771,#3772));
#967=EDGE_LOOP('',(#3773,#3774,#3775,#3776));
#968=EDGE_LOOP('',(#3777,#3778,#3779,#3780));
#969=EDGE_LOOP('',(#3781,#3782,#3783,#3784));
#970=EDGE_LOOP('',(#3785,#3786,#3787,#3788));
#971=EDGE_LOOP('',(#3789,#3790,#3791,#3792));
#972=EDGE_LOOP('',(#3793,#3794,#3795,#3796));
#973=EDGE_LOOP('',(#3797,#3798,#3799,#3800));
#974=EDGE_LOOP('',(#3801,#3802,#3803,#3804));
#975=EDGE_LOOP('',(#3805,#3806,#3807,#3808));
#976=EDGE_LOOP('',(#3809,#3810,#3811,#3812));
#977=EDGE_LOOP('',(#3813,#3814,#3815,#3816));
#978=EDGE_LOOP('',(#3817,#3818,#3819,#3820));
#979=EDGE_LOOP('',(#3821,#3822,#3823,#3824));
#980=EDGE_LOOP('',(#3825,#3826,#3827,#3828));
#981=EDGE_LOOP('',(#3829,#3830,#3831,#3832));
#982=EDGE_LOOP('',(#3833,#3834,#3835,#3836));
#983=EDGE_LOOP('',(#3837,#3838,#3839,#3840));
#984=EDGE_LOOP('',(#3841,#3842,#3843,#3844));
#985=EDGE_LOOP('',(#3845,#3846,#3847,#3848));
#986=EDGE_LOOP('',(#3849,#3850,#3851,#3852));
#987=EDGE_LOOP('',(#3853,#3854,#3855,#3856));
#988=EDGE_LOOP('',(#3857,#3858,#3859,#3860));
#989=EDGE_LOOP('',(#3861,#3862,#3863,#3864));
#990=EDGE_LOOP('',(#3865,#3866,#3867,#3868));
#991=EDGE_LOOP('',(#3869,#3870,#3871,#3872));
#992=EDGE_LOOP('',(#3873,#3874,#3875,#3876));
#993=EDGE_LOOP('',(#3877,#3878,#3879,#3880));
#994=EDGE_LOOP('',(#3881,#3882,#3883,#3884));
#995=EDGE_LOOP('',(#3885,#3886,#3887,#3888));
#996=EDGE_LOOP('',(#3889,#3890,#3891,#3892));
#997=EDGE_LOOP('',(#3893,#3894,#3895,#3896));
#998=EDGE_LOOP('',(#3897,#3898,#3899,#3900));
#999=EDGE_LOOP('',(#3901,#3902,#3903,#3904));
#1000=EDGE_LOOP('',(#3905,#3906,#3907,#3908));
#1001=EDGE_LOOP('',(#3909,#3910,#3911,#3912));
#1002=EDGE_LOOP('',(#3913,#3914,#3915,#3916));
#1003=EDGE_LOOP('',(#3917,#3918,#3919,#3920));
#1004=EDGE_LOOP('',(#3921,#3922,#3923,#3924));
#1005=EDGE_LOOP('',(#3925,#3926,#3927,#3928));
#1006=EDGE_LOOP('',(#3929,#3930,#3931,#3932));
#1007=EDGE_LOOP('',(#3933,#3934,#3935,#3936));
#1008=EDGE_LOOP('',(#3937,#3938,#3939,#3940));
#1009=EDGE_LOOP('',(#3941,#3942,#3943,#3944));
#1010=EDGE_LOOP('',(#3945,#3946,#3947,#3948));
#1011=EDGE_LOOP('',(#3949,#3950,#3951,#3952));
#1012=EDGE_LOOP('',(#3953,#3954,#3955,#3956));
#1013=EDGE_LOOP('',(#3957,#3958,#3959,#3960));
#1014=EDGE_LOOP('',(#3961,#3962,#3963,#3964));
#1015=EDGE_LOOP('',(#3965,#3966,#3967,#3968));
#1016=EDGE_LOOP('',(#3969,#3970,#3971,#3972));
#1017=EDGE_LOOP('',(#3973,#3974,#3975,#3976));
#1018=EDGE_LOOP('',(#3977,#3978,#3979,#3980));
#1019=EDGE_LOOP('',(#3981,#3982,#3983,#3984));
#1020=EDGE_LOOP('',(#3985,#3986,#3987,#3988));
#1021=EDGE_LOOP('',(#3989,#3990,#3991,#3992));
#1022=EDGE_LOOP('',(#3993,#3994,#3995,#3996));
#1023=EDGE_LOOP('',(#3997,#3998,#3999,#4000));
#1024=EDGE_LOOP('',(#4001,#4002,#4003,#4004));
#1025=EDGE_LOOP('',(#4005,#4006,#4007,#4008));
#1026=EDGE_LOOP('',(#4009,#4010,#4011,#4012));
#1027=EDGE_LOOP('',(#4013,#4014,#4015,#4016));
#1028=EDGE_LOOP('',(#4017,#4018,#4019,#4020));
#1029=EDGE_LOOP('',(#4021,#4022,#4023,#4024));
#1030=EDGE_LOOP('',(#4025,#4026,#4027,#4028));
#1031=EDGE_LOOP('',(#4029,#4030,#4031,#4032));
#1032=EDGE_LOOP('',(#4033,#4034,#4035,#4036));
#1033=EDGE_LOOP('',(#4037,#4038,#4039,#4040));
#1034=EDGE_LOOP('',(#4041,#4042,#4043,#4044));
#1035=EDGE_LOOP('',(#4045,#4046,#4047,#4048));
#1036=EDGE_LOOP('',(#4049,#4050,#4051,#4052));
#1037=EDGE_LOOP('',(#4053,#4054,#4055,#4056));
#1038=EDGE_LOOP('',(#4057,#4058,#4059,#4060));
#1039=EDGE_LOOP('',(#4061,#4062,#4063,#4064));
#1040=EDGE_LOOP('',(#4065,#4066,#4067,#4068));
#1041=EDGE_LOOP('',(#4069,#4070,#4071,#4072));
#1042=EDGE_LOOP('',(#4073,#4074,#4075,#4076));
#1043=EDGE_LOOP('',(#4077,#4078,#4079,#4080));
#1044=EDGE_LOOP('',(#4081,#4082,#4083,#4084));
#1045=EDGE_LOOP('',(#4085,#4086,#4087,#4088));
#1046=EDGE_LOOP('',(#4089,#4090,#4091,#4092));
#1047=EDGE_LOOP('',(#4093,#4094,#4095,#4096));
#1048=EDGE_LOOP('',(#4097,#4098,#4099,#4100));
#1049=EDGE_LOOP('',(#4101,#4102,#4103,#4104));
#1050=EDGE_LOOP('',(#4105,#4106,#4107,#4108));
#1051=EDGE_LOOP('',(#4109,#4110,#4111,#4112));
#1052=EDGE_LOOP('',(#4113,#4114,#4115,#4116));
#1053=EDGE_LOOP('',(#4117,#4118,#4119,#4120));
#1054=EDGE_LOOP('',(#4121,#4122,#4123,#4124));
#1055=EDGE_LOOP('',(#4125,#4126,#4127,#4128));
#1056=EDGE_LOOP('',(#4129,#4130,#4131,#4132));
#1057=EDGE_LOOP('',(#4133,#4134,#4135,#4136));
#1058=EDGE_LOOP('',(#4137,#4138,#4139,#4140));
#1059=EDGE_LOOP('',(#4141,#4142,#4143,#4144));
#1060=EDGE_LOOP('',(#4145,#4146,#4147,#4148));
#1061=EDGE_LOOP('',(#4149,#4150,#4151,#4152));
#1062=EDGE_LOOP('',(#4153,#4154,#4155,#4156));
#1063=EDGE_LOOP('',(#4157,#4158,#4159,#4160));
#1064=EDGE_LOOP('',(#4161,#4162,#4163,#4164));
#1065=EDGE_LOOP('',(#4165,#4166,#4167,#4168));
#1066=EDGE_LOOP('',(#4169,#4170,#4171,#4172));
#1067=EDGE_LOOP('',(#4173,#4174,#4175,#4176));
#1068=EDGE_LOOP('',(#4177,#4178,#4179,#4180));
#1069=EDGE_LOOP('',(#4181,#4182,#4183,#4184));
#1070=EDGE_LOOP('',(#4185,#4186,#4187,#4188));
#1071=EDGE_LOOP('',(#4189,#4190,#4191,#4192));
#1072=EDGE_LOOP('',(#4193,#4194,#4195,#4196));
#1073=EDGE_LOOP('',(#4197,#4198,#4199,#4200));
#1074=EDGE_LOOP('',(#4201,#4202,#4203,#4204));
#1075=EDGE_LOOP('',(#4205,#4206,#4207,#4208));
#1076=EDGE_LOOP('',(#4209,#4210,#4211,#4212));
#1077=EDGE_LOOP('',(#4213,#4214,#4215,#4216));
#1078=EDGE_LOOP('',(#4217,#4218,#4219,#4220));
#1079=EDGE_LOOP('',(#4221,#4222,#4223,#4224));
#1080=EDGE_LOOP('',(#4225,#4226,#4227,#4228));
#1081=EDGE_LOOP('',(#4229,#4230,#4231,#4232,#4233,#4234,#4235,#4236,#4237,
#4238,#4239,#4240,#4241,#4242,#4243,#4244,#4245,#4246,#4247,#4248,#4249,
#4250,#4251,#4252,#4253,#4254,#4255,#4256,#4257,#4258,#4259,#4260,#4261,
#4262,#4263,#4264,#4265,#4266,#4267,#4268,#4269,#4270,#4271,#4272,#4273,
#4274,#4275,#4276,#4277,#4278,#4279,#4280,#4281,#4282,#4283,#4284,#4285,
#4286,#4287,#4288,#4289,#4290,#4291,#4292,#4293,#4294,#4295,#4296,#4297,
#4298,#4299,#4300,#4301,#4302,#4303,#4304,#4305,#4306,#4307,#4308));
#1082=EDGE_LOOP('',(#4309,#4310,#4311,#4312));
#1083=EDGE_LOOP('',(#4313));
#1084=EDGE_LOOP('',(#4314,#4315,#4316,#4317));
#1085=EDGE_LOOP('',(#4318));
#1086=EDGE_LOOP('',(#4319,#4320,#4321,#4322));
#1087=EDGE_LOOP('',(#4323));
#1088=EDGE_LOOP('',(#4324,#4325,#4326,#4327));
#1089=EDGE_LOOP('',(#4328,#4329,#4330,#4331));
#1090=EDGE_LOOP('',(#4332,#4333,#4334,#4335));
#1091=EDGE_LOOP('',(#4336,#4337,#4338,#4339));
#1092=EDGE_LOOP('',(#4340));
#1093=EDGE_LOOP('',(#4341));
#1094=EDGE_LOOP('',(#4342));
#1095=EDGE_LOOP('',(#4343));
#1096=EDGE_LOOP('',(#4344,#4345,#4346,#4347));
#1097=EDGE_LOOP('',(#4348,#4349,#4350,#4351));
#1098=EDGE_LOOP('',(#4352));
#1099=EDGE_LOOP('',(#4353,#4354,#4355,#4356));
#1100=EDGE_LOOP('',(#4357));
#1101=EDGE_LOOP('',(#4358));
#1102=EDGE_LOOP('',(#4359,#4360,#4361,#4362));
#1103=EDGE_LOOP('',(#4363));
#1104=EDGE_LOOP('',(#4364));
#1105=EDGE_LOOP('',(#4365));
#1106=EDGE_LOOP('',(#4366));
#1107=EDGE_LOOP('',(#4367));
#1108=EDGE_LOOP('',(#4368));
#1109=EDGE_LOOP('',(#4369));
#1110=EDGE_LOOP('',(#4370));
#1111=EDGE_LOOP('',(#4371));
#1112=EDGE_LOOP('',(#4372));
#1113=EDGE_LOOP('',(#4373));
#1114=EDGE_LOOP('',(#4374));
#1115=EDGE_LOOP('',(#4375));
#1116=EDGE_LOOP('',(#4376));
#1117=EDGE_LOOP('',(#4377));
#1118=EDGE_LOOP('',(#4378));
#1119=EDGE_LOOP('',(#4379));
#1120=EDGE_LOOP('',(#4380));
#1121=EDGE_LOOP('',(#4381));
#1122=EDGE_LOOP('',(#4382));
#1123=EDGE_LOOP('',(#4383));
#1124=EDGE_LOOP('',(#4384));
#1125=EDGE_LOOP('',(#4385));
#1126=EDGE_LOOP('',(#4386));
#1127=EDGE_LOOP('',(#4387));
#1128=EDGE_LOOP('',(#4388));
#1129=EDGE_LOOP('',(#4389));
#1130=EDGE_LOOP('',(#4390));
#1131=EDGE_LOOP('',(#4391));
#1132=EDGE_LOOP('',(#4392));
#1133=EDGE_LOOP('',(#4393));
#1134=EDGE_LOOP('',(#4394));
#1135=EDGE_LOOP('',(#4395));
#1136=EDGE_LOOP('',(#4396));
#1137=EDGE_LOOP('',(#4397));
#1138=EDGE_LOOP('',(#4398));
#1139=EDGE_LOOP('',(#4399));
#1140=EDGE_LOOP('',(#4400));
#1141=EDGE_LOOP('',(#4401));
#1142=EDGE_LOOP('',(#4402));
#1143=EDGE_LOOP('',(#4403));
#1144=EDGE_LOOP('',(#4404));
#1145=EDGE_LOOP('',(#4405));
#1146=EDGE_LOOP('',(#4406));
#1147=EDGE_LOOP('',(#4407));
#1148=EDGE_LOOP('',(#4408));
#1149=EDGE_LOOP('',(#4409));
#1150=EDGE_LOOP('',(#4410));
#1151=EDGE_LOOP('',(#4411));
#1152=EDGE_LOOP('',(#4412));
#1153=EDGE_LOOP('',(#4413));
#1154=EDGE_LOOP('',(#4414));
#1155=EDGE_LOOP('',(#4415));
#1156=EDGE_LOOP('',(#4416));
#1157=EDGE_LOOP('',(#4417));
#1158=EDGE_LOOP('',(#4418));
#1159=EDGE_LOOP('',(#4419));
#1160=EDGE_LOOP('',(#4420));
#1161=EDGE_LOOP('',(#4421));
#1162=EDGE_LOOP('',(#4422));
#1163=EDGE_LOOP('',(#4423));
#1164=EDGE_LOOP('',(#4424));
#1165=EDGE_LOOP('',(#4425));
#1166=EDGE_LOOP('',(#4426));
#1167=EDGE_LOOP('',(#4427));
#1168=EDGE_LOOP('',(#4428));
#1169=EDGE_LOOP('',(#4429));
#1170=EDGE_LOOP('',(#4430));
#1171=EDGE_LOOP('',(#4431));
#1172=EDGE_LOOP('',(#4432));
#1173=EDGE_LOOP('',(#4433));
#1174=EDGE_LOOP('',(#4434));
#1175=EDGE_LOOP('',(#4435));
#1176=EDGE_LOOP('',(#4436));
#1177=EDGE_LOOP('',(#4437));
#1178=EDGE_LOOP('',(#4438));
#1179=EDGE_LOOP('',(#4439));
#1180=EDGE_LOOP('',(#4440));
#1181=EDGE_LOOP('',(#4441));
#1182=EDGE_LOOP('',(#4442));
#1183=EDGE_LOOP('',(#4443));
#1184=EDGE_LOOP('',(#4444));
#1185=EDGE_LOOP('',(#4445));
#1186=EDGE_LOOP('',(#4446));
#1187=EDGE_LOOP('',(#4447));
#1188=EDGE_LOOP('',(#4448));
#1189=EDGE_LOOP('',(#4449));
#1190=EDGE_LOOP('',(#4450));
#1191=EDGE_LOOP('',(#4451));
#1192=EDGE_LOOP('',(#4452));
#1193=EDGE_LOOP('',(#4453));
#1194=EDGE_LOOP('',(#4454));
#1195=EDGE_LOOP('',(#4455));
#1196=EDGE_LOOP('',(#4456));
#1197=EDGE_LOOP('',(#4457,#4458,#4459,#4460,#4461,#4462,#4463,#4464,#4465,
#4466,#4467,#4468,#4469,#4470,#4471,#4472,#4473,#4474,#4475,#4476,#4477,
#4478,#4479,#4480,#4481,#4482,#4483,#4484,#4485,#4486,#4487,#4488,#4489,
#4490,#4491,#4492,#4493,#4494,#4495,#4496,#4497,#4498,#4499,#4500,#4501,
#4502,#4503,#4504,#4505,#4506,#4507,#4508,#4509,#4510,#4511,#4512,#4513,
#4514,#4515,#4516,#4517,#4518,#4519,#4520,#4521,#4522,#4523,#4524,#4525,
#4526,#4527,#4528,#4529,#4530,#4531,#4532,#4533,#4534,#4535,#4536));
#1198=EDGE_LOOP('',(#4537,#4538,#4539,#4540));
#1199=EDGE_LOOP('',(#4541));
#1200=EDGE_LOOP('',(#4542,#4543,#4544,#4545));
#1201=EDGE_LOOP('',(#4546));
#1202=EDGE_LOOP('',(#4547,#4548,#4549,#4550));
#1203=EDGE_LOOP('',(#4551));
#1204=EDGE_LOOP('',(#4552,#4553,#4554,#4555));
#1205=EDGE_LOOP('',(#4556,#4557,#4558,#4559));
#1206=EDGE_LOOP('',(#4560,#4561,#4562,#4563));
#1207=EDGE_LOOP('',(#4564,#4565,#4566,#4567));
#1208=EDGE_LOOP('',(#4568));
#1209=EDGE_LOOP('',(#4569));
#1210=EDGE_LOOP('',(#4570));
#1211=EDGE_LOOP('',(#4571));
#1212=EDGE_LOOP('',(#4572,#4573,#4574,#4575));
#1213=EDGE_LOOP('',(#4576,#4577,#4578,#4579));
#1214=EDGE_LOOP('',(#4580));
#1215=EDGE_LOOP('',(#4581,#4582,#4583,#4584));
#1216=EDGE_LOOP('',(#4585));
#1217=EDGE_LOOP('',(#4586));
#1218=EDGE_LOOP('',(#4587,#4588,#4589,#4590));
#1219=EDGE_LOOP('',(#4591));
#1220=EDGE_LOOP('',(#4592));
#1221=EDGE_LOOP('',(#4593));
#1222=EDGE_LOOP('',(#4594));
#1223=EDGE_LOOP('',(#4595));
#1224=EDGE_LOOP('',(#4596));
#1225=EDGE_LOOP('',(#4597));
#1226=EDGE_LOOP('',(#4598));
#1227=EDGE_LOOP('',(#4599));
#1228=EDGE_LOOP('',(#4600));
#1229=EDGE_LOOP('',(#4601));
#1230=EDGE_LOOP('',(#4602));
#1231=EDGE_LOOP('',(#4603));
#1232=EDGE_LOOP('',(#4604));
#1233=EDGE_LOOP('',(#4605));
#1234=EDGE_LOOP('',(#4606));
#1235=EDGE_LOOP('',(#4607));
#1236=EDGE_LOOP('',(#4608));
#1237=EDGE_LOOP('',(#4609));
#1238=EDGE_LOOP('',(#4610));
#1239=EDGE_LOOP('',(#4611));
#1240=EDGE_LOOP('',(#4612));
#1241=EDGE_LOOP('',(#4613));
#1242=EDGE_LOOP('',(#4614));
#1243=EDGE_LOOP('',(#4615));
#1244=EDGE_LOOP('',(#4616));
#1245=EDGE_LOOP('',(#4617));
#1246=EDGE_LOOP('',(#4618));
#1247=EDGE_LOOP('',(#4619));
#1248=EDGE_LOOP('',(#4620));
#1249=EDGE_LOOP('',(#4621));
#1250=EDGE_LOOP('',(#4622));
#1251=EDGE_LOOP('',(#4623));
#1252=EDGE_LOOP('',(#4624));
#1253=EDGE_LOOP('',(#4625));
#1254=EDGE_LOOP('',(#4626));
#1255=EDGE_LOOP('',(#4627));
#1256=EDGE_LOOP('',(#4628));
#1257=EDGE_LOOP('',(#4629));
#1258=EDGE_LOOP('',(#4630));
#1259=EDGE_LOOP('',(#4631));
#1260=EDGE_LOOP('',(#4632));
#1261=EDGE_LOOP('',(#4633));
#1262=EDGE_LOOP('',(#4634));
#1263=EDGE_LOOP('',(#4635));
#1264=EDGE_LOOP('',(#4636));
#1265=EDGE_LOOP('',(#4637));
#1266=EDGE_LOOP('',(#4638));
#1267=EDGE_LOOP('',(#4639));
#1268=EDGE_LOOP('',(#4640));
#1269=EDGE_LOOP('',(#4641));
#1270=EDGE_LOOP('',(#4642));
#1271=EDGE_LOOP('',(#4643));
#1272=EDGE_LOOP('',(#4644));
#1273=EDGE_LOOP('',(#4645));
#1274=EDGE_LOOP('',(#4646));
#1275=EDGE_LOOP('',(#4647));
#1276=EDGE_LOOP('',(#4648));
#1277=EDGE_LOOP('',(#4649));
#1278=EDGE_LOOP('',(#4650));
#1279=EDGE_LOOP('',(#4651));
#1280=EDGE_LOOP('',(#4652));
#1281=EDGE_LOOP('',(#4653));
#1282=EDGE_LOOP('',(#4654));
#1283=EDGE_LOOP('',(#4655));
#1284=EDGE_LOOP('',(#4656));
#1285=EDGE_LOOP('',(#4657));
#1286=EDGE_LOOP('',(#4658));
#1287=EDGE_LOOP('',(#4659));
#1288=EDGE_LOOP('',(#4660));
#1289=EDGE_LOOP('',(#4661));
#1290=EDGE_LOOP('',(#4662));
#1291=EDGE_LOOP('',(#4663));
#1292=EDGE_LOOP('',(#4664));
#1293=EDGE_LOOP('',(#4665));
#1294=EDGE_LOOP('',(#4666));
#1295=EDGE_LOOP('',(#4667));
#1296=EDGE_LOOP('',(#4668));
#1297=EDGE_LOOP('',(#4669));
#1298=EDGE_LOOP('',(#4670));
#1299=EDGE_LOOP('',(#4671));
#1300=EDGE_LOOP('',(#4672));
#1301=EDGE_LOOP('',(#4673));
#1302=EDGE_LOOP('',(#4674));
#1303=EDGE_LOOP('',(#4675));
#1304=EDGE_LOOP('',(#4676));
#1305=EDGE_LOOP('',(#4677));
#1306=EDGE_LOOP('',(#4678));
#1307=EDGE_LOOP('',(#4679));
#1308=EDGE_LOOP('',(#4680));
#1309=EDGE_LOOP('',(#4681));
#1310=EDGE_LOOP('',(#4682));
#1311=EDGE_LOOP('',(#4683));
#1312=EDGE_LOOP('',(#4684));
#1313=LINE('',#6917,#1745);
#1314=LINE('',#6919,#1746);
#1315=LINE('',#6921,#1747);
#1316=LINE('',#6922,#1748);
#1317=LINE('',#6925,#1749);
#1318=LINE('',#6927,#1750);
#1319=LINE('',#6928,#1751);
#1320=LINE('',#6931,#1752);
#1321=LINE('',#6933,#1753);
#1322=LINE('',#6934,#1754);
#1323=LINE('',#6937,#1755);
#1324=LINE('',#6939,#1756);
#1325=LINE('',#6940,#1757);
#1326=LINE('',#6943,#1758);
#1327=LINE('',#6945,#1759);
#1328=LINE('',#6946,#1760);
#1329=LINE('',#6949,#1761);
#1330=LINE('',#6951,#1762);
#1331=LINE('',#6952,#1763);
#1332=LINE('',#6955,#1764);
#1333=LINE('',#6957,#1765);
#1334=LINE('',#6958,#1766);
#1335=LINE('',#6961,#1767);
#1336=LINE('',#6963,#1768);
#1337=LINE('',#6964,#1769);
#1338=LINE('',#6967,#1770);
#1339=LINE('',#6969,#1771);
#1340=LINE('',#6970,#1772);
#1341=LINE('',#6973,#1773);
#1342=LINE('',#6975,#1774);
#1343=LINE('',#6976,#1775);
#1344=LINE('',#6979,#1776);
#1345=LINE('',#6981,#1777);
#1346=LINE('',#6982,#1778);
#1347=LINE('',#6985,#1779);
#1348=LINE('',#6987,#1780);
#1349=LINE('',#6988,#1781);
#1350=LINE('',#6991,#1782);
#1351=LINE('',#6993,#1783);
#1352=LINE('',#6994,#1784);
#1353=LINE('',#6997,#1785);
#1354=LINE('',#6999,#1786);
#1355=LINE('',#7000,#1787);
#1356=LINE('',#7003,#1788);
#1357=LINE('',#7005,#1789);
#1358=LINE('',#7006,#1790);
#1359=LINE('',#7009,#1791);
#1360=LINE('',#7011,#1792);
#1361=LINE('',#7012,#1793);
#1362=LINE('',#7015,#1794);
#1363=LINE('',#7017,#1795);
#1364=LINE('',#7018,#1796);
#1365=LINE('',#7021,#1797);
#1366=LINE('',#7023,#1798);
#1367=LINE('',#7024,#1799);
#1368=LINE('',#7027,#1800);
#1369=LINE('',#7029,#1801);
#1370=LINE('',#7030,#1802);
#1371=LINE('',#7033,#1803);
#1372=LINE('',#7035,#1804);
#1373=LINE('',#7036,#1805);
#1374=LINE('',#7039,#1806);
#1375=LINE('',#7041,#1807);
#1376=LINE('',#7042,#1808);
#1377=LINE('',#7045,#1809);
#1378=LINE('',#7047,#1810);
#1379=LINE('',#7048,#1811);
#1380=LINE('',#7051,#1812);
#1381=LINE('',#7053,#1813);
#1382=LINE('',#7054,#1814);
#1383=LINE('',#7057,#1815);
#1384=LINE('',#7059,#1816);
#1385=LINE('',#7060,#1817);
#1386=LINE('',#7063,#1818);
#1387=LINE('',#7065,#1819);
#1388=LINE('',#7066,#1820);
#1389=LINE('',#7069,#1821);
#1390=LINE('',#7071,#1822);
#1391=LINE('',#7072,#1823);
#1392=LINE('',#7075,#1824);
#1393=LINE('',#7077,#1825);
#1394=LINE('',#7078,#1826);
#1395=LINE('',#7081,#1827);
#1396=LINE('',#7083,#1828);
#1397=LINE('',#7084,#1829);
#1398=LINE('',#7087,#1830);
#1399=LINE('',#7089,#1831);
#1400=LINE('',#7090,#1832);
#1401=LINE('',#7093,#1833);
#1402=LINE('',#7095,#1834);
#1403=LINE('',#7096,#1835);
#1404=LINE('',#7099,#1836);
#1405=LINE('',#7101,#1837);
#1406=LINE('',#7102,#1838);
#1407=LINE('',#7105,#1839);
#1408=LINE('',#7107,#1840);
#1409=LINE('',#7108,#1841);
#1410=LINE('',#7111,#1842);
#1411=LINE('',#7113,#1843);
#1412=LINE('',#7114,#1844);
#1413=LINE('',#7117,#1845);
#1414=LINE('',#7119,#1846);
#1415=LINE('',#7120,#1847);
#1416=LINE('',#7123,#1848);
#1417=LINE('',#7125,#1849);
#1418=LINE('',#7126,#1850);
#1419=LINE('',#7129,#1851);
#1420=LINE('',#7131,#1852);
#1421=LINE('',#7132,#1853);
#1422=LINE('',#7135,#1854);
#1423=LINE('',#7137,#1855);
#1424=LINE('',#7138,#1856);
#1425=LINE('',#7141,#1857);
#1426=LINE('',#7143,#1858);
#1427=LINE('',#7144,#1859);
#1428=LINE('',#7147,#1860);
#1429=LINE('',#7149,#1861);
#1430=LINE('',#7150,#1862);
#1431=LINE('',#7153,#1863);
#1432=LINE('',#7155,#1864);
#1433=LINE('',#7156,#1865);
#1434=LINE('',#7159,#1866);
#1435=LINE('',#7161,#1867);
#1436=LINE('',#7162,#1868);
#1437=LINE('',#7165,#1869);
#1438=LINE('',#7167,#1870);
#1439=LINE('',#7168,#1871);
#1440=LINE('',#7171,#1872);
#1441=LINE('',#7173,#1873);
#1442=LINE('',#7174,#1874);
#1443=LINE('',#7177,#1875);
#1444=LINE('',#7179,#1876);
#1445=LINE('',#7180,#1877);
#1446=LINE('',#7183,#1878);
#1447=LINE('',#7185,#1879);
#1448=LINE('',#7186,#1880);
#1449=LINE('',#7189,#1881);
#1450=LINE('',#7191,#1882);
#1451=LINE('',#7192,#1883);
#1452=LINE('',#7195,#1884);
#1453=LINE('',#7197,#1885);
#1454=LINE('',#7198,#1886);
#1455=LINE('',#7201,#1887);
#1456=LINE('',#7203,#1888);
#1457=LINE('',#7204,#1889);
#1458=LINE('',#7207,#1890);
#1459=LINE('',#7209,#1891);
#1460=LINE('',#7210,#1892);
#1461=LINE('',#7213,#1893);
#1462=LINE('',#7215,#1894);
#1463=LINE('',#7216,#1895);
#1464=LINE('',#7219,#1896);
#1465=LINE('',#7221,#1897);
#1466=LINE('',#7222,#1898);
#1467=LINE('',#7225,#1899);
#1468=LINE('',#7227,#1900);
#1469=LINE('',#7228,#1901);
#1470=LINE('',#7231,#1902);
#1471=LINE('',#7233,#1903);
#1472=LINE('',#7234,#1904);
#1473=LINE('',#7237,#1905);
#1474=LINE('',#7239,#1906);
#1475=LINE('',#7240,#1907);
#1476=LINE('',#7243,#1908);
#1477=LINE('',#7245,#1909);
#1478=LINE('',#7246,#1910);
#1479=LINE('',#7249,#1911);
#1480=LINE('',#7251,#1912);
#1481=LINE('',#7252,#1913);
#1482=LINE('',#7255,#1914);
#1483=LINE('',#7257,#1915);
#1484=LINE('',#7258,#1916);
#1485=LINE('',#7261,#1917);
#1486=LINE('',#7263,#1918);
#1487=LINE('',#7264,#1919);
#1488=LINE('',#7267,#1920);
#1489=LINE('',#7269,#1921);
#1490=LINE('',#7270,#1922);
#1491=LINE('',#7273,#1923);
#1492=LINE('',#7275,#1924);
#1493=LINE('',#7276,#1925);
#1494=LINE('',#7279,#1926);
#1495=LINE('',#7281,#1927);
#1496=LINE('',#7282,#1928);
#1497=LINE('',#7285,#1929);
#1498=LINE('',#7287,#1930);
#1499=LINE('',#7288,#1931);
#1500=LINE('',#7291,#1932);
#1501=LINE('',#7293,#1933);
#1502=LINE('',#7294,#1934);
#1503=LINE('',#7297,#1935);
#1504=LINE('',#7299,#1936);
#1505=LINE('',#7300,#1937);
#1506=LINE('',#7303,#1938);
#1507=LINE('',#7305,#1939);
#1508=LINE('',#7306,#1940);
#1509=LINE('',#7309,#1941);
#1510=LINE('',#7311,#1942);
#1511=LINE('',#7312,#1943);
#1512=LINE('',#7315,#1944);
#1513=LINE('',#7317,#1945);
#1514=LINE('',#7318,#1946);
#1515=LINE('',#7321,#1947);
#1516=LINE('',#7323,#1948);
#1517=LINE('',#7324,#1949);
#1518=LINE('',#7327,#1950);
#1519=LINE('',#7329,#1951);
#1520=LINE('',#7330,#1952);
#1521=LINE('',#7333,#1953);
#1522=LINE('',#7335,#1954);
#1523=LINE('',#7336,#1955);
#1524=LINE('',#7339,#1956);
#1525=LINE('',#7341,#1957);
#1526=LINE('',#7342,#1958);
#1527=LINE('',#7345,#1959);
#1528=LINE('',#7347,#1960);
#1529=LINE('',#7348,#1961);
#1530=LINE('',#7351,#1962);
#1531=LINE('',#7353,#1963);
#1532=LINE('',#7354,#1964);
#1533=LINE('',#7357,#1965);
#1534=LINE('',#7359,#1966);
#1535=LINE('',#7360,#1967);
#1536=LINE('',#7363,#1968);
#1537=LINE('',#7365,#1969);
#1538=LINE('',#7366,#1970);
#1539=LINE('',#7369,#1971);
#1540=LINE('',#7371,#1972);
#1541=LINE('',#7372,#1973);
#1542=LINE('',#7375,#1974);
#1543=LINE('',#7377,#1975);
#1544=LINE('',#7378,#1976);
#1545=LINE('',#7381,#1977);
#1546=LINE('',#7383,#1978);
#1547=LINE('',#7384,#1979);
#1548=LINE('',#7387,#1980);
#1549=LINE('',#7389,#1981);
#1550=LINE('',#7390,#1982);
#1551=LINE('',#7392,#1983);
#1552=LINE('',#7393,#1984);
#1553=LINE('',#7397,#1985);
#1554=LINE('',#7399,#1986);
#1555=LINE('',#7401,#1987);
#1556=LINE('',#7402,#1988);
#1557=LINE('',#7407,#1989);
#1558=LINE('',#7411,#1990);
#1559=LINE('',#7413,#1991);
#1560=LINE('',#7414,#1992);
#1561=LINE('',#7422,#1993);
#1562=LINE('',#7427,#1994);
#1563=LINE('',#7429,#1995);
#1564=LINE('',#7431,#1996);
#1565=LINE('',#7432,#1997);
#1566=LINE('',#7437,#1998);
#1567=LINE('',#7441,#1999);
#1568=LINE('',#7443,#2000);
#1569=LINE('',#7444,#2001);
#1570=LINE('',#7452,#2002);
#1571=LINE('',#7457,#2003);
#1572=LINE('',#7459,#2004);
#1573=LINE('',#7461,#2005);
#1574=LINE('',#7462,#2006);
#1575=LINE('',#7467,#2007);
#1576=LINE('',#7471,#2008);
#1577=LINE('',#7473,#2009);
#1578=LINE('',#7474,#2010);
#1579=LINE('',#7482,#2011);
#1580=LINE('',#7487,#2012);
#1581=LINE('',#7489,#2013);
#1582=LINE('',#7491,#2014);
#1583=LINE('',#7492,#2015);
#1584=LINE('',#7497,#2016);
#1585=LINE('',#7501,#2017);
#1586=LINE('',#7503,#2018);
#1587=LINE('',#7504,#2019);
#1588=LINE('',#7511,#2020);
#1589=LINE('',#7513,#2021);
#1590=LINE('',#7515,#2022);
#1591=LINE('',#7516,#2023);
#1592=LINE('',#7521,#2024);
#1593=LINE('',#7525,#2025);
#1594=LINE('',#7527,#2026);
#1595=LINE('',#7528,#2027);
#1596=LINE('',#7535,#2028);
#1597=LINE('',#7537,#2029);
#1598=LINE('',#7539,#2030);
#1599=LINE('',#7540,#2031);
#1600=LINE('',#7545,#2032);
#1601=LINE('',#7549,#2033);
#1602=LINE('',#7551,#2034);
#1603=LINE('',#7552,#2035);
#1604=LINE('',#7559,#2036);
#1605=LINE('',#7561,#2037);
#1606=LINE('',#7563,#2038);
#1607=LINE('',#7564,#2039);
#1608=LINE('',#7569,#2040);
#1609=LINE('',#7573,#2041);
#1610=LINE('',#7575,#2042);
#1611=LINE('',#7576,#2043);
#1612=LINE('',#7584,#2044);
#1613=LINE('',#7590,#2045);
#1614=LINE('',#7596,#2046);
#1615=LINE('',#7602,#2047);
#1616=LINE('',#7607,#2048);
#1617=LINE('',#7609,#2049);
#1618=LINE('',#7611,#2050);
#1619=LINE('',#7612,#2051);
#1620=LINE('',#7617,#2052);
#1621=LINE('',#7621,#2053);
#1622=LINE('',#7623,#2054);
#1623=LINE('',#7624,#2055);
#1624=LINE('',#7631,#2056);
#1625=LINE('',#7633,#2057);
#1626=LINE('',#7635,#2058);
#1627=LINE('',#7636,#2059);
#1628=LINE('',#7641,#2060);
#1629=LINE('',#7645,#2061);
#1630=LINE('',#7647,#2062);
#1631=LINE('',#7648,#2063);
#1632=LINE('',#7656,#2064);
#1633=LINE('',#7661,#2065);
#1634=LINE('',#7663,#2066);
#1635=LINE('',#7665,#2067);
#1636=LINE('',#7666,#2068);
#1637=LINE('',#7671,#2069);
#1638=LINE('',#7675,#2070);
#1639=LINE('',#7677,#2071);
#1640=LINE('',#7678,#2072);
#1641=LINE('',#7686,#2073);
#1642=LINE('',#7692,#2074);
#1643=LINE('',#7697,#2075);
#1644=LINE('',#7699,#2076);
#1645=LINE('',#7701,#2077);
#1646=LINE('',#7702,#2078);
#1647=LINE('',#7707,#2079);
#1648=LINE('',#7711,#2080);
#1649=LINE('',#7713,#2081);
#1650=LINE('',#7714,#2082);
#1651=LINE('',#7722,#2083);
#1652=LINE('',#7728,#2084);
#1653=LINE('',#7734,#2085);
#1654=LINE('',#7740,#2086);
#1655=LINE('',#7746,#2087);
#1656=LINE('',#7752,#2088);
#1657=LINE('',#7758,#2089);
#1658=LINE('',#7764,#2090);
#1659=LINE('',#7770,#2091);
#1660=LINE('',#7776,#2092);
#1661=LINE('',#7782,#2093);
#1662=LINE('',#7788,#2094);
#1663=LINE('',#7794,#2095);
#1664=LINE('',#7800,#2096);
#1665=LINE('',#7806,#2097);
#1666=LINE('',#7812,#2098);
#1667=LINE('',#7818,#2099);
#1668=LINE('',#7824,#2100);
#1669=LINE('',#7830,#2101);
#1670=LINE('',#7836,#2102);
#1671=LINE('',#7842,#2103);
#1672=LINE('',#7848,#2104);
#1673=LINE('',#7854,#2105);
#1674=LINE('',#7860,#2106);
#1675=LINE('',#7866,#2107);
#1676=LINE('',#7872,#2108);
#1677=LINE('',#7878,#2109);
#1678=LINE('',#7884,#2110);
#1679=LINE('',#7890,#2111);
#1680=LINE('',#7896,#2112);
#1681=LINE('',#7902,#2113);
#1682=LINE('',#7908,#2114);
#1683=LINE('',#7914,#2115);
#1684=LINE('',#7920,#2116);
#1685=LINE('',#7926,#2117);
#1686=LINE('',#7932,#2118);
#1687=LINE('',#7938,#2119);
#1688=LINE('',#7944,#2120);
#1689=LINE('',#7950,#2121);
#1690=LINE('',#7956,#2122);
#1691=LINE('',#7962,#2123);
#1692=LINE('',#7968,#2124);
#1693=LINE('',#7974,#2125);
#1694=LINE('',#7980,#2126);
#1695=LINE('',#7986,#2127);
#1696=LINE('',#7992,#2128);
#1697=LINE('',#7998,#2129);
#1698=LINE('',#8004,#2130);
#1699=LINE('',#8010,#2131);
#1700=LINE('',#8016,#2132);
#1701=LINE('',#8022,#2133);
#1702=LINE('',#8028,#2134);
#1703=LINE('',#8034,#2135);
#1704=LINE('',#8040,#2136);
#1705=LINE('',#8046,#2137);
#1706=LINE('',#8052,#2138);
#1707=LINE('',#8058,#2139);
#1708=LINE('',#8064,#2140);
#1709=LINE('',#8070,#2141);
#1710=LINE('',#8076,#2142);
#1711=LINE('',#8082,#2143);
#1712=LINE('',#8088,#2144);
#1713=LINE('',#8094,#2145);
#1714=LINE('',#8100,#2146);
#1715=LINE('',#8106,#2147);
#1716=LINE('',#8112,#2148);
#1717=LINE('',#8118,#2149);
#1718=LINE('',#8124,#2150);
#1719=LINE('',#8130,#2151);
#1720=LINE('',#8136,#2152);
#1721=LINE('',#8142,#2153);
#1722=LINE('',#8148,#2154);
#1723=LINE('',#8154,#2155);
#1724=LINE('',#8160,#2156);
#1725=LINE('',#8166,#2157);
#1726=LINE('',#8172,#2158);
#1727=LINE('',#8178,#2159);
#1728=LINE('',#8184,#2160);
#1729=LINE('',#8190,#2161);
#1730=LINE('',#8196,#2162);
#1731=LINE('',#8202,#2163);
#1732=LINE('',#8208,#2164);
#1733=LINE('',#8214,#2165);
#1734=LINE('',#8220,#2166);
#1735=LINE('',#8226,#2167);
#1736=LINE('',#8232,#2168);
#1737=LINE('',#8238,#2169);
#1738=LINE('',#8244,#2170);
#1739=LINE('',#8250,#2171);
#1740=LINE('',#8256,#2172);
#1741=LINE('',#8262,#2173);
#1742=LINE('',#8268,#2174);
#1743=LINE('',#8274,#2175);
#1744=LINE('',#8280,#2176);
#1745=VECTOR('',#5519,1.);
#1746=VECTOR('',#5520,1.00000000000023);
#1747=VECTOR('',#5521,1.);
#1748=VECTOR('',#5522,1.00000000000023);
#1749=VECTOR('',#5525,0.999999999999978);
#1750=VECTOR('',#5526,1.);
#1751=VECTOR('',#5527,0.999999999999978);
#1752=VECTOR('',#5530,1.00000000000029);
#1753=VECTOR('',#5531,1.);
#1754=VECTOR('',#5532,1.00000000000029);
#1755=VECTOR('',#5535,0.999999999999813);
#1756=VECTOR('',#5536,1.);
#1757=VECTOR('',#5537,0.999999999999813);
#1758=VECTOR('',#5540,0.99999999999993);
#1759=VECTOR('',#5541,1.);
#1760=VECTOR('',#5542,0.99999999999993);
#1761=VECTOR('',#5545,0.99999999999993);
#1762=VECTOR('',#5546,1.);
#1763=VECTOR('',#5547,0.99999999999993);
#1764=VECTOR('',#5550,0.999999999999813);
#1765=VECTOR('',#5551,1.);
#1766=VECTOR('',#5552,0.999999999999813);
#1767=VECTOR('',#5555,1.00000000000029);
#1768=VECTOR('',#5556,1.);
#1769=VECTOR('',#5557,1.00000000000029);
#1770=VECTOR('',#5560,0.999999999999978);
#1771=VECTOR('',#5561,1.);
#1772=VECTOR('',#5562,0.999999999999978);
#1773=VECTOR('',#5565,1.00000000000036);
#1774=VECTOR('',#5566,1.);
#1775=VECTOR('',#5567,1.00000000000036);
#1776=VECTOR('',#5570,1.00000000000015);
#1777=VECTOR('',#5571,1.);
#1778=VECTOR('',#5572,1.00000000000015);
#1779=VECTOR('',#5575,1.00000000000023);
#1780=VECTOR('',#5576,1.);
#1781=VECTOR('',#5577,1.00000000000023);
#1782=VECTOR('',#5580,0.999999999999978);
#1783=VECTOR('',#5581,1.);
#1784=VECTOR('',#5582,0.999999999999978);
#1785=VECTOR('',#5585,1.00000000000029);
#1786=VECTOR('',#5586,1.);
#1787=VECTOR('',#5587,1.00000000000029);
#1788=VECTOR('',#5590,1.00000000000034);
#1789=VECTOR('',#5591,1.);
#1790=VECTOR('',#5592,1.00000000000034);
#1791=VECTOR('',#5595,0.99999999999993);
#1792=VECTOR('',#5596,1.);
#1793=VECTOR('',#5597,0.99999999999993);
#1794=VECTOR('',#5600,0.99999999999993);
#1795=VECTOR('',#5601,1.);
#1796=VECTOR('',#5602,0.99999999999993);
#1797=VECTOR('',#5605,0.999999999999813);
#1798=VECTOR('',#5606,1.);
#1799=VECTOR('',#5607,0.999999999999813);
#1800=VECTOR('',#5610,1.00000000000029);
#1801=VECTOR('',#5611,1.);
#1802=VECTOR('',#5612,1.00000000000029);
#1803=VECTOR('',#5615,0.999999999999978);
#1804=VECTOR('',#5616,1.);
#1805=VECTOR('',#5617,0.999999999999978);
#1806=VECTOR('',#5620,0.999999999999899);
#1807=VECTOR('',#5621,1.);
#1808=VECTOR('',#5622,0.999999999999899);
#1809=VECTOR('',#5625,1.00000000000037);
#1810=VECTOR('',#5626,1.);
#1811=VECTOR('',#5627,1.00000000000037);
#1812=VECTOR('',#5630,1.00000000000011);
#1813=VECTOR('',#5631,1.);
#1814=VECTOR('',#5632,1.00000000000011);
#1815=VECTOR('',#5635,0.99999999999949);
#1816=VECTOR('',#5636,1.);
#1817=VECTOR('',#5637,0.99999999999949);
#1818=VECTOR('',#5640,0.999999999999629);
#1819=VECTOR('',#5641,1.);
#1820=VECTOR('',#5642,0.999999999999629);
#1821=VECTOR('',#5645,0.999999999999806);
#1822=VECTOR('',#5646,1.);
#1823=VECTOR('',#5647,0.999999999999806);
#1824=VECTOR('',#5650,0.999999999999806);
#1825=VECTOR('',#5651,1.);
#1826=VECTOR('',#5652,0.999999999999806);
#1827=VECTOR('',#5655,1.00000000000051);
#1828=VECTOR('',#5656,1.);
#1829=VECTOR('',#5657,1.00000000000051);
#1830=VECTOR('',#5660,0.99999999999949);
#1831=VECTOR('',#5661,1.);
#1832=VECTOR('',#5662,0.99999999999949);
#1833=VECTOR('',#5665,1.00000000000009);
#1834=VECTOR('',#5666,1.);
#1835=VECTOR('',#5667,1.00000000000009);
#1836=VECTOR('',#5670,0.999999999999521);
#1837=VECTOR('',#5671,1.);
#1838=VECTOR('',#5672,0.999999999999521);
#1839=VECTOR('',#5675,1.00000000000012);
#1840=VECTOR('',#5676,1.);
#1841=VECTOR('',#5677,1.00000000000012);
#1842=VECTOR('',#5680,0.99999999999949);
#1843=VECTOR('',#5681,1.);
#1844=VECTOR('',#5682,0.99999999999949);
#1845=VECTOR('',#5685,1.00000000000051);
#1846=VECTOR('',#5686,1.);
#1847=VECTOR('',#5687,1.00000000000051);
#1848=VECTOR('',#5690,1.00000000000044);
#1849=VECTOR('',#5691,1.);
#1850=VECTOR('',#5692,1.00000000000044);
#1851=VECTOR('',#5695,0.999999999999806);
#1852=VECTOR('',#5696,1.);
#1853=VECTOR('',#5697,0.999999999999806);
#1854=VECTOR('',#5700,0.999999999999629);
#1855=VECTOR('',#5701,1.);
#1856=VECTOR('',#5702,0.999999999999629);
#1857=VECTOR('',#5705,0.99999999999949);
#1858=VECTOR('',#5706,1.);
#1859=VECTOR('',#5707,0.99999999999949);
#1860=VECTOR('',#5710,1.00000000000007);
#1861=VECTOR('',#5711,1.);
#1862=VECTOR('',#5712,1.00000000000007);
#1863=VECTOR('',#5715,1.00000000000011);
#1864=VECTOR('',#5716,1.);
#1865=VECTOR('',#5717,1.00000000000011);
#1866=VECTOR('',#5720,1.00000000000011);
#1867=VECTOR('',#5721,1.);
#1868=VECTOR('',#5722,1.00000000000011);
#1869=VECTOR('',#5725,0.99999999999949);
#1870=VECTOR('',#5726,1.);
#1871=VECTOR('',#5727,0.99999999999949);
#1872=VECTOR('',#5730,0.999999999999629);
#1873=VECTOR('',#5731,1.);
#1874=VECTOR('',#5732,0.999999999999629);
#1875=VECTOR('',#5735,0.999999999999806);
#1876=VECTOR('',#5736,1.);
#1877=VECTOR('',#5737,0.999999999999806);
#1878=VECTOR('',#5740,0.999999999999806);
#1879=VECTOR('',#5741,1.);
#1880=VECTOR('',#5742,0.999999999999806);
#1881=VECTOR('',#5745,1.00000000000051);
#1882=VECTOR('',#5746,1.);
#1883=VECTOR('',#5747,1.00000000000051);
#1884=VECTOR('',#5750,0.99999999999949);
#1885=VECTOR('',#5751,1.);
#1886=VECTOR('',#5752,0.99999999999949);
#1887=VECTOR('',#5755,1.00000000000008);
#1888=VECTOR('',#5756,1.);
#1889=VECTOR('',#5757,1.00000000000008);
#1890=VECTOR('',#5760,0.999999999999521);
#1891=VECTOR('',#5761,1.);
#1892=VECTOR('',#5762,0.999999999999521);
#1893=VECTOR('',#5765,1.00000000000013);
#1894=VECTOR('',#5766,1.);
#1895=VECTOR('',#5767,1.00000000000013);
#1896=VECTOR('',#5770,0.99999999999949);
#1897=VECTOR('',#5771,1.);
#1898=VECTOR('',#5772,0.99999999999949);
#1899=VECTOR('',#5775,0.999999999999629);
#1900=VECTOR('',#5776,1.);
#1901=VECTOR('',#5777,0.999999999999629);
#1902=VECTOR('',#5780,0.999999999999806);
#1903=VECTOR('',#5781,1.);
#1904=VECTOR('',#5782,0.999999999999806);
#1905=VECTOR('',#5785,0.999999999999806);
#1906=VECTOR('',#5786,1.);
#1907=VECTOR('',#5787,0.999999999999806);
#1908=VECTOR('',#5790,0.999999999999629);
#1909=VECTOR('',#5791,1.);
#1910=VECTOR('',#5792,0.999999999999629);
#1911=VECTOR('',#5795,0.99999999999949);
#1912=VECTOR('',#5796,1.);
#1913=VECTOR('',#5797,0.99999999999949);
#1914=VECTOR('',#5800,1.00000000000009);
#1915=VECTOR('',#5801,1.);
#1916=VECTOR('',#5802,1.00000000000009);
#1917=VECTOR('',#5805,1.00000000000019);
#1918=VECTOR('',#5806,1.);
#1919=VECTOR('',#5807,1.00000000000019);
#1920=VECTOR('',#5810,1.00000000000023);
#1921=VECTOR('',#5811,1.);
#1922=VECTOR('',#5812,1.00000000000023);
#1923=VECTOR('',#5815,0.999999999999978);
#1924=VECTOR('',#5816,1.);
#1925=VECTOR('',#5817,0.999999999999978);
#1926=VECTOR('',#5820,1.00000000000029);
#1927=VECTOR('',#5821,1.);
#1928=VECTOR('',#5822,1.00000000000029);
#1929=VECTOR('',#5825,0.999999999999813);
#1930=VECTOR('',#5826,1.);
#1931=VECTOR('',#5827,0.999999999999813);
#1932=VECTOR('',#5830,0.99999999999993);
#1933=VECTOR('',#5831,1.);
#1934=VECTOR('',#5832,0.99999999999993);
#1935=VECTOR('',#5835,0.99999999999993);
#1936=VECTOR('',#5836,1.);
#1937=VECTOR('',#5837,0.99999999999993);
#1938=VECTOR('',#5840,1.00000000000034);
#1939=VECTOR('',#5841,1.);
#1940=VECTOR('',#5842,1.00000000000034);
#1941=VECTOR('',#5845,1.00000000000029);
#1942=VECTOR('',#5846,1.);
#1943=VECTOR('',#5847,1.00000000000029);
#1944=VECTOR('',#5850,0.999999999999978);
#1945=VECTOR('',#5851,1.);
#1946=VECTOR('',#5852,0.999999999999978);
#1947=VECTOR('',#5855,0.999999999999899);
#1948=VECTOR('',#5856,1.);
#1949=VECTOR('',#5857,0.999999999999899);
#1950=VECTOR('',#5860,0.999999999999599);
#1951=VECTOR('',#5861,1.);
#1952=VECTOR('',#5862,0.999999999999599);
#1953=VECTOR('',#5865,1.00000000000024);
#1954=VECTOR('',#5866,1.);
#1955=VECTOR('',#5867,1.00000000000024);
#1956=VECTOR('',#5870,0.999999999999978);
#1957=VECTOR('',#5871,1.);
#1958=VECTOR('',#5872,0.999999999999978);
#1959=VECTOR('',#5875,1.00000000000029);
#1960=VECTOR('',#5876,1.);
#1961=VECTOR('',#5877,1.00000000000029);
#1962=VECTOR('',#5880,0.999999999999813);
#1963=VECTOR('',#5881,1.);
#1964=VECTOR('',#5882,0.999999999999813);
#1965=VECTOR('',#5885,0.99999999999993);
#1966=VECTOR('',#5886,1.);
#1967=VECTOR('',#5887,0.99999999999993);
#1968=VECTOR('',#5890,0.99999999999993);
#1969=VECTOR('',#5891,1.);
#1970=VECTOR('',#5892,0.99999999999993);
#1971=VECTOR('',#5895,0.999999999999813);
#1972=VECTOR('',#5896,1.);
#1973=VECTOR('',#5897,0.999999999999813);
#1974=VECTOR('',#5900,1.00000000000029);
#1975=VECTOR('',#5901,1.);
#1976=VECTOR('',#5902,1.00000000000029);
#1977=VECTOR('',#5905,0.999999999999978);
#1978=VECTOR('',#5906,1.);
#1979=VECTOR('',#5907,0.999999999999978);
#1980=VECTOR('',#5910,1.00000000000036);
#1981=VECTOR('',#5911,1.);
#1982=VECTOR('',#5912,1.00000000000036);
#1983=VECTOR('',#5915,1.00000000000021);
#1984=VECTOR('',#5916,1.00000000000021);
#1985=VECTOR('',#5919,1.);
#1986=VECTOR('',#5920,1.);
#1987=VECTOR('',#5921,1.);
#1988=VECTOR('',#5922,1.);
#1989=VECTOR('',#5927,1.);
#1990=VECTOR('',#5932,1.);
#1991=VECTOR('',#5933,1.);
#1992=VECTOR('',#5934,1.);
#1993=VECTOR('',#5945,1.49999954);
#1994=VECTOR('',#5950,1.);
#1995=VECTOR('',#5951,1.);
#1996=VECTOR('',#5952,1.);
#1997=VECTOR('',#5953,1.);
#1998=VECTOR('',#5958,1.);
#1999=VECTOR('',#5963,1.);
#2000=VECTOR('',#5964,1.);
#2001=VECTOR('',#5965,1.);
#2002=VECTOR('',#5976,0.381);
#2003=VECTOR('',#5981,1.);
#2004=VECTOR('',#5982,1.);
#2005=VECTOR('',#5983,1.);
#2006=VECTOR('',#5984,1.);
#2007=VECTOR('',#5989,1.);
#2008=VECTOR('',#5994,1.);
#2009=VECTOR('',#5995,1.);
#2010=VECTOR('',#5996,1.);
#2011=VECTOR('',#6007,0.381);
#2012=VECTOR('',#6012,1.);
#2013=VECTOR('',#6013,1.);
#2014=VECTOR('',#6014,1.);
#2015=VECTOR('',#6015,1.);
#2016=VECTOR('',#6020,1.);
#2017=VECTOR('',#6025,1.);
#2018=VECTOR('',#6026,1.);
#2019=VECTOR('',#6027,1.);
#2020=VECTOR('',#6036,1.);
#2021=VECTOR('',#6037,1.);
#2022=VECTOR('',#6038,1.);
#2023=VECTOR('',#6039,1.);
#2024=VECTOR('',#6044,1.);
#2025=VECTOR('',#6049,1.);
#2026=VECTOR('',#6050,1.);
#2027=VECTOR('',#6051,1.);
#2028=VECTOR('',#6060,1.);
#2029=VECTOR('',#6061,1.);
#2030=VECTOR('',#6062,1.);
#2031=VECTOR('',#6063,1.);
#2032=VECTOR('',#6068,1.);
#2033=VECTOR('',#6073,1.);
#2034=VECTOR('',#6074,1.);
#2035=VECTOR('',#6075,1.);
#2036=VECTOR('',#6084,1.);
#2037=VECTOR('',#6085,1.);
#2038=VECTOR('',#6086,1.);
#2039=VECTOR('',#6087,1.);
#2040=VECTOR('',#6092,1.);
#2041=VECTOR('',#6097,1.);
#2042=VECTOR('',#6098,1.);
#2043=VECTOR('',#6099,1.);
#2044=VECTOR('',#6110,0.4445);
#2045=VECTOR('',#6117,0.4445);
#2046=VECTOR('',#6124,0.499999);
#2047=VECTOR('',#6131,0.499999);
#2048=VECTOR('',#6136,1.);
#2049=VECTOR('',#6137,1.);
#2050=VECTOR('',#6138,1.);
#2051=VECTOR('',#6139,1.);
#2052=VECTOR('',#6144,1.);
#2053=VECTOR('',#6149,1.);
#2054=VECTOR('',#6150,1.);
#2055=VECTOR('',#6151,1.);
#2056=VECTOR('',#6160,1.);
#2057=VECTOR('',#6161,1.);
#2058=VECTOR('',#6162,1.);
#2059=VECTOR('',#6163,1.);
#2060=VECTOR('',#6168,1.);
#2061=VECTOR('',#6173,1.);
#2062=VECTOR('',#6174,1.);
#2063=VECTOR('',#6175,1.);
#2064=VECTOR('',#6186,0.381);
#2065=VECTOR('',#6191,1.);
#2066=VECTOR('',#6192,1.);
#2067=VECTOR('',#6193,1.);
#2068=VECTOR('',#6194,1.);
#2069=VECTOR('',#6199,1.);
#2070=VECTOR('',#6204,1.);
#2071=VECTOR('',#6205,1.);
#2072=VECTOR('',#6206,1.);
#2073=VECTOR('',#6217,1.49999954);
#2074=VECTOR('',#6224,0.381);
#2075=VECTOR('',#6229,1.);
#2076=VECTOR('',#6230,1.);
#2077=VECTOR('',#6231,1.);
#2078=VECTOR('',#6232,1.);
#2079=VECTOR('',#6237,1.);
#2080=VECTOR('',#6242,1.);
#2081=VECTOR('',#6243,1.);
#2082=VECTOR('',#6244,1.);
#2083=VECTOR('',#6255,0.4445);
#2084=VECTOR('',#6262,0.4445);
#2085=VECTOR('',#6269,0.4445);
#2086=VECTOR('',#6276,0.4445);
#2087=VECTOR('',#6283,0.4445);
#2088=VECTOR('',#6290,0.4445);
#2089=VECTOR('',#6297,0.4445);
#2090=VECTOR('',#6304,0.499999);
#2091=VECTOR('',#6311,0.499999);
#2092=VECTOR('',#6318,0.499999);
#2093=VECTOR('',#6325,0.499999);
#2094=VECTOR('',#6332,0.4445);
#2095=VECTOR('',#6339,0.4445);
#2096=VECTOR('',#6346,0.4445);
#2097=VECTOR('',#6353,0.4445);
#2098=VECTOR('',#6360,1.49999954);
#2099=VECTOR('',#6367,0.4445);
#2100=VECTOR('',#6374,0.4445);
#2101=VECTOR('',#6381,0.4445);
#2102=VECTOR('',#6388,0.4445);
#2103=VECTOR('',#6395,0.4445);
#2104=VECTOR('',#6402,0.4445);
#2105=VECTOR('',#6409,0.4445);
#2106=VECTOR('',#6416,0.4445);
#2107=VECTOR('',#6423,0.4445);
#2108=VECTOR('',#6430,0.4445);
#2109=VECTOR('',#6437,0.4445);
#2110=VECTOR('',#6444,0.4445);
#2111=VECTOR('',#6451,0.4445);
#2112=VECTOR('',#6458,0.4445);
#2113=VECTOR('',#6465,0.4445);
#2114=VECTOR('',#6472,0.4445);
#2115=VECTOR('',#6479,0.4445);
#2116=VECTOR('',#6486,0.4445);
#2117=VECTOR('',#6493,0.4445);
#2118=VECTOR('',#6500,1.49999954);
#2119=VECTOR('',#6507,0.4445);
#2120=VECTOR('',#6514,0.4445);
#2121=VECTOR('',#6521,0.4445);
#2122=VECTOR('',#6528,0.4445);
#2123=VECTOR('',#6535,0.4445);
#2124=VECTOR('',#6542,0.4445);
#2125=VECTOR('',#6549,0.4445);
#2126=VECTOR('',#6556,0.4445);
#2127=VECTOR('',#6563,0.4445);
#2128=VECTOR('',#6570,0.4445);
#2129=VECTOR('',#6577,0.4445);
#2130=VECTOR('',#6584,0.4445);
#2131=VECTOR('',#6591,0.4445);
#2132=VECTOR('',#6598,0.4445);
#2133=VECTOR('',#6605,0.4445);
#2134=VECTOR('',#6612,0.4445);
#2135=VECTOR('',#6619,0.4445);
#2136=VECTOR('',#6626,0.4445);
#2137=VECTOR('',#6633,0.4445);
#2138=VECTOR('',#6640,0.4445);
#2139=VECTOR('',#6647,0.4445);
#2140=VECTOR('',#6654,0.4445);
#2141=VECTOR('',#6661,0.4445);
#2142=VECTOR('',#6668,0.4445);
#2143=VECTOR('',#6675,0.4445);
#2144=VECTOR('',#6682,0.4445);
#2145=VECTOR('',#6689,0.4445);
#2146=VECTOR('',#6696,0.4445);
#2147=VECTOR('',#6703,0.4445);
#2148=VECTOR('',#6710,0.4445);
#2149=VECTOR('',#6717,0.4445);
#2150=VECTOR('',#6724,0.4445);
#2151=VECTOR('',#6731,0.4445);
#2152=VECTOR('',#6738,0.4445);
#2153=VECTOR('',#6745,0.4445);
#2154=VECTOR('',#6752,0.4445);
#2155=VECTOR('',#6759,0.4445);
#2156=VECTOR('',#6766,0.4445);
#2157=VECTOR('',#6773,0.4445);
#2158=VECTOR('',#6780,0.4445);
#2159=VECTOR('',#6787,0.4445);
#2160=VECTOR('',#6794,0.4445);
#2161=VECTOR('',#6801,0.4445);
#2162=VECTOR('',#6808,0.4445);
#2163=VECTOR('',#6815,0.4445);
#2164=VECTOR('',#6822,0.4445);
#2165=VECTOR('',#6829,0.4445);
#2166=VECTOR('',#6836,0.4445);
#2167=VECTOR('',#6843,0.4445);
#2168=VECTOR('',#6850,0.4445);
#2169=VECTOR('',#6857,0.4445);
#2170=VECTOR('',#6864,0.4445);
#2171=VECTOR('',#6871,0.4445);
#2172=VECTOR('',#6878,0.4445);
#2173=VECTOR('',#6885,0.4445);
#2174=VECTOR('',#6892,0.4445);
#2175=VECTOR('',#6899,0.4445);
#2176=VECTOR('',#6906,0.4445);
#2177=VERTEX_POINT('',#6915);
#2178=VERTEX_POINT('',#6916);
#2179=VERTEX_POINT('',#6918);
#2180=VERTEX_POINT('',#6920);
#2181=VERTEX_POINT('',#6924);
#2182=VERTEX_POINT('',#6926);
#2183=VERTEX_POINT('',#6930);
#2184=VERTEX_POINT('',#6932);
#2185=VERTEX_POINT('',#6936);
#2186=VERTEX_POINT('',#6938);
#2187=VERTEX_POINT('',#6942);
#2188=VERTEX_POINT('',#6944);
#2189=VERTEX_POINT('',#6948);
#2190=VERTEX_POINT('',#6950);
#2191=VERTEX_POINT('',#6954);
#2192=VERTEX_POINT('',#6956);
#2193=VERTEX_POINT('',#6960);
#2194=VERTEX_POINT('',#6962);
#2195=VERTEX_POINT('',#6966);
#2196=VERTEX_POINT('',#6968);
#2197=VERTEX_POINT('',#6972);
#2198=VERTEX_POINT('',#6974);
#2199=VERTEX_POINT('',#6978);
#2200=VERTEX_POINT('',#6980);
#2201=VERTEX_POINT('',#6984);
#2202=VERTEX_POINT('',#6986);
#2203=VERTEX_POINT('',#6990);
#2204=VERTEX_POINT('',#6992);
#2205=VERTEX_POINT('',#6996);
#2206=VERTEX_POINT('',#6998);
#2207=VERTEX_POINT('',#7002);
#2208=VERTEX_POINT('',#7004);
#2209=VERTEX_POINT('',#7008);
#2210=VERTEX_POINT('',#7010);
#2211=VERTEX_POINT('',#7014);
#2212=VERTEX_POINT('',#7016);
#2213=VERTEX_POINT('',#7020);
#2214=VERTEX_POINT('',#7022);
#2215=VERTEX_POINT('',#7026);
#2216=VERTEX_POINT('',#7028);
#2217=VERTEX_POINT('',#7032);
#2218=VERTEX_POINT('',#7034);
#2219=VERTEX_POINT('',#7038);
#2220=VERTEX_POINT('',#7040);
#2221=VERTEX_POINT('',#7044);
#2222=VERTEX_POINT('',#7046);
#2223=VERTEX_POINT('',#7050);
#2224=VERTEX_POINT('',#7052);
#2225=VERTEX_POINT('',#7056);
#2226=VERTEX_POINT('',#7058);
#2227=VERTEX_POINT('',#7062);
#2228=VERTEX_POINT('',#7064);
#2229=VERTEX_POINT('',#7068);
#2230=VERTEX_POINT('',#7070);
#2231=VERTEX_POINT('',#7074);
#2232=VERTEX_POINT('',#7076);
#2233=VERTEX_POINT('',#7080);
#2234=VERTEX_POINT('',#7082);
#2235=VERTEX_POINT('',#7086);
#2236=VERTEX_POINT('',#7088);
#2237=VERTEX_POINT('',#7092);
#2238=VERTEX_POINT('',#7094);
#2239=VERTEX_POINT('',#7098);
#2240=VERTEX_POINT('',#7100);
#2241=VERTEX_POINT('',#7104);
#2242=VERTEX_POINT('',#7106);
#2243=VERTEX_POINT('',#7110);
#2244=VERTEX_POINT('',#7112);
#2245=VERTEX_POINT('',#7116);
#2246=VERTEX_POINT('',#7118);
#2247=VERTEX_POINT('',#7122);
#2248=VERTEX_POINT('',#7124);
#2249=VERTEX_POINT('',#7128);
#2250=VERTEX_POINT('',#7130);
#2251=VERTEX_POINT('',#7134);
#2252=VERTEX_POINT('',#7136);
#2253=VERTEX_POINT('',#7140);
#2254=VERTEX_POINT('',#7142);
#2255=VERTEX_POINT('',#7146);
#2256=VERTEX_POINT('',#7148);
#2257=VERTEX_POINT('',#7152);
#2258=VERTEX_POINT('',#7154);
#2259=VERTEX_POINT('',#7158);
#2260=VERTEX_POINT('',#7160);
#2261=VERTEX_POINT('',#7164);
#2262=VERTEX_POINT('',#7166);
#2263=VERTEX_POINT('',#7170);
#2264=VERTEX_POINT('',#7172);
#2265=VERTEX_POINT('',#7176);
#2266=VERTEX_POINT('',#7178);
#2267=VERTEX_POINT('',#7182);
#2268=VERTEX_POINT('',#7184);
#2269=VERTEX_POINT('',#7188);
#2270=VERTEX_POINT('',#7190);
#2271=VERTEX_POINT('',#7194);
#2272=VERTEX_POINT('',#7196);
#2273=VERTEX_POINT('',#7200);
#2274=VERTEX_POINT('',#7202);
#2275=VERTEX_POINT('',#7206);
#2276=VERTEX_POINT('',#7208);
#2277=VERTEX_POINT('',#7212);
#2278=VERTEX_POINT('',#7214);
#2279=VERTEX_POINT('',#7218);
#2280=VERTEX_POINT('',#7220);
#2281=VERTEX_POINT('',#7224);
#2282=VERTEX_POINT('',#7226);
#2283=VERTEX_POINT('',#7230);
#2284=VERTEX_POINT('',#7232);
#2285=VERTEX_POINT('',#7236);
#2286=VERTEX_POINT('',#7238);
#2287=VERTEX_POINT('',#7242);
#2288=VERTEX_POINT('',#7244);
#2289=VERTEX_POINT('',#7248);
#2290=VERTEX_POINT('',#7250);
#2291=VERTEX_POINT('',#7254);
#2292=VERTEX_POINT('',#7256);
#2293=VERTEX_POINT('',#7260);
#2294=VERTEX_POINT('',#7262);
#2295=VERTEX_POINT('',#7266);
#2296=VERTEX_POINT('',#7268);
#2297=VERTEX_POINT('',#7272);
#2298=VERTEX_POINT('',#7274);
#2299=VERTEX_POINT('',#7278);
#2300=VERTEX_POINT('',#7280);
#2301=VERTEX_POINT('',#7284);
#2302=VERTEX_POINT('',#7286);
#2303=VERTEX_POINT('',#7290);
#2304=VERTEX_POINT('',#7292);
#2305=VERTEX_POINT('',#7296);
#2306=VERTEX_POINT('',#7298);
#2307=VERTEX_POINT('',#7302);
#2308=VERTEX_POINT('',#7304);
#2309=VERTEX_POINT('',#7308);
#2310=VERTEX_POINT('',#7310);
#2311=VERTEX_POINT('',#7314);
#2312=VERTEX_POINT('',#7316);
#2313=VERTEX_POINT('',#7320);
#2314=VERTEX_POINT('',#7322);
#2315=VERTEX_POINT('',#7326);
#2316=VERTEX_POINT('',#7328);
#2317=VERTEX_POINT('',#7332);
#2318=VERTEX_POINT('',#7334);
#2319=VERTEX_POINT('',#7338);
#2320=VERTEX_POINT('',#7340);
#2321=VERTEX_POINT('',#7344);
#2322=VERTEX_POINT('',#7346);
#2323=VERTEX_POINT('',#7350);
#2324=VERTEX_POINT('',#7352);
#2325=VERTEX_POINT('',#7356);
#2326=VERTEX_POINT('',#7358);
#2327=VERTEX_POINT('',#7362);
#2328=VERTEX_POINT('',#7364);
#2329=VERTEX_POINT('',#7368);
#2330=VERTEX_POINT('',#7370);
#2331=VERTEX_POINT('',#7374);
#2332=VERTEX_POINT('',#7376);
#2333=VERTEX_POINT('',#7380);
#2334=VERTEX_POINT('',#7382);
#2335=VERTEX_POINT('',#7386);
#2336=VERTEX_POINT('',#7388);
#2337=VERTEX_POINT('',#7395);
#2338=VERTEX_POINT('',#7396);
#2339=VERTEX_POINT('',#7398);
#2340=VERTEX_POINT('',#7400);
#2341=VERTEX_POINT('',#7404);
#2342=VERTEX_POINT('',#7406);
#2343=VERTEX_POINT('',#7410);
#2344=VERTEX_POINT('',#7412);
#2345=VERTEX_POINT('',#7419);
#2346=VERTEX_POINT('',#7421);
#2347=VERTEX_POINT('',#7425);
#2348=VERTEX_POINT('',#7426);
#2349=VERTEX_POINT('',#7428);
#2350=VERTEX_POINT('',#7430);
#2351=VERTEX_POINT('',#7434);
#2352=VERTEX_POINT('',#7436);
#2353=VERTEX_POINT('',#7440);
#2354=VERTEX_POINT('',#7442);
#2355=VERTEX_POINT('',#7449);
#2356=VERTEX_POINT('',#7451);
#2357=VERTEX_POINT('',#7455);
#2358=VERTEX_POINT('',#7456);
#2359=VERTEX_POINT('',#7458);
#2360=VERTEX_POINT('',#7460);
#2361=VERTEX_POINT('',#7464);
#2362=VERTEX_POINT('',#7466);
#2363=VERTEX_POINT('',#7470);
#2364=VERTEX_POINT('',#7472);
#2365=VERTEX_POINT('',#7479);
#2366=VERTEX_POINT('',#7481);
#2367=VERTEX_POINT('',#7485);
#2368=VERTEX_POINT('',#7486);
#2369=VERTEX_POINT('',#7488);
#2370=VERTEX_POINT('',#7490);
#2371=VERTEX_POINT('',#7494);
#2372=VERTEX_POINT('',#7496);
#2373=VERTEX_POINT('',#7500);
#2374=VERTEX_POINT('',#7502);
#2375=VERTEX_POINT('',#7509);
#2376=VERTEX_POINT('',#7510);
#2377=VERTEX_POINT('',#7512);
#2378=VERTEX_POINT('',#7514);
#2379=VERTEX_POINT('',#7518);
#2380=VERTEX_POINT('',#7520);
#2381=VERTEX_POINT('',#7524);
#2382=VERTEX_POINT('',#7526);
#2383=VERTEX_POINT('',#7533);
#2384=VERTEX_POINT('',#7534);
#2385=VERTEX_POINT('',#7536);
#2386=VERTEX_POINT('',#7538);
#2387=VERTEX_POINT('',#7542);
#2388=VERTEX_POINT('',#7544);
#2389=VERTEX_POINT('',#7548);
#2390=VERTEX_POINT('',#7550);
#2391=VERTEX_POINT('',#7557);
#2392=VERTEX_POINT('',#7558);
#2393=VERTEX_POINT('',#7560);
#2394=VERTEX_POINT('',#7562);
#2395=VERTEX_POINT('',#7566);
#2396=VERTEX_POINT('',#7568);
#2397=VERTEX_POINT('',#7572);
#2398=VERTEX_POINT('',#7574);
#2399=VERTEX_POINT('',#7581);
#2400=VERTEX_POINT('',#7583);
#2401=VERTEX_POINT('',#7587);
#2402=VERTEX_POINT('',#7589);
#2403=VERTEX_POINT('',#7593);
#2404=VERTEX_POINT('',#7595);
#2405=VERTEX_POINT('',#7599);
#2406=VERTEX_POINT('',#7601);
#2407=VERTEX_POINT('',#7605);
#2408=VERTEX_POINT('',#7606);
#2409=VERTEX_POINT('',#7608);
#2410=VERTEX_POINT('',#7610);
#2411=VERTEX_POINT('',#7614);
#2412=VERTEX_POINT('',#7616);
#2413=VERTEX_POINT('',#7620);
#2414=VERTEX_POINT('',#7622);
#2415=VERTEX_POINT('',#7629);
#2416=VERTEX_POINT('',#7630);
#2417=VERTEX_POINT('',#7632);
#2418=VERTEX_POINT('',#7634);
#2419=VERTEX_POINT('',#7638);
#2420=VERTEX_POINT('',#7640);
#2421=VERTEX_POINT('',#7644);
#2422=VERTEX_POINT('',#7646);
#2423=VERTEX_POINT('',#7653);
#2424=VERTEX_POINT('',#7655);
#2425=VERTEX_POINT('',#7659);
#2426=VERTEX_POINT('',#7660);
#2427=VERTEX_POINT('',#7662);
#2428=VERTEX_POINT('',#7664);
#2429=VERTEX_POINT('',#7668);
#2430=VERTEX_POINT('',#7670);
#2431=VERTEX_POINT('',#7674);
#2432=VERTEX_POINT('',#7676);
#2433=VERTEX_POINT('',#7683);
#2434=VERTEX_POINT('',#7685);
#2435=VERTEX_POINT('',#7689);
#2436=VERTEX_POINT('',#7691);
#2437=VERTEX_POINT('',#7695);
#2438=VERTEX_POINT('',#7696);
#2439=VERTEX_POINT('',#7698);
#2440=VERTEX_POINT('',#7700);
#2441=VERTEX_POINT('',#7704);
#2442=VERTEX_POINT('',#7706);
#2443=VERTEX_POINT('',#7710);
#2444=VERTEX_POINT('',#7712);
#2445=VERTEX_POINT('',#7719);
#2446=VERTEX_POINT('',#7721);
#2447=VERTEX_POINT('',#7725);
#2448=VERTEX_POINT('',#7727);
#2449=VERTEX_POINT('',#7731);
#2450=VERTEX_POINT('',#7733);
#2451=VERTEX_POINT('',#7737);
#2452=VERTEX_POINT('',#7739);
#2453=VERTEX_POINT('',#7743);
#2454=VERTEX_POINT('',#7745);
#2455=VERTEX_POINT('',#7749);
#2456=VERTEX_POINT('',#7751);
#2457=VERTEX_POINT('',#7755);
#2458=VERTEX_POINT('',#7757);
#2459=VERTEX_POINT('',#7761);
#2460=VERTEX_POINT('',#7763);
#2461=VERTEX_POINT('',#7767);
#2462=VERTEX_POINT('',#7769);
#2463=VERTEX_POINT('',#7773);
#2464=VERTEX_POINT('',#7775);
#2465=VERTEX_POINT('',#7779);
#2466=VERTEX_POINT('',#7781);
#2467=VERTEX_POINT('',#7785);
#2468=VERTEX_POINT('',#7787);
#2469=VERTEX_POINT('',#7791);
#2470=VERTEX_POINT('',#7793);
#2471=VERTEX_POINT('',#7797);
#2472=VERTEX_POINT('',#7799);
#2473=VERTEX_POINT('',#7803);
#2474=VERTEX_POINT('',#7805);
#2475=VERTEX_POINT('',#7809);
#2476=VERTEX_POINT('',#7811);
#2477=VERTEX_POINT('',#7815);
#2478=VERTEX_POINT('',#7817);
#2479=VERTEX_POINT('',#7821);
#2480=VERTEX_POINT('',#7823);
#2481=VERTEX_POINT('',#7827);
#2482=VERTEX_POINT('',#7829);
#2483=VERTEX_POINT('',#7833);
#2484=VERTEX_POINT('',#7835);
#2485=VERTEX_POINT('',#7839);
#2486=VERTEX_POINT('',#7841);
#2487=VERTEX_POINT('',#7845);
#2488=VERTEX_POINT('',#7847);
#2489=VERTEX_POINT('',#7851);
#2490=VERTEX_POINT('',#7853);
#2491=VERTEX_POINT('',#7857);
#2492=VERTEX_POINT('',#7859);
#2493=VERTEX_POINT('',#7863);
#2494=VERTEX_POINT('',#7865);
#2495=VERTEX_POINT('',#7869);
#2496=VERTEX_POINT('',#7871);
#2497=VERTEX_POINT('',#7875);
#2498=VERTEX_POINT('',#7877);
#2499=VERTEX_POINT('',#7881);
#2500=VERTEX_POINT('',#7883);
#2501=VERTEX_POINT('',#7887);
#2502=VERTEX_POINT('',#7889);
#2503=VERTEX_POINT('',#7893);
#2504=VERTEX_POINT('',#7895);
#2505=VERTEX_POINT('',#7899);
#2506=VERTEX_POINT('',#7901);
#2507=VERTEX_POINT('',#7905);
#2508=VERTEX_POINT('',#7907);
#2509=VERTEX_POINT('',#7911);
#2510=VERTEX_POINT('',#7913);
#2511=VERTEX_POINT('',#7917);
#2512=VERTEX_POINT('',#7919);
#2513=VERTEX_POINT('',#7923);
#2514=VERTEX_POINT('',#7925);
#2515=VERTEX_POINT('',#7929);
#2516=VERTEX_POINT('',#7931);
#2517=VERTEX_POINT('',#7935);
#2518=VERTEX_POINT('',#7937);
#2519=VERTEX_POINT('',#7941);
#2520=VERTEX_POINT('',#7943);
#2521=VERTEX_POINT('',#7947);
#2522=VERTEX_POINT('',#7949);
#2523=VERTEX_POINT('',#7953);
#2524=VERTEX_POINT('',#7955);
#2525=VERTEX_POINT('',#7959);
#2526=VERTEX_POINT('',#7961);
#2527=VERTEX_POINT('',#7965);
#2528=VERTEX_POINT('',#7967);
#2529=VERTEX_POINT('',#7971);
#2530=VERTEX_POINT('',#7973);
#2531=VERTEX_POINT('',#7977);
#2532=VERTEX_POINT('',#7979);
#2533=VERTEX_POINT('',#7983);
#2534=VERTEX_POINT('',#7985);
#2535=VERTEX_POINT('',#7989);
#2536=VERTEX_POINT('',#7991);
#2537=VERTEX_POINT('',#7995);
#2538=VERTEX_POINT('',#7997);
#2539=VERTEX_POINT('',#8001);
#2540=VERTEX_POINT('',#8003);
#2541=VERTEX_POINT('',#8007);
#2542=VERTEX_POINT('',#8009);
#2543=VERTEX_POINT('',#8013);
#2544=VERTEX_POINT('',#8015);
#2545=VERTEX_POINT('',#8019);
#2546=VERTEX_POINT('',#8021);
#2547=VERTEX_POINT('',#8025);
#2548=VERTEX_POINT('',#8027);
#2549=VERTEX_POINT('',#8031);
#2550=VERTEX_POINT('',#8033);
#2551=VERTEX_POINT('',#8037);
#2552=VERTEX_POINT('',#8039);
#2553=VERTEX_POINT('',#8043);
#2554=VERTEX_POINT('',#8045);
#2555=VERTEX_POINT('',#8049);
#2556=VERTEX_POINT('',#8051);
#2557=VERTEX_POINT('',#8055);
#2558=VERTEX_POINT('',#8057);
#2559=VERTEX_POINT('',#8061);
#2560=VERTEX_POINT('',#8063);
#2561=VERTEX_POINT('',#8067);
#2562=VERTEX_POINT('',#8069);
#2563=VERTEX_POINT('',#8073);
#2564=VERTEX_POINT('',#8075);
#2565=VERTEX_POINT('',#8079);
#2566=VERTEX_POINT('',#8081);
#2567=VERTEX_POINT('',#8085);
#2568=VERTEX_POINT('',#8087);
#2569=VERTEX_POINT('',#8091);
#2570=VERTEX_POINT('',#8093);
#2571=VERTEX_POINT('',#8097);
#2572=VERTEX_POINT('',#8099);
#2573=VERTEX_POINT('',#8103);
#2574=VERTEX_POINT('',#8105);
#2575=VERTEX_POINT('',#8109);
#2576=VERTEX_POINT('',#8111);
#2577=VERTEX_POINT('',#8115);
#2578=VERTEX_POINT('',#8117);
#2579=VERTEX_POINT('',#8121);
#2580=VERTEX_POINT('',#8123);
#2581=VERTEX_POINT('',#8127);
#2582=VERTEX_POINT('',#8129);
#2583=VERTEX_POINT('',#8133);
#2584=VERTEX_POINT('',#8135);
#2585=VERTEX_POINT('',#8139);
#2586=VERTEX_POINT('',#8141);
#2587=VERTEX_POINT('',#8145);
#2588=VERTEX_POINT('',#8147);
#2589=VERTEX_POINT('',#8151);
#2590=VERTEX_POINT('',#8153);
#2591=VERTEX_POINT('',#8157);
#2592=VERTEX_POINT('',#8159);
#2593=VERTEX_POINT('',#8163);
#2594=VERTEX_POINT('',#8165);
#2595=VERTEX_POINT('',#8169);
#2596=VERTEX_POINT('',#8171);
#2597=VERTEX_POINT('',#8175);
#2598=VERTEX_POINT('',#8177);
#2599=VERTEX_POINT('',#8181);
#2600=VERTEX_POINT('',#8183);
#2601=VERTEX_POINT('',#8187);
#2602=VERTEX_POINT('',#8189);
#2603=VERTEX_POINT('',#8193);
#2604=VERTEX_POINT('',#8195);
#2605=VERTEX_POINT('',#8199);
#2606=VERTEX_POINT('',#8201);
#2607=VERTEX_POINT('',#8205);
#2608=VERTEX_POINT('',#8207);
#2609=VERTEX_POINT('',#8211);
#2610=VERTEX_POINT('',#8213);
#2611=VERTEX_POINT('',#8217);
#2612=VERTEX_POINT('',#8219);
#2613=VERTEX_POINT('',#8223);
#2614=VERTEX_POINT('',#8225);
#2615=VERTEX_POINT('',#8229);
#2616=VERTEX_POINT('',#8231);
#2617=VERTEX_POINT('',#8235);
#2618=VERTEX_POINT('',#8237);
#2619=VERTEX_POINT('',#8241);
#2620=VERTEX_POINT('',#8243);
#2621=VERTEX_POINT('',#8247);
#2622=VERTEX_POINT('',#8249);
#2623=VERTEX_POINT('',#8253);
#2624=VERTEX_POINT('',#8255);
#2625=VERTEX_POINT('',#8259);
#2626=VERTEX_POINT('',#8261);
#2627=VERTEX_POINT('',#8265);
#2628=VERTEX_POINT('',#8267);
#2629=VERTEX_POINT('',#8271);
#2630=VERTEX_POINT('',#8273);
#2631=VERTEX_POINT('',#8277);
#2632=VERTEX_POINT('',#8279);
#2633=EDGE_CURVE('',#2177,#2178,#1313,.T.);
#2634=EDGE_CURVE('',#2177,#2179,#1314,.T.);
#2635=EDGE_CURVE('',#2179,#2180,#1315,.T.);
#2636=EDGE_CURVE('',#2178,#2180,#1316,.T.);
#2637=EDGE_CURVE('',#2179,#2181,#1317,.T.);
#2638=EDGE_CURVE('',#2181,#2182,#1318,.T.);
#2639=EDGE_CURVE('',#2180,#2182,#1319,.T.);
#2640=EDGE_CURVE('',#2181,#2183,#1320,.T.);
#2641=EDGE_CURVE('',#2183,#2184,#1321,.T.);
#2642=EDGE_CURVE('',#2182,#2184,#1322,.T.);
#2643=EDGE_CURVE('',#2183,#2185,#1323,.T.);
#2644=EDGE_CURVE('',#2185,#2186,#1324,.T.);
#2645=EDGE_CURVE('',#2184,#2186,#1325,.T.);
#2646=EDGE_CURVE('',#2185,#2187,#1326,.T.);
#2647=EDGE_CURVE('',#2187,#2188,#1327,.T.);
#2648=EDGE_CURVE('',#2186,#2188,#1328,.T.);
#2649=EDGE_CURVE('',#2187,#2189,#1329,.T.);
#2650=EDGE_CURVE('',#2189,#2190,#1330,.T.);
#2651=EDGE_CURVE('',#2188,#2190,#1331,.T.);
#2652=EDGE_CURVE('',#2189,#2191,#1332,.T.);
#2653=EDGE_CURVE('',#2191,#2192,#1333,.T.);
#2654=EDGE_CURVE('',#2190,#2192,#1334,.T.);
#2655=EDGE_CURVE('',#2191,#2193,#1335,.T.);
#2656=EDGE_CURVE('',#2193,#2194,#1336,.T.);
#2657=EDGE_CURVE('',#2192,#2194,#1337,.T.);
#2658=EDGE_CURVE('',#2193,#2195,#1338,.T.);
#2659=EDGE_CURVE('',#2195,#2196,#1339,.T.);
#2660=EDGE_CURVE('',#2194,#2196,#1340,.T.);
#2661=EDGE_CURVE('',#2195,#2197,#1341,.T.);
#2662=EDGE_CURVE('',#2197,#2198,#1342,.T.);
#2663=EDGE_CURVE('',#2196,#2198,#1343,.T.);
#2664=EDGE_CURVE('',#2197,#2199,#1344,.T.);
#2665=EDGE_CURVE('',#2199,#2200,#1345,.T.);
#2666=EDGE_CURVE('',#2198,#2200,#1346,.T.);
#2667=EDGE_CURVE('',#2199,#2201,#1347,.T.);
#2668=EDGE_CURVE('',#2201,#2202,#1348,.T.);
#2669=EDGE_CURVE('',#2200,#2202,#1349,.T.);
#2670=EDGE_CURVE('',#2201,#2203,#1350,.T.);
#2671=EDGE_CURVE('',#2203,#2204,#1351,.T.);
#2672=EDGE_CURVE('',#2202,#2204,#1352,.T.);
#2673=EDGE_CURVE('',#2203,#2205,#1353,.T.);
#2674=EDGE_CURVE('',#2205,#2206,#1354,.T.);
#2675=EDGE_CURVE('',#2204,#2206,#1355,.T.);
#2676=EDGE_CURVE('',#2205,#2207,#1356,.T.);
#2677=EDGE_CURVE('',#2207,#2208,#1357,.T.);
#2678=EDGE_CURVE('',#2206,#2208,#1358,.T.);
#2679=EDGE_CURVE('',#2207,#2209,#1359,.T.);
#2680=EDGE_CURVE('',#2209,#2210,#1360,.T.);
#2681=EDGE_CURVE('',#2208,#2210,#1361,.T.);
#2682=EDGE_CURVE('',#2209,#2211,#1362,.T.);
#2683=EDGE_CURVE('',#2211,#2212,#1363,.T.);
#2684=EDGE_CURVE('',#2210,#2212,#1364,.T.);
#2685=EDGE_CURVE('',#2211,#2213,#1365,.T.);
#2686=EDGE_CURVE('',#2213,#2214,#1366,.T.);
#2687=EDGE_CURVE('',#2212,#2214,#1367,.T.);
#2688=EDGE_CURVE('',#2213,#2215,#1368,.T.);
#2689=EDGE_CURVE('',#2215,#2216,#1369,.T.);
#2690=EDGE_CURVE('',#2214,#2216,#1370,.T.);
#2691=EDGE_CURVE('',#2215,#2217,#1371,.T.);
#2692=EDGE_CURVE('',#2217,#2218,#1372,.T.);
#2693=EDGE_CURVE('',#2216,#2218,#1373,.T.);
#2694=EDGE_CURVE('',#2217,#2219,#1374,.T.);
#2695=EDGE_CURVE('',#2219,#2220,#1375,.T.);
#2696=EDGE_CURVE('',#2218,#2220,#1376,.T.);
#2697=EDGE_CURVE('',#2219,#2221,#1377,.T.);
#2698=EDGE_CURVE('',#2221,#2222,#1378,.T.);
#2699=EDGE_CURVE('',#2220,#2222,#1379,.T.);
#2700=EDGE_CURVE('',#2221,#2223,#1380,.T.);
#2701=EDGE_CURVE('',#2223,#2224,#1381,.T.);
#2702=EDGE_CURVE('',#2222,#2224,#1382,.T.);
#2703=EDGE_CURVE('',#2223,#2225,#1383,.T.);
#2704=EDGE_CURVE('',#2225,#2226,#1384,.T.);
#2705=EDGE_CURVE('',#2224,#2226,#1385,.T.);
#2706=EDGE_CURVE('',#2225,#2227,#1386,.T.);
#2707=EDGE_CURVE('',#2227,#2228,#1387,.T.);
#2708=EDGE_CURVE('',#2226,#2228,#1388,.T.);
#2709=EDGE_CURVE('',#2227,#2229,#1389,.T.);
#2710=EDGE_CURVE('',#2229,#2230,#1390,.T.);
#2711=EDGE_CURVE('',#2228,#2230,#1391,.T.);
#2712=EDGE_CURVE('',#2229,#2231,#1392,.T.);
#2713=EDGE_CURVE('',#2231,#2232,#1393,.T.);
#2714=EDGE_CURVE('',#2230,#2232,#1394,.T.);
#2715=EDGE_CURVE('',#2231,#2233,#1395,.T.);
#2716=EDGE_CURVE('',#2233,#2234,#1396,.T.);
#2717=EDGE_CURVE('',#2232,#2234,#1397,.T.);
#2718=EDGE_CURVE('',#2233,#2235,#1398,.T.);
#2719=EDGE_CURVE('',#2235,#2236,#1399,.T.);
#2720=EDGE_CURVE('',#2234,#2236,#1400,.T.);
#2721=EDGE_CURVE('',#2235,#2237,#1401,.T.);
#2722=EDGE_CURVE('',#2237,#2238,#1402,.T.);
#2723=EDGE_CURVE('',#2236,#2238,#1403,.T.);
#2724=EDGE_CURVE('',#2237,#2239,#1404,.T.);
#2725=EDGE_CURVE('',#2239,#2240,#1405,.T.);
#2726=EDGE_CURVE('',#2238,#2240,#1406,.T.);
#2727=EDGE_CURVE('',#2239,#2241,#1407,.T.);
#2728=EDGE_CURVE('',#2241,#2242,#1408,.T.);
#2729=EDGE_CURVE('',#2240,#2242,#1409,.T.);
#2730=EDGE_CURVE('',#2241,#2243,#1410,.T.);
#2731=EDGE_CURVE('',#2243,#2244,#1411,.T.);
#2732=EDGE_CURVE('',#2242,#2244,#1412,.T.);
#2733=EDGE_CURVE('',#2243,#2245,#1413,.T.);
#2734=EDGE_CURVE('',#2245,#2246,#1414,.T.);
#2735=EDGE_CURVE('',#2244,#2246,#1415,.T.);
#2736=EDGE_CURVE('',#2245,#2247,#1416,.T.);
#2737=EDGE_CURVE('',#2247,#2248,#1417,.T.);
#2738=EDGE_CURVE('',#2246,#2248,#1418,.T.);
#2739=EDGE_CURVE('',#2247,#2249,#1419,.T.);
#2740=EDGE_CURVE('',#2249,#2250,#1420,.T.);
#2741=EDGE_CURVE('',#2248,#2250,#1421,.T.);
#2742=EDGE_CURVE('',#2249,#2251,#1422,.T.);
#2743=EDGE_CURVE('',#2251,#2252,#1423,.T.);
#2744=EDGE_CURVE('',#2250,#2252,#1424,.T.);
#2745=EDGE_CURVE('',#2251,#2253,#1425,.T.);
#2746=EDGE_CURVE('',#2253,#2254,#1426,.T.);
#2747=EDGE_CURVE('',#2252,#2254,#1427,.T.);
#2748=EDGE_CURVE('',#2253,#2255,#1428,.T.);
#2749=EDGE_CURVE('',#2255,#2256,#1429,.T.);
#2750=EDGE_CURVE('',#2254,#2256,#1430,.T.);
#2751=EDGE_CURVE('',#2255,#2257,#1431,.T.);
#2752=EDGE_CURVE('',#2257,#2258,#1432,.T.);
#2753=EDGE_CURVE('',#2256,#2258,#1433,.T.);
#2754=EDGE_CURVE('',#2257,#2259,#1434,.T.);
#2755=EDGE_CURVE('',#2259,#2260,#1435,.T.);
#2756=EDGE_CURVE('',#2258,#2260,#1436,.T.);
#2757=EDGE_CURVE('',#2259,#2261,#1437,.T.);
#2758=EDGE_CURVE('',#2261,#2262,#1438,.T.);
#2759=EDGE_CURVE('',#2260,#2262,#1439,.T.);
#2760=EDGE_CURVE('',#2261,#2263,#1440,.T.);
#2761=EDGE_CURVE('',#2263,#2264,#1441,.T.);
#2762=EDGE_CURVE('',#2262,#2264,#1442,.T.);
#2763=EDGE_CURVE('',#2263,#2265,#1443,.T.);
#2764=EDGE_CURVE('',#2265,#2266,#1444,.T.);
#2765=EDGE_CURVE('',#2264,#2266,#1445,.T.);
#2766=EDGE_CURVE('',#2265,#2267,#1446,.T.);
#2767=EDGE_CURVE('',#2267,#2268,#1447,.T.);
#2768=EDGE_CURVE('',#2266,#2268,#1448,.T.);
#2769=EDGE_CURVE('',#2267,#2269,#1449,.T.);
#2770=EDGE_CURVE('',#2269,#2270,#1450,.T.);
#2771=EDGE_CURVE('',#2268,#2270,#1451,.T.);
#2772=EDGE_CURVE('',#2269,#2271,#1452,.T.);
#2773=EDGE_CURVE('',#2271,#2272,#1453,.T.);
#2774=EDGE_CURVE('',#2270,#2272,#1454,.T.);
#2775=EDGE_CURVE('',#2271,#2273,#1455,.T.);
#2776=EDGE_CURVE('',#2273,#2274,#1456,.T.);
#2777=EDGE_CURVE('',#2272,#2274,#1457,.T.);
#2778=EDGE_CURVE('',#2273,#2275,#1458,.T.);
#2779=EDGE_CURVE('',#2275,#2276,#1459,.T.);
#2780=EDGE_CURVE('',#2274,#2276,#1460,.T.);
#2781=EDGE_CURVE('',#2275,#2277,#1461,.T.);
#2782=EDGE_CURVE('',#2277,#2278,#1462,.T.);
#2783=EDGE_CURVE('',#2276,#2278,#1463,.T.);
#2784=EDGE_CURVE('',#2277,#2279,#1464,.T.);
#2785=EDGE_CURVE('',#2279,#2280,#1465,.T.);
#2786=EDGE_CURVE('',#2278,#2280,#1466,.T.);
#2787=EDGE_CURVE('',#2279,#2281,#1467,.T.);
#2788=EDGE_CURVE('',#2281,#2282,#1468,.T.);
#2789=EDGE_CURVE('',#2280,#2282,#1469,.T.);
#2790=EDGE_CURVE('',#2281,#2283,#1470,.T.);
#2791=EDGE_CURVE('',#2283,#2284,#1471,.T.);
#2792=EDGE_CURVE('',#2282,#2284,#1472,.T.);
#2793=EDGE_CURVE('',#2283,#2285,#1473,.T.);
#2794=EDGE_CURVE('',#2285,#2286,#1474,.T.);
#2795=EDGE_CURVE('',#2284,#2286,#1475,.T.);
#2796=EDGE_CURVE('',#2285,#2287,#1476,.T.);
#2797=EDGE_CURVE('',#2287,#2288,#1477,.T.);
#2798=EDGE_CURVE('',#2286,#2288,#1478,.T.);
#2799=EDGE_CURVE('',#2287,#2289,#1479,.T.);
#2800=EDGE_CURVE('',#2289,#2290,#1480,.T.);
#2801=EDGE_CURVE('',#2288,#2290,#1481,.T.);
#2802=EDGE_CURVE('',#2289,#2291,#1482,.T.);
#2803=EDGE_CURVE('',#2291,#2292,#1483,.T.);
#2804=EDGE_CURVE('',#2290,#2292,#1484,.T.);
#2805=EDGE_CURVE('',#2291,#2293,#1485,.T.);
#2806=EDGE_CURVE('',#2293,#2294,#1486,.T.);
#2807=EDGE_CURVE('',#2292,#2294,#1487,.T.);
#2808=EDGE_CURVE('',#2293,#2295,#1488,.T.);
#2809=EDGE_CURVE('',#2295,#2296,#1489,.T.);
#2810=EDGE_CURVE('',#2294,#2296,#1490,.T.);
#2811=EDGE_CURVE('',#2295,#2297,#1491,.T.);
#2812=EDGE_CURVE('',#2297,#2298,#1492,.T.);
#2813=EDGE_CURVE('',#2296,#2298,#1493,.T.);
#2814=EDGE_CURVE('',#2297,#2299,#1494,.T.);
#2815=EDGE_CURVE('',#2299,#2300,#1495,.T.);
#2816=EDGE_CURVE('',#2298,#2300,#1496,.T.);
#2817=EDGE_CURVE('',#2299,#2301,#1497,.T.);
#2818=EDGE_CURVE('',#2301,#2302,#1498,.T.);
#2819=EDGE_CURVE('',#2300,#2302,#1499,.T.);
#2820=EDGE_CURVE('',#2301,#2303,#1500,.T.);
#2821=EDGE_CURVE('',#2303,#2304,#1501,.T.);
#2822=EDGE_CURVE('',#2302,#2304,#1502,.T.);
#2823=EDGE_CURVE('',#2303,#2305,#1503,.T.);
#2824=EDGE_CURVE('',#2305,#2306,#1504,.T.);
#2825=EDGE_CURVE('',#2304,#2306,#1505,.T.);
#2826=EDGE_CURVE('',#2305,#2307,#1506,.T.);
#2827=EDGE_CURVE('',#2307,#2308,#1507,.T.);
#2828=EDGE_CURVE('',#2306,#2308,#1508,.T.);
#2829=EDGE_CURVE('',#2307,#2309,#1509,.T.);
#2830=EDGE_CURVE('',#2309,#2310,#1510,.T.);
#2831=EDGE_CURVE('',#2308,#2310,#1511,.T.);
#2832=EDGE_CURVE('',#2309,#2311,#1512,.T.);
#2833=EDGE_CURVE('',#2311,#2312,#1513,.T.);
#2834=EDGE_CURVE('',#2310,#2312,#1514,.T.);
#2835=EDGE_CURVE('',#2311,#2313,#1515,.T.);
#2836=EDGE_CURVE('',#2313,#2314,#1516,.T.);
#2837=EDGE_CURVE('',#2312,#2314,#1517,.T.);
#2838=EDGE_CURVE('',#2313,#2315,#1518,.T.);
#2839=EDGE_CURVE('',#2315,#2316,#1519,.T.);
#2840=EDGE_CURVE('',#2314,#2316,#1520,.T.);
#2841=EDGE_CURVE('',#2315,#2317,#1521,.T.);
#2842=EDGE_CURVE('',#2317,#2318,#1522,.T.);
#2843=EDGE_CURVE('',#2316,#2318,#1523,.T.);
#2844=EDGE_CURVE('',#2317,#2319,#1524,.T.);
#2845=EDGE_CURVE('',#2319,#2320,#1525,.T.);
#2846=EDGE_CURVE('',#2318,#2320,#1526,.T.);
#2847=EDGE_CURVE('',#2319,#2321,#1527,.T.);
#2848=EDGE_CURVE('',#2321,#2322,#1528,.T.);
#2849=EDGE_CURVE('',#2320,#2322,#1529,.T.);
#2850=EDGE_CURVE('',#2321,#2323,#1530,.T.);
#2851=EDGE_CURVE('',#2323,#2324,#1531,.T.);
#2852=EDGE_CURVE('',#2322,#2324,#1532,.T.);
#2853=EDGE_CURVE('',#2323,#2325,#1533,.T.);
#2854=EDGE_CURVE('',#2325,#2326,#1534,.T.);
#2855=EDGE_CURVE('',#2324,#2326,#1535,.T.);
#2856=EDGE_CURVE('',#2325,#2327,#1536,.T.);
#2857=EDGE_CURVE('',#2327,#2328,#1537,.T.);
#2858=EDGE_CURVE('',#2326,#2328,#1538,.T.);
#2859=EDGE_CURVE('',#2327,#2329,#1539,.T.);
#2860=EDGE_CURVE('',#2329,#2330,#1540,.T.);
#2861=EDGE_CURVE('',#2328,#2330,#1541,.T.);
#2862=EDGE_CURVE('',#2329,#2331,#1542,.T.);
#2863=EDGE_CURVE('',#2331,#2332,#1543,.T.);
#2864=EDGE_CURVE('',#2330,#2332,#1544,.T.);
#2865=EDGE_CURVE('',#2331,#2333,#1545,.T.);
#2866=EDGE_CURVE('',#2333,#2334,#1546,.T.);
#2867=EDGE_CURVE('',#2332,#2334,#1547,.T.);
#2868=EDGE_CURVE('',#2333,#2335,#1548,.T.);
#2869=EDGE_CURVE('',#2335,#2336,#1549,.T.);
#2870=EDGE_CURVE('',#2334,#2336,#1550,.T.);
#2871=EDGE_CURVE('',#2335,#2177,#1551,.T.);
#2872=EDGE_CURVE('',#2336,#2178,#1552,.T.);
#2873=EDGE_CURVE('',#2337,#2338,#1553,.T.);
#2874=EDGE_CURVE('',#2338,#2339,#1554,.T.);
#2875=EDGE_CURVE('',#2340,#2339,#1555,.T.);
#2876=EDGE_CURVE('',#2337,#2340,#1556,.T.);
#2877=EDGE_CURVE('',#2339,#2341,#245,.T.);
#2878=EDGE_CURVE('',#2342,#2341,#1557,.T.);
#2879=EDGE_CURVE('',#2340,#2342,#246,.T.);
#2880=EDGE_CURVE('',#2341,#2343,#1558,.T.);
#2881=EDGE_CURVE('',#2344,#2343,#1559,.T.);
#2882=EDGE_CURVE('',#2342,#2344,#1560,.T.);
#2883=EDGE_CURVE('',#2343,#2338,#247,.T.);
#2884=EDGE_CURVE('',#2344,#2337,#248,.T.);
#2885=EDGE_CURVE('',#2345,#2345,#249,.T.);
#2886=EDGE_CURVE('',#2345,#2346,#1561,.T.);
#2887=EDGE_CURVE('',#2346,#2346,#250,.T.);
#2888=EDGE_CURVE('',#2347,#2348,#1562,.T.);
#2889=EDGE_CURVE('',#2348,#2349,#1563,.T.);
#2890=EDGE_CURVE('',#2350,#2349,#1564,.T.);
#2891=EDGE_CURVE('',#2347,#2350,#1565,.T.);
#2892=EDGE_CURVE('',#2349,#2351,#251,.T.);
#2893=EDGE_CURVE('',#2352,#2351,#1566,.T.);
#2894=EDGE_CURVE('',#2350,#2352,#252,.T.);
#2895=EDGE_CURVE('',#2351,#2353,#1567,.T.);
#2896=EDGE_CURVE('',#2354,#2353,#1568,.T.);
#2897=EDGE_CURVE('',#2352,#2354,#1569,.T.);
#2898=EDGE_CURVE('',#2353,#2348,#253,.T.);
#2899=EDGE_CURVE('',#2354,#2347,#254,.T.);
#2900=EDGE_CURVE('',#2355,#2355,#255,.T.);
#2901=EDGE_CURVE('',#2355,#2356,#1570,.T.);
#2902=EDGE_CURVE('',#2356,#2356,#256,.T.);
#2903=EDGE_CURVE('',#2357,#2358,#1571,.T.);
#2904=EDGE_CURVE('',#2358,#2359,#1572,.T.);
#2905=EDGE_CURVE('',#2360,#2359,#1573,.T.);
#2906=EDGE_CURVE('',#2357,#2360,#1574,.T.);
#2907=EDGE_CURVE('',#2359,#2361,#257,.T.);
#2908=EDGE_CURVE('',#2362,#2361,#1575,.T.);
#2909=EDGE_CURVE('',#2360,#2362,#258,.T.);
#2910=EDGE_CURVE('',#2361,#2363,#1576,.T.);
#2911=EDGE_CURVE('',#2364,#2363,#1577,.T.);
#2912=EDGE_CURVE('',#2362,#2364,#1578,.T.);
#2913=EDGE_CURVE('',#2363,#2358,#259,.T.);
#2914=EDGE_CURVE('',#2364,#2357,#260,.T.);
#2915=EDGE_CURVE('',#2365,#2365,#261,.T.);
#2916=EDGE_CURVE('',#2365,#2366,#1579,.T.);
#2917=EDGE_CURVE('',#2366,#2366,#262,.T.);
#2918=EDGE_CURVE('',#2367,#2368,#1580,.T.);
#2919=EDGE_CURVE('',#2368,#2369,#1581,.T.);
#2920=EDGE_CURVE('',#2370,#2369,#1582,.T.);
#2921=EDGE_CURVE('',#2367,#2370,#1583,.T.);
#2922=EDGE_CURVE('',#2369,#2371,#263,.T.);
#2923=EDGE_CURVE('',#2372,#2371,#1584,.T.);
#2924=EDGE_CURVE('',#2370,#2372,#264,.T.);
#2925=EDGE_CURVE('',#2371,#2373,#1585,.T.);
#2926=EDGE_CURVE('',#2374,#2373,#1586,.T.);
#2927=EDGE_CURVE('',#2372,#2374,#1587,.T.);
#2928=EDGE_CURVE('',#2373,#2368,#265,.T.);
#2929=EDGE_CURVE('',#2374,#2367,#266,.T.);
#2930=EDGE_CURVE('',#2375,#2376,#1588,.T.);
#2931=EDGE_CURVE('',#2376,#2377,#1589,.T.);
#2932=EDGE_CURVE('',#2378,#2377,#1590,.T.);
#2933=EDGE_CURVE('',#2375,#2378,#1591,.T.);
#2934=EDGE_CURVE('',#2377,#2379,#267,.T.);
#2935=EDGE_CURVE('',#2380,#2379,#1592,.T.);
#2936=EDGE_CURVE('',#2378,#2380,#268,.T.);
#2937=EDGE_CURVE('',#2379,#2381,#1593,.T.);
#2938=EDGE_CURVE('',#2382,#2381,#1594,.T.);
#2939=EDGE_CURVE('',#2380,#2382,#1595,.T.);
#2940=EDGE_CURVE('',#2381,#2376,#269,.T.);
#2941=EDGE_CURVE('',#2382,#2375,#270,.T.);
#2942=EDGE_CURVE('',#2383,#2384,#1596,.T.);
#2943=EDGE_CURVE('',#2384,#2385,#1597,.T.);
#2944=EDGE_CURVE('',#2386,#2385,#1598,.T.);
#2945=EDGE_CURVE('',#2383,#2386,#1599,.T.);
#2946=EDGE_CURVE('',#2385,#2387,#271,.T.);
#2947=EDGE_CURVE('',#2388,#2387,#1600,.T.);
#2948=EDGE_CURVE('',#2386,#2388,#272,.T.);
#2949=EDGE_CURVE('',#2387,#2389,#1601,.T.);
#2950=EDGE_CURVE('',#2390,#2389,#1602,.T.);
#2951=EDGE_CURVE('',#2388,#2390,#1603,.T.);
#2952=EDGE_CURVE('',#2389,#2384,#273,.T.);
#2953=EDGE_CURVE('',#2390,#2383,#274,.T.);
#2954=EDGE_CURVE('',#2391,#2392,#1604,.T.);
#2955=EDGE_CURVE('',#2392,#2393,#1605,.T.);
#2956=EDGE_CURVE('',#2394,#2393,#1606,.T.);
#2957=EDGE_CURVE('',#2391,#2394,#1607,.T.);
#2958=EDGE_CURVE('',#2393,#2395,#275,.T.);
#2959=EDGE_CURVE('',#2396,#2395,#1608,.T.);
#2960=EDGE_CURVE('',#2394,#2396,#276,.T.);
#2961=EDGE_CURVE('',#2395,#2397,#1609,.T.);
#2962=EDGE_CURVE('',#2398,#2397,#1610,.T.);
#2963=EDGE_CURVE('',#2396,#2398,#1611,.T.);
#2964=EDGE_CURVE('',#2397,#2392,#277,.T.);
#2965=EDGE_CURVE('',#2398,#2391,#278,.T.);
#2966=EDGE_CURVE('',#2399,#2399,#279,.T.);
#2967=EDGE_CURVE('',#2399,#2400,#1612,.T.);
#2968=EDGE_CURVE('',#2400,#2400,#280,.T.);
#2969=EDGE_CURVE('',#2401,#2401,#281,.T.);
#2970=EDGE_CURVE('',#2401,#2402,#1613,.T.);
#2971=EDGE_CURVE('',#2402,#2402,#282,.T.);
#2972=EDGE_CURVE('',#2403,#2403,#283,.T.);
#2973=EDGE_CURVE('',#2403,#2404,#1614,.T.);
#2974=EDGE_CURVE('',#2404,#2404,#284,.T.);
#2975=EDGE_CURVE('',#2405,#2405,#285,.T.);
#2976=EDGE_CURVE('',#2405,#2406,#1615,.T.);
#2977=EDGE_CURVE('',#2406,#2406,#286,.T.);
#2978=EDGE_CURVE('',#2407,#2408,#1616,.T.);
#2979=EDGE_CURVE('',#2408,#2409,#1617,.T.);
#2980=EDGE_CURVE('',#2410,#2409,#1618,.T.);
#2981=EDGE_CURVE('',#2407,#2410,#1619,.T.);
#2982=EDGE_CURVE('',#2409,#2411,#287,.T.);
#2983=EDGE_CURVE('',#2412,#2411,#1620,.T.);
#2984=EDGE_CURVE('',#2410,#2412,#288,.T.);
#2985=EDGE_CURVE('',#2411,#2413,#1621,.T.);
#2986=EDGE_CURVE('',#2414,#2413,#1622,.T.);
#2987=EDGE_CURVE('',#2412,#2414,#1623,.T.);
#2988=EDGE_CURVE('',#2413,#2408,#289,.T.);
#2989=EDGE_CURVE('',#2414,#2407,#290,.T.);
#2990=EDGE_CURVE('',#2415,#2416,#1624,.T.);
#2991=EDGE_CURVE('',#2416,#2417,#1625,.T.);
#2992=EDGE_CURVE('',#2418,#2417,#1626,.T.);
#2993=EDGE_CURVE('',#2415,#2418,#1627,.T.);
#2994=EDGE_CURVE('',#2417,#2419,#291,.T.);
#2995=EDGE_CURVE('',#2420,#2419,#1628,.T.);
#2996=EDGE_CURVE('',#2418,#2420,#292,.T.);
#2997=EDGE_CURVE('',#2419,#2421,#1629,.T.);
#2998=EDGE_CURVE('',#2422,#2421,#1630,.T.);
#2999=EDGE_CURVE('',#2420,#2422,#1631,.T.);
#3000=EDGE_CURVE('',#2421,#2416,#293,.T.);
#3001=EDGE_CURVE('',#2422,#2415,#294,.T.);
#3002=EDGE_CURVE('',#2423,#2423,#295,.T.);
#3003=EDGE_CURVE('',#2423,#2424,#1632,.T.);
#3004=EDGE_CURVE('',#2424,#2424,#296,.T.);
#3005=EDGE_CURVE('',#2425,#2426,#1633,.T.);
#3006=EDGE_CURVE('',#2426,#2427,#1634,.T.);
#3007=EDGE_CURVE('',#2428,#2427,#1635,.T.);
#3008=EDGE_CURVE('',#2425,#2428,#1636,.T.);
#3009=EDGE_CURVE('',#2427,#2429,#297,.T.);
#3010=EDGE_CURVE('',#2430,#2429,#1637,.T.);
#3011=EDGE_CURVE('',#2428,#2430,#298,.T.);
#3012=EDGE_CURVE('',#2429,#2431,#1638,.T.);
#3013=EDGE_CURVE('',#2432,#2431,#1639,.T.);
#3014=EDGE_CURVE('',#2430,#2432,#1640,.T.);
#3015=EDGE_CURVE('',#2431,#2426,#299,.T.);
#3016=EDGE_CURVE('',#2432,#2425,#300,.T.);
#3017=EDGE_CURVE('',#2433,#2433,#301,.T.);
#3018=EDGE_CURVE('',#2433,#2434,#1641,.T.);
#3019=EDGE_CURVE('',#2434,#2434,#302,.T.);
#3020=EDGE_CURVE('',#2435,#2435,#303,.T.);
#3021=EDGE_CURVE('',#2435,#2436,#1642,.T.);
#3022=EDGE_CURVE('',#2436,#2436,#304,.T.);
#3023=EDGE_CURVE('',#2437,#2438,#1643,.T.);
#3024=EDGE_CURVE('',#2438,#2439,#1644,.T.);
#3025=EDGE_CURVE('',#2440,#2439,#1645,.T.);
#3026=EDGE_CURVE('',#2437,#2440,#1646,.T.);
#3027=EDGE_CURVE('',#2439,#2441,#305,.T.);
#3028=EDGE_CURVE('',#2442,#2441,#1647,.T.);
#3029=EDGE_CURVE('',#2440,#2442,#306,.T.);
#3030=EDGE_CURVE('',#2441,#2443,#1648,.T.);
#3031=EDGE_CURVE('',#2444,#2443,#1649,.T.);
#3032=EDGE_CURVE('',#2442,#2444,#1650,.T.);
#3033=EDGE_CURVE('',#2443,#2438,#307,.T.);
#3034=EDGE_CURVE('',#2444,#2437,#308,.T.);
#3035=EDGE_CURVE('',#2445,#2445,#309,.T.);
#3036=EDGE_CURVE('',#2445,#2446,#1651,.T.);
#3037=EDGE_CURVE('',#2446,#2446,#310,.T.);
#3038=EDGE_CURVE('',#2447,#2447,#311,.T.);
#3039=EDGE_CURVE('',#2447,#2448,#1652,.T.);
#3040=EDGE_CURVE('',#2448,#2448,#312,.T.);
#3041=EDGE_CURVE('',#2449,#2449,#313,.T.);
#3042=EDGE_CURVE('',#2449,#2450,#1653,.T.);
#3043=EDGE_CURVE('',#2450,#2450,#314,.T.);
#3044=EDGE_CURVE('',#2451,#2451,#315,.T.);
#3045=EDGE_CURVE('',#2451,#2452,#1654,.T.);
#3046=EDGE_CURVE('',#2452,#2452,#316,.T.);
#3047=EDGE_CURVE('',#2453,#2453,#317,.T.);
#3048=EDGE_CURVE('',#2453,#2454,#1655,.T.);
#3049=EDGE_CURVE('',#2454,#2454,#318,.T.);
#3050=EDGE_CURVE('',#2455,#2455,#319,.T.);
#3051=EDGE_CURVE('',#2455,#2456,#1656,.T.);
#3052=EDGE_CURVE('',#2456,#2456,#320,.T.);
#3053=EDGE_CURVE('',#2457,#2457,#321,.T.);
#3054=EDGE_CURVE('',#2457,#2458,#1657,.T.);
#3055=EDGE_CURVE('',#2458,#2458,#322,.T.);
#3056=EDGE_CURVE('',#2459,#2459,#323,.T.);
#3057=EDGE_CURVE('',#2459,#2460,#1658,.T.);
#3058=EDGE_CURVE('',#2460,#2460,#324,.T.);
#3059=EDGE_CURVE('',#2461,#2461,#325,.T.);
#3060=EDGE_CURVE('',#2461,#2462,#1659,.T.);
#3061=EDGE_CURVE('',#2462,#2462,#326,.T.);
#3062=EDGE_CURVE('',#2463,#2463,#327,.T.);
#3063=EDGE_CURVE('',#2463,#2464,#1660,.T.);
#3064=EDGE_CURVE('',#2464,#2464,#328,.T.);
#3065=EDGE_CURVE('',#2465,#2465,#329,.T.);
#3066=EDGE_CURVE('',#2465,#2466,#1661,.T.);
#3067=EDGE_CURVE('',#2466,#2466,#330,.T.);
#3068=EDGE_CURVE('',#2467,#2467,#331,.T.);
#3069=EDGE_CURVE('',#2467,#2468,#1662,.T.);
#3070=EDGE_CURVE('',#2468,#2468,#332,.T.);
#3071=EDGE_CURVE('',#2469,#2469,#333,.T.);
#3072=EDGE_CURVE('',#2469,#2470,#1663,.T.);
#3073=EDGE_CURVE('',#2470,#2470,#334,.T.);
#3074=EDGE_CURVE('',#2471,#2471,#335,.T.);
#3075=EDGE_CURVE('',#2471,#2472,#1664,.T.);
#3076=EDGE_CURVE('',#2472,#2472,#336,.T.);
#3077=EDGE_CURVE('',#2473,#2473,#337,.T.);
#3078=EDGE_CURVE('',#2473,#2474,#1665,.T.);
#3079=EDGE_CURVE('',#2474,#2474,#338,.T.);
#3080=EDGE_CURVE('',#2475,#2475,#339,.T.);
#3081=EDGE_CURVE('',#2475,#2476,#1666,.T.);
#3082=EDGE_CURVE('',#2476,#2476,#340,.T.);
#3083=EDGE_CURVE('',#2477,#2477,#341,.T.);
#3084=EDGE_CURVE('',#2477,#2478,#1667,.T.);
#3085=EDGE_CURVE('',#2478,#2478,#342,.T.);
#3086=EDGE_CURVE('',#2479,#2479,#343,.T.);
#3087=EDGE_CURVE('',#2479,#2480,#1668,.T.);
#3088=EDGE_CURVE('',#2480,#2480,#344,.T.);
#3089=EDGE_CURVE('',#2481,#2481,#345,.T.);
#3090=EDGE_CURVE('',#2481,#2482,#1669,.T.);
#3091=EDGE_CURVE('',#2482,#2482,#346,.T.);
#3092=EDGE_CURVE('',#2483,#2483,#347,.T.);
#3093=EDGE_CURVE('',#2483,#2484,#1670,.T.);
#3094=EDGE_CURVE('',#2484,#2484,#348,.T.);
#3095=EDGE_CURVE('',#2485,#2485,#349,.T.);
#3096=EDGE_CURVE('',#2485,#2486,#1671,.T.);
#3097=EDGE_CURVE('',#2486,#2486,#350,.T.);
#3098=EDGE_CURVE('',#2487,#2487,#351,.T.);
#3099=EDGE_CURVE('',#2487,#2488,#1672,.T.);
#3100=EDGE_CURVE('',#2488,#2488,#352,.T.);
#3101=EDGE_CURVE('',#2489,#2489,#353,.T.);
#3102=EDGE_CURVE('',#2489,#2490,#1673,.T.);
#3103=EDGE_CURVE('',#2490,#2490,#354,.T.);
#3104=EDGE_CURVE('',#2491,#2491,#355,.T.);
#3105=EDGE_CURVE('',#2491,#2492,#1674,.T.);
#3106=EDGE_CURVE('',#2492,#2492,#356,.T.);
#3107=EDGE_CURVE('',#2493,#2493,#357,.T.);
#3108=EDGE_CURVE('',#2493,#2494,#1675,.T.);
#3109=EDGE_CURVE('',#2494,#2494,#358,.T.);
#3110=EDGE_CURVE('',#2495,#2495,#359,.T.);
#3111=EDGE_CURVE('',#2495,#2496,#1676,.T.);
#3112=EDGE_CURVE('',#2496,#2496,#360,.T.);
#3113=EDGE_CURVE('',#2497,#2497,#361,.T.);
#3114=EDGE_CURVE('',#2497,#2498,#1677,.T.);
#3115=EDGE_CURVE('',#2498,#2498,#362,.T.);
#3116=EDGE_CURVE('',#2499,#2499,#363,.T.);
#3117=EDGE_CURVE('',#2499,#2500,#1678,.T.);
#3118=EDGE_CURVE('',#2500,#2500,#364,.T.);
#3119=EDGE_CURVE('',#2501,#2501,#365,.T.);
#3120=EDGE_CURVE('',#2501,#2502,#1679,.T.);
#3121=EDGE_CURVE('',#2502,#2502,#366,.T.);
#3122=EDGE_CURVE('',#2503,#2503,#367,.T.);
#3123=EDGE_CURVE('',#2503,#2504,#1680,.T.);
#3124=EDGE_CURVE('',#2504,#2504,#368,.T.);
#3125=EDGE_CURVE('',#2505,#2505,#369,.T.);
#3126=EDGE_CURVE('',#2505,#2506,#1681,.T.);
#3127=EDGE_CURVE('',#2506,#2506,#370,.T.);
#3128=EDGE_CURVE('',#2507,#2507,#371,.T.);
#3129=EDGE_CURVE('',#2507,#2508,#1682,.T.);
#3130=EDGE_CURVE('',#2508,#2508,#372,.T.);
#3131=EDGE_CURVE('',#2509,#2509,#373,.T.);
#3132=EDGE_CURVE('',#2509,#2510,#1683,.T.);
#3133=EDGE_CURVE('',#2510,#2510,#374,.T.);
#3134=EDGE_CURVE('',#2511,#2511,#375,.T.);
#3135=EDGE_CURVE('',#2511,#2512,#1684,.T.);
#3136=EDGE_CURVE('',#2512,#2512,#376,.T.);
#3137=EDGE_CURVE('',#2513,#2513,#377,.T.);
#3138=EDGE_CURVE('',#2513,#2514,#1685,.T.);
#3139=EDGE_CURVE('',#2514,#2514,#378,.T.);
#3140=EDGE_CURVE('',#2515,#2515,#379,.T.);
#3141=EDGE_CURVE('',#2515,#2516,#1686,.T.);
#3142=EDGE_CURVE('',#2516,#2516,#380,.T.);
#3143=EDGE_CURVE('',#2517,#2517,#381,.T.);
#3144=EDGE_CURVE('',#2517,#2518,#1687,.T.);
#3145=EDGE_CURVE('',#2518,#2518,#382,.T.);
#3146=EDGE_CURVE('',#2519,#2519,#383,.T.);
#3147=EDGE_CURVE('',#2519,#2520,#1688,.T.);
#3148=EDGE_CURVE('',#2520,#2520,#384,.T.);
#3149=EDGE_CURVE('',#2521,#2521,#385,.T.);
#3150=EDGE_CURVE('',#2521,#2522,#1689,.T.);
#3151=EDGE_CURVE('',#2522,#2522,#386,.T.);
#3152=EDGE_CURVE('',#2523,#2523,#387,.T.);
#3153=EDGE_CURVE('',#2523,#2524,#1690,.T.);
#3154=EDGE_CURVE('',#2524,#2524,#388,.T.);
#3155=EDGE_CURVE('',#2525,#2525,#389,.T.);
#3156=EDGE_CURVE('',#2525,#2526,#1691,.T.);
#3157=EDGE_CURVE('',#2526,#2526,#390,.T.);
#3158=EDGE_CURVE('',#2527,#2527,#391,.T.);
#3159=EDGE_CURVE('',#2527,#2528,#1692,.T.);
#3160=EDGE_CURVE('',#2528,#2528,#392,.T.);
#3161=EDGE_CURVE('',#2529,#2529,#393,.T.);
#3162=EDGE_CURVE('',#2529,#2530,#1693,.T.);
#3163=EDGE_CURVE('',#2530,#2530,#394,.T.);
#3164=EDGE_CURVE('',#2531,#2531,#395,.T.);
#3165=EDGE_CURVE('',#2531,#2532,#1694,.T.);
#3166=EDGE_CURVE('',#2532,#2532,#396,.T.);
#3167=EDGE_CURVE('',#2533,#2533,#397,.T.);
#3168=EDGE_CURVE('',#2533,#2534,#1695,.T.);
#3169=EDGE_CURVE('',#2534,#2534,#398,.T.);
#3170=EDGE_CURVE('',#2535,#2535,#399,.T.);
#3171=EDGE_CURVE('',#2535,#2536,#1696,.T.);
#3172=EDGE_CURVE('',#2536,#2536,#400,.T.);
#3173=EDGE_CURVE('',#2537,#2537,#401,.T.);
#3174=EDGE_CURVE('',#2537,#2538,#1697,.T.);
#3175=EDGE_CURVE('',#2538,#2538,#402,.T.);
#3176=EDGE_CURVE('',#2539,#2539,#403,.T.);
#3177=EDGE_CURVE('',#2539,#2540,#1698,.T.);
#3178=EDGE_CURVE('',#2540,#2540,#404,.T.);
#3179=EDGE_CURVE('',#2541,#2541,#405,.T.);
#3180=EDGE_CURVE('',#2541,#2542,#1699,.T.);
#3181=EDGE_CURVE('',#2542,#2542,#406,.T.);
#3182=EDGE_CURVE('',#2543,#2543,#407,.T.);
#3183=EDGE_CURVE('',#2543,#2544,#1700,.T.);
#3184=EDGE_CURVE('',#2544,#2544,#408,.T.);
#3185=EDGE_CURVE('',#2545,#2545,#409,.T.);
#3186=EDGE_CURVE('',#2545,#2546,#1701,.T.);
#3187=EDGE_CURVE('',#2546,#2546,#410,.T.);
#3188=EDGE_CURVE('',#2547,#2547,#411,.T.);
#3189=EDGE_CURVE('',#2547,#2548,#1702,.T.);
#3190=EDGE_CURVE('',#2548,#2548,#412,.T.);
#3191=EDGE_CURVE('',#2549,#2549,#413,.T.);
#3192=EDGE_CURVE('',#2549,#2550,#1703,.T.);
#3193=EDGE_CURVE('',#2550,#2550,#414,.T.);
#3194=EDGE_CURVE('',#2551,#2551,#415,.T.);
#3195=EDGE_CURVE('',#2551,#2552,#1704,.T.);
#3196=EDGE_CURVE('',#2552,#2552,#416,.T.);
#3197=EDGE_CURVE('',#2553,#2553,#417,.T.);
#3198=EDGE_CURVE('',#2553,#2554,#1705,.T.);
#3199=EDGE_CURVE('',#2554,#2554,#418,.T.);
#3200=EDGE_CURVE('',#2555,#2555,#419,.T.);
#3201=EDGE_CURVE('',#2555,#2556,#1706,.T.);
#3202=EDGE_CURVE('',#2556,#2556,#420,.T.);
#3203=EDGE_CURVE('',#2557,#2557,#421,.T.);
#3204=EDGE_CURVE('',#2557,#2558,#1707,.T.);
#3205=EDGE_CURVE('',#2558,#2558,#422,.T.);
#3206=EDGE_CURVE('',#2559,#2559,#423,.T.);
#3207=EDGE_CURVE('',#2559,#2560,#1708,.T.);
#3208=EDGE_CURVE('',#2560,#2560,#424,.T.);
#3209=EDGE_CURVE('',#2561,#2561,#425,.T.);
#3210=EDGE_CURVE('',#2561,#2562,#1709,.T.);
#3211=EDGE_CURVE('',#2562,#2562,#426,.T.);
#3212=EDGE_CURVE('',#2563,#2563,#427,.T.);
#3213=EDGE_CURVE('',#2563,#2564,#1710,.T.);
#3214=EDGE_CURVE('',#2564,#2564,#428,.T.);
#3215=EDGE_CURVE('',#2565,#2565,#429,.T.);
#3216=EDGE_CURVE('',#2565,#2566,#1711,.T.);
#3217=EDGE_CURVE('',#2566,#2566,#430,.T.);
#3218=EDGE_CURVE('',#2567,#2567,#431,.T.);
#3219=EDGE_CURVE('',#2567,#2568,#1712,.T.);
#3220=EDGE_CURVE('',#2568,#2568,#432,.T.);
#3221=EDGE_CURVE('',#2569,#2569,#433,.T.);
#3222=EDGE_CURVE('',#2569,#2570,#1713,.T.);
#3223=EDGE_CURVE('',#2570,#2570,#434,.T.);
#3224=EDGE_CURVE('',#2571,#2571,#435,.T.);
#3225=EDGE_CURVE('',#2571,#2572,#1714,.T.);
#3226=EDGE_CURVE('',#2572,#2572,#436,.T.);
#3227=EDGE_CURVE('',#2573,#2573,#437,.T.);
#3228=EDGE_CURVE('',#2573,#2574,#1715,.T.);
#3229=EDGE_CURVE('',#2574,#2574,#438,.T.);
#3230=EDGE_CURVE('',#2575,#2575,#439,.T.);
#3231=EDGE_CURVE('',#2575,#2576,#1716,.T.);
#3232=EDGE_CURVE('',#2576,#2576,#440,.T.);
#3233=EDGE_CURVE('',#2577,#2577,#441,.T.);
#3234=EDGE_CURVE('',#2577,#2578,#1717,.T.);
#3235=EDGE_CURVE('',#2578,#2578,#442,.T.);
#3236=EDGE_CURVE('',#2579,#2579,#443,.T.);
#3237=EDGE_CURVE('',#2579,#2580,#1718,.T.);
#3238=EDGE_CURVE('',#2580,#2580,#444,.T.);
#3239=EDGE_CURVE('',#2581,#2581,#445,.T.);
#3240=EDGE_CURVE('',#2581,#2582,#1719,.T.);
#3241=EDGE_CURVE('',#2582,#2582,#446,.T.);
#3242=EDGE_CURVE('',#2583,#2583,#447,.T.);
#3243=EDGE_CURVE('',#2583,#2584,#1720,.T.);
#3244=EDGE_CURVE('',#2584,#2584,#448,.T.);
#3245=EDGE_CURVE('',#2585,#2585,#449,.T.);
#3246=EDGE_CURVE('',#2585,#2586,#1721,.T.);
#3247=EDGE_CURVE('',#2586,#2586,#450,.T.);
#3248=EDGE_CURVE('',#2587,#2587,#451,.T.);
#3249=EDGE_CURVE('',#2587,#2588,#1722,.T.);
#3250=EDGE_CURVE('',#2588,#2588,#452,.T.);
#3251=EDGE_CURVE('',#2589,#2589,#453,.T.);
#3252=EDGE_CURVE('',#2589,#2590,#1723,.T.);
#3253=EDGE_CURVE('',#2590,#2590,#454,.T.);
#3254=EDGE_CURVE('',#2591,#2591,#455,.T.);
#3255=EDGE_CURVE('',#2591,#2592,#1724,.T.);
#3256=EDGE_CURVE('',#2592,#2592,#456,.T.);
#3257=EDGE_CURVE('',#2593,#2593,#457,.T.);
#3258=EDGE_CURVE('',#2593,#2594,#1725,.T.);
#3259=EDGE_CURVE('',#2594,#2594,#458,.T.);
#3260=EDGE_CURVE('',#2595,#2595,#459,.T.);
#3261=EDGE_CURVE('',#2595,#2596,#1726,.T.);
#3262=EDGE_CURVE('',#2596,#2596,#460,.T.);
#3263=EDGE_CURVE('',#2597,#2597,#461,.T.);
#3264=EDGE_CURVE('',#2597,#2598,#1727,.T.);
#3265=EDGE_CURVE('',#2598,#2598,#462,.T.);
#3266=EDGE_CURVE('',#2599,#2599,#463,.T.);
#3267=EDGE_CURVE('',#2599,#2600,#1728,.T.);
#3268=EDGE_CURVE('',#2600,#2600,#464,.T.);
#3269=EDGE_CURVE('',#2601,#2601,#465,.T.);
#3270=EDGE_CURVE('',#2601,#2602,#1729,.T.);
#3271=EDGE_CURVE('',#2602,#2602,#466,.T.);
#3272=EDGE_CURVE('',#2603,#2603,#467,.T.);
#3273=EDGE_CURVE('',#2603,#2604,#1730,.T.);
#3274=EDGE_CURVE('',#2604,#2604,#468,.T.);
#3275=EDGE_CURVE('',#2605,#2605,#469,.T.);
#3276=EDGE_CURVE('',#2605,#2606,#1731,.T.);
#3277=EDGE_CURVE('',#2606,#2606,#470,.T.);
#3278=EDGE_CURVE('',#2607,#2607,#471,.T.);
#3279=EDGE_CURVE('',#2607,#2608,#1732,.T.);
#3280=EDGE_CURVE('',#2608,#2608,#472,.T.);
#3281=EDGE_CURVE('',#2609,#2609,#473,.T.);
#3282=EDGE_CURVE('',#2609,#2610,#1733,.T.);
#3283=EDGE_CURVE('',#2610,#2610,#474,.T.);
#3284=EDGE_CURVE('',#2611,#2611,#475,.T.);
#3285=EDGE_CURVE('',#2611,#2612,#1734,.T.);
#3286=EDGE_CURVE('',#2612,#2612,#476,.T.);
#3287=EDGE_CURVE('',#2613,#2613,#477,.T.);
#3288=EDGE_CURVE('',#2613,#2614,#1735,.T.);
#3289=EDGE_CURVE('',#2614,#2614,#478,.T.);
#3290=EDGE_CURVE('',#2615,#2615,#479,.T.);
#3291=EDGE_CURVE('',#2615,#2616,#1736,.T.);
#3292=EDGE_CURVE('',#2616,#2616,#480,.T.);
#3293=EDGE_CURVE('',#2617,#2617,#481,.T.);
#3294=EDGE_CURVE('',#2617,#2618,#1737,.T.);
#3295=EDGE_CURVE('',#2618,#2618,#482,.T.);
#3296=EDGE_CURVE('',#2619,#2619,#483,.T.);
#3297=EDGE_CURVE('',#2619,#2620,#1738,.T.);
#3298=EDGE_CURVE('',#2620,#2620,#484,.T.);
#3299=EDGE_CURVE('',#2621,#2621,#485,.T.);
#3300=EDGE_CURVE('',#2621,#2622,#1739,.T.);
#3301=EDGE_CURVE('',#2622,#2622,#486,.T.);
#3302=EDGE_CURVE('',#2623,#2623,#487,.T.);
#3303=EDGE_CURVE('',#2623,#2624,#1740,.T.);
#3304=EDGE_CURVE('',#2624,#2624,#488,.T.);
#3305=EDGE_CURVE('',#2625,#2625,#489,.T.);
#3306=EDGE_CURVE('',#2625,#2626,#1741,.T.);
#3307=EDGE_CURVE('',#2626,#2626,#490,.T.);
#3308=EDGE_CURVE('',#2627,#2627,#491,.T.);
#3309=EDGE_CURVE('',#2627,#2628,#1742,.T.);
#3310=EDGE_CURVE('',#2628,#2628,#492,.T.);
#3311=EDGE_CURVE('',#2629,#2629,#493,.T.);
#3312=EDGE_CURVE('',#2629,#2630,#1743,.T.);
#3313=EDGE_CURVE('',#2630,#2630,#494,.T.);
#3314=EDGE_CURVE('',#2631,#2631,#495,.T.);
#3315=EDGE_CURVE('',#2631,#2632,#1744,.T.);
#3316=EDGE_CURVE('',#2632,#2632,#496,.T.);
#3317=ORIENTED_EDGE('',*,*,#2633,.F.);
#3318=ORIENTED_EDGE('',*,*,#2634,.T.);
#3319=ORIENTED_EDGE('',*,*,#2635,.T.);
#3320=ORIENTED_EDGE('',*,*,#2636,.F.);
#3321=ORIENTED_EDGE('',*,*,#2635,.F.);
#3322=ORIENTED_EDGE('',*,*,#2637,.T.);
#3323=ORIENTED_EDGE('',*,*,#2638,.T.);
#3324=ORIENTED_EDGE('',*,*,#2639,.F.);
#3325=ORIENTED_EDGE('',*,*,#2638,.F.);
#3326=ORIENTED_EDGE('',*,*,#2640,.T.);
#3327=ORIENTED_EDGE('',*,*,#2641,.T.);
#3328=ORIENTED_EDGE('',*,*,#2642,.F.);
#3329=ORIENTED_EDGE('',*,*,#2641,.F.);
#3330=ORIENTED_EDGE('',*,*,#2643,.T.);
#3331=ORIENTED_EDGE('',*,*,#2644,.T.);
#3332=ORIENTED_EDGE('',*,*,#2645,.F.);
#3333=ORIENTED_EDGE('',*,*,#2644,.F.);
#3334=ORIENTED_EDGE('',*,*,#2646,.T.);
#3335=ORIENTED_EDGE('',*,*,#2647,.T.);
#3336=ORIENTED_EDGE('',*,*,#2648,.F.);
#3337=ORIENTED_EDGE('',*,*,#2647,.F.);
#3338=ORIENTED_EDGE('',*,*,#2649,.T.);
#3339=ORIENTED_EDGE('',*,*,#2650,.T.);
#3340=ORIENTED_EDGE('',*,*,#2651,.F.);
#3341=ORIENTED_EDGE('',*,*,#2650,.F.);
#3342=ORIENTED_EDGE('',*,*,#2652,.T.);
#3343=ORIENTED_EDGE('',*,*,#2653,.T.);
#3344=ORIENTED_EDGE('',*,*,#2654,.F.);
#3345=ORIENTED_EDGE('',*,*,#2653,.F.);
#3346=ORIENTED_EDGE('',*,*,#2655,.T.);
#3347=ORIENTED_EDGE('',*,*,#2656,.T.);
#3348=ORIENTED_EDGE('',*,*,#2657,.F.);
#3349=ORIENTED_EDGE('',*,*,#2656,.F.);
#3350=ORIENTED_EDGE('',*,*,#2658,.T.);
#3351=ORIENTED_EDGE('',*,*,#2659,.T.);
#3352=ORIENTED_EDGE('',*,*,#2660,.F.);
#3353=ORIENTED_EDGE('',*,*,#2659,.F.);
#3354=ORIENTED_EDGE('',*,*,#2661,.T.);
#3355=ORIENTED_EDGE('',*,*,#2662,.T.);
#3356=ORIENTED_EDGE('',*,*,#2663,.F.);
#3357=ORIENTED_EDGE('',*,*,#2662,.F.);
#3358=ORIENTED_EDGE('',*,*,#2664,.T.);
#3359=ORIENTED_EDGE('',*,*,#2665,.T.);
#3360=ORIENTED_EDGE('',*,*,#2666,.F.);
#3361=ORIENTED_EDGE('',*,*,#2665,.F.);
#3362=ORIENTED_EDGE('',*,*,#2667,.T.);
#3363=ORIENTED_EDGE('',*,*,#2668,.T.);
#3364=ORIENTED_EDGE('',*,*,#2669,.F.);
#3365=ORIENTED_EDGE('',*,*,#2668,.F.);
#3366=ORIENTED_EDGE('',*,*,#2670,.T.);
#3367=ORIENTED_EDGE('',*,*,#2671,.T.);
#3368=ORIENTED_EDGE('',*,*,#2672,.F.);
#3369=ORIENTED_EDGE('',*,*,#2671,.F.);
#3370=ORIENTED_EDGE('',*,*,#2673,.T.);
#3371=ORIENTED_EDGE('',*,*,#2674,.T.);
#3372=ORIENTED_EDGE('',*,*,#2675,.F.);
#3373=ORIENTED_EDGE('',*,*,#2674,.F.);
#3374=ORIENTED_EDGE('',*,*,#2676,.T.);
#3375=ORIENTED_EDGE('',*,*,#2677,.T.);
#3376=ORIENTED_EDGE('',*,*,#2678,.F.);
#3377=ORIENTED_EDGE('',*,*,#2677,.F.);
#3378=ORIENTED_EDGE('',*,*,#2679,.T.);
#3379=ORIENTED_EDGE('',*,*,#2680,.T.);
#3380=ORIENTED_EDGE('',*,*,#2681,.F.);
#3381=ORIENTED_EDGE('',*,*,#2680,.F.);
#3382=ORIENTED_EDGE('',*,*,#2682,.T.);
#3383=ORIENTED_EDGE('',*,*,#2683,.T.);
#3384=ORIENTED_EDGE('',*,*,#2684,.F.);
#3385=ORIENTED_EDGE('',*,*,#2683,.F.);
#3386=ORIENTED_EDGE('',*,*,#2685,.T.);
#3387=ORIENTED_EDGE('',*,*,#2686,.T.);
#3388=ORIENTED_EDGE('',*,*,#2687,.F.);
#3389=ORIENTED_EDGE('',*,*,#2686,.F.);
#3390=ORIENTED_EDGE('',*,*,#2688,.T.);
#3391=ORIENTED_EDGE('',*,*,#2689,.T.);
#3392=ORIENTED_EDGE('',*,*,#2690,.F.);
#3393=ORIENTED_EDGE('',*,*,#2689,.F.);
#3394=ORIENTED_EDGE('',*,*,#2691,.T.);
#3395=ORIENTED_EDGE('',*,*,#2692,.T.);
#3396=ORIENTED_EDGE('',*,*,#2693,.F.);
#3397=ORIENTED_EDGE('',*,*,#2692,.F.);
#3398=ORIENTED_EDGE('',*,*,#2694,.T.);
#3399=ORIENTED_EDGE('',*,*,#2695,.T.);
#3400=ORIENTED_EDGE('',*,*,#2696,.F.);
#3401=ORIENTED_EDGE('',*,*,#2695,.F.);
#3402=ORIENTED_EDGE('',*,*,#2697,.T.);
#3403=ORIENTED_EDGE('',*,*,#2698,.T.);
#3404=ORIENTED_EDGE('',*,*,#2699,.F.);
#3405=ORIENTED_EDGE('',*,*,#2698,.F.);
#3406=ORIENTED_EDGE('',*,*,#2700,.T.);
#3407=ORIENTED_EDGE('',*,*,#2701,.T.);
#3408=ORIENTED_EDGE('',*,*,#2702,.F.);
#3409=ORIENTED_EDGE('',*,*,#2701,.F.);
#3410=ORIENTED_EDGE('',*,*,#2703,.T.);
#3411=ORIENTED_EDGE('',*,*,#2704,.T.);
#3412=ORIENTED_EDGE('',*,*,#2705,.F.);
#3413=ORIENTED_EDGE('',*,*,#2704,.F.);
#3414=ORIENTED_EDGE('',*,*,#2706,.T.);
#3415=ORIENTED_EDGE('',*,*,#2707,.T.);
#3416=ORIENTED_EDGE('',*,*,#2708,.F.);
#3417=ORIENTED_EDGE('',*,*,#2707,.F.);
#3418=ORIENTED_EDGE('',*,*,#2709,.T.);
#3419=ORIENTED_EDGE('',*,*,#2710,.T.);
#3420=ORIENTED_EDGE('',*,*,#2711,.F.);
#3421=ORIENTED_EDGE('',*,*,#2710,.F.);
#3422=ORIENTED_EDGE('',*,*,#2712,.T.);
#3423=ORIENTED_EDGE('',*,*,#2713,.T.);
#3424=ORIENTED_EDGE('',*,*,#2714,.F.);
#3425=ORIENTED_EDGE('',*,*,#2713,.F.);
#3426=ORIENTED_EDGE('',*,*,#2715,.T.);
#3427=ORIENTED_EDGE('',*,*,#2716,.T.);
#3428=ORIENTED_EDGE('',*,*,#2717,.F.);
#3429=ORIENTED_EDGE('',*,*,#2716,.F.);
#3430=ORIENTED_EDGE('',*,*,#2718,.T.);
#3431=ORIENTED_EDGE('',*,*,#2719,.T.);
#3432=ORIENTED_EDGE('',*,*,#2720,.F.);
#3433=ORIENTED_EDGE('',*,*,#2719,.F.);
#3434=ORIENTED_EDGE('',*,*,#2721,.T.);
#3435=ORIENTED_EDGE('',*,*,#2722,.T.);
#3436=ORIENTED_EDGE('',*,*,#2723,.F.);
#3437=ORIENTED_EDGE('',*,*,#2722,.F.);
#3438=ORIENTED_EDGE('',*,*,#2724,.T.);
#3439=ORIENTED_EDGE('',*,*,#2725,.T.);
#3440=ORIENTED_EDGE('',*,*,#2726,.F.);
#3441=ORIENTED_EDGE('',*,*,#2725,.F.);
#3442=ORIENTED_EDGE('',*,*,#2727,.T.);
#3443=ORIENTED_EDGE('',*,*,#2728,.T.);
#3444=ORIENTED_EDGE('',*,*,#2729,.F.);
#3445=ORIENTED_EDGE('',*,*,#2728,.F.);
#3446=ORIENTED_EDGE('',*,*,#2730,.T.);
#3447=ORIENTED_EDGE('',*,*,#2731,.T.);
#3448=ORIENTED_EDGE('',*,*,#2732,.F.);
#3449=ORIENTED_EDGE('',*,*,#2731,.F.);
#3450=ORIENTED_EDGE('',*,*,#2733,.T.);
#3451=ORIENTED_EDGE('',*,*,#2734,.T.);
#3452=ORIENTED_EDGE('',*,*,#2735,.F.);
#3453=ORIENTED_EDGE('',*,*,#2734,.F.);
#3454=ORIENTED_EDGE('',*,*,#2736,.T.);
#3455=ORIENTED_EDGE('',*,*,#2737,.T.);
#3456=ORIENTED_EDGE('',*,*,#2738,.F.);
#3457=ORIENTED_EDGE('',*,*,#2737,.F.);
#3458=ORIENTED_EDGE('',*,*,#2739,.T.);
#3459=ORIENTED_EDGE('',*,*,#2740,.T.);
#3460=ORIENTED_EDGE('',*,*,#2741,.F.);
#3461=ORIENTED_EDGE('',*,*,#2740,.F.);
#3462=ORIENTED_EDGE('',*,*,#2742,.T.);
#3463=ORIENTED_EDGE('',*,*,#2743,.T.);
#3464=ORIENTED_EDGE('',*,*,#2744,.F.);
#3465=ORIENTED_EDGE('',*,*,#2743,.F.);
#3466=ORIENTED_EDGE('',*,*,#2745,.T.);
#3467=ORIENTED_EDGE('',*,*,#2746,.T.);
#3468=ORIENTED_EDGE('',*,*,#2747,.F.);
#3469=ORIENTED_EDGE('',*,*,#2746,.F.);
#3470=ORIENTED_EDGE('',*,*,#2748,.T.);
#3471=ORIENTED_EDGE('',*,*,#2749,.T.);
#3472=ORIENTED_EDGE('',*,*,#2750,.F.);
#3473=ORIENTED_EDGE('',*,*,#2749,.F.);
#3474=ORIENTED_EDGE('',*,*,#2751,.T.);
#3475=ORIENTED_EDGE('',*,*,#2752,.T.);
#3476=ORIENTED_EDGE('',*,*,#2753,.F.);
#3477=ORIENTED_EDGE('',*,*,#2752,.F.);
#3478=ORIENTED_EDGE('',*,*,#2754,.T.);
#3479=ORIENTED_EDGE('',*,*,#2755,.T.);
#3480=ORIENTED_EDGE('',*,*,#2756,.F.);
#3481=ORIENTED_EDGE('',*,*,#2755,.F.);
#3482=ORIENTED_EDGE('',*,*,#2757,.T.);
#3483=ORIENTED_EDGE('',*,*,#2758,.T.);
#3484=ORIENTED_EDGE('',*,*,#2759,.F.);
#3485=ORIENTED_EDGE('',*,*,#2758,.F.);
#3486=ORIENTED_EDGE('',*,*,#2760,.T.);
#3487=ORIENTED_EDGE('',*,*,#2761,.T.);
#3488=ORIENTED_EDGE('',*,*,#2762,.F.);
#3489=ORIENTED_EDGE('',*,*,#2761,.F.);
#3490=ORIENTED_EDGE('',*,*,#2763,.T.);
#3491=ORIENTED_EDGE('',*,*,#2764,.T.);
#3492=ORIENTED_EDGE('',*,*,#2765,.F.);
#3493=ORIENTED_EDGE('',*,*,#2764,.F.);
#3494=ORIENTED_EDGE('',*,*,#2766,.T.);
#3495=ORIENTED_EDGE('',*,*,#2767,.T.);
#3496=ORIENTED_EDGE('',*,*,#2768,.F.);
#3497=ORIENTED_EDGE('',*,*,#2767,.F.);
#3498=ORIENTED_EDGE('',*,*,#2769,.T.);
#3499=ORIENTED_EDGE('',*,*,#2770,.T.);
#3500=ORIENTED_EDGE('',*,*,#2771,.F.);
#3501=ORIENTED_EDGE('',*,*,#2770,.F.);
#3502=ORIENTED_EDGE('',*,*,#2772,.T.);
#3503=ORIENTED_EDGE('',*,*,#2773,.T.);
#3504=ORIENTED_EDGE('',*,*,#2774,.F.);
#3505=ORIENTED_EDGE('',*,*,#2773,.F.);
#3506=ORIENTED_EDGE('',*,*,#2775,.T.);
#3507=ORIENTED_EDGE('',*,*,#2776,.T.);
#3508=ORIENTED_EDGE('',*,*,#2777,.F.);
#3509=ORIENTED_EDGE('',*,*,#2776,.F.);
#3510=ORIENTED_EDGE('',*,*,#2778,.T.);
#3511=ORIENTED_EDGE('',*,*,#2779,.T.);
#3512=ORIENTED_EDGE('',*,*,#2780,.F.);
#3513=ORIENTED_EDGE('',*,*,#2779,.F.);
#3514=ORIENTED_EDGE('',*,*,#2781,.T.);
#3515=ORIENTED_EDGE('',*,*,#2782,.T.);
#3516=ORIENTED_EDGE('',*,*,#2783,.F.);
#3517=ORIENTED_EDGE('',*,*,#2782,.F.);
#3518=ORIENTED_EDGE('',*,*,#2784,.T.);
#3519=ORIENTED_EDGE('',*,*,#2785,.T.);
#3520=ORIENTED_EDGE('',*,*,#2786,.F.);
#3521=ORIENTED_EDGE('',*,*,#2785,.F.);
#3522=ORIENTED_EDGE('',*,*,#2787,.T.);
#3523=ORIENTED_EDGE('',*,*,#2788,.T.);
#3524=ORIENTED_EDGE('',*,*,#2789,.F.);
#3525=ORIENTED_EDGE('',*,*,#2788,.F.);
#3526=ORIENTED_EDGE('',*,*,#2790,.T.);
#3527=ORIENTED_EDGE('',*,*,#2791,.T.);
#3528=ORIENTED_EDGE('',*,*,#2792,.F.);
#3529=ORIENTED_EDGE('',*,*,#2791,.F.);
#3530=ORIENTED_EDGE('',*,*,#2793,.T.);
#3531=ORIENTED_EDGE('',*,*,#2794,.T.);
#3532=ORIENTED_EDGE('',*,*,#2795,.F.);
#3533=ORIENTED_EDGE('',*,*,#2794,.F.);
#3534=ORIENTED_EDGE('',*,*,#2796,.T.);
#3535=ORIENTED_EDGE('',*,*,#2797,.T.);
#3536=ORIENTED_EDGE('',*,*,#2798,.F.);
#3537=ORIENTED_EDGE('',*,*,#2797,.F.);
#3538=ORIENTED_EDGE('',*,*,#2799,.T.);
#3539=ORIENTED_EDGE('',*,*,#2800,.T.);
#3540=ORIENTED_EDGE('',*,*,#2801,.F.);
#3541=ORIENTED_EDGE('',*,*,#2800,.F.);
#3542=ORIENTED_EDGE('',*,*,#2802,.T.);
#3543=ORIENTED_EDGE('',*,*,#2803,.T.);
#3544=ORIENTED_EDGE('',*,*,#2804,.F.);
#3545=ORIENTED_EDGE('',*,*,#2803,.F.);
#3546=ORIENTED_EDGE('',*,*,#2805,.T.);
#3547=ORIENTED_EDGE('',*,*,#2806,.T.);
#3548=ORIENTED_EDGE('',*,*,#2807,.F.);
#3549=ORIENTED_EDGE('',*,*,#2806,.F.);
#3550=ORIENTED_EDGE('',*,*,#2808,.T.);
#3551=ORIENTED_EDGE('',*,*,#2809,.T.);
#3552=ORIENTED_EDGE('',*,*,#2810,.F.);
#3553=ORIENTED_EDGE('',*,*,#2809,.F.);
#3554=ORIENTED_EDGE('',*,*,#2811,.T.);
#3555=ORIENTED_EDGE('',*,*,#2812,.T.);
#3556=ORIENTED_EDGE('',*,*,#2813,.F.);
#3557=ORIENTED_EDGE('',*,*,#2812,.F.);
#3558=ORIENTED_EDGE('',*,*,#2814,.T.);
#3559=ORIENTED_EDGE('',*,*,#2815,.T.);
#3560=ORIENTED_EDGE('',*,*,#2816,.F.);
#3561=ORIENTED_EDGE('',*,*,#2815,.F.);
#3562=ORIENTED_EDGE('',*,*,#2817,.T.);
#3563=ORIENTED_EDGE('',*,*,#2818,.T.);
#3564=ORIENTED_EDGE('',*,*,#2819,.F.);
#3565=ORIENTED_EDGE('',*,*,#2818,.F.);
#3566=ORIENTED_EDGE('',*,*,#2820,.T.);
#3567=ORIENTED_EDGE('',*,*,#2821,.T.);
#3568=ORIENTED_EDGE('',*,*,#2822,.F.);
#3569=ORIENTED_EDGE('',*,*,#2821,.F.);
#3570=ORIENTED_EDGE('',*,*,#2823,.T.);
#3571=ORIENTED_EDGE('',*,*,#2824,.T.);
#3572=ORIENTED_EDGE('',*,*,#2825,.F.);
#3573=ORIENTED_EDGE('',*,*,#2824,.F.);
#3574=ORIENTED_EDGE('',*,*,#2826,.T.);
#3575=ORIENTED_EDGE('',*,*,#2827,.T.);
#3576=ORIENTED_EDGE('',*,*,#2828,.F.);
#3577=ORIENTED_EDGE('',*,*,#2827,.F.);
#3578=ORIENTED_EDGE('',*,*,#2829,.T.);
#3579=ORIENTED_EDGE('',*,*,#2830,.T.);
#3580=ORIENTED_EDGE('',*,*,#2831,.F.);
#3581=ORIENTED_EDGE('',*,*,#2830,.F.);
#3582=ORIENTED_EDGE('',*,*,#2832,.T.);
#3583=ORIENTED_EDGE('',*,*,#2833,.T.);
#3584=ORIENTED_EDGE('',*,*,#2834,.F.);
#3585=ORIENTED_EDGE('',*,*,#2833,.F.);
#3586=ORIENTED_EDGE('',*,*,#2835,.T.);
#3587=ORIENTED_EDGE('',*,*,#2836,.T.);
#3588=ORIENTED_EDGE('',*,*,#2837,.F.);
#3589=ORIENTED_EDGE('',*,*,#2836,.F.);
#3590=ORIENTED_EDGE('',*,*,#2838,.T.);
#3591=ORIENTED_EDGE('',*,*,#2839,.T.);
#3592=ORIENTED_EDGE('',*,*,#2840,.F.);
#3593=ORIENTED_EDGE('',*,*,#2839,.F.);
#3594=ORIENTED_EDGE('',*,*,#2841,.T.);
#3595=ORIENTED_EDGE('',*,*,#2842,.T.);
#3596=ORIENTED_EDGE('',*,*,#2843,.F.);
#3597=ORIENTED_EDGE('',*,*,#2842,.F.);
#3598=ORIENTED_EDGE('',*,*,#2844,.T.);
#3599=ORIENTED_EDGE('',*,*,#2845,.T.);
#3600=ORIENTED_EDGE('',*,*,#2846,.F.);
#3601=ORIENTED_EDGE('',*,*,#2845,.F.);
#3602=ORIENTED_EDGE('',*,*,#2847,.T.);
#3603=ORIENTED_EDGE('',*,*,#2848,.T.);
#3604=ORIENTED_EDGE('',*,*,#2849,.F.);
#3605=ORIENTED_EDGE('',*,*,#2848,.F.);
#3606=ORIENTED_EDGE('',*,*,#2850,.T.);
#3607=ORIENTED_EDGE('',*,*,#2851,.T.);
#3608=ORIENTED_EDGE('',*,*,#2852,.F.);
#3609=ORIENTED_EDGE('',*,*,#2851,.F.);
#3610=ORIENTED_EDGE('',*,*,#2853,.T.);
#3611=ORIENTED_EDGE('',*,*,#2854,.T.);
#3612=ORIENTED_EDGE('',*,*,#2855,.F.);
#3613=ORIENTED_EDGE('',*,*,#2854,.F.);
#3614=ORIENTED_EDGE('',*,*,#2856,.T.);
#3615=ORIENTED_EDGE('',*,*,#2857,.T.);
#3616=ORIENTED_EDGE('',*,*,#2858,.F.);
#3617=ORIENTED_EDGE('',*,*,#2857,.F.);
#3618=ORIENTED_EDGE('',*,*,#2859,.T.);
#3619=ORIENTED_EDGE('',*,*,#2860,.T.);
#3620=ORIENTED_EDGE('',*,*,#2861,.F.);
#3621=ORIENTED_EDGE('',*,*,#2860,.F.);
#3622=ORIENTED_EDGE('',*,*,#2862,.T.);
#3623=ORIENTED_EDGE('',*,*,#2863,.T.);
#3624=ORIENTED_EDGE('',*,*,#2864,.F.);
#3625=ORIENTED_EDGE('',*,*,#2863,.F.);
#3626=ORIENTED_EDGE('',*,*,#2865,.T.);
#3627=ORIENTED_EDGE('',*,*,#2866,.T.);
#3628=ORIENTED_EDGE('',*,*,#2867,.F.);
#3629=ORIENTED_EDGE('',*,*,#2866,.F.);
#3630=ORIENTED_EDGE('',*,*,#2868,.T.);
#3631=ORIENTED_EDGE('',*,*,#2869,.T.);
#3632=ORIENTED_EDGE('',*,*,#2870,.F.);
#3633=ORIENTED_EDGE('',*,*,#2869,.F.);
#3634=ORIENTED_EDGE('',*,*,#2871,.T.);
#3635=ORIENTED_EDGE('',*,*,#2633,.T.);
#3636=ORIENTED_EDGE('',*,*,#2872,.F.);
#3637=ORIENTED_EDGE('',*,*,#2873,.T.);
#3638=ORIENTED_EDGE('',*,*,#2874,.T.);
#3639=ORIENTED_EDGE('',*,*,#2875,.F.);
#3640=ORIENTED_EDGE('',*,*,#2876,.F.);
#3641=ORIENTED_EDGE('',*,*,#2875,.T.);
#3642=ORIENTED_EDGE('',*,*,#2877,.T.);
#3643=ORIENTED_EDGE('',*,*,#2878,.F.);
#3644=ORIENTED_EDGE('',*,*,#2879,.F.);
#3645=ORIENTED_EDGE('',*,*,#2878,.T.);
#3646=ORIENTED_EDGE('',*,*,#2880,.T.);
#3647=ORIENTED_EDGE('',*,*,#2881,.F.);
#3648=ORIENTED_EDGE('',*,*,#2882,.F.);
#3649=ORIENTED_EDGE('',*,*,#2881,.T.);
#3650=ORIENTED_EDGE('',*,*,#2883,.T.);
#3651=ORIENTED_EDGE('',*,*,#2873,.F.);
#3652=ORIENTED_EDGE('',*,*,#2884,.F.);
#3653=ORIENTED_EDGE('',*,*,#2885,.T.);
#3654=ORIENTED_EDGE('',*,*,#2886,.T.);
#3655=ORIENTED_EDGE('',*,*,#2887,.F.);
#3656=ORIENTED_EDGE('',*,*,#2886,.F.);
#3657=ORIENTED_EDGE('',*,*,#2888,.T.);
#3658=ORIENTED_EDGE('',*,*,#2889,.T.);
#3659=ORIENTED_EDGE('',*,*,#2890,.F.);
#3660=ORIENTED_EDGE('',*,*,#2891,.F.);
#3661=ORIENTED_EDGE('',*,*,#2890,.T.);
#3662=ORIENTED_EDGE('',*,*,#2892,.T.);
#3663=ORIENTED_EDGE('',*,*,#2893,.F.);
#3664=ORIENTED_EDGE('',*,*,#2894,.F.);
#3665=ORIENTED_EDGE('',*,*,#2893,.T.);
#3666=ORIENTED_EDGE('',*,*,#2895,.T.);
#3667=ORIENTED_EDGE('',*,*,#2896,.F.);
#3668=ORIENTED_EDGE('',*,*,#2897,.F.);
#3669=ORIENTED_EDGE('',*,*,#2896,.T.);
#3670=ORIENTED_EDGE('',*,*,#2898,.T.);
#3671=ORIENTED_EDGE('',*,*,#2888,.F.);
#3672=ORIENTED_EDGE('',*,*,#2899,.F.);
#3673=ORIENTED_EDGE('',*,*,#2900,.T.);
#3674=ORIENTED_EDGE('',*,*,#2901,.T.);
#3675=ORIENTED_EDGE('',*,*,#2902,.F.);
#3676=ORIENTED_EDGE('',*,*,#2901,.F.);
#3677=ORIENTED_EDGE('',*,*,#2903,.T.);
#3678=ORIENTED_EDGE('',*,*,#2904,.T.);
#3679=ORIENTED_EDGE('',*,*,#2905,.F.);
#3680=ORIENTED_EDGE('',*,*,#2906,.F.);
#3681=ORIENTED_EDGE('',*,*,#2905,.T.);
#3682=ORIENTED_EDGE('',*,*,#2907,.T.);
#3683=ORIENTED_EDGE('',*,*,#2908,.F.);
#3684=ORIENTED_EDGE('',*,*,#2909,.F.);
#3685=ORIENTED_EDGE('',*,*,#2908,.T.);
#3686=ORIENTED_EDGE('',*,*,#2910,.T.);
#3687=ORIENTED_EDGE('',*,*,#2911,.F.);
#3688=ORIENTED_EDGE('',*,*,#2912,.F.);
#3689=ORIENTED_EDGE('',*,*,#2911,.T.);
#3690=ORIENTED_EDGE('',*,*,#2913,.T.);
#3691=ORIENTED_EDGE('',*,*,#2903,.F.);
#3692=ORIENTED_EDGE('',*,*,#2914,.F.);
#3693=ORIENTED_EDGE('',*,*,#2915,.T.);
#3694=ORIENTED_EDGE('',*,*,#2916,.T.);
#3695=ORIENTED_EDGE('',*,*,#2917,.F.);
#3696=ORIENTED_EDGE('',*,*,#2916,.F.);
#3697=ORIENTED_EDGE('',*,*,#2918,.T.);
#3698=ORIENTED_EDGE('',*,*,#2919,.T.);
#3699=ORIENTED_EDGE('',*,*,#2920,.F.);
#3700=ORIENTED_EDGE('',*,*,#2921,.F.);
#3701=ORIENTED_EDGE('',*,*,#2920,.T.);
#3702=ORIENTED_EDGE('',*,*,#2922,.T.);
#3703=ORIENTED_EDGE('',*,*,#2923,.F.);
#3704=ORIENTED_EDGE('',*,*,#2924,.F.);
#3705=ORIENTED_EDGE('',*,*,#2923,.T.);
#3706=ORIENTED_EDGE('',*,*,#2925,.T.);
#3707=ORIENTED_EDGE('',*,*,#2926,.F.);
#3708=ORIENTED_EDGE('',*,*,#2927,.F.);
#3709=ORIENTED_EDGE('',*,*,#2926,.T.);
#3710=ORIENTED_EDGE('',*,*,#2928,.T.);
#3711=ORIENTED_EDGE('',*,*,#2918,.F.);
#3712=ORIENTED_EDGE('',*,*,#2929,.F.);
#3713=ORIENTED_EDGE('',*,*,#2930,.T.);
#3714=ORIENTED_EDGE('',*,*,#2931,.T.);
#3715=ORIENTED_EDGE('',*,*,#2932,.F.);
#3716=ORIENTED_EDGE('',*,*,#2933,.F.);
#3717=ORIENTED_EDGE('',*,*,#2932,.T.);
#3718=ORIENTED_EDGE('',*,*,#2934,.T.);
#3719=ORIENTED_EDGE('',*,*,#2935,.F.);
#3720=ORIENTED_EDGE('',*,*,#2936,.F.);
#3721=ORIENTED_EDGE('',*,*,#2935,.T.);
#3722=ORIENTED_EDGE('',*,*,#2937,.T.);
#3723=ORIENTED_EDGE('',*,*,#2938,.F.);
#3724=ORIENTED_EDGE('',*,*,#2939,.F.);
#3725=ORIENTED_EDGE('',*,*,#2938,.T.);
#3726=ORIENTED_EDGE('',*,*,#2940,.T.);
#3727=ORIENTED_EDGE('',*,*,#2930,.F.);
#3728=ORIENTED_EDGE('',*,*,#2941,.F.);
#3729=ORIENTED_EDGE('',*,*,#2942,.T.);
#3730=ORIENTED_EDGE('',*,*,#2943,.T.);
#3731=ORIENTED_EDGE('',*,*,#2944,.F.);
#3732=ORIENTED_EDGE('',*,*,#2945,.F.);
#3733=ORIENTED_EDGE('',*,*,#2944,.T.);
#3734=ORIENTED_EDGE('',*,*,#2946,.T.);
#3735=ORIENTED_EDGE('',*,*,#2947,.F.);
#3736=ORIENTED_EDGE('',*,*,#2948,.F.);
#3737=ORIENTED_EDGE('',*,*,#2947,.T.);
#3738=ORIENTED_EDGE('',*,*,#2949,.T.);
#3739=ORIENTED_EDGE('',*,*,#2950,.F.);
#3740=ORIENTED_EDGE('',*,*,#2951,.F.);
#3741=ORIENTED_EDGE('',*,*,#2950,.T.);
#3742=ORIENTED_EDGE('',*,*,#2952,.T.);
#3743=ORIENTED_EDGE('',*,*,#2942,.F.);
#3744=ORIENTED_EDGE('',*,*,#2953,.F.);
#3745=ORIENTED_EDGE('',*,*,#2954,.T.);
#3746=ORIENTED_EDGE('',*,*,#2955,.T.);
#3747=ORIENTED_EDGE('',*,*,#2956,.F.);
#3748=ORIENTED_EDGE('',*,*,#2957,.F.);
#3749=ORIENTED_EDGE('',*,*,#2956,.T.);
#3750=ORIENTED_EDGE('',*,*,#2958,.T.);
#3751=ORIENTED_EDGE('',*,*,#2959,.F.);
#3752=ORIENTED_EDGE('',*,*,#2960,.F.);
#3753=ORIENTED_EDGE('',*,*,#2959,.T.);
#3754=ORIENTED_EDGE('',*,*,#2961,.T.);
#3755=ORIENTED_EDGE('',*,*,#2962,.F.);
#3756=ORIENTED_EDGE('',*,*,#2963,.F.);
#3757=ORIENTED_EDGE('',*,*,#2962,.T.);
#3758=ORIENTED_EDGE('',*,*,#2964,.T.);
#3759=ORIENTED_EDGE('',*,*,#2954,.F.);
#3760=ORIENTED_EDGE('',*,*,#2965,.F.);
#3761=ORIENTED_EDGE('',*,*,#2966,.T.);
#3762=ORIENTED_EDGE('',*,*,#2967,.T.);
#3763=ORIENTED_EDGE('',*,*,#2968,.F.);
#3764=ORIENTED_EDGE('',*,*,#2967,.F.);
#3765=ORIENTED_EDGE('',*,*,#2969,.T.);
#3766=ORIENTED_EDGE('',*,*,#2970,.T.);
#3767=ORIENTED_EDGE('',*,*,#2971,.F.);
#3768=ORIENTED_EDGE('',*,*,#2970,.F.);
#3769=ORIENTED_EDGE('',*,*,#2972,.T.);
#3770=ORIENTED_EDGE('',*,*,#2973,.T.);
#3771=ORIENTED_EDGE('',*,*,#2974,.F.);
#3772=ORIENTED_EDGE('',*,*,#2973,.F.);
#3773=ORIENTED_EDGE('',*,*,#2975,.T.);
#3774=ORIENTED_EDGE('',*,*,#2976,.T.);
#3775=ORIENTED_EDGE('',*,*,#2977,.F.);
#3776=ORIENTED_EDGE('',*,*,#2976,.F.);
#3777=ORIENTED_EDGE('',*,*,#2978,.T.);
#3778=ORIENTED_EDGE('',*,*,#2979,.T.);
#3779=ORIENTED_EDGE('',*,*,#2980,.F.);
#3780=ORIENTED_EDGE('',*,*,#2981,.F.);
#3781=ORIENTED_EDGE('',*,*,#2980,.T.);
#3782=ORIENTED_EDGE('',*,*,#2982,.T.);
#3783=ORIENTED_EDGE('',*,*,#2983,.F.);
#3784=ORIENTED_EDGE('',*,*,#2984,.F.);
#3785=ORIENTED_EDGE('',*,*,#2983,.T.);
#3786=ORIENTED_EDGE('',*,*,#2985,.T.);
#3787=ORIENTED_EDGE('',*,*,#2986,.F.);
#3788=ORIENTED_EDGE('',*,*,#2987,.F.);
#3789=ORIENTED_EDGE('',*,*,#2986,.T.);
#3790=ORIENTED_EDGE('',*,*,#2988,.T.);
#3791=ORIENTED_EDGE('',*,*,#2978,.F.);
#3792=ORIENTED_EDGE('',*,*,#2989,.F.);
#3793=ORIENTED_EDGE('',*,*,#2990,.T.);
#3794=ORIENTED_EDGE('',*,*,#2991,.T.);
#3795=ORIENTED_EDGE('',*,*,#2992,.F.);
#3796=ORIENTED_EDGE('',*,*,#2993,.F.);
#3797=ORIENTED_EDGE('',*,*,#2992,.T.);
#3798=ORIENTED_EDGE('',*,*,#2994,.T.);
#3799=ORIENTED_EDGE('',*,*,#2995,.F.);
#3800=ORIENTED_EDGE('',*,*,#2996,.F.);
#3801=ORIENTED_EDGE('',*,*,#2995,.T.);
#3802=ORIENTED_EDGE('',*,*,#2997,.T.);
#3803=ORIENTED_EDGE('',*,*,#2998,.F.);
#3804=ORIENTED_EDGE('',*,*,#2999,.F.);
#3805=ORIENTED_EDGE('',*,*,#2998,.T.);
#3806=ORIENTED_EDGE('',*,*,#3000,.T.);
#3807=ORIENTED_EDGE('',*,*,#2990,.F.);
#3808=ORIENTED_EDGE('',*,*,#3001,.F.);
#3809=ORIENTED_EDGE('',*,*,#3002,.T.);
#3810=ORIENTED_EDGE('',*,*,#3003,.T.);
#3811=ORIENTED_EDGE('',*,*,#3004,.F.);
#3812=ORIENTED_EDGE('',*,*,#3003,.F.);
#3813=ORIENTED_EDGE('',*,*,#3005,.T.);
#3814=ORIENTED_EDGE('',*,*,#3006,.T.);
#3815=ORIENTED_EDGE('',*,*,#3007,.F.);
#3816=ORIENTED_EDGE('',*,*,#3008,.F.);
#3817=ORIENTED_EDGE('',*,*,#3007,.T.);
#3818=ORIENTED_EDGE('',*,*,#3009,.T.);
#3819=ORIENTED_EDGE('',*,*,#3010,.F.);
#3820=ORIENTED_EDGE('',*,*,#3011,.F.);
#3821=ORIENTED_EDGE('',*,*,#3010,.T.);
#3822=ORIENTED_EDGE('',*,*,#3012,.T.);
#3823=ORIENTED_EDGE('',*,*,#3013,.F.);
#3824=ORIENTED_EDGE('',*,*,#3014,.F.);
#3825=ORIENTED_EDGE('',*,*,#3013,.T.);
#3826=ORIENTED_EDGE('',*,*,#3015,.T.);
#3827=ORIENTED_EDGE('',*,*,#3005,.F.);
#3828=ORIENTED_EDGE('',*,*,#3016,.F.);
#3829=ORIENTED_EDGE('',*,*,#3017,.T.);
#3830=ORIENTED_EDGE('',*,*,#3018,.T.);
#3831=ORIENTED_EDGE('',*,*,#3019,.F.);
#3832=ORIENTED_EDGE('',*,*,#3018,.F.);
#3833=ORIENTED_EDGE('',*,*,#3020,.T.);
#3834=ORIENTED_EDGE('',*,*,#3021,.T.);
#3835=ORIENTED_EDGE('',*,*,#3022,.F.);
#3836=ORIENTED_EDGE('',*,*,#3021,.F.);
#3837=ORIENTED_EDGE('',*,*,#3023,.T.);
#3838=ORIENTED_EDGE('',*,*,#3024,.T.);
#3839=ORIENTED_EDGE('',*,*,#3025,.F.);
#3840=ORIENTED_EDGE('',*,*,#3026,.F.);
#3841=ORIENTED_EDGE('',*,*,#3025,.T.);
#3842=ORIENTED_EDGE('',*,*,#3027,.T.);
#3843=ORIENTED_EDGE('',*,*,#3028,.F.);
#3844=ORIENTED_EDGE('',*,*,#3029,.F.);
#3845=ORIENTED_EDGE('',*,*,#3028,.T.);
#3846=ORIENTED_EDGE('',*,*,#3030,.T.);
#3847=ORIENTED_EDGE('',*,*,#3031,.F.);
#3848=ORIENTED_EDGE('',*,*,#3032,.F.);
#3849=ORIENTED_EDGE('',*,*,#3031,.T.);
#3850=ORIENTED_EDGE('',*,*,#3033,.T.);
#3851=ORIENTED_EDGE('',*,*,#3023,.F.);
#3852=ORIENTED_EDGE('',*,*,#3034,.F.);
#3853=ORIENTED_EDGE('',*,*,#3035,.T.);
#3854=ORIENTED_EDGE('',*,*,#3036,.T.);
#3855=ORIENTED_EDGE('',*,*,#3037,.F.);
#3856=ORIENTED_EDGE('',*,*,#3036,.F.);
#3857=ORIENTED_EDGE('',*,*,#3038,.T.);
#3858=ORIENTED_EDGE('',*,*,#3039,.T.);
#3859=ORIENTED_EDGE('',*,*,#3040,.F.);
#3860=ORIENTED_EDGE('',*,*,#3039,.F.);
#3861=ORIENTED_EDGE('',*,*,#3041,.T.);
#3862=ORIENTED_EDGE('',*,*,#3042,.T.);
#3863=ORIENTED_EDGE('',*,*,#3043,.F.);
#3864=ORIENTED_EDGE('',*,*,#3042,.F.);
#3865=ORIENTED_EDGE('',*,*,#3044,.T.);
#3866=ORIENTED_EDGE('',*,*,#3045,.T.);
#3867=ORIENTED_EDGE('',*,*,#3046,.F.);
#3868=ORIENTED_EDGE('',*,*,#3045,.F.);
#3869=ORIENTED_EDGE('',*,*,#3047,.T.);
#3870=ORIENTED_EDGE('',*,*,#3048,.T.);
#3871=ORIENTED_EDGE('',*,*,#3049,.F.);
#3872=ORIENTED_EDGE('',*,*,#3048,.F.);
#3873=ORIENTED_EDGE('',*,*,#3050,.T.);
#3874=ORIENTED_EDGE('',*,*,#3051,.T.);
#3875=ORIENTED_EDGE('',*,*,#3052,.F.);
#3876=ORIENTED_EDGE('',*,*,#3051,.F.);
#3877=ORIENTED_EDGE('',*,*,#3053,.T.);
#3878=ORIENTED_EDGE('',*,*,#3054,.T.);
#3879=ORIENTED_EDGE('',*,*,#3055,.F.);
#3880=ORIENTED_EDGE('',*,*,#3054,.F.);
#3881=ORIENTED_EDGE('',*,*,#3056,.T.);
#3882=ORIENTED_EDGE('',*,*,#3057,.T.);
#3883=ORIENTED_EDGE('',*,*,#3058,.F.);
#3884=ORIENTED_EDGE('',*,*,#3057,.F.);
#3885=ORIENTED_EDGE('',*,*,#3059,.T.);
#3886=ORIENTED_EDGE('',*,*,#3060,.T.);
#3887=ORIENTED_EDGE('',*,*,#3061,.F.);
#3888=ORIENTED_EDGE('',*,*,#3060,.F.);
#3889=ORIENTED_EDGE('',*,*,#3062,.T.);
#3890=ORIENTED_EDGE('',*,*,#3063,.T.);
#3891=ORIENTED_EDGE('',*,*,#3064,.F.);
#3892=ORIENTED_EDGE('',*,*,#3063,.F.);
#3893=ORIENTED_EDGE('',*,*,#3065,.T.);
#3894=ORIENTED_EDGE('',*,*,#3066,.T.);
#3895=ORIENTED_EDGE('',*,*,#3067,.F.);
#3896=ORIENTED_EDGE('',*,*,#3066,.F.);
#3897=ORIENTED_EDGE('',*,*,#3068,.T.);
#3898=ORIENTED_EDGE('',*,*,#3069,.T.);
#3899=ORIENTED_EDGE('',*,*,#3070,.F.);
#3900=ORIENTED_EDGE('',*,*,#3069,.F.);
#3901=ORIENTED_EDGE('',*,*,#3071,.T.);
#3902=ORIENTED_EDGE('',*,*,#3072,.T.);
#3903=ORIENTED_EDGE('',*,*,#3073,.F.);
#3904=ORIENTED_EDGE('',*,*,#3072,.F.);
#3905=ORIENTED_EDGE('',*,*,#3074,.T.);
#3906=ORIENTED_EDGE('',*,*,#3075,.T.);
#3907=ORIENTED_EDGE('',*,*,#3076,.F.);
#3908=ORIENTED_EDGE('',*,*,#3075,.F.);
#3909=ORIENTED_EDGE('',*,*,#3077,.T.);
#3910=ORIENTED_EDGE('',*,*,#3078,.T.);
#3911=ORIENTED_EDGE('',*,*,#3079,.F.);
#3912=ORIENTED_EDGE('',*,*,#3078,.F.);
#3913=ORIENTED_EDGE('',*,*,#3080,.T.);
#3914=ORIENTED_EDGE('',*,*,#3081,.T.);
#3915=ORIENTED_EDGE('',*,*,#3082,.F.);
#3916=ORIENTED_EDGE('',*,*,#3081,.F.);
#3917=ORIENTED_EDGE('',*,*,#3083,.T.);
#3918=ORIENTED_EDGE('',*,*,#3084,.T.);
#3919=ORIENTED_EDGE('',*,*,#3085,.F.);
#3920=ORIENTED_EDGE('',*,*,#3084,.F.);
#3921=ORIENTED_EDGE('',*,*,#3086,.T.);
#3922=ORIENTED_EDGE('',*,*,#3087,.T.);
#3923=ORIENTED_EDGE('',*,*,#3088,.F.);
#3924=ORIENTED_EDGE('',*,*,#3087,.F.);
#3925=ORIENTED_EDGE('',*,*,#3089,.T.);
#3926=ORIENTED_EDGE('',*,*,#3090,.T.);
#3927=ORIENTED_EDGE('',*,*,#3091,.F.);
#3928=ORIENTED_EDGE('',*,*,#3090,.F.);
#3929=ORIENTED_EDGE('',*,*,#3092,.T.);
#3930=ORIENTED_EDGE('',*,*,#3093,.T.);
#3931=ORIENTED_EDGE('',*,*,#3094,.F.);
#3932=ORIENTED_EDGE('',*,*,#3093,.F.);
#3933=ORIENTED_EDGE('',*,*,#3095,.T.);
#3934=ORIENTED_EDGE('',*,*,#3096,.T.);
#3935=ORIENTED_EDGE('',*,*,#3097,.F.);
#3936=ORIENTED_EDGE('',*,*,#3096,.F.);
#3937=ORIENTED_EDGE('',*,*,#3098,.T.);
#3938=ORIENTED_EDGE('',*,*,#3099,.T.);
#3939=ORIENTED_EDGE('',*,*,#3100,.F.);
#3940=ORIENTED_EDGE('',*,*,#3099,.F.);
#3941=ORIENTED_EDGE('',*,*,#3101,.T.);
#3942=ORIENTED_EDGE('',*,*,#3102,.T.);
#3943=ORIENTED_EDGE('',*,*,#3103,.F.);
#3944=ORIENTED_EDGE('',*,*,#3102,.F.);
#3945=ORIENTED_EDGE('',*,*,#3104,.T.);
#3946=ORIENTED_EDGE('',*,*,#3105,.T.);
#3947=ORIENTED_EDGE('',*,*,#3106,.F.);
#3948=ORIENTED_EDGE('',*,*,#3105,.F.);
#3949=ORIENTED_EDGE('',*,*,#3107,.T.);
#3950=ORIENTED_EDGE('',*,*,#3108,.T.);
#3951=ORIENTED_EDGE('',*,*,#3109,.F.);
#3952=ORIENTED_EDGE('',*,*,#3108,.F.);
#3953=ORIENTED_EDGE('',*,*,#3110,.T.);
#3954=ORIENTED_EDGE('',*,*,#3111,.T.);
#3955=ORIENTED_EDGE('',*,*,#3112,.F.);
#3956=ORIENTED_EDGE('',*,*,#3111,.F.);
#3957=ORIENTED_EDGE('',*,*,#3113,.T.);
#3958=ORIENTED_EDGE('',*,*,#3114,.T.);
#3959=ORIENTED_EDGE('',*,*,#3115,.F.);
#3960=ORIENTED_EDGE('',*,*,#3114,.F.);
#3961=ORIENTED_EDGE('',*,*,#3116,.T.);
#3962=ORIENTED_EDGE('',*,*,#3117,.T.);
#3963=ORIENTED_EDGE('',*,*,#3118,.F.);
#3964=ORIENTED_EDGE('',*,*,#3117,.F.);
#3965=ORIENTED_EDGE('',*,*,#3119,.T.);
#3966=ORIENTED_EDGE('',*,*,#3120,.T.);
#3967=ORIENTED_EDGE('',*,*,#3121,.F.);
#3968=ORIENTED_EDGE('',*,*,#3120,.F.);
#3969=ORIENTED_EDGE('',*,*,#3122,.T.);
#3970=ORIENTED_EDGE('',*,*,#3123,.T.);
#3971=ORIENTED_EDGE('',*,*,#3124,.F.);
#3972=ORIENTED_EDGE('',*,*,#3123,.F.);
#3973=ORIENTED_EDGE('',*,*,#3125,.T.);
#3974=ORIENTED_EDGE('',*,*,#3126,.T.);
#3975=ORIENTED_EDGE('',*,*,#3127,.F.);
#3976=ORIENTED_EDGE('',*,*,#3126,.F.);
#3977=ORIENTED_EDGE('',*,*,#3128,.T.);
#3978=ORIENTED_EDGE('',*,*,#3129,.T.);
#3979=ORIENTED_EDGE('',*,*,#3130,.F.);
#3980=ORIENTED_EDGE('',*,*,#3129,.F.);
#3981=ORIENTED_EDGE('',*,*,#3131,.T.);
#3982=ORIENTED_EDGE('',*,*,#3132,.T.);
#3983=ORIENTED_EDGE('',*,*,#3133,.F.);
#3984=ORIENTED_EDGE('',*,*,#3132,.F.);
#3985=ORIENTED_EDGE('',*,*,#3134,.T.);
#3986=ORIENTED_EDGE('',*,*,#3135,.T.);
#3987=ORIENTED_EDGE('',*,*,#3136,.F.);
#3988=ORIENTED_EDGE('',*,*,#3135,.F.);
#3989=ORIENTED_EDGE('',*,*,#3137,.T.);
#3990=ORIENTED_EDGE('',*,*,#3138,.T.);
#3991=ORIENTED_EDGE('',*,*,#3139,.F.);
#3992=ORIENTED_EDGE('',*,*,#3138,.F.);
#3993=ORIENTED_EDGE('',*,*,#3140,.T.);
#3994=ORIENTED_EDGE('',*,*,#3141,.T.);
#3995=ORIENTED_EDGE('',*,*,#3142,.F.);
#3996=ORIENTED_EDGE('',*,*,#3141,.F.);
#3997=ORIENTED_EDGE('',*,*,#3143,.T.);
#3998=ORIENTED_EDGE('',*,*,#3144,.T.);
#3999=ORIENTED_EDGE('',*,*,#3145,.F.);
#4000=ORIENTED_EDGE('',*,*,#3144,.F.);
#4001=ORIENTED_EDGE('',*,*,#3146,.T.);
#4002=ORIENTED_EDGE('',*,*,#3147,.T.);
#4003=ORIENTED_EDGE('',*,*,#3148,.F.);
#4004=ORIENTED_EDGE('',*,*,#3147,.F.);
#4005=ORIENTED_EDGE('',*,*,#3149,.T.);
#4006=ORIENTED_EDGE('',*,*,#3150,.T.);
#4007=ORIENTED_EDGE('',*,*,#3151,.F.);
#4008=ORIENTED_EDGE('',*,*,#3150,.F.);
#4009=ORIENTED_EDGE('',*,*,#3152,.T.);
#4010=ORIENTED_EDGE('',*,*,#3153,.T.);
#4011=ORIENTED_EDGE('',*,*,#3154,.F.);
#4012=ORIENTED_EDGE('',*,*,#3153,.F.);
#4013=ORIENTED_EDGE('',*,*,#3155,.T.);
#4014=ORIENTED_EDGE('',*,*,#3156,.T.);
#4015=ORIENTED_EDGE('',*,*,#3157,.F.);
#4016=ORIENTED_EDGE('',*,*,#3156,.F.);
#4017=ORIENTED_EDGE('',*,*,#3158,.T.);
#4018=ORIENTED_EDGE('',*,*,#3159,.T.);
#4019=ORIENTED_EDGE('',*,*,#3160,.F.);
#4020=ORIENTED_EDGE('',*,*,#3159,.F.);
#4021=ORIENTED_EDGE('',*,*,#3161,.T.);
#4022=ORIENTED_EDGE('',*,*,#3162,.T.);
#4023=ORIENTED_EDGE('',*,*,#3163,.F.);
#4024=ORIENTED_EDGE('',*,*,#3162,.F.);
#4025=ORIENTED_EDGE('',*,*,#3164,.T.);
#4026=ORIENTED_EDGE('',*,*,#3165,.T.);
#4027=ORIENTED_EDGE('',*,*,#3166,.F.);
#4028=ORIENTED_EDGE('',*,*,#3165,.F.);
#4029=ORIENTED_EDGE('',*,*,#3167,.T.);
#4030=ORIENTED_EDGE('',*,*,#3168,.T.);
#4031=ORIENTED_EDGE('',*,*,#3169,.F.);
#4032=ORIENTED_EDGE('',*,*,#3168,.F.);
#4033=ORIENTED_EDGE('',*,*,#3170,.T.);
#4034=ORIENTED_EDGE('',*,*,#3171,.T.);
#4035=ORIENTED_EDGE('',*,*,#3172,.F.);
#4036=ORIENTED_EDGE('',*,*,#3171,.F.);
#4037=ORIENTED_EDGE('',*,*,#3173,.T.);
#4038=ORIENTED_EDGE('',*,*,#3174,.T.);
#4039=ORIENTED_EDGE('',*,*,#3175,.F.);
#4040=ORIENTED_EDGE('',*,*,#3174,.F.);
#4041=ORIENTED_EDGE('',*,*,#3176,.T.);
#4042=ORIENTED_EDGE('',*,*,#3177,.T.);
#4043=ORIENTED_EDGE('',*,*,#3178,.F.);
#4044=ORIENTED_EDGE('',*,*,#3177,.F.);
#4045=ORIENTED_EDGE('',*,*,#3179,.T.);
#4046=ORIENTED_EDGE('',*,*,#3180,.T.);
#4047=ORIENTED_EDGE('',*,*,#3181,.F.);
#4048=ORIENTED_EDGE('',*,*,#3180,.F.);
#4049=ORIENTED_EDGE('',*,*,#3182,.T.);
#4050=ORIENTED_EDGE('',*,*,#3183,.T.);
#4051=ORIENTED_EDGE('',*,*,#3184,.F.);
#4052=ORIENTED_EDGE('',*,*,#3183,.F.);
#4053=ORIENTED_EDGE('',*,*,#3185,.T.);
#4054=ORIENTED_EDGE('',*,*,#3186,.T.);
#4055=ORIENTED_EDGE('',*,*,#3187,.F.);
#4056=ORIENTED_EDGE('',*,*,#3186,.F.);
#4057=ORIENTED_EDGE('',*,*,#3188,.T.);
#4058=ORIENTED_EDGE('',*,*,#3189,.T.);
#4059=ORIENTED_EDGE('',*,*,#3190,.F.);
#4060=ORIENTED_EDGE('',*,*,#3189,.F.);
#4061=ORIENTED_EDGE('',*,*,#3191,.T.);
#4062=ORIENTED_EDGE('',*,*,#3192,.T.);
#4063=ORIENTED_EDGE('',*,*,#3193,.F.);
#4064=ORIENTED_EDGE('',*,*,#3192,.F.);
#4065=ORIENTED_EDGE('',*,*,#3194,.T.);
#4066=ORIENTED_EDGE('',*,*,#3195,.T.);
#4067=ORIENTED_EDGE('',*,*,#3196,.F.);
#4068=ORIENTED_EDGE('',*,*,#3195,.F.);
#4069=ORIENTED_EDGE('',*,*,#3197,.T.);
#4070=ORIENTED_EDGE('',*,*,#3198,.T.);
#4071=ORIENTED_EDGE('',*,*,#3199,.F.);
#4072=ORIENTED_EDGE('',*,*,#3198,.F.);
#4073=ORIENTED_EDGE('',*,*,#3200,.T.);
#4074=ORIENTED_EDGE('',*,*,#3201,.T.);
#4075=ORIENTED_EDGE('',*,*,#3202,.F.);
#4076=ORIENTED_EDGE('',*,*,#3201,.F.);
#4077=ORIENTED_EDGE('',*,*,#3203,.T.);
#4078=ORIENTED_EDGE('',*,*,#3204,.T.);
#4079=ORIENTED_EDGE('',*,*,#3205,.F.);
#4080=ORIENTED_EDGE('',*,*,#3204,.F.);
#4081=ORIENTED_EDGE('',*,*,#3206,.T.);
#4082=ORIENTED_EDGE('',*,*,#3207,.T.);
#4083=ORIENTED_EDGE('',*,*,#3208,.F.);
#4084=ORIENTED_EDGE('',*,*,#3207,.F.);
#4085=ORIENTED_EDGE('',*,*,#3209,.T.);
#4086=ORIENTED_EDGE('',*,*,#3210,.T.);
#4087=ORIENTED_EDGE('',*,*,#3211,.F.);
#4088=ORIENTED_EDGE('',*,*,#3210,.F.);
#4089=ORIENTED_EDGE('',*,*,#3212,.T.);
#4090=ORIENTED_EDGE('',*,*,#3213,.T.);
#4091=ORIENTED_EDGE('',*,*,#3214,.F.);
#4092=ORIENTED_EDGE('',*,*,#3213,.F.);
#4093=ORIENTED_EDGE('',*,*,#3215,.T.);
#4094=ORIENTED_EDGE('',*,*,#3216,.T.);
#4095=ORIENTED_EDGE('',*,*,#3217,.F.);
#4096=ORIENTED_EDGE('',*,*,#3216,.F.);
#4097=ORIENTED_EDGE('',*,*,#3218,.T.);
#4098=ORIENTED_EDGE('',*,*,#3219,.T.);
#4099=ORIENTED_EDGE('',*,*,#3220,.F.);
#4100=ORIENTED_EDGE('',*,*,#3219,.F.);
#4101=ORIENTED_EDGE('',*,*,#3221,.T.);
#4102=ORIENTED_EDGE('',*,*,#3222,.T.);
#4103=ORIENTED_EDGE('',*,*,#3223,.F.);
#4104=ORIENTED_EDGE('',*,*,#3222,.F.);
#4105=ORIENTED_EDGE('',*,*,#3224,.T.);
#4106=ORIENTED_EDGE('',*,*,#3225,.T.);
#4107=ORIENTED_EDGE('',*,*,#3226,.F.);
#4108=ORIENTED_EDGE('',*,*,#3225,.F.);
#4109=ORIENTED_EDGE('',*,*,#3227,.T.);
#4110=ORIENTED_EDGE('',*,*,#3228,.T.);
#4111=ORIENTED_EDGE('',*,*,#3229,.F.);
#4112=ORIENTED_EDGE('',*,*,#3228,.F.);
#4113=ORIENTED_EDGE('',*,*,#3230,.T.);
#4114=ORIENTED_EDGE('',*,*,#3231,.T.);
#4115=ORIENTED_EDGE('',*,*,#3232,.F.);
#4116=ORIENTED_EDGE('',*,*,#3231,.F.);
#4117=ORIENTED_EDGE('',*,*,#3233,.T.);
#4118=ORIENTED_EDGE('',*,*,#3234,.T.);
#4119=ORIENTED_EDGE('',*,*,#3235,.F.);
#4120=ORIENTED_EDGE('',*,*,#3234,.F.);
#4121=ORIENTED_EDGE('',*,*,#3236,.T.);
#4122=ORIENTED_EDGE('',*,*,#3237,.T.);
#4123=ORIENTED_EDGE('',*,*,#3238,.F.);
#4124=ORIENTED_EDGE('',*,*,#3237,.F.);
#4125=ORIENTED_EDGE('',*,*,#3239,.T.);
#4126=ORIENTED_EDGE('',*,*,#3240,.T.);
#4127=ORIENTED_EDGE('',*,*,#3241,.F.);
#4128=ORIENTED_EDGE('',*,*,#3240,.F.);
#4129=ORIENTED_EDGE('',*,*,#3242,.T.);
#4130=ORIENTED_EDGE('',*,*,#3243,.T.);
#4131=ORIENTED_EDGE('',*,*,#3244,.F.);
#4132=ORIENTED_EDGE('',*,*,#3243,.F.);
#4133=ORIENTED_EDGE('',*,*,#3245,.T.);
#4134=ORIENTED_EDGE('',*,*,#3246,.T.);
#4135=ORIENTED_EDGE('',*,*,#3247,.F.);
#4136=ORIENTED_EDGE('',*,*,#3246,.F.);
#4137=ORIENTED_EDGE('',*,*,#3248,.T.);
#4138=ORIENTED_EDGE('',*,*,#3249,.T.);
#4139=ORIENTED_EDGE('',*,*,#3250,.F.);
#4140=ORIENTED_EDGE('',*,*,#3249,.F.);
#4141=ORIENTED_EDGE('',*,*,#3251,.T.);
#4142=ORIENTED_EDGE('',*,*,#3252,.T.);
#4143=ORIENTED_EDGE('',*,*,#3253,.F.);
#4144=ORIENTED_EDGE('',*,*,#3252,.F.);
#4145=ORIENTED_EDGE('',*,*,#3254,.T.);
#4146=ORIENTED_EDGE('',*,*,#3255,.T.);
#4147=ORIENTED_EDGE('',*,*,#3256,.F.);
#4148=ORIENTED_EDGE('',*,*,#3255,.F.);
#4149=ORIENTED_EDGE('',*,*,#3257,.T.);
#4150=ORIENTED_EDGE('',*,*,#3258,.T.);
#4151=ORIENTED_EDGE('',*,*,#3259,.F.);
#4152=ORIENTED_EDGE('',*,*,#3258,.F.);
#4153=ORIENTED_EDGE('',*,*,#3260,.T.);
#4154=ORIENTED_EDGE('',*,*,#3261,.T.);
#4155=ORIENTED_EDGE('',*,*,#3262,.F.);
#4156=ORIENTED_EDGE('',*,*,#3261,.F.);
#4157=ORIENTED_EDGE('',*,*,#3263,.T.);
#4158=ORIENTED_EDGE('',*,*,#3264,.T.);
#4159=ORIENTED_EDGE('',*,*,#3265,.F.);
#4160=ORIENTED_EDGE('',*,*,#3264,.F.);
#4161=ORIENTED_EDGE('',*,*,#3266,.T.);
#4162=ORIENTED_EDGE('',*,*,#3267,.T.);
#4163=ORIENTED_EDGE('',*,*,#3268,.F.);
#4164=ORIENTED_EDGE('',*,*,#3267,.F.);
#4165=ORIENTED_EDGE('',*,*,#3269,.T.);
#4166=ORIENTED_EDGE('',*,*,#3270,.T.);
#4167=ORIENTED_EDGE('',*,*,#3271,.F.);
#4168=ORIENTED_EDGE('',*,*,#3270,.F.);
#4169=ORIENTED_EDGE('',*,*,#3272,.T.);
#4170=ORIENTED_EDGE('',*,*,#3273,.T.);
#4171=ORIENTED_EDGE('',*,*,#3274,.F.);
#4172=ORIENTED_EDGE('',*,*,#3273,.F.);
#4173=ORIENTED_EDGE('',*,*,#3275,.T.);
#4174=ORIENTED_EDGE('',*,*,#3276,.T.);
#4175=ORIENTED_EDGE('',*,*,#3277,.F.);
#4176=ORIENTED_EDGE('',*,*,#3276,.F.);
#4177=ORIENTED_EDGE('',*,*,#3278,.T.);
#4178=ORIENTED_EDGE('',*,*,#3279,.T.);
#4179=ORIENTED_EDGE('',*,*,#3280,.F.);
#4180=ORIENTED_EDGE('',*,*,#3279,.F.);
#4181=ORIENTED_EDGE('',*,*,#3281,.T.);
#4182=ORIENTED_EDGE('',*,*,#3282,.T.);
#4183=ORIENTED_EDGE('',*,*,#3283,.F.);
#4184=ORIENTED_EDGE('',*,*,#3282,.F.);
#4185=ORIENTED_EDGE('',*,*,#3284,.T.);
#4186=ORIENTED_EDGE('',*,*,#3285,.T.);
#4187=ORIENTED_EDGE('',*,*,#3286,.F.);
#4188=ORIENTED_EDGE('',*,*,#3285,.F.);
#4189=ORIENTED_EDGE('',*,*,#3287,.T.);
#4190=ORIENTED_EDGE('',*,*,#3288,.T.);
#4191=ORIENTED_EDGE('',*,*,#3289,.F.);
#4192=ORIENTED_EDGE('',*,*,#3288,.F.);
#4193=ORIENTED_EDGE('',*,*,#3290,.T.);
#4194=ORIENTED_EDGE('',*,*,#3291,.T.);
#4195=ORIENTED_EDGE('',*,*,#3292,.F.);
#4196=ORIENTED_EDGE('',*,*,#3291,.F.);
#4197=ORIENTED_EDGE('',*,*,#3293,.T.);
#4198=ORIENTED_EDGE('',*,*,#3294,.T.);
#4199=ORIENTED_EDGE('',*,*,#3295,.F.);
#4200=ORIENTED_EDGE('',*,*,#3294,.F.);
#4201=ORIENTED_EDGE('',*,*,#3296,.T.);
#4202=ORIENTED_EDGE('',*,*,#3297,.T.);
#4203=ORIENTED_EDGE('',*,*,#3298,.F.);
#4204=ORIENTED_EDGE('',*,*,#3297,.F.);
#4205=ORIENTED_EDGE('',*,*,#3299,.T.);
#4206=ORIENTED_EDGE('',*,*,#3300,.T.);
#4207=ORIENTED_EDGE('',*,*,#3301,.F.);
#4208=ORIENTED_EDGE('',*,*,#3300,.F.);
#4209=ORIENTED_EDGE('',*,*,#3302,.T.);
#4210=ORIENTED_EDGE('',*,*,#3303,.T.);
#4211=ORIENTED_EDGE('',*,*,#3304,.F.);
#4212=ORIENTED_EDGE('',*,*,#3303,.F.);
#4213=ORIENTED_EDGE('',*,*,#3305,.T.);
#4214=ORIENTED_EDGE('',*,*,#3306,.T.);
#4215=ORIENTED_EDGE('',*,*,#3307,.F.);
#4216=ORIENTED_EDGE('',*,*,#3306,.F.);
#4217=ORIENTED_EDGE('',*,*,#3308,.T.);
#4218=ORIENTED_EDGE('',*,*,#3309,.T.);
#4219=ORIENTED_EDGE('',*,*,#3310,.F.);
#4220=ORIENTED_EDGE('',*,*,#3309,.F.);
#4221=ORIENTED_EDGE('',*,*,#3311,.T.);
#4222=ORIENTED_EDGE('',*,*,#3312,.T.);
#4223=ORIENTED_EDGE('',*,*,#3313,.F.);
#4224=ORIENTED_EDGE('',*,*,#3312,.F.);
#4225=ORIENTED_EDGE('',*,*,#3314,.T.);
#4226=ORIENTED_EDGE('',*,*,#3315,.T.);
#4227=ORIENTED_EDGE('',*,*,#3316,.F.);
#4228=ORIENTED_EDGE('',*,*,#3315,.F.);
#4229=ORIENTED_EDGE('',*,*,#2634,.F.);
#4230=ORIENTED_EDGE('',*,*,#2871,.F.);
#4231=ORIENTED_EDGE('',*,*,#2868,.F.);
#4232=ORIENTED_EDGE('',*,*,#2865,.F.);
#4233=ORIENTED_EDGE('',*,*,#2862,.F.);
#4234=ORIENTED_EDGE('',*,*,#2859,.F.);
#4235=ORIENTED_EDGE('',*,*,#2856,.F.);
#4236=ORIENTED_EDGE('',*,*,#2853,.F.);
#4237=ORIENTED_EDGE('',*,*,#2850,.F.);
#4238=ORIENTED_EDGE('',*,*,#2847,.F.);
#4239=ORIENTED_EDGE('',*,*,#2844,.F.);
#4240=ORIENTED_EDGE('',*,*,#2841,.F.);
#4241=ORIENTED_EDGE('',*,*,#2838,.F.);
#4242=ORIENTED_EDGE('',*,*,#2835,.F.);
#4243=ORIENTED_EDGE('',*,*,#2832,.F.);
#4244=ORIENTED_EDGE('',*,*,#2829,.F.);
#4245=ORIENTED_EDGE('',*,*,#2826,.F.);
#4246=ORIENTED_EDGE('',*,*,#2823,.F.);
#4247=ORIENTED_EDGE('',*,*,#2820,.F.);
#4248=ORIENTED_EDGE('',*,*,#2817,.F.);
#4249=ORIENTED_EDGE('',*,*,#2814,.F.);
#4250=ORIENTED_EDGE('',*,*,#2811,.F.);
#4251=ORIENTED_EDGE('',*,*,#2808,.F.);
#4252=ORIENTED_EDGE('',*,*,#2805,.F.);
#4253=ORIENTED_EDGE('',*,*,#2802,.F.);
#4254=ORIENTED_EDGE('',*,*,#2799,.F.);
#4255=ORIENTED_EDGE('',*,*,#2796,.F.);
#4256=ORIENTED_EDGE('',*,*,#2793,.F.);
#4257=ORIENTED_EDGE('',*,*,#2790,.F.);
#4258=ORIENTED_EDGE('',*,*,#2787,.F.);
#4259=ORIENTED_EDGE('',*,*,#2784,.F.);
#4260=ORIENTED_EDGE('',*,*,#2781,.F.);
#4261=ORIENTED_EDGE('',*,*,#2778,.F.);
#4262=ORIENTED_EDGE('',*,*,#2775,.F.);
#4263=ORIENTED_EDGE('',*,*,#2772,.F.);
#4264=ORIENTED_EDGE('',*,*,#2769,.F.);
#4265=ORIENTED_EDGE('',*,*,#2766,.F.);
#4266=ORIENTED_EDGE('',*,*,#2763,.F.);
#4267=ORIENTED_EDGE('',*,*,#2760,.F.);
#4268=ORIENTED_EDGE('',*,*,#2757,.F.);
#4269=ORIENTED_EDGE('',*,*,#2754,.F.);
#4270=ORIENTED_EDGE('',*,*,#2751,.F.);
#4271=ORIENTED_EDGE('',*,*,#2748,.F.);
#4272=ORIENTED_EDGE('',*,*,#2745,.F.);
#4273=ORIENTED_EDGE('',*,*,#2742,.F.);
#4274=ORIENTED_EDGE('',*,*,#2739,.F.);
#4275=ORIENTED_EDGE('',*,*,#2736,.F.);
#4276=ORIENTED_EDGE('',*,*,#2733,.F.);
#4277=ORIENTED_EDGE('',*,*,#2730,.F.);
#4278=ORIENTED_EDGE('',*,*,#2727,.F.);
#4279=ORIENTED_EDGE('',*,*,#2724,.F.);
#4280=ORIENTED_EDGE('',*,*,#2721,.F.);
#4281=ORIENTED_EDGE('',*,*,#2718,.F.);
#4282=ORIENTED_EDGE('',*,*,#2715,.F.);
#4283=ORIENTED_EDGE('',*,*,#2712,.F.);
#4284=ORIENTED_EDGE('',*,*,#2709,.F.);
#4285=ORIENTED_EDGE('',*,*,#2706,.F.);
#4286=ORIENTED_EDGE('',*,*,#2703,.F.);
#4287=ORIENTED_EDGE('',*,*,#2700,.F.);
#4288=ORIENTED_EDGE('',*,*,#2697,.F.);
#4289=ORIENTED_EDGE('',*,*,#2694,.F.);
#4290=ORIENTED_EDGE('',*,*,#2691,.F.);
#4291=ORIENTED_EDGE('',*,*,#2688,.F.);
#4292=ORIENTED_EDGE('',*,*,#2685,.F.);
#4293=ORIENTED_EDGE('',*,*,#2682,.F.);
#4294=ORIENTED_EDGE('',*,*,#2679,.F.);
#4295=ORIENTED_EDGE('',*,*,#2676,.F.);
#4296=ORIENTED_EDGE('',*,*,#2673,.F.);
#4297=ORIENTED_EDGE('',*,*,#2670,.F.);
#4298=ORIENTED_EDGE('',*,*,#2667,.F.);
#4299=ORIENTED_EDGE('',*,*,#2664,.F.);
#4300=ORIENTED_EDGE('',*,*,#2661,.F.);
#4301=ORIENTED_EDGE('',*,*,#2658,.F.);
#4302=ORIENTED_EDGE('',*,*,#2655,.F.);
#4303=ORIENTED_EDGE('',*,*,#2652,.F.);
#4304=ORIENTED_EDGE('',*,*,#2649,.F.);
#4305=ORIENTED_EDGE('',*,*,#2646,.F.);
#4306=ORIENTED_EDGE('',*,*,#2643,.F.);
#4307=ORIENTED_EDGE('',*,*,#2640,.F.);
#4308=ORIENTED_EDGE('',*,*,#2637,.F.);
#4309=ORIENTED_EDGE('',*,*,#2876,.T.);
#4310=ORIENTED_EDGE('',*,*,#2879,.T.);
#4311=ORIENTED_EDGE('',*,*,#2882,.T.);
#4312=ORIENTED_EDGE('',*,*,#2884,.T.);
#4313=ORIENTED_EDGE('',*,*,#2887,.T.);
#4314=ORIENTED_EDGE('',*,*,#2891,.T.);
#4315=ORIENTED_EDGE('',*,*,#2894,.T.);
#4316=ORIENTED_EDGE('',*,*,#2897,.T.);
#4317=ORIENTED_EDGE('',*,*,#2899,.T.);
#4318=ORIENTED_EDGE('',*,*,#2902,.T.);
#4319=ORIENTED_EDGE('',*,*,#2906,.T.);
#4320=ORIENTED_EDGE('',*,*,#2909,.T.);
#4321=ORIENTED_EDGE('',*,*,#2912,.T.);
#4322=ORIENTED_EDGE('',*,*,#2914,.T.);
#4323=ORIENTED_EDGE('',*,*,#2917,.T.);
#4324=ORIENTED_EDGE('',*,*,#2921,.T.);
#4325=ORIENTED_EDGE('',*,*,#2924,.T.);
#4326=ORIENTED_EDGE('',*,*,#2927,.T.);
#4327=ORIENTED_EDGE('',*,*,#2929,.T.);
#4328=ORIENTED_EDGE('',*,*,#2933,.T.);
#4329=ORIENTED_EDGE('',*,*,#2936,.T.);
#4330=ORIENTED_EDGE('',*,*,#2939,.T.);
#4331=ORIENTED_EDGE('',*,*,#2941,.T.);
#4332=ORIENTED_EDGE('',*,*,#2945,.T.);
#4333=ORIENTED_EDGE('',*,*,#2948,.T.);
#4334=ORIENTED_EDGE('',*,*,#2951,.T.);
#4335=ORIENTED_EDGE('',*,*,#2953,.T.);
#4336=ORIENTED_EDGE('',*,*,#2957,.T.);
#4337=ORIENTED_EDGE('',*,*,#2960,.T.);
#4338=ORIENTED_EDGE('',*,*,#2963,.T.);
#4339=ORIENTED_EDGE('',*,*,#2965,.T.);
#4340=ORIENTED_EDGE('',*,*,#2968,.T.);
#4341=ORIENTED_EDGE('',*,*,#2971,.T.);
#4342=ORIENTED_EDGE('',*,*,#2974,.T.);
#4343=ORIENTED_EDGE('',*,*,#2977,.T.);
#4344=ORIENTED_EDGE('',*,*,#2981,.T.);
#4345=ORIENTED_EDGE('',*,*,#2984,.T.);
#4346=ORIENTED_EDGE('',*,*,#2987,.T.);
#4347=ORIENTED_EDGE('',*,*,#2989,.T.);
#4348=ORIENTED_EDGE('',*,*,#2993,.T.);
#4349=ORIENTED_EDGE('',*,*,#2996,.T.);
#4350=ORIENTED_EDGE('',*,*,#2999,.T.);
#4351=ORIENTED_EDGE('',*,*,#3001,.T.);
#4352=ORIENTED_EDGE('',*,*,#3004,.T.);
#4353=ORIENTED_EDGE('',*,*,#3008,.T.);
#4354=ORIENTED_EDGE('',*,*,#3011,.T.);
#4355=ORIENTED_EDGE('',*,*,#3014,.T.);
#4356=ORIENTED_EDGE('',*,*,#3016,.T.);
#4357=ORIENTED_EDGE('',*,*,#3019,.T.);
#4358=ORIENTED_EDGE('',*,*,#3022,.T.);
#4359=ORIENTED_EDGE('',*,*,#3026,.T.);
#4360=ORIENTED_EDGE('',*,*,#3029,.T.);
#4361=ORIENTED_EDGE('',*,*,#3032,.T.);
#4362=ORIENTED_EDGE('',*,*,#3034,.T.);
#4363=ORIENTED_EDGE('',*,*,#3037,.T.);
#4364=ORIENTED_EDGE('',*,*,#3040,.T.);
#4365=ORIENTED_EDGE('',*,*,#3043,.T.);
#4366=ORIENTED_EDGE('',*,*,#3046,.T.);
#4367=ORIENTED_EDGE('',*,*,#3049,.T.);
#4368=ORIENTED_EDGE('',*,*,#3052,.T.);
#4369=ORIENTED_EDGE('',*,*,#3055,.T.);
#4370=ORIENTED_EDGE('',*,*,#3058,.T.);
#4371=ORIENTED_EDGE('',*,*,#3061,.T.);
#4372=ORIENTED_EDGE('',*,*,#3064,.T.);
#4373=ORIENTED_EDGE('',*,*,#3067,.T.);
#4374=ORIENTED_EDGE('',*,*,#3070,.T.);
#4375=ORIENTED_EDGE('',*,*,#3073,.T.);
#4376=ORIENTED_EDGE('',*,*,#3076,.T.);
#4377=ORIENTED_EDGE('',*,*,#3079,.T.);
#4378=ORIENTED_EDGE('',*,*,#3082,.T.);
#4379=ORIENTED_EDGE('',*,*,#3085,.T.);
#4380=ORIENTED_EDGE('',*,*,#3088,.T.);
#4381=ORIENTED_EDGE('',*,*,#3091,.T.);
#4382=ORIENTED_EDGE('',*,*,#3094,.T.);
#4383=ORIENTED_EDGE('',*,*,#3097,.T.);
#4384=ORIENTED_EDGE('',*,*,#3100,.T.);
#4385=ORIENTED_EDGE('',*,*,#3103,.T.);
#4386=ORIENTED_EDGE('',*,*,#3106,.T.);
#4387=ORIENTED_EDGE('',*,*,#3109,.T.);
#4388=ORIENTED_EDGE('',*,*,#3112,.T.);
#4389=ORIENTED_EDGE('',*,*,#3115,.T.);
#4390=ORIENTED_EDGE('',*,*,#3118,.T.);
#4391=ORIENTED_EDGE('',*,*,#3121,.T.);
#4392=ORIENTED_EDGE('',*,*,#3124,.T.);
#4393=ORIENTED_EDGE('',*,*,#3127,.T.);
#4394=ORIENTED_EDGE('',*,*,#3130,.T.);
#4395=ORIENTED_EDGE('',*,*,#3133,.T.);
#4396=ORIENTED_EDGE('',*,*,#3136,.T.);
#4397=ORIENTED_EDGE('',*,*,#3139,.T.);
#4398=ORIENTED_EDGE('',*,*,#3142,.T.);
#4399=ORIENTED_EDGE('',*,*,#3145,.T.);
#4400=ORIENTED_EDGE('',*,*,#3148,.T.);
#4401=ORIENTED_EDGE('',*,*,#3151,.T.);
#4402=ORIENTED_EDGE('',*,*,#3154,.T.);
#4403=ORIENTED_EDGE('',*,*,#3157,.T.);
#4404=ORIENTED_EDGE('',*,*,#3160,.T.);
#4405=ORIENTED_EDGE('',*,*,#3163,.T.);
#4406=ORIENTED_EDGE('',*,*,#3166,.T.);
#4407=ORIENTED_EDGE('',*,*,#3169,.T.);
#4408=ORIENTED_EDGE('',*,*,#3172,.T.);
#4409=ORIENTED_EDGE('',*,*,#3175,.T.);
#4410=ORIENTED_EDGE('',*,*,#3178,.T.);
#4411=ORIENTED_EDGE('',*,*,#3181,.T.);
#4412=ORIENTED_EDGE('',*,*,#3184,.T.);
#4413=ORIENTED_EDGE('',*,*,#3187,.T.);
#4414=ORIENTED_EDGE('',*,*,#3190,.T.);
#4415=ORIENTED_EDGE('',*,*,#3193,.T.);
#4416=ORIENTED_EDGE('',*,*,#3196,.T.);
#4417=ORIENTED_EDGE('',*,*,#3199,.T.);
#4418=ORIENTED_EDGE('',*,*,#3202,.T.);
#4419=ORIENTED_EDGE('',*,*,#3205,.T.);
#4420=ORIENTED_EDGE('',*,*,#3208,.T.);
#4421=ORIENTED_EDGE('',*,*,#3211,.T.);
#4422=ORIENTED_EDGE('',*,*,#3214,.T.);
#4423=ORIENTED_EDGE('',*,*,#3217,.T.);
#4424=ORIENTED_EDGE('',*,*,#3220,.T.);
#4425=ORIENTED_EDGE('',*,*,#3223,.T.);
#4426=ORIENTED_EDGE('',*,*,#3226,.T.);
#4427=ORIENTED_EDGE('',*,*,#3229,.T.);
#4428=ORIENTED_EDGE('',*,*,#3232,.T.);
#4429=ORIENTED_EDGE('',*,*,#3235,.T.);
#4430=ORIENTED_EDGE('',*,*,#3238,.T.);
#4431=ORIENTED_EDGE('',*,*,#3241,.T.);
#4432=ORIENTED_EDGE('',*,*,#3244,.T.);
#4433=ORIENTED_EDGE('',*,*,#3247,.T.);
#4434=ORIENTED_EDGE('',*,*,#3250,.T.);
#4435=ORIENTED_EDGE('',*,*,#3253,.T.);
#4436=ORIENTED_EDGE('',*,*,#3256,.T.);
#4437=ORIENTED_EDGE('',*,*,#3259,.T.);
#4438=ORIENTED_EDGE('',*,*,#3262,.T.);
#4439=ORIENTED_EDGE('',*,*,#3265,.T.);
#4440=ORIENTED_EDGE('',*,*,#3268,.T.);
#4441=ORIENTED_EDGE('',*,*,#3271,.T.);
#4442=ORIENTED_EDGE('',*,*,#3274,.T.);
#4443=ORIENTED_EDGE('',*,*,#3277,.T.);
#4444=ORIENTED_EDGE('',*,*,#3280,.T.);
#4445=ORIENTED_EDGE('',*,*,#3283,.T.);
#4446=ORIENTED_EDGE('',*,*,#3286,.T.);
#4447=ORIENTED_EDGE('',*,*,#3289,.T.);
#4448=ORIENTED_EDGE('',*,*,#3292,.T.);
#4449=ORIENTED_EDGE('',*,*,#3295,.T.);
#4450=ORIENTED_EDGE('',*,*,#3298,.T.);
#4451=ORIENTED_EDGE('',*,*,#3301,.T.);
#4452=ORIENTED_EDGE('',*,*,#3304,.T.);
#4453=ORIENTED_EDGE('',*,*,#3307,.T.);
#4454=ORIENTED_EDGE('',*,*,#3310,.T.);
#4455=ORIENTED_EDGE('',*,*,#3313,.T.);
#4456=ORIENTED_EDGE('',*,*,#3316,.T.);
#4457=ORIENTED_EDGE('',*,*,#2636,.T.);
#4458=ORIENTED_EDGE('',*,*,#2639,.T.);
#4459=ORIENTED_EDGE('',*,*,#2642,.T.);
#4460=ORIENTED_EDGE('',*,*,#2645,.T.);
#4461=ORIENTED_EDGE('',*,*,#2648,.T.);
#4462=ORIENTED_EDGE('',*,*,#2651,.T.);
#4463=ORIENTED_EDGE('',*,*,#2654,.T.);
#4464=ORIENTED_EDGE('',*,*,#2657,.T.);
#4465=ORIENTED_EDGE('',*,*,#2660,.T.);
#4466=ORIENTED_EDGE('',*,*,#2663,.T.);
#4467=ORIENTED_EDGE('',*,*,#2666,.T.);
#4468=ORIENTED_EDGE('',*,*,#2669,.T.);
#4469=ORIENTED_EDGE('',*,*,#2672,.T.);
#4470=ORIENTED_EDGE('',*,*,#2675,.T.);
#4471=ORIENTED_EDGE('',*,*,#2678,.T.);
#4472=ORIENTED_EDGE('',*,*,#2681,.T.);
#4473=ORIENTED_EDGE('',*,*,#2684,.T.);
#4474=ORIENTED_EDGE('',*,*,#2687,.T.);
#4475=ORIENTED_EDGE('',*,*,#2690,.T.);
#4476=ORIENTED_EDGE('',*,*,#2693,.T.);
#4477=ORIENTED_EDGE('',*,*,#2696,.T.);
#4478=ORIENTED_EDGE('',*,*,#2699,.T.);
#4479=ORIENTED_EDGE('',*,*,#2702,.T.);
#4480=ORIENTED_EDGE('',*,*,#2705,.T.);
#4481=ORIENTED_EDGE('',*,*,#2708,.T.);
#4482=ORIENTED_EDGE('',*,*,#2711,.T.);
#4483=ORIENTED_EDGE('',*,*,#2714,.T.);
#4484=ORIENTED_EDGE('',*,*,#2717,.T.);
#4485=ORIENTED_EDGE('',*,*,#2720,.T.);
#4486=ORIENTED_EDGE('',*,*,#2723,.T.);
#4487=ORIENTED_EDGE('',*,*,#2726,.T.);
#4488=ORIENTED_EDGE('',*,*,#2729,.T.);
#4489=ORIENTED_EDGE('',*,*,#2732,.T.);
#4490=ORIENTED_EDGE('',*,*,#2735,.T.);
#4491=ORIENTED_EDGE('',*,*,#2738,.T.);
#4492=ORIENTED_EDGE('',*,*,#2741,.T.);
#4493=ORIENTED_EDGE('',*,*,#2744,.T.);
#4494=ORIENTED_EDGE('',*,*,#2747,.T.);
#4495=ORIENTED_EDGE('',*,*,#2750,.T.);
#4496=ORIENTED_EDGE('',*,*,#2753,.T.);
#4497=ORIENTED_EDGE('',*,*,#2756,.T.);
#4498=ORIENTED_EDGE('',*,*,#2759,.T.);
#4499=ORIENTED_EDGE('',*,*,#2762,.T.);
#4500=ORIENTED_EDGE('',*,*,#2765,.T.);
#4501=ORIENTED_EDGE('',*,*,#2768,.T.);
#4502=ORIENTED_EDGE('',*,*,#2771,.T.);
#4503=ORIENTED_EDGE('',*,*,#2774,.T.);
#4504=ORIENTED_EDGE('',*,*,#2777,.T.);
#4505=ORIENTED_EDGE('',*,*,#2780,.T.);
#4506=ORIENTED_EDGE('',*,*,#2783,.T.);
#4507=ORIENTED_EDGE('',*,*,#2786,.T.);
#4508=ORIENTED_EDGE('',*,*,#2789,.T.);
#4509=ORIENTED_EDGE('',*,*,#2792,.T.);
#4510=ORIENTED_EDGE('',*,*,#2795,.T.);
#4511=ORIENTED_EDGE('',*,*,#2798,.T.);
#4512=ORIENTED_EDGE('',*,*,#2801,.T.);
#4513=ORIENTED_EDGE('',*,*,#2804,.T.);
#4514=ORIENTED_EDGE('',*,*,#2807,.T.);
#4515=ORIENTED_EDGE('',*,*,#2810,.T.);
#4516=ORIENTED_EDGE('',*,*,#2813,.T.);
#4517=ORIENTED_EDGE('',*,*,#2816,.T.);
#4518=ORIENTED_EDGE('',*,*,#2819,.T.);
#4519=ORIENTED_EDGE('',*,*,#2822,.T.);
#4520=ORIENTED_EDGE('',*,*,#2825,.T.);
#4521=ORIENTED_EDGE('',*,*,#2828,.T.);
#4522=ORIENTED_EDGE('',*,*,#2831,.T.);
#4523=ORIENTED_EDGE('',*,*,#2834,.T.);
#4524=ORIENTED_EDGE('',*,*,#2837,.T.);
#4525=ORIENTED_EDGE('',*,*,#2840,.T.);
#4526=ORIENTED_EDGE('',*,*,#2843,.T.);
#4527=ORIENTED_EDGE('',*,*,#2846,.T.);
#4528=ORIENTED_EDGE('',*,*,#2849,.T.);
#4529=ORIENTED_EDGE('',*,*,#2852,.T.);
#4530=ORIENTED_EDGE('',*,*,#2855,.T.);
#4531=ORIENTED_EDGE('',*,*,#2858,.T.);
#4532=ORIENTED_EDGE('',*,*,#2861,.T.);
#4533=ORIENTED_EDGE('',*,*,#2864,.T.);
#4534=ORIENTED_EDGE('',*,*,#2867,.T.);
#4535=ORIENTED_EDGE('',*,*,#2870,.T.);
#4536=ORIENTED_EDGE('',*,*,#2872,.T.);
#4537=ORIENTED_EDGE('',*,*,#2874,.F.);
#4538=ORIENTED_EDGE('',*,*,#2883,.F.);
#4539=ORIENTED_EDGE('',*,*,#2880,.F.);
#4540=ORIENTED_EDGE('',*,*,#2877,.F.);
#4541=ORIENTED_EDGE('',*,*,#2885,.F.);
#4542=ORIENTED_EDGE('',*,*,#2889,.F.);
#4543=ORIENTED_EDGE('',*,*,#2898,.F.);
#4544=ORIENTED_EDGE('',*,*,#2895,.F.);
#4545=ORIENTED_EDGE('',*,*,#2892,.F.);
#4546=ORIENTED_EDGE('',*,*,#2900,.F.);
#4547=ORIENTED_EDGE('',*,*,#2904,.F.);
#4548=ORIENTED_EDGE('',*,*,#2913,.F.);
#4549=ORIENTED_EDGE('',*,*,#2910,.F.);
#4550=ORIENTED_EDGE('',*,*,#2907,.F.);
#4551=ORIENTED_EDGE('',*,*,#2915,.F.);
#4552=ORIENTED_EDGE('',*,*,#2919,.F.);
#4553=ORIENTED_EDGE('',*,*,#2928,.F.);
#4554=ORIENTED_EDGE('',*,*,#2925,.F.);
#4555=ORIENTED_EDGE('',*,*,#2922,.F.);
#4556=ORIENTED_EDGE('',*,*,#2931,.F.);
#4557=ORIENTED_EDGE('',*,*,#2940,.F.);
#4558=ORIENTED_EDGE('',*,*,#2937,.F.);
#4559=ORIENTED_EDGE('',*,*,#2934,.F.);
#4560=ORIENTED_EDGE('',*,*,#2943,.F.);
#4561=ORIENTED_EDGE('',*,*,#2952,.F.);
#4562=ORIENTED_EDGE('',*,*,#2949,.F.);
#4563=ORIENTED_EDGE('',*,*,#2946,.F.);
#4564=ORIENTED_EDGE('',*,*,#2955,.F.);
#4565=ORIENTED_EDGE('',*,*,#2964,.F.);
#4566=ORIENTED_EDGE('',*,*,#2961,.F.);
#4567=ORIENTED_EDGE('',*,*,#2958,.F.);
#4568=ORIENTED_EDGE('',*,*,#2966,.F.);
#4569=ORIENTED_EDGE('',*,*,#2969,.F.);
#4570=ORIENTED_EDGE('',*,*,#2972,.F.);
#4571=ORIENTED_EDGE('',*,*,#2975,.F.);
#4572=ORIENTED_EDGE('',*,*,#2979,.F.);
#4573=ORIENTED_EDGE('',*,*,#2988,.F.);
#4574=ORIENTED_EDGE('',*,*,#2985,.F.);
#4575=ORIENTED_EDGE('',*,*,#2982,.F.);
#4576=ORIENTED_EDGE('',*,*,#2991,.F.);
#4577=ORIENTED_EDGE('',*,*,#3000,.F.);
#4578=ORIENTED_EDGE('',*,*,#2997,.F.);
#4579=ORIENTED_EDGE('',*,*,#2994,.F.);
#4580=ORIENTED_EDGE('',*,*,#3002,.F.);
#4581=ORIENTED_EDGE('',*,*,#3006,.F.);
#4582=ORIENTED_EDGE('',*,*,#3015,.F.);
#4583=ORIENTED_EDGE('',*,*,#3012,.F.);
#4584=ORIENTED_EDGE('',*,*,#3009,.F.);
#4585=ORIENTED_EDGE('',*,*,#3017,.F.);
#4586=ORIENTED_EDGE('',*,*,#3020,.F.);
#4587=ORIENTED_EDGE('',*,*,#3024,.F.);
#4588=ORIENTED_EDGE('',*,*,#3033,.F.);
#4589=ORIENTED_EDGE('',*,*,#3030,.F.);
#4590=ORIENTED_EDGE('',*,*,#3027,.F.);
#4591=ORIENTED_EDGE('',*,*,#3035,.F.);
#4592=ORIENTED_EDGE('',*,*,#3038,.F.);
#4593=ORIENTED_EDGE('',*,*,#3041,.F.);
#4594=ORIENTED_EDGE('',*,*,#3044,.F.);
#4595=ORIENTED_EDGE('',*,*,#3047,.F.);
#4596=ORIENTED_EDGE('',*,*,#3050,.F.);
#4597=ORIENTED_EDGE('',*,*,#3053,.F.);
#4598=ORIENTED_EDGE('',*,*,#3056,.F.);
#4599=ORIENTED_EDGE('',*,*,#3059,.F.);
#4600=ORIENTED_EDGE('',*,*,#3062,.F.);
#4601=ORIENTED_EDGE('',*,*,#3065,.F.);
#4602=ORIENTED_EDGE('',*,*,#3068,.F.);
#4603=ORIENTED_EDGE('',*,*,#3071,.F.);
#4604=ORIENTED_EDGE('',*,*,#3074,.F.);
#4605=ORIENTED_EDGE('',*,*,#3077,.F.);
#4606=ORIENTED_EDGE('',*,*,#3080,.F.);
#4607=ORIENTED_EDGE('',*,*,#3083,.F.);
#4608=ORIENTED_EDGE('',*,*,#3086,.F.);
#4609=ORIENTED_EDGE('',*,*,#3089,.F.);
#4610=ORIENTED_EDGE('',*,*,#3092,.F.);
#4611=ORIENTED_EDGE('',*,*,#3095,.F.);
#4612=ORIENTED_EDGE('',*,*,#3098,.F.);
#4613=ORIENTED_EDGE('',*,*,#3101,.F.);
#4614=ORIENTED_EDGE('',*,*,#3104,.F.);
#4615=ORIENTED_EDGE('',*,*,#3107,.F.);
#4616=ORIENTED_EDGE('',*,*,#3110,.F.);
#4617=ORIENTED_EDGE('',*,*,#3113,.F.);
#4618=ORIENTED_EDGE('',*,*,#3116,.F.);
#4619=ORIENTED_EDGE('',*,*,#3119,.F.);
#4620=ORIENTED_EDGE('',*,*,#3122,.F.);
#4621=ORIENTED_EDGE('',*,*,#3125,.F.);
#4622=ORIENTED_EDGE('',*,*,#3128,.F.);
#4623=ORIENTED_EDGE('',*,*,#3131,.F.);
#4624=ORIENTED_EDGE('',*,*,#3134,.F.);
#4625=ORIENTED_EDGE('',*,*,#3137,.F.);
#4626=ORIENTED_EDGE('',*,*,#3140,.F.);
#4627=ORIENTED_EDGE('',*,*,#3143,.F.);
#4628=ORIENTED_EDGE('',*,*,#3146,.F.);
#4629=ORIENTED_EDGE('',*,*,#3149,.F.);
#4630=ORIENTED_EDGE('',*,*,#3152,.F.);
#4631=ORIENTED_EDGE('',*,*,#3155,.F.);
#4632=ORIENTED_EDGE('',*,*,#3158,.F.);
#4633=ORIENTED_EDGE('',*,*,#3161,.F.);
#4634=ORIENTED_EDGE('',*,*,#3164,.F.);
#4635=ORIENTED_EDGE('',*,*,#3167,.F.);
#4636=ORIENTED_EDGE('',*,*,#3170,.F.);
#4637=ORIENTED_EDGE('',*,*,#3173,.F.);
#4638=ORIENTED_EDGE('',*,*,#3176,.F.);
#4639=ORIENTED_EDGE('',*,*,#3179,.F.);
#4640=ORIENTED_EDGE('',*,*,#3182,.F.);
#4641=ORIENTED_EDGE('',*,*,#3185,.F.);
#4642=ORIENTED_EDGE('',*,*,#3188,.F.);
#4643=ORIENTED_EDGE('',*,*,#3191,.F.);
#4644=ORIENTED_EDGE('',*,*,#3194,.F.);
#4645=ORIENTED_EDGE('',*,*,#3197,.F.);
#4646=ORIENTED_EDGE('',*,*,#3200,.F.);
#4647=ORIENTED_EDGE('',*,*,#3203,.F.);
#4648=ORIENTED_EDGE('',*,*,#3206,.F.);
#4649=ORIENTED_EDGE('',*,*,#3209,.F.);
#4650=ORIENTED_EDGE('',*,*,#3212,.F.);
#4651=ORIENTED_EDGE('',*,*,#3215,.F.);
#4652=ORIENTED_EDGE('',*,*,#3218,.F.);
#4653=ORIENTED_EDGE('',*,*,#3221,.F.);
#4654=ORIENTED_EDGE('',*,*,#3224,.F.);
#4655=ORIENTED_EDGE('',*,*,#3227,.F.);
#4656=ORIENTED_EDGE('',*,*,#3230,.F.);
#4657=ORIENTED_EDGE('',*,*,#3233,.F.);
#4658=ORIENTED_EDGE('',*,*,#3236,.F.);
#4659=ORIENTED_EDGE('',*,*,#3239,.F.);
#4660=ORIENTED_EDGE('',*,*,#3242,.F.);
#4661=ORIENTED_EDGE('',*,*,#3245,.F.);
#4662=ORIENTED_EDGE('',*,*,#3248,.F.);
#4663=ORIENTED_EDGE('',*,*,#3251,.F.);
#4664=ORIENTED_EDGE('',*,*,#3254,.F.);
#4665=ORIENTED_EDGE('',*,*,#3257,.F.);
#4666=ORIENTED_EDGE('',*,*,#3260,.F.);
#4667=ORIENTED_EDGE('',*,*,#3263,.F.);
#4668=ORIENTED_EDGE('',*,*,#3266,.F.);
#4669=ORIENTED_EDGE('',*,*,#3269,.F.);
#4670=ORIENTED_EDGE('',*,*,#3272,.F.);
#4671=ORIENTED_EDGE('',*,*,#3275,.F.);
#4672=ORIENTED_EDGE('',*,*,#3278,.F.);
#4673=ORIENTED_EDGE('',*,*,#3281,.F.);
#4674=ORIENTED_EDGE('',*,*,#3284,.F.);
#4675=ORIENTED_EDGE('',*,*,#3287,.F.);
#4676=ORIENTED_EDGE('',*,*,#3290,.F.);
#4677=ORIENTED_EDGE('',*,*,#3293,.F.);
#4678=ORIENTED_EDGE('',*,*,#3296,.F.);
#4679=ORIENTED_EDGE('',*,*,#3299,.F.);
#4680=ORIENTED_EDGE('',*,*,#3302,.F.);
#4681=ORIENTED_EDGE('',*,*,#3305,.F.);
#4682=ORIENTED_EDGE('',*,*,#3308,.F.);
#4683=ORIENTED_EDGE('',*,*,#3311,.F.);
#4684=ORIENTED_EDGE('',*,*,#3314,.F.);
#4685=PLANE('',#5033);
#4686=PLANE('',#5034);
#4687=PLANE('',#5035);
#4688=PLANE('',#5036);
#4689=PLANE('',#5037);
#4690=PLANE('',#5038);
#4691=PLANE('',#5039);
#4692=PLANE('',#5040);
#4693=PLANE('',#5041);
#4694=PLANE('',#5042);
#4695=PLANE('',#5043);
#4696=PLANE('',#5044);
#4697=PLANE('',#5045);
#4698=PLANE('',#5046);
#4699=PLANE('',#5047);
#4700=PLANE('',#5048);
#4701=PLANE('',#5049);
#4702=PLANE('',#5050);
#4703=PLANE('',#5051);
#4704=PLANE('',#5052);
#4705=PLANE('',#5053);
#4706=PLANE('',#5054);
#4707=PLANE('',#5055);
#4708=PLANE('',#5056);
#4709=PLANE('',#5057);
#4710=PLANE('',#5058);
#4711=PLANE('',#5059);
#4712=PLANE('',#5060);
#4713=PLANE('',#5061);
#4714=PLANE('',#5062);
#4715=PLANE('',#5063);
#4716=PLANE('',#5064);
#4717=PLANE('',#5065);
#4718=PLANE('',#5066);
#4719=PLANE('',#5067);
#4720=PLANE('',#5068);
#4721=PLANE('',#5069);
#4722=PLANE('',#5070);
#4723=PLANE('',#5071);
#4724=PLANE('',#5072);
#4725=PLANE('',#5073);
#4726=PLANE('',#5074);
#4727=PLANE('',#5075);
#4728=PLANE('',#5076);
#4729=PLANE('',#5077);
#4730=PLANE('',#5078);
#4731=PLANE('',#5079);
#4732=PLANE('',#5080);
#4733=PLANE('',#5081);
#4734=PLANE('',#5082);
#4735=PLANE('',#5083);
#4736=PLANE('',#5084);
#4737=PLANE('',#5085);
#4738=PLANE('',#5086);
#4739=PLANE('',#5087);
#4740=PLANE('',#5088);
#4741=PLANE('',#5089);
#4742=PLANE('',#5090);
#4743=PLANE('',#5091);
#4744=PLANE('',#5092);
#4745=PLANE('',#5093);
#4746=PLANE('',#5094);
#4747=PLANE('',#5095);
#4748=PLANE('',#5096);
#4749=PLANE('',#5097);
#4750=PLANE('',#5098);
#4751=PLANE('',#5099);
#4752=PLANE('',#5100);
#4753=PLANE('',#5101);
#4754=PLANE('',#5102);
#4755=PLANE('',#5103);
#4756=PLANE('',#5104);
#4757=PLANE('',#5105);
#4758=PLANE('',#5106);
#4759=PLANE('',#5107);
#4760=PLANE('',#5108);
#4761=PLANE('',#5109);
#4762=PLANE('',#5110);
#4763=PLANE('',#5111);
#4764=PLANE('',#5112);
#4765=PLANE('',#5113);
#4766=PLANE('',#5117);
#4767=PLANE('',#5124);
#4768=PLANE('',#5128);
#4769=PLANE('',#5135);
#4770=PLANE('',#5139);
#4771=PLANE('',#5146);
#4772=PLANE('',#5150);
#4773=PLANE('',#5154);
#4774=PLANE('',#5158);
#4775=PLANE('',#5162);
#4776=PLANE('',#5166);
#4777=PLANE('',#5170);
#4778=PLANE('',#5174);
#4779=PLANE('',#5190);
#4780=PLANE('',#5194);
#4781=PLANE('',#5198);
#4782=PLANE('',#5202);
#4783=PLANE('',#5209);
#4784=PLANE('',#5213);
#4785=PLANE('',#5223);
#4786=PLANE('',#5227);
#4787=PLANE('',#5513);
#4788=PLANE('',#5514);
#4789=ADVANCED_FACE('',(#623),#4685,.F.);
#4790=ADVANCED_FACE('',(#624),#4686,.F.);
#4791=ADVANCED_FACE('',(#625),#4687,.F.);
#4792=ADVANCED_FACE('',(#626),#4688,.F.);
#4793=ADVANCED_FACE('',(#627),#4689,.F.);
#4794=ADVANCED_FACE('',(#628),#4690,.F.);
#4795=ADVANCED_FACE('',(#629),#4691,.F.);
#4796=ADVANCED_FACE('',(#630),#4692,.F.);
#4797=ADVANCED_FACE('',(#631),#4693,.F.);
#4798=ADVANCED_FACE('',(#632),#4694,.F.);
#4799=ADVANCED_FACE('',(#633),#4695,.F.);
#4800=ADVANCED_FACE('',(#634),#4696,.F.);
#4801=ADVANCED_FACE('',(#635),#4697,.F.);
#4802=ADVANCED_FACE('',(#636),#4698,.F.);
#4803=ADVANCED_FACE('',(#637),#4699,.F.);
#4804=ADVANCED_FACE('',(#638),#4700,.F.);
#4805=ADVANCED_FACE('',(#639),#4701,.F.);
#4806=ADVANCED_FACE('',(#640),#4702,.F.);
#4807=ADVANCED_FACE('',(#641),#4703,.F.);
#4808=ADVANCED_FACE('',(#642),#4704,.F.);
#4809=ADVANCED_FACE('',(#643),#4705,.F.);
#4810=ADVANCED_FACE('',(#644),#4706,.F.);
#4811=ADVANCED_FACE('',(#645),#4707,.F.);
#4812=ADVANCED_FACE('',(#646),#4708,.F.);
#4813=ADVANCED_FACE('',(#647),#4709,.F.);
#4814=ADVANCED_FACE('',(#648),#4710,.F.);
#4815=ADVANCED_FACE('',(#649),#4711,.F.);
#4816=ADVANCED_FACE('',(#650),#4712,.F.);
#4817=ADVANCED_FACE('',(#651),#4713,.F.);
#4818=ADVANCED_FACE('',(#652),#4714,.F.);
#4819=ADVANCED_FACE('',(#653),#4715,.F.);
#4820=ADVANCED_FACE('',(#654),#4716,.F.);
#4821=ADVANCED_FACE('',(#655),#4717,.F.);
#4822=ADVANCED_FACE('',(#656),#4718,.F.);
#4823=ADVANCED_FACE('',(#657),#4719,.F.);
#4824=ADVANCED_FACE('',(#658),#4720,.F.);
#4825=ADVANCED_FACE('',(#659),#4721,.F.);
#4826=ADVANCED_FACE('',(#660),#4722,.F.);
#4827=ADVANCED_FACE('',(#661),#4723,.F.);
#4828=ADVANCED_FACE('',(#662),#4724,.F.);
#4829=ADVANCED_FACE('',(#663),#4725,.F.);
#4830=ADVANCED_FACE('',(#664),#4726,.F.);
#4831=ADVANCED_FACE('',(#665),#4727,.F.);
#4832=ADVANCED_FACE('',(#666),#4728,.F.);
#4833=ADVANCED_FACE('',(#667),#4729,.F.);
#4834=ADVANCED_FACE('',(#668),#4730,.F.);
#4835=ADVANCED_FACE('',(#669),#4731,.F.);
#4836=ADVANCED_FACE('',(#670),#4732,.F.);
#4837=ADVANCED_FACE('',(#671),#4733,.F.);
#4838=ADVANCED_FACE('',(#672),#4734,.F.);
#4839=ADVANCED_FACE('',(#673),#4735,.F.);
#4840=ADVANCED_FACE('',(#674),#4736,.F.);
#4841=ADVANCED_FACE('',(#675),#4737,.F.);
#4842=ADVANCED_FACE('',(#676),#4738,.F.);
#4843=ADVANCED_FACE('',(#677),#4739,.F.);
#4844=ADVANCED_FACE('',(#678),#4740,.F.);
#4845=ADVANCED_FACE('',(#679),#4741,.F.);
#4846=ADVANCED_FACE('',(#680),#4742,.F.);
#4847=ADVANCED_FACE('',(#681),#4743,.F.);
#4848=ADVANCED_FACE('',(#682),#4744,.F.);
#4849=ADVANCED_FACE('',(#683),#4745,.F.);
#4850=ADVANCED_FACE('',(#684),#4746,.F.);
#4851=ADVANCED_FACE('',(#685),#4747,.F.);
#4852=ADVANCED_FACE('',(#686),#4748,.F.);
#4853=ADVANCED_FACE('',(#687),#4749,.F.);
#4854=ADVANCED_FACE('',(#688),#4750,.F.);
#4855=ADVANCED_FACE('',(#689),#4751,.F.);
#4856=ADVANCED_FACE('',(#690),#4752,.F.);
#4857=ADVANCED_FACE('',(#691),#4753,.F.);
#4858=ADVANCED_FACE('',(#692),#4754,.F.);
#4859=ADVANCED_FACE('',(#693),#4755,.F.);
#4860=ADVANCED_FACE('',(#694),#4756,.F.);
#4861=ADVANCED_FACE('',(#695),#4757,.F.);
#4862=ADVANCED_FACE('',(#696),#4758,.F.);
#4863=ADVANCED_FACE('',(#697),#4759,.F.);
#4864=ADVANCED_FACE('',(#698),#4760,.F.);
#4865=ADVANCED_FACE('',(#699),#4761,.F.);
#4866=ADVANCED_FACE('',(#700),#4762,.F.);
#4867=ADVANCED_FACE('',(#701),#4763,.F.);
#4868=ADVANCED_FACE('',(#702),#4764,.F.);
#4869=ADVANCED_FACE('',(#703),#4765,.T.);
#4870=ADVANCED_FACE('',(#704),#497,.F.);
#4871=ADVANCED_FACE('',(#705),#4766,.T.);
#4872=ADVANCED_FACE('',(#706),#498,.F.);
#4873=ADVANCED_FACE('',(#707),#499,.F.);
#4874=ADVANCED_FACE('',(#708),#4767,.T.);
#4875=ADVANCED_FACE('',(#709),#500,.F.);
#4876=ADVANCED_FACE('',(#710),#4768,.T.);
#4877=ADVANCED_FACE('',(#711),#501,.F.);
#4878=ADVANCED_FACE('',(#712),#502,.F.);
#4879=ADVANCED_FACE('',(#713),#4769,.T.);
#4880=ADVANCED_FACE('',(#714),#503,.F.);
#4881=ADVANCED_FACE('',(#715),#4770,.T.);
#4882=ADVANCED_FACE('',(#716),#504,.F.);
#4883=ADVANCED_FACE('',(#717),#505,.F.);
#4884=ADVANCED_FACE('',(#718),#4771,.T.);
#4885=ADVANCED_FACE('',(#719),#506,.F.);
#4886=ADVANCED_FACE('',(#720),#4772,.T.);
#4887=ADVANCED_FACE('',(#721),#507,.F.);
#4888=ADVANCED_FACE('',(#722),#4773,.T.);
#4889=ADVANCED_FACE('',(#723),#508,.F.);
#4890=ADVANCED_FACE('',(#724),#4774,.T.);
#4891=ADVANCED_FACE('',(#725),#509,.F.);
#4892=ADVANCED_FACE('',(#726),#4775,.T.);
#4893=ADVANCED_FACE('',(#727),#510,.F.);
#4894=ADVANCED_FACE('',(#728),#4776,.T.);
#4895=ADVANCED_FACE('',(#729),#511,.F.);
#4896=ADVANCED_FACE('',(#730),#4777,.T.);
#4897=ADVANCED_FACE('',(#731),#512,.F.);
#4898=ADVANCED_FACE('',(#732),#4778,.T.);
#4899=ADVANCED_FACE('',(#733),#513,.F.);
#4900=ADVANCED_FACE('',(#734),#514,.F.);
#4901=ADVANCED_FACE('',(#735),#515,.F.);
#4902=ADVANCED_FACE('',(#736),#516,.F.);
#4903=ADVANCED_FACE('',(#737),#517,.F.);
#4904=ADVANCED_FACE('',(#738),#4779,.T.);
#4905=ADVANCED_FACE('',(#739),#518,.F.);
#4906=ADVANCED_FACE('',(#740),#4780,.T.);
#4907=ADVANCED_FACE('',(#741),#519,.F.);
#4908=ADVANCED_FACE('',(#742),#4781,.T.);
#4909=ADVANCED_FACE('',(#743),#520,.F.);
#4910=ADVANCED_FACE('',(#744),#4782,.T.);
#4911=ADVANCED_FACE('',(#745),#521,.F.);
#4912=ADVANCED_FACE('',(#746),#522,.F.);
#4913=ADVANCED_FACE('',(#747),#4783,.T.);
#4914=ADVANCED_FACE('',(#748),#523,.F.);
#4915=ADVANCED_FACE('',(#749),#4784,.T.);
#4916=ADVANCED_FACE('',(#750),#524,.F.);
#4917=ADVANCED_FACE('',(#751),#525,.F.);
#4918=ADVANCED_FACE('',(#752),#526,.F.);
#4919=ADVANCED_FACE('',(#753),#4785,.T.);
#4920=ADVANCED_FACE('',(#754),#527,.F.);
#4921=ADVANCED_FACE('',(#755),#4786,.T.);
#4922=ADVANCED_FACE('',(#756),#528,.F.);
#4923=ADVANCED_FACE('',(#757),#529,.F.);
#4924=ADVANCED_FACE('',(#758),#530,.F.);
#4925=ADVANCED_FACE('',(#759),#531,.F.);
#4926=ADVANCED_FACE('',(#760),#532,.F.);
#4927=ADVANCED_FACE('',(#761),#533,.F.);
#4928=ADVANCED_FACE('',(#762),#534,.F.);
#4929=ADVANCED_FACE('',(#763),#535,.F.);
#4930=ADVANCED_FACE('',(#764),#536,.F.);
#4931=ADVANCED_FACE('',(#765),#537,.F.);
#4932=ADVANCED_FACE('',(#766),#538,.F.);
#4933=ADVANCED_FACE('',(#767),#539,.F.);
#4934=ADVANCED_FACE('',(#768),#540,.F.);
#4935=ADVANCED_FACE('',(#769),#541,.F.);
#4936=ADVANCED_FACE('',(#770),#542,.F.);
#4937=ADVANCED_FACE('',(#771),#543,.F.);
#4938=ADVANCED_FACE('',(#772),#544,.F.);
#4939=ADVANCED_FACE('',(#773),#545,.F.);
#4940=ADVANCED_FACE('',(#774),#546,.F.);
#4941=ADVANCED_FACE('',(#775),#547,.F.);
#4942=ADVANCED_FACE('',(#776),#548,.F.);
#4943=ADVANCED_FACE('',(#777),#549,.F.);
#4944=ADVANCED_FACE('',(#778),#550,.F.);
#4945=ADVANCED_FACE('',(#779),#551,.F.);
#4946=ADVANCED_FACE('',(#780),#552,.F.);
#4947=ADVANCED_FACE('',(#781),#553,.F.);
#4948=ADVANCED_FACE('',(#782),#554,.F.);
#4949=ADVANCED_FACE('',(#783),#555,.F.);
#4950=ADVANCED_FACE('',(#784),#556,.F.);
#4951=ADVANCED_FACE('',(#785),#557,.F.);
#4952=ADVANCED_FACE('',(#786),#558,.F.);
#4953=ADVANCED_FACE('',(#787),#559,.F.);
#4954=ADVANCED_FACE('',(#788),#560,.F.);
#4955=ADVANCED_FACE('',(#789),#561,.F.);
#4956=ADVANCED_FACE('',(#790),#562,.F.);
#4957=ADVANCED_FACE('',(#791),#563,.F.);
#4958=ADVANCED_FACE('',(#792),#564,.F.);
#4959=ADVANCED_FACE('',(#793),#565,.F.);
#4960=ADVANCED_FACE('',(#794),#566,.F.);
#4961=ADVANCED_FACE('',(#795),#567,.F.);
#4962=ADVANCED_FACE('',(#796),#568,.F.);
#4963=ADVANCED_FACE('',(#797),#569,.F.);
#4964=ADVANCED_FACE('',(#798),#570,.F.);
#4965=ADVANCED_FACE('',(#799),#571,.F.);
#4966=ADVANCED_FACE('',(#800),#572,.F.);
#4967=ADVANCED_FACE('',(#801),#573,.F.);
#4968=ADVANCED_FACE('',(#802),#574,.F.);
#4969=ADVANCED_FACE('',(#803),#575,.F.);
#4970=ADVANCED_FACE('',(#804),#576,.F.);
#4971=ADVANCED_FACE('',(#805),#577,.F.);
#4972=ADVANCED_FACE('',(#806),#578,.F.);
#4973=ADVANCED_FACE('',(#807),#579,.F.);
#4974=ADVANCED_FACE('',(#808),#580,.F.);
#4975=ADVANCED_FACE('',(#809),#581,.F.);
#4976=ADVANCED_FACE('',(#810),#582,.F.);
#4977=ADVANCED_FACE('',(#811),#583,.F.);
#4978=ADVANCED_FACE('',(#812),#584,.F.);
#4979=ADVANCED_FACE('',(#813),#585,.F.);
#4980=ADVANCED_FACE('',(#814),#586,.F.);
#4981=ADVANCED_FACE('',(#815),#587,.F.);
#4982=ADVANCED_FACE('',(#816),#588,.F.);
#4983=ADVANCED_FACE('',(#817),#589,.F.);
#4984=ADVANCED_FACE('',(#818),#590,.F.);
#4985=ADVANCED_FACE('',(#819),#591,.F.);
#4986=ADVANCED_FACE('',(#820),#592,.F.);
#4987=ADVANCED_FACE('',(#821),#593,.F.);
#4988=ADVANCED_FACE('',(#822),#594,.F.);
#4989=ADVANCED_FACE('',(#823),#595,.F.);
#4990=ADVANCED_FACE('',(#824),#596,.F.);
#4991=ADVANCED_FACE('',(#825),#597,.F.);
#4992=ADVANCED_FACE('',(#826),#598,.F.);
#4993=ADVANCED_FACE('',(#827),#599,.F.);
#4994=ADVANCED_FACE('',(#828),#600,.F.);
#4995=ADVANCED_FACE('',(#829),#601,.F.);
#4996=ADVANCED_FACE('',(#830),#602,.F.);
#4997=ADVANCED_FACE('',(#831),#603,.F.);
#4998=ADVANCED_FACE('',(#832),#604,.F.);
#4999=ADVANCED_FACE('',(#833),#605,.F.);
#5000=ADVANCED_FACE('',(#834),#606,.F.);
#5001=ADVANCED_FACE('',(#835),#607,.F.);
#5002=ADVANCED_FACE('',(#836),#608,.F.);
#5003=ADVANCED_FACE('',(#837),#609,.F.);
#5004=ADVANCED_FACE('',(#838),#610,.F.);
#5005=ADVANCED_FACE('',(#839),#611,.F.);
#5006=ADVANCED_FACE('',(#840),#612,.F.);
#5007=ADVANCED_FACE('',(#841),#613,.F.);
#5008=ADVANCED_FACE('',(#842),#614,.F.);
#5009=ADVANCED_FACE('',(#843),#615,.F.);
#5010=ADVANCED_FACE('',(#844),#616,.F.);
#5011=ADVANCED_FACE('',(#845),#617,.F.);
#5012=ADVANCED_FACE('',(#846),#618,.F.);
#5013=ADVANCED_FACE('',(#847),#619,.F.);
#5014=ADVANCED_FACE('',(#848),#620,.F.);
#5015=ADVANCED_FACE('',(#849),#621,.F.);
#5016=ADVANCED_FACE('',(#850),#622,.F.);
#5017=ADVANCED_FACE('',(#851,#15,#16,#17,#18,#19,#20,#21,#22,#23,#24,#25,
#26,#27,#28,#29,#30,#31,#32,#33,#34,#35,#36,#37,#38,#39,#40,#41,#42,#43,
#44,#45,#46,#47,#48,#49,#50,#51,#52,#53,#54,#55,#56,#57,#58,#59,#60,#61,
#62,#63,#64,#65,#66,#67,#68,#69,#70,#71,#72,#73,#74,#75,#76,#77,#78,#79,
#80,#81,#82,#83,#84,#85,#86,#87,#88,#89,#90,#91,#92,#93,#94,#95,#96,#97,
#98,#99,#100,#101,#102,#103,#104,#105,#106,#107,#108,#109,#110,#111,#112,
#113,#114,#115,#116,#117,#118,#119,#120,#121,#122,#123,#124,#125,#126,#127,
#128,#129),#4787,.T.);
#5018=ADVANCED_FACE('',(#852,#130,#131,#132,#133,#134,#135,#136,#137,#138,
#139,#140,#141,#142,#143,#144,#145,#146,#147,#148,#149,#150,#151,#152,#153,
#154,#155,#156,#157,#158,#159,#160,#161,#162,#163,#164,#165,#166,#167,#168,
#169,#170,#171,#172,#173,#174,#175,#176,#177,#178,#179,#180,#181,#182,#183,
#184,#185,#186,#187,#188,#189,#190,#191,#192,#193,#194,#195,#196,#197,#198,
#199,#200,#201,#202,#203,#204,#205,#206,#207,#208,#209,#210,#211,#212,#213,
#214,#215,#216,#217,#218,#219,#220,#221,#222,#223,#224,#225,#226,#227,#228,
#229,#230,#231,#232,#233,#234,#235,#236,#237,#238,#239,#240,#241,#242,#243,
#244),#4788,.F.);
#5019=CLOSED_SHELL('',(#4789,#4790,#4791,#4792,#4793,#4794,#4795,#4796,
#4797,#4798,#4799,#4800,#4801,#4802,#4803,#4804,#4805,#4806,#4807,#4808,
#4809,#4810,#4811,#4812,#4813,#4814,#4815,#4816,#4817,#4818,#4819,#4820,
#4821,#4822,#4823,#4824,#4825,#4826,#4827,#4828,#4829,#4830,#4831,#4832,
#4833,#4834,#4835,#4836,#4837,#4838,#4839,#4840,#4841,#4842,#4843,#4844,
#4845,#4846,#4847,#4848,#4849,#4850,#4851,#4852,#4853,#4854,#4855,#4856,
#4857,#4858,#4859,#4860,#4861,#4862,#4863,#4864,#4865,#4866,#4867,#4868,
#4869,#4870,#4871,#4872,#4873,#4874,#4875,#4876,#4877,#4878,#4879,#4880,
#4881,#4882,#4883,#4884,#4885,#4886,#4887,#4888,#4889,#4890,#4891,#4892,
#4893,#4894,#4895,#4896,#4897,#4898,#4899,#4900,#4901,#4902,#4903,#4904,
#4905,#4906,#4907,#4908,#4909,#4910,#4911,#4912,#4913,#4914,#4915,#4916,
#4917,#4918,#4919,#4920,#4921,#4922,#4923,#4924,#4925,#4926,#4927,#4928,
#4929,#4930,#4931,#4932,#4933,#4934,#4935,#4936,#4937,#4938,#4939,#4940,
#4941,#4942,#4943,#4944,#4945,#4946,#4947,#4948,#4949,#4950,#4951,#4952,
#4953,#4954,#4955,#4956,#4957,#4958,#4959,#4960,#4961,#4962,#4963,#4964,
#4965,#4966,#4967,#4968,#4969,#4970,#4971,#4972,#4973,#4974,#4975,#4976,
#4977,#4978,#4979,#4980,#4981,#4982,#4983,#4984,#4985,#4986,#4987,#4988,
#4989,#4990,#4991,#4992,#4993,#4994,#4995,#4996,#4997,#4998,#4999,#5000,
#5001,#5002,#5003,#5004,#5005,#5006,#5007,#5008,#5009,#5010,#5011,#5012,
#5013,#5014,#5015,#5016,#5017,#5018));
#5020=DERIVED_UNIT_ELEMENT(#5022,1.);
#5021=DERIVED_UNIT_ELEMENT(#8289,-3.);
#5022=(
MASS_UNIT()
NAMED_UNIT(*)
SI_UNIT(.KILO.,.GRAM.)
);
#5023=DERIVED_UNIT((#5020,#5021));
#5024=MEASURE_REPRESENTATION_ITEM('density measure',
POSITIVE_RATIO_MEASURE(7850.),#5023);
#5025=PROPERTY_DEFINITION_REPRESENTATION(#5030,#5027);
#5026=PROPERTY_DEFINITION_REPRESENTATION(#5031,#5028);
#5027=REPRESENTATION('material name',(#5029),#8286);
#5028=REPRESENTATION('density',(#5024),#8286);
#5029=DESCRIPTIVE_REPRESENTATION_ITEM('\X2\94A2\X0\','\X2\94A2\X0\');
#5030=PROPERTY_DEFINITION('material property','material name',#8296);
#5031=PROPERTY_DEFINITION('material property','density of part',#8296);
#5032=AXIS2_PLACEMENT_3D('',#6913,#5515,#5516);
#5033=AXIS2_PLACEMENT_3D('',#6914,#5517,#5518);
#5034=AXIS2_PLACEMENT_3D('',#6923,#5523,#5524);
#5035=AXIS2_PLACEMENT_3D('',#6929,#5528,#5529);
#5036=AXIS2_PLACEMENT_3D('',#6935,#5533,#5534);
#5037=AXIS2_PLACEMENT_3D('',#6941,#5538,#5539);
#5038=AXIS2_PLACEMENT_3D('',#6947,#5543,#5544);
#5039=AXIS2_PLACEMENT_3D('',#6953,#5548,#5549);
#5040=AXIS2_PLACEMENT_3D('',#6959,#5553,#5554);
#5041=AXIS2_PLACEMENT_3D('',#6965,#5558,#5559);
#5042=AXIS2_PLACEMENT_3D('',#6971,#5563,#5564);
#5043=AXIS2_PLACEMENT_3D('',#6977,#5568,#5569);
#5044=AXIS2_PLACEMENT_3D('',#6983,#5573,#5574);
#5045=AXIS2_PLACEMENT_3D('',#6989,#5578,#5579);
#5046=AXIS2_PLACEMENT_3D('',#6995,#5583,#5584);
#5047=AXIS2_PLACEMENT_3D('',#7001,#5588,#5589);
#5048=AXIS2_PLACEMENT_3D('',#7007,#5593,#5594);
#5049=AXIS2_PLACEMENT_3D('',#7013,#5598,#5599);
#5050=AXIS2_PLACEMENT_3D('',#7019,#5603,#5604);
#5051=AXIS2_PLACEMENT_3D('',#7025,#5608,#5609);
#5052=AXIS2_PLACEMENT_3D('',#7031,#5613,#5614);
#5053=AXIS2_PLACEMENT_3D('',#7037,#5618,#5619);
#5054=AXIS2_PLACEMENT_3D('',#7043,#5623,#5624);
#5055=AXIS2_PLACEMENT_3D('',#7049,#5628,#5629);
#5056=AXIS2_PLACEMENT_3D('',#7055,#5633,#5634);
#5057=AXIS2_PLACEMENT_3D('',#7061,#5638,#5639);
#5058=AXIS2_PLACEMENT_3D('',#7067,#5643,#5644);
#5059=AXIS2_PLACEMENT_3D('',#7073,#5648,#5649);
#5060=AXIS2_PLACEMENT_3D('',#7079,#5653,#5654);
#5061=AXIS2_PLACEMENT_3D('',#7085,#5658,#5659);
#5062=AXIS2_PLACEMENT_3D('',#7091,#5663,#5664);
#5063=AXIS2_PLACEMENT_3D('',#7097,#5668,#5669);
#5064=AXIS2_PLACEMENT_3D('',#7103,#5673,#5674);
#5065=AXIS2_PLACEMENT_3D('',#7109,#5678,#5679);
#5066=AXIS2_PLACEMENT_3D('',#7115,#5683,#5684);
#5067=AXIS2_PLACEMENT_3D('',#7121,#5688,#5689);
#5068=AXIS2_PLACEMENT_3D('',#7127,#5693,#5694);
#5069=AXIS2_PLACEMENT_3D('',#7133,#5698,#5699);
#5070=AXIS2_PLACEMENT_3D('',#7139,#5703,#5704);
#5071=AXIS2_PLACEMENT_3D('',#7145,#5708,#5709);
#5072=AXIS2_PLACEMENT_3D('',#7151,#5713,#5714);
#5073=AXIS2_PLACEMENT_3D('',#7157,#5718,#5719);
#5074=AXIS2_PLACEMENT_3D('',#7163,#5723,#5724);
#5075=AXIS2_PLACEMENT_3D('',#7169,#5728,#5729);
#5076=AXIS2_PLACEMENT_3D('',#7175,#5733,#5734);
#5077=AXIS2_PLACEMENT_3D('',#7181,#5738,#5739);
#5078=AXIS2_PLACEMENT_3D('',#7187,#5743,#5744);
#5079=AXIS2_PLACEMENT_3D('',#7193,#5748,#5749);
#5080=AXIS2_PLACEMENT_3D('',#7199,#5753,#5754);
#5081=AXIS2_PLACEMENT_3D('',#7205,#5758,#5759);
#5082=AXIS2_PLACEMENT_3D('',#7211,#5763,#5764);
#5083=AXIS2_PLACEMENT_3D('',#7217,#5768,#5769);
#5084=AXIS2_PLACEMENT_3D('',#7223,#5773,#5774);
#5085=AXIS2_PLACEMENT_3D('',#7229,#5778,#5779);
#5086=AXIS2_PLACEMENT_3D('',#7235,#5783,#5784);
#5087=AXIS2_PLACEMENT_3D('',#7241,#5788,#5789);
#5088=AXIS2_PLACEMENT_3D('',#7247,#5793,#5794);
#5089=AXIS2_PLACEMENT_3D('',#7253,#5798,#5799);
#5090=AXIS2_PLACEMENT_3D('',#7259,#5803,#5804);
#5091=AXIS2_PLACEMENT_3D('',#7265,#5808,#5809);
#5092=AXIS2_PLACEMENT_3D('',#7271,#5813,#5814);
#5093=AXIS2_PLACEMENT_3D('',#7277,#5818,#5819);
#5094=AXIS2_PLACEMENT_3D('',#7283,#5823,#5824);
#5095=AXIS2_PLACEMENT_3D('',#7289,#5828,#5829);
#5096=AXIS2_PLACEMENT_3D('',#7295,#5833,#5834);
#5097=AXIS2_PLACEMENT_3D('',#7301,#5838,#5839);
#5098=AXIS2_PLACEMENT_3D('',#7307,#5843,#5844);
#5099=AXIS2_PLACEMENT_3D('',#7313,#5848,#5849);
#5100=AXIS2_PLACEMENT_3D('',#7319,#5853,#5854);
#5101=AXIS2_PLACEMENT_3D('',#7325,#5858,#5859);
#5102=AXIS2_PLACEMENT_3D('',#7331,#5863,#5864);
#5103=AXIS2_PLACEMENT_3D('',#7337,#5868,#5869);
#5104=AXIS2_PLACEMENT_3D('',#7343,#5873,#5874);
#5105=AXIS2_PLACEMENT_3D('',#7349,#5878,#5879);
#5106=AXIS2_PLACEMENT_3D('',#7355,#5883,#5884);
#5107=AXIS2_PLACEMENT_3D('',#7361,#5888,#5889);
#5108=AXIS2_PLACEMENT_3D('',#7367,#5893,#5894);
#5109=AXIS2_PLACEMENT_3D('',#7373,#5898,#5899);
#5110=AXIS2_PLACEMENT_3D('',#7379,#5903,#5904);
#5111=AXIS2_PLACEMENT_3D('',#7385,#5908,#5909);
#5112=AXIS2_PLACEMENT_3D('',#7391,#5913,#5914);
#5113=AXIS2_PLACEMENT_3D('',#7394,#5917,#5918);
#5114=AXIS2_PLACEMENT_3D('',#7403,#5923,#5924);
#5115=AXIS2_PLACEMENT_3D('',#7405,#5925,#5926);
#5116=AXIS2_PLACEMENT_3D('',#7408,#5928,#5929);
#5117=AXIS2_PLACEMENT_3D('',#7409,#5930,#5931);
#5118=AXIS2_PLACEMENT_3D('',#7415,#5935,#5936);
#5119=AXIS2_PLACEMENT_3D('',#7416,#5937,#5938);
#5120=AXIS2_PLACEMENT_3D('',#7417,#5939,#5940);
#5121=AXIS2_PLACEMENT_3D('',#7418,#5941,#5942);
#5122=AXIS2_PLACEMENT_3D('',#7420,#5943,#5944);
#5123=AXIS2_PLACEMENT_3D('',#7423,#5946,#5947);
#5124=AXIS2_PLACEMENT_3D('',#7424,#5948,#5949);
#5125=AXIS2_PLACEMENT_3D('',#7433,#5954,#5955);
#5126=AXIS2_PLACEMENT_3D('',#7435,#5956,#5957);
#5127=AXIS2_PLACEMENT_3D('',#7438,#5959,#5960);
#5128=AXIS2_PLACEMENT_3D('',#7439,#5961,#5962);
#5129=AXIS2_PLACEMENT_3D('',#7445,#5966,#5967);
#5130=AXIS2_PLACEMENT_3D('',#7446,#5968,#5969);
#5131=AXIS2_PLACEMENT_3D('',#7447,#5970,#5971);
#5132=AXIS2_PLACEMENT_3D('',#7448,#5972,#5973);
#5133=AXIS2_PLACEMENT_3D('',#7450,#5974,#5975);
#5134=AXIS2_PLACEMENT_3D('',#7453,#5977,#5978);
#5135=AXIS2_PLACEMENT_3D('',#7454,#5979,#5980);
#5136=AXIS2_PLACEMENT_3D('',#7463,#5985,#5986);
#5137=AXIS2_PLACEMENT_3D('',#7465,#5987,#5988);
#5138=AXIS2_PLACEMENT_3D('',#7468,#5990,#5991);
#5139=AXIS2_PLACEMENT_3D('',#7469,#5992,#5993);
#5140=AXIS2_PLACEMENT_3D('',#7475,#5997,#5998);
#5141=AXIS2_PLACEMENT_3D('',#7476,#5999,#6000);
#5142=AXIS2_PLACEMENT_3D('',#7477,#6001,#6002);
#5143=AXIS2_PLACEMENT_3D('',#7478,#6003,#6004);
#5144=AXIS2_PLACEMENT_3D('',#7480,#6005,#6006);
#5145=AXIS2_PLACEMENT_3D('',#7483,#6008,#6009);
#5146=AXIS2_PLACEMENT_3D('',#7484,#6010,#6011);
#5147=AXIS2_PLACEMENT_3D('',#7493,#6016,#6017);
#5148=AXIS2_PLACEMENT_3D('',#7495,#6018,#6019);
#5149=AXIS2_PLACEMENT_3D('',#7498,#6021,#6022);
#5150=AXIS2_PLACEMENT_3D('',#7499,#6023,#6024);
#5151=AXIS2_PLACEMENT_3D('',#7505,#6028,#6029);
#5152=AXIS2_PLACEMENT_3D('',#7506,#6030,#6031);
#5153=AXIS2_PLACEMENT_3D('',#7507,#6032,#6033);
#5154=AXIS2_PLACEMENT_3D('',#7508,#6034,#6035);
#5155=AXIS2_PLACEMENT_3D('',#7517,#6040,#6041);
#5156=AXIS2_PLACEMENT_3D('',#7519,#6042,#6043);
#5157=AXIS2_PLACEMENT_3D('',#7522,#6045,#6046);
#5158=AXIS2_PLACEMENT_3D('',#7523,#6047,#6048);
#5159=AXIS2_PLACEMENT_3D('',#7529,#6052,#6053);
#5160=AXIS2_PLACEMENT_3D('',#7530,#6054,#6055);
#5161=AXIS2_PLACEMENT_3D('',#7531,#6056,#6057);
#5162=AXIS2_PLACEMENT_3D('',#7532,#6058,#6059);
#5163=AXIS2_PLACEMENT_3D('',#7541,#6064,#6065);
#5164=AXIS2_PLACEMENT_3D('',#7543,#6066,#6067);
#5165=AXIS2_PLACEMENT_3D('',#7546,#6069,#6070);
#5166=AXIS2_PLACEMENT_3D('',#7547,#6071,#6072);
#5167=AXIS2_PLACEMENT_3D('',#7553,#6076,#6077);
#5168=AXIS2_PLACEMENT_3D('',#7554,#6078,#6079);
#5169=AXIS2_PLACEMENT_3D('',#7555,#6080,#6081);
#5170=AXIS2_PLACEMENT_3D('',#7556,#6082,#6083);
#5171=AXIS2_PLACEMENT_3D('',#7565,#6088,#6089);
#5172=AXIS2_PLACEMENT_3D('',#7567,#6090,#6091);
#5173=AXIS2_PLACEMENT_3D('',#7570,#6093,#6094);
#5174=AXIS2_PLACEMENT_3D('',#7571,#6095,#6096);
#5175=AXIS2_PLACEMENT_3D('',#7577,#6100,#6101);
#5176=AXIS2_PLACEMENT_3D('',#7578,#6102,#6103);
#5177=AXIS2_PLACEMENT_3D('',#7579,#6104,#6105);
#5178=AXIS2_PLACEMENT_3D('',#7580,#6106,#6107);
#5179=AXIS2_PLACEMENT_3D('',#7582,#6108,#6109);
#5180=AXIS2_PLACEMENT_3D('',#7585,#6111,#6112);
#5181=AXIS2_PLACEMENT_3D('',#7586,#6113,#6114);
#5182=AXIS2_PLACEMENT_3D('',#7588,#6115,#6116);
#5183=AXIS2_PLACEMENT_3D('',#7591,#6118,#6119);
#5184=AXIS2_PLACEMENT_3D('',#7592,#6120,#6121);
#5185=AXIS2_PLACEMENT_3D('',#7594,#6122,#6123);
#5186=AXIS2_PLACEMENT_3D('',#7597,#6125,#6126);
#5187=AXIS2_PLACEMENT_3D('',#7598,#6127,#6128);
#5188=AXIS2_PLACEMENT_3D('',#7600,#6129,#6130);
#5189=AXIS2_PLACEMENT_3D('',#7603,#6132,#6133);
#5190=AXIS2_PLACEMENT_3D('',#7604,#6134,#6135);
#5191=AXIS2_PLACEMENT_3D('',#7613,#6140,#6141);
#5192=AXIS2_PLACEMENT_3D('',#7615,#6142,#6143);
#5193=AXIS2_PLACEMENT_3D('',#7618,#6145,#6146);
#5194=AXIS2_PLACEMENT_3D('',#7619,#6147,#6148);
#5195=AXIS2_PLACEMENT_3D('',#7625,#6152,#6153);
#5196=AXIS2_PLACEMENT_3D('',#7626,#6154,#6155);
#5197=AXIS2_PLACEMENT_3D('',#7627,#6156,#6157);
#5198=AXIS2_PLACEMENT_3D('',#7628,#6158,#6159);
#5199=AXIS2_PLACEMENT_3D('',#7637,#6164,#6165);
#5200=AXIS2_PLACEMENT_3D('',#7639,#6166,#6167);
#5201=AXIS2_PLACEMENT_3D('',#7642,#6169,#6170);
#5202=AXIS2_PLACEMENT_3D('',#7643,#6171,#6172);
#5203=AXIS2_PLACEMENT_3D('',#7649,#6176,#6177);
#5204=AXIS2_PLACEMENT_3D('',#7650,#6178,#6179);
#5205=AXIS2_PLACEMENT_3D('',#7651,#6180,#6181);
#5206=AXIS2_PLACEMENT_3D('',#7652,#6182,#6183);
#5207=AXIS2_PLACEMENT_3D('',#7654,#6184,#6185);
#5208=AXIS2_PLACEMENT_3D('',#7657,#6187,#6188);
#5209=AXIS2_PLACEMENT_3D('',#7658,#6189,#6190);
#5210=AXIS2_PLACEMENT_3D('',#7667,#6195,#6196);
#5211=AXIS2_PLACEMENT_3D('',#7669,#6197,#6198);
#5212=AXIS2_PLACEMENT_3D('',#7672,#6200,#6201);
#5213=AXIS2_PLACEMENT_3D('',#7673,#6202,#6203);
#5214=AXIS2_PLACEMENT_3D('',#7679,#6207,#6208);
#5215=AXIS2_PLACEMENT_3D('',#7680,#6209,#6210);
#5216=AXIS2_PLACEMENT_3D('',#7681,#6211,#6212);
#5217=AXIS2_PLACEMENT_3D('',#7682,#6213,#6214);
#5218=AXIS2_PLACEMENT_3D('',#7684,#6215,#6216);
#5219=AXIS2_PLACEMENT_3D('',#7687,#6218,#6219);
#5220=AXIS2_PLACEMENT_3D('',#7688,#6220,#6221);
#5221=AXIS2_PLACEMENT_3D('',#7690,#6222,#6223);
#5222=AXIS2_PLACEMENT_3D('',#7693,#6225,#6226);
#5223=AXIS2_PLACEMENT_3D('',#7694,#6227,#6228);
#5224=AXIS2_PLACEMENT_3D('',#7703,#6233,#6234);
#5225=AXIS2_PLACEMENT_3D('',#7705,#6235,#6236);
#5226=AXIS2_PLACEMENT_3D('',#7708,#6238,#6239);
#5227=AXIS2_PLACEMENT_3D('',#7709,#6240,#6241);
#5228=AXIS2_PLACEMENT_3D('',#7715,#6245,#6246);
#5229=AXIS2_PLACEMENT_3D('',#7716,#6247,#6248);
#5230=AXIS2_PLACEMENT_3D('',#7717,#6249,#6250);
#5231=AXIS2_PLACEMENT_3D('',#7718,#6251,#6252);
#5232=AXIS2_PLACEMENT_3D('',#7720,#6253,#6254);
#5233=AXIS2_PLACEMENT_3D('',#7723,#6256,#6257);
#5234=AXIS2_PLACEMENT_3D('',#7724,#6258,#6259);
#5235=AXIS2_PLACEMENT_3D('',#7726,#6260,#6261);
#5236=AXIS2_PLACEMENT_3D('',#7729,#6263,#6264);
#5237=AXIS2_PLACEMENT_3D('',#7730,#6265,#6266);
#5238=AXIS2_PLACEMENT_3D('',#7732,#6267,#6268);
#5239=AXIS2_PLACEMENT_3D('',#7735,#6270,#6271);
#5240=AXIS2_PLACEMENT_3D('',#7736,#6272,#6273);
#5241=AXIS2_PLACEMENT_3D('',#7738,#6274,#6275);
#5242=AXIS2_PLACEMENT_3D('',#7741,#6277,#6278);
#5243=AXIS2_PLACEMENT_3D('',#7742,#6279,#6280);
#5244=AXIS2_PLACEMENT_3D('',#7744,#6281,#6282);
#5245=AXIS2_PLACEMENT_3D('',#7747,#6284,#6285);
#5246=AXIS2_PLACEMENT_3D('',#7748,#6286,#6287);
#5247=AXIS2_PLACEMENT_3D('',#7750,#6288,#6289);
#5248=AXIS2_PLACEMENT_3D('',#7753,#6291,#6292);
#5249=AXIS2_PLACEMENT_3D('',#7754,#6293,#6294);
#5250=AXIS2_PLACEMENT_3D('',#7756,#6295,#6296);
#5251=AXIS2_PLACEMENT_3D('',#7759,#6298,#6299);
#5252=AXIS2_PLACEMENT_3D('',#7760,#6300,#6301);
#5253=AXIS2_PLACEMENT_3D('',#7762,#6302,#6303);
#5254=AXIS2_PLACEMENT_3D('',#7765,#6305,#6306);
#5255=AXIS2_PLACEMENT_3D('',#7766,#6307,#6308);
#5256=AXIS2_PLACEMENT_3D('',#7768,#6309,#6310);
#5257=AXIS2_PLACEMENT_3D('',#7771,#6312,#6313);
#5258=AXIS2_PLACEMENT_3D('',#7772,#6314,#6315);
#5259=AXIS2_PLACEMENT_3D('',#7774,#6316,#6317);
#5260=AXIS2_PLACEMENT_3D('',#7777,#6319,#6320);
#5261=AXIS2_PLACEMENT_3D('',#7778,#6321,#6322);
#5262=AXIS2_PLACEMENT_3D('',#7780,#6323,#6324);
#5263=AXIS2_PLACEMENT_3D('',#7783,#6326,#6327);
#5264=AXIS2_PLACEMENT_3D('',#7784,#6328,#6329);
#5265=AXIS2_PLACEMENT_3D('',#7786,#6330,#6331);
#5266=AXIS2_PLACEMENT_3D('',#7789,#6333,#6334);
#5267=AXIS2_PLACEMENT_3D('',#7790,#6335,#6336);
#5268=AXIS2_PLACEMENT_3D('',#7792,#6337,#6338);
#5269=AXIS2_PLACEMENT_3D('',#7795,#6340,#6341);
#5270=AXIS2_PLACEMENT_3D('',#7796,#6342,#6343);
#5271=AXIS2_PLACEMENT_3D('',#7798,#6344,#6345);
#5272=AXIS2_PLACEMENT_3D('',#7801,#6347,#6348);
#5273=AXIS2_PLACEMENT_3D('',#7802,#6349,#6350);
#5274=AXIS2_PLACEMENT_3D('',#7804,#6351,#6352);
#5275=AXIS2_PLACEMENT_3D('',#7807,#6354,#6355);
#5276=AXIS2_PLACEMENT_3D('',#7808,#6356,#6357);
#5277=AXIS2_PLACEMENT_3D('',#7810,#6358,#6359);
#5278=AXIS2_PLACEMENT_3D('',#7813,#6361,#6362);
#5279=AXIS2_PLACEMENT_3D('',#7814,#6363,#6364);
#5280=AXIS2_PLACEMENT_3D('',#7816,#6365,#6366);
#5281=AXIS2_PLACEMENT_3D('',#7819,#6368,#6369);
#5282=AXIS2_PLACEMENT_3D('',#7820,#6370,#6371);
#5283=AXIS2_PLACEMENT_3D('',#7822,#6372,#6373);
#5284=AXIS2_PLACEMENT_3D('',#7825,#6375,#6376);
#5285=AXIS2_PLACEMENT_3D('',#7826,#6377,#6378);
#5286=AXIS2_PLACEMENT_3D('',#7828,#6379,#6380);
#5287=AXIS2_PLACEMENT_3D('',#7831,#6382,#6383);
#5288=AXIS2_PLACEMENT_3D('',#7832,#6384,#6385);
#5289=AXIS2_PLACEMENT_3D('',#7834,#6386,#6387);
#5290=AXIS2_PLACEMENT_3D('',#7837,#6389,#6390);
#5291=AXIS2_PLACEMENT_3D('',#7838,#6391,#6392);
#5292=AXIS2_PLACEMENT_3D('',#7840,#6393,#6394);
#5293=AXIS2_PLACEMENT_3D('',#7843,#6396,#6397);
#5294=AXIS2_PLACEMENT_3D('',#7844,#6398,#6399);
#5295=AXIS2_PLACEMENT_3D('',#7846,#6400,#6401);
#5296=AXIS2_PLACEMENT_3D('',#7849,#6403,#6404);
#5297=AXIS2_PLACEMENT_3D('',#7850,#6405,#6406);
#5298=AXIS2_PLACEMENT_3D('',#7852,#6407,#6408);
#5299=AXIS2_PLACEMENT_3D('',#7855,#6410,#6411);
#5300=AXIS2_PLACEMENT_3D('',#7856,#6412,#6413);
#5301=AXIS2_PLACEMENT_3D('',#7858,#6414,#6415);
#5302=AXIS2_PLACEMENT_3D('',#7861,#6417,#6418);
#5303=AXIS2_PLACEMENT_3D('',#7862,#6419,#6420);
#5304=AXIS2_PLACEMENT_3D('',#7864,#6421,#6422);
#5305=AXIS2_PLACEMENT_3D('',#7867,#6424,#6425);
#5306=AXIS2_PLACEMENT_3D('',#7868,#6426,#6427);
#5307=AXIS2_PLACEMENT_3D('',#7870,#6428,#6429);
#5308=AXIS2_PLACEMENT_3D('',#7873,#6431,#6432);
#5309=AXIS2_PLACEMENT_3D('',#7874,#6433,#6434);
#5310=AXIS2_PLACEMENT_3D('',#7876,#6435,#6436);
#5311=AXIS2_PLACEMENT_3D('',#7879,#6438,#6439);
#5312=AXIS2_PLACEMENT_3D('',#7880,#6440,#6441);
#5313=AXIS2_PLACEMENT_3D('',#7882,#6442,#6443);
#5314=AXIS2_PLACEMENT_3D('',#7885,#6445,#6446);
#5315=AXIS2_PLACEMENT_3D('',#7886,#6447,#6448);
#5316=AXIS2_PLACEMENT_3D('',#7888,#6449,#6450);
#5317=AXIS2_PLACEMENT_3D('',#7891,#6452,#6453);
#5318=AXIS2_PLACEMENT_3D('',#7892,#6454,#6455);
#5319=AXIS2_PLACEMENT_3D('',#7894,#6456,#6457);
#5320=AXIS2_PLACEMENT_3D('',#7897,#6459,#6460);
#5321=AXIS2_PLACEMENT_3D('',#7898,#6461,#6462);
#5322=AXIS2_PLACEMENT_3D('',#7900,#6463,#6464);
#5323=AXIS2_PLACEMENT_3D('',#7903,#6466,#6467);
#5324=AXIS2_PLACEMENT_3D('',#7904,#6468,#6469);
#5325=AXIS2_PLACEMENT_3D('',#7906,#6470,#6471);
#5326=AXIS2_PLACEMENT_3D('',#7909,#6473,#6474);
#5327=AXIS2_PLACEMENT_3D('',#7910,#6475,#6476);
#5328=AXIS2_PLACEMENT_3D('',#7912,#6477,#6478);
#5329=AXIS2_PLACEMENT_3D('',#7915,#6480,#6481);
#5330=AXIS2_PLACEMENT_3D('',#7916,#6482,#6483);
#5331=AXIS2_PLACEMENT_3D('',#7918,#6484,#6485);
#5332=AXIS2_PLACEMENT_3D('',#7921,#6487,#6488);
#5333=AXIS2_PLACEMENT_3D('',#7922,#6489,#6490);
#5334=AXIS2_PLACEMENT_3D('',#7924,#6491,#6492);
#5335=AXIS2_PLACEMENT_3D('',#7927,#6494,#6495);
#5336=AXIS2_PLACEMENT_3D('',#7928,#6496,#6497);
#5337=AXIS2_PLACEMENT_3D('',#7930,#6498,#6499);
#5338=AXIS2_PLACEMENT_3D('',#7933,#6501,#6502);
#5339=AXIS2_PLACEMENT_3D('',#7934,#6503,#6504);
#5340=AXIS2_PLACEMENT_3D('',#7936,#6505,#6506);
#5341=AXIS2_PLACEMENT_3D('',#7939,#6508,#6509);
#5342=AXIS2_PLACEMENT_3D('',#7940,#6510,#6511);
#5343=AXIS2_PLACEMENT_3D('',#7942,#6512,#6513);
#5344=AXIS2_PLACEMENT_3D('',#7945,#6515,#6516);
#5345=AXIS2_PLACEMENT_3D('',#7946,#6517,#6518);
#5346=AXIS2_PLACEMENT_3D('',#7948,#6519,#6520);
#5347=AXIS2_PLACEMENT_3D('',#7951,#6522,#6523);
#5348=AXIS2_PLACEMENT_3D('',#7952,#6524,#6525);
#5349=AXIS2_PLACEMENT_3D('',#7954,#6526,#6527);
#5350=AXIS2_PLACEMENT_3D('',#7957,#6529,#6530);
#5351=AXIS2_PLACEMENT_3D('',#7958,#6531,#6532);
#5352=AXIS2_PLACEMENT_3D('',#7960,#6533,#6534);
#5353=AXIS2_PLACEMENT_3D('',#7963,#6536,#6537);
#5354=AXIS2_PLACEMENT_3D('',#7964,#6538,#6539);
#5355=AXIS2_PLACEMENT_3D('',#7966,#6540,#6541);
#5356=AXIS2_PLACEMENT_3D('',#7969,#6543,#6544);
#5357=AXIS2_PLACEMENT_3D('',#7970,#6545,#6546);
#5358=AXIS2_PLACEMENT_3D('',#7972,#6547,#6548);
#5359=AXIS2_PLACEMENT_3D('',#7975,#6550,#6551);
#5360=AXIS2_PLACEMENT_3D('',#7976,#6552,#6553);
#5361=AXIS2_PLACEMENT_3D('',#7978,#6554,#6555);
#5362=AXIS2_PLACEMENT_3D('',#7981,#6557,#6558);
#5363=AXIS2_PLACEMENT_3D('',#7982,#6559,#6560);
#5364=AXIS2_PLACEMENT_3D('',#7984,#6561,#6562);
#5365=AXIS2_PLACEMENT_3D('',#7987,#6564,#6565);
#5366=AXIS2_PLACEMENT_3D('',#7988,#6566,#6567);
#5367=AXIS2_PLACEMENT_3D('',#7990,#6568,#6569);
#5368=AXIS2_PLACEMENT_3D('',#7993,#6571,#6572);
#5369=AXIS2_PLACEMENT_3D('',#7994,#6573,#6574);
#5370=AXIS2_PLACEMENT_3D('',#7996,#6575,#6576);
#5371=AXIS2_PLACEMENT_3D('',#7999,#6578,#6579);
#5372=AXIS2_PLACEMENT_3D('',#8000,#6580,#6581);
#5373=AXIS2_PLACEMENT_3D('',#8002,#6582,#6583);
#5374=AXIS2_PLACEMENT_3D('',#8005,#6585,#6586);
#5375=AXIS2_PLACEMENT_3D('',#8006,#6587,#6588);
#5376=AXIS2_PLACEMENT_3D('',#8008,#6589,#6590);
#5377=AXIS2_PLACEMENT_3D('',#8011,#6592,#6593);
#5378=AXIS2_PLACEMENT_3D('',#8012,#6594,#6595);
#5379=AXIS2_PLACEMENT_3D('',#8014,#6596,#6597);
#5380=AXIS2_PLACEMENT_3D('',#8017,#6599,#6600);
#5381=AXIS2_PLACEMENT_3D('',#8018,#6601,#6602);
#5382=AXIS2_PLACEMENT_3D('',#8020,#6603,#6604);
#5383=AXIS2_PLACEMENT_3D('',#8023,#6606,#6607);
#5384=AXIS2_PLACEMENT_3D('',#8024,#6608,#6609);
#5385=AXIS2_PLACEMENT_3D('',#8026,#6610,#6611);
#5386=AXIS2_PLACEMENT_3D('',#8029,#6613,#6614);
#5387=AXIS2_PLACEMENT_3D('',#8030,#6615,#6616);
#5388=AXIS2_PLACEMENT_3D('',#8032,#6617,#6618);
#5389=AXIS2_PLACEMENT_3D('',#8035,#6620,#6621);
#5390=AXIS2_PLACEMENT_3D('',#8036,#6622,#6623);
#5391=AXIS2_PLACEMENT_3D('',#8038,#6624,#6625);
#5392=AXIS2_PLACEMENT_3D('',#8041,#6627,#6628);
#5393=AXIS2_PLACEMENT_3D('',#8042,#6629,#6630);
#5394=AXIS2_PLACEMENT_3D('',#8044,#6631,#6632);
#5395=AXIS2_PLACEMENT_3D('',#8047,#6634,#6635);
#5396=AXIS2_PLACEMENT_3D('',#8048,#6636,#6637);
#5397=AXIS2_PLACEMENT_3D('',#8050,#6638,#6639);
#5398=AXIS2_PLACEMENT_3D('',#8053,#6641,#6642);
#5399=AXIS2_PLACEMENT_3D('',#8054,#6643,#6644);
#5400=AXIS2_PLACEMENT_3D('',#8056,#6645,#6646);
#5401=AXIS2_PLACEMENT_3D('',#8059,#6648,#6649);
#5402=AXIS2_PLACEMENT_3D('',#8060,#6650,#6651);
#5403=AXIS2_PLACEMENT_3D('',#8062,#6652,#6653);
#5404=AXIS2_PLACEMENT_3D('',#8065,#6655,#6656);
#5405=AXIS2_PLACEMENT_3D('',#8066,#6657,#6658);
#5406=AXIS2_PLACEMENT_3D('',#8068,#6659,#6660);
#5407=AXIS2_PLACEMENT_3D('',#8071,#6662,#6663);
#5408=AXIS2_PLACEMENT_3D('',#8072,#6664,#6665);
#5409=AXIS2_PLACEMENT_3D('',#8074,#6666,#6667);
#5410=AXIS2_PLACEMENT_3D('',#8077,#6669,#6670);
#5411=AXIS2_PLACEMENT_3D('',#8078,#6671,#6672);
#5412=AXIS2_PLACEMENT_3D('',#8080,#6673,#6674);
#5413=AXIS2_PLACEMENT_3D('',#8083,#6676,#6677);
#5414=AXIS2_PLACEMENT_3D('',#8084,#6678,#6679);
#5415=AXIS2_PLACEMENT_3D('',#8086,#6680,#6681);
#5416=AXIS2_PLACEMENT_3D('',#8089,#6683,#6684);
#5417=AXIS2_PLACEMENT_3D('',#8090,#6685,#6686);
#5418=AXIS2_PLACEMENT_3D('',#8092,#6687,#6688);
#5419=AXIS2_PLACEMENT_3D('',#8095,#6690,#6691);
#5420=AXIS2_PLACEMENT_3D('',#8096,#6692,#6693);
#5421=AXIS2_PLACEMENT_3D('',#8098,#6694,#6695);
#5422=AXIS2_PLACEMENT_3D('',#8101,#6697,#6698);
#5423=AXIS2_PLACEMENT_3D('',#8102,#6699,#6700);
#5424=AXIS2_PLACEMENT_3D('',#8104,#6701,#6702);
#5425=AXIS2_PLACEMENT_3D('',#8107,#6704,#6705);
#5426=AXIS2_PLACEMENT_3D('',#8108,#6706,#6707);
#5427=AXIS2_PLACEMENT_3D('',#8110,#6708,#6709);
#5428=AXIS2_PLACEMENT_3D('',#8113,#6711,#6712);
#5429=AXIS2_PLACEMENT_3D('',#8114,#6713,#6714);
#5430=AXIS2_PLACEMENT_3D('',#8116,#6715,#6716);
#5431=AXIS2_PLACEMENT_3D('',#8119,#6718,#6719);
#5432=AXIS2_PLACEMENT_3D('',#8120,#6720,#6721);
#5433=AXIS2_PLACEMENT_3D('',#8122,#6722,#6723);
#5434=AXIS2_PLACEMENT_3D('',#8125,#6725,#6726);
#5435=AXIS2_PLACEMENT_3D('',#8126,#6727,#6728);
#5436=AXIS2_PLACEMENT_3D('',#8128,#6729,#6730);
#5437=AXIS2_PLACEMENT_3D('',#8131,#6732,#6733);
#5438=AXIS2_PLACEMENT_3D('',#8132,#6734,#6735);
#5439=AXIS2_PLACEMENT_3D('',#8134,#6736,#6737);
#5440=AXIS2_PLACEMENT_3D('',#8137,#6739,#6740);
#5441=AXIS2_PLACEMENT_3D('',#8138,#6741,#6742);
#5442=AXIS2_PLACEMENT_3D('',#8140,#6743,#6744);
#5443=AXIS2_PLACEMENT_3D('',#8143,#6746,#6747);
#5444=AXIS2_PLACEMENT_3D('',#8144,#6748,#6749);
#5445=AXIS2_PLACEMENT_3D('',#8146,#6750,#6751);
#5446=AXIS2_PLACEMENT_3D('',#8149,#6753,#6754);
#5447=AXIS2_PLACEMENT_3D('',#8150,#6755,#6756);
#5448=AXIS2_PLACEMENT_3D('',#8152,#6757,#6758);
#5449=AXIS2_PLACEMENT_3D('',#8155,#6760,#6761);
#5450=AXIS2_PLACEMENT_3D('',#8156,#6762,#6763);
#5451=AXIS2_PLACEMENT_3D('',#8158,#6764,#6765);
#5452=AXIS2_PLACEMENT_3D('',#8161,#6767,#6768);
#5453=AXIS2_PLACEMENT_3D('',#8162,#6769,#6770);
#5454=AXIS2_PLACEMENT_3D('',#8164,#6771,#6772);
#5455=AXIS2_PLACEMENT_3D('',#8167,#6774,#6775);
#5456=AXIS2_PLACEMENT_3D('',#8168,#6776,#6777);
#5457=AXIS2_PLACEMENT_3D('',#8170,#6778,#6779);
#5458=AXIS2_PLACEMENT_3D('',#8173,#6781,#6782);
#5459=AXIS2_PLACEMENT_3D('',#8174,#6783,#6784);
#5460=AXIS2_PLACEMENT_3D('',#8176,#6785,#6786);
#5461=AXIS2_PLACEMENT_3D('',#8179,#6788,#6789);
#5462=AXIS2_PLACEMENT_3D('',#8180,#6790,#6791);
#5463=AXIS2_PLACEMENT_3D('',#8182,#6792,#6793);
#5464=AXIS2_PLACEMENT_3D('',#8185,#6795,#6796);
#5465=AXIS2_PLACEMENT_3D('',#8186,#6797,#6798);
#5466=AXIS2_PLACEMENT_3D('',#8188,#6799,#6800);
#5467=AXIS2_PLACEMENT_3D('',#8191,#6802,#6803);
#5468=AXIS2_PLACEMENT_3D('',#8192,#6804,#6805);
#5469=AXIS2_PLACEMENT_3D('',#8194,#6806,#6807);
#5470=AXIS2_PLACEMENT_3D('',#8197,#6809,#6810);
#5471=AXIS2_PLACEMENT_3D('',#8198,#6811,#6812);
#5472=AXIS2_PLACEMENT_3D('',#8200,#6813,#6814);
#5473=AXIS2_PLACEMENT_3D('',#8203,#6816,#6817);
#5474=AXIS2_PLACEMENT_3D('',#8204,#6818,#6819);
#5475=AXIS2_PLACEMENT_3D('',#8206,#6820,#6821);
#5476=AXIS2_PLACEMENT_3D('',#8209,#6823,#6824);
#5477=AXIS2_PLACEMENT_3D('',#8210,#6825,#6826);
#5478=AXIS2_PLACEMENT_3D('',#8212,#6827,#6828);
#5479=AXIS2_PLACEMENT_3D('',#8215,#6830,#6831);
#5480=AXIS2_PLACEMENT_3D('',#8216,#6832,#6833);
#5481=AXIS2_PLACEMENT_3D('',#8218,#6834,#6835);
#5482=AXIS2_PLACEMENT_3D('',#8221,#6837,#6838);
#5483=AXIS2_PLACEMENT_3D('',#8222,#6839,#6840);
#5484=AXIS2_PLACEMENT_3D('',#8224,#6841,#6842);
#5485=AXIS2_PLACEMENT_3D('',#8227,#6844,#6845);
#5486=AXIS2_PLACEMENT_3D('',#8228,#6846,#6847);
#5487=AXIS2_PLACEMENT_3D('',#8230,#6848,#6849);
#5488=AXIS2_PLACEMENT_3D('',#8233,#6851,#6852);
#5489=AXIS2_PLACEMENT_3D('',#8234,#6853,#6854);
#5490=AXIS2_PLACEMENT_3D('',#8236,#6855,#6856);
#5491=AXIS2_PLACEMENT_3D('',#8239,#6858,#6859);
#5492=AXIS2_PLACEMENT_3D('',#8240,#6860,#6861);
#5493=AXIS2_PLACEMENT_3D('',#8242,#6862,#6863);
#5494=AXIS2_PLACEMENT_3D('',#8245,#6865,#6866);
#5495=AXIS2_PLACEMENT_3D('',#8246,#6867,#6868);
#5496=AXIS2_PLACEMENT_3D('',#8248,#6869,#6870);
#5497=AXIS2_PLACEMENT_3D('',#8251,#6872,#6873);
#5498=AXIS2_PLACEMENT_3D('',#8252,#6874,#6875);
#5499=AXIS2_PLACEMENT_3D('',#8254,#6876,#6877);
#5500=AXIS2_PLACEMENT_3D('',#8257,#6879,#6880);
#5501=AXIS2_PLACEMENT_3D('',#8258,#6881,#6882);
#5502=AXIS2_PLACEMENT_3D('',#8260,#6883,#6884);
#5503=AXIS2_PLACEMENT_3D('',#8263,#6886,#6887);
#5504=AXIS2_PLACEMENT_3D('',#8264,#6888,#6889);
#5505=AXIS2_PLACEMENT_3D('',#8266,#6890,#6891);
#5506=AXIS2_PLACEMENT_3D('',#8269,#6893,#6894);
#5507=AXIS2_PLACEMENT_3D('',#8270,#6895,#6896);
#5508=AXIS2_PLACEMENT_3D('',#8272,#6897,#6898);
#5509=AXIS2_PLACEMENT_3D('',#8275,#6900,#6901);
#5510=AXIS2_PLACEMENT_3D('',#8276,#6902,#6903);
#5511=AXIS2_PLACEMENT_3D('',#8278,#6904,#6905);
#5512=AXIS2_PLACEMENT_3D('',#8281,#6907,#6908);
#5513=AXIS2_PLACEMENT_3D('',#8282,#6909,#6910);
#5514=AXIS2_PLACEMENT_3D('',#8283,#6911,#6912);
#5515=DIRECTION('axis',(0.,0.,1.));
#5516=DIRECTION('refdir',(1.,0.,0.));
#5517=DIRECTION('center_axis',(0.996917461846771,0.078457467872672,0.));
#5518=DIRECTION('ref_axis',(0.078457467872672,-0.996917461846771,0.));
#5519=DIRECTION('',(0.,0.,1.));
#5520=DIRECTION('',(0.078457467872672,-0.996917461846771,2.41765738778835E-34));
#5521=DIRECTION('',(0.,0.,1.));
#5522=DIRECTION('',(0.078457467872672,-0.996917461846771,0.));
#5523=DIRECTION('center_axis',(0.972370015057022,0.233444969571005,0.));
#5524=DIRECTION('ref_axis',(0.233444969571005,-0.972370015057022,0.));
#5525=DIRECTION('',(0.233444969571005,-0.972370015057022,7.19357851621375E-34));
#5526=DIRECTION('',(0.,0.,1.));
#5527=DIRECTION('',(0.233444969571005,-0.972370015057022,0.));
#5528=DIRECTION('center_axis',(0.923879158380736,0.382684335594891,0.));
#5529=DIRECTION('ref_axis',(0.382684335594891,-0.923879158380736,0.));
#5530=DIRECTION('',(0.382684335594891,-0.923879158380736,1.1792371538722E-33));
#5531=DIRECTION('',(0.,0.,1.));
#5532=DIRECTION('',(0.382684335594891,-0.923879158380736,0.));
#5533=DIRECTION('center_axis',(0.852639550114159,0.522499567063098,0.));
#5534=DIRECTION('ref_axis',(0.522499567063098,-0.852639550114159,0.));
#5535=DIRECTION('',(0.522499567063098,-0.852639550114159,1.61007609941789E-33));
#5536=DIRECTION('',(0.,0.,1.));
#5537=DIRECTION('',(0.522499567063098,-0.852639550114159,0.));
#5538=DIRECTION('center_axis',(0.760407831035053,0.649445864180045,0.));
#5539=DIRECTION('ref_axis',(0.649445864180045,-0.760407831035053,0.));
#5540=DIRECTION('',(0.649445864180045,-0.760407831035053,2.00125957933246E-33));
#5541=DIRECTION('',(0.,0.,1.));
#5542=DIRECTION('',(0.649445864180045,-0.760407831035053,0.));
#5543=DIRECTION('center_axis',(0.649445864180045,0.760407831035053,0.));
#5544=DIRECTION('ref_axis',(0.760407831035053,-0.649445864180045,0.));
#5545=DIRECTION('',(0.760407831035053,-0.649445864180045,2.34318753877913E-33));
#5546=DIRECTION('',(0.,0.,1.));
#5547=DIRECTION('',(0.760407831035053,-0.649445864180045,0.));
#5548=DIRECTION('center_axis',(0.522499567063098,0.852639550114159,0.));
#5549=DIRECTION('ref_axis',(0.852639550114159,-0.522499567063098,0.));
#5550=DIRECTION('',(0.852639550114159,-0.522499567063098,2.62739846613395E-33));
#5551=DIRECTION('',(0.,0.,1.));
#5552=DIRECTION('',(0.852639550114159,-0.522499567063098,0.));
#5553=DIRECTION('center_axis',(0.382684335594891,0.923879158380736,0.));
#5554=DIRECTION('ref_axis',(0.923879158380736,-0.382684335594891,0.));
#5555=DIRECTION('',(0.923879158380736,-0.382684335594891,2.84692245779318E-33));
#5556=DIRECTION('',(0.,0.,1.));
#5557=DIRECTION('',(0.923879158380736,-0.382684335594891,0.));
#5558=DIRECTION('center_axis',(0.233444969571005,0.972370015057022,0.));
#5559=DIRECTION('ref_axis',(0.972370015057022,-0.233444969571005,0.));
#5560=DIRECTION('',(0.972370015057022,-0.233444969571005,2.99634644643613E-33));
#5561=DIRECTION('',(0.,0.,1.));
#5562=DIRECTION('',(0.972370015057022,-0.233444969571005,0.));
#5563=DIRECTION('center_axis',(0.0588914404213391,0.998264392956646,0.));
#5564=DIRECTION('ref_axis',(0.998264392956645,-0.0588914404213391,0.));
#5565=DIRECTION('',(0.998264392956646,-0.0588914404213391,3.0761396588972E-33));
#5566=DIRECTION('',(0.,0.,1.));
#5567=DIRECTION('',(0.998264392956646,-0.0588914404213391,0.));
#5568=DIRECTION('center_axis',(0.000220876201870067,0.999999975606851,0.));
#5569=DIRECTION('ref_axis',(0.999999975606852,-0.000220876201870067,0.));
#5570=DIRECTION('',(0.999999975606851,-0.000220876201870067,3.08148783585239E-33));
#5571=DIRECTION('',(0.,0.,1.));
#5572=DIRECTION('',(0.999999975606851,-0.000220876201870067,0.));
#5573=DIRECTION('center_axis',(-0.0784574678727217,0.996917461846767,0.));
#5574=DIRECTION('ref_axis',(0.996917461846767,0.0784574678727218,0.));
#5575=DIRECTION('',(0.996917461846767,0.0784574678727217,3.07198910696513E-33));
#5576=DIRECTION('',(0.,0.,1.));
#5577=DIRECTION('',(0.996917461846767,0.0784574678727217,0.));
#5578=DIRECTION('center_axis',(-0.233444969571005,0.972370015057022,0.));
#5579=DIRECTION('ref_axis',(0.972370015057022,0.233444969571005,0.));
#5580=DIRECTION('',(0.972370015057022,0.233444969571005,2.99634644643614E-33));
#5581=DIRECTION('',(0.,0.,1.));
#5582=DIRECTION('',(0.972370015057022,0.233444969571005,0.));
#5583=DIRECTION('center_axis',(-0.382684335594891,0.923879158380736,0.));
#5584=DIRECTION('ref_axis',(0.923879158380736,0.382684335594891,0.));
#5585=DIRECTION('',(0.923879158380736,0.382684335594891,2.84692245779318E-33));
#5586=DIRECTION('',(0.,0.,1.));
#5587=DIRECTION('',(0.923879158380736,0.382684335594891,0.));
#5588=DIRECTION('center_axis',(-0.522499567063824,0.852639550113714,0.));
#5589=DIRECTION('ref_axis',(0.852639550113714,0.522499567063824,0.));
#5590=DIRECTION('',(0.852639550113713,0.522499567063825,2.62739846613259E-33));
#5591=DIRECTION('',(0.,0.,1.));
#5592=DIRECTION('',(0.852639550113713,0.522499567063825,0.));
#5593=DIRECTION('center_axis',(-0.649445864180045,0.760407831035053,0.));
#5594=DIRECTION('ref_axis',(0.760407831035053,0.649445864180045,0.));
#5595=DIRECTION('',(0.760407831035053,0.649445864180045,2.34318753877914E-33));
#5596=DIRECTION('',(0.,0.,1.));
#5597=DIRECTION('',(0.760407831035053,0.649445864180045,0.));
#5598=DIRECTION('center_axis',(-0.760407831035053,0.649445864180045,0.));
#5599=DIRECTION('ref_axis',(0.649445864180045,0.760407831035053,0.));
#5600=DIRECTION('',(0.649445864180045,0.760407831035053,2.00125957933248E-33));
#5601=DIRECTION('',(0.,0.,1.));
#5602=DIRECTION('',(0.649445864180045,0.760407831035053,0.));
#5603=DIRECTION('center_axis',(-0.852639550114159,0.522499567063098,0.));
#5604=DIRECTION('ref_axis',(0.522499567063098,0.852639550114159,0.));
#5605=DIRECTION('',(0.522499567063098,0.852639550114159,1.61007609941791E-33));
#5606=DIRECTION('',(0.,0.,1.));
#5607=DIRECTION('',(0.522499567063098,0.852639550114159,0.));
#5608=DIRECTION('center_axis',(-0.923879158380736,0.382684335594891,0.));
#5609=DIRECTION('ref_axis',(0.382684335594891,0.923879158380736,0.));
#5610=DIRECTION('',(0.382684335594891,0.923879158380736,1.17923715387222E-33));
#5611=DIRECTION('',(0.,0.,1.));
#5612=DIRECTION('',(0.382684335594891,0.923879158380736,0.));
#5613=DIRECTION('center_axis',(-0.972370015057022,0.233444969571005,0.));
#5614=DIRECTION('ref_axis',(0.233444969571005,0.972370015057022,0.));
#5615=DIRECTION('',(0.233444969571005,0.972370015057022,7.19357851621396E-34));
#5616=DIRECTION('',(0.,0.,1.));
#5617=DIRECTION('',(0.233444969571005,0.972370015057022,0.));
#5618=DIRECTION('center_axis',(-0.998264664362102,0.058886839667456,0.));
#5619=DIRECTION('ref_axis',(0.058886839667456,0.998264664362102,0.));
#5620=DIRECTION('',(0.058886839667456,0.998264664362102,1.81459084553425E-34));
#5621=DIRECTION('',(0.,0.,1.));
#5622=DIRECTION('',(0.058886839667456,0.998264664362102,0.));
#5623=DIRECTION('center_axis',(-0.999983148884634,-0.00580533778278588,
0.));
#5624=DIRECTION('ref_axis',(-0.00580533778278588,0.999983148884634,0.));
#5625=DIRECTION('',(-0.00580533778278588,0.999983148884634,-1.78890781970289E-35));
#5626=DIRECTION('',(0.,0.,1.));
#5627=DIRECTION('',(-0.00580533778278588,0.999983148884634,0.));
#5628=DIRECTION('center_axis',(-0.995184854785889,0.0980158395606991,0.));
#5629=DIRECTION('ref_axis',(0.0980158395606991,0.995184854785889,0.));
#5630=DIRECTION('',(0.0980158395606991,0.995184854785889,3.0203462469474E-34));
#5631=DIRECTION('',(0.,0.,1.));
#5632=DIRECTION('',(0.0980158395606991,0.995184854785889,0.));
#5633=DIRECTION('center_axis',(-0.956940931457488,0.290282713404148,0.));
#5634=DIRECTION('ref_axis',(0.290282713404148,0.956940931457488,0.));
#5635=DIRECTION('',(0.290282713404148,0.956940931457488,8.94502672132854E-34));
#5636=DIRECTION('',(0.,0.,1.));
#5637=DIRECTION('',(0.290282713404148,0.956940931457488,0.));
#5638=DIRECTION('center_axis',(-0.881921625195327,0.471396061728175,0.));
#5639=DIRECTION('ref_axis',(0.471396061728175,0.881921625195327,0.));
#5640=DIRECTION('',(0.471396061728175,0.881921625195327,1.45260126551762E-33));
#5641=DIRECTION('',(0.,0.,1.));
#5642=DIRECTION('',(0.471396061728175,0.881921625195327,0.));
#5643=DIRECTION('center_axis',(-0.77301002719915,0.634393803445123,0.));
#5644=DIRECTION('ref_axis',(0.634393803445123,0.77301002719915,0.));
#5645=DIRECTION('',(0.634393803445123,0.77301002719915,1.95487683614188E-33));
#5646=DIRECTION('',(0.,0.,1.));
#5647=DIRECTION('',(0.634393803445123,0.77301002719915,0.));
#5648=DIRECTION('center_axis',(-0.634393803445123,0.77301002719915,0.));
#5649=DIRECTION('ref_axis',(0.77301002719915,0.634393803445123,0.));
#5650=DIRECTION('',(0.77301002719915,0.634393803445123,2.3820210539111E-33));
#5651=DIRECTION('',(0.,0.,1.));
#5652=DIRECTION('',(0.77301002719915,0.634393803445123,0.));
#5653=DIRECTION('center_axis',(-0.471396061727759,0.881921625195549,0.));
#5654=DIRECTION('ref_axis',(0.881921625195549,0.471396061727759,0.));
#5655=DIRECTION('',(0.881921625195549,0.471396061727759,2.71763082650683E-33));
#5656=DIRECTION('',(0.,0.,1.));
#5657=DIRECTION('',(0.881921625195549,0.471396061727759,0.));
#5658=DIRECTION('center_axis',(-0.290282713404148,0.956940931457488,0.));
#5659=DIRECTION('ref_axis',(0.956940931457488,0.290282713404148,0.));
#5660=DIRECTION('',(0.956940931457488,0.290282713404148,2.94880191184607E-33));
#5661=DIRECTION('',(0.,0.,1.));
#5662=DIRECTION('',(0.956940931457488,0.290282713404148,0.));
#5663=DIRECTION('center_axis',(-0.0736111668865437,0.997287017918915,0.));
#5664=DIRECTION('ref_axis',(0.997287017918915,0.0736111668865437,0.));
#5665=DIRECTION('',(0.997287017918915,0.0736111668865437,3.0731278895339E-33));
#5666=DIRECTION('',(0.,0.,1.));
#5667=DIRECTION('',(0.997287017918915,0.0736111668865437,0.));
#5668=DIRECTION('center_axis',(0.00121009855224158,0.999999267830479,0.));
#5669=DIRECTION('ref_axis',(0.999999267830479,-0.00121009855224158,0.));
#5670=DIRECTION('',(0.999999267830479,-0.00121009855224158,3.08148565484805E-33));
#5671=DIRECTION('',(0.,0.,1.));
#5672=DIRECTION('',(0.999999267830479,-0.00121009855224158,0.));
#5673=DIRECTION('center_axis',(-0.0980158395607981,0.995184854785879,0.));
#5674=DIRECTION('ref_axis',(0.995184854785879,0.0980158395607982,0.));
#5675=DIRECTION('',(0.995184854785879,0.0980158395607981,3.06665009925246E-33));
#5676=DIRECTION('',(0.,0.,1.));
#5677=DIRECTION('',(0.995184854785879,0.0980158395607981,0.));
#5678=DIRECTION('center_axis',(-0.290282713404148,0.956940931457488,0.));
#5679=DIRECTION('ref_axis',(0.956940931457488,0.290282713404148,0.));
#5680=DIRECTION('',(0.956940931457488,0.290282713404148,2.94880191184607E-33));
#5681=DIRECTION('',(0.,0.,1.));
#5682=DIRECTION('',(0.956940931457488,0.290282713404148,0.));
#5683=DIRECTION('center_axis',(-0.471396061727759,0.881921625195549,0.));
#5684=DIRECTION('ref_axis',(0.881921625195549,0.471396061727759,0.));
#5685=DIRECTION('',(0.881921625195549,0.471396061727759,2.71763082650683E-33));
#5686=DIRECTION('',(0.,0.,1.));
#5687=DIRECTION('',(0.881921625195549,0.471396061727759,0.));
#5688=DIRECTION('center_axis',(-0.634393803445721,0.77301002719866,0.));
#5689=DIRECTION('ref_axis',(0.77301002719866,0.634393803445721,0.));
#5690=DIRECTION('',(0.77301002719866,0.634393803445721,2.38202105390959E-33));
#5691=DIRECTION('',(0.,0.,1.));
#5692=DIRECTION('',(0.77301002719866,0.634393803445721,0.));
#5693=DIRECTION('center_axis',(-0.77301002719915,0.634393803445123,0.));
#5694=DIRECTION('ref_axis',(0.634393803445123,0.77301002719915,0.));
#5695=DIRECTION('',(0.634393803445123,0.77301002719915,1.95487683614188E-33));
#5696=DIRECTION('',(0.,0.,1.));
#5697=DIRECTION('',(0.634393803445123,0.77301002719915,0.));
#5698=DIRECTION('center_axis',(-0.881921625195327,0.471396061728175,0.));
#5699=DIRECTION('ref_axis',(0.471396061728175,0.881921625195327,0.));
#5700=DIRECTION('',(0.471396061728175,0.881921625195327,1.45260126551762E-33));
#5701=DIRECTION('',(0.,0.,1.));
#5702=DIRECTION('',(0.471396061728175,0.881921625195327,0.));
#5703=DIRECTION('center_axis',(-0.956940931457488,0.290282713404148,0.));
#5704=DIRECTION('ref_axis',(0.290282713404148,0.956940931457488,0.));
#5705=DIRECTION('',(0.290282713404148,0.956940931457488,8.94502672132854E-34));
#5706=DIRECTION('',(0.,0.,1.));
#5707=DIRECTION('',(0.290282713404148,0.956940931457488,0.));
#5708=DIRECTION('center_axis',(-0.997287017918929,0.0736111668863448,0.));
#5709=DIRECTION('ref_axis',(0.0736111668863448,0.997287017918929,0.));
#5710=DIRECTION('',(0.0736111668863448,0.997287017918929,2.26831920876327E-34));
#5711=DIRECTION('',(0.,0.,1.));
#5712=DIRECTION('',(0.0736111668863448,0.997287017918929,0.));
#5713=DIRECTION('center_axis',(-0.999999989223889,0.000146806753930684,
0.));
#5714=DIRECTION('ref_axis',(0.000146806753930684,0.999999989223889,0.));
#5715=DIRECTION('',(0.000146806753930684,0.999999989223889,4.52383237504375E-37));
#5716=DIRECTION('',(0.,0.,1.));
#5717=DIRECTION('',(0.000146806753930684,0.999999989223889,0.));
#5718=DIRECTION('center_axis',(-0.99518485478589,-0.0980158395606892,0.));
#5719=DIRECTION('ref_axis',(-0.0980158395606892,0.99518485478589,0.));
#5720=DIRECTION('',(-0.0980158395606892,0.99518485478589,-3.02034624694687E-34));
#5721=DIRECTION('',(0.,0.,1.));
#5722=DIRECTION('',(-0.0980158395606892,0.99518485478589,0.));
#5723=DIRECTION('center_axis',(-0.956940931457488,-0.290282713404148,0.));
#5724=DIRECTION('ref_axis',(-0.290282713404148,0.956940931457488,0.));
#5725=DIRECTION('',(-0.290282713404148,0.956940931457488,-8.94502672132833E-34));
#5726=DIRECTION('',(0.,0.,1.));
#5727=DIRECTION('',(-0.290282713404148,0.956940931457488,0.));
#5728=DIRECTION('center_axis',(-0.881921625195327,-0.471396061728175,0.));
#5729=DIRECTION('ref_axis',(-0.471396061728175,0.881921625195327,0.));
#5730=DIRECTION('',(-0.471396061728175,0.881921625195327,-1.4526012655176E-33));
#5731=DIRECTION('',(0.,0.,1.));
#5732=DIRECTION('',(-0.471396061728175,0.881921625195327,0.));
#5733=DIRECTION('center_axis',(-0.77301002719915,-0.634393803445123,0.));
#5734=DIRECTION('ref_axis',(-0.634393803445123,0.77301002719915,0.));
#5735=DIRECTION('',(-0.634393803445123,0.77301002719915,-1.95487683614187E-33));
#5736=DIRECTION('',(0.,0.,1.));
#5737=DIRECTION('',(-0.634393803445123,0.77301002719915,0.));
#5738=DIRECTION('center_axis',(-0.634393803445123,-0.77301002719915,0.));
#5739=DIRECTION('ref_axis',(-0.77301002719915,0.634393803445123,0.));
#5740=DIRECTION('',(-0.77301002719915,0.634393803445123,-2.38202105391109E-33));
#5741=DIRECTION('',(0.,0.,1.));
#5742=DIRECTION('',(-0.77301002719915,0.634393803445123,0.));
#5743=DIRECTION('center_axis',(-0.471396061727759,-0.881921625195549,0.));
#5744=DIRECTION('ref_axis',(-0.881921625195549,0.471396061727759,0.));
#5745=DIRECTION('',(-0.881921625195549,0.471396061727759,-2.71763082650682E-33));
#5746=DIRECTION('',(0.,0.,1.));
#5747=DIRECTION('',(-0.881921625195549,0.471396061727759,0.));
#5748=DIRECTION('center_axis',(-0.290282713404148,-0.956940931457488,0.));
#5749=DIRECTION('ref_axis',(-0.956940931457488,0.290282713404148,0.));
#5750=DIRECTION('',(-0.956940931457488,0.290282713404148,-2.94880191184606E-33));
#5751=DIRECTION('',(0.,0.,1.));
#5752=DIRECTION('',(-0.956940931457488,0.290282713404148,0.));
#5753=DIRECTION('center_axis',(-0.0736111668865238,-0.997287017918916,0.));
#5754=DIRECTION('ref_axis',(-0.997287017918916,0.0736111668865238,0.));
#5755=DIRECTION('',(-0.997287017918916,0.0736111668865238,-3.0731278895339E-33));
#5756=DIRECTION('',(0.,0.,1.));
#5757=DIRECTION('',(-0.997287017918916,0.0736111668865238,0.));
#5758=DIRECTION('center_axis',(0.00121009855224558,-0.999999267830479,0.));
#5759=DIRECTION('ref_axis',(-0.999999267830479,-0.00121009855224558,0.));
#5760=DIRECTION('',(-0.999999267830479,-0.00121009855224558,-3.08148565484805E-33));
#5761=DIRECTION('',(0.,0.,1.));
#5762=DIRECTION('',(-0.999999267830479,-0.00121009855224558,0.));
#5763=DIRECTION('center_axis',(-0.0980158395608774,-0.995184854785872,0.));
#5764=DIRECTION('ref_axis',(-0.995184854785872,0.0980158395608774,0.));
#5765=DIRECTION('',(-0.995184854785872,0.0980158395608774,-3.06665009925244E-33));
#5766=DIRECTION('',(0.,0.,1.));
#5767=DIRECTION('',(-0.995184854785872,0.0980158395608774,0.));
#5768=DIRECTION('center_axis',(-0.290282713404148,-0.956940931457488,0.));
#5769=DIRECTION('ref_axis',(-0.956940931457488,0.290282713404148,0.));
#5770=DIRECTION('',(-0.956940931457488,0.290282713404148,-2.94880191184606E-33));
#5771=DIRECTION('',(0.,0.,1.));
#5772=DIRECTION('',(-0.956940931457488,0.290282713404148,0.));
#5773=DIRECTION('center_axis',(-0.471396061728175,-0.881921625195327,0.));
#5774=DIRECTION('ref_axis',(-0.881921625195327,0.471396061728175,0.));
#5775=DIRECTION('',(-0.881921625195327,0.471396061728175,-2.71763082650613E-33));
#5776=DIRECTION('',(0.,0.,1.));
#5777=DIRECTION('',(-0.881921625195327,0.471396061728175,0.));
#5778=DIRECTION('center_axis',(-0.634393803445123,-0.77301002719915,0.));
#5779=DIRECTION('ref_axis',(-0.77301002719915,0.634393803445123,0.));
#5780=DIRECTION('',(-0.77301002719915,0.634393803445123,-2.38202105391109E-33));
#5781=DIRECTION('',(0.,0.,1.));
#5782=DIRECTION('',(-0.77301002719915,0.634393803445123,0.));
#5783=DIRECTION('center_axis',(-0.77301002719915,-0.634393803445123,0.));
#5784=DIRECTION('ref_axis',(-0.634393803445123,0.77301002719915,0.));
#5785=DIRECTION('',(-0.634393803445123,0.77301002719915,-1.95487683614187E-33));
#5786=DIRECTION('',(0.,0.,1.));
#5787=DIRECTION('',(-0.634393803445123,0.77301002719915,0.));
#5788=DIRECTION('center_axis',(-0.881921625195327,-0.471396061728175,0.));
#5789=DIRECTION('ref_axis',(-0.471396061728175,0.881921625195327,0.));
#5790=DIRECTION('',(-0.471396061728175,0.881921625195327,-1.4526012655176E-33));
#5791=DIRECTION('',(0.,0.,1.));
#5792=DIRECTION('',(-0.471396061728175,0.881921625195327,0.));
#5793=DIRECTION('center_axis',(-0.956940931457488,-0.290282713404148,0.));
#5794=DIRECTION('ref_axis',(-0.290282713404148,0.956940931457488,0.));
#5795=DIRECTION('',(-0.290282713404148,0.956940931457488,-8.94502672132833E-34));
#5796=DIRECTION('',(0.,0.,1.));
#5797=DIRECTION('',(-0.290282713404148,0.956940931457488,0.));
#5798=DIRECTION('center_axis',(-0.997287017918915,-0.0736111668865437,0.));
#5799=DIRECTION('ref_axis',(-0.0736111668865437,0.997287017918915,0.));
#5800=DIRECTION('',(-0.0736111668865437,0.997287017918915,-2.26831920876918E-34));
#5801=DIRECTION('',(0.,0.,1.));
#5802=DIRECTION('',(-0.0736111668865437,0.997287017918915,0.));
#5803=DIRECTION('center_axis',(-0.999962571184811,0.00865194946021137,0.));
#5804=DIRECTION('ref_axis',(0.00865194946021137,0.999962571184811,0.));
#5805=DIRECTION('',(0.00865194946021136,0.999962571184811,2.66608776684046E-35));
#5806=DIRECTION('',(0.,0.,1.));
#5807=DIRECTION('',(0.00865194946021136,0.999962571184811,0.));
#5808=DIRECTION('center_axis',(-0.996917461846771,-0.078457467872672,0.));
#5809=DIRECTION('ref_axis',(-0.078457467872672,0.996917461846771,0.));
#5810=DIRECTION('',(-0.078457467872672,0.996917461846771,-2.41765738778835E-34));
#5811=DIRECTION('',(0.,0.,1.));
#5812=DIRECTION('',(-0.078457467872672,0.996917461846771,0.));
#5813=DIRECTION('center_axis',(-0.972370015057022,-0.233444969571005,0.));
#5814=DIRECTION('ref_axis',(-0.233444969571005,0.972370015057022,0.));
#5815=DIRECTION('',(-0.233444969571005,0.972370015057022,-7.19357851621375E-34));
#5816=DIRECTION('',(0.,0.,1.));
#5817=DIRECTION('',(-0.233444969571005,0.972370015057022,0.));
#5818=DIRECTION('center_axis',(-0.923879158380736,-0.382684335594891,0.));
#5819=DIRECTION('ref_axis',(-0.382684335594891,0.923879158380736,0.));
#5820=DIRECTION('',(-0.382684335594891,0.923879158380736,-1.1792371538722E-33));
#5821=DIRECTION('',(0.,0.,1.));
#5822=DIRECTION('',(-0.382684335594891,0.923879158380736,0.));
#5823=DIRECTION('center_axis',(-0.852639550114159,-0.522499567063098,0.));
#5824=DIRECTION('ref_axis',(-0.522499567063098,0.852639550114159,0.));
#5825=DIRECTION('',(-0.522499567063098,0.852639550114159,-1.61007609941789E-33));
#5826=DIRECTION('',(0.,0.,1.));
#5827=DIRECTION('',(-0.522499567063098,0.852639550114159,0.));
#5828=DIRECTION('center_axis',(-0.760407831035053,-0.649445864180045,0.));
#5829=DIRECTION('ref_axis',(-0.649445864180045,0.760407831035053,0.));
#5830=DIRECTION('',(-0.649445864180045,0.760407831035053,-2.00125957933246E-33));
#5831=DIRECTION('',(0.,0.,1.));
#5832=DIRECTION('',(-0.649445864180045,0.760407831035053,0.));
#5833=DIRECTION('center_axis',(-0.649445864180045,-0.760407831035053,0.));
#5834=DIRECTION('ref_axis',(-0.760407831035053,0.649445864180045,0.));
#5835=DIRECTION('',(-0.760407831035053,0.649445864180045,-2.34318753877913E-33));
#5836=DIRECTION('',(0.,0.,1.));
#5837=DIRECTION('',(-0.760407831035053,0.649445864180045,0.));
#5838=DIRECTION('center_axis',(-0.522499567063824,-0.852639550113714,0.));
#5839=DIRECTION('ref_axis',(-0.852639550113714,0.522499567063824,0.));
#5840=DIRECTION('',(-0.852639550113713,0.522499567063825,-2.62739846613257E-33));
#5841=DIRECTION('',(0.,0.,1.));
#5842=DIRECTION('',(-0.852639550113713,0.522499567063825,0.));
#5843=DIRECTION('center_axis',(-0.382684335594891,-0.923879158380736,0.));
#5844=DIRECTION('ref_axis',(-0.923879158380736,0.382684335594891,0.));
#5845=DIRECTION('',(-0.923879158380736,0.382684335594891,-2.84692245779318E-33));
#5846=DIRECTION('',(0.,0.,1.));
#5847=DIRECTION('',(-0.923879158380736,0.382684335594891,0.));
#5848=DIRECTION('center_axis',(-0.233444969571005,-0.972370015057022,0.));
#5849=DIRECTION('ref_axis',(-0.972370015057022,0.233444969571005,0.));
#5850=DIRECTION('',(-0.972370015057022,0.233444969571005,-2.99634644643613E-33));
#5851=DIRECTION('',(0.,0.,1.));
#5852=DIRECTION('',(-0.972370015057022,0.233444969571005,0.));
#5853=DIRECTION('center_axis',(-0.058886839667456,-0.998264664362102,0.));
#5854=DIRECTION('ref_axis',(-0.998264664362102,0.058886839667456,0.));
#5855=DIRECTION('',(-0.998264664362102,0.058886839667456,-3.07614049522983E-33));
#5856=DIRECTION('',(0.,0.,1.));
#5857=DIRECTION('',(-0.998264664362102,0.058886839667456,0.));
#5858=DIRECTION('center_axis',(-0.000220928038573589,-0.999999975595401,
0.));
#5859=DIRECTION('ref_axis',(-0.999999975595401,0.000220928038573589,0.));
#5860=DIRECTION('',(-0.999999975595401,0.000220928038573589,-3.0814878358171E-33));
#5861=DIRECTION('',(0.,0.,1.));
#5862=DIRECTION('',(-0.999999975595401,0.000220928038573589,0.));
#5863=DIRECTION('center_axis',(0.0784574678727714,-0.996917461846763,0.));
#5864=DIRECTION('ref_axis',(-0.996917461846764,-0.0784574678727715,0.));
#5865=DIRECTION('',(-0.996917461846763,-0.0784574678727713,-3.07198910696512E-33));
#5866=DIRECTION('',(0.,0.,1.));
#5867=DIRECTION('',(-0.996917461846763,-0.0784574678727713,0.));
#5868=DIRECTION('center_axis',(0.233444969571005,-0.972370015057022,0.));
#5869=DIRECTION('ref_axis',(-0.972370015057022,-0.233444969571005,0.));
#5870=DIRECTION('',(-0.972370015057022,-0.233444969571005,-2.99634644643614E-33));
#5871=DIRECTION('',(0.,0.,1.));
#5872=DIRECTION('',(-0.972370015057022,-0.233444969571005,0.));
#5873=DIRECTION('center_axis',(0.382684335594891,-0.923879158380736,0.));
#5874=DIRECTION('ref_axis',(-0.923879158380736,-0.382684335594891,0.));
#5875=DIRECTION('',(-0.923879158380736,-0.382684335594891,-2.84692245779318E-33));
#5876=DIRECTION('',(0.,0.,1.));
#5877=DIRECTION('',(-0.923879158380736,-0.382684335594891,0.));
#5878=DIRECTION('center_axis',(0.522499567063098,-0.852639550114159,0.));
#5879=DIRECTION('ref_axis',(-0.852639550114159,-0.522499567063098,0.));
#5880=DIRECTION('',(-0.852639550114159,-0.522499567063098,-2.62739846613396E-33));
#5881=DIRECTION('',(0.,0.,1.));
#5882=DIRECTION('',(-0.852639550114159,-0.522499567063098,0.));
#5883=DIRECTION('center_axis',(0.649445864180045,-0.760407831035053,0.));
#5884=DIRECTION('ref_axis',(-0.760407831035053,-0.649445864180045,0.));
#5885=DIRECTION('',(-0.760407831035053,-0.649445864180045,-2.34318753877914E-33));
#5886=DIRECTION('',(0.,0.,1.));
#5887=DIRECTION('',(-0.760407831035053,-0.649445864180045,0.));
#5888=DIRECTION('center_axis',(0.760407831035053,-0.649445864180045,0.));
#5889=DIRECTION('ref_axis',(-0.649445864180045,-0.760407831035053,0.));
#5890=DIRECTION('',(-0.649445864180045,-0.760407831035053,-2.00125957933248E-33));
#5891=DIRECTION('',(0.,0.,1.));
#5892=DIRECTION('',(-0.649445864180045,-0.760407831035053,0.));
#5893=DIRECTION('center_axis',(0.852639550114159,-0.522499567063098,0.));
#5894=DIRECTION('ref_axis',(-0.522499567063098,-0.852639550114159,0.));
#5895=DIRECTION('',(-0.522499567063098,-0.852639550114159,-1.61007609941791E-33));
#5896=DIRECTION('',(0.,0.,1.));
#5897=DIRECTION('',(-0.522499567063098,-0.852639550114159,0.));
#5898=DIRECTION('center_axis',(0.923879158380736,-0.382684335594891,0.));
#5899=DIRECTION('ref_axis',(-0.382684335594891,-0.923879158380736,0.));
#5900=DIRECTION('',(-0.382684335594891,-0.923879158380736,-1.17923715387222E-33));
#5901=DIRECTION('',(0.,0.,1.));
#5902=DIRECTION('',(-0.382684335594891,-0.923879158380736,0.));
#5903=DIRECTION('center_axis',(0.972370015057022,-0.233444969571005,0.));
#5904=DIRECTION('ref_axis',(-0.233444969571005,-0.972370015057022,0.));
#5905=DIRECTION('',(-0.233444969571005,-0.972370015057022,-7.19357851621396E-34));
#5906=DIRECTION('',(0.,0.,1.));
#5907=DIRECTION('',(-0.233444969571005,-0.972370015057022,0.));
#5908=DIRECTION('center_axis',(0.998264392956645,-0.058891440421349,0.));
#5909=DIRECTION('ref_axis',(-0.058891440421349,-0.998264392956645,0.));
#5910=DIRECTION('',(-0.0588914404213491,-0.998264392956645,-1.81473261720928E-34));
#5911=DIRECTION('',(0.,0.,1.));
#5912=DIRECTION('',(-0.0588914404213491,-0.998264392956645,0.));
#5913=DIRECTION('center_axis',(0.999999982589789,-0.000186602309778961,
0.));
#5914=DIRECTION('ref_axis',(-0.000186602309778961,-0.999999982589789,0.));
#5915=DIRECTION('',(-0.000186602309778961,-0.999999982589789,-5.75012761763145E-37));
#5916=DIRECTION('',(-0.000186602309778961,-0.999999982589789,0.));
#5917=DIRECTION('center_axis',(-1.,0.,0.));
#5918=DIRECTION('ref_axis',(0.,1.,0.));
#5919=DIRECTION('',(0.,0.,1.));
#5920=DIRECTION('',(0.,1.,0.));
#5921=DIRECTION('',(0.,0.,1.));
#5922=DIRECTION('',(7.88860905221012E-31,1.,1.09476442525376E-47));
#5923=DIRECTION('center_axis',(0.,0.,-1.));
#5924=DIRECTION('ref_axis',(1.,0.,0.));
#5925=DIRECTION('center_axis',(0.,0.,1.));
#5926=DIRECTION('ref_axis',(1.,0.,0.));
#5927=DIRECTION('',(0.,0.,1.));
#5928=DIRECTION('center_axis',(-3.08148791101958E-33,-1.09476442525376E-47,
1.));
#5929=DIRECTION('ref_axis',(1.,-7.88860905221012E-31,3.08148791101958E-33));
#5930=DIRECTION('center_axis',(1.,0.,0.));
#5931=DIRECTION('ref_axis',(0.,-1.,0.));
#5932=DIRECTION('',(0.,-1.,0.));
#5933=DIRECTION('',(0.,0.,1.));
#5934=DIRECTION('',(-7.88860905221012E-31,-1.,-1.09476442525376E-47));
#5935=DIRECTION('center_axis',(0.,0.,-1.));
#5936=DIRECTION('ref_axis',(-1.,0.,0.));
#5937=DIRECTION('center_axis',(0.,0.,1.));
#5938=DIRECTION('ref_axis',(-1.,0.,0.));
#5939=DIRECTION('center_axis',(-3.08148791101958E-33,-1.09476442525376E-47,
1.));
#5940=DIRECTION('ref_axis',(-1.,7.88860905221012E-31,-3.08148791101958E-33));
#5941=DIRECTION('center_axis',(0.,0.,-1.));
#5942=DIRECTION('ref_axis',(1.,0.,0.));
#5943=DIRECTION('center_axis',(0.,0.,1.));
#5944=DIRECTION('ref_axis',(1.,0.,0.));
#5945=DIRECTION('',(0.,0.,-1.));
#5946=DIRECTION('center_axis',(-3.08148791101958E-33,-1.09476442525376E-47,
1.));
#5947=DIRECTION('ref_axis',(1.,-7.88860905221012E-31,3.08148791101958E-33));
#5948=DIRECTION('center_axis',(-1.,0.,0.));
#5949=DIRECTION('ref_axis',(0.,1.,0.));
#5950=DIRECTION('',(0.,0.,1.));
#5951=DIRECTION('',(0.,1.,0.));
#5952=DIRECTION('',(0.,0.,1.));
#5953=DIRECTION('',(7.88860905221012E-31,1.,1.09476442525376E-47));
#5954=DIRECTION('center_axis',(0.,0.,-1.));
#5955=DIRECTION('ref_axis',(1.,0.,0.));
#5956=DIRECTION('center_axis',(0.,0.,1.));
#5957=DIRECTION('ref_axis',(1.,0.,0.));
#5958=DIRECTION('',(0.,0.,1.));
#5959=DIRECTION('center_axis',(-3.08148791101958E-33,-1.09476442525376E-47,
1.));
#5960=DIRECTION('ref_axis',(1.,-7.88860905221012E-31,3.08148791101958E-33));
#5961=DIRECTION('center_axis',(1.,0.,0.));
#5962=DIRECTION('ref_axis',(0.,-1.,0.));
#5963=DIRECTION('',(0.,-1.,0.));
#5964=DIRECTION('',(0.,0.,1.));
#5965=DIRECTION('',(-7.88860905221012E-31,-1.,-1.09476442525376E-47));
#5966=DIRECTION('center_axis',(0.,0.,-1.));
#5967=DIRECTION('ref_axis',(-1.,0.,0.));
#5968=DIRECTION('center_axis',(0.,0.,1.));
#5969=DIRECTION('ref_axis',(-1.,0.,0.));
#5970=DIRECTION('center_axis',(-3.08148791101958E-33,-1.09476442525376E-47,
1.));
#5971=DIRECTION('ref_axis',(-1.,7.88860905221012E-31,-3.08148791101958E-33));
#5972=DIRECTION('center_axis',(0.,0.,-1.));
#5973=DIRECTION('ref_axis',(1.,0.,0.));
#5974=DIRECTION('center_axis',(0.,0.,1.));
#5975=DIRECTION('ref_axis',(1.,0.,0.));
#5976=DIRECTION('',(0.,0.,-1.));
#5977=DIRECTION('center_axis',(-3.08148791101958E-33,-1.09476442525376E-47,
1.));
#5978=DIRECTION('ref_axis',(1.,-7.88860905221012E-31,3.08148791101958E-33));
#5979=DIRECTION('center_axis',(-1.,0.,0.));
#5980=DIRECTION('ref_axis',(0.,1.,0.));
#5981=DIRECTION('',(0.,0.,1.));
#5982=DIRECTION('',(0.,1.,0.));
#5983=DIRECTION('',(0.,0.,1.));
#5984=DIRECTION('',(7.88860905221012E-31,1.,1.09476442525376E-47));
#5985=DIRECTION('center_axis',(0.,0.,-1.));
#5986=DIRECTION('ref_axis',(1.,0.,0.));
#5987=DIRECTION('center_axis',(0.,0.,1.));
#5988=DIRECTION('ref_axis',(1.,0.,0.));
#5989=DIRECTION('',(0.,0.,1.));
#5990=DIRECTION('center_axis',(-3.08148791101958E-33,-1.09476442525376E-47,
1.));
#5991=DIRECTION('ref_axis',(1.,-7.88860905221012E-31,3.08148791101958E-33));
#5992=DIRECTION('center_axis',(1.,0.,0.));
#5993=DIRECTION('ref_axis',(0.,-1.,0.));
#5994=DIRECTION('',(0.,-1.,0.));
#5995=DIRECTION('',(0.,0.,1.));
#5996=DIRECTION('',(-7.88860905221012E-31,-1.,-1.09476442525376E-47));
#5997=DIRECTION('center_axis',(0.,0.,-1.));
#5998=DIRECTION('ref_axis',(-1.,0.,0.));
#5999=DIRECTION('center_axis',(0.,0.,1.));
#6000=DIRECTION('ref_axis',(-1.,0.,0.));
#6001=DIRECTION('center_axis',(-3.08148791101958E-33,-1.09476442525376E-47,
1.));
#6002=DIRECTION('ref_axis',(-1.,7.88860905221012E-31,-3.08148791101958E-33));
#6003=DIRECTION('center_axis',(0.,0.,-1.));
#6004=DIRECTION('ref_axis',(1.,0.,0.));
#6005=DIRECTION('center_axis',(0.,0.,1.));
#6006=DIRECTION('ref_axis',(1.,0.,0.));
#6007=DIRECTION('',(0.,0.,-1.));
#6008=DIRECTION('center_axis',(-3.08148791101958E-33,-1.09476442525376E-47,
1.));
#6009=DIRECTION('ref_axis',(1.,-7.88860905221012E-31,3.08148791101958E-33));
#6010=DIRECTION('center_axis',(-1.,0.,0.));
#6011=DIRECTION('ref_axis',(0.,1.,0.));
#6012=DIRECTION('',(0.,0.,1.));
#6013=DIRECTION('',(0.,1.,0.));
#6014=DIRECTION('',(0.,0.,1.));
#6015=DIRECTION('',(7.88860905221012E-31,1.,1.09476442525376E-47));
#6016=DIRECTION('center_axis',(0.,0.,-1.));
#6017=DIRECTION('ref_axis',(1.,0.,0.));
#6018=DIRECTION('center_axis',(0.,0.,1.));
#6019=DIRECTION('ref_axis',(1.,0.,0.));
#6020=DIRECTION('',(0.,0.,1.));
#6021=DIRECTION('center_axis',(-3.08148791101958E-33,-1.09476442525376E-47,
1.));
#6022=DIRECTION('ref_axis',(1.,-7.88860905221012E-31,3.08148791101958E-33));
#6023=DIRECTION('center_axis',(1.,0.,0.));
#6024=DIRECTION('ref_axis',(0.,-1.,0.));
#6025=DIRECTION('',(0.,-1.,0.));
#6026=DIRECTION('',(0.,0.,1.));
#6027=DIRECTION('',(-7.88860905221012E-31,-1.,-1.09476442525376E-47));
#6028=DIRECTION('center_axis',(0.,0.,-1.));
#6029=DIRECTION('ref_axis',(-1.,0.,0.));
#6030=DIRECTION('center_axis',(0.,0.,1.));
#6031=DIRECTION('ref_axis',(-1.,0.,0.));
#6032=DIRECTION('center_axis',(-3.08148791101958E-33,-1.09476442525376E-47,
1.));
#6033=DIRECTION('ref_axis',(-1.,7.88860905221012E-31,-3.08148791101958E-33));
#6034=DIRECTION('center_axis',(0.,1.,0.));
#6035=DIRECTION('ref_axis',(1.,0.,0.));
#6036=DIRECTION('',(0.,0.,1.));
#6037=DIRECTION('',(1.,0.,0.));
#6038=DIRECTION('',(0.,0.,1.));
#6039=DIRECTION('',(1.,-7.88860905221012E-31,3.08148791101958E-33));
#6040=DIRECTION('center_axis',(0.,0.,-1.));
#6041=DIRECTION('ref_axis',(0.,-1.,0.));
#6042=DIRECTION('center_axis',(0.,0.,1.));
#6043=DIRECTION('ref_axis',(0.,-1.,0.));
#6044=DIRECTION('',(0.,0.,1.));
#6045=DIRECTION('center_axis',(-3.08148791101958E-33,-1.09476442525376E-47,
1.));
#6046=DIRECTION('ref_axis',(-7.88860905221012E-31,-1.,-1.09476442525376E-47));
#6047=DIRECTION('center_axis',(0.,-1.,0.));
#6048=DIRECTION('ref_axis',(-1.,0.,0.));
#6049=DIRECTION('',(-1.,0.,0.));
#6050=DIRECTION('',(0.,0.,1.));
#6051=DIRECTION('',(-1.,7.88860905221012E-31,-3.08148791101958E-33));
#6052=DIRECTION('center_axis',(0.,0.,-1.));
#6053=DIRECTION('ref_axis',(0.,1.,0.));
#6054=DIRECTION('center_axis',(0.,0.,1.));
#6055=DIRECTION('ref_axis',(0.,1.,0.));
#6056=DIRECTION('center_axis',(-3.08148791101958E-33,-1.09476442525376E-47,
1.));
#6057=DIRECTION('ref_axis',(7.88860905221012E-31,1.,1.09476442525376E-47));
#6058=DIRECTION('center_axis',(0.,1.,0.));
#6059=DIRECTION('ref_axis',(1.,0.,0.));
#6060=DIRECTION('',(0.,0.,1.));
#6061=DIRECTION('',(1.,0.,0.));
#6062=DIRECTION('',(0.,0.,1.));
#6063=DIRECTION('',(1.,-7.88860905221012E-31,3.08148791101958E-33));
#6064=DIRECTION('center_axis',(0.,0.,-1.));
#6065=DIRECTION('ref_axis',(0.,-1.,0.));
#6066=DIRECTION('center_axis',(0.,0.,1.));
#6067=DIRECTION('ref_axis',(0.,-1.,0.));
#6068=DIRECTION('',(0.,0.,1.));
#6069=DIRECTION('center_axis',(-3.08148791101958E-33,-1.09476442525376E-47,
1.));
#6070=DIRECTION('ref_axis',(-7.88860905221012E-31,-1.,-1.09476442525376E-47));
#6071=DIRECTION('center_axis',(0.,-1.,0.));
#6072=DIRECTION('ref_axis',(-1.,0.,0.));
#6073=DIRECTION('',(-1.,0.,0.));
#6074=DIRECTION('',(0.,0.,1.));
#6075=DIRECTION('',(-1.,7.88860905221012E-31,-3.08148791101958E-33));
#6076=DIRECTION('center_axis',(0.,0.,-1.));
#6077=DIRECTION('ref_axis',(0.,1.,0.));
#6078=DIRECTION('center_axis',(0.,0.,1.));
#6079=DIRECTION('ref_axis',(0.,1.,0.));
#6080=DIRECTION('center_axis',(-3.08148791101958E-33,-1.09476442525376E-47,
1.));
#6081=DIRECTION('ref_axis',(7.88860905221012E-31,1.,1.09476442525376E-47));
#6082=DIRECTION('center_axis',(0.,1.,0.));
#6083=DIRECTION('ref_axis',(1.,0.,0.));
#6084=DIRECTION('',(0.,0.,1.));
#6085=DIRECTION('',(1.,0.,0.));
#6086=DIRECTION('',(0.,0.,1.));
#6087=DIRECTION('',(1.,-7.88860905221012E-31,3.08148791101958E-33));
#6088=DIRECTION('center_axis',(0.,0.,-1.));
#6089=DIRECTION('ref_axis',(0.,-1.,0.));
#6090=DIRECTION('center_axis',(0.,0.,1.));
#6091=DIRECTION('ref_axis',(0.,-1.,0.));
#6092=DIRECTION('',(0.,0.,1.));
#6093=DIRECTION('center_axis',(-3.08148791101958E-33,-1.09476442525376E-47,
1.));
#6094=DIRECTION('ref_axis',(-7.88860905221012E-31,-1.,-1.09476442525376E-47));
#6095=DIRECTION('center_axis',(0.,-1.,0.));
#6096=DIRECTION('ref_axis',(-1.,0.,0.));
#6097=DIRECTION('',(-1.,0.,0.));
#6098=DIRECTION('',(0.,0.,1.));
#6099=DIRECTION('',(-1.,7.88860905221012E-31,-3.08148791101958E-33));
#6100=DIRECTION('center_axis',(0.,0.,-1.));
#6101=DIRECTION('ref_axis',(0.,1.,0.));
#6102=DIRECTION('center_axis',(0.,0.,1.));
#6103=DIRECTION('ref_axis',(0.,1.,0.));
#6104=DIRECTION('center_axis',(-3.08148791101958E-33,-1.09476442525376E-47,
1.));
#6105=DIRECTION('ref_axis',(7.88860905221012E-31,1.,1.09476442525376E-47));
#6106=DIRECTION('center_axis',(0.,0.,-1.));
#6107=DIRECTION('ref_axis',(1.,0.,0.));
#6108=DIRECTION('center_axis',(0.,0.,1.));
#6109=DIRECTION('ref_axis',(1.,0.,0.));
#6110=DIRECTION('',(0.,0.,-1.));
#6111=DIRECTION('center_axis',(-3.08148791101958E-33,-1.09476442525376E-47,
1.));
#6112=DIRECTION('ref_axis',(1.,-7.88860905221012E-31,3.08148791101958E-33));
#6113=DIRECTION('center_axis',(0.,0.,-1.));
#6114=DIRECTION('ref_axis',(1.,0.,0.));
#6115=DIRECTION('center_axis',(0.,0.,1.));
#6116=DIRECTION('ref_axis',(1.,0.,0.));
#6117=DIRECTION('',(0.,0.,-1.));
#6118=DIRECTION('center_axis',(-3.08148791101958E-33,-1.09476442525376E-47,
1.));
#6119=DIRECTION('ref_axis',(1.,-7.88860905221012E-31,3.08148791101958E-33));
#6120=DIRECTION('center_axis',(0.,0.,-1.));
#6121=DIRECTION('ref_axis',(1.,0.,0.));
#6122=DIRECTION('center_axis',(0.,0.,1.));
#6123=DIRECTION('ref_axis',(1.,0.,0.));
#6124=DIRECTION('',(0.,0.,-1.));
#6125=DIRECTION('center_axis',(-3.08148791101958E-33,-1.09476442525376E-47,
1.));
#6126=DIRECTION('ref_axis',(1.,-7.88860905221012E-31,3.08148791101958E-33));
#6127=DIRECTION('center_axis',(0.,0.,-1.));
#6128=DIRECTION('ref_axis',(1.,0.,0.));
#6129=DIRECTION('center_axis',(0.,0.,1.));
#6130=DIRECTION('ref_axis',(1.,0.,0.));
#6131=DIRECTION('',(0.,0.,-1.));
#6132=DIRECTION('center_axis',(-3.08148791101958E-33,-1.09476442525376E-47,
1.));
#6133=DIRECTION('ref_axis',(1.,-7.88860905221012E-31,3.08148791101958E-33));
#6134=DIRECTION('center_axis',(-1.,0.,0.));
#6135=DIRECTION('ref_axis',(0.,1.,0.));
#6136=DIRECTION('',(0.,0.,1.));
#6137=DIRECTION('',(0.,1.,0.));
#6138=DIRECTION('',(0.,0.,1.));
#6139=DIRECTION('',(7.88860905221012E-31,1.,1.09476442525376E-47));
#6140=DIRECTION('center_axis',(0.,0.,-1.));
#6141=DIRECTION('ref_axis',(1.,0.,0.));
#6142=DIRECTION('center_axis',(0.,0.,1.));
#6143=DIRECTION('ref_axis',(1.,0.,0.));
#6144=DIRECTION('',(0.,0.,1.));
#6145=DIRECTION('center_axis',(-3.08148791101958E-33,-1.09476442525376E-47,
1.));
#6146=DIRECTION('ref_axis',(1.,-7.88860905221012E-31,3.08148791101958E-33));
#6147=DIRECTION('center_axis',(1.,0.,0.));
#6148=DIRECTION('ref_axis',(0.,-1.,0.));
#6149=DIRECTION('',(0.,-1.,0.));
#6150=DIRECTION('',(0.,0.,1.));
#6151=DIRECTION('',(-7.88860905221012E-31,-1.,-1.09476442525376E-47));
#6152=DIRECTION('center_axis',(0.,0.,-1.));
#6153=DIRECTION('ref_axis',(-1.,0.,0.));
#6154=DIRECTION('center_axis',(0.,0.,1.));
#6155=DIRECTION('ref_axis',(-1.,0.,0.));
#6156=DIRECTION('center_axis',(-3.08148791101958E-33,-1.09476442525376E-47,
1.));
#6157=DIRECTION('ref_axis',(-1.,7.88860905221012E-31,-3.08148791101958E-33));
#6158=DIRECTION('center_axis',(-1.,0.,0.));
#6159=DIRECTION('ref_axis',(0.,1.,0.));
#6160=DIRECTION('',(0.,0.,1.));
#6161=DIRECTION('',(0.,1.,0.));
#6162=DIRECTION('',(0.,0.,1.));
#6163=DIRECTION('',(7.88860905221012E-31,1.,1.09476442525376E-47));
#6164=DIRECTION('center_axis',(0.,0.,-1.));
#6165=DIRECTION('ref_axis',(1.,0.,0.));
#6166=DIRECTION('center_axis',(0.,0.,1.));
#6167=DIRECTION('ref_axis',(1.,0.,0.));
#6168=DIRECTION('',(0.,0.,1.));
#6169=DIRECTION('center_axis',(-3.08148791101958E-33,-1.09476442525376E-47,
1.));
#6170=DIRECTION('ref_axis',(1.,-7.88860905221012E-31,3.08148791101958E-33));
#6171=DIRECTION('center_axis',(1.,0.,0.));
#6172=DIRECTION('ref_axis',(0.,-1.,0.));
#6173=DIRECTION('',(0.,-1.,0.));
#6174=DIRECTION('',(0.,0.,1.));
#6175=DIRECTION('',(-7.88860905221012E-31,-1.,-1.09476442525376E-47));
#6176=DIRECTION('center_axis',(0.,0.,-1.));
#6177=DIRECTION('ref_axis',(-1.,0.,0.));
#6178=DIRECTION('center_axis',(0.,0.,1.));
#6179=DIRECTION('ref_axis',(-1.,0.,0.));
#6180=DIRECTION('center_axis',(-3.08148791101958E-33,-1.09476442525376E-47,
1.));
#6181=DIRECTION('ref_axis',(-1.,7.88860905221012E-31,-3.08148791101958E-33));
#6182=DIRECTION('center_axis',(0.,0.,-1.));
#6183=DIRECTION('ref_axis',(1.,0.,0.));
#6184=DIRECTION('center_axis',(0.,0.,1.));
#6185=DIRECTION('ref_axis',(1.,0.,0.));
#6186=DIRECTION('',(0.,0.,-1.));
#6187=DIRECTION('center_axis',(-3.08148791101958E-33,-1.09476442525376E-47,
1.));
#6188=DIRECTION('ref_axis',(1.,-7.88860905221012E-31,3.08148791101958E-33));
#6189=DIRECTION('center_axis',(-1.,0.,0.));
#6190=DIRECTION('ref_axis',(0.,1.,0.));
#6191=DIRECTION('',(0.,0.,1.));
#6192=DIRECTION('',(0.,1.,0.));
#6193=DIRECTION('',(0.,0.,1.));
#6194=DIRECTION('',(7.88860905221012E-31,1.,1.09476442525376E-47));
#6195=DIRECTION('center_axis',(0.,0.,-1.));
#6196=DIRECTION('ref_axis',(1.,0.,0.));
#6197=DIRECTION('center_axis',(0.,0.,1.));
#6198=DIRECTION('ref_axis',(1.,0.,0.));
#6199=DIRECTION('',(0.,0.,1.));
#6200=DIRECTION('center_axis',(-3.08148791101958E-33,-1.09476442525376E-47,
1.));
#6201=DIRECTION('ref_axis',(1.,-7.88860905221012E-31,3.08148791101958E-33));
#6202=DIRECTION('center_axis',(1.,0.,0.));
#6203=DIRECTION('ref_axis',(0.,-1.,0.));
#6204=DIRECTION('',(0.,-1.,0.));
#6205=DIRECTION('',(0.,0.,1.));
#6206=DIRECTION('',(-7.88860905221012E-31,-1.,-1.09476442525376E-47));
#6207=DIRECTION('center_axis',(0.,0.,-1.));
#6208=DIRECTION('ref_axis',(-1.,0.,0.));
#6209=DIRECTION('center_axis',(0.,0.,1.));
#6210=DIRECTION('ref_axis',(-1.,0.,0.));
#6211=DIRECTION('center_axis',(-3.08148791101958E-33,-1.09476442525376E-47,
1.));
#6212=DIRECTION('ref_axis',(-1.,7.88860905221012E-31,-3.08148791101958E-33));
#6213=DIRECTION('center_axis',(0.,0.,-1.));
#6214=DIRECTION('ref_axis',(1.,0.,0.));
#6215=DIRECTION('center_axis',(0.,0.,1.));
#6216=DIRECTION('ref_axis',(1.,0.,0.));
#6217=DIRECTION('',(0.,0.,-1.));
#6218=DIRECTION('center_axis',(-3.08148791101958E-33,-1.09476442525376E-47,
1.));
#6219=DIRECTION('ref_axis',(1.,-7.88860905221012E-31,3.08148791101958E-33));
#6220=DIRECTION('center_axis',(0.,0.,-1.));
#6221=DIRECTION('ref_axis',(1.,0.,0.));
#6222=DIRECTION('center_axis',(0.,0.,1.));
#6223=DIRECTION('ref_axis',(1.,0.,0.));
#6224=DIRECTION('',(0.,0.,-1.));
#6225=DIRECTION('center_axis',(-3.08148791101958E-33,-1.09476442525376E-47,
1.));
#6226=DIRECTION('ref_axis',(1.,-7.88860905221012E-31,3.08148791101958E-33));
#6227=DIRECTION('center_axis',(-1.,0.,0.));
#6228=DIRECTION('ref_axis',(0.,1.,0.));
#6229=DIRECTION('',(0.,0.,1.));
#6230=DIRECTION('',(0.,1.,0.));
#6231=DIRECTION('',(0.,0.,1.));
#6232=DIRECTION('',(7.88860905221012E-31,1.,1.09476442525376E-47));
#6233=DIRECTION('center_axis',(0.,0.,-1.));
#6234=DIRECTION('ref_axis',(1.,0.,0.));
#6235=DIRECTION('center_axis',(0.,0.,1.));
#6236=DIRECTION('ref_axis',(1.,0.,0.));
#6237=DIRECTION('',(0.,0.,1.));
#6238=DIRECTION('center_axis',(-3.08148791101958E-33,-1.09476442525376E-47,
1.));
#6239=DIRECTION('ref_axis',(1.,-7.88860905221012E-31,3.08148791101958E-33));
#6240=DIRECTION('center_axis',(1.,0.,0.));
#6241=DIRECTION('ref_axis',(0.,-1.,0.));
#6242=DIRECTION('',(0.,-1.,0.));
#6243=DIRECTION('',(0.,0.,1.));
#6244=DIRECTION('',(-7.88860905221012E-31,-1.,-1.09476442525376E-47));
#6245=DIRECTION('center_axis',(0.,0.,-1.));
#6246=DIRECTION('ref_axis',(-1.,0.,0.));
#6247=DIRECTION('center_axis',(0.,0.,1.));
#6248=DIRECTION('ref_axis',(-1.,0.,0.));
#6249=DIRECTION('center_axis',(-3.08148791101958E-33,-1.09476442525376E-47,
1.));
#6250=DIRECTION('ref_axis',(-1.,7.88860905221012E-31,-3.08148791101958E-33));
#6251=DIRECTION('center_axis',(0.,0.,-1.));
#6252=DIRECTION('ref_axis',(1.,0.,0.));
#6253=DIRECTION('center_axis',(0.,0.,1.));
#6254=DIRECTION('ref_axis',(1.,0.,0.));
#6255=DIRECTION('',(0.,0.,-1.));
#6256=DIRECTION('center_axis',(-3.08148791101958E-33,-1.09476442525376E-47,
1.));
#6257=DIRECTION('ref_axis',(1.,-7.88860905221012E-31,3.08148791101958E-33));
#6258=DIRECTION('center_axis',(0.,0.,-1.));
#6259=DIRECTION('ref_axis',(1.,0.,0.));
#6260=DIRECTION('center_axis',(0.,0.,1.));
#6261=DIRECTION('ref_axis',(1.,0.,0.));
#6262=DIRECTION('',(0.,0.,-1.));
#6263=DIRECTION('center_axis',(-3.08148791101958E-33,-1.09476442525376E-47,
1.));
#6264=DIRECTION('ref_axis',(1.,-7.88860905221012E-31,3.08148791101958E-33));
#6265=DIRECTION('center_axis',(0.,0.,-1.));
#6266=DIRECTION('ref_axis',(1.,0.,0.));
#6267=DIRECTION('center_axis',(0.,0.,1.));
#6268=DIRECTION('ref_axis',(1.,0.,0.));
#6269=DIRECTION('',(0.,0.,-1.));
#6270=DIRECTION('center_axis',(-3.08148791101958E-33,-1.09476442525376E-47,
1.));
#6271=DIRECTION('ref_axis',(1.,-7.88860905221012E-31,3.08148791101958E-33));
#6272=DIRECTION('center_axis',(0.,0.,-1.));
#6273=DIRECTION('ref_axis',(1.,0.,0.));
#6274=DIRECTION('center_axis',(0.,0.,1.));
#6275=DIRECTION('ref_axis',(1.,0.,0.));
#6276=DIRECTION('',(0.,0.,-1.));
#6277=DIRECTION('center_axis',(-3.08148791101958E-33,-1.09476442525376E-47,
1.));
#6278=DIRECTION('ref_axis',(1.,-7.88860905221012E-31,3.08148791101958E-33));
#6279=DIRECTION('center_axis',(0.,0.,-1.));
#6280=DIRECTION('ref_axis',(1.,0.,0.));
#6281=DIRECTION('center_axis',(0.,0.,1.));
#6282=DIRECTION('ref_axis',(1.,0.,0.));
#6283=DIRECTION('',(0.,0.,-1.));
#6284=DIRECTION('center_axis',(-3.08148791101958E-33,-1.09476442525376E-47,
1.));
#6285=DIRECTION('ref_axis',(1.,-7.88860905221012E-31,3.08148791101958E-33));
#6286=DIRECTION('center_axis',(0.,0.,-1.));
#6287=DIRECTION('ref_axis',(1.,0.,0.));
#6288=DIRECTION('center_axis',(0.,0.,1.));
#6289=DIRECTION('ref_axis',(1.,0.,0.));
#6290=DIRECTION('',(0.,0.,-1.));
#6291=DIRECTION('center_axis',(-3.08148791101958E-33,-1.09476442525376E-47,
1.));
#6292=DIRECTION('ref_axis',(1.,-7.88860905221012E-31,3.08148791101958E-33));
#6293=DIRECTION('center_axis',(0.,0.,-1.));
#6294=DIRECTION('ref_axis',(1.,0.,0.));
#6295=DIRECTION('center_axis',(0.,0.,1.));
#6296=DIRECTION('ref_axis',(1.,0.,0.));
#6297=DIRECTION('',(0.,0.,-1.));
#6298=DIRECTION('center_axis',(-3.08148791101958E-33,-1.09476442525376E-47,
1.));
#6299=DIRECTION('ref_axis',(1.,-7.88860905221012E-31,3.08148791101958E-33));
#6300=DIRECTION('center_axis',(0.,0.,-1.));
#6301=DIRECTION('ref_axis',(1.,0.,0.));
#6302=DIRECTION('center_axis',(0.,0.,1.));
#6303=DIRECTION('ref_axis',(1.,0.,0.));
#6304=DIRECTION('',(0.,0.,-1.));
#6305=DIRECTION('center_axis',(-3.08148791101958E-33,-1.09476442525376E-47,
1.));
#6306=DIRECTION('ref_axis',(1.,-7.88860905221012E-31,3.08148791101958E-33));
#6307=DIRECTION('center_axis',(0.,0.,-1.));
#6308=DIRECTION('ref_axis',(1.,0.,0.));
#6309=DIRECTION('center_axis',(0.,0.,1.));
#6310=DIRECTION('ref_axis',(1.,0.,0.));
#6311=DIRECTION('',(0.,0.,-1.));
#6312=DIRECTION('center_axis',(-3.08148791101958E-33,-1.09476442525376E-47,
1.));
#6313=DIRECTION('ref_axis',(1.,-7.88860905221012E-31,3.08148791101958E-33));
#6314=DIRECTION('center_axis',(0.,0.,-1.));
#6315=DIRECTION('ref_axis',(1.,0.,0.));
#6316=DIRECTION('center_axis',(0.,0.,1.));
#6317=DIRECTION('ref_axis',(1.,0.,0.));
#6318=DIRECTION('',(0.,0.,-1.));
#6319=DIRECTION('center_axis',(-3.08148791101958E-33,-1.09476442525376E-47,
1.));
#6320=DIRECTION('ref_axis',(1.,-7.88860905221012E-31,3.08148791101958E-33));
#6321=DIRECTION('center_axis',(0.,0.,-1.));
#6322=DIRECTION('ref_axis',(1.,0.,0.));
#6323=DIRECTION('center_axis',(0.,0.,1.));
#6324=DIRECTION('ref_axis',(1.,0.,0.));
#6325=DIRECTION('',(0.,0.,-1.));
#6326=DIRECTION('center_axis',(-3.08148791101958E-33,-1.09476442525376E-47,
1.));
#6327=DIRECTION('ref_axis',(1.,-7.88860905221012E-31,3.08148791101958E-33));
#6328=DIRECTION('center_axis',(0.,0.,-1.));
#6329=DIRECTION('ref_axis',(1.,0.,0.));
#6330=DIRECTION('center_axis',(0.,0.,1.));
#6331=DIRECTION('ref_axis',(1.,0.,0.));
#6332=DIRECTION('',(0.,0.,-1.));
#6333=DIRECTION('center_axis',(-3.08148791101958E-33,-1.09476442525376E-47,
1.));
#6334=DIRECTION('ref_axis',(1.,-7.88860905221012E-31,3.08148791101958E-33));
#6335=DIRECTION('center_axis',(0.,0.,-1.));
#6336=DIRECTION('ref_axis',(1.,0.,0.));
#6337=DIRECTION('center_axis',(0.,0.,1.));
#6338=DIRECTION('ref_axis',(1.,0.,0.));
#6339=DIRECTION('',(0.,0.,-1.));
#6340=DIRECTION('center_axis',(-3.08148791101958E-33,-1.09476442525376E-47,
1.));
#6341=DIRECTION('ref_axis',(1.,-7.88860905221012E-31,3.08148791101958E-33));
#6342=DIRECTION('center_axis',(0.,0.,-1.));
#6343=DIRECTION('ref_axis',(1.,0.,0.));
#6344=DIRECTION('center_axis',(0.,0.,1.));
#6345=DIRECTION('ref_axis',(1.,0.,0.));
#6346=DIRECTION('',(0.,0.,-1.));
#6347=DIRECTION('center_axis',(-3.08148791101958E-33,-1.09476442525376E-47,
1.));
#6348=DIRECTION('ref_axis',(1.,-7.88860905221012E-31,3.08148791101958E-33));
#6349=DIRECTION('center_axis',(0.,0.,-1.));
#6350=DIRECTION('ref_axis',(1.,0.,0.));
#6351=DIRECTION('center_axis',(0.,0.,1.));
#6352=DIRECTION('ref_axis',(1.,0.,0.));
#6353=DIRECTION('',(0.,0.,-1.));
#6354=DIRECTION('center_axis',(-3.08148791101958E-33,-1.09476442525376E-47,
1.));
#6355=DIRECTION('ref_axis',(1.,-7.88860905221012E-31,3.08148791101958E-33));
#6356=DIRECTION('center_axis',(0.,0.,-1.));
#6357=DIRECTION('ref_axis',(1.,0.,0.));
#6358=DIRECTION('center_axis',(0.,0.,1.));
#6359=DIRECTION('ref_axis',(1.,0.,0.));
#6360=DIRECTION('',(0.,0.,-1.));
#6361=DIRECTION('center_axis',(-3.08148791101958E-33,-1.09476442525376E-47,
1.));
#6362=DIRECTION('ref_axis',(1.,-7.88860905221012E-31,3.08148791101958E-33));
#6363=DIRECTION('center_axis',(0.,0.,-1.));
#6364=DIRECTION('ref_axis',(1.,0.,0.));
#6365=DIRECTION('center_axis',(0.,0.,1.));
#6366=DIRECTION('ref_axis',(1.,0.,0.));
#6367=DIRECTION('',(0.,0.,-1.));
#6368=DIRECTION('center_axis',(-3.08148791101958E-33,-1.09476442525376E-47,
1.));
#6369=DIRECTION('ref_axis',(1.,-7.88860905221012E-31,3.08148791101958E-33));
#6370=DIRECTION('center_axis',(0.,0.,-1.));
#6371=DIRECTION('ref_axis',(1.,0.,0.));
#6372=DIRECTION('center_axis',(0.,0.,1.));
#6373=DIRECTION('ref_axis',(1.,0.,0.));
#6374=DIRECTION('',(0.,0.,-1.));
#6375=DIRECTION('center_axis',(-3.08148791101958E-33,-1.09476442525376E-47,
1.));
#6376=DIRECTION('ref_axis',(1.,-7.88860905221012E-31,3.08148791101958E-33));
#6377=DIRECTION('center_axis',(0.,0.,-1.));
#6378=DIRECTION('ref_axis',(1.,0.,0.));
#6379=DIRECTION('center_axis',(0.,0.,1.));
#6380=DIRECTION('ref_axis',(1.,0.,0.));
#6381=DIRECTION('',(0.,0.,-1.));
#6382=DIRECTION('center_axis',(-3.08148791101958E-33,-1.09476442525376E-47,
1.));
#6383=DIRECTION('ref_axis',(1.,-7.88860905221012E-31,3.08148791101958E-33));
#6384=DIRECTION('center_axis',(0.,0.,-1.));
#6385=DIRECTION('ref_axis',(1.,0.,0.));
#6386=DIRECTION('center_axis',(0.,0.,1.));
#6387=DIRECTION('ref_axis',(1.,0.,0.));
#6388=DIRECTION('',(0.,0.,-1.));
#6389=DIRECTION('center_axis',(-3.08148791101958E-33,-1.09476442525376E-47,
1.));
#6390=DIRECTION('ref_axis',(1.,-7.88860905221012E-31,3.08148791101958E-33));
#6391=DIRECTION('center_axis',(0.,0.,-1.));
#6392=DIRECTION('ref_axis',(1.,0.,0.));
#6393=DIRECTION('center_axis',(0.,0.,1.));
#6394=DIRECTION('ref_axis',(1.,0.,0.));
#6395=DIRECTION('',(0.,0.,-1.));
#6396=DIRECTION('center_axis',(-3.08148791101958E-33,-1.09476442525376E-47,
1.));
#6397=DIRECTION('ref_axis',(1.,-7.88860905221012E-31,3.08148791101958E-33));
#6398=DIRECTION('center_axis',(0.,0.,-1.));
#6399=DIRECTION('ref_axis',(1.,0.,0.));
#6400=DIRECTION('center_axis',(0.,0.,1.));
#6401=DIRECTION('ref_axis',(1.,0.,0.));
#6402=DIRECTION('',(0.,0.,-1.));
#6403=DIRECTION('center_axis',(-3.08148791101958E-33,-1.09476442525376E-47,
1.));
#6404=DIRECTION('ref_axis',(1.,-7.88860905221012E-31,3.08148791101958E-33));
#6405=DIRECTION('center_axis',(0.,0.,-1.));
#6406=DIRECTION('ref_axis',(1.,0.,0.));
#6407=DIRECTION('center_axis',(0.,0.,1.));
#6408=DIRECTION('ref_axis',(1.,0.,0.));
#6409=DIRECTION('',(0.,0.,-1.));
#6410=DIRECTION('center_axis',(-3.08148791101958E-33,-1.09476442525376E-47,
1.));
#6411=DIRECTION('ref_axis',(1.,-7.88860905221012E-31,3.08148791101958E-33));
#6412=DIRECTION('center_axis',(0.,0.,-1.));
#6413=DIRECTION('ref_axis',(1.,0.,0.));
#6414=DIRECTION('center_axis',(0.,0.,1.));
#6415=DIRECTION('ref_axis',(1.,0.,0.));
#6416=DIRECTION('',(0.,0.,-1.));
#6417=DIRECTION('center_axis',(-3.08148791101958E-33,-1.09476442525376E-47,
1.));
#6418=DIRECTION('ref_axis',(1.,-7.88860905221012E-31,3.08148791101958E-33));
#6419=DIRECTION('center_axis',(0.,0.,-1.));
#6420=DIRECTION('ref_axis',(1.,0.,0.));
#6421=DIRECTION('center_axis',(0.,0.,1.));
#6422=DIRECTION('ref_axis',(1.,0.,0.));
#6423=DIRECTION('',(0.,0.,-1.));
#6424=DIRECTION('center_axis',(-3.08148791101958E-33,-1.09476442525376E-47,
1.));
#6425=DIRECTION('ref_axis',(1.,-7.88860905221012E-31,3.08148791101958E-33));
#6426=DIRECTION('center_axis',(0.,0.,-1.));
#6427=DIRECTION('ref_axis',(1.,0.,0.));
#6428=DIRECTION('center_axis',(0.,0.,1.));
#6429=DIRECTION('ref_axis',(1.,0.,0.));
#6430=DIRECTION('',(0.,0.,-1.));
#6431=DIRECTION('center_axis',(-3.08148791101958E-33,-1.09476442525376E-47,
1.));
#6432=DIRECTION('ref_axis',(1.,-7.88860905221012E-31,3.08148791101958E-33));
#6433=DIRECTION('center_axis',(0.,0.,-1.));
#6434=DIRECTION('ref_axis',(1.,0.,0.));
#6435=DIRECTION('center_axis',(0.,0.,1.));
#6436=DIRECTION('ref_axis',(1.,0.,0.));
#6437=DIRECTION('',(0.,0.,-1.));
#6438=DIRECTION('center_axis',(-3.08148791101958E-33,-1.09476442525376E-47,
1.));
#6439=DIRECTION('ref_axis',(1.,-7.88860905221012E-31,3.08148791101958E-33));
#6440=DIRECTION('center_axis',(0.,0.,-1.));
#6441=DIRECTION('ref_axis',(1.,0.,0.));
#6442=DIRECTION('center_axis',(0.,0.,1.));
#6443=DIRECTION('ref_axis',(1.,0.,0.));
#6444=DIRECTION('',(0.,0.,-1.));
#6445=DIRECTION('center_axis',(-3.08148791101958E-33,-1.09476442525376E-47,
1.));
#6446=DIRECTION('ref_axis',(1.,-7.88860905221012E-31,3.08148791101958E-33));
#6447=DIRECTION('center_axis',(0.,0.,-1.));
#6448=DIRECTION('ref_axis',(1.,0.,0.));
#6449=DIRECTION('center_axis',(0.,0.,1.));
#6450=DIRECTION('ref_axis',(1.,0.,0.));
#6451=DIRECTION('',(0.,0.,-1.));
#6452=DIRECTION('center_axis',(-3.08148791101958E-33,-1.09476442525376E-47,
1.));
#6453=DIRECTION('ref_axis',(1.,-7.88860905221012E-31,3.08148791101958E-33));
#6454=DIRECTION('center_axis',(0.,0.,-1.));
#6455=DIRECTION('ref_axis',(1.,0.,0.));
#6456=DIRECTION('center_axis',(0.,0.,1.));
#6457=DIRECTION('ref_axis',(1.,0.,0.));
#6458=DIRECTION('',(0.,0.,-1.));
#6459=DIRECTION('center_axis',(-3.08148791101958E-33,-1.09476442525376E-47,
1.));
#6460=DIRECTION('ref_axis',(1.,-7.88860905221012E-31,3.08148791101958E-33));
#6461=DIRECTION('center_axis',(0.,0.,-1.));
#6462=DIRECTION('ref_axis',(1.,0.,0.));
#6463=DIRECTION('center_axis',(0.,0.,1.));
#6464=DIRECTION('ref_axis',(1.,0.,0.));
#6465=DIRECTION('',(0.,0.,-1.));
#6466=DIRECTION('center_axis',(-3.08148791101958E-33,-1.09476442525376E-47,
1.));
#6467=DIRECTION('ref_axis',(1.,-7.88860905221012E-31,3.08148791101958E-33));
#6468=DIRECTION('center_axis',(0.,0.,-1.));
#6469=DIRECTION('ref_axis',(1.,0.,0.));
#6470=DIRECTION('center_axis',(0.,0.,1.));
#6471=DIRECTION('ref_axis',(1.,0.,0.));
#6472=DIRECTION('',(0.,0.,-1.));
#6473=DIRECTION('center_axis',(-3.08148791101958E-33,-1.09476442525376E-47,
1.));
#6474=DIRECTION('ref_axis',(1.,-7.88860905221012E-31,3.08148791101958E-33));
#6475=DIRECTION('center_axis',(0.,0.,-1.));
#6476=DIRECTION('ref_axis',(1.,0.,0.));
#6477=DIRECTION('center_axis',(0.,0.,1.));
#6478=DIRECTION('ref_axis',(1.,0.,0.));
#6479=DIRECTION('',(0.,0.,-1.));
#6480=DIRECTION('center_axis',(-3.08148791101958E-33,-1.09476442525376E-47,
1.));
#6481=DIRECTION('ref_axis',(1.,-7.88860905221012E-31,3.08148791101958E-33));
#6482=DIRECTION('center_axis',(0.,0.,-1.));
#6483=DIRECTION('ref_axis',(1.,0.,0.));
#6484=DIRECTION('center_axis',(0.,0.,1.));
#6485=DIRECTION('ref_axis',(1.,0.,0.));
#6486=DIRECTION('',(0.,0.,-1.));
#6487=DIRECTION('center_axis',(-3.08148791101958E-33,-1.09476442525376E-47,
1.));
#6488=DIRECTION('ref_axis',(1.,-7.88860905221012E-31,3.08148791101958E-33));
#6489=DIRECTION('center_axis',(0.,0.,-1.));
#6490=DIRECTION('ref_axis',(1.,0.,0.));
#6491=DIRECTION('center_axis',(0.,0.,1.));
#6492=DIRECTION('ref_axis',(1.,0.,0.));
#6493=DIRECTION('',(0.,0.,-1.));
#6494=DIRECTION('center_axis',(-3.08148791101958E-33,-1.09476442525376E-47,
1.));
#6495=DIRECTION('ref_axis',(1.,-7.88860905221012E-31,3.08148791101958E-33));
#6496=DIRECTION('center_axis',(0.,0.,-1.));
#6497=DIRECTION('ref_axis',(1.,0.,0.));
#6498=DIRECTION('center_axis',(0.,0.,1.));
#6499=DIRECTION('ref_axis',(1.,0.,0.));
#6500=DIRECTION('',(0.,0.,-1.));
#6501=DIRECTION('center_axis',(-3.08148791101958E-33,-1.09476442525376E-47,
1.));
#6502=DIRECTION('ref_axis',(1.,-7.88860905221012E-31,3.08148791101958E-33));
#6503=DIRECTION('center_axis',(0.,0.,-1.));
#6504=DIRECTION('ref_axis',(1.,0.,0.));
#6505=DIRECTION('center_axis',(0.,0.,1.));
#6506=DIRECTION('ref_axis',(1.,0.,0.));
#6507=DIRECTION('',(0.,0.,-1.));
#6508=DIRECTION('center_axis',(-3.08148791101958E-33,-1.09476442525376E-47,
1.));
#6509=DIRECTION('ref_axis',(1.,-7.88860905221012E-31,3.08148791101958E-33));
#6510=DIRECTION('center_axis',(0.,0.,-1.));
#6511=DIRECTION('ref_axis',(1.,0.,0.));
#6512=DIRECTION('center_axis',(0.,0.,1.));
#6513=DIRECTION('ref_axis',(1.,0.,0.));
#6514=DIRECTION('',(0.,0.,-1.));
#6515=DIRECTION('center_axis',(-3.08148791101958E-33,-1.09476442525376E-47,
1.));
#6516=DIRECTION('ref_axis',(1.,-7.88860905221012E-31,3.08148791101958E-33));
#6517=DIRECTION('center_axis',(0.,0.,-1.));
#6518=DIRECTION('ref_axis',(1.,0.,0.));
#6519=DIRECTION('center_axis',(0.,0.,1.));
#6520=DIRECTION('ref_axis',(1.,0.,0.));
#6521=DIRECTION('',(0.,0.,-1.));
#6522=DIRECTION('center_axis',(-3.08148791101958E-33,-1.09476442525376E-47,
1.));
#6523=DIRECTION('ref_axis',(1.,-7.88860905221012E-31,3.08148791101958E-33));
#6524=DIRECTION('center_axis',(0.,0.,-1.));
#6525=DIRECTION('ref_axis',(1.,0.,0.));
#6526=DIRECTION('center_axis',(0.,0.,1.));
#6527=DIRECTION('ref_axis',(1.,0.,0.));
#6528=DIRECTION('',(0.,0.,-1.));
#6529=DIRECTION('center_axis',(-3.08148791101958E-33,-1.09476442525376E-47,
1.));
#6530=DIRECTION('ref_axis',(1.,-7.88860905221012E-31,3.08148791101958E-33));
#6531=DIRECTION('center_axis',(0.,0.,-1.));
#6532=DIRECTION('ref_axis',(1.,0.,0.));
#6533=DIRECTION('center_axis',(0.,0.,1.));
#6534=DIRECTION('ref_axis',(1.,0.,0.));
#6535=DIRECTION('',(0.,0.,-1.));
#6536=DIRECTION('center_axis',(-3.08148791101958E-33,-1.09476442525376E-47,
1.));
#6537=DIRECTION('ref_axis',(1.,-7.88860905221012E-31,3.08148791101958E-33));
#6538=DIRECTION('center_axis',(0.,0.,-1.));
#6539=DIRECTION('ref_axis',(1.,0.,0.));
#6540=DIRECTION('center_axis',(0.,0.,1.));
#6541=DIRECTION('ref_axis',(1.,0.,0.));
#6542=DIRECTION('',(0.,0.,-1.));
#6543=DIRECTION('center_axis',(-3.08148791101958E-33,-1.09476442525376E-47,
1.));
#6544=DIRECTION('ref_axis',(1.,-7.88860905221012E-31,3.08148791101958E-33));
#6545=DIRECTION('center_axis',(0.,0.,-1.));
#6546=DIRECTION('ref_axis',(1.,0.,0.));
#6547=DIRECTION('center_axis',(0.,0.,1.));
#6548=DIRECTION('ref_axis',(1.,0.,0.));
#6549=DIRECTION('',(0.,0.,-1.));
#6550=DIRECTION('center_axis',(-3.08148791101958E-33,-1.09476442525376E-47,
1.));
#6551=DIRECTION('ref_axis',(1.,-7.88860905221012E-31,3.08148791101958E-33));
#6552=DIRECTION('center_axis',(0.,0.,-1.));
#6553=DIRECTION('ref_axis',(1.,0.,0.));
#6554=DIRECTION('center_axis',(0.,0.,1.));
#6555=DIRECTION('ref_axis',(1.,0.,0.));
#6556=DIRECTION('',(0.,0.,-1.));
#6557=DIRECTION('center_axis',(-3.08148791101958E-33,-1.09476442525376E-47,
1.));
#6558=DIRECTION('ref_axis',(1.,-7.88860905221012E-31,3.08148791101958E-33));
#6559=DIRECTION('center_axis',(0.,0.,-1.));
#6560=DIRECTION('ref_axis',(1.,0.,0.));
#6561=DIRECTION('center_axis',(0.,0.,1.));
#6562=DIRECTION('ref_axis',(1.,0.,0.));
#6563=DIRECTION('',(0.,0.,-1.));
#6564=DIRECTION('center_axis',(-3.08148791101958E-33,-1.09476442525376E-47,
1.));
#6565=DIRECTION('ref_axis',(1.,-7.88860905221012E-31,3.08148791101958E-33));
#6566=DIRECTION('center_axis',(0.,0.,-1.));
#6567=DIRECTION('ref_axis',(1.,0.,0.));
#6568=DIRECTION('center_axis',(0.,0.,1.));
#6569=DIRECTION('ref_axis',(1.,0.,0.));
#6570=DIRECTION('',(0.,0.,-1.));
#6571=DIRECTION('center_axis',(-3.08148791101958E-33,-1.09476442525376E-47,
1.));
#6572=DIRECTION('ref_axis',(1.,-7.88860905221012E-31,3.08148791101958E-33));
#6573=DIRECTION('center_axis',(0.,0.,-1.));
#6574=DIRECTION('ref_axis',(1.,0.,0.));
#6575=DIRECTION('center_axis',(0.,0.,1.));
#6576=DIRECTION('ref_axis',(1.,0.,0.));
#6577=DIRECTION('',(0.,0.,-1.));
#6578=DIRECTION('center_axis',(-3.08148791101958E-33,-1.09476442525376E-47,
1.));
#6579=DIRECTION('ref_axis',(1.,-7.88860905221012E-31,3.08148791101958E-33));
#6580=DIRECTION('center_axis',(0.,0.,-1.));
#6581=DIRECTION('ref_axis',(1.,0.,0.));
#6582=DIRECTION('center_axis',(0.,0.,1.));
#6583=DIRECTION('ref_axis',(1.,0.,0.));
#6584=DIRECTION('',(0.,0.,-1.));
#6585=DIRECTION('center_axis',(-3.08148791101958E-33,-1.09476442525376E-47,
1.));
#6586=DIRECTION('ref_axis',(1.,-7.88860905221012E-31,3.08148791101958E-33));
#6587=DIRECTION('center_axis',(0.,0.,-1.));
#6588=DIRECTION('ref_axis',(1.,0.,0.));
#6589=DIRECTION('center_axis',(0.,0.,1.));
#6590=DIRECTION('ref_axis',(1.,0.,0.));
#6591=DIRECTION('',(0.,0.,-1.));
#6592=DIRECTION('center_axis',(-3.08148791101958E-33,-1.09476442525376E-47,
1.));
#6593=DIRECTION('ref_axis',(1.,-7.88860905221012E-31,3.08148791101958E-33));
#6594=DIRECTION('center_axis',(0.,0.,-1.));
#6595=DIRECTION('ref_axis',(1.,0.,0.));
#6596=DIRECTION('center_axis',(0.,0.,1.));
#6597=DIRECTION('ref_axis',(1.,0.,0.));
#6598=DIRECTION('',(0.,0.,-1.));
#6599=DIRECTION('center_axis',(-3.08148791101958E-33,-1.09476442525376E-47,
1.));
#6600=DIRECTION('ref_axis',(1.,-7.88860905221012E-31,3.08148791101958E-33));
#6601=DIRECTION('center_axis',(0.,0.,-1.));
#6602=DIRECTION('ref_axis',(1.,0.,0.));
#6603=DIRECTION('center_axis',(0.,0.,1.));
#6604=DIRECTION('ref_axis',(1.,0.,0.));
#6605=DIRECTION('',(0.,0.,-1.));
#6606=DIRECTION('center_axis',(-3.08148791101958E-33,-1.09476442525376E-47,
1.));
#6607=DIRECTION('ref_axis',(1.,-7.88860905221012E-31,3.08148791101958E-33));
#6608=DIRECTION('center_axis',(0.,0.,-1.));
#6609=DIRECTION('ref_axis',(1.,0.,0.));
#6610=DIRECTION('center_axis',(0.,0.,1.));
#6611=DIRECTION('ref_axis',(1.,0.,0.));
#6612=DIRECTION('',(0.,0.,-1.));
#6613=DIRECTION('center_axis',(-3.08148791101958E-33,-1.09476442525376E-47,
1.));
#6614=DIRECTION('ref_axis',(1.,-7.88860905221012E-31,3.08148791101958E-33));
#6615=DIRECTION('center_axis',(0.,0.,-1.));
#6616=DIRECTION('ref_axis',(1.,0.,0.));
#6617=DIRECTION('center_axis',(0.,0.,1.));
#6618=DIRECTION('ref_axis',(1.,0.,0.));
#6619=DIRECTION('',(0.,0.,-1.));
#6620=DIRECTION('center_axis',(-3.08148791101958E-33,-1.09476442525376E-47,
1.));
#6621=DIRECTION('ref_axis',(1.,-7.88860905221012E-31,3.08148791101958E-33));
#6622=DIRECTION('center_axis',(0.,0.,-1.));
#6623=DIRECTION('ref_axis',(1.,0.,0.));
#6624=DIRECTION('center_axis',(0.,0.,1.));
#6625=DIRECTION('ref_axis',(1.,0.,0.));
#6626=DIRECTION('',(0.,0.,-1.));
#6627=DIRECTION('center_axis',(-3.08148791101958E-33,-1.09476442525376E-47,
1.));
#6628=DIRECTION('ref_axis',(1.,-7.88860905221012E-31,3.08148791101958E-33));
#6629=DIRECTION('center_axis',(0.,0.,-1.));
#6630=DIRECTION('ref_axis',(1.,0.,0.));
#6631=DIRECTION('center_axis',(0.,0.,1.));
#6632=DIRECTION('ref_axis',(1.,0.,0.));
#6633=DIRECTION('',(0.,0.,-1.));
#6634=DIRECTION('center_axis',(-3.08148791101958E-33,-1.09476442525376E-47,
1.));
#6635=DIRECTION('ref_axis',(1.,-7.88860905221012E-31,3.08148791101958E-33));
#6636=DIRECTION('center_axis',(0.,0.,-1.));
#6637=DIRECTION('ref_axis',(1.,0.,0.));
#6638=DIRECTION('center_axis',(0.,0.,1.));
#6639=DIRECTION('ref_axis',(1.,0.,0.));
#6640=DIRECTION('',(0.,0.,-1.));
#6641=DIRECTION('center_axis',(-3.08148791101958E-33,-1.09476442525376E-47,
1.));
#6642=DIRECTION('ref_axis',(1.,-7.88860905221012E-31,3.08148791101958E-33));
#6643=DIRECTION('center_axis',(0.,0.,-1.));
#6644=DIRECTION('ref_axis',(1.,0.,0.));
#6645=DIRECTION('center_axis',(0.,0.,1.));
#6646=DIRECTION('ref_axis',(1.,0.,0.));
#6647=DIRECTION('',(0.,0.,-1.));
#6648=DIRECTION('center_axis',(-3.08148791101958E-33,-1.09476442525376E-47,
1.));
#6649=DIRECTION('ref_axis',(1.,-7.88860905221012E-31,3.08148791101958E-33));
#6650=DIRECTION('center_axis',(0.,0.,-1.));
#6651=DIRECTION('ref_axis',(1.,0.,0.));
#6652=DIRECTION('center_axis',(0.,0.,1.));
#6653=DIRECTION('ref_axis',(1.,0.,0.));
#6654=DIRECTION('',(0.,0.,-1.));
#6655=DIRECTION('center_axis',(-3.08148791101958E-33,-1.09476442525376E-47,
1.));
#6656=DIRECTION('ref_axis',(1.,-7.88860905221012E-31,3.08148791101958E-33));
#6657=DIRECTION('center_axis',(0.,0.,-1.));
#6658=DIRECTION('ref_axis',(1.,0.,0.));
#6659=DIRECTION('center_axis',(0.,0.,1.));
#6660=DIRECTION('ref_axis',(1.,0.,0.));
#6661=DIRECTION('',(0.,0.,-1.));
#6662=DIRECTION('center_axis',(-3.08148791101958E-33,-1.09476442525376E-47,
1.));
#6663=DIRECTION('ref_axis',(1.,-7.88860905221012E-31,3.08148791101958E-33));
#6664=DIRECTION('center_axis',(0.,0.,-1.));
#6665=DIRECTION('ref_axis',(1.,0.,0.));
#6666=DIRECTION('center_axis',(0.,0.,1.));
#6667=DIRECTION('ref_axis',(1.,0.,0.));
#6668=DIRECTION('',(0.,0.,-1.));
#6669=DIRECTION('center_axis',(-3.08148791101958E-33,-1.09476442525376E-47,
1.));
#6670=DIRECTION('ref_axis',(1.,-7.88860905221012E-31,3.08148791101958E-33));
#6671=DIRECTION('center_axis',(0.,0.,-1.));
#6672=DIRECTION('ref_axis',(1.,0.,0.));
#6673=DIRECTION('center_axis',(0.,0.,1.));
#6674=DIRECTION('ref_axis',(1.,0.,0.));
#6675=DIRECTION('',(0.,0.,-1.));
#6676=DIRECTION('center_axis',(-3.08148791101958E-33,-1.09476442525376E-47,
1.));
#6677=DIRECTION('ref_axis',(1.,-7.88860905221012E-31,3.08148791101958E-33));
#6678=DIRECTION('center_axis',(0.,0.,-1.));
#6679=DIRECTION('ref_axis',(1.,0.,0.));
#6680=DIRECTION('center_axis',(0.,0.,1.));
#6681=DIRECTION('ref_axis',(1.,0.,0.));
#6682=DIRECTION('',(0.,0.,-1.));
#6683=DIRECTION('center_axis',(-3.08148791101958E-33,-1.09476442525376E-47,
1.));
#6684=DIRECTION('ref_axis',(1.,-7.88860905221012E-31,3.08148791101958E-33));
#6685=DIRECTION('center_axis',(0.,0.,-1.));
#6686=DIRECTION('ref_axis',(1.,0.,0.));
#6687=DIRECTION('center_axis',(0.,0.,1.));
#6688=DIRECTION('ref_axis',(1.,0.,0.));
#6689=DIRECTION('',(0.,0.,-1.));
#6690=DIRECTION('center_axis',(-3.08148791101958E-33,-1.09476442525376E-47,
1.));
#6691=DIRECTION('ref_axis',(1.,-7.88860905221012E-31,3.08148791101958E-33));
#6692=DIRECTION('center_axis',(0.,0.,-1.));
#6693=DIRECTION('ref_axis',(1.,0.,0.));
#6694=DIRECTION('center_axis',(0.,0.,1.));
#6695=DIRECTION('ref_axis',(1.,0.,0.));
#6696=DIRECTION('',(0.,0.,-1.));
#6697=DIRECTION('center_axis',(-3.08148791101958E-33,-1.09476442525376E-47,
1.));
#6698=DIRECTION('ref_axis',(1.,-7.88860905221012E-31,3.08148791101958E-33));
#6699=DIRECTION('center_axis',(0.,0.,-1.));
#6700=DIRECTION('ref_axis',(1.,0.,0.));
#6701=DIRECTION('center_axis',(0.,0.,1.));
#6702=DIRECTION('ref_axis',(1.,0.,0.));
#6703=DIRECTION('',(0.,0.,-1.));
#6704=DIRECTION('center_axis',(-3.08148791101958E-33,-1.09476442525376E-47,
1.));
#6705=DIRECTION('ref_axis',(1.,-7.88860905221012E-31,3.08148791101958E-33));
#6706=DIRECTION('center_axis',(0.,0.,-1.));
#6707=DIRECTION('ref_axis',(1.,0.,0.));
#6708=DIRECTION('center_axis',(0.,0.,1.));
#6709=DIRECTION('ref_axis',(1.,0.,0.));
#6710=DIRECTION('',(0.,0.,-1.));
#6711=DIRECTION('center_axis',(-3.08148791101958E-33,-1.09476442525376E-47,
1.));
#6712=DIRECTION('ref_axis',(1.,-7.88860905221012E-31,3.08148791101958E-33));
#6713=DIRECTION('center_axis',(0.,0.,-1.));
#6714=DIRECTION('ref_axis',(1.,0.,0.));
#6715=DIRECTION('center_axis',(0.,0.,1.));
#6716=DIRECTION('ref_axis',(1.,0.,0.));
#6717=DIRECTION('',(0.,0.,-1.));
#6718=DIRECTION('center_axis',(-3.08148791101958E-33,-1.09476442525376E-47,
1.));
#6719=DIRECTION('ref_axis',(1.,-7.88860905221012E-31,3.08148791101958E-33));
#6720=DIRECTION('center_axis',(0.,0.,-1.));
#6721=DIRECTION('ref_axis',(1.,0.,0.));
#6722=DIRECTION('center_axis',(0.,0.,1.));
#6723=DIRECTION('ref_axis',(1.,0.,0.));
#6724=DIRECTION('',(0.,0.,-1.));
#6725=DIRECTION('center_axis',(-3.08148791101958E-33,-1.09476442525376E-47,
1.));
#6726=DIRECTION('ref_axis',(1.,-7.88860905221012E-31,3.08148791101958E-33));
#6727=DIRECTION('center_axis',(0.,0.,-1.));
#6728=DIRECTION('ref_axis',(1.,0.,0.));
#6729=DIRECTION('center_axis',(0.,0.,1.));
#6730=DIRECTION('ref_axis',(1.,0.,0.));
#6731=DIRECTION('',(0.,0.,-1.));
#6732=DIRECTION('center_axis',(-3.08148791101958E-33,-1.09476442525376E-47,
1.));
#6733=DIRECTION('ref_axis',(1.,-7.88860905221012E-31,3.08148791101958E-33));
#6734=DIRECTION('center_axis',(0.,0.,-1.));
#6735=DIRECTION('ref_axis',(1.,0.,0.));
#6736=DIRECTION('center_axis',(0.,0.,1.));
#6737=DIRECTION('ref_axis',(1.,0.,0.));
#6738=DIRECTION('',(0.,0.,-1.));
#6739=DIRECTION('center_axis',(-3.08148791101958E-33,-1.09476442525376E-47,
1.));
#6740=DIRECTION('ref_axis',(1.,-7.88860905221012E-31,3.08148791101958E-33));
#6741=DIRECTION('center_axis',(0.,0.,-1.));
#6742=DIRECTION('ref_axis',(1.,0.,0.));
#6743=DIRECTION('center_axis',(0.,0.,1.));
#6744=DIRECTION('ref_axis',(1.,0.,0.));
#6745=DIRECTION('',(0.,0.,-1.));
#6746=DIRECTION('center_axis',(-3.08148791101958E-33,-1.09476442525376E-47,
1.));
#6747=DIRECTION('ref_axis',(1.,-7.88860905221012E-31,3.08148791101958E-33));
#6748=DIRECTION('center_axis',(0.,0.,-1.));
#6749=DIRECTION('ref_axis',(1.,0.,0.));
#6750=DIRECTION('center_axis',(0.,0.,1.));
#6751=DIRECTION('ref_axis',(1.,0.,0.));
#6752=DIRECTION('',(0.,0.,-1.));
#6753=DIRECTION('center_axis',(-3.08148791101958E-33,-1.09476442525376E-47,
1.));
#6754=DIRECTION('ref_axis',(1.,-7.88860905221012E-31,3.08148791101958E-33));
#6755=DIRECTION('center_axis',(0.,0.,-1.));
#6756=DIRECTION('ref_axis',(1.,0.,0.));
#6757=DIRECTION('center_axis',(0.,0.,1.));
#6758=DIRECTION('ref_axis',(1.,0.,0.));
#6759=DIRECTION('',(0.,0.,-1.));
#6760=DIRECTION('center_axis',(-3.08148791101958E-33,-1.09476442525376E-47,
1.));
#6761=DIRECTION('ref_axis',(1.,-7.88860905221012E-31,3.08148791101958E-33));
#6762=DIRECTION('center_axis',(0.,0.,-1.));
#6763=DIRECTION('ref_axis',(1.,0.,0.));
#6764=DIRECTION('center_axis',(0.,0.,1.));
#6765=DIRECTION('ref_axis',(1.,0.,0.));
#6766=DIRECTION('',(0.,0.,-1.));
#6767=DIRECTION('center_axis',(-3.08148791101958E-33,-1.09476442525376E-47,
1.));
#6768=DIRECTION('ref_axis',(1.,-7.88860905221012E-31,3.08148791101958E-33));
#6769=DIRECTION('center_axis',(0.,0.,-1.));
#6770=DIRECTION('ref_axis',(1.,0.,0.));
#6771=DIRECTION('center_axis',(0.,0.,1.));
#6772=DIRECTION('ref_axis',(1.,0.,0.));
#6773=DIRECTION('',(0.,0.,-1.));
#6774=DIRECTION('center_axis',(-3.08148791101958E-33,-1.09476442525376E-47,
1.));
#6775=DIRECTION('ref_axis',(1.,-7.88860905221012E-31,3.08148791101958E-33));
#6776=DIRECTION('center_axis',(0.,0.,-1.));
#6777=DIRECTION('ref_axis',(1.,0.,0.));
#6778=DIRECTION('center_axis',(0.,0.,1.));
#6779=DIRECTION('ref_axis',(1.,0.,0.));
#6780=DIRECTION('',(0.,0.,-1.));
#6781=DIRECTION('center_axis',(-3.08148791101958E-33,-1.09476442525376E-47,
1.));
#6782=DIRECTION('ref_axis',(1.,-7.88860905221012E-31,3.08148791101958E-33));
#6783=DIRECTION('center_axis',(0.,0.,-1.));
#6784=DIRECTION('ref_axis',(1.,0.,0.));
#6785=DIRECTION('center_axis',(0.,0.,1.));
#6786=DIRECTION('ref_axis',(1.,0.,0.));
#6787=DIRECTION('',(0.,0.,-1.));
#6788=DIRECTION('center_axis',(-3.08148791101958E-33,-1.09476442525376E-47,
1.));
#6789=DIRECTION('ref_axis',(1.,-7.88860905221012E-31,3.08148791101958E-33));
#6790=DIRECTION('center_axis',(0.,0.,-1.));
#6791=DIRECTION('ref_axis',(1.,0.,0.));
#6792=DIRECTION('center_axis',(0.,0.,1.));
#6793=DIRECTION('ref_axis',(1.,0.,0.));
#6794=DIRECTION('',(0.,0.,-1.));
#6795=DIRECTION('center_axis',(-3.08148791101958E-33,-1.09476442525376E-47,
1.));
#6796=DIRECTION('ref_axis',(1.,-7.88860905221012E-31,3.08148791101958E-33));
#6797=DIRECTION('center_axis',(0.,0.,-1.));
#6798=DIRECTION('ref_axis',(1.,0.,0.));
#6799=DIRECTION('center_axis',(0.,0.,1.));
#6800=DIRECTION('ref_axis',(1.,0.,0.));
#6801=DIRECTION('',(0.,0.,-1.));
#6802=DIRECTION('center_axis',(-3.08148791101958E-33,-1.09476442525376E-47,
1.));
#6803=DIRECTION('ref_axis',(1.,-7.88860905221012E-31,3.08148791101958E-33));
#6804=DIRECTION('center_axis',(0.,0.,-1.));
#6805=DIRECTION('ref_axis',(1.,0.,0.));
#6806=DIRECTION('center_axis',(0.,0.,1.));
#6807=DIRECTION('ref_axis',(1.,0.,0.));
#6808=DIRECTION('',(0.,0.,-1.));
#6809=DIRECTION('center_axis',(-3.08148791101958E-33,-1.09476442525376E-47,
1.));
#6810=DIRECTION('ref_axis',(1.,-7.88860905221012E-31,3.08148791101958E-33));
#6811=DIRECTION('center_axis',(0.,0.,-1.));
#6812=DIRECTION('ref_axis',(1.,0.,0.));
#6813=DIRECTION('center_axis',(0.,0.,1.));
#6814=DIRECTION('ref_axis',(1.,0.,0.));
#6815=DIRECTION('',(0.,0.,-1.));
#6816=DIRECTION('center_axis',(-3.08148791101958E-33,-1.09476442525376E-47,
1.));
#6817=DIRECTION('ref_axis',(1.,-7.88860905221012E-31,3.08148791101958E-33));
#6818=DIRECTION('center_axis',(0.,0.,-1.));
#6819=DIRECTION('ref_axis',(1.,0.,0.));
#6820=DIRECTION('center_axis',(0.,0.,1.));
#6821=DIRECTION('ref_axis',(1.,0.,0.));
#6822=DIRECTION('',(0.,0.,-1.));
#6823=DIRECTION('center_axis',(-3.08148791101958E-33,-1.09476442525376E-47,
1.));
#6824=DIRECTION('ref_axis',(1.,-7.88860905221012E-31,3.08148791101958E-33));
#6825=DIRECTION('center_axis',(0.,0.,-1.));
#6826=DIRECTION('ref_axis',(1.,0.,0.));
#6827=DIRECTION('center_axis',(0.,0.,1.));
#6828=DIRECTION('ref_axis',(1.,0.,0.));
#6829=DIRECTION('',(0.,0.,-1.));
#6830=DIRECTION('center_axis',(-3.08148791101958E-33,-1.09476442525376E-47,
1.));
#6831=DIRECTION('ref_axis',(1.,-7.88860905221012E-31,3.08148791101958E-33));
#6832=DIRECTION('center_axis',(0.,0.,-1.));
#6833=DIRECTION('ref_axis',(1.,0.,0.));
#6834=DIRECTION('center_axis',(0.,0.,1.));
#6835=DIRECTION('ref_axis',(1.,0.,0.));
#6836=DIRECTION('',(0.,0.,-1.));
#6837=DIRECTION('center_axis',(-3.08148791101958E-33,-1.09476442525376E-47,
1.));
#6838=DIRECTION('ref_axis',(1.,-7.88860905221012E-31,3.08148791101958E-33));
#6839=DIRECTION('center_axis',(0.,0.,-1.));
#6840=DIRECTION('ref_axis',(1.,0.,0.));
#6841=DIRECTION('center_axis',(0.,0.,1.));
#6842=DIRECTION('ref_axis',(1.,0.,0.));
#6843=DIRECTION('',(0.,0.,-1.));
#6844=DIRECTION('center_axis',(-3.08148791101958E-33,-1.09476442525376E-47,
1.));
#6845=DIRECTION('ref_axis',(1.,-7.88860905221012E-31,3.08148791101958E-33));
#6846=DIRECTION('center_axis',(0.,0.,-1.));
#6847=DIRECTION('ref_axis',(1.,0.,0.));
#6848=DIRECTION('center_axis',(0.,0.,1.));
#6849=DIRECTION('ref_axis',(1.,0.,0.));
#6850=DIRECTION('',(0.,0.,-1.));
#6851=DIRECTION('center_axis',(-3.08148791101958E-33,-1.09476442525376E-47,
1.));
#6852=DIRECTION('ref_axis',(1.,-7.88860905221012E-31,3.08148791101958E-33));
#6853=DIRECTION('center_axis',(0.,0.,-1.));
#6854=DIRECTION('ref_axis',(1.,0.,0.));
#6855=DIRECTION('center_axis',(0.,0.,1.));
#6856=DIRECTION('ref_axis',(1.,0.,0.));
#6857=DIRECTION('',(0.,0.,-1.));
#6858=DIRECTION('center_axis',(-3.08148791101958E-33,-1.09476442525376E-47,
1.));
#6859=DIRECTION('ref_axis',(1.,-7.88860905221012E-31,3.08148791101958E-33));
#6860=DIRECTION('center_axis',(0.,0.,-1.));
#6861=DIRECTION('ref_axis',(1.,0.,0.));
#6862=DIRECTION('center_axis',(0.,0.,1.));
#6863=DIRECTION('ref_axis',(1.,0.,0.));
#6864=DIRECTION('',(0.,0.,-1.));
#6865=DIRECTION('center_axis',(-3.08148791101958E-33,-1.09476442525376E-47,
1.));
#6866=DIRECTION('ref_axis',(1.,-7.88860905221012E-31,3.08148791101958E-33));
#6867=DIRECTION('center_axis',(0.,0.,-1.));
#6868=DIRECTION('ref_axis',(1.,0.,0.));
#6869=DIRECTION('center_axis',(0.,0.,1.));
#6870=DIRECTION('ref_axis',(1.,0.,0.));
#6871=DIRECTION('',(0.,0.,-1.));
#6872=DIRECTION('center_axis',(-3.08148791101958E-33,-1.09476442525376E-47,
1.));
#6873=DIRECTION('ref_axis',(1.,-7.88860905221012E-31,3.08148791101958E-33));
#6874=DIRECTION('center_axis',(0.,0.,-1.));
#6875=DIRECTION('ref_axis',(1.,0.,0.));
#6876=DIRECTION('center_axis',(0.,0.,1.));
#6877=DIRECTION('ref_axis',(1.,0.,0.));
#6878=DIRECTION('',(0.,0.,-1.));
#6879=DIRECTION('center_axis',(-3.08148791101958E-33,-1.09476442525376E-47,
1.));
#6880=DIRECTION('ref_axis',(1.,-7.88860905221012E-31,3.08148791101958E-33));
#6881=DIRECTION('center_axis',(0.,0.,-1.));
#6882=DIRECTION('ref_axis',(1.,0.,0.));
#6883=DIRECTION('center_axis',(0.,0.,1.));
#6884=DIRECTION('ref_axis',(1.,0.,0.));
#6885=DIRECTION('',(0.,0.,-1.));
#6886=DIRECTION('center_axis',(-3.08148791101958E-33,-1.09476442525376E-47,
1.));
#6887=DIRECTION('ref_axis',(1.,-7.88860905221012E-31,3.08148791101958E-33));
#6888=DIRECTION('center_axis',(0.,0.,-1.));
#6889=DIRECTION('ref_axis',(1.,0.,0.));
#6890=DIRECTION('center_axis',(0.,0.,1.));
#6891=DIRECTION('ref_axis',(1.,0.,0.));
#6892=DIRECTION('',(0.,0.,-1.));
#6893=DIRECTION('center_axis',(-3.08148791101958E-33,-1.09476442525376E-47,
1.));
#6894=DIRECTION('ref_axis',(1.,-7.88860905221012E-31,3.08148791101958E-33));
#6895=DIRECTION('center_axis',(0.,0.,-1.));
#6896=DIRECTION('ref_axis',(1.,0.,0.));
#6897=DIRECTION('center_axis',(0.,0.,1.));
#6898=DIRECTION('ref_axis',(1.,0.,0.));
#6899=DIRECTION('',(0.,0.,-1.));
#6900=DIRECTION('center_axis',(-3.08148791101958E-33,-1.09476442525376E-47,
1.));
#6901=DIRECTION('ref_axis',(1.,-7.88860905221012E-31,3.08148791101958E-33));
#6902=DIRECTION('center_axis',(0.,0.,-1.));
#6903=DIRECTION('ref_axis',(1.,0.,0.));
#6904=DIRECTION('center_axis',(0.,0.,1.));
#6905=DIRECTION('ref_axis',(1.,0.,0.));
#6906=DIRECTION('',(0.,0.,-1.));
#6907=DIRECTION('center_axis',(-3.08148791101958E-33,-1.09476442525376E-47,
1.));
#6908=DIRECTION('ref_axis',(1.,-7.88860905221012E-31,3.08148791101958E-33));
#6909=DIRECTION('center_axis',(3.08148791101958E-33,1.09476442525376E-47,
-1.));
#6910=DIRECTION('ref_axis',(-1.,7.88860905221012E-31,-3.08148791101958E-33));
#6911=DIRECTION('center_axis',(0.,0.,-1.));
#6912=DIRECTION('ref_axis',(-1.,0.,0.));
#6913=CARTESIAN_POINT('',(0.,0.,0.));
#6914=CARTESIAN_POINT('Origin',(-0.01082294,3.50000316,0.));
#6915=CARTESIAN_POINT('',(-0.01082294,3.50000316,-1.189));
#6916=CARTESIAN_POINT('',(-0.01082294,3.50000316,0.41148));
#6917=CARTESIAN_POINT('',(-0.01082294,3.50000316,0.));
#6918=CARTESIAN_POINT('',(0.03240023999999,2.95078912,-1.189));
#6919=CARTESIAN_POINT('',(-0.01082294,3.50000316,-1.189));
#6920=CARTESIAN_POINT('',(0.03240023999999,2.95078912,0.41148));
#6921=CARTESIAN_POINT('',(0.03240023999999,2.95078912,0.));
#6922=CARTESIAN_POINT('',(-0.01082294,3.50000316,0.41148));
#6923=CARTESIAN_POINT('Origin',(0.03240023999999,2.95078912,0.));
#6924=CARTESIAN_POINT('',(0.16100806,2.41509804,-1.189));
#6925=CARTESIAN_POINT('',(0.03240023999999,2.95078912,-1.189));
#6926=CARTESIAN_POINT('',(0.16100806,2.41509804,0.41148));
#6927=CARTESIAN_POINT('',(0.16100806,2.41509804,0.));
#6928=CARTESIAN_POINT('',(0.03240023999999,2.95078912,0.41148));
#6929=CARTESIAN_POINT('Origin',(0.16100806,2.41509804,0.));
#6930=CARTESIAN_POINT('',(0.37183314,1.90612268,-1.189));
#6931=CARTESIAN_POINT('',(0.16100806,2.41509804,-1.189));
#6932=CARTESIAN_POINT('',(0.37183314,1.90612268,0.41148));
#6933=CARTESIAN_POINT('',(0.37183314,1.90612268,0.));
#6934=CARTESIAN_POINT('',(0.16100806,2.41509804,0.41148));
#6935=CARTESIAN_POINT('Origin',(0.37183314,1.90612268,0.));
#6936=CARTESIAN_POINT('',(0.65968626,1.43639032,-1.189));
#6937=CARTESIAN_POINT('',(0.37183314,1.90612268,-1.189));
#6938=CARTESIAN_POINT('',(0.65968626,1.43639032,0.41148));
#6939=CARTESIAN_POINT('',(0.65968626,1.43639032,0.));
#6940=CARTESIAN_POINT('',(0.37183314,1.90612268,0.41148));
#6941=CARTESIAN_POINT('Origin',(0.65968626,1.43639032,0.));
#6942=CARTESIAN_POINT('',(1.0174732,1.0174732,-1.189));
#6943=CARTESIAN_POINT('',(0.65968626,1.43639032,-1.189));
#6944=CARTESIAN_POINT('',(1.0174732,1.0174732,0.41148));
#6945=CARTESIAN_POINT('',(1.0174732,1.0174732,0.));
#6946=CARTESIAN_POINT('',(0.65968626,1.43639032,0.41148));
#6947=CARTESIAN_POINT('Origin',(1.0174732,1.0174732,0.));
#6948=CARTESIAN_POINT('',(1.43639032,0.65968626,-1.189));
#6949=CARTESIAN_POINT('',(1.0174732,1.0174732,-1.189));
#6950=CARTESIAN_POINT('',(1.43639032,0.65968626,0.41148));
#6951=CARTESIAN_POINT('',(1.43639032,0.65968626,0.));
#6952=CARTESIAN_POINT('',(1.0174732,1.0174732,0.41148));
#6953=CARTESIAN_POINT('Origin',(1.43639032,0.65968626,0.));
#6954=CARTESIAN_POINT('',(1.90612268,0.37183314,-1.189));
#6955=CARTESIAN_POINT('',(1.43639032,0.65968626,-1.189));
#6956=CARTESIAN_POINT('',(1.90612268,0.37183314,0.41148));
#6957=CARTESIAN_POINT('',(1.90612268,0.37183314,0.));
#6958=CARTESIAN_POINT('',(1.43639032,0.65968626,0.41148));
#6959=CARTESIAN_POINT('Origin',(1.90612268,0.37183314,0.));
#6960=CARTESIAN_POINT('',(2.41509804,0.16100806,-1.189));
#6961=CARTESIAN_POINT('',(1.90612268,0.37183314,-1.189));
#6962=CARTESIAN_POINT('',(2.41509804,0.16100806,0.41148));
#6963=CARTESIAN_POINT('',(2.41509804,0.16100806,0.));
#6964=CARTESIAN_POINT('',(1.90612268,0.37183314,0.41148));
#6965=CARTESIAN_POINT('Origin',(2.41509804,0.16100806,0.));
#6966=CARTESIAN_POINT('',(2.95078912,0.03240023999999,-1.189));
#6967=CARTESIAN_POINT('',(2.41509804,0.16100806,-1.189));
#6968=CARTESIAN_POINT('',(2.95078912,0.03240023999999,0.41148));
#6969=CARTESIAN_POINT('',(2.95078912,0.03240023999999,0.));
#6970=CARTESIAN_POINT('',(2.41509804,0.16100806,0.41148));
#6971=CARTESIAN_POINT('Origin',(2.95078912,0.03240023999999,0.));
#6972=CARTESIAN_POINT('',(3.50000316,-2.761015661074E-30,-1.189));
#6973=CARTESIAN_POINT('',(2.95078912,0.03240023999999,-1.189));
#6974=CARTESIAN_POINT('',(3.50000316,0.,0.41148));
#6975=CARTESIAN_POINT('',(3.50000316,0.,0.));
#6976=CARTESIAN_POINT('',(2.95078912,0.03240023999999,0.41148));
#6977=CARTESIAN_POINT('Origin',(3.50000316,0.,0.));
#6978=CARTESIAN_POINT('',(52.50002962,-0.01082294000003,-1.189));
#6979=CARTESIAN_POINT('',(3.50000316,-2.761015661074E-30,-1.189));
#6980=CARTESIAN_POINT('',(52.50002962,-0.01082294000003,0.41148));
#6981=CARTESIAN_POINT('',(52.50002962,-0.01082294000003,0.));
#6982=CARTESIAN_POINT('',(3.50000316,0.,0.41148));
#6983=CARTESIAN_POINT('Origin',(52.50002962,-0.01082294000003,0.));
#6984=CARTESIAN_POINT('',(53.04924366,0.03240023999999,-1.189));
#6985=CARTESIAN_POINT('',(52.50002962,-0.01082294000003,-1.189));
#6986=CARTESIAN_POINT('',(53.04924366,0.03240023999999,0.41148));
#6987=CARTESIAN_POINT('',(53.04924366,0.03240023999999,0.));
#6988=CARTESIAN_POINT('',(52.50002962,-0.01082294000003,0.41148));
#6989=CARTESIAN_POINT('Origin',(53.04924366,0.03240023999999,0.));
#6990=CARTESIAN_POINT('',(53.58493474,0.16100806,-1.189));
#6991=CARTESIAN_POINT('',(53.04924366,0.03240023999999,-1.189));
#6992=CARTESIAN_POINT('',(53.58493474,0.16100806,0.41148));
#6993=CARTESIAN_POINT('',(53.58493474,0.16100806,0.));
#6994=CARTESIAN_POINT('',(53.04924366,0.03240023999999,0.41148));
#6995=CARTESIAN_POINT('Origin',(53.58493474,0.16100806,0.));
#6996=CARTESIAN_POINT('',(54.0939101,0.37183314,-1.189));
#6997=CARTESIAN_POINT('',(53.58493474,0.16100806,-1.189));
#6998=CARTESIAN_POINT('',(54.0939101,0.37183314,0.41148));
#6999=CARTESIAN_POINT('',(54.0939101,0.37183314,0.));
#7000=CARTESIAN_POINT('',(53.58493474,0.16100806,0.41148));
#7001=CARTESIAN_POINT('Origin',(54.0939101,0.37183314,0.));
#7002=CARTESIAN_POINT('',(54.56364246,0.65968626,-1.189));
#7003=CARTESIAN_POINT('',(54.0939101,0.37183314,-1.189));
#7004=CARTESIAN_POINT('',(54.56364246,0.65968626,0.41148));
#7005=CARTESIAN_POINT('',(54.56364246,0.65968626,0.));
#7006=CARTESIAN_POINT('',(54.0939101,0.37183314,0.41148));
#7007=CARTESIAN_POINT('Origin',(54.56364246,0.65968626,0.));
#7008=CARTESIAN_POINT('',(54.98255958,1.0174732,-1.189));
#7009=CARTESIAN_POINT('',(54.56364246,0.65968626,-1.189));
#7010=CARTESIAN_POINT('',(54.98255958,1.0174732,0.41148));
#7011=CARTESIAN_POINT('',(54.98255958,1.0174732,0.));
#7012=CARTESIAN_POINT('',(54.56364246,0.65968626,0.41148));
#7013=CARTESIAN_POINT('Origin',(54.98255958,1.0174732,0.));
#7014=CARTESIAN_POINT('',(55.34034652,1.43639032,-1.189));
#7015=CARTESIAN_POINT('',(54.98255958,1.0174732,-1.189));
#7016=CARTESIAN_POINT('',(55.34034652,1.43639032,0.41148));
#7017=CARTESIAN_POINT('',(55.34034652,1.43639032,0.));
#7018=CARTESIAN_POINT('',(54.98255958,1.0174732,0.41148));
#7019=CARTESIAN_POINT('Origin',(55.34034652,1.43639032,0.));
#7020=CARTESIAN_POINT('',(55.62819964,1.90612268,-1.189));
#7021=CARTESIAN_POINT('',(55.34034652,1.43639032,-1.189));
#7022=CARTESIAN_POINT('',(55.62819964,1.90612268,0.41148));
#7023=CARTESIAN_POINT('',(55.62819964,1.90612268,0.));
#7024=CARTESIAN_POINT('',(55.34034652,1.43639032,0.41148));
#7025=CARTESIAN_POINT('Origin',(55.62819964,1.90612268,0.));
#7026=CARTESIAN_POINT('',(55.83902472,2.41509804,-1.189));
#7027=CARTESIAN_POINT('',(55.62819964,1.90612268,-1.189));
#7028=CARTESIAN_POINT('',(55.83902472,2.41509804,0.41148));
#7029=CARTESIAN_POINT('',(55.83902472,2.41509804,0.));
#7030=CARTESIAN_POINT('',(55.62819964,1.90612268,0.41148));
#7031=CARTESIAN_POINT('Origin',(55.83902472,2.41509804,0.));
#7032=CARTESIAN_POINT('',(55.96763254,2.95078912,-1.189));
#7033=CARTESIAN_POINT('',(55.83902472,2.41509804,-1.189));
#7034=CARTESIAN_POINT('',(55.96763254,2.95078912,0.41148));
#7035=CARTESIAN_POINT('',(55.96763254,2.95078912,0.));
#7036=CARTESIAN_POINT('',(55.83902472,2.41509804,0.41148));
#7037=CARTESIAN_POINT('Origin',(55.96763254,2.95078912,0.));
#7038=CARTESIAN_POINT('',(56.00003024,3.50000316,-1.189));
#7039=CARTESIAN_POINT('',(55.96763254,2.95078912,-1.189));
#7040=CARTESIAN_POINT('',(56.00003024,3.50000316,0.41148));
#7041=CARTESIAN_POINT('',(56.00003024,3.50000316,0.));
#7042=CARTESIAN_POINT('',(55.96763254,2.95078912,0.41148));
#7043=CARTESIAN_POINT('Origin',(56.00003024,3.50000316,0.));
#7044=CARTESIAN_POINT('',(55.99277346,4.75000066,-1.189));
#7045=CARTESIAN_POINT('',(56.00003024,3.50000316,-1.189));
#7046=CARTESIAN_POINT('',(55.99277346,4.75000066,0.41148));
#7047=CARTESIAN_POINT('',(55.99277346,4.75000066,0.));
#7048=CARTESIAN_POINT('',(56.00003024,3.50000316,0.41148));
#7049=CARTESIAN_POINT('Origin',(55.99277346,4.75000066,0.));
#7050=CARTESIAN_POINT('',(56.02173454,5.04405138,-1.189));
#7051=CARTESIAN_POINT('',(55.99277346,4.75000066,-1.189));
#7052=CARTESIAN_POINT('',(56.02173454,5.04405138,0.41148));
#7053=CARTESIAN_POINT('',(56.02173454,5.04405138,0.));
#7054=CARTESIAN_POINT('',(55.99277346,4.75000066,0.41148));
#7055=CARTESIAN_POINT('Origin',(56.02173454,5.04405138,0.));
#7056=CARTESIAN_POINT('',(56.10750526,5.32680164,-1.189));
#7057=CARTESIAN_POINT('',(56.02173454,5.04405138,-1.189));
#7058=CARTESIAN_POINT('',(56.10750526,5.32680164,0.41148));
#7059=CARTESIAN_POINT('',(56.10750526,5.32680164,0.));
#7060=CARTESIAN_POINT('',(56.02173454,5.04405138,0.41148));
#7061=CARTESIAN_POINT('Origin',(56.10750526,5.32680164,0.));
#7062=CARTESIAN_POINT('',(56.24679124,5.58738786,-1.189));
#7063=CARTESIAN_POINT('',(56.10750526,5.32680164,-1.189));
#7064=CARTESIAN_POINT('',(56.24679124,5.58738786,0.41148));
#7065=CARTESIAN_POINT('',(56.24679124,5.58738786,0.));
#7066=CARTESIAN_POINT('',(56.10750526,5.32680164,0.41148));
#7067=CARTESIAN_POINT('Origin',(56.24679124,5.58738786,0.));
#7068=CARTESIAN_POINT('',(56.43423816,5.81579228,-1.189));
#7069=CARTESIAN_POINT('',(56.24679124,5.58738786,-1.189));
#7070=CARTESIAN_POINT('',(56.43423816,5.81579228,0.41148));
#7071=CARTESIAN_POINT('',(56.43423816,5.81579228,0.));
#7072=CARTESIAN_POINT('',(56.24679124,5.58738786,0.41148));
#7073=CARTESIAN_POINT('Origin',(56.43423816,5.81579228,0.));
#7074=CARTESIAN_POINT('',(56.66264258,6.0032392,-1.189));
#7075=CARTESIAN_POINT('',(56.43423816,5.81579228,-1.189));
#7076=CARTESIAN_POINT('',(56.66264258,6.0032392,0.41148));
#7077=CARTESIAN_POINT('',(56.66264258,6.0032392,0.));
#7078=CARTESIAN_POINT('',(56.43423816,5.81579228,0.41148));
#7079=CARTESIAN_POINT('Origin',(56.66264258,6.0032392,0.));
#7080=CARTESIAN_POINT('',(56.9232288,6.14252518,-1.189));
#7081=CARTESIAN_POINT('',(56.66264258,6.0032392,-1.189));
#7082=CARTESIAN_POINT('',(56.9232288,6.14252518,0.41148));
#7083=CARTESIAN_POINT('',(56.9232288,6.14252518,0.));
#7084=CARTESIAN_POINT('',(56.66264258,6.0032392,0.41148));
#7085=CARTESIAN_POINT('Origin',(56.9232288,6.14252518,0.));
#7086=CARTESIAN_POINT('',(57.20597906,6.2282959,-1.189));
#7087=CARTESIAN_POINT('',(56.9232288,6.14252518,-1.189));
#7088=CARTESIAN_POINT('',(57.20597906,6.2282959,0.41148));
#7089=CARTESIAN_POINT('',(57.20597906,6.2282959,0.));
#7090=CARTESIAN_POINT('',(56.9232288,6.14252518,0.41148));
#7091=CARTESIAN_POINT('Origin',(57.20597906,6.2282959,0.));
#7092=CARTESIAN_POINT('',(57.50002978,6.2500002,-1.189));
#7093=CARTESIAN_POINT('',(57.20597906,6.2282959,-1.189));
#7094=CARTESIAN_POINT('',(57.50002978,6.2500002,0.41148));
#7095=CARTESIAN_POINT('',(57.50002978,6.2500002,0.));
#7096=CARTESIAN_POINT('',(57.20597906,6.2282959,0.41148));
#7097=CARTESIAN_POINT('Origin',(57.50002978,6.2500002,0.));
#7098=CARTESIAN_POINT('',(63.4968758,6.24274342,-1.189));
#7099=CARTESIAN_POINT('',(57.50002978,6.2500002,-1.189));
#7100=CARTESIAN_POINT('',(63.4968758,6.24274342,0.41148));
#7101=CARTESIAN_POINT('',(63.4968758,6.24274342,0.));
#7102=CARTESIAN_POINT('',(57.50002978,6.2500002,0.41148));
#7103=CARTESIAN_POINT('Origin',(63.4968758,6.24274342,0.));
#7104=CARTESIAN_POINT('',(63.79092652,6.2717045,-1.189));
#7105=CARTESIAN_POINT('',(63.4968758,6.24274342,-1.189));
#7106=CARTESIAN_POINT('',(63.79092652,6.2717045,0.41148));
#7107=CARTESIAN_POINT('',(63.79092652,6.2717045,0.));
#7108=CARTESIAN_POINT('',(63.4968758,6.24274342,0.41148));
#7109=CARTESIAN_POINT('Origin',(63.79092652,6.2717045,0.));
#7110=CARTESIAN_POINT('',(64.07367678,6.35747522,-1.189));
#7111=CARTESIAN_POINT('',(63.79092652,6.2717045,-1.189));
#7112=CARTESIAN_POINT('',(64.07367678,6.35747522,0.41148));
#7113=CARTESIAN_POINT('',(64.07367678,6.35747522,0.));
#7114=CARTESIAN_POINT('',(63.79092652,6.2717045,0.41148));
#7115=CARTESIAN_POINT('Origin',(64.07367678,6.35747522,0.));
#7116=CARTESIAN_POINT('',(64.334263,6.4967612,-1.189));
#7117=CARTESIAN_POINT('',(64.07367678,6.35747522,-1.189));
#7118=CARTESIAN_POINT('',(64.334263,6.4967612,0.41148));
#7119=CARTESIAN_POINT('',(64.334263,6.4967612,0.));
#7120=CARTESIAN_POINT('',(64.07367678,6.35747522,0.41148));
#7121=CARTESIAN_POINT('Origin',(64.334263,6.4967612,0.));
#7122=CARTESIAN_POINT('',(64.56266742,6.68420812,-1.189));
#7123=CARTESIAN_POINT('',(64.334263,6.4967612,-1.189));
#7124=CARTESIAN_POINT('',(64.56266742,6.68420812,0.41148));
#7125=CARTESIAN_POINT('',(64.56266742,6.68420812,0.));
#7126=CARTESIAN_POINT('',(64.334263,6.4967612,0.41148));
#7127=CARTESIAN_POINT('Origin',(64.56266742,6.68420812,0.));
#7128=CARTESIAN_POINT('',(64.75011434,6.91261254,-1.189));
#7129=CARTESIAN_POINT('',(64.56266742,6.68420812,-1.189));
#7130=CARTESIAN_POINT('',(64.75011434,6.91261254,0.41148));
#7131=CARTESIAN_POINT('',(64.75011434,6.91261254,0.));
#7132=CARTESIAN_POINT('',(64.56266742,6.68420812,0.41148));
#7133=CARTESIAN_POINT('Origin',(64.75011434,6.91261254,0.));
#7134=CARTESIAN_POINT('',(64.88940032,7.17319876,-1.189));
#7135=CARTESIAN_POINT('',(64.75011434,6.91261254,-1.189));
#7136=CARTESIAN_POINT('',(64.88940032,7.17319876,0.41148));
#7137=CARTESIAN_POINT('',(64.88940032,7.17319876,0.));
#7138=CARTESIAN_POINT('',(64.75011434,6.91261254,0.41148));
#7139=CARTESIAN_POINT('Origin',(64.88940032,7.17319876,0.));
#7140=CARTESIAN_POINT('',(64.97517104,7.45594902,-1.189));
#7141=CARTESIAN_POINT('',(64.88940032,7.17319876,-1.189));
#7142=CARTESIAN_POINT('',(64.97517104,7.45594902,0.41148));
#7143=CARTESIAN_POINT('',(64.97517104,7.45594902,0.));
#7144=CARTESIAN_POINT('',(64.88940032,7.17319876,0.41148));
#7145=CARTESIAN_POINT('Origin',(64.97517104,7.45594902,0.));
#7146=CARTESIAN_POINT('',(64.99687534,7.74999974,-1.189));
#7147=CARTESIAN_POINT('',(64.97517104,7.45594902,-1.189));
#7148=CARTESIAN_POINT('',(64.99687534,7.74999974,0.41148));
#7149=CARTESIAN_POINT('',(64.99687534,7.74999974,0.));
#7150=CARTESIAN_POINT('',(64.97517104,7.45594902,0.41148));
#7151=CARTESIAN_POINT('Origin',(64.99687534,7.74999974,0.));
#7152=CARTESIAN_POINT('',(65.00414228,57.2500379,-1.189));
#7153=CARTESIAN_POINT('',(64.99687534,7.74999974,-1.189));
#7154=CARTESIAN_POINT('',(65.00414228,57.2500379,0.41148));
#7155=CARTESIAN_POINT('',(65.00414228,57.2500379,0.));
#7156=CARTESIAN_POINT('',(64.99687534,7.74999974,0.41148));
#7157=CARTESIAN_POINT('Origin',(65.00414228,57.2500379,0.));
#7158=CARTESIAN_POINT('',(64.9751812,57.54408862,-1.189));
#7159=CARTESIAN_POINT('',(65.00414228,57.2500379,-1.189));
#7160=CARTESIAN_POINT('',(64.9751812,57.54408862,0.41148));
#7161=CARTESIAN_POINT('',(64.9751812,57.54408862,0.));
#7162=CARTESIAN_POINT('',(65.00414228,57.2500379,0.41148));
#7163=CARTESIAN_POINT('Origin',(64.9751812,57.54408862,0.));
#7164=CARTESIAN_POINT('',(64.88941048,57.82683888,-1.189));
#7165=CARTESIAN_POINT('',(64.9751812,57.54408862,-1.189));
#7166=CARTESIAN_POINT('',(64.88941048,57.82683888,0.41148));
#7167=CARTESIAN_POINT('',(64.88941048,57.82683888,0.));
#7168=CARTESIAN_POINT('',(64.9751812,57.54408862,0.41148));
#7169=CARTESIAN_POINT('Origin',(64.88941048,57.82683888,0.));
#7170=CARTESIAN_POINT('',(64.7501245,58.0874251,-1.189));
#7171=CARTESIAN_POINT('',(64.88941048,57.82683888,-1.189));
#7172=CARTESIAN_POINT('',(64.7501245,58.0874251,0.41148));
#7173=CARTESIAN_POINT('',(64.7501245,58.0874251,0.));
#7174=CARTESIAN_POINT('',(64.88941048,57.82683888,0.41148));
#7175=CARTESIAN_POINT('Origin',(64.7501245,58.0874251,0.));
#7176=CARTESIAN_POINT('',(64.56267758,58.31582952,-1.189));
#7177=CARTESIAN_POINT('',(64.7501245,58.0874251,-1.189));
#7178=CARTESIAN_POINT('',(64.56267758,58.31582952,0.41148));
#7179=CARTESIAN_POINT('',(64.56267758,58.31582952,0.));
#7180=CARTESIAN_POINT('',(64.7501245,58.0874251,0.41148));
#7181=CARTESIAN_POINT('Origin',(64.56267758,58.31582952,0.));
#7182=CARTESIAN_POINT('',(64.33427316,58.50327644,-1.189));
#7183=CARTESIAN_POINT('',(64.56267758,58.31582952,-1.189));
#7184=CARTESIAN_POINT('',(64.33427316,58.50327644,0.41148));
#7185=CARTESIAN_POINT('',(64.33427316,58.50327644,0.));
#7186=CARTESIAN_POINT('',(64.56267758,58.31582952,0.41148));
#7187=CARTESIAN_POINT('Origin',(64.33427316,58.50327644,0.));
#7188=CARTESIAN_POINT('',(64.07368694,58.64256242,-1.189));
#7189=CARTESIAN_POINT('',(64.33427316,58.50327644,-1.189));
#7190=CARTESIAN_POINT('',(64.07368694,58.64256242,0.41148));
#7191=CARTESIAN_POINT('',(64.07368694,58.64256242,0.));
#7192=CARTESIAN_POINT('',(64.33427316,58.50327644,0.41148));
#7193=CARTESIAN_POINT('Origin',(64.07368694,58.64256242,0.));
#7194=CARTESIAN_POINT('',(63.79093668,58.72833314,-1.189));
#7195=CARTESIAN_POINT('',(64.07368694,58.64256242,-1.189));
#7196=CARTESIAN_POINT('',(63.79093668,58.72833314,0.41148));
#7197=CARTESIAN_POINT('',(63.79093668,58.72833314,0.));
#7198=CARTESIAN_POINT('',(64.07368694,58.64256242,0.41148));
#7199=CARTESIAN_POINT('Origin',(63.79093668,58.72833314,0.));
#7200=CARTESIAN_POINT('',(63.49688596,58.75003744,-1.189));
#7201=CARTESIAN_POINT('',(63.79093668,58.72833314,-1.189));
#7202=CARTESIAN_POINT('',(63.49688596,58.75003744,0.41148));
#7203=CARTESIAN_POINT('',(63.49688596,58.75003744,0.));
#7204=CARTESIAN_POINT('',(63.79093668,58.72833314,0.41148));
#7205=CARTESIAN_POINT('Origin',(63.49688596,58.75003744,0.));
#7206=CARTESIAN_POINT('',(57.50003994,58.74278066,-1.189));
#7207=CARTESIAN_POINT('',(63.49688596,58.75003744,-1.189));
#7208=CARTESIAN_POINT('',(57.50003994,58.74278066,0.41148));
#7209=CARTESIAN_POINT('',(57.50003994,58.74278066,0.));
#7210=CARTESIAN_POINT('',(63.49688596,58.75003744,0.41148));
#7211=CARTESIAN_POINT('Origin',(57.50003994,58.74278066,0.));
#7212=CARTESIAN_POINT('',(57.20598922,58.77174174,-1.189));
#7213=CARTESIAN_POINT('',(57.50003994,58.74278066,-1.189));
#7214=CARTESIAN_POINT('',(57.20598922,58.77174174,0.41148));
#7215=CARTESIAN_POINT('',(57.20598922,58.77174174,0.));
#7216=CARTESIAN_POINT('',(57.50003994,58.74278066,0.41148));
#7217=CARTESIAN_POINT('Origin',(57.20598922,58.77174174,0.));
#7218=CARTESIAN_POINT('',(56.92323896,58.85751246,-1.189));
#7219=CARTESIAN_POINT('',(57.20598922,58.77174174,-1.189));
#7220=CARTESIAN_POINT('',(56.92323896,58.85751246,0.41148));
#7221=CARTESIAN_POINT('',(56.92323896,58.85751246,0.));
#7222=CARTESIAN_POINT('',(57.20598922,58.77174174,0.41148));
#7223=CARTESIAN_POINT('Origin',(56.92323896,58.85751246,0.));
#7224=CARTESIAN_POINT('',(56.66265274,58.99679844,-1.189));
#7225=CARTESIAN_POINT('',(56.92323896,58.85751246,-1.189));
#7226=CARTESIAN_POINT('',(56.66265274,58.99679844,0.41148));
#7227=CARTESIAN_POINT('',(56.66265274,58.99679844,0.));
#7228=CARTESIAN_POINT('',(56.92323896,58.85751246,0.41148));
#7229=CARTESIAN_POINT('Origin',(56.66265274,58.99679844,0.));
#7230=CARTESIAN_POINT('',(56.43424832,59.18424536,-1.189));
#7231=CARTESIAN_POINT('',(56.66265274,58.99679844,-1.189));
#7232=CARTESIAN_POINT('',(56.43424832,59.18424536,0.41148));
#7233=CARTESIAN_POINT('',(56.43424832,59.18424536,0.));
#7234=CARTESIAN_POINT('',(56.66265274,58.99679844,0.41148));
#7235=CARTESIAN_POINT('Origin',(56.43424832,59.18424536,0.));
#7236=CARTESIAN_POINT('',(56.2468014,59.41264978,-1.189));
#7237=CARTESIAN_POINT('',(56.43424832,59.18424536,-1.189));
#7238=CARTESIAN_POINT('',(56.2468014,59.41264978,0.41148));
#7239=CARTESIAN_POINT('',(56.2468014,59.41264978,0.));
#7240=CARTESIAN_POINT('',(56.43424832,59.18424536,0.41148));
#7241=CARTESIAN_POINT('Origin',(56.2468014,59.41264978,0.));
#7242=CARTESIAN_POINT('',(56.10751542,59.673236,-1.189));
#7243=CARTESIAN_POINT('',(56.2468014,59.41264978,-1.189));
#7244=CARTESIAN_POINT('',(56.10751542,59.673236,0.41148));
#7245=CARTESIAN_POINT('',(56.10751542,59.673236,0.));
#7246=CARTESIAN_POINT('',(56.2468014,59.41264978,0.41148));
#7247=CARTESIAN_POINT('Origin',(56.10751542,59.673236,0.));
#7248=CARTESIAN_POINT('',(56.0217447,59.95598626,-1.189));
#7249=CARTESIAN_POINT('',(56.10751542,59.673236,-1.189));
#7250=CARTESIAN_POINT('',(56.0217447,59.95598626,0.41148));
#7251=CARTESIAN_POINT('',(56.0217447,59.95598626,0.));
#7252=CARTESIAN_POINT('',(56.10751542,59.673236,0.41148));
#7253=CARTESIAN_POINT('Origin',(56.0217447,59.95598626,0.));
#7254=CARTESIAN_POINT('',(56.0000404,60.25003698,-1.189));
#7255=CARTESIAN_POINT('',(56.0217447,59.95598626,-1.189));
#7256=CARTESIAN_POINT('',(56.0000404,60.25003698,0.41148));
#7257=CARTESIAN_POINT('',(56.0000404,60.25003698,0.));
#7258=CARTESIAN_POINT('',(56.0217447,59.95598626,0.41148));
#7259=CARTESIAN_POINT('Origin',(56.0000404,60.25003698,0.));
#7260=CARTESIAN_POINT('',(56.01085572,61.50003448,-1.189));
#7261=CARTESIAN_POINT('',(56.0000404,60.25003698,-1.189));
#7262=CARTESIAN_POINT('',(56.01085572,61.50003448,0.41148));
#7263=CARTESIAN_POINT('',(56.01085572,61.50003448,0.));
#7264=CARTESIAN_POINT('',(56.0000404,60.25003698,0.41148));
#7265=CARTESIAN_POINT('Origin',(56.01085572,61.50003448,0.));
#7266=CARTESIAN_POINT('',(55.96763254,62.04924852,-1.189));
#7267=CARTESIAN_POINT('',(56.01085572,61.50003448,-1.189));
#7268=CARTESIAN_POINT('',(55.96763254,62.04924852,0.41148));
#7269=CARTESIAN_POINT('',(55.96763254,62.04924852,0.));
#7270=CARTESIAN_POINT('',(56.01085572,61.50003448,0.41148));
#7271=CARTESIAN_POINT('Origin',(55.96763254,62.04924852,0.));
#7272=CARTESIAN_POINT('',(55.83902472,62.5849396,-1.189));
#7273=CARTESIAN_POINT('',(55.96763254,62.04924852,-1.189));
#7274=CARTESIAN_POINT('',(55.83902472,62.5849396,0.41148));
#7275=CARTESIAN_POINT('',(55.83902472,62.5849396,0.));
#7276=CARTESIAN_POINT('',(55.96763254,62.04924852,0.41148));
#7277=CARTESIAN_POINT('Origin',(55.83902472,62.5849396,0.));
#7278=CARTESIAN_POINT('',(55.62819964,63.09391496,-1.189));
#7279=CARTESIAN_POINT('',(55.83902472,62.5849396,-1.189));
#7280=CARTESIAN_POINT('',(55.62819964,63.09391496,0.41148));
#7281=CARTESIAN_POINT('',(55.62819964,63.09391496,0.));
#7282=CARTESIAN_POINT('',(55.83902472,62.5849396,0.41148));
#7283=CARTESIAN_POINT('Origin',(55.62819964,63.09391496,0.));
#7284=CARTESIAN_POINT('',(55.34034652,63.56364732,-1.189));
#7285=CARTESIAN_POINT('',(55.62819964,63.09391496,-1.189));
#7286=CARTESIAN_POINT('',(55.34034652,63.56364732,0.41148));
#7287=CARTESIAN_POINT('',(55.34034652,63.56364732,0.));
#7288=CARTESIAN_POINT('',(55.62819964,63.09391496,0.41148));
#7289=CARTESIAN_POINT('Origin',(55.34034652,63.56364732,0.));
#7290=CARTESIAN_POINT('',(54.98255958,63.98256444,-1.189));
#7291=CARTESIAN_POINT('',(55.34034652,63.56364732,-1.189));
#7292=CARTESIAN_POINT('',(54.98255958,63.98256444,0.41148));
#7293=CARTESIAN_POINT('',(54.98255958,63.98256444,0.));
#7294=CARTESIAN_POINT('',(55.34034652,63.56364732,0.41148));
#7295=CARTESIAN_POINT('Origin',(54.98255958,63.98256444,0.));
#7296=CARTESIAN_POINT('',(54.56364246,64.34035138,-1.189));
#7297=CARTESIAN_POINT('',(54.98255958,63.98256444,-1.189));
#7298=CARTESIAN_POINT('',(54.56364246,64.34035138,0.41148));
#7299=CARTESIAN_POINT('',(54.56364246,64.34035138,0.));
#7300=CARTESIAN_POINT('',(54.98255958,63.98256444,0.41148));
#7301=CARTESIAN_POINT('Origin',(54.56364246,64.34035138,0.));
#7302=CARTESIAN_POINT('',(54.0939101,64.6282045,-1.189));
#7303=CARTESIAN_POINT('',(54.56364246,64.34035138,-1.189));
#7304=CARTESIAN_POINT('',(54.0939101,64.6282045,0.41148));
#7305=CARTESIAN_POINT('',(54.0939101,64.6282045,0.));
#7306=CARTESIAN_POINT('',(54.56364246,64.34035138,0.41148));
#7307=CARTESIAN_POINT('Origin',(54.0939101,64.6282045,0.));
#7308=CARTESIAN_POINT('',(53.58493474,64.83902958,-1.189));
#7309=CARTESIAN_POINT('',(54.0939101,64.6282045,-1.189));
#7310=CARTESIAN_POINT('',(53.58493474,64.83902958,0.41148));
#7311=CARTESIAN_POINT('',(53.58493474,64.83902958,0.));
#7312=CARTESIAN_POINT('',(54.0939101,64.6282045,0.41148));
#7313=CARTESIAN_POINT('Origin',(53.58493474,64.83902958,0.));
#7314=CARTESIAN_POINT('',(53.04924366,64.9676374,-1.189));
#7315=CARTESIAN_POINT('',(53.58493474,64.83902958,-1.189));
#7316=CARTESIAN_POINT('',(53.04924366,64.9676374,0.41148));
#7317=CARTESIAN_POINT('',(53.04924366,64.9676374,0.));
#7318=CARTESIAN_POINT('',(53.58493474,64.83902958,0.41148));
#7319=CARTESIAN_POINT('Origin',(53.04924366,64.9676374,0.));
#7320=CARTESIAN_POINT('',(52.50002962,65.0000351,-1.189));
#7321=CARTESIAN_POINT('',(53.04924366,64.9676374,-1.189));
#7322=CARTESIAN_POINT('',(52.50002962,65.0000351,0.41148));
#7323=CARTESIAN_POINT('',(52.50002962,65.0000351,0.));
#7324=CARTESIAN_POINT('',(53.04924366,64.9676374,0.41148));
#7325=CARTESIAN_POINT('Origin',(52.50002962,65.0000351,0.));
#7326=CARTESIAN_POINT('',(3.50000316,65.01086058,-1.189));
#7327=CARTESIAN_POINT('',(52.50002962,65.0000351,-1.189));
#7328=CARTESIAN_POINT('',(3.50000316,65.01086058,0.41148));
#7329=CARTESIAN_POINT('',(3.50000316,65.01086058,0.));
#7330=CARTESIAN_POINT('',(52.50002962,65.0000351,0.41148));
#7331=CARTESIAN_POINT('Origin',(3.50000316,65.01086058,0.));
#7332=CARTESIAN_POINT('',(2.95078912,64.9676374,-1.189));
#7333=CARTESIAN_POINT('',(3.50000316,65.01086058,-1.189));
#7334=CARTESIAN_POINT('',(2.95078912,64.9676374,0.41148));
#7335=CARTESIAN_POINT('',(2.95078912,64.9676374,0.));
#7336=CARTESIAN_POINT('',(3.50000316,65.01086058,0.41148));
#7337=CARTESIAN_POINT('Origin',(2.95078912,64.9676374,0.));
#7338=CARTESIAN_POINT('',(2.41509804,64.83902958,-1.189));
#7339=CARTESIAN_POINT('',(2.95078912,64.9676374,-1.189));
#7340=CARTESIAN_POINT('',(2.41509804,64.83902958,0.41148));
#7341=CARTESIAN_POINT('',(2.41509804,64.83902958,0.));
#7342=CARTESIAN_POINT('',(2.95078912,64.9676374,0.41148));
#7343=CARTESIAN_POINT('Origin',(2.41509804,64.83902958,0.));
#7344=CARTESIAN_POINT('',(1.90612268,64.6282045,-1.189));
#7345=CARTESIAN_POINT('',(2.41509804,64.83902958,-1.189));
#7346=CARTESIAN_POINT('',(1.90612268,64.6282045,0.41148));
#7347=CARTESIAN_POINT('',(1.90612268,64.6282045,0.));
#7348=CARTESIAN_POINT('',(2.41509804,64.83902958,0.41148));
#7349=CARTESIAN_POINT('Origin',(1.90612268,64.6282045,0.));
#7350=CARTESIAN_POINT('',(1.43639032,64.34035138,-1.189));
#7351=CARTESIAN_POINT('',(1.90612268,64.6282045,-1.189));
#7352=CARTESIAN_POINT('',(1.43639032,64.34035138,0.41148));
#7353=CARTESIAN_POINT('',(1.43639032,64.34035138,0.));
#7354=CARTESIAN_POINT('',(1.90612268,64.6282045,0.41148));
#7355=CARTESIAN_POINT('Origin',(1.43639032,64.34035138,0.));
#7356=CARTESIAN_POINT('',(1.0174732,63.98256444,-1.189));
#7357=CARTESIAN_POINT('',(1.43639032,64.34035138,-1.189));
#7358=CARTESIAN_POINT('',(1.0174732,63.98256444,0.41148));
#7359=CARTESIAN_POINT('',(1.0174732,63.98256444,0.));
#7360=CARTESIAN_POINT('',(1.43639032,64.34035138,0.41148));
#7361=CARTESIAN_POINT('Origin',(1.0174732,63.98256444,0.));
#7362=CARTESIAN_POINT('',(0.65968626,63.56364732,-1.189));
#7363=CARTESIAN_POINT('',(1.0174732,63.98256444,-1.189));
#7364=CARTESIAN_POINT('',(0.65968626,63.56364732,0.41148));
#7365=CARTESIAN_POINT('',(0.65968626,63.56364732,0.));
#7366=CARTESIAN_POINT('',(1.0174732,63.98256444,0.41148));
#7367=CARTESIAN_POINT('Origin',(0.65968626,63.56364732,0.));
#7368=CARTESIAN_POINT('',(0.37183314,63.09391496,-1.189));
#7369=CARTESIAN_POINT('',(0.65968626,63.56364732,-1.189));
#7370=CARTESIAN_POINT('',(0.37183314,63.09391496,0.41148));
#7371=CARTESIAN_POINT('',(0.37183314,63.09391496,0.));
#7372=CARTESIAN_POINT('',(0.65968626,63.56364732,0.41148));
#7373=CARTESIAN_POINT('Origin',(0.37183314,63.09391496,0.));
#7374=CARTESIAN_POINT('',(0.16100806,62.5849396,-1.189));
#7375=CARTESIAN_POINT('',(0.37183314,63.09391496,-1.189));
#7376=CARTESIAN_POINT('',(0.16100806,62.5849396,0.41148));
#7377=CARTESIAN_POINT('',(0.16100806,62.5849396,0.));
#7378=CARTESIAN_POINT('',(0.37183314,63.09391496,0.41148));
#7379=CARTESIAN_POINT('Origin',(0.16100806,62.5849396,0.));
#7380=CARTESIAN_POINT('',(0.03240023999999,62.04924852,-1.189));
#7381=CARTESIAN_POINT('',(0.16100806,62.5849396,-1.189));
#7382=CARTESIAN_POINT('',(0.03240023999999,62.04924852,0.41148));
#7383=CARTESIAN_POINT('',(0.03240023999999,62.04924852,0.));
#7384=CARTESIAN_POINT('',(0.16100806,62.5849396,0.41148));
#7385=CARTESIAN_POINT('Origin',(0.03240023999999,62.04924852,0.));
#7386=CARTESIAN_POINT('',(4.85149728710162E-29,61.50003448,-1.189));
#7387=CARTESIAN_POINT('',(0.03240023999999,62.04924852,-1.189));
#7388=CARTESIAN_POINT('',(0.,61.50003448,0.41148));
#7389=CARTESIAN_POINT('',(0.,61.50003448,0.));
#7390=CARTESIAN_POINT('',(0.03240023999999,62.04924852,0.41148));
#7391=CARTESIAN_POINT('Origin',(0.,61.50003448,0.));
#7392=CARTESIAN_POINT('',(4.85149728710162E-29,61.50003448,-1.189));
#7393=CARTESIAN_POINT('',(0.,61.50003448,0.41148));
#7394=CARTESIAN_POINT('Origin',(25.77499036,1.32751576,0.));
#7395=CARTESIAN_POINT('',(25.77499036,1.32751576,-1.189));
#7396=CARTESIAN_POINT('',(25.77499036,1.32751576,0.41148));
#7397=CARTESIAN_POINT('',(25.77499036,1.32751576,0.));
#7398=CARTESIAN_POINT('',(25.77499036,2.12751416,0.41148));
#7399=CARTESIAN_POINT('',(25.77499036,1.32751576,0.41148));
#7400=CARTESIAN_POINT('',(25.77499036,2.12751416,-1.189));
#7401=CARTESIAN_POINT('',(25.77499036,2.12751416,0.));
#7402=CARTESIAN_POINT('',(25.77499036,1.32751576,-1.189));
#7403=CARTESIAN_POINT('Origin',(25.52499086,2.12751416,0.));
#7404=CARTESIAN_POINT('',(25.27499136,2.12751416,0.41148));
#7405=CARTESIAN_POINT('Origin',(25.52499086,2.12751416,0.41148));
#7406=CARTESIAN_POINT('',(25.27499136,2.12751416,-1.189));
#7407=CARTESIAN_POINT('',(25.27499136,2.12751416,0.));
#7408=CARTESIAN_POINT('Origin',(25.52499086,2.12751416,-1.189));
#7409=CARTESIAN_POINT('Origin',(25.27499136,2.12751416,0.));
#7410=CARTESIAN_POINT('',(25.27499136,1.32751576,0.41148));
#7411=CARTESIAN_POINT('',(25.27499136,2.12751416,0.41148));
#7412=CARTESIAN_POINT('',(25.27499136,1.32751576,-1.189));
#7413=CARTESIAN_POINT('',(25.27499136,1.32751576,0.));
#7414=CARTESIAN_POINT('',(25.27499136,2.12751416,-1.189));
#7415=CARTESIAN_POINT('Origin',(25.52499086,1.32751576,0.));
#7416=CARTESIAN_POINT('Origin',(25.52499086,1.32751576,0.41148));
#7417=CARTESIAN_POINT('Origin',(25.52499086,1.32751576,-1.189));
#7418=CARTESIAN_POINT('Origin',(3.50000062,3.50003618,0.));
#7419=CARTESIAN_POINT('',(2.00000108,3.50003618,0.41148));
#7420=CARTESIAN_POINT('Origin',(3.50000062,3.50003618,0.41148));
#7421=CARTESIAN_POINT('',(2.00000108,3.50003618,-1.189));
#7422=CARTESIAN_POINT('',(2.00000108,3.50003618,0.));
#7423=CARTESIAN_POINT('Origin',(3.50000062,3.50003618,-1.189));
#7424=CARTESIAN_POINT('Origin',(25.77499036,5.30749256,0.));
#7425=CARTESIAN_POINT('',(25.77499036,5.30749256,-1.189));
#7426=CARTESIAN_POINT('',(25.77499036,5.30749256,0.41148));
#7427=CARTESIAN_POINT('',(25.77499036,5.30749256,0.));
#7428=CARTESIAN_POINT('',(25.77499036,6.50749016,0.41148));
#7429=CARTESIAN_POINT('',(25.77499036,5.30749256,0.41148));
#7430=CARTESIAN_POINT('',(25.77499036,6.50749016,-1.189));
#7431=CARTESIAN_POINT('',(25.77499036,6.50749016,0.));
#7432=CARTESIAN_POINT('',(25.77499036,5.30749256,-1.189));
#7433=CARTESIAN_POINT('Origin',(25.52499086,6.50749016,0.));
#7434=CARTESIAN_POINT('',(25.27499136,6.50749016,0.41148));
#7435=CARTESIAN_POINT('Origin',(25.52499086,6.50749016,0.41148));
#7436=CARTESIAN_POINT('',(25.27499136,6.50749016,-1.189));
#7437=CARTESIAN_POINT('',(25.27499136,6.50749016,0.));
#7438=CARTESIAN_POINT('Origin',(25.52499086,6.50749016,-1.189));
#7439=CARTESIAN_POINT('Origin',(25.27499136,6.50749016,0.));
#7440=CARTESIAN_POINT('',(25.27499136,5.30749256,0.41148));
#7441=CARTESIAN_POINT('',(25.27499136,6.50749016,0.41148));
#7442=CARTESIAN_POINT('',(25.27499136,5.30749256,-1.189));
#7443=CARTESIAN_POINT('',(25.27499136,5.30749256,0.));
#7444=CARTESIAN_POINT('',(25.27499136,6.50749016,-1.189));
#7445=CARTESIAN_POINT('Origin',(25.52499086,5.30749256,0.));
#7446=CARTESIAN_POINT('Origin',(25.52499086,5.30749256,0.41148));
#7447=CARTESIAN_POINT('Origin',(25.52499086,5.30749256,-1.189));
#7448=CARTESIAN_POINT('Origin',(32.7400031,5.4075076,0.));
#7449=CARTESIAN_POINT('',(32.3590031,5.4075076,0.41148));
#7450=CARTESIAN_POINT('Origin',(32.7400031,5.4075076,0.41148));
#7451=CARTESIAN_POINT('',(32.3590031,5.4075076,-1.189));
#7452=CARTESIAN_POINT('',(32.3590031,5.4075076,0.));
#7453=CARTESIAN_POINT('Origin',(32.7400031,5.4075076,-1.189));
#7454=CARTESIAN_POINT('Origin',(34.42501116,1.32751576,0.));
#7455=CARTESIAN_POINT('',(34.42501116,1.32751576,-1.189));
#7456=CARTESIAN_POINT('',(34.42501116,1.32751576,0.41148));
#7457=CARTESIAN_POINT('',(34.42501116,1.32751576,0.));
#7458=CARTESIAN_POINT('',(34.42501116,2.12751416,0.41148));
#7459=CARTESIAN_POINT('',(34.42501116,1.32751576,0.41148));
#7460=CARTESIAN_POINT('',(34.42501116,2.12751416,-1.189));
#7461=CARTESIAN_POINT('',(34.42501116,2.12751416,0.));
#7462=CARTESIAN_POINT('',(34.42501116,1.32751576,-1.189));
#7463=CARTESIAN_POINT('Origin',(34.17501166,2.12751416,0.));
#7464=CARTESIAN_POINT('',(33.92501216,2.12751416,0.41148));
#7465=CARTESIAN_POINT('Origin',(34.17501166,2.12751416,0.41148));
#7466=CARTESIAN_POINT('',(33.92501216,2.12751416,-1.189));
#7467=CARTESIAN_POINT('',(33.92501216,2.12751416,0.));
#7468=CARTESIAN_POINT('Origin',(34.17501166,2.12751416,-1.189));
#7469=CARTESIAN_POINT('Origin',(33.92501216,2.12751416,0.));
#7470=CARTESIAN_POINT('',(33.92501216,1.32751576,0.41148));
#7471=CARTESIAN_POINT('',(33.92501216,2.12751416,0.41148));
#7472=CARTESIAN_POINT('',(33.92501216,1.32751576,-1.189));
#7473=CARTESIAN_POINT('',(33.92501216,1.32751576,0.));
#7474=CARTESIAN_POINT('',(33.92501216,2.12751416,-1.189));
#7475=CARTESIAN_POINT('Origin',(34.17501166,1.32751576,0.));
#7476=CARTESIAN_POINT('Origin',(34.17501166,1.32751576,0.41148));
#7477=CARTESIAN_POINT('Origin',(34.17501166,1.32751576,-1.189));
#7478=CARTESIAN_POINT('Origin',(26.9600045,5.4075076,0.));
#7479=CARTESIAN_POINT('',(26.5790045,5.4075076,0.41148));
#7480=CARTESIAN_POINT('Origin',(26.9600045,5.4075076,0.41148));
#7481=CARTESIAN_POINT('',(26.5790045,5.4075076,-1.189));
#7482=CARTESIAN_POINT('',(26.5790045,5.4075076,0.));
#7483=CARTESIAN_POINT('Origin',(26.9600045,5.4075076,-1.189));
#7484=CARTESIAN_POINT('Origin',(34.42501116,5.30749256,0.));
#7485=CARTESIAN_POINT('',(34.42501116,5.30749256,-1.189));
#7486=CARTESIAN_POINT('',(34.42501116,5.30749256,0.41148));
#7487=CARTESIAN_POINT('',(34.42501116,5.30749256,0.));
#7488=CARTESIAN_POINT('',(34.42501116,6.50749016,0.41148));
#7489=CARTESIAN_POINT('',(34.42501116,5.30749256,0.41148));
#7490=CARTESIAN_POINT('',(34.42501116,6.50749016,-1.189));
#7491=CARTESIAN_POINT('',(34.42501116,6.50749016,0.));
#7492=CARTESIAN_POINT('',(34.42501116,5.30749256,-1.189));
#7493=CARTESIAN_POINT('Origin',(34.17501166,6.50749016,0.));
#7494=CARTESIAN_POINT('',(33.92501216,6.50749016,0.41148));
#7495=CARTESIAN_POINT('Origin',(34.17501166,6.50749016,0.41148));
#7496=CARTESIAN_POINT('',(33.92501216,6.50749016,-1.189));
#7497=CARTESIAN_POINT('',(33.92501216,6.50749016,0.));
#7498=CARTESIAN_POINT('Origin',(34.17501166,6.50749016,-1.189));
#7499=CARTESIAN_POINT('Origin',(33.92501216,6.50749016,0.));
#7500=CARTESIAN_POINT('',(33.92501216,5.30749256,0.41148));
#7501=CARTESIAN_POINT('',(33.92501216,6.50749016,0.41148));
#7502=CARTESIAN_POINT('',(33.92501216,5.30749256,-1.189));
#7503=CARTESIAN_POINT('',(33.92501216,5.30749256,0.));
#7504=CARTESIAN_POINT('',(33.92501216,6.50749016,-1.189));
#7505=CARTESIAN_POINT('Origin',(34.17501166,5.30749256,0.));
#7506=CARTESIAN_POINT('Origin',(34.17501166,5.30749256,0.41148));
#7507=CARTESIAN_POINT('Origin',(34.17501166,5.30749256,-1.189));
#7508=CARTESIAN_POINT('Origin',(3.70000022,9.29999918,0.));
#7509=CARTESIAN_POINT('',(3.70000022,9.29999918,-1.189));
#7510=CARTESIAN_POINT('',(3.70000022,9.29999918,0.41148));
#7511=CARTESIAN_POINT('',(3.70000022,9.29999918,0.));
#7512=CARTESIAN_POINT('',(4.09999942,9.29999918,0.41148));
#7513=CARTESIAN_POINT('',(3.70000022,9.29999918,0.41148));
#7514=CARTESIAN_POINT('',(4.09999942,9.29999918,-1.189));
#7515=CARTESIAN_POINT('',(4.09999942,9.29999918,0.));
#7516=CARTESIAN_POINT('',(3.70000022,9.29999918,-1.189));
#7517=CARTESIAN_POINT('Origin',(4.09999942,9.84999808,0.));
#7518=CARTESIAN_POINT('',(4.09999942,10.39999698,0.41148));
#7519=CARTESIAN_POINT('Origin',(4.09999942,9.84999808,0.41148));
#7520=CARTESIAN_POINT('',(4.09999942,10.39999698,-1.189));
#7521=CARTESIAN_POINT('',(4.09999942,10.39999698,0.));
#7522=CARTESIAN_POINT('Origin',(4.09999942,9.84999808,-1.189));
#7523=CARTESIAN_POINT('Origin',(4.09999942,10.39999698,0.));
#7524=CARTESIAN_POINT('',(3.70000022,10.39999698,0.41148));
#7525=CARTESIAN_POINT('',(4.09999942,10.39999698,0.41148));
#7526=CARTESIAN_POINT('',(3.70000022,10.39999698,-1.189));
#7527=CARTESIAN_POINT('',(3.70000022,10.39999698,0.));
#7528=CARTESIAN_POINT('',(4.09999942,10.39999698,-1.189));
#7529=CARTESIAN_POINT('Origin',(3.70000022,9.84999808,0.));
#7530=CARTESIAN_POINT('Origin',(3.70000022,9.84999808,0.41148));
#7531=CARTESIAN_POINT('Origin',(3.70000022,9.84999808,-1.189));
#7532=CARTESIAN_POINT('Origin',(3.70000022,18.9000003,0.));
#7533=CARTESIAN_POINT('',(3.70000022,18.9000003,-1.189));
#7534=CARTESIAN_POINT('',(3.70000022,18.9000003,0.41148));
#7535=CARTESIAN_POINT('',(3.70000022,18.9000003,0.));
#7536=CARTESIAN_POINT('',(4.09999942,18.9000003,0.41148));
#7537=CARTESIAN_POINT('',(3.70000022,18.9000003,0.41148));
#7538=CARTESIAN_POINT('',(4.09999942,18.9000003,-1.189));
#7539=CARTESIAN_POINT('',(4.09999942,18.9000003,0.));
#7540=CARTESIAN_POINT('',(3.70000022,18.9000003,-1.189));
#7541=CARTESIAN_POINT('Origin',(4.09999942,19.4499992,0.));
#7542=CARTESIAN_POINT('',(4.09999942,19.9999981,0.41148));
#7543=CARTESIAN_POINT('Origin',(4.09999942,19.4499992,0.41148));
#7544=CARTESIAN_POINT('',(4.09999942,19.9999981,-1.189));
#7545=CARTESIAN_POINT('',(4.09999942,19.9999981,0.));
#7546=CARTESIAN_POINT('Origin',(4.09999942,19.4499992,-1.189));
#7547=CARTESIAN_POINT('Origin',(4.09999942,19.9999981,0.));
#7548=CARTESIAN_POINT('',(3.70000022,19.9999981,0.41148));
#7549=CARTESIAN_POINT('',(4.09999942,19.9999981,0.41148));
#7550=CARTESIAN_POINT('',(3.70000022,19.9999981,-1.189));
#7551=CARTESIAN_POINT('',(3.70000022,19.9999981,0.));
#7552=CARTESIAN_POINT('',(4.09999942,19.9999981,-1.189));
#7553=CARTESIAN_POINT('Origin',(3.70000022,19.4499992,0.));
#7554=CARTESIAN_POINT('Origin',(3.70000022,19.4499992,0.41148));
#7555=CARTESIAN_POINT('Origin',(3.70000022,19.4499992,-1.189));
#7556=CARTESIAN_POINT('Origin',(3.70000022,14.10000228,0.));
#7557=CARTESIAN_POINT('',(3.70000022,14.10000228,-1.189));
#7558=CARTESIAN_POINT('',(3.70000022,14.10000228,0.41148));
#7559=CARTESIAN_POINT('',(3.70000022,14.10000228,0.));
#7560=CARTESIAN_POINT('',(4.09999942,14.10000228,0.41148));
#7561=CARTESIAN_POINT('',(3.70000022,14.10000228,0.41148));
#7562=CARTESIAN_POINT('',(4.09999942,14.10000228,-1.189));
#7563=CARTESIAN_POINT('',(4.09999942,14.10000228,0.));
#7564=CARTESIAN_POINT('',(3.70000022,14.10000228,-1.189));
#7565=CARTESIAN_POINT('Origin',(4.09999942,14.65000118,0.));
#7566=CARTESIAN_POINT('',(4.09999942,15.20000008,0.41148));
#7567=CARTESIAN_POINT('Origin',(4.09999942,14.65000118,0.41148));
#7568=CARTESIAN_POINT('',(4.09999942,15.20000008,-1.189));
#7569=CARTESIAN_POINT('',(4.09999942,15.20000008,0.));
#7570=CARTESIAN_POINT('Origin',(4.09999942,14.65000118,-1.189));
#7571=CARTESIAN_POINT('Origin',(4.09999942,15.20000008,0.));
#7572=CARTESIAN_POINT('',(3.70000022,15.20000008,0.41148));
#7573=CARTESIAN_POINT('',(4.09999942,15.20000008,0.41148));
#7574=CARTESIAN_POINT('',(3.70000022,15.20000008,-1.189));
#7575=CARTESIAN_POINT('',(3.70000022,15.20000008,0.));
#7576=CARTESIAN_POINT('',(4.09999942,15.20000008,-1.189));
#7577=CARTESIAN_POINT('Origin',(3.70000022,14.65000118,0.));
#7578=CARTESIAN_POINT('Origin',(3.70000022,14.65000118,0.41148));
#7579=CARTESIAN_POINT('Origin',(3.70000022,14.65000118,-1.189));
#7580=CARTESIAN_POINT('Origin',(25.2000004,25.66000202,0.));
#7581=CARTESIAN_POINT('',(24.7555004,25.66000202,0.41148));
#7582=CARTESIAN_POINT('Origin',(25.2000004,25.66000202,0.41148));
#7583=CARTESIAN_POINT('',(24.7555004,25.66000202,-1.189));
#7584=CARTESIAN_POINT('',(24.7555004,25.66000202,0.));
#7585=CARTESIAN_POINT('Origin',(25.2000004,25.66000202,-1.189));
#7586=CARTESIAN_POINT('Origin',(25.2000004,23.12000202,0.));
#7587=CARTESIAN_POINT('',(24.7555004,23.12000202,0.41148));
#7588=CARTESIAN_POINT('Origin',(25.2000004,23.12000202,0.41148));
#7589=CARTESIAN_POINT('',(24.7555004,23.12000202,-1.189));
#7590=CARTESIAN_POINT('',(24.7555004,23.12000202,0.));
#7591=CARTESIAN_POINT('Origin',(25.2000004,23.12000202,-1.189));
#7592=CARTESIAN_POINT('Origin',(15.3500074,25.85000418,0.));
#7593=CARTESIAN_POINT('',(14.8500084,25.85000418,0.41148));
#7594=CARTESIAN_POINT('Origin',(15.3500074,25.85000418,0.41148));
#7595=CARTESIAN_POINT('',(14.8500084,25.85000418,-1.189));
#7596=CARTESIAN_POINT('',(14.8500084,25.85000418,0.));
#7597=CARTESIAN_POINT('Origin',(15.3500074,25.85000418,-1.189));
#7598=CARTESIAN_POINT('Origin',(17.8500024,25.85000418,0.));
#7599=CARTESIAN_POINT('',(17.3500034,25.85000418,0.41148));
#7600=CARTESIAN_POINT('Origin',(17.8500024,25.85000418,0.41148));
#7601=CARTESIAN_POINT('',(17.3500034,25.85000418,-1.189));
#7602=CARTESIAN_POINT('',(17.3500034,25.85000418,0.));
#7603=CARTESIAN_POINT('Origin',(17.8500024,25.85000418,-1.189));
#7604=CARTESIAN_POINT('Origin',(40.1749895,1.32751576,0.));
#7605=CARTESIAN_POINT('',(40.1749895,1.32751576,-1.189));
#7606=CARTESIAN_POINT('',(40.1749895,1.32751576,0.41148));
#7607=CARTESIAN_POINT('',(40.1749895,1.32751576,0.));
#7608=CARTESIAN_POINT('',(40.1749895,2.12751416,0.41148));
#7609=CARTESIAN_POINT('',(40.1749895,1.32751576,0.41148));
#7610=CARTESIAN_POINT('',(40.1749895,2.12751416,-1.189));
#7611=CARTESIAN_POINT('',(40.1749895,2.12751416,0.));
#7612=CARTESIAN_POINT('',(40.1749895,1.32751576,-1.189));
#7613=CARTESIAN_POINT('Origin',(39.92499,2.12751416,0.));
#7614=CARTESIAN_POINT('',(39.6749905,2.12751416,0.41148));
#7615=CARTESIAN_POINT('Origin',(39.92499,2.12751416,0.41148));
#7616=CARTESIAN_POINT('',(39.6749905,2.12751416,-1.189));
#7617=CARTESIAN_POINT('',(39.6749905,2.12751416,0.));
#7618=CARTESIAN_POINT('Origin',(39.92499,2.12751416,-1.189));
#7619=CARTESIAN_POINT('Origin',(39.6749905,2.12751416,0.));
#7620=CARTESIAN_POINT('',(39.6749905,1.32751576,0.41148));
#7621=CARTESIAN_POINT('',(39.6749905,2.12751416,0.41148));
#7622=CARTESIAN_POINT('',(39.6749905,1.32751576,-1.189));
#7623=CARTESIAN_POINT('',(39.6749905,1.32751576,0.));
#7624=CARTESIAN_POINT('',(39.6749905,2.12751416,-1.189));
#7625=CARTESIAN_POINT('Origin',(39.92499,1.32751576,0.));
#7626=CARTESIAN_POINT('Origin',(39.92499,1.32751576,0.41148));
#7627=CARTESIAN_POINT('Origin',(39.92499,1.32751576,-1.189));
#7628=CARTESIAN_POINT('Origin',(40.1749895,5.30749256,0.));
#7629=CARTESIAN_POINT('',(40.1749895,5.30749256,-1.189));
#7630=CARTESIAN_POINT('',(40.1749895,5.30749256,0.41148));
#7631=CARTESIAN_POINT('',(40.1749895,5.30749256,0.));
#7632=CARTESIAN_POINT('',(40.1749895,6.50749016,0.41148));
#7633=CARTESIAN_POINT('',(40.1749895,5.30749256,0.41148));
#7634=CARTESIAN_POINT('',(40.1749895,6.50749016,-1.189));
#7635=CARTESIAN_POINT('',(40.1749895,6.50749016,0.));
#7636=CARTESIAN_POINT('',(40.1749895,5.30749256,-1.189));
#7637=CARTESIAN_POINT('Origin',(39.92499,6.50749016,0.));
#7638=CARTESIAN_POINT('',(39.6749905,6.50749016,0.41148));
#7639=CARTESIAN_POINT('Origin',(39.92499,6.50749016,0.41148));
#7640=CARTESIAN_POINT('',(39.6749905,6.50749016,-1.189));
#7641=CARTESIAN_POINT('',(39.6749905,6.50749016,0.));
#7642=CARTESIAN_POINT('Origin',(39.92499,6.50749016,-1.189));
#7643=CARTESIAN_POINT('Origin',(39.6749905,6.50749016,0.));
#7644=CARTESIAN_POINT('',(39.6749905,5.30749256,0.41148));
#7645=CARTESIAN_POINT('',(39.6749905,6.50749016,0.41148));
#7646=CARTESIAN_POINT('',(39.6749905,5.30749256,-1.189));
#7647=CARTESIAN_POINT('',(39.6749905,5.30749256,0.));
#7648=CARTESIAN_POINT('',(39.6749905,6.50749016,-1.189));
#7649=CARTESIAN_POINT('Origin',(39.92499,5.30749256,0.));
#7650=CARTESIAN_POINT('Origin',(39.92499,5.30749256,0.41148));
#7651=CARTESIAN_POINT('Origin',(39.92499,5.30749256,-1.189));
#7652=CARTESIAN_POINT('Origin',(41.36000364,5.4075076,0.));
#7653=CARTESIAN_POINT('',(40.97900364,5.4075076,0.41148));
#7654=CARTESIAN_POINT('Origin',(41.36000364,5.4075076,0.41148));
#7655=CARTESIAN_POINT('',(40.97900364,5.4075076,-1.189));
#7656=CARTESIAN_POINT('',(40.97900364,5.4075076,0.));
#7657=CARTESIAN_POINT('Origin',(41.36000364,5.4075076,-1.189));
#7658=CARTESIAN_POINT('Origin',(48.8250103,1.32751576,0.));
#7659=CARTESIAN_POINT('',(48.8250103,1.32751576,-1.189));
#7660=CARTESIAN_POINT('',(48.8250103,1.32751576,0.41148));
#7661=CARTESIAN_POINT('',(48.8250103,1.32751576,0.));
#7662=CARTESIAN_POINT('',(48.8250103,2.12751416,0.41148));
#7663=CARTESIAN_POINT('',(48.8250103,1.32751576,0.41148));
#7664=CARTESIAN_POINT('',(48.8250103,2.12751416,-1.189));
#7665=CARTESIAN_POINT('',(48.8250103,2.12751416,0.));
#7666=CARTESIAN_POINT('',(48.8250103,1.32751576,-1.189));
#7667=CARTESIAN_POINT('Origin',(48.5750108,2.12751416,0.));
#7668=CARTESIAN_POINT('',(48.3250113,2.12751416,0.41148));
#7669=CARTESIAN_POINT('Origin',(48.5750108,2.12751416,0.41148));
#7670=CARTESIAN_POINT('',(48.3250113,2.12751416,-1.189));
#7671=CARTESIAN_POINT('',(48.3250113,2.12751416,0.));
#7672=CARTESIAN_POINT('Origin',(48.5750108,2.12751416,-1.189));
#7673=CARTESIAN_POINT('Origin',(48.3250113,2.12751416,0.));
#7674=CARTESIAN_POINT('',(48.3250113,1.32751576,0.41148));
#7675=CARTESIAN_POINT('',(48.3250113,2.12751416,0.41148));
#7676=CARTESIAN_POINT('',(48.3250113,1.32751576,-1.189));
#7677=CARTESIAN_POINT('',(48.3250113,1.32751576,0.));
#7678=CARTESIAN_POINT('',(48.3250113,2.12751416,-1.189));
#7679=CARTESIAN_POINT('Origin',(48.5750108,1.32751576,0.));
#7680=CARTESIAN_POINT('Origin',(48.5750108,1.32751576,0.41148));
#7681=CARTESIAN_POINT('Origin',(48.5750108,1.32751576,-1.189));
#7682=CARTESIAN_POINT('Origin',(52.49999914,3.50003618,0.));
#7683=CARTESIAN_POINT('',(50.9999996,3.50003618,0.41148));
#7684=CARTESIAN_POINT('Origin',(52.49999914,3.50003618,0.41148));
#7685=CARTESIAN_POINT('',(50.9999996,3.50003618,-1.189));
#7686=CARTESIAN_POINT('',(50.9999996,3.50003618,0.));
#7687=CARTESIAN_POINT('Origin',(52.49999914,3.50003618,-1.189));
#7688=CARTESIAN_POINT('Origin',(47.14000224,5.4075076,0.));
#7689=CARTESIAN_POINT('',(46.75900224,5.4075076,0.41148));
#7690=CARTESIAN_POINT('Origin',(47.14000224,5.4075076,0.41148));
#7691=CARTESIAN_POINT('',(46.75900224,5.4075076,-1.189));
#7692=CARTESIAN_POINT('',(46.75900224,5.4075076,0.));
#7693=CARTESIAN_POINT('Origin',(47.14000224,5.4075076,-1.189));
#7694=CARTESIAN_POINT('Origin',(48.8250103,5.30749256,0.));
#7695=CARTESIAN_POINT('',(48.8250103,5.30749256,-1.189));
#7696=CARTESIAN_POINT('',(48.8250103,5.30749256,0.41148));
#7697=CARTESIAN_POINT('',(48.8250103,5.30749256,0.));
#7698=CARTESIAN_POINT('',(48.8250103,6.50749016,0.41148));
#7699=CARTESIAN_POINT('',(48.8250103,5.30749256,0.41148));
#7700=CARTESIAN_POINT('',(48.8250103,6.50749016,-1.189));
#7701=CARTESIAN_POINT('',(48.8250103,6.50749016,0.));
#7702=CARTESIAN_POINT('',(48.8250103,5.30749256,-1.189));
#7703=CARTESIAN_POINT('Origin',(48.5750108,6.50749016,0.));
#7704=CARTESIAN_POINT('',(48.3250113,6.50749016,0.41148));
#7705=CARTESIAN_POINT('Origin',(48.5750108,6.50749016,0.41148));
#7706=CARTESIAN_POINT('',(48.3250113,6.50749016,-1.189));
#7707=CARTESIAN_POINT('',(48.3250113,6.50749016,0.));
#7708=CARTESIAN_POINT('Origin',(48.5750108,6.50749016,-1.189));
#7709=CARTESIAN_POINT('Origin',(48.3250113,6.50749016,0.));
#7710=CARTESIAN_POINT('',(48.3250113,5.30749256,0.41148));
#7711=CARTESIAN_POINT('',(48.3250113,6.50749016,0.41148));
#7712=CARTESIAN_POINT('',(48.3250113,5.30749256,-1.189));
#7713=CARTESIAN_POINT('',(48.3250113,5.30749256,0.));
#7714=CARTESIAN_POINT('',(48.3250113,6.50749016,-1.189));
#7715=CARTESIAN_POINT('Origin',(48.5750108,5.30749256,0.));
#7716=CARTESIAN_POINT('Origin',(48.5750108,5.30749256,0.41148));
#7717=CARTESIAN_POINT('Origin',(48.5750108,5.30749256,-1.189));
#7718=CARTESIAN_POINT('Origin',(51.33000148,18.33000144,0.));
#7719=CARTESIAN_POINT('',(50.88550148,18.33000144,0.41148));
#7720=CARTESIAN_POINT('Origin',(51.33000148,18.33000144,0.41148));
#7721=CARTESIAN_POINT('',(50.88550148,18.33000144,-1.189));
#7722=CARTESIAN_POINT('',(50.88550148,18.33000144,0.));
#7723=CARTESIAN_POINT('Origin',(51.33000148,18.33000144,-1.189));
#7724=CARTESIAN_POINT('Origin',(51.33000148,23.41000144,0.));
#7725=CARTESIAN_POINT('',(50.88550148,23.41000144,0.41148));
#7726=CARTESIAN_POINT('Origin',(51.33000148,23.41000144,0.41148));
#7727=CARTESIAN_POINT('',(50.88550148,23.41000144,-1.189));
#7728=CARTESIAN_POINT('',(50.88550148,23.41000144,0.));
#7729=CARTESIAN_POINT('Origin',(51.33000148,23.41000144,-1.189));
#7730=CARTESIAN_POINT('Origin',(51.33000148,20.87000144,0.));
#7731=CARTESIAN_POINT('',(50.88550148,20.87000144,0.41148));
#7732=CARTESIAN_POINT('Origin',(51.33000148,20.87000144,0.41148));
#7733=CARTESIAN_POINT('',(50.88550148,20.87000144,-1.189));
#7734=CARTESIAN_POINT('',(50.88550148,20.87000144,0.));
#7735=CARTESIAN_POINT('Origin',(51.33000148,20.87000144,-1.189));
#7736=CARTESIAN_POINT('Origin',(51.33000148,10.71000144,0.));
#7737=CARTESIAN_POINT('',(50.88550148,10.71000144,0.41148));
#7738=CARTESIAN_POINT('Origin',(51.33000148,10.71000144,0.41148));
#7739=CARTESIAN_POINT('',(50.88550148,10.71000144,-1.189));
#7740=CARTESIAN_POINT('',(50.88550148,10.71000144,0.));
#7741=CARTESIAN_POINT('Origin',(51.33000148,10.71000144,-1.189));
#7742=CARTESIAN_POINT('Origin',(51.33000148,8.17000144,0.));
#7743=CARTESIAN_POINT('',(50.88550148,8.17000144,0.41148));
#7744=CARTESIAN_POINT('Origin',(51.33000148,8.17000144,0.41148));
#7745=CARTESIAN_POINT('',(50.88550148,8.17000144,-1.189));
#7746=CARTESIAN_POINT('',(50.88550148,8.17000144,0.));
#7747=CARTESIAN_POINT('Origin',(51.33000148,8.17000144,-1.189));
#7748=CARTESIAN_POINT('Origin',(51.33000148,15.79000144,0.));
#7749=CARTESIAN_POINT('',(50.88550148,15.79000144,0.41148));
#7750=CARTESIAN_POINT('Origin',(51.33000148,15.79000144,0.41148));
#7751=CARTESIAN_POINT('',(50.88550148,15.79000144,-1.189));
#7752=CARTESIAN_POINT('',(50.88550148,15.79000144,0.));
#7753=CARTESIAN_POINT('Origin',(51.33000148,15.79000144,-1.189));
#7754=CARTESIAN_POINT('Origin',(51.33000148,13.25000144,0.));
#7755=CARTESIAN_POINT('',(50.88550148,13.25000144,0.41148));
#7756=CARTESIAN_POINT('Origin',(51.33000148,13.25000144,0.41148));
#7757=CARTESIAN_POINT('',(50.88550148,13.25000144,-1.189));
#7758=CARTESIAN_POINT('',(50.88550148,13.25000144,0.));
#7759=CARTESIAN_POINT('Origin',(51.33000148,13.25000144,-1.189));
#7760=CARTESIAN_POINT('Origin',(8.89999744,25.85000418,0.));
#7761=CARTESIAN_POINT('',(8.39999844,25.85000418,0.41148));
#7762=CARTESIAN_POINT('Origin',(8.89999744,25.85000418,0.41148));
#7763=CARTESIAN_POINT('',(8.39999844,25.85000418,-1.189));
#7764=CARTESIAN_POINT('',(8.39999844,25.85000418,0.));
#7765=CARTESIAN_POINT('Origin',(8.89999744,25.85000418,-1.189));
#7766=CARTESIAN_POINT('Origin',(3.90000744,25.85000418,0.));
#7767=CARTESIAN_POINT('',(3.40000844,25.85000418,0.41148));
#7768=CARTESIAN_POINT('Origin',(3.90000744,25.85000418,0.41148));
#7769=CARTESIAN_POINT('',(3.40000844,25.85000418,-1.189));
#7770=CARTESIAN_POINT('',(3.40000844,25.85000418,0.));
#7771=CARTESIAN_POINT('Origin',(3.90000744,25.85000418,-1.189));
#7772=CARTESIAN_POINT('Origin',(6.40000244,25.85000418,0.));
#7773=CARTESIAN_POINT('',(5.90000344,25.85000418,0.41148));
#7774=CARTESIAN_POINT('Origin',(6.40000244,25.85000418,0.41148));
#7775=CARTESIAN_POINT('',(5.90000344,25.85000418,-1.189));
#7776=CARTESIAN_POINT('',(5.90000344,25.85000418,0.));
#7777=CARTESIAN_POINT('Origin',(6.40000244,25.85000418,-1.189));
#7778=CARTESIAN_POINT('Origin',(20.3499974,25.85000418,0.));
#7779=CARTESIAN_POINT('',(19.8499984,25.85000418,0.41148));
#7780=CARTESIAN_POINT('Origin',(20.3499974,25.85000418,0.41148));
#7781=CARTESIAN_POINT('',(19.8499984,25.85000418,-1.189));
#7782=CARTESIAN_POINT('',(19.8499984,25.85000418,0.));
#7783=CARTESIAN_POINT('Origin',(20.3499974,25.85000418,-1.189));
#7784=CARTESIAN_POINT('Origin',(25.2000004,28.20000202,0.));
#7785=CARTESIAN_POINT('',(24.7555004,28.20000202,0.41148));
#7786=CARTESIAN_POINT('Origin',(25.2000004,28.20000202,0.41148));
#7787=CARTESIAN_POINT('',(24.7555004,28.20000202,-1.189));
#7788=CARTESIAN_POINT('',(24.7555004,28.20000202,0.));
#7789=CARTESIAN_POINT('Origin',(25.2000004,28.20000202,-1.189));
#7790=CARTESIAN_POINT('Origin',(25.19045,33.4205707,0.));
#7791=CARTESIAN_POINT('',(24.74595,33.4205707,0.41148));
#7792=CARTESIAN_POINT('Origin',(25.19045,33.4205707,0.41148));
#7793=CARTESIAN_POINT('',(24.74595,33.4205707,-1.189));
#7794=CARTESIAN_POINT('',(24.74595,33.4205707,0.));
#7795=CARTESIAN_POINT('Origin',(25.19045,33.4205707,-1.189));
#7796=CARTESIAN_POINT('Origin',(25.19045,30.8805707,0.));
#7797=CARTESIAN_POINT('',(24.74595,30.8805707,0.41148));
#7798=CARTESIAN_POINT('Origin',(25.19045,30.8805707,0.41148));
#7799=CARTESIAN_POINT('',(24.74595,30.8805707,-1.189));
#7800=CARTESIAN_POINT('',(24.74595,30.8805707,0.));
#7801=CARTESIAN_POINT('Origin',(25.19045,30.8805707,-1.189));
#7802=CARTESIAN_POINT('Origin',(25.19045,43.5805707,0.));
#7803=CARTESIAN_POINT('',(24.74595,43.5805707,0.41148));
#7804=CARTESIAN_POINT('Origin',(25.19045,43.5805707,0.41148));
#7805=CARTESIAN_POINT('',(24.74595,43.5805707,-1.189));
#7806=CARTESIAN_POINT('',(24.74595,43.5805707,0.));
#7807=CARTESIAN_POINT('Origin',(25.19045,43.5805707,-1.189));
#7808=CARTESIAN_POINT('Origin',(3.50000062,61.50003448,0.));
#7809=CARTESIAN_POINT('',(2.00000108,61.50003448,0.41148));
#7810=CARTESIAN_POINT('Origin',(3.50000062,61.50003448,0.41148));
#7811=CARTESIAN_POINT('',(2.00000108,61.50003448,-1.189));
#7812=CARTESIAN_POINT('',(2.00000108,61.50003448,0.));
#7813=CARTESIAN_POINT('Origin',(3.50000062,61.50003448,-1.189));
#7814=CARTESIAN_POINT('Origin',(25.19045,46.1205707,0.));
#7815=CARTESIAN_POINT('',(24.74595,46.1205707,0.41148));
#7816=CARTESIAN_POINT('Origin',(25.19045,46.1205707,0.41148));
#7817=CARTESIAN_POINT('',(24.74595,46.1205707,-1.189));
#7818=CARTESIAN_POINT('',(24.74595,46.1205707,0.));
#7819=CARTESIAN_POINT('Origin',(25.19045,46.1205707,-1.189));
#7820=CARTESIAN_POINT('Origin',(25.19045,35.9605707,0.));
#7821=CARTESIAN_POINT('',(24.74595,35.9605707,0.41148));
#7822=CARTESIAN_POINT('Origin',(25.19045,35.9605707,0.41148));
#7823=CARTESIAN_POINT('',(24.74595,35.9605707,-1.189));
#7824=CARTESIAN_POINT('',(24.74595,35.9605707,0.));
#7825=CARTESIAN_POINT('Origin',(25.19045,35.9605707,-1.189));
#7826=CARTESIAN_POINT('Origin',(51.33000148,33.57000144,0.));
#7827=CARTESIAN_POINT('',(50.88550148,33.57000144,0.41148));
#7828=CARTESIAN_POINT('Origin',(51.33000148,33.57000144,0.41148));
#7829=CARTESIAN_POINT('',(50.88550148,33.57000144,-1.189));
#7830=CARTESIAN_POINT('',(50.88550148,33.57000144,0.));
#7831=CARTESIAN_POINT('Origin',(51.33000148,33.57000144,-1.189));
#7832=CARTESIAN_POINT('Origin',(25.19045,41.0405707,0.));
#7833=CARTESIAN_POINT('',(24.74595,41.0405707,0.41148));
#7834=CARTESIAN_POINT('Origin',(25.19045,41.0405707,0.41148));
#7835=CARTESIAN_POINT('',(24.74595,41.0405707,-1.189));
#7836=CARTESIAN_POINT('',(24.74595,41.0405707,0.));
#7837=CARTESIAN_POINT('Origin',(25.19045,41.0405707,-1.189));
#7838=CARTESIAN_POINT('Origin',(25.19045,38.5005707,0.));
#7839=CARTESIAN_POINT('',(24.74595,38.5005707,0.41148));
#7840=CARTESIAN_POINT('Origin',(25.19045,38.5005707,0.41148));
#7841=CARTESIAN_POINT('',(24.74595,38.5005707,-1.189));
#7842=CARTESIAN_POINT('',(24.74595,38.5005707,0.));
#7843=CARTESIAN_POINT('Origin',(25.19045,38.5005707,-1.189));
#7844=CARTESIAN_POINT('Origin',(51.33000148,25.95000144,0.));
#7845=CARTESIAN_POINT('',(50.88550148,25.95000144,0.41148));
#7846=CARTESIAN_POINT('Origin',(51.33000148,25.95000144,0.41148));
#7847=CARTESIAN_POINT('',(50.88550148,25.95000144,-1.189));
#7848=CARTESIAN_POINT('',(50.88550148,25.95000144,0.));
#7849=CARTESIAN_POINT('Origin',(51.33000148,25.95000144,-1.189));
#7850=CARTESIAN_POINT('Origin',(51.33000148,31.03000144,0.));
#7851=CARTESIAN_POINT('',(50.88550148,31.03000144,0.41148));
#7852=CARTESIAN_POINT('Origin',(51.33000148,31.03000144,0.41148));
#7853=CARTESIAN_POINT('',(50.88550148,31.03000144,-1.189));
#7854=CARTESIAN_POINT('',(50.88550148,31.03000144,0.));
#7855=CARTESIAN_POINT('Origin',(51.33000148,31.03000144,-1.189));
#7856=CARTESIAN_POINT('Origin',(51.33000148,28.49000144,0.));
#7857=CARTESIAN_POINT('',(50.88550148,28.49000144,0.41148));
#7858=CARTESIAN_POINT('Origin',(51.33000148,28.49000144,0.41148));
#7859=CARTESIAN_POINT('',(50.88550148,28.49000144,-1.189));
#7860=CARTESIAN_POINT('',(50.88550148,28.49000144,0.));
#7861=CARTESIAN_POINT('Origin',(51.33000148,28.49000144,-1.189));
#7862=CARTESIAN_POINT('Origin',(51.33000148,38.65000144,0.));
#7863=CARTESIAN_POINT('',(50.88550148,38.65000144,0.41148));
#7864=CARTESIAN_POINT('Origin',(51.33000148,38.65000144,0.41148));
#7865=CARTESIAN_POINT('',(50.88550148,38.65000144,-1.189));
#7866=CARTESIAN_POINT('',(50.88550148,38.65000144,0.));
#7867=CARTESIAN_POINT('Origin',(51.33000148,38.65000144,-1.189));
#7868=CARTESIAN_POINT('Origin',(51.33000148,36.11000144,0.));
#7869=CARTESIAN_POINT('',(50.88550148,36.11000144,0.41148));
#7870=CARTESIAN_POINT('Origin',(51.33000148,36.11000144,0.41148));
#7871=CARTESIAN_POINT('',(50.88550148,36.11000144,-1.189));
#7872=CARTESIAN_POINT('',(50.88550148,36.11000144,0.));
#7873=CARTESIAN_POINT('Origin',(51.33000148,36.11000144,-1.189));
#7874=CARTESIAN_POINT('Origin',(51.33000148,41.19000144,0.));
#7875=CARTESIAN_POINT('',(50.88550148,41.19000144,0.41148));
#7876=CARTESIAN_POINT('Origin',(51.33000148,41.19000144,0.41148));
#7877=CARTESIAN_POINT('',(50.88550148,41.19000144,-1.189));
#7878=CARTESIAN_POINT('',(50.88550148,41.19000144,0.));
#7879=CARTESIAN_POINT('Origin',(51.33000148,41.19000144,-1.189));
#7880=CARTESIAN_POINT('Origin',(53.87000148,41.19000144,0.));
#7881=CARTESIAN_POINT('',(53.42550148,41.19000144,0.41148));
#7882=CARTESIAN_POINT('Origin',(53.87000148,41.19000144,0.41148));
#7883=CARTESIAN_POINT('',(53.42550148,41.19000144,-1.189));
#7884=CARTESIAN_POINT('',(53.42550148,41.19000144,0.));
#7885=CARTESIAN_POINT('Origin',(53.87000148,41.19000144,-1.189));
#7886=CARTESIAN_POINT('Origin',(51.33000148,46.27000144,0.));
#7887=CARTESIAN_POINT('',(50.88550148,46.27000144,0.41148));
#7888=CARTESIAN_POINT('Origin',(51.33000148,46.27000144,0.41148));
#7889=CARTESIAN_POINT('',(50.88550148,46.27000144,-1.189));
#7890=CARTESIAN_POINT('',(50.88550148,46.27000144,0.));
#7891=CARTESIAN_POINT('Origin',(51.33000148,46.27000144,-1.189));
#7892=CARTESIAN_POINT('Origin',(51.33000148,43.73000144,0.));
#7893=CARTESIAN_POINT('',(50.88550148,43.73000144,0.41148));
#7894=CARTESIAN_POINT('Origin',(51.33000148,43.73000144,0.41148));
#7895=CARTESIAN_POINT('',(50.88550148,43.73000144,-1.189));
#7896=CARTESIAN_POINT('',(50.88550148,43.73000144,0.));
#7897=CARTESIAN_POINT('Origin',(51.33000148,43.73000144,-1.189));
#7898=CARTESIAN_POINT('Origin',(51.33000148,51.35000144,0.));
#7899=CARTESIAN_POINT('',(50.88550148,51.35000144,0.41148));
#7900=CARTESIAN_POINT('Origin',(51.33000148,51.35000144,0.41148));
#7901=CARTESIAN_POINT('',(50.88550148,51.35000144,-1.189));
#7902=CARTESIAN_POINT('',(50.88550148,51.35000144,0.));
#7903=CARTESIAN_POINT('Origin',(51.33000148,51.35000144,-1.189));
#7904=CARTESIAN_POINT('Origin',(51.33000148,48.81000144,0.));
#7905=CARTESIAN_POINT('',(50.88550148,48.81000144,0.41148));
#7906=CARTESIAN_POINT('Origin',(51.33000148,48.81000144,0.41148));
#7907=CARTESIAN_POINT('',(50.88550148,48.81000144,-1.189));
#7908=CARTESIAN_POINT('',(50.88550148,48.81000144,0.));
#7909=CARTESIAN_POINT('Origin',(51.33000148,48.81000144,-1.189));
#7910=CARTESIAN_POINT('Origin',(51.33000148,53.89000144,0.));
#7911=CARTESIAN_POINT('',(50.88550148,53.89000144,0.41148));
#7912=CARTESIAN_POINT('Origin',(51.33000148,53.89000144,0.41148));
#7913=CARTESIAN_POINT('',(50.88550148,53.89000144,-1.189));
#7914=CARTESIAN_POINT('',(50.88550148,53.89000144,0.));
#7915=CARTESIAN_POINT('Origin',(51.33000148,53.89000144,-1.189));
#7916=CARTESIAN_POINT('Origin',(53.87000148,43.73000144,0.));
#7917=CARTESIAN_POINT('',(53.42550148,43.73000144,0.41148));
#7918=CARTESIAN_POINT('Origin',(53.87000148,43.73000144,0.41148));
#7919=CARTESIAN_POINT('',(53.42550148,43.73000144,-1.189));
#7920=CARTESIAN_POINT('',(53.42550148,43.73000144,0.));
#7921=CARTESIAN_POINT('Origin',(53.87000148,43.73000144,-1.189));
#7922=CARTESIAN_POINT('Origin',(51.33000148,56.43000144,0.));
#7923=CARTESIAN_POINT('',(50.88550148,56.43000144,0.41148));
#7924=CARTESIAN_POINT('Origin',(51.33000148,56.43000144,0.41148));
#7925=CARTESIAN_POINT('',(50.88550148,56.43000144,-1.189));
#7926=CARTESIAN_POINT('',(50.88550148,56.43000144,0.));
#7927=CARTESIAN_POINT('Origin',(51.33000148,56.43000144,-1.189));
#7928=CARTESIAN_POINT('Origin',(52.49999914,61.50003448,0.));
#7929=CARTESIAN_POINT('',(50.9999996,61.50003448,0.41148));
#7930=CARTESIAN_POINT('Origin',(52.49999914,61.50003448,0.41148));
#7931=CARTESIAN_POINT('',(50.9999996,61.50003448,-1.189));
#7932=CARTESIAN_POINT('',(50.9999996,61.50003448,0.));
#7933=CARTESIAN_POINT('Origin',(52.49999914,61.50003448,-1.189));
#7934=CARTESIAN_POINT('Origin',(53.87000148,10.71000144,0.));
#7935=CARTESIAN_POINT('',(53.42550148,10.71000144,0.41148));
#7936=CARTESIAN_POINT('Origin',(53.87000148,10.71000144,0.41148));
#7937=CARTESIAN_POINT('',(53.42550148,10.71000144,-1.189));
#7938=CARTESIAN_POINT('',(53.42550148,10.71000144,0.));
#7939=CARTESIAN_POINT('Origin',(53.87000148,10.71000144,-1.189));
#7940=CARTESIAN_POINT('Origin',(53.87000148,15.79000144,0.));
#7941=CARTESIAN_POINT('',(53.42550148,15.79000144,0.41148));
#7942=CARTESIAN_POINT('Origin',(53.87000148,15.79000144,0.41148));
#7943=CARTESIAN_POINT('',(53.42550148,15.79000144,-1.189));
#7944=CARTESIAN_POINT('',(53.42550148,15.79000144,0.));
#7945=CARTESIAN_POINT('Origin',(53.87000148,15.79000144,-1.189));
#7946=CARTESIAN_POINT('Origin',(53.87000148,13.25000144,0.));
#7947=CARTESIAN_POINT('',(53.42550148,13.25000144,0.41148));
#7948=CARTESIAN_POINT('Origin',(53.87000148,13.25000144,0.41148));
#7949=CARTESIAN_POINT('',(53.42550148,13.25000144,-1.189));
#7950=CARTESIAN_POINT('',(53.42550148,13.25000144,0.));
#7951=CARTESIAN_POINT('Origin',(53.87000148,13.25000144,-1.189));
#7952=CARTESIAN_POINT('Origin',(53.87000148,8.17000144,0.));
#7953=CARTESIAN_POINT('',(53.42550148,8.17000144,0.41148));
#7954=CARTESIAN_POINT('Origin',(53.87000148,8.17000144,0.41148));
#7955=CARTESIAN_POINT('',(53.42550148,8.17000144,-1.189));
#7956=CARTESIAN_POINT('',(53.42550148,8.17000144,0.));
#7957=CARTESIAN_POINT('Origin',(53.87000148,8.17000144,-1.189));
#7958=CARTESIAN_POINT('Origin',(60.0100019,8.1900014,0.));
#7959=CARTESIAN_POINT('',(59.5655019,8.1900014,0.41148));
#7960=CARTESIAN_POINT('Origin',(60.0100019,8.1900014,0.41148));
#7961=CARTESIAN_POINT('',(59.5655019,8.1900014,-1.189));
#7962=CARTESIAN_POINT('',(59.5655019,8.1900014,0.));
#7963=CARTESIAN_POINT('Origin',(60.0100019,8.1900014,-1.189));
#7964=CARTESIAN_POINT('Origin',(60.0100019,13.2700014,0.));
#7965=CARTESIAN_POINT('',(59.5655019,13.2700014,0.41148));
#7966=CARTESIAN_POINT('Origin',(60.0100019,13.2700014,0.41148));
#7967=CARTESIAN_POINT('',(59.5655019,13.2700014,-1.189));
#7968=CARTESIAN_POINT('',(59.5655019,13.2700014,0.));
#7969=CARTESIAN_POINT('Origin',(60.0100019,13.2700014,-1.189));
#7970=CARTESIAN_POINT('Origin',(60.0100019,10.7300014,0.));
#7971=CARTESIAN_POINT('',(59.5655019,10.7300014,0.41148));
#7972=CARTESIAN_POINT('Origin',(60.0100019,10.7300014,0.41148));
#7973=CARTESIAN_POINT('',(59.5655019,10.7300014,-1.189));
#7974=CARTESIAN_POINT('',(59.5655019,10.7300014,0.));
#7975=CARTESIAN_POINT('Origin',(60.0100019,10.7300014,-1.189));
#7976=CARTESIAN_POINT('Origin',(53.87000148,25.95000144,0.));
#7977=CARTESIAN_POINT('',(53.42550148,25.95000144,0.41148));
#7978=CARTESIAN_POINT('Origin',(53.87000148,25.95000144,0.41148));
#7979=CARTESIAN_POINT('',(53.42550148,25.95000144,-1.189));
#7980=CARTESIAN_POINT('',(53.42550148,25.95000144,0.));
#7981=CARTESIAN_POINT('Origin',(53.87000148,25.95000144,-1.189));
#7982=CARTESIAN_POINT('Origin',(53.87000148,31.03000144,0.));
#7983=CARTESIAN_POINT('',(53.42550148,31.03000144,0.41148));
#7984=CARTESIAN_POINT('Origin',(53.87000148,31.03000144,0.41148));
#7985=CARTESIAN_POINT('',(53.42550148,31.03000144,-1.189));
#7986=CARTESIAN_POINT('',(53.42550148,31.03000144,0.));
#7987=CARTESIAN_POINT('Origin',(53.87000148,31.03000144,-1.189));
#7988=CARTESIAN_POINT('Origin',(53.87000148,28.49000144,0.));
#7989=CARTESIAN_POINT('',(53.42550148,28.49000144,0.41148));
#7990=CARTESIAN_POINT('Origin',(53.87000148,28.49000144,0.41148));
#7991=CARTESIAN_POINT('',(53.42550148,28.49000144,-1.189));
#7992=CARTESIAN_POINT('',(53.42550148,28.49000144,0.));
#7993=CARTESIAN_POINT('Origin',(53.87000148,28.49000144,-1.189));
#7994=CARTESIAN_POINT('Origin',(53.87000148,18.33000144,0.));
#7995=CARTESIAN_POINT('',(53.42550148,18.33000144,0.41148));
#7996=CARTESIAN_POINT('Origin',(53.87000148,18.33000144,0.41148));
#7997=CARTESIAN_POINT('',(53.42550148,18.33000144,-1.189));
#7998=CARTESIAN_POINT('',(53.42550148,18.33000144,0.));
#7999=CARTESIAN_POINT('Origin',(53.87000148,18.33000144,-1.189));
#8000=CARTESIAN_POINT('Origin',(60.0100019,15.8100014,0.));
#8001=CARTESIAN_POINT('',(59.5655019,15.8100014,0.41148));
#8002=CARTESIAN_POINT('Origin',(60.0100019,15.8100014,0.41148));
#8003=CARTESIAN_POINT('',(59.5655019,15.8100014,-1.189));
#8004=CARTESIAN_POINT('',(59.5655019,15.8100014,0.));
#8005=CARTESIAN_POINT('Origin',(60.0100019,15.8100014,-1.189));
#8006=CARTESIAN_POINT('Origin',(53.87000148,23.41000144,0.));
#8007=CARTESIAN_POINT('',(53.42550148,23.41000144,0.41148));
#8008=CARTESIAN_POINT('Origin',(53.87000148,23.41000144,0.41148));
#8009=CARTESIAN_POINT('',(53.42550148,23.41000144,-1.189));
#8010=CARTESIAN_POINT('',(53.42550148,23.41000144,0.));
#8011=CARTESIAN_POINT('Origin',(53.87000148,23.41000144,-1.189));
#8012=CARTESIAN_POINT('Origin',(53.87000148,20.87000144,0.));
#8013=CARTESIAN_POINT('',(53.42550148,20.87000144,0.41148));
#8014=CARTESIAN_POINT('Origin',(53.87000148,20.87000144,0.41148));
#8015=CARTESIAN_POINT('',(53.42550148,20.87000144,-1.189));
#8016=CARTESIAN_POINT('',(53.42550148,20.87000144,0.));
#8017=CARTESIAN_POINT('Origin',(53.87000148,20.87000144,-1.189));
#8018=CARTESIAN_POINT('Origin',(62.5500019,10.7300014,0.));
#8019=CARTESIAN_POINT('',(62.1055019,10.7300014,0.41148));
#8020=CARTESIAN_POINT('Origin',(62.5500019,10.7300014,0.41148));
#8021=CARTESIAN_POINT('',(62.1055019,10.7300014,-1.189));
#8022=CARTESIAN_POINT('',(62.1055019,10.7300014,0.));
#8023=CARTESIAN_POINT('Origin',(62.5500019,10.7300014,-1.189));
#8024=CARTESIAN_POINT('Origin',(60.0100019,20.8900014,0.));
#8025=CARTESIAN_POINT('',(59.5655019,20.8900014,0.41148));
#8026=CARTESIAN_POINT('Origin',(60.0100019,20.8900014,0.41148));
#8027=CARTESIAN_POINT('',(59.5655019,20.8900014,-1.189));
#8028=CARTESIAN_POINT('',(59.5655019,20.8900014,0.));
#8029=CARTESIAN_POINT('Origin',(60.0100019,20.8900014,-1.189));
#8030=CARTESIAN_POINT('Origin',(60.0100019,18.3500014,0.));
#8031=CARTESIAN_POINT('',(59.5655019,18.3500014,0.41148));
#8032=CARTESIAN_POINT('Origin',(60.0100019,18.3500014,0.41148));
#8033=CARTESIAN_POINT('',(59.5655019,18.3500014,-1.189));
#8034=CARTESIAN_POINT('',(59.5655019,18.3500014,0.));
#8035=CARTESIAN_POINT('Origin',(60.0100019,18.3500014,-1.189));
#8036=CARTESIAN_POINT('Origin',(62.5500019,13.2700014,0.));
#8037=CARTESIAN_POINT('',(62.1055019,13.2700014,0.41148));
#8038=CARTESIAN_POINT('Origin',(62.5500019,13.2700014,0.41148));
#8039=CARTESIAN_POINT('',(62.1055019,13.2700014,-1.189));
#8040=CARTESIAN_POINT('',(62.1055019,13.2700014,0.));
#8041=CARTESIAN_POINT('Origin',(62.5500019,13.2700014,-1.189));
#8042=CARTESIAN_POINT('Origin',(62.5500019,8.1900014,0.));
#8043=CARTESIAN_POINT('',(62.1055019,8.1900014,0.41148));
#8044=CARTESIAN_POINT('Origin',(62.5500019,8.1900014,0.41148));
#8045=CARTESIAN_POINT('',(62.1055019,8.1900014,-1.189));
#8046=CARTESIAN_POINT('',(62.1055019,8.1900014,0.));
#8047=CARTESIAN_POINT('Origin',(62.5500019,8.1900014,-1.189));
#8048=CARTESIAN_POINT('Origin',(62.5500019,18.3500014,0.));
#8049=CARTESIAN_POINT('',(62.1055019,18.3500014,0.41148));
#8050=CARTESIAN_POINT('Origin',(62.5500019,18.3500014,0.41148));
#8051=CARTESIAN_POINT('',(62.1055019,18.3500014,-1.189));
#8052=CARTESIAN_POINT('',(62.1055019,18.3500014,0.));
#8053=CARTESIAN_POINT('Origin',(62.5500019,18.3500014,-1.189));
#8054=CARTESIAN_POINT('Origin',(62.5500019,15.8100014,0.));
#8055=CARTESIAN_POINT('',(62.1055019,15.8100014,0.41148));
#8056=CARTESIAN_POINT('Origin',(62.5500019,15.8100014,0.41148));
#8057=CARTESIAN_POINT('',(62.1055019,15.8100014,-1.189));
#8058=CARTESIAN_POINT('',(62.1055019,15.8100014,0.));
#8059=CARTESIAN_POINT('Origin',(62.5500019,15.8100014,-1.189));
#8060=CARTESIAN_POINT('Origin',(60.0100019,25.9700014,0.));
#8061=CARTESIAN_POINT('',(59.5655019,25.9700014,0.41148));
#8062=CARTESIAN_POINT('Origin',(60.0100019,25.9700014,0.41148));
#8063=CARTESIAN_POINT('',(59.5655019,25.9700014,-1.189));
#8064=CARTESIAN_POINT('',(59.5655019,25.9700014,0.));
#8065=CARTESIAN_POINT('Origin',(60.0100019,25.9700014,-1.189));
#8066=CARTESIAN_POINT('Origin',(60.0100019,23.4300014,0.));
#8067=CARTESIAN_POINT('',(59.5655019,23.4300014,0.41148));
#8068=CARTESIAN_POINT('Origin',(60.0100019,23.4300014,0.41148));
#8069=CARTESIAN_POINT('',(59.5655019,23.4300014,-1.189));
#8070=CARTESIAN_POINT('',(59.5655019,23.4300014,0.));
#8071=CARTESIAN_POINT('Origin',(60.0100019,23.4300014,-1.189));
#8072=CARTESIAN_POINT('Origin',(60.0100019,28.5100014,0.));
#8073=CARTESIAN_POINT('',(59.5655019,28.5100014,0.41148));
#8074=CARTESIAN_POINT('Origin',(60.0100019,28.5100014,0.41148));
#8075=CARTESIAN_POINT('',(59.5655019,28.5100014,-1.189));
#8076=CARTESIAN_POINT('',(59.5655019,28.5100014,0.));
#8077=CARTESIAN_POINT('Origin',(60.0100019,28.5100014,-1.189));
#8078=CARTESIAN_POINT('Origin',(62.5500019,31.0500014,0.));
#8079=CARTESIAN_POINT('',(62.1055019,31.0500014,0.41148));
#8080=CARTESIAN_POINT('Origin',(62.5500019,31.0500014,0.41148));
#8081=CARTESIAN_POINT('',(62.1055019,31.0500014,-1.189));
#8082=CARTESIAN_POINT('',(62.1055019,31.0500014,0.));
#8083=CARTESIAN_POINT('Origin',(62.5500019,31.0500014,-1.189));
#8084=CARTESIAN_POINT('Origin',(62.5500019,23.4300014,0.));
#8085=CARTESIAN_POINT('',(62.1055019,23.4300014,0.41148));
#8086=CARTESIAN_POINT('Origin',(62.5500019,23.4300014,0.41148));
#8087=CARTESIAN_POINT('',(62.1055019,23.4300014,-1.189));
#8088=CARTESIAN_POINT('',(62.1055019,23.4300014,0.));
#8089=CARTESIAN_POINT('Origin',(62.5500019,23.4300014,-1.189));
#8090=CARTESIAN_POINT('Origin',(62.5500019,20.8900014,0.));
#8091=CARTESIAN_POINT('',(62.1055019,20.8900014,0.41148));
#8092=CARTESIAN_POINT('Origin',(62.5500019,20.8900014,0.41148));
#8093=CARTESIAN_POINT('',(62.1055019,20.8900014,-1.189));
#8094=CARTESIAN_POINT('',(62.1055019,20.8900014,0.));
#8095=CARTESIAN_POINT('Origin',(62.5500019,20.8900014,-1.189));
#8096=CARTESIAN_POINT('Origin',(62.5500019,28.5100014,0.));
#8097=CARTESIAN_POINT('',(62.1055019,28.5100014,0.41148));
#8098=CARTESIAN_POINT('Origin',(62.5500019,28.5100014,0.41148));
#8099=CARTESIAN_POINT('',(62.1055019,28.5100014,-1.189));
#8100=CARTESIAN_POINT('',(62.1055019,28.5100014,0.));
#8101=CARTESIAN_POINT('Origin',(62.5500019,28.5100014,-1.189));
#8102=CARTESIAN_POINT('Origin',(62.5500019,25.9700014,0.));
#8103=CARTESIAN_POINT('',(62.1055019,25.9700014,0.41148));
#8104=CARTESIAN_POINT('Origin',(62.5500019,25.9700014,0.41148));
#8105=CARTESIAN_POINT('',(62.1055019,25.9700014,-1.189));
#8106=CARTESIAN_POINT('',(62.1055019,25.9700014,0.));
#8107=CARTESIAN_POINT('Origin',(62.5500019,25.9700014,-1.189));
#8108=CARTESIAN_POINT('Origin',(53.87000148,33.57000144,0.));
#8109=CARTESIAN_POINT('',(53.42550148,33.57000144,0.41148));
#8110=CARTESIAN_POINT('Origin',(53.87000148,33.57000144,0.41148));
#8111=CARTESIAN_POINT('',(53.42550148,33.57000144,-1.189));
#8112=CARTESIAN_POINT('',(53.42550148,33.57000144,0.));
#8113=CARTESIAN_POINT('Origin',(53.87000148,33.57000144,-1.189));
#8114=CARTESIAN_POINT('Origin',(53.87000148,38.65000144,0.));
#8115=CARTESIAN_POINT('',(53.42550148,38.65000144,0.41148));
#8116=CARTESIAN_POINT('Origin',(53.87000148,38.65000144,0.41148));
#8117=CARTESIAN_POINT('',(53.42550148,38.65000144,-1.189));
#8118=CARTESIAN_POINT('',(53.42550148,38.65000144,0.));
#8119=CARTESIAN_POINT('Origin',(53.87000148,38.65000144,-1.189));
#8120=CARTESIAN_POINT('Origin',(53.87000148,36.11000144,0.));
#8121=CARTESIAN_POINT('',(53.42550148,36.11000144,0.41148));
#8122=CARTESIAN_POINT('Origin',(53.87000148,36.11000144,0.41148));
#8123=CARTESIAN_POINT('',(53.42550148,36.11000144,-1.189));
#8124=CARTESIAN_POINT('',(53.42550148,36.11000144,0.));
#8125=CARTESIAN_POINT('Origin',(53.87000148,36.11000144,-1.189));
#8126=CARTESIAN_POINT('Origin',(60.0100019,33.5900014,0.));
#8127=CARTESIAN_POINT('',(59.5655019,33.5900014,0.41148));
#8128=CARTESIAN_POINT('Origin',(60.0100019,33.5900014,0.41148));
#8129=CARTESIAN_POINT('',(59.5655019,33.5900014,-1.189));
#8130=CARTESIAN_POINT('',(59.5655019,33.5900014,0.));
#8131=CARTESIAN_POINT('Origin',(60.0100019,33.5900014,-1.189));
#8132=CARTESIAN_POINT('Origin',(60.0100019,31.0500014,0.));
#8133=CARTESIAN_POINT('',(59.5655019,31.0500014,0.41148));
#8134=CARTESIAN_POINT('Origin',(60.0100019,31.0500014,0.41148));
#8135=CARTESIAN_POINT('',(59.5655019,31.0500014,-1.189));
#8136=CARTESIAN_POINT('',(59.5655019,31.0500014,0.));
#8137=CARTESIAN_POINT('Origin',(60.0100019,31.0500014,-1.189));
#8138=CARTESIAN_POINT('Origin',(60.0100019,38.6700014,0.));
#8139=CARTESIAN_POINT('',(59.5655019,38.6700014,0.41148));
#8140=CARTESIAN_POINT('Origin',(60.0100019,38.6700014,0.41148));
#8141=CARTESIAN_POINT('',(59.5655019,38.6700014,-1.189));
#8142=CARTESIAN_POINT('',(59.5655019,38.6700014,0.));
#8143=CARTESIAN_POINT('Origin',(60.0100019,38.6700014,-1.189));
#8144=CARTESIAN_POINT('Origin',(60.0100019,36.1300014,0.));
#8145=CARTESIAN_POINT('',(59.5655019,36.1300014,0.41148));
#8146=CARTESIAN_POINT('Origin',(60.0100019,36.1300014,0.41148));
#8147=CARTESIAN_POINT('',(59.5655019,36.1300014,-1.189));
#8148=CARTESIAN_POINT('',(59.5655019,36.1300014,0.));
#8149=CARTESIAN_POINT('Origin',(60.0100019,36.1300014,-1.189));
#8150=CARTESIAN_POINT('Origin',(53.87000148,51.35000144,0.));
#8151=CARTESIAN_POINT('',(53.42550148,51.35000144,0.41148));
#8152=CARTESIAN_POINT('Origin',(53.87000148,51.35000144,0.41148));
#8153=CARTESIAN_POINT('',(53.42550148,51.35000144,-1.189));
#8154=CARTESIAN_POINT('',(53.42550148,51.35000144,0.));
#8155=CARTESIAN_POINT('Origin',(53.87000148,51.35000144,-1.189));
#8156=CARTESIAN_POINT('Origin',(53.87000148,56.43000144,0.));
#8157=CARTESIAN_POINT('',(53.42550148,56.43000144,0.41148));
#8158=CARTESIAN_POINT('Origin',(53.87000148,56.43000144,0.41148));
#8159=CARTESIAN_POINT('',(53.42550148,56.43000144,-1.189));
#8160=CARTESIAN_POINT('',(53.42550148,56.43000144,0.));
#8161=CARTESIAN_POINT('Origin',(53.87000148,56.43000144,-1.189));
#8162=CARTESIAN_POINT('Origin',(53.87000148,53.89000144,0.));
#8163=CARTESIAN_POINT('',(53.42550148,53.89000144,0.41148));
#8164=CARTESIAN_POINT('Origin',(53.87000148,53.89000144,0.41148));
#8165=CARTESIAN_POINT('',(53.42550148,53.89000144,-1.189));
#8166=CARTESIAN_POINT('',(53.42550148,53.89000144,0.));
#8167=CARTESIAN_POINT('Origin',(53.87000148,53.89000144,-1.189));
#8168=CARTESIAN_POINT('Origin',(60.0100019,43.7500014,0.));
#8169=CARTESIAN_POINT('',(59.5655019,43.7500014,0.41148));
#8170=CARTESIAN_POINT('Origin',(60.0100019,43.7500014,0.41148));
#8171=CARTESIAN_POINT('',(59.5655019,43.7500014,-1.189));
#8172=CARTESIAN_POINT('',(59.5655019,43.7500014,0.));
#8173=CARTESIAN_POINT('Origin',(60.0100019,43.7500014,-1.189));
#8174=CARTESIAN_POINT('Origin',(60.0100019,41.2100014,0.));
#8175=CARTESIAN_POINT('',(59.5655019,41.2100014,0.41148));
#8176=CARTESIAN_POINT('Origin',(60.0100019,41.2100014,0.41148));
#8177=CARTESIAN_POINT('',(59.5655019,41.2100014,-1.189));
#8178=CARTESIAN_POINT('',(59.5655019,41.2100014,0.));
#8179=CARTESIAN_POINT('Origin',(60.0100019,41.2100014,-1.189));
#8180=CARTESIAN_POINT('Origin',(53.87000148,48.81000144,0.));
#8181=CARTESIAN_POINT('',(53.42550148,48.81000144,0.41148));
#8182=CARTESIAN_POINT('Origin',(53.87000148,48.81000144,0.41148));
#8183=CARTESIAN_POINT('',(53.42550148,48.81000144,-1.189));
#8184=CARTESIAN_POINT('',(53.42550148,48.81000144,0.));
#8185=CARTESIAN_POINT('Origin',(53.87000148,48.81000144,-1.189));
#8186=CARTESIAN_POINT('Origin',(53.87000148,46.27000144,0.));
#8187=CARTESIAN_POINT('',(53.42550148,46.27000144,0.41148));
#8188=CARTESIAN_POINT('Origin',(53.87000148,46.27000144,0.41148));
#8189=CARTESIAN_POINT('',(53.42550148,46.27000144,-1.189));
#8190=CARTESIAN_POINT('',(53.42550148,46.27000144,0.));
#8191=CARTESIAN_POINT('Origin',(53.87000148,46.27000144,-1.189));
#8192=CARTESIAN_POINT('Origin',(62.5500019,36.1300014,0.));
#8193=CARTESIAN_POINT('',(62.1055019,36.1300014,0.41148));
#8194=CARTESIAN_POINT('Origin',(62.5500019,36.1300014,0.41148));
#8195=CARTESIAN_POINT('',(62.1055019,36.1300014,-1.189));
#8196=CARTESIAN_POINT('',(62.1055019,36.1300014,0.));
#8197=CARTESIAN_POINT('Origin',(62.5500019,36.1300014,-1.189));
#8198=CARTESIAN_POINT('Origin',(60.0100019,46.2900014,0.));
#8199=CARTESIAN_POINT('',(59.5655019,46.2900014,0.41148));
#8200=CARTESIAN_POINT('Origin',(60.0100019,46.2900014,0.41148));
#8201=CARTESIAN_POINT('',(59.5655019,46.2900014,-1.189));
#8202=CARTESIAN_POINT('',(59.5655019,46.2900014,0.));
#8203=CARTESIAN_POINT('Origin',(60.0100019,46.2900014,-1.189));
#8204=CARTESIAN_POINT('Origin',(62.5500019,38.6700014,0.));
#8205=CARTESIAN_POINT('',(62.1055019,38.6700014,0.41148));
#8206=CARTESIAN_POINT('Origin',(62.5500019,38.6700014,0.41148));
#8207=CARTESIAN_POINT('',(62.1055019,38.6700014,-1.189));
#8208=CARTESIAN_POINT('',(62.1055019,38.6700014,0.));
#8209=CARTESIAN_POINT('Origin',(62.5500019,38.6700014,-1.189));
#8210=CARTESIAN_POINT('Origin',(62.5500019,41.2100014,0.));
#8211=CARTESIAN_POINT('',(62.1055019,41.2100014,0.41148));
#8212=CARTESIAN_POINT('Origin',(62.5500019,41.2100014,0.41148));
#8213=CARTESIAN_POINT('',(62.1055019,41.2100014,-1.189));
#8214=CARTESIAN_POINT('',(62.1055019,41.2100014,0.));
#8215=CARTESIAN_POINT('Origin',(62.5500019,41.2100014,-1.189));
#8216=CARTESIAN_POINT('Origin',(62.5500019,33.5900014,0.));
#8217=CARTESIAN_POINT('',(62.1055019,33.5900014,0.41148));
#8218=CARTESIAN_POINT('Origin',(62.5500019,33.5900014,0.41148));
#8219=CARTESIAN_POINT('',(62.1055019,33.5900014,-1.189));
#8220=CARTESIAN_POINT('',(62.1055019,33.5900014,0.));
#8221=CARTESIAN_POINT('Origin',(62.5500019,33.5900014,-1.189));
#8222=CARTESIAN_POINT('Origin',(62.5500019,46.2900014,0.));
#8223=CARTESIAN_POINT('',(62.1055019,46.2900014,0.41148));
#8224=CARTESIAN_POINT('Origin',(62.5500019,46.2900014,0.41148));
#8225=CARTESIAN_POINT('',(62.1055019,46.2900014,-1.189));
#8226=CARTESIAN_POINT('',(62.1055019,46.2900014,0.));
#8227=CARTESIAN_POINT('Origin',(62.5500019,46.2900014,-1.189));
#8228=CARTESIAN_POINT('Origin',(62.5500019,43.7500014,0.));
#8229=CARTESIAN_POINT('',(62.1055019,43.7500014,0.41148));
#8230=CARTESIAN_POINT('Origin',(62.5500019,43.7500014,0.41148));
#8231=CARTESIAN_POINT('',(62.1055019,43.7500014,-1.189));
#8232=CARTESIAN_POINT('',(62.1055019,43.7500014,0.));
#8233=CARTESIAN_POINT('Origin',(62.5500019,43.7500014,-1.189));
#8234=CARTESIAN_POINT('Origin',(60.0100019,51.3700014,0.));
#8235=CARTESIAN_POINT('',(59.5655019,51.3700014,0.41148));
#8236=CARTESIAN_POINT('Origin',(60.0100019,51.3700014,0.41148));
#8237=CARTESIAN_POINT('',(59.5655019,51.3700014,-1.189));
#8238=CARTESIAN_POINT('',(59.5655019,51.3700014,0.));
#8239=CARTESIAN_POINT('Origin',(60.0100019,51.3700014,-1.189));
#8240=CARTESIAN_POINT('Origin',(60.0100019,48.8300014,0.));
#8241=CARTESIAN_POINT('',(59.5655019,48.8300014,0.41148));
#8242=CARTESIAN_POINT('Origin',(60.0100019,48.8300014,0.41148));
#8243=CARTESIAN_POINT('',(59.5655019,48.8300014,-1.189));
#8244=CARTESIAN_POINT('',(59.5655019,48.8300014,0.));
#8245=CARTESIAN_POINT('Origin',(60.0100019,48.8300014,-1.189));
#8246=CARTESIAN_POINT('Origin',(60.0100019,56.4500014,0.));
#8247=CARTESIAN_POINT('',(59.5655019,56.4500014,0.41148));
#8248=CARTESIAN_POINT('Origin',(60.0100019,56.4500014,0.41148));
#8249=CARTESIAN_POINT('',(59.5655019,56.4500014,-1.189));
#8250=CARTESIAN_POINT('',(59.5655019,56.4500014,0.));
#8251=CARTESIAN_POINT('Origin',(60.0100019,56.4500014,-1.189));
#8252=CARTESIAN_POINT('Origin',(60.0100019,53.9100014,0.));
#8253=CARTESIAN_POINT('',(59.5655019,53.9100014,0.41148));
#8254=CARTESIAN_POINT('Origin',(60.0100019,53.9100014,0.41148));
#8255=CARTESIAN_POINT('',(59.5655019,53.9100014,-1.189));
#8256=CARTESIAN_POINT('',(59.5655019,53.9100014,0.));
#8257=CARTESIAN_POINT('Origin',(60.0100019,53.9100014,-1.189));
#8258=CARTESIAN_POINT('Origin',(62.5500019,51.3700014,0.));
#8259=CARTESIAN_POINT('',(62.1055019,51.3700014,0.41148));
#8260=CARTESIAN_POINT('Origin',(62.5500019,51.3700014,0.41148));
#8261=CARTESIAN_POINT('',(62.1055019,51.3700014,-1.189));
#8262=CARTESIAN_POINT('',(62.1055019,51.3700014,0.));
#8263=CARTESIAN_POINT('Origin',(62.5500019,51.3700014,-1.189));
#8264=CARTESIAN_POINT('Origin',(62.5500019,48.8300014,0.));
#8265=CARTESIAN_POINT('',(62.1055019,48.8300014,0.41148));
#8266=CARTESIAN_POINT('Origin',(62.5500019,48.8300014,0.41148));
#8267=CARTESIAN_POINT('',(62.1055019,48.8300014,-1.189));
#8268=CARTESIAN_POINT('',(62.1055019,48.8300014,0.));
#8269=CARTESIAN_POINT('Origin',(62.5500019,48.8300014,-1.189));
#8270=CARTESIAN_POINT('Origin',(62.5500019,56.4500014,0.));
#8271=CARTESIAN_POINT('',(62.1055019,56.4500014,0.41148));
#8272=CARTESIAN_POINT('Origin',(62.5500019,56.4500014,0.41148));
#8273=CARTESIAN_POINT('',(62.1055019,56.4500014,-1.189));
#8274=CARTESIAN_POINT('',(62.1055019,56.4500014,0.));
#8275=CARTESIAN_POINT('Origin',(62.5500019,56.4500014,-1.189));
#8276=CARTESIAN_POINT('Origin',(62.5500019,53.9100014,0.));
#8277=CARTESIAN_POINT('',(62.1055019,53.9100014,0.41148));
#8278=CARTESIAN_POINT('Origin',(62.5500019,53.9100014,0.41148));
#8279=CARTESIAN_POINT('',(62.1055019,53.9100014,-1.189));
#8280=CARTESIAN_POINT('',(62.1055019,53.9100014,0.));
#8281=CARTESIAN_POINT('Origin',(62.5500019,53.9100014,-1.189));
#8282=CARTESIAN_POINT('Origin',(-0.01082294,3.50000316,-1.189));
#8283=CARTESIAN_POINT('Origin',(-0.01082294,3.50000316,0.41148));
#8284=UNCERTAINTY_MEASURE_WITH_UNIT(LENGTH_MEASURE(0.01),#8288,
'DISTANCE_ACCURACY_VALUE',
'Maximum model space distance between geometric entities at asserted c
onnectivities');
#8285=UNCERTAINTY_MEASURE_WITH_UNIT(LENGTH_MEASURE(0.01),#8288,
'DISTANCE_ACCURACY_VALUE',
'Maximum model space distance between geometric entities at asserted c
onnectivities');
#8286=(
GEOMETRIC_REPRESENTATION_CONTEXT(3)
GLOBAL_UNCERTAINTY_ASSIGNED_CONTEXT((#8284))
GLOBAL_UNIT_ASSIGNED_CONTEXT((#8288,#8290,#8291))
REPRESENTATION_CONTEXT('','3D')
);
#8287=(
GEOMETRIC_REPRESENTATION_CONTEXT(3)
GLOBAL_UNCERTAINTY_ASSIGNED_CONTEXT((#8285))
GLOBAL_UNIT_ASSIGNED_CONTEXT((#8288,#8290,#8291))
REPRESENTATION_CONTEXT('','3D')
);
#8288=(
LENGTH_UNIT()
NAMED_UNIT(*)
SI_UNIT(.MILLI.,.METRE.)
);
#8289=(
LENGTH_UNIT()
NAMED_UNIT(*)
SI_UNIT($,.METRE.)
);
#8290=(
NAMED_UNIT(*)
PLANE_ANGLE_UNIT()
SI_UNIT($,.RADIAN.)
);
#8291=(
NAMED_UNIT(*)
SI_UNIT($,.STERADIAN.)
SOLID_ANGLE_UNIT()
);
#8292=SHAPE_DEFINITION_REPRESENTATION(#8293,#8294);
#8293=PRODUCT_DEFINITION_SHAPE('',$,#8296);
#8294=SHAPE_REPRESENTATION('',(#5032),#8286);
#8295=PRODUCT_DEFINITION_CONTEXT('part definition',#8300,'design');
#8296=PRODUCT_DEFINITION('Board','Board',#8297,#8295);
#8297=PRODUCT_DEFINITION_FORMATION('',$,#8302);
#8298=PRODUCT_RELATED_PRODUCT_CATEGORY('Board','Board',(#8302));
#8299=APPLICATION_PROTOCOL_DEFINITION('international standard',
'automotive_design',2009,#8300);
#8300=APPLICATION_CONTEXT(
'Core Data for Automotive Mechanical Design Process');
#8301=PRODUCT_CONTEXT('part definition',#8300,'mechanical');
#8302=PRODUCT('Board','Board',$,(#8301));
#8303=PRESENTATION_STYLE_ASSIGNMENT((#8305));
#8304=PRESENTATION_STYLE_ASSIGNMENT((#8306));
#8305=SURFACE_STYLE_USAGE(.BOTH.,#8307);
#8306=SURFACE_STYLE_USAGE(.BOTH.,#8308);
#8307=SURFACE_SIDE_STYLE('',(#8309));
#8308=SURFACE_SIDE_STYLE('',(#8310));
#8309=SURFACE_STYLE_FILL_AREA(#8311);
#8310=SURFACE_STYLE_FILL_AREA(#8312);
#8311=FILL_AREA_STYLE('Acero - Satinado',(#8313));
#8312=FILL_AREA_STYLE('Opaque(0,128,0)',(#8314));
#8313=FILL_AREA_STYLE_COLOUR('Acero - Satinado',#8315);
#8314=FILL_AREA_STYLE_COLOUR('Opaque(0,128,0)',#8316);
#8315=COLOUR_RGB('Acero - Satinado',0.627450980392157,0.627450980392157,
0.627450980392157);
#8316=COLOUR_RGB('Opaque(0,128,0)',0.,0.501960784313725,0.);
ENDSEC;
END-ISO-10303-21;
