ISO-10303-21;
HEADER;
/* Generated by software containing ST-Developer
 * from STEP Tools, Inc. (www.steptools.com) 
 */

FILE_DESCRIPTION(
/* description */ (''),
/* implementation_level */ '2;1');

FILE_NAME(
/* name */ 'XG-ZIJI_16.step',
/* time_stamp */ '2026-06-02T01:09:30-06:00',
/* author */ (''),
/* organization */ (''),
/* preprocessor_version */ 'ST-DEVELOPER v20.1',
/* originating_system */ 'Autodesk Translation Framework v14.24.0.0',
/* authorisation */ '');

FILE_SCHEMA (('AUTOMOTIVE_DESIGN { 1 0 10303 214 3 1 1 }'));
ENDSEC;

DATA;
#10=MECHANICAL_DESIGN_GEOMETRIC_PRESENTATION_REPRESENTATION('',(#13),#6943);
#11=SHAPE_REPRESENTATION_RELATIONSHIP('SRR','None',#6950,#12);
#12=ADVANCED_BREP_SHAPE_REPRESENTATION('',(#3717),#6942);
#13=STYLED_ITEM('',(#6960),#3717);
#14=B_SPLINE_SURFACE_WITH_KNOTS('',3,3,((#6709,#6710,#6711,#6712),(#6713,
#6714,#6715,#6716),(#6717,#6718,#6719,#6720),(#6721,#6722,#6723,#6724),
(#6725,#6726,#6727,#6728),(#6729,#6730,#6731,#6732),(#6733,#6734,#6735,
#6736),(#6737,#6738,#6739,#6740),(#6741,#6742,#6743,#6744),(#6745,#6746,
#6747,#6748),(#6749,#6750,#6751,#6752),(#6753,#6754,#6755,#6756)),
 .UNSPECIFIED.,.F.,.F.,.F.,(4,1,1,1,1,1,1,1,1,4),(4,4),(-0.01333714405202,
0.,0.1428571487952,0.2857142934724,0.4285714381495,0.5714285828267,0.7142857275038,
0.857142872181,1.,1.013350740543),(5.739460989806E-11,0.9999999994389),
 .UNSPECIFIED.);
#15=B_SPLINE_SURFACE_WITH_KNOTS('',3,3,((#6771,#6772,#6773,#6774),(#6775,
#6776,#6777,#6778),(#6779,#6780,#6781,#6782),(#6783,#6784,#6785,#6786),
(#6787,#6788,#6789,#6790),(#6791,#6792,#6793,#6794),(#6795,#6796,#6797,
#6798),(#6799,#6800,#6801,#6802),(#6803,#6804,#6805,#6806),(#6807,#6808,
#6809,#6810),(#6811,#6812,#6813,#6814),(#6815,#6816,#6817,#6818)),
 .UNSPECIFIED.,.F.,.F.,.F.,(4,1,1,1,1,1,1,1,1,4),(4,4),(-0.01333688215144,
0.,0.1428571522933,0.2857142962507,0.428571440208,0.5714285841654,0.7142857281227,
0.85714287208,1.,1.013351095377),(8.757197814124E-10,0.9999999999491),
 .UNSPECIFIED.);
#16=CONICAL_SURFACE('',#3904,11.06715801481,0.261799387799149);
#17=CONICAL_SURFACE('',#4005,11.06715801481,0.261799387799149);
#18=CONICAL_SURFACE('',#4066,0.9000000000019,0.785398163397448);
#19=CONICAL_SURFACE('',#4072,0.9000000000019,0.785398163397448);
#20=CONICAL_SURFACE('',#4078,0.9000000000019,0.785398163397448);
#21=CONICAL_SURFACE('',#4084,0.9000000000019,0.785398163397448);
#22=(
BOUNDED_SURFACE()
B_SPLINE_SURFACE(3,3,((#5963,#5964,#5965,#5966,#5967,#5968),(#5969,#5970,
#5971,#5972,#5973,#5974),(#5975,#5976,#5977,#5978,#5979,#5980),(#5981,#5982,
#5983,#5984,#5985,#5986)),.UNSPECIFIED.,.F.,.F.,.F.)
B_SPLINE_SURFACE_WITH_KNOTS((4,4),(4,1,1,4),(0.,1.),(0.76599495951,0.7695815304003,
0.7739792793321,0.7757895111706),.UNSPECIFIED.)
GEOMETRIC_REPRESENTATION_ITEM()
RATIONAL_B_SPLINE_SURFACE(((1.153865736931,1.153865736931,1.153865736931,
1.153865736931,1.153865736931,1.153865736931),(0.9487114210232,0.9487114210232,
0.9487114210232,0.9487114210232,0.9487114210232,0.9487114210232),(0.9487114210232,
0.9487114210232,0.9487114210232,0.9487114210232,0.9487114210232,0.9487114210232),
(1.153865736931,1.153865736931,1.153865736931,1.153865736931,1.153865736931,
1.153865736931)))
REPRESENTATION_ITEM('')
SURFACE()
);
#23=(
BOUNDED_SURFACE()
B_SPLINE_SURFACE(3,3,((#6023,#6024,#6025,#6026,#6027,#6028,#6029,#6030,
#6031),(#6032,#6033,#6034,#6035,#6036,#6037,#6038,#6039,#6040),(#6041,#6042,
#6043,#6044,#6045,#6046,#6047,#6048,#6049),(#6050,#6051,#6052,#6053,#6054,
#6055,#6056,#6057,#6058)),.UNSPECIFIED.,.F.,.F.,.F.)
B_SPLINE_SURFACE_WITH_KNOTS((4,4),(4,1,1,1,1,1,4),(0.1644622422099,0.835539245135714),
(0.,0.1307004988147,0.2727131764245,0.4299530836995,0.6015149293689,0.7901759695314,
1.),.UNSPECIFIED.)
GEOMETRIC_REPRESENTATION_ITEM()
RATIONAL_B_SPLINE_SURFACE(((1.17157288044098,1.17157288044098,1.17157288044098,
1.17157288044098,1.17157288044098,1.17157288044098,1.17157288044098,1.17157288044098,
1.17157288044098),(0.942808532829647,0.942808532829647,0.942808532829647,
0.942808532829647,0.942808532829647,0.942808532829647,0.942808532829647,
0.942808532829647,0.942808532829647),(0.94280903985403,0.94280903985403,
0.94280903985403,0.94280903985403,0.94280903985403,0.94280903985403,0.94280903985403,
0.94280903985403,0.94280903985403),(1.17157440151413,1.17157440151413,1.17157440151413,
1.17157440151413,1.17157440151413,1.17157440151413,1.17157440151413,1.17157440151413,
1.17157440151413)))
REPRESENTATION_ITEM('')
SURFACE()
);
#24=(
BOUNDED_SURFACE()
B_SPLINE_SURFACE(3,3,((#6073,#6074,#6075,#6076,#6077,#6078,#6079),(#6080,
#6081,#6082,#6083,#6084,#6085,#6086),(#6087,#6088,#6089,#6090,#6091,#6092,
#6093),(#6094,#6095,#6096,#6097,#6098,#6099,#6100)),.UNSPECIFIED.,.F.,.F.,
 .F.)
B_SPLINE_SURFACE_WITH_KNOTS((4,4),(4,1,1,1,4),(0.,1.),(0.9848678854539,
0.9873608260371,0.9933773035585,1.,1.000342340191),.UNSPECIFIED.)
GEOMETRIC_REPRESENTATION_ITEM()
RATIONAL_B_SPLINE_SURFACE(((1.181380718087,1.181380718087,1.181380718087,
1.181380718087,1.181380718087,1.181380718087,1.181380718087),(0.9395397606377,
0.9395397606377,0.9395397606377,0.9395397606377,0.9395397606377,0.9395397606377,
0.9395397606377),(0.9395397606377,0.9395397606377,0.9395397606377,0.9395397606377,
0.9395397606377,0.9395397606377,0.9395397606377),(1.181380718087,1.181380718087,
1.181380718087,1.181380718087,1.181380718087,1.181380718087,1.181380718087)))
REPRESENTATION_ITEM('')
SURFACE()
);
#25=(
BOUNDED_SURFACE()
B_SPLINE_SURFACE(3,3,((#6420,#6421,#6422,#6423,#6424,#6425,#6426,#6427,
#6428,#6429,#6430,#6431),(#6432,#6433,#6434,#6435,#6436,#6437,#6438,#6439,
#6440,#6441,#6442,#6443),(#6444,#6445,#6446,#6447,#6448,#6449,#6450,#6451,
#6452,#6453,#6454,#6455),(#6456,#6457,#6458,#6459,#6460,#6461,#6462,#6463,
#6464,#6465,#6466,#6467)),.UNSPECIFIED.,.F.,.F.,.F.)
B_SPLINE_SURFACE_WITH_KNOTS((4,4),(4,1,1,1,1,1,1,1,1,4),(0.,1.),(-0.5517935973132,
0.,0.1067557813999,0.2180305841367,0.3426267504585,0.4818751079125,0.6369101389448,
0.8088258251404,1.,1.442158270499),.UNSPECIFIED.)
GEOMETRIC_REPRESENTATION_ITEM()
RATIONAL_B_SPLINE_SURFACE(((1.302588392254,1.302588392254,1.302588392254,
1.302588392254,1.302588392254,1.302588392254,1.302588392254,1.302588392254,
1.302588392254,1.302588392254,1.302588392254,1.302588392254),(0.899137202582,
0.899137202582,0.899137202582,0.899137202582,0.899137202582,0.899137202582,
0.899137202582,0.899137202582,0.899137202582,0.899137202582,0.899137202582,
0.899137202582),(0.899137202582,0.899137202582,0.899137202582,0.899137202582,
0.899137202582,0.899137202582,0.899137202582,0.899137202582,0.899137202582,
0.899137202582,0.899137202582,0.899137202582),(1.302588392254,1.302588392254,
1.302588392254,1.302588392254,1.302588392254,1.302588392254,1.302588392254,
1.302588392254,1.302588392254,1.302588392254,1.302588392254,1.302588392254)))
REPRESENTATION_ITEM('')
SURFACE()
);
#26=(
BOUNDED_SURFACE()
B_SPLINE_SURFACE(3,3,((#6505,#6506,#6507,#6508,#6509,#6510,#6511),(#6512,
#6513,#6514,#6515,#6516,#6517,#6518),(#6519,#6520,#6521,#6522,#6523,#6524,
#6525),(#6526,#6527,#6528,#6529,#6530,#6531,#6532)),.UNSPECIFIED.,.F.,.F.,
 .F.)
B_SPLINE_SURFACE_WITH_KNOTS((4,4),(4,1,1,1,4),(0.,1.),(0.9848679051053,
0.9869706856781,0.9931762022062,1.,1.000342342182),.UNSPECIFIED.)
GEOMETRIC_REPRESENTATION_ITEM()
RATIONAL_B_SPLINE_SURFACE(((1.181380717442,1.181380717442,1.181380717442,
1.181380717442,1.181380717442,1.181380717442,1.181380717442),(0.9395397608526,
0.9395397608526,0.9395397608526,0.9395397608526,0.9395397608526,0.9395397608526,
0.9395397608526),(0.9395397608526,0.9395397608526,0.9395397608526,0.9395397608526,
0.9395397608526,0.9395397608526,0.9395397608526),(1.181380717442,1.181380717442,
1.181380717442,1.181380717442,1.181380717442,1.181380717442,1.181380717442)))
REPRESENTATION_ITEM('')
SURFACE()
);
#27=(
BOUNDED_SURFACE()
B_SPLINE_SURFACE(3,3,((#6573,#6574,#6575,#6576,#6577,#6578),(#6579,#6580,
#6581,#6582,#6583,#6584),(#6585,#6586,#6587,#6588,#6589,#6590),(#6591,#6592,
#6593,#6594,#6595,#6596)),.UNSPECIFIED.,.F.,.F.,.F.)
B_SPLINE_SURFACE_WITH_KNOTS((4,4),(4,1,1,4),(0.,1.),(0.2242161782797,0.2272768335374,
0.2315171101378,0.2340107655031),.UNSPECIFIED.)
GEOMETRIC_REPRESENTATION_ITEM()
RATIONAL_B_SPLINE_SURFACE(((1.153865742316,1.153865742316,1.153865742316,
1.153865742316,1.153865742316,1.153865742316),(0.9487114192279,0.9487114192279,
0.9487114192279,0.9487114192279,0.9487114192279,0.9487114192279),(0.9487114192279,
0.9487114192279,0.9487114192279,0.9487114192279,0.9487114192279,0.9487114192279),
(1.153865742316,1.153865742316,1.153865742316,1.153865742316,1.153865742316,
1.153865742316)))
REPRESENTATION_ITEM('')
SURFACE()
);
#28=SPHERICAL_SURFACE('',#3882,0.25);
#29=SPHERICAL_SURFACE('',#3892,0.25);
#30=SPHERICAL_SURFACE('',#3957,0.2);
#31=SPHERICAL_SURFACE('',#3966,0.2);
#32=SPHERICAL_SURFACE('',#3970,0.2);
#33=SPHERICAL_SURFACE('',#3974,0.2);
#34=SPHERICAL_SURFACE('',#4010,0.25);
#35=SPHERICAL_SURFACE('',#4015,0.25);
#36=TOROIDAL_SURFACE('',#3820,1.749803783026,0.249999746955);
#37=TOROIDAL_SURFACE('',#3825,1.749803787252,0.2499997472383);
#38=TOROIDAL_SURFACE('',#3863,1.55,0.2);
#39=TOROIDAL_SURFACE('',#3870,1.55,0.2);
#40=TOROIDAL_SURFACE('',#3878,1.5,0.25);
#41=TOROIDAL_SURFACE('',#3894,11.48477651091,0.25);
#42=TOROIDAL_SURFACE('',#4008,11.48477651091,0.25);
#43=TOROIDAL_SURFACE('',#4018,1.5,0.25);
#44=TOROIDAL_SURFACE('',#4036,1.749803783043,0.2499997469548);
#45=TOROIDAL_SURFACE('',#4041,1.749803787252,0.2499997472384);
#46=TOROIDAL_SURFACE('',#4109,2.75,0.25);
#47=B_SPLINE_CURVE_WITH_KNOTS('',3,(#5288,#5289,#5290,#5291),
 .UNSPECIFIED.,.F.,.F.,(4,4),(0.,1.),.UNSPECIFIED.);
#48=B_SPLINE_CURVE_WITH_KNOTS('',3,(#5345,#5346,#5347,#5348),
 .UNSPECIFIED.,.F.,.F.,(4,4),(0.,1.),.UNSPECIFIED.);
#49=B_SPLINE_CURVE_WITH_KNOTS('',3,(#5544,#5545,#5546,#5547,#5548,#5549,
#5550,#5551,#5552,#5553,#5554,#5555,#5556,#5557),.UNSPECIFIED.,.F.,.F.,
(4,2,2,2,2,2,4),(0.0416048166901836,0.047389533606439,0.0545979165557766,
0.0615301853260837,0.0684624540963909,0.0768492070427815,0.0787137348293296),
 .UNSPECIFIED.);
#50=B_SPLINE_CURVE_WITH_KNOTS('',3,(#5601,#5602,#5603,#5604,#5605,#5606,
#5607,#5608),.UNSPECIFIED.,.F.,.F.,(4,2,2,4),(0.0987134429284449,0.101801984783364,
0.106084833157799,0.108881683606327),.UNSPECIFIED.);
#51=B_SPLINE_CURVE_WITH_KNOTS('',3,(#5612,#5613,#5614,#5615,#5616,#5617,
#5618,#5619),.UNSPECIFIED.,.F.,.F.,(4,2,2,4),(0.310661964835721,0.313458815284249,
0.317741663658684,0.320830205513602),.UNSPECIFIED.);
#52=B_SPLINE_CURVE_WITH_KNOTS('',3,(#5630,#5631,#5632,#5633,#5634,#5635,
#5636,#5637,#5638,#5639,#5640,#5641,#5642,#5643,#5644,#5645,#5646,#5647,
#5648,#5649,#5650,#5651),.UNSPECIFIED.,.F.,.F.,(4,3,3,3,3,3,3,4),(-0.000241052474842473,
0.,0.00564173769269118,0.0112496663371392,0.017873360201811,0.0212969342821992,
0.0281330630021413,0.0303366792534541),.UNSPECIFIED.);
#53=B_SPLINE_CURVE_WITH_KNOTS('',3,(#5652,#5653,#5654,#5655,#5656,#5657,
#5658,#5659,#5660,#5661,#5662,#5663,#5664,#5665,#5666,#5667,#5668,#5669,
#5670,#5671,#5672,#5673,#5674,#5675,#5676),.UNSPECIFIED.,.F.,.F.,(4,3,3,
3,3,3,3,3,4),(0.,0.158269650146716,0.25,0.389260244754158,0.5,0.685004543647957,
0.75,0.904411810439942,1.),.UNSPECIFIED.);
#54=B_SPLINE_CURVE_WITH_KNOTS('',3,(#5743,#5744,#5745,#5746,#5747,#5748,
#5749,#5750),.UNSPECIFIED.,.F.,.F.,(4,2,2,4),(-0.175465014087073,-0.173929687223825,
-0.168950462803064,-0.165817534202546),.UNSPECIFIED.);
#55=B_SPLINE_CURVE_WITH_KNOTS('',3,(#5751,#5752,#5753,#5754,#5755,#5756,
#5757,#5758,#5759,#5760,#5761,#5762,#5763,#5764,#5765,#5766,#5767,#5768,
#5769,#5770,#5771,#5772),.UNSPECIFIED.,.F.,.F.,(4,3,3,3,3,3,3,4),(0.,0.179329102346471,
0.3333333333333,0.486912072370196,0.640580368753043,0.6666666666667,0.841195942715151,
1.),.UNSPECIFIED.);
#56=B_SPLINE_CURVE_WITH_KNOTS('',3,(#5775,#5776,#5777,#5778,#5779,#5780,
#5781,#5782,#5783,#5784),.UNSPECIFIED.,.F.,.F.,(4,2,2,2,4),(-0.262895355558129,
-0.196680289629901,-0.131432605302333,-0.0613619343929898,-1.00000207522035E-6),
 .UNSPECIFIED.);
#57=B_SPLINE_CURVE_WITH_KNOTS('',3,(#5797,#5798,#5799,#5800,#5801,#5802,
#5803,#5804),.UNSPECIFIED.,.F.,.F.,(4,2,2,4),(0.165817534202546,0.168950462803064,
0.173929687223825,0.175465014087073),.UNSPECIFIED.);
#58=B_SPLINE_CURVE_WITH_KNOTS('',3,(#5806,#5807,#5808,#5809,#5810,#5811,
#5812,#5813,#5814,#5815,#5816,#5817,#5818,#5819,#5820,#5821,#5822,#5823,
#5824,#5825,#5826,#5827),.UNSPECIFIED.,.F.,.F.,(4,3,3,3,3,3,3,4),(0.,0.178671612345596,
0.3333333333333,0.486782205481248,0.640371777141235,0.6666666666667,0.841316991570261,
1.),.UNSPECIFIED.);
#59=B_SPLINE_CURVE_WITH_KNOTS('',3,(#5833,#5834,#5835,#5836,#5837,#5838,
#5839,#5840,#5841,#5842,#5843,#5844,#5845,#5846,#5847,#5848,#5849,#5850,
#5851,#5852,#5853,#5854,#5855,#5856,#5857),.UNSPECIFIED.,.F.,.F.,(4,3,3,
3,3,3,3,3,4),(0.,0.152518711025293,0.25,0.404930651325643,0.5,0.683214438486119,
0.75,0.897942742834388,1.),.UNSPECIFIED.);
#60=B_SPLINE_CURVE_WITH_KNOTS('',3,(#5860,#5861,#5862,#5863,#5864,#5865,
#5866,#5867,#5868,#5869),.UNSPECIFIED.,.F.,.F.,(4,2,2,2,4),(-0.263546550740212,
-0.202023955305311,-0.131781295620619,-0.0663758241290388,-1.00000048700906E-6),
 .UNSPECIFIED.);
#61=B_SPLINE_CURVE_WITH_KNOTS('',3,(#5881,#5882,#5883,#5884,#5885,#5886,
#5887,#5888),.UNSPECIFIED.,.F.,.F.,(4,2,2,4),(0.0987134429289897,0.101801984783815,
0.106084833158316,0.108881683606914),.UNSPECIFIED.);
#62=B_SPLINE_CURVE_WITH_KNOTS('',3,(#5892,#5893,#5894,#5895,#5896,#5897,
#5898,#5899),.UNSPECIFIED.,.F.,.F.,(4,2,2,4),(0.310661964837738,0.313458815286333,
0.317741663660835,0.320830205515965),.UNSPECIFIED.);
#63=B_SPLINE_CURVE_WITH_KNOTS('',3,(#5902,#5903,#5904,#5905,#5906,#5907,
#5908,#5909,#5910,#5911,#5912,#5913,#5914,#5915,#5916,#5917,#5918,#5919,
#5920,#5921,#5922,#5923),.UNSPECIFIED.,.F.,.F.,(4,3,3,3,3,3,3,4),(-0.0806971959497691,
-0.0804561434749279,-0.0748144057822776,-0.0692064771378619,-0.0625827832733697,
-0.0591592091928478,-0.0523230804728765,-0.0501194642216338),
 .UNSPECIFIED.);
#64=B_SPLINE_CURVE_WITH_KNOTS('',3,(#5926,#5927,#5928,#5929,#5930,#5931,
#5932,#5933,#5934,#5935,#5936,#5937,#5938,#5939,#5940,#5941,#5942,#5943,
#5944,#5945,#5946,#5947),.UNSPECIFIED.,.F.,.F.,(4,3,3,3,3,3,3,4),(-0.000241052474843612,
0.,0.0056417376926909,0.0112496663371389,0.0178733602016435,0.0212969342822019,
0.028133063002206,0.0303366792534595),.UNSPECIFIED.);
#65=B_SPLINE_CURVE_WITH_KNOTS('',3,(#5994,#5995,#5996,#5997,#5998,#5999,
#6000,#6001,#6002,#6003,#6004,#6005,#6006,#6007,#6008,#6009,#6010,#6011,
#6012,#6013,#6014,#6015,#6016,#6017,#6018,#6019,#6020,#6021),
 .UNSPECIFIED.,.F.,.F.,(4,2,2,2,2,2,2,2,2,2,2,2,2,4),(0.,0.125751517212611,
0.218263997998377,0.25,0.410223478649757,0.5,0.579740873344467,0.670906477902475,
0.732311046836667,0.75,0.845980468591614,0.871282317854754,0.964062075203913,
1.),.UNSPECIFIED.);
#66=B_SPLINE_CURVE_WITH_KNOTS('',3,(#6157,#6158,#6159,#6160),
 .UNSPECIFIED.,.F.,.F.,(4,4),(0.,1.),.UNSPECIFIED.);
#67=B_SPLINE_CURVE_WITH_KNOTS('',3,(#6214,#6215,#6216,#6217),
 .UNSPECIFIED.,.F.,.F.,(4,4),(0.,1.),.UNSPECIFIED.);
#68=B_SPLINE_CURVE_WITH_KNOTS('',3,(#6225,#6226,#6227,#6228),
 .UNSPECIFIED.,.F.,.F.,(4,4),(0.,1.),.UNSPECIFIED.);
#69=B_SPLINE_CURVE_WITH_KNOTS('',3,(#6231,#6232,#6233,#6234),
 .UNSPECIFIED.,.F.,.F.,(4,4),(0.,1.),.UNSPECIFIED.);
#70=B_SPLINE_CURVE_WITH_KNOTS('',3,(#6237,#6238,#6239,#6240),
 .UNSPECIFIED.,.F.,.F.,(4,4),(0.,1.),.UNSPECIFIED.);
#71=B_SPLINE_CURVE_WITH_KNOTS('',3,(#6243,#6244,#6245,#6246),
 .UNSPECIFIED.,.F.,.F.,(4,4),(0.,1.),.UNSPECIFIED.);
#72=B_SPLINE_CURVE_WITH_KNOTS('',3,(#6472,#6473,#6474,#6475,#6476,#6477,
#6478,#6479,#6480,#6481,#6482,#6483,#6484,#6485,#6486,#6487,#6488,#6489,
#6490,#6491,#6492,#6493,#6494,#6495,#6496,#6497,#6498,#6499,#6500,#6501),
 .UNSPECIFIED.,.F.,.F.,(4,2,2,2,2,2,2,2,2,2,2,2,2,2,4),(3.5413969662684E-10,
0.130717880066859,0.20300871686487,0.25,0.379049694137389,0.5,0.532596261880404,
0.624658720806321,0.667106935746419,0.75,0.787333196603681,0.881477467481558,
0.895687945039783,0.987375441737612,0.99999994043615),.UNSPECIFIED.);
#73=B_SPLINE_CURVE_WITH_KNOTS('',3,(#6548,#6549,#6550,#6551,#6552,#6553,
#6554,#6555,#6556,#6557,#6558,#6559,#6560,#6561,#6562,#6563,#6564,#6565,
#6566,#6567,#6568,#6569),.UNSPECIFIED.,.F.,.F.,(4,3,3,3,3,3,3,4),(-0.0806971959497701,
-0.0804561434749277,-0.0748144057822774,-0.0692064771378618,-0.0625827832733683,
-0.0591592091928478,-0.0523230804728779,-0.0501194642216294),
 .UNSPECIFIED.);
#74=B_SPLINE_CURVE_WITH_KNOTS('',3,(#6618,#6619,#6620,#6621,#6622,#6623,
#6624,#6625,#6626,#6627,#6628,#6629,#6630,#6631),.UNSPECIFIED.,.F.,.F.,
(4,2,2,2,2,2,4),(0.210967232913785,0.213266660557119,0.221189322682612,
0.228510540201432,0.235831757720252,0.2426550009001,0.248056301190562),
 .UNSPECIFIED.);
#75=B_SPLINE_CURVE_WITH_KNOTS('',3,(#6698,#6699,#6700,#6701,#6702,#6703,
#6704,#6705,#6706,#6707),.UNSPECIFIED.,.F.,.F.,(4,2,2,2,4),(-0.314621120975675,
-0.235224835286873,-0.157311409524243,-0.0793818944373766,-1.00000010944123E-6),
 .UNSPECIFIED.);
#76=B_SPLINE_CURVE_WITH_KNOTS('',3,(#6760,#6761,#6762,#6763,#6764,#6765,
#6766,#6767,#6768,#6769),.UNSPECIFIED.,.F.,.F.,(4,2,2,2,4),(-0.314731192644873,
-0.23532040768017,-0.157366109329047,-0.0794296600016873,-1.00000011504786E-6),
 .UNSPECIFIED.);
#77=ELLIPSE('',#3740,265.198838978226,68.7289091925514);
#78=ELLIPSE('',#3741,4.71201920624291,1.75);
#79=ELLIPSE('',#3749,4.71201920624291,1.75);
#80=ELLIPSE('',#3763,4.71201920624291,1.75);
#81=ELLIPSE('',#3767,265.183767217797,68.726704180582);
#82=ELLIPSE('',#3771,4.71201920624291,1.75);
#83=ELLIPSE('',#3797,0.270006635555879,0.2500558502416);
#84=ELLIPSE('',#3799,0.210980184622563,0.199973333139089);
#85=ELLIPSE('',#3802,0.210980207457709,0.199973363782507);
#86=ELLIPSE('',#3804,0.270006629935368,0.250055848288853);
#87=ELLIPSE('',#3831,0.312348232146133,0.269266840639579);
#88=ELLIPSE('',#3840,0.721163908293783,0.25);
#89=ELLIPSE('',#3844,4.57496004107315,1.75);
#90=ELLIPSE('',#3845,4.5826522716614,1.75156173693191);
#91=ELLIPSE('',#3846,0.307002649895903,0.18414542209499);
#92=ELLIPSE('',#3853,0.322092608057091,0.2);
#93=ELLIPSE('',#3854,0.206124468052825,0.2);
#94=ELLIPSE('',#3855,0.206124468052825,0.2);
#95=ELLIPSE('',#3856,0.322092608057091,0.2);
#96=ELLIPSE('',#3866,4.57496004107315,1.75);
#97=ELLIPSE('',#3868,4.57496004107315,1.75);
#98=ELLIPSE('',#3872,0.30078592269138,0.182199714521011);
#99=ELLIPSE('',#3874,4.58263793924772,1.75155850438783);
#100=ELLIPSE('',#3876,4.57496004107315,1.75);
#101=ELLIPSE('',#3889,0.312348668300419,0.269267027575371);
#102=ELLIPSE('',#3897,0.0613952425835234,0.049778846880805);
#103=ELLIPSE('',#3900,0.221453160461762,0.2);
#104=ELLIPSE('',#3906,0.212264355871025,0.2);
#105=ELLIPSE('',#3925,5.11590656677802,1.9);
#106=ELLIPSE('',#3927,5.11590656677802,1.9);
#107=ELLIPSE('',#3930,5.11590656677802,1.9);
#108=ELLIPSE('',#3932,5.11590656677802,1.9);
#109=ELLIPSE('',#3996,0.212264355871032,0.2);
#110=ELLIPSE('',#3997,0.221453160461762,0.2);
#111=ELLIPSE('',#4000,0.0614527396413345,0.0498368597312767);
#112=ELLIPSE('',#4052,2.00038992296963,2.);
#113=ELLIPSE('',#4055,2.00038992296963,2.);
#114=ELLIPSE('',#4060,0.721163908293783,0.25);
#115=ORIENTED_CLOSED_SHELL('',*,#3709,.F.);
#116=ORIENTED_CLOSED_SHELL('',*,#3710,.F.);
#117=ORIENTED_CLOSED_SHELL('',*,#3711,.F.);
#118=ORIENTED_CLOSED_SHELL('',*,#3712,.F.);
#119=ORIENTED_CLOSED_SHELL('',*,#3713,.F.);
#120=ORIENTED_CLOSED_SHELL('',*,#3714,.F.);
#121=ORIENTED_CLOSED_SHELL('',*,#3715,.F.);
#122=FACE_BOUND('',#476,.T.);
#123=FACE_BOUND('',#479,.T.);
#124=FACE_BOUND('',#514,.T.);
#125=FACE_BOUND('',#515,.T.);
#126=FACE_BOUND('',#516,.T.);
#127=FACE_BOUND('',#541,.T.);
#128=FACE_BOUND('',#542,.T.);
#129=FACE_BOUND('',#543,.T.);
#130=FACE_BOUND('',#544,.T.);
#131=FACE_BOUND('',#614,.T.);
#132=FACE_BOUND('',#698,.T.);
#133=FACE_BOUND('',#702,.T.);
#134=PLANE('',#3734);
#135=PLANE('',#3738);
#136=PLANE('',#3739);
#137=PLANE('',#3742);
#138=PLANE('',#3747);
#139=PLANE('',#3748);
#140=PLANE('',#3750);
#141=PLANE('',#3751);
#142=PLANE('',#3756);
#143=PLANE('',#3757);
#144=PLANE('',#3760);
#145=PLANE('',#3764);
#146=PLANE('',#3768);
#147=PLANE('',#3769);
#148=PLANE('',#3770);
#149=PLANE('',#3772);
#150=PLANE('',#3773);
#151=PLANE('',#3780);
#152=PLANE('',#3781);
#153=PLANE('',#3782);
#154=PLANE('',#3783);
#155=PLANE('',#3787);
#156=PLANE('',#3788);
#157=PLANE('',#3792);
#158=PLANE('',#3793);
#159=PLANE('',#3794);
#160=PLANE('',#3808);
#161=PLANE('',#3810);
#162=PLANE('',#3811);
#163=PLANE('',#3812);
#164=PLANE('',#3814);
#165=PLANE('',#3815);
#166=PLANE('',#3816);
#167=PLANE('',#3817);
#168=PLANE('',#3832);
#169=PLANE('',#3833);
#170=PLANE('',#3834);
#171=PLANE('',#3835);
#172=PLANE('',#3836);
#173=PLANE('',#3837);
#174=PLANE('',#3842);
#175=PLANE('',#3843);
#176=PLANE('',#3848);
#177=PLANE('',#3867);
#178=PLANE('',#3875);
#179=PLANE('',#3887);
#180=PLANE('',#3901);
#181=PLANE('',#3907);
#182=PLANE('',#3908);
#183=PLANE('',#3909);
#184=PLANE('',#3910);
#185=PLANE('',#3914);
#186=PLANE('',#3915);
#187=PLANE('',#3916);
#188=PLANE('',#3917);
#189=PLANE('',#3918);
#190=PLANE('',#3919);
#191=PLANE('',#3920);
#192=PLANE('',#3921);
#193=PLANE('',#3922);
#194=PLANE('',#3923);
#195=PLANE('',#3928);
#196=PLANE('',#3933);
#197=PLANE('',#3934);
#198=PLANE('',#3935);
#199=PLANE('',#3936);
#200=PLANE('',#3937);
#201=PLANE('',#3938);
#202=PLANE('',#3939);
#203=PLANE('',#3940);
#204=PLANE('',#3941);
#205=PLANE('',#3942);
#206=PLANE('',#3945);
#207=PLANE('',#3946);
#208=PLANE('',#3947);
#209=PLANE('',#3950);
#210=PLANE('',#3953);
#211=PLANE('',#3962);
#212=PLANE('',#3975);
#213=PLANE('',#3980);
#214=PLANE('',#3983);
#215=PLANE('',#3987);
#216=PLANE('',#3989);
#217=PLANE('',#3991);
#218=PLANE('',#3993);
#219=PLANE('',#3994);
#220=PLANE('',#4002);
#221=PLANE('',#4022);
#222=PLANE('',#4023);
#223=PLANE('',#4024);
#224=PLANE('',#4025);
#225=PLANE('',#4031);
#226=PLANE('',#4032);
#227=PLANE('',#4033);
#228=PLANE('',#4034);
#229=PLANE('',#4035);
#230=PLANE('',#4045);
#231=PLANE('',#4048);
#232=PLANE('',#4051);
#233=PLANE('',#4057);
#234=PLANE('',#4059);
#235=PLANE('',#4063);
#236=PLANE('',#4071);
#237=PLANE('',#4077);
#238=PLANE('',#4083);
#239=PLANE('',#4089);
#240=PLANE('',#4090);
#241=PLANE('',#4091);
#242=PLANE('',#4092);
#243=PLANE('',#4093);
#244=PLANE('',#4094);
#245=PLANE('',#4095);
#246=PLANE('',#4096);
#247=PLANE('',#4097);
#248=PLANE('',#4098);
#249=PLANE('',#4099);
#250=PLANE('',#4100);
#251=PLANE('',#4101);
#252=PLANE('',#4104);
#253=PLANE('',#4112);
#254=PLANE('',#4116);
#255=FACE_OUTER_BOUND('',#474,.T.);
#256=FACE_OUTER_BOUND('',#475,.T.);
#257=FACE_OUTER_BOUND('',#477,.T.);
#258=FACE_OUTER_BOUND('',#478,.T.);
#259=FACE_OUTER_BOUND('',#480,.T.);
#260=FACE_OUTER_BOUND('',#481,.T.);
#261=FACE_OUTER_BOUND('',#482,.T.);
#262=FACE_OUTER_BOUND('',#483,.T.);
#263=FACE_OUTER_BOUND('',#484,.T.);
#264=FACE_OUTER_BOUND('',#485,.T.);
#265=FACE_OUTER_BOUND('',#486,.T.);
#266=FACE_OUTER_BOUND('',#487,.T.);
#267=FACE_OUTER_BOUND('',#488,.T.);
#268=FACE_OUTER_BOUND('',#489,.T.);
#269=FACE_OUTER_BOUND('',#490,.T.);
#270=FACE_OUTER_BOUND('',#491,.T.);
#271=FACE_OUTER_BOUND('',#492,.T.);
#272=FACE_OUTER_BOUND('',#493,.T.);
#273=FACE_OUTER_BOUND('',#494,.T.);
#274=FACE_OUTER_BOUND('',#495,.T.);
#275=FACE_OUTER_BOUND('',#496,.T.);
#276=FACE_OUTER_BOUND('',#497,.T.);
#277=FACE_OUTER_BOUND('',#498,.T.);
#278=FACE_OUTER_BOUND('',#499,.T.);
#279=FACE_OUTER_BOUND('',#500,.T.);
#280=FACE_OUTER_BOUND('',#501,.T.);
#281=FACE_OUTER_BOUND('',#502,.T.);
#282=FACE_OUTER_BOUND('',#503,.T.);
#283=FACE_OUTER_BOUND('',#504,.T.);
#284=FACE_OUTER_BOUND('',#505,.T.);
#285=FACE_OUTER_BOUND('',#506,.T.);
#286=FACE_OUTER_BOUND('',#507,.T.);
#287=FACE_OUTER_BOUND('',#508,.T.);
#288=FACE_OUTER_BOUND('',#509,.T.);
#289=FACE_OUTER_BOUND('',#510,.T.);
#290=FACE_OUTER_BOUND('',#511,.T.);
#291=FACE_OUTER_BOUND('',#512,.T.);
#292=FACE_OUTER_BOUND('',#513,.T.);
#293=FACE_OUTER_BOUND('',#517,.T.);
#294=FACE_OUTER_BOUND('',#518,.T.);
#295=FACE_OUTER_BOUND('',#519,.T.);
#296=FACE_OUTER_BOUND('',#520,.T.);
#297=FACE_OUTER_BOUND('',#521,.T.);
#298=FACE_OUTER_BOUND('',#522,.T.);
#299=FACE_OUTER_BOUND('',#523,.T.);
#300=FACE_OUTER_BOUND('',#524,.T.);
#301=FACE_OUTER_BOUND('',#525,.T.);
#302=FACE_OUTER_BOUND('',#526,.T.);
#303=FACE_OUTER_BOUND('',#527,.T.);
#304=FACE_OUTER_BOUND('',#528,.T.);
#305=FACE_OUTER_BOUND('',#529,.T.);
#306=FACE_OUTER_BOUND('',#530,.T.);
#307=FACE_OUTER_BOUND('',#531,.T.);
#308=FACE_OUTER_BOUND('',#532,.T.);
#309=FACE_OUTER_BOUND('',#533,.T.);
#310=FACE_OUTER_BOUND('',#534,.T.);
#311=FACE_OUTER_BOUND('',#535,.T.);
#312=FACE_OUTER_BOUND('',#536,.T.);
#313=FACE_OUTER_BOUND('',#537,.T.);
#314=FACE_OUTER_BOUND('',#538,.T.);
#315=FACE_OUTER_BOUND('',#539,.T.);
#316=FACE_OUTER_BOUND('',#540,.T.);
#317=FACE_OUTER_BOUND('',#545,.T.);
#318=FACE_OUTER_BOUND('',#546,.T.);
#319=FACE_OUTER_BOUND('',#547,.T.);
#320=FACE_OUTER_BOUND('',#548,.T.);
#321=FACE_OUTER_BOUND('',#549,.T.);
#322=FACE_OUTER_BOUND('',#550,.T.);
#323=FACE_OUTER_BOUND('',#551,.T.);
#324=FACE_OUTER_BOUND('',#552,.T.);
#325=FACE_OUTER_BOUND('',#553,.T.);
#326=FACE_OUTER_BOUND('',#554,.T.);
#327=FACE_OUTER_BOUND('',#555,.T.);
#328=FACE_OUTER_BOUND('',#556,.T.);
#329=FACE_OUTER_BOUND('',#557,.T.);
#330=FACE_OUTER_BOUND('',#558,.T.);
#331=FACE_OUTER_BOUND('',#559,.T.);
#332=FACE_OUTER_BOUND('',#560,.T.);
#333=FACE_OUTER_BOUND('',#561,.T.);
#334=FACE_OUTER_BOUND('',#562,.T.);
#335=FACE_OUTER_BOUND('',#563,.T.);
#336=FACE_OUTER_BOUND('',#564,.T.);
#337=FACE_OUTER_BOUND('',#565,.T.);
#338=FACE_OUTER_BOUND('',#566,.T.);
#339=FACE_OUTER_BOUND('',#567,.T.);
#340=FACE_OUTER_BOUND('',#568,.T.);
#341=FACE_OUTER_BOUND('',#569,.T.);
#342=FACE_OUTER_BOUND('',#570,.T.);
#343=FACE_OUTER_BOUND('',#571,.T.);
#344=FACE_OUTER_BOUND('',#572,.T.);
#345=FACE_OUTER_BOUND('',#573,.T.);
#346=FACE_OUTER_BOUND('',#574,.T.);
#347=FACE_OUTER_BOUND('',#575,.T.);
#348=FACE_OUTER_BOUND('',#576,.T.);
#349=FACE_OUTER_BOUND('',#577,.T.);
#350=FACE_OUTER_BOUND('',#578,.T.);
#351=FACE_OUTER_BOUND('',#579,.T.);
#352=FACE_OUTER_BOUND('',#580,.T.);
#353=FACE_OUTER_BOUND('',#581,.T.);
#354=FACE_OUTER_BOUND('',#582,.T.);
#355=FACE_OUTER_BOUND('',#583,.T.);
#356=FACE_OUTER_BOUND('',#584,.T.);
#357=FACE_OUTER_BOUND('',#585,.T.);
#358=FACE_OUTER_BOUND('',#586,.T.);
#359=FACE_OUTER_BOUND('',#587,.T.);
#360=FACE_OUTER_BOUND('',#588,.T.);
#361=FACE_OUTER_BOUND('',#589,.T.);
#362=FACE_OUTER_BOUND('',#590,.T.);
#363=FACE_OUTER_BOUND('',#591,.T.);
#364=FACE_OUTER_BOUND('',#592,.T.);
#365=FACE_OUTER_BOUND('',#593,.T.);
#366=FACE_OUTER_BOUND('',#594,.T.);
#367=FACE_OUTER_BOUND('',#595,.T.);
#368=FACE_OUTER_BOUND('',#596,.T.);
#369=FACE_OUTER_BOUND('',#597,.T.);
#370=FACE_OUTER_BOUND('',#598,.T.);
#371=FACE_OUTER_BOUND('',#599,.T.);
#372=FACE_OUTER_BOUND('',#600,.T.);
#373=FACE_OUTER_BOUND('',#601,.T.);
#374=FACE_OUTER_BOUND('',#602,.T.);
#375=FACE_OUTER_BOUND('',#603,.T.);
#376=FACE_OUTER_BOUND('',#604,.T.);
#377=FACE_OUTER_BOUND('',#605,.T.);
#378=FACE_OUTER_BOUND('',#606,.T.);
#379=FACE_OUTER_BOUND('',#607,.T.);
#380=FACE_OUTER_BOUND('',#608,.T.);
#381=FACE_OUTER_BOUND('',#609,.T.);
#382=FACE_OUTER_BOUND('',#610,.T.);
#383=FACE_OUTER_BOUND('',#611,.T.);
#384=FACE_OUTER_BOUND('',#612,.T.);
#385=FACE_OUTER_BOUND('',#613,.T.);
#386=FACE_OUTER_BOUND('',#615,.T.);
#387=FACE_OUTER_BOUND('',#616,.T.);
#388=FACE_OUTER_BOUND('',#617,.T.);
#389=FACE_OUTER_BOUND('',#618,.T.);
#390=FACE_OUTER_BOUND('',#619,.T.);
#391=FACE_OUTER_BOUND('',#620,.T.);
#392=FACE_OUTER_BOUND('',#621,.T.);
#393=FACE_OUTER_BOUND('',#622,.T.);
#394=FACE_OUTER_BOUND('',#623,.T.);
#395=FACE_OUTER_BOUND('',#624,.T.);
#396=FACE_OUTER_BOUND('',#625,.T.);
#397=FACE_OUTER_BOUND('',#626,.T.);
#398=FACE_OUTER_BOUND('',#627,.T.);
#399=FACE_OUTER_BOUND('',#628,.T.);
#400=FACE_OUTER_BOUND('',#629,.T.);
#401=FACE_OUTER_BOUND('',#630,.T.);
#402=FACE_OUTER_BOUND('',#631,.T.);
#403=FACE_OUTER_BOUND('',#632,.T.);
#404=FACE_OUTER_BOUND('',#633,.T.);
#405=FACE_OUTER_BOUND('',#634,.T.);
#406=FACE_OUTER_BOUND('',#635,.T.);
#407=FACE_OUTER_BOUND('',#636,.T.);
#408=FACE_OUTER_BOUND('',#637,.T.);
#409=FACE_OUTER_BOUND('',#638,.T.);
#410=FACE_OUTER_BOUND('',#639,.T.);
#411=FACE_OUTER_BOUND('',#640,.T.);
#412=FACE_OUTER_BOUND('',#641,.T.);
#413=FACE_OUTER_BOUND('',#642,.T.);
#414=FACE_OUTER_BOUND('',#643,.T.);
#415=FACE_OUTER_BOUND('',#644,.T.);
#416=FACE_OUTER_BOUND('',#645,.T.);
#417=FACE_OUTER_BOUND('',#646,.T.);
#418=FACE_OUTER_BOUND('',#647,.T.);
#419=FACE_OUTER_BOUND('',#648,.T.);
#420=FACE_OUTER_BOUND('',#649,.T.);
#421=FACE_OUTER_BOUND('',#650,.T.);
#422=FACE_OUTER_BOUND('',#651,.T.);
#423=FACE_OUTER_BOUND('',#652,.T.);
#424=FACE_OUTER_BOUND('',#653,.T.);
#425=FACE_OUTER_BOUND('',#654,.T.);
#426=FACE_OUTER_BOUND('',#655,.T.);
#427=FACE_OUTER_BOUND('',#656,.T.);
#428=FACE_OUTER_BOUND('',#657,.T.);
#429=FACE_OUTER_BOUND('',#658,.T.);
#430=FACE_OUTER_BOUND('',#659,.T.);
#431=FACE_OUTER_BOUND('',#660,.T.);
#432=FACE_OUTER_BOUND('',#661,.T.);
#433=FACE_OUTER_BOUND('',#662,.T.);
#434=FACE_OUTER_BOUND('',#663,.T.);
#435=FACE_OUTER_BOUND('',#664,.T.);
#436=FACE_OUTER_BOUND('',#665,.T.);
#437=FACE_OUTER_BOUND('',#666,.T.);
#438=FACE_OUTER_BOUND('',#667,.T.);
#439=FACE_OUTER_BOUND('',#668,.T.);
#440=FACE_OUTER_BOUND('',#669,.T.);
#441=FACE_OUTER_BOUND('',#670,.T.);
#442=FACE_OUTER_BOUND('',#671,.T.);
#443=FACE_OUTER_BOUND('',#672,.T.);
#444=FACE_OUTER_BOUND('',#673,.T.);
#445=FACE_OUTER_BOUND('',#674,.T.);
#446=FACE_OUTER_BOUND('',#675,.T.);
#447=FACE_OUTER_BOUND('',#676,.T.);
#448=FACE_OUTER_BOUND('',#677,.T.);
#449=FACE_OUTER_BOUND('',#678,.T.);
#450=FACE_OUTER_BOUND('',#679,.T.);
#451=FACE_OUTER_BOUND('',#680,.T.);
#452=FACE_OUTER_BOUND('',#681,.T.);
#453=FACE_OUTER_BOUND('',#682,.T.);
#454=FACE_OUTER_BOUND('',#683,.T.);
#455=FACE_OUTER_BOUND('',#684,.T.);
#456=FACE_OUTER_BOUND('',#685,.T.);
#457=FACE_OUTER_BOUND('',#686,.T.);
#458=FACE_OUTER_BOUND('',#687,.T.);
#459=FACE_OUTER_BOUND('',#688,.T.);
#460=FACE_OUTER_BOUND('',#689,.T.);
#461=FACE_OUTER_BOUND('',#690,.T.);
#462=FACE_OUTER_BOUND('',#691,.T.);
#463=FACE_OUTER_BOUND('',#692,.T.);
#464=FACE_OUTER_BOUND('',#693,.T.);
#465=FACE_OUTER_BOUND('',#694,.T.);
#466=FACE_OUTER_BOUND('',#695,.T.);
#467=FACE_OUTER_BOUND('',#696,.T.);
#468=FACE_OUTER_BOUND('',#697,.T.);
#469=FACE_OUTER_BOUND('',#699,.T.);
#470=FACE_OUTER_BOUND('',#700,.T.);
#471=FACE_OUTER_BOUND('',#701,.T.);
#472=FACE_OUTER_BOUND('',#703,.T.);
#473=FACE_OUTER_BOUND('',#704,.T.);
#474=EDGE_LOOP('',(#2363,#2364,#2365,#2366));
#475=EDGE_LOOP('',(#2367));
#476=EDGE_LOOP('',(#2368));
#477=EDGE_LOOP('',(#2369,#2370,#2371,#2372));
#478=EDGE_LOOP('',(#2373));
#479=EDGE_LOOP('',(#2374));
#480=EDGE_LOOP('',(#2375,#2376,#2377,#2378));
#481=EDGE_LOOP('',(#2379,#2380,#2381,#2382));
#482=EDGE_LOOP('',(#2383,#2384,#2385));
#483=EDGE_LOOP('',(#2386,#2387,#2388,#2389));
#484=EDGE_LOOP('',(#2390,#2391,#2392));
#485=EDGE_LOOP('',(#2393,#2394,#2395,#2396));
#486=EDGE_LOOP('',(#2397,#2398,#2399,#2400,#2401));
#487=EDGE_LOOP('',(#2402,#2403,#2404,#2405,#2406));
#488=EDGE_LOOP('',(#2407,#2408,#2409,#2410));
#489=EDGE_LOOP('',(#2411,#2412,#2413,#2414));
#490=EDGE_LOOP('',(#2415,#2416,#2417,#2418,#2419));
#491=EDGE_LOOP('',(#2420,#2421,#2422,#2423,#2424));
#492=EDGE_LOOP('',(#2425,#2426,#2427,#2428));
#493=EDGE_LOOP('',(#2429,#2430,#2431,#2432));
#494=EDGE_LOOP('',(#2433,#2434,#2435,#2436));
#495=EDGE_LOOP('',(#2437,#2438,#2439));
#496=EDGE_LOOP('',(#2440,#2441,#2442,#2443));
#497=EDGE_LOOP('',(#2444,#2445,#2446));
#498=EDGE_LOOP('',(#2447,#2448,#2449,#2450));
#499=EDGE_LOOP('',(#2451,#2452,#2453,#2454,#2455));
#500=EDGE_LOOP('',(#2456,#2457,#2458,#2459,#2460));
#501=EDGE_LOOP('',(#2461,#2462,#2463,#2464));
#502=EDGE_LOOP('',(#2465,#2466,#2467,#2468,#2469));
#503=EDGE_LOOP('',(#2470,#2471,#2472,#2473));
#504=EDGE_LOOP('',(#2474,#2475,#2476,#2477,#2478));
#505=EDGE_LOOP('',(#2479,#2480,#2481,#2482));
#506=EDGE_LOOP('',(#2483));
#507=EDGE_LOOP('',(#2484,#2485,#2486,#2487));
#508=EDGE_LOOP('',(#2488));
#509=EDGE_LOOP('',(#2489));
#510=EDGE_LOOP('',(#2490,#2491,#2492,#2493));
#511=EDGE_LOOP('',(#2494));
#512=EDGE_LOOP('',(#2495,#2496,#2497,#2498));
#513=EDGE_LOOP('',(#2499,#2500,#2501,#2502,#2503,#2504,#2505,#2506,#2507,
#2508,#2509,#2510,#2511,#2512,#2513,#2514,#2515,#2516,#2517,#2518,#2519,
#2520,#2521,#2522,#2523,#2524,#2525,#2526,#2527,#2528,#2529,#2530,#2531,
#2532,#2533,#2534,#2535,#2536));
#514=EDGE_LOOP('',(#2537,#2538,#2539,#2540,#2541));
#515=EDGE_LOOP('',(#2542,#2543,#2544,#2545,#2546));
#516=EDGE_LOOP('',(#2547));
#517=EDGE_LOOP('',(#2548,#2549,#2550,#2551,#2552,#2553,#2554,#2555,#2556));
#518=EDGE_LOOP('',(#2557,#2558,#2559,#2560));
#519=EDGE_LOOP('',(#2561,#2562,#2563,#2564));
#520=EDGE_LOOP('',(#2565,#2566,#2567,#2568,#2569,#2570,#2571,#2572,#2573));
#521=EDGE_LOOP('',(#2574,#2575,#2576,#2577));
#522=EDGE_LOOP('',(#2578,#2579,#2580,#2581));
#523=EDGE_LOOP('',(#2582,#2583,#2584,#2585));
#524=EDGE_LOOP('',(#2586,#2587,#2588,#2589));
#525=EDGE_LOOP('',(#2590,#2591,#2592,#2593));
#526=EDGE_LOOP('',(#2594,#2595,#2596,#2597));
#527=EDGE_LOOP('',(#2598,#2599,#2600,#2601));
#528=EDGE_LOOP('',(#2602,#2603,#2604,#2605));
#529=EDGE_LOOP('',(#2606,#2607,#2608,#2609,#2610,#2611,#2612,#2613,#2614));
#530=EDGE_LOOP('',(#2615,#2616,#2617,#2618,#2619));
#531=EDGE_LOOP('',(#2620,#2621,#2622,#2623));
#532=EDGE_LOOP('',(#2624,#2625,#2626,#2627,#2628));
#533=EDGE_LOOP('',(#2629,#2630,#2631,#2632));
#534=EDGE_LOOP('',(#2633,#2634,#2635,#2636));
#535=EDGE_LOOP('',(#2637,#2638,#2639,#2640,#2641));
#536=EDGE_LOOP('',(#2642,#2643,#2644,#2645,#2646));
#537=EDGE_LOOP('',(#2647,#2648,#2649,#2650,#2651,#2652));
#538=EDGE_LOOP('',(#2653,#2654,#2655,#2656,#2657,#2658,#2659,#2660,#2661,
#2662));
#539=EDGE_LOOP('',(#2663,#2664,#2665,#2666));
#540=EDGE_LOOP('',(#2667,#2668,#2669,#2670,#2671,#2672,#2673,#2674,#2675,
#2676,#2677,#2678,#2679,#2680,#2681,#2682,#2683,#2684,#2685,#2686,#2687,
#2688,#2689,#2690,#2691,#2692,#2693,#2694));
#541=EDGE_LOOP('',(#2695));
#542=EDGE_LOOP('',(#2696));
#543=EDGE_LOOP('',(#2697));
#544=EDGE_LOOP('',(#2698));
#545=EDGE_LOOP('',(#2699,#2700,#2701,#2702,#2703,#2704));
#546=EDGE_LOOP('',(#2705,#2706,#2707,#2708));
#547=EDGE_LOOP('',(#2709,#2710,#2711,#2712,#2713,#2714,#2715,#2716));
#548=EDGE_LOOP('',(#2717,#2718,#2719,#2720));
#549=EDGE_LOOP('',(#2721,#2722,#2723,#2724,#2725,#2726));
#550=EDGE_LOOP('',(#2727,#2728,#2729,#2730));
#551=EDGE_LOOP('',(#2731,#2732,#2733,#2734,#2735,#2736,#2737,#2738,#2739,
#2740));
#552=EDGE_LOOP('',(#2741,#2742,#2743,#2744));
#553=EDGE_LOOP('',(#2745,#2746,#2747,#2748,#2749,#2750));
#554=EDGE_LOOP('',(#2751,#2752,#2753,#2754));
#555=EDGE_LOOP('',(#2755,#2756,#2757));
#556=EDGE_LOOP('',(#2758,#2759,#2760,#2761));
#557=EDGE_LOOP('',(#2762,#2763,#2764,#2765,#2766));
#558=EDGE_LOOP('',(#2767,#2768,#2769,#2770));
#559=EDGE_LOOP('',(#2771,#2772,#2773));
#560=EDGE_LOOP('',(#2774,#2775,#2776,#2777));
#561=EDGE_LOOP('',(#2778,#2779,#2780,#2781));
#562=EDGE_LOOP('',(#2782,#2783,#2784,#2785));
#563=EDGE_LOOP('',(#2786,#2787,#2788,#2789,#2790,#2791));
#564=EDGE_LOOP('',(#2792,#2793,#2794,#2795));
#565=EDGE_LOOP('',(#2796,#2797,#2798,#2799));
#566=EDGE_LOOP('',(#2800,#2801,#2802,#2803));
#567=EDGE_LOOP('',(#2804,#2805,#2806,#2807));
#568=EDGE_LOOP('',(#2808,#2809,#2810,#2811));
#569=EDGE_LOOP('',(#2812,#2813,#2814,#2815,#2816,#2817));
#570=EDGE_LOOP('',(#2818,#2819,#2820,#2821,#2822,#2823,#2824,#2825,#2826,
#2827,#2828,#2829,#2830,#2831,#2832,#2833));
#571=EDGE_LOOP('',(#2834,#2835,#2836,#2837));
#572=EDGE_LOOP('',(#2838,#2839,#2840,#2841,#2842));
#573=EDGE_LOOP('',(#2843,#2844,#2845,#2846,#2847,#2848));
#574=EDGE_LOOP('',(#2849,#2850,#2851,#2852));
#575=EDGE_LOOP('',(#2853,#2854,#2855,#2856,#2857,#2858,#2859,#2860));
#576=EDGE_LOOP('',(#2861,#2862,#2863,#2864,#2865,#2866));
#577=EDGE_LOOP('',(#2867,#2868,#2869,#2870));
#578=EDGE_LOOP('',(#2871,#2872,#2873,#2874,#2875,#2876));
#579=EDGE_LOOP('',(#2877,#2878,#2879,#2880,#2881));
#580=EDGE_LOOP('',(#2882,#2883,#2884,#2885));
#581=EDGE_LOOP('',(#2886,#2887,#2888,#2889,#2890,#2891));
#582=EDGE_LOOP('',(#2892,#2893,#2894,#2895,#2896,#2897,#2898,#2899));
#583=EDGE_LOOP('',(#2900,#2901,#2902,#2903,#2904,#2905));
#584=EDGE_LOOP('',(#2906,#2907,#2908,#2909));
#585=EDGE_LOOP('',(#2910,#2911,#2912,#2913,#2914,#2915,#2916,#2917,#2918,
#2919,#2920,#2921,#2922,#2923));
#586=EDGE_LOOP('',(#2924,#2925,#2926,#2927));
#587=EDGE_LOOP('',(#2928,#2929,#2930,#2931,#2932,#2933,#2934,#2935));
#588=EDGE_LOOP('',(#2936,#2937,#2938,#2939,#2940));
#589=EDGE_LOOP('',(#2941,#2942,#2943,#2944));
#590=EDGE_LOOP('',(#2945,#2946,#2947,#2948,#2949));
#591=EDGE_LOOP('',(#2950,#2951,#2952,#2953));
#592=EDGE_LOOP('',(#2954,#2955,#2956,#2957));
#593=EDGE_LOOP('',(#2958,#2959,#2960,#2961));
#594=EDGE_LOOP('',(#2962,#2963,#2964,#2965));
#595=EDGE_LOOP('',(#2966,#2967));
#596=EDGE_LOOP('',(#2968,#2969,#2970,#2971));
#597=EDGE_LOOP('',(#2972,#2973,#2974,#2975,#2976,#2977,#2978,#2979));
#598=EDGE_LOOP('',(#2980,#2981,#2982,#2983));
#599=EDGE_LOOP('',(#2984,#2985,#2986,#2987));
#600=EDGE_LOOP('',(#2988,#2989,#2990,#2991));
#601=EDGE_LOOP('',(#2992,#2993,#2994,#2995));
#602=EDGE_LOOP('',(#2996,#2997,#2998,#2999));
#603=EDGE_LOOP('',(#3000,#3001,#3002));
#604=EDGE_LOOP('',(#3003,#3004,#3005,#3006));
#605=EDGE_LOOP('',(#3007,#3008,#3009,#3010));
#606=EDGE_LOOP('',(#3011,#3012,#3013,#3014));
#607=EDGE_LOOP('',(#3015,#3016,#3017,#3018));
#608=EDGE_LOOP('',(#3019,#3020,#3021));
#609=EDGE_LOOP('',(#3022,#3023,#3024,#3025));
#610=EDGE_LOOP('',(#3026,#3027,#3028));
#611=EDGE_LOOP('',(#3029,#3030,#3031,#3032));
#612=EDGE_LOOP('',(#3033,#3034,#3035));
#613=EDGE_LOOP('',(#3036,#3037,#3038,#3039));
#614=EDGE_LOOP('',(#3040,#3041,#3042,#3043,#3044,#3045,#3046,#3047));
#615=EDGE_LOOP('',(#3048,#3049,#3050,#3051));
#616=EDGE_LOOP('',(#3052,#3053,#3054,#3055));
#617=EDGE_LOOP('',(#3056,#3057,#3058,#3059,#3060,#3061,#3062,#3063));
#618=EDGE_LOOP('',(#3064,#3065,#3066,#3067));
#619=EDGE_LOOP('',(#3068,#3069,#3070,#3071));
#620=EDGE_LOOP('',(#3072,#3073,#3074,#3075));
#621=EDGE_LOOP('',(#3076,#3077,#3078,#3079));
#622=EDGE_LOOP('',(#3080,#3081,#3082,#3083));
#623=EDGE_LOOP('',(#3084,#3085,#3086,#3087));
#624=EDGE_LOOP('',(#3088,#3089,#3090,#3091));
#625=EDGE_LOOP('',(#3092,#3093,#3094,#3095));
#626=EDGE_LOOP('',(#3096,#3097,#3098,#3099));
#627=EDGE_LOOP('',(#3100,#3101,#3102,#3103));
#628=EDGE_LOOP('',(#3104,#3105,#3106,#3107));
#629=EDGE_LOOP('',(#3108,#3109,#3110,#3111,#3112,#3113));
#630=EDGE_LOOP('',(#3114,#3115,#3116,#3117));
#631=EDGE_LOOP('',(#3118,#3119,#3120,#3121));
#632=EDGE_LOOP('',(#3122,#3123,#3124,#3125));
#633=EDGE_LOOP('',(#3126,#3127,#3128));
#634=EDGE_LOOP('',(#3129,#3130,#3131,#3132));
#635=EDGE_LOOP('',(#3133,#3134,#3135));
#636=EDGE_LOOP('',(#3136,#3137,#3138,#3139));
#637=EDGE_LOOP('',(#3140,#3141,#3142,#3143,#3144,#3145));
#638=EDGE_LOOP('',(#3146,#3147));
#639=EDGE_LOOP('',(#3148,#3149,#3150,#3151));
#640=EDGE_LOOP('',(#3152,#3153,#3154,#3155));
#641=EDGE_LOOP('',(#3156,#3157,#3158,#3159,#3160,#3161,#3162,#3163,#3164,
#3165,#3166,#3167));
#642=EDGE_LOOP('',(#3168,#3169,#3170,#3171));
#643=EDGE_LOOP('',(#3172,#3173,#3174,#3175));
#644=EDGE_LOOP('',(#3176,#3177,#3178,#3179));
#645=EDGE_LOOP('',(#3180,#3181,#3182,#3183));
#646=EDGE_LOOP('',(#3184,#3185,#3186,#3187,#3188,#3189,#3190,#3191,#3192));
#647=EDGE_LOOP('',(#3193,#3194,#3195,#3196));
#648=EDGE_LOOP('',(#3197,#3198,#3199,#3200,#3201));
#649=EDGE_LOOP('',(#3202,#3203,#3204,#3205));
#650=EDGE_LOOP('',(#3206,#3207,#3208,#3209,#3210));
#651=EDGE_LOOP('',(#3211,#3212,#3213,#3214));
#652=EDGE_LOOP('',(#3215,#3216,#3217,#3218));
#653=EDGE_LOOP('',(#3219,#3220,#3221,#3222));
#654=EDGE_LOOP('',(#3223,#3224,#3225,#3226));
#655=EDGE_LOOP('',(#3227,#3228,#3229,#3230));
#656=EDGE_LOOP('',(#3231,#3232,#3233,#3234,#3235,#3236,#3237,#3238));
#657=EDGE_LOOP('',(#3239,#3240,#3241,#3242));
#658=EDGE_LOOP('',(#3243,#3244,#3245,#3246));
#659=EDGE_LOOP('',(#3247,#3248,#3249,#3250));
#660=EDGE_LOOP('',(#3251,#3252,#3253,#3254,#3255,#3256,#3257,#3258,#3259,
#3260,#3261,#3262));
#661=EDGE_LOOP('',(#3263,#3264,#3265,#3266));
#662=EDGE_LOOP('',(#3267,#3268,#3269,#3270));
#663=EDGE_LOOP('',(#3271,#3272,#3273,#3274));
#664=EDGE_LOOP('',(#3275,#3276,#3277,#3278));
#665=EDGE_LOOP('',(#3279,#3280,#3281,#3282));
#666=EDGE_LOOP('',(#3283,#3284,#3285,#3286,#3287,#3288));
#667=EDGE_LOOP('',(#3289,#3290,#3291,#3292,#3293));
#668=EDGE_LOOP('',(#3294,#3295,#3296,#3297));
#669=EDGE_LOOP('',(#3298,#3299,#3300,#3301));
#670=EDGE_LOOP('',(#3302,#3303,#3304,#3305));
#671=EDGE_LOOP('',(#3306,#3307));
#672=EDGE_LOOP('',(#3308,#3309,#3310,#3311,#3312));
#673=EDGE_LOOP('',(#3313,#3314,#3315,#3316,#3317));
#674=EDGE_LOOP('',(#3318));
#675=EDGE_LOOP('',(#3319,#3320,#3321,#3322,#3323));
#676=EDGE_LOOP('',(#3324,#3325,#3326,#3327,#3328));
#677=EDGE_LOOP('',(#3329));
#678=EDGE_LOOP('',(#3330,#3331,#3332,#3333,#3334));
#679=EDGE_LOOP('',(#3335,#3336,#3337,#3338,#3339));
#680=EDGE_LOOP('',(#3340));
#681=EDGE_LOOP('',(#3341,#3342,#3343,#3344,#3345));
#682=EDGE_LOOP('',(#3346,#3347,#3348,#3349,#3350));
#683=EDGE_LOOP('',(#3351));
#684=EDGE_LOOP('',(#3352,#3353,#3354,#3355));
#685=EDGE_LOOP('',(#3356,#3357,#3358,#3359));
#686=EDGE_LOOP('',(#3360,#3361,#3362,#3363));
#687=EDGE_LOOP('',(#3364,#3365,#3366,#3367));
#688=EDGE_LOOP('',(#3368,#3369,#3370,#3371));
#689=EDGE_LOOP('',(#3372,#3373,#3374,#3375,#3376));
#690=EDGE_LOOP('',(#3377,#3378,#3379,#3380));
#691=EDGE_LOOP('',(#3381,#3382,#3383,#3384));
#692=EDGE_LOOP('',(#3385,#3386,#3387,#3388));
#693=EDGE_LOOP('',(#3389,#3390,#3391,#3392));
#694=EDGE_LOOP('',(#3393,#3394,#3395,#3396));
#695=EDGE_LOOP('',(#3397,#3398,#3399,#3400,#3401));
#696=EDGE_LOOP('',(#3402,#3403,#3404,#3405));
#697=EDGE_LOOP('',(#3406));
#698=EDGE_LOOP('',(#3407));
#699=EDGE_LOOP('',(#3408,#3409,#3410,#3411,#3412));
#700=EDGE_LOOP('',(#3413,#3414,#3415,#3416,#3417));
#701=EDGE_LOOP('',(#3418));
#702=EDGE_LOOP('',(#3419));
#703=EDGE_LOOP('',(#3420,#3421,#3422,#3423));
#704=EDGE_LOOP('',(#3424));
#705=LINE('',#5222,#1031);
#706=LINE('',#5229,#1032);
#707=LINE('',#5235,#1033);
#708=LINE('',#5240,#1034);
#709=LINE('',#5245,#1035);
#710=LINE('',#5248,#1036);
#711=LINE('',#5250,#1037);
#712=LINE('',#5255,#1038);
#713=LINE('',#5257,#1039);
#714=LINE('',#5260,#1040);
#715=LINE('',#5264,#1041);
#716=LINE('',#5265,#1042);
#717=LINE('',#5267,#1043);
#718=LINE('',#5268,#1044);
#719=LINE('',#5275,#1045);
#720=LINE('',#5276,#1046);
#721=LINE('',#5279,#1047);
#722=LINE('',#5282,#1048);
#723=LINE('',#5284,#1049);
#724=LINE('',#5298,#1050);
#725=LINE('',#5301,#1051);
#726=LINE('',#5306,#1052);
#727=LINE('',#5307,#1053);
#728=LINE('',#5311,#1054);
#729=LINE('',#5316,#1055);
#730=LINE('',#5318,#1056);
#731=LINE('',#5321,#1057);
#732=LINE('',#5325,#1058);
#733=LINE('',#5327,#1059);
#734=LINE('',#5328,#1060);
#735=LINE('',#5329,#1061);
#736=LINE('',#5334,#1062);
#737=LINE('',#5336,#1063);
#738=LINE('',#5340,#1064);
#739=LINE('',#5343,#1065);
#740=LINE('',#5352,#1066);
#741=LINE('',#5359,#1067);
#742=LINE('',#5367,#1068);
#743=LINE('',#5373,#1069);
#744=LINE('',#5375,#1070);
#745=LINE('',#5377,#1071);
#746=LINE('',#5378,#1072);
#747=LINE('',#5382,#1073);
#748=LINE('',#5384,#1074);
#749=LINE('',#5386,#1075);
#750=LINE('',#5388,#1076);
#751=LINE('',#5392,#1077);
#752=LINE('',#5396,#1078);
#753=LINE('',#5398,#1079);
#754=LINE('',#5400,#1080);
#755=LINE('',#5402,#1081);
#756=LINE('',#5404,#1082);
#757=LINE('',#5406,#1083);
#758=LINE('',#5414,#1084);
#759=LINE('',#5418,#1085);
#760=LINE('',#5420,#1086);
#761=LINE('',#5421,#1087);
#762=LINE('',#5423,#1088);
#763=LINE('',#5427,#1089);
#764=LINE('',#5435,#1090);
#765=LINE('',#5437,#1091);
#766=LINE('',#5439,#1092);
#767=LINE('',#5441,#1093);
#768=LINE('',#5443,#1094);
#769=LINE('',#5445,#1095);
#770=LINE('',#5449,#1096);
#771=LINE('',#5452,#1097);
#772=LINE('',#5455,#1098);
#773=LINE('',#5457,#1099);
#774=LINE('',#5459,#1100);
#775=LINE('',#5461,#1101);
#776=LINE('',#5462,#1102);
#777=LINE('',#5465,#1103);
#778=LINE('',#5467,#1104);
#779=LINE('',#5469,#1105);
#780=LINE('',#5471,#1106);
#781=LINE('',#5472,#1107);
#782=LINE('',#5478,#1108);
#783=LINE('',#5480,#1109);
#784=LINE('',#5482,#1110);
#785=LINE('',#5484,#1111);
#786=LINE('',#5485,#1112);
#787=LINE('',#5489,#1113);
#788=LINE('',#5490,#1114);
#789=LINE('',#5493,#1115);
#790=LINE('',#5495,#1116);
#791=LINE('',#5496,#1117);
#792=LINE('',#5499,#1118);
#793=LINE('',#5500,#1119);
#794=LINE('',#5503,#1120);
#795=LINE('',#5506,#1121);
#796=LINE('',#5508,#1122);
#797=LINE('',#5510,#1123);
#798=LINE('',#5511,#1124);
#799=LINE('',#5513,#1125);
#800=LINE('',#5515,#1126);
#801=LINE('',#5517,#1127);
#802=LINE('',#5521,#1128);
#803=LINE('',#5529,#1129);
#804=LINE('',#5539,#1130);
#805=LINE('',#5542,#1131);
#806=LINE('',#5561,#1132);
#807=LINE('',#5563,#1133);
#808=LINE('',#5564,#1134);
#809=LINE('',#5567,#1135);
#810=LINE('',#5568,#1136);
#811=LINE('',#5571,#1137);
#812=LINE('',#5572,#1138);
#813=LINE('',#5574,#1139);
#814=LINE('',#5578,#1140);
#815=LINE('',#5580,#1141);
#816=LINE('',#5586,#1142);
#817=LINE('',#5590,#1143);
#818=LINE('',#5592,#1144);
#819=LINE('',#5594,#1145);
#820=LINE('',#5595,#1146);
#821=LINE('',#5599,#1147);
#822=LINE('',#5620,#1148);
#823=LINE('',#5622,#1149);
#824=LINE('',#5629,#1150);
#825=LINE('',#5681,#1151);
#826=LINE('',#5685,#1152);
#827=LINE('',#5689,#1153);
#828=LINE('',#5691,#1154);
#829=LINE('',#5695,#1155);
#830=LINE('',#5697,#1156);
#831=LINE('',#5699,#1157);
#832=LINE('',#5701,#1158);
#833=LINE('',#5705,#1159);
#834=LINE('',#5709,#1160);
#835=LINE('',#5713,#1161);
#836=LINE('',#5717,#1162);
#837=LINE('',#5719,#1163);
#838=LINE('',#5721,#1164);
#839=LINE('',#5723,#1165);
#840=LINE('',#5727,#1166);
#841=LINE('',#5729,#1167);
#842=LINE('',#5788,#1168);
#843=LINE('',#5790,#1169);
#844=LINE('',#5792,#1170);
#845=LINE('',#5794,#1171);
#846=LINE('',#5873,#1172);
#847=LINE('',#5875,#1173);
#848=LINE('',#5877,#1174);
#849=LINE('',#5879,#1175);
#850=LINE('',#5900,#1176);
#851=LINE('',#5956,#1177);
#852=LINE('',#5961,#1178);
#853=LINE('',#6066,#1179);
#854=LINE('',#6071,#1180);
#855=LINE('',#6072,#1181);
#856=LINE('',#6106,#1182);
#857=LINE('',#6109,#1183);
#858=LINE('',#6110,#1184);
#859=LINE('',#6113,#1185);
#860=LINE('',#6114,#1186);
#861=LINE('',#6118,#1187);
#862=LINE('',#6120,#1188);
#863=LINE('',#6122,#1189);
#864=LINE('',#6123,#1190);
#865=LINE('',#6124,#1191);
#866=LINE('',#6128,#1192);
#867=LINE('',#6130,#1193);
#868=LINE('',#6132,#1194);
#869=LINE('',#6133,#1195);
#870=LINE('',#6135,#1196);
#871=LINE('',#6137,#1197);
#872=LINE('',#6139,#1198);
#873=LINE('',#6141,#1199);
#874=LINE('',#6143,#1200);
#875=LINE('',#6145,#1201);
#876=LINE('',#6149,#1202);
#877=LINE('',#6153,#1203);
#878=LINE('',#6162,#1204);
#879=LINE('',#6163,#1205);
#880=LINE('',#6166,#1206);
#881=LINE('',#6168,#1207);
#882=LINE('',#6169,#1208);
#883=LINE('',#6172,#1209);
#884=LINE('',#6174,#1210);
#885=LINE('',#6176,#1211);
#886=LINE('',#6177,#1212);
#887=LINE('',#6179,#1213);
#888=LINE('',#6183,#1214);
#889=LINE('',#6184,#1215);
#890=LINE('',#6186,#1216);
#891=LINE('',#6188,#1217);
#892=LINE('',#6189,#1218);
#893=LINE('',#6192,#1219);
#894=LINE('',#6194,#1220);
#895=LINE('',#6195,#1221);
#896=LINE('',#6196,#1222);
#897=LINE('',#6198,#1223);
#898=LINE('',#6201,#1224);
#899=LINE('',#6203,#1225);
#900=LINE('',#6204,#1226);
#901=LINE('',#6207,#1227);
#902=LINE('',#6209,#1228);
#903=LINE('',#6210,#1229);
#904=LINE('',#6213,#1230);
#905=LINE('',#6236,#1231);
#906=LINE('',#6242,#1232);
#907=LINE('',#6254,#1233);
#908=LINE('',#6256,#1234);
#909=LINE('',#6257,#1235);
#910=LINE('',#6259,#1236);
#911=LINE('',#6261,#1237);
#912=LINE('',#6263,#1238);
#913=LINE('',#6265,#1239);
#914=LINE('',#6266,#1240);
#915=LINE('',#6270,#1241);
#916=LINE('',#6272,#1242);
#917=LINE('',#6273,#1243);
#918=LINE('',#6276,#1244);
#919=LINE('',#6278,#1245);
#920=LINE('',#6279,#1246);
#921=LINE('',#6282,#1247);
#922=LINE('',#6283,#1248);
#923=LINE('',#6286,#1249);
#924=LINE('',#6287,#1250);
#925=LINE('',#6289,#1251);
#926=LINE('',#6296,#1252);
#927=LINE('',#6299,#1253);
#928=LINE('',#6300,#1254);
#929=LINE('',#6302,#1255);
#930=LINE('',#6303,#1256);
#931=LINE('',#6306,#1257);
#932=LINE('',#6310,#1258);
#933=LINE('',#6311,#1259);
#934=LINE('',#6314,#1260);
#935=LINE('',#6318,#1261);
#936=LINE('',#6319,#1262);
#937=LINE('',#6324,#1263);
#938=LINE('',#6332,#1264);
#939=LINE('',#6335,#1265);
#940=LINE('',#6337,#1266);
#941=LINE('',#6338,#1267);
#942=LINE('',#6346,#1268);
#943=LINE('',#6352,#1269);
#944=LINE('',#6357,#1270);
#945=LINE('',#6361,#1271);
#946=LINE('',#6365,#1272);
#947=LINE('',#6369,#1273);
#948=LINE('',#6373,#1274);
#949=LINE('',#6375,#1275);
#950=LINE('',#6376,#1276);
#951=LINE('',#6380,#1277);
#952=LINE('',#6385,#1278);
#953=LINE('',#6389,#1279);
#954=LINE('',#6392,#1280);
#955=LINE('',#6394,#1281);
#956=LINE('',#6396,#1282);
#957=LINE('',#6398,#1283);
#958=LINE('',#6400,#1284);
#959=LINE('',#6402,#1285);
#960=LINE('',#6405,#1286);
#961=LINE('',#6408,#1287);
#962=LINE('',#6409,#1288);
#963=LINE('',#6414,#1289);
#964=LINE('',#6418,#1290);
#965=LINE('',#6504,#1291);
#966=LINE('',#6598,#1292);
#967=LINE('',#6600,#1293);
#968=LINE('',#6602,#1294);
#969=LINE('',#6603,#1295);
#970=LINE('',#6606,#1296);
#971=LINE('',#6607,#1297);
#972=LINE('',#6609,#1298);
#973=LINE('',#6615,#1299);
#974=LINE('',#6633,#1300);
#975=LINE('',#6638,#1301);
#976=LINE('',#6640,#1302);
#977=LINE('',#6641,#1303);
#978=LINE('',#6644,#1304);
#979=LINE('',#6645,#1305);
#980=LINE('',#6648,#1306);
#981=LINE('',#6649,#1307);
#982=LINE('',#6651,#1308);
#983=LINE('',#6659,#1309);
#984=LINE('',#6666,#1310);
#985=LINE('',#6669,#1311);
#986=LINE('',#6671,#1312);
#987=LINE('',#6672,#1313);
#988=LINE('',#6676,#1314);
#989=LINE('',#6679,#1315);
#990=LINE('',#6680,#1316);
#991=LINE('',#6689,#1317);
#992=LINE('',#6693,#1318);
#993=LINE('',#6696,#1319);
#994=LINE('',#6708,#1320);
#995=LINE('',#6758,#1321);
#996=LINE('',#6770,#1322);
#997=LINE('',#6821,#1323);
#998=LINE('',#6824,#1324);
#999=LINE('',#6826,#1325);
#1000=LINE('',#6834,#1326);
#1001=LINE('',#6838,#1327);
#1002=LINE('',#6845,#1328);
#1003=LINE('',#6849,#1329);
#1004=LINE('',#6856,#1330);
#1005=LINE('',#6860,#1331);
#1006=LINE('',#6867,#1332);
#1007=LINE('',#6871,#1333);
#1008=LINE('',#6875,#1334);
#1009=LINE('',#6877,#1335);
#1010=LINE('',#6878,#1336);
#1011=LINE('',#6881,#1337);
#1012=LINE('',#6882,#1338);
#1013=LINE('',#6885,#1339);
#1014=LINE('',#6886,#1340);
#1015=LINE('',#6889,#1341);
#1016=LINE('',#6890,#1342);
#1017=LINE('',#6892,#1343);
#1018=LINE('',#6896,#1344);
#1019=LINE('',#6898,#1345);
#1020=LINE('',#6899,#1346);
#1021=LINE('',#6902,#1347);
#1022=LINE('',#6903,#1348);
#1023=LINE('',#6906,#1349);
#1024=LINE('',#6907,#1350);
#1025=LINE('',#6910,#1351);
#1026=LINE('',#6911,#1352);
#1027=LINE('',#6913,#1353);
#1028=LINE('',#6918,#1354);
#1029=LINE('',#6926,#1355);
#1030=LINE('',#6938,#1356);
#1031=VECTOR('',#4123,2.5);
#1032=VECTOR('',#4132,4.);
#1033=VECTOR('',#4139,0.07991898087152);
#1034=VECTOR('',#4144,0.405732668491478);
#1035=VECTOR('',#4149,0.1523037027291);
#1036=VECTOR('',#4154,0.2822948982595);
#1037=VECTOR('',#4157,10.);
#1038=VECTOR('',#4162,0.322380322125988);
#1039=VECTOR('',#4163,0.6742008094109);
#1040=VECTOR('',#4166,0.6427514039932);
#1041=VECTOR('',#4169,3.270945312174);
#1042=VECTOR('',#4170,1.20079443393297);
#1043=VECTOR('',#4171,3.134450557861);
#1044=VECTOR('',#4172,1.5);
#1045=VECTOR('',#4179,0.6793366641585);
#1046=VECTOR('',#4180,0.65);
#1047=VECTOR('',#4183,1.5);
#1048=VECTOR('',#4186,10.);
#1049=VECTOR('',#4189,0.65);
#1050=VECTOR('',#4202,0.2822948982595);
#1051=VECTOR('',#4205,10.);
#1052=VECTOR('',#4210,0.1523037027285);
#1053=VECTOR('',#4211,0.07991898087128);
#1054=VECTOR('',#4218,0.405732668489478);
#1055=VECTOR('',#4223,0.322380322125988);
#1056=VECTOR('',#4224,0.6427514039932);
#1057=VECTOR('',#4227,0.6742008094109);
#1058=VECTOR('',#4230,3.270945312174);
#1059=VECTOR('',#4231,1.5);
#1060=VECTOR('',#4232,3.134450557861);
#1061=VECTOR('',#4233,1.20079443393297);
#1062=VECTOR('',#4238,0.65);
#1063=VECTOR('',#4239,0.6793507089242);
#1064=VECTOR('',#4244,1.5);
#1065=VECTOR('',#4247,1.5);
#1066=VECTOR('',#4256,0.65);
#1067=VECTOR('',#4265,0.8);
#1068=VECTOR('',#4276,0.8);
#1069=VECTOR('',#4283,2.65);
#1070=VECTOR('',#4284,0.1);
#1071=VECTOR('',#4285,2.65);
#1072=VECTOR('',#4286,0.1);
#1073=VECTOR('',#4289,4.2238310995);
#1074=VECTOR('',#4290,2.);
#1075=VECTOR('',#4291,4.2238310995);
#1076=VECTOR('',#4292,7.810804019278);
#1077=VECTOR('',#4295,1.99856330097904);
#1078=VECTOR('',#4298,6.31080401953601);
#1079=VECTOR('',#4299,2.9738310995);
#1080=VECTOR('',#4300,0.5);
#1081=VECTOR('',#4301,2.9738310995);
#1082=VECTOR('',#4302,5.211483519263);
#1083=VECTOR('',#4303,2.416233072283);
#1084=VECTOR('',#4310,2.602551289797);
#1085=VECTOR('',#4313,6.45);
#1086=VECTOR('',#4314,2.65);
#1087=VECTOR('',#4315,0.5);
#1088=VECTOR('',#4316,6.45);
#1089=VECTOR('',#4319,2.602551292753);
#1090=VECTOR('',#4326,2.41623459875);
#1091=VECTOR('',#4327,5.211483519216);
#1092=VECTOR('',#4328,2.9738310995);
#1093=VECTOR('',#4329,0.5);
#1094=VECTOR('',#4330,2.9738310995);
#1095=VECTOR('',#4331,6.310804019281);
#1096=VECTOR('',#4334,1.99856330097804);
#1097=VECTOR('',#4337,7.81080401954201);
#1098=VECTOR('',#4338,1.79574668268001);
#1099=VECTOR('',#4339,0.250044033411016);
#1100=VECTOR('',#4340,0.250044033441002);
#1101=VECTOR('',#4341,1.79574668267701);
#1102=VECTOR('',#4342,0.499999999999802);
#1103=VECTOR('',#4343,0.250044033403893);
#1104=VECTOR('',#4344,1.79574668268001);
#1105=VECTOR('',#4345,0.500000000000302);
#1106=VECTOR('',#4346,1.79574668267701);
#1107=VECTOR('',#4347,0.250044033448599);
#1108=VECTOR('',#4352,1.);
#1109=VECTOR('',#4353,3.19170390772);
#1110=VECTOR('',#4354,0.7);
#1111=VECTOR('',#4355,0.7);
#1112=VECTOR('',#4356,0.8);
#1113=VECTOR('',#4359,2.25371022772097);
#1114=VECTOR('',#4360,0.6135695314109);
#1115=VECTOR('',#4363,2.);
#1116=VECTOR('',#4364,1.);
#1117=VECTOR('',#4365,2.);
#1118=VECTOR('',#4368,2.);
#1119=VECTOR('',#4369,0.6135695314109);
#1120=VECTOR('',#4372,2.25371022772097);
#1121=VECTOR('',#4375,0.8);
#1122=VECTOR('',#4376,0.7);
#1123=VECTOR('',#4377,0.7);
#1124=VECTOR('',#4378,3.19170390772);
#1125=VECTOR('',#4381,2.);
#1126=VECTOR('',#4384,2.);
#1127=VECTOR('',#4387,2.);
#1128=VECTOR('',#4392,7.81080401937702);
#1129=VECTOR('',#4403,1.99856021521501);
#1130=VECTOR('',#4416,0.5);
#1131=VECTOR('',#4419,11.96281612051);
#1132=VECTOR('',#4424,0.1);
#1133=VECTOR('',#4425,3.11968526529);
#1134=VECTOR('',#4426,0.05304325234117);
#1135=VECTOR('',#4429,0.5);
#1136=VECTOR('',#4430,0.05304325234117);
#1137=VECTOR('',#4433,3.11968526529);
#1138=VECTOR('',#4434,0.1);
#1139=VECTOR('',#4437,0.5);
#1140=VECTOR('',#4442,1.54995564465709);
#1141=VECTOR('',#4443,1.784652382017);
#1142=VECTOR('',#4450,1.552502088175);
#1143=VECTOR('',#4455,9.75460449473995);
#1144=VECTOR('',#4456,39.72741207085);
#1145=VECTOR('',#4457,10.0020958568703);
#1146=VECTOR('',#4458,27.27800899133);
#1147=VECTOR('',#4461,22.42757289733);
#1148=VECTOR('',#4464,1.06984987267);
#1149=VECTOR('',#4465,0.612566054937916);
#1150=VECTOR('',#4472,22.52464404007);
#1151=VECTOR('',#4477,19.4919226501);
#1152=VECTOR('',#4480,22.52464404008);
#1153=VECTOR('',#4483,1.146183326838);
#1154=VECTOR('',#4484,1.784648430713);
#1155=VECTOR('',#4487,1.622080002007);
#1156=VECTOR('',#4488,4.000000000026);
#1157=VECTOR('',#4489,6.375);
#1158=VECTOR('',#4490,1.63326098042);
#1159=VECTOR('',#4493,11.90437960432);
#1160=VECTOR('',#4496,18.09065028691);
#1161=VECTOR('',#4499,11.90437960432);
#1162=VECTOR('',#4502,1.63326098042);
#1163=VECTOR('',#4503,6.375);
#1164=VECTOR('',#4504,4.000000000019);
#1165=VECTOR('',#4505,1.622080001528);
#1166=VECTOR('',#4508,1.784650076247);
#1167=VECTOR('',#4509,1.146183326838);
#1168=VECTOR('',#4530,19.43193767743);
#1169=VECTOR('',#4531,1.230298872497);
#1170=VECTOR('',#4532,20.44111502958);
#1171=VECTOR('',#4533,1.23029887479404);
#1172=VECTOR('',#4550,0.612566054144119);
#1173=VECTOR('',#4551,27.27800899116);
#1174=VECTOR('',#4552,1.55250208819001);
#1175=VECTOR('',#4553,1.06984987267);
#1176=VECTOR('',#4556,22.42757289733);
#1177=VECTOR('',#4575,1.784650490468);
#1178=VECTOR('',#4582,1.54995564467201);
#1179=VECTOR('',#4605,1.526993186975);
#1180=VECTOR('',#4612,0.5688933422725);
#1181=VECTOR('',#4613,0.942679829892487);
#1182=VECTOR('',#4622,1.10887330205002);
#1183=VECTOR('',#4625,2.8);
#1184=VECTOR('',#4626,1.63389106123998);
#1185=VECTOR('',#4629,4.6);
#1186=VECTOR('',#4630,1.82625983912495);
#1187=VECTOR('',#4633,3.05);
#1188=VECTOR('',#4634,0.75);
#1189=VECTOR('',#4635,1.55);
#1190=VECTOR('',#4636,1.39);
#1191=VECTOR('',#4637,2.14);
#1192=VECTOR('',#4640,19.36343922489);
#1193=VECTOR('',#4641,0.6709453121736);
#1194=VECTOR('',#4642,3.05);
#1195=VECTOR('',#4643,0.6);
#1196=VECTOR('',#4644,19.);
#1197=VECTOR('',#4645,3.05);
#1198=VECTOR('',#4646,0.6);
#1199=VECTOR('',#4647,3.05);
#1200=VECTOR('',#4648,0.6709453121736);
#1201=VECTOR('',#4649,19.36343922489);
#1202=VECTOR('',#4652,3.643804778976);
#1203=VECTOR('',#4655,6.143804778976);
#1204=VECTOR('',#4660,19.35609256974);
#1205=VECTOR('',#4661,1.20079443393297);
#1206=VECTOR('',#4664,0.322380322125988);
#1207=VECTOR('',#4665,0.5344505578606);
#1208=VECTOR('',#4666,1.5);
#1209=VECTOR('',#4669,5.6);
#1210=VECTOR('',#4670,0.75);
#1211=VECTOR('',#4671,2.55);
#1212=VECTOR('',#4672,0.75);
#1213=VECTOR('',#4675,0.6);
#1214=VECTOR('',#4678,1.55);
#1215=VECTOR('',#4679,19.);
#1216=VECTOR('',#4680,20.2);
#1217=VECTOR('',#4681,2.55);
#1218=VECTOR('',#4682,0.6);
#1219=VECTOR('',#4685,2.14);
#1220=VECTOR('',#4686,4.6);
#1221=VECTOR('',#4687,1.39);
#1222=VECTOR('',#4688,0.75);
#1223=VECTOR('',#4691,0.75);
#1224=VECTOR('',#4694,0.75);
#1225=VECTOR('',#4695,5.6);
#1226=VECTOR('',#4696,1.5);
#1227=VECTOR('',#4699,0.5344505578606);
#1228=VECTOR('',#4700,0.322380322125988);
#1229=VECTOR('',#4701,1.20079443393297);
#1230=VECTOR('',#4704,19.35609256974);
#1231=VECTOR('',#4715,6.788910907084);
#1232=VECTOR('',#4716,16.51218513949);
#1233=VECTOR('',#4727,19.30905821155);
#1234=VECTOR('',#4730,16.41811642309);
#1235=VECTOR('',#4731,19.30905821155);
#1236=VECTOR('',#4732,1.55);
#1237=VECTOR('',#4733,11.85265396142);
#1238=VECTOR('',#4734,17.1);
#1239=VECTOR('',#4735,11.85265396142);
#1240=VECTOR('',#4736,1.55);
#1241=VECTOR('',#4741,0.159983939702401);
#1242=VECTOR('',#4742,17.07211296181);
#1243=VECTOR('',#4743,0.159983939703592);
#1244=VECTOR('',#4746,2.95083466151493);
#1245=VECTOR('',#4747,9.199218940643);
#1246=VECTOR('',#4748,2.03837726672103);
#1247=VECTOR('',#4751,16.7500453459);
#1248=VECTOR('',#4752,2.03837726672103);
#1249=VECTOR('',#4755,9.199218940641);
#1250=VECTOR('',#4756,2.95083466151693);
#1251=VECTOR('',#4759,16.7500453459);
#1252=VECTOR('',#4772,19.);
#1253=VECTOR('',#4775,2.98929923987001);
#1254=VECTOR('',#4776,1.82625983912495);
#1255=VECTOR('',#4777,2.98929923987107);
#1256=VECTOR('',#4778,17.47889100895);
#1257=VECTOR('',#4781,2.79371796291289);
#1258=VECTOR('',#4786,1.78785111669807);
#1259=VECTOR('',#4787,9.430087920925);
#1260=VECTOR('',#4790,1.78785111669895);
#1261=VECTOR('',#4795,17.47889100894);
#1262=VECTOR('',#4796,1.78785111669907);
#1263=VECTOR('',#4801,17.47889100896);
#1264=VECTOR('',#4812,9.430087920924);
#1265=VECTOR('',#4815,9.430087920924);
#1266=VECTOR('',#4818,1.78785111669695);
#1267=VECTOR('',#4819,2.79371796291306);
#1268=VECTOR('',#4832,17.47889100895);
#1269=VECTOR('',#4843,9.430087920924);
#1270=VECTOR('',#4848,11.);
#1271=VECTOR('',#4851,5.);
#1272=VECTOR('',#4854,11.);
#1273=VECTOR('',#4857,5.);
#1274=VECTOR('',#4862,0.15);
#1275=VECTOR('',#4863,0.15);
#1276=VECTOR('',#4864,11.);
#1277=VECTOR('',#4869,0.15);
#1278=VECTOR('',#4874,5.);
#1279=VECTOR('',#4877,11.);
#1280=VECTOR('',#4880,5.);
#1281=VECTOR('',#4883,0.15);
#1282=VECTOR('',#4886,0.15);
#1283=VECTOR('',#4889,0.15);
#1284=VECTOR('',#4892,0.15);
#1285=VECTOR('',#4895,0.15);
#1286=VECTOR('',#4900,1.63389106123998);
#1287=VECTOR('',#4903,1.10887330205096);
#1288=VECTOR('',#4904,2.8);
#1289=VECTOR('',#4909,0.942679829891687);
#1290=VECTOR('',#4914,1.526993186794);
#1291=VECTOR('',#4925,0.5688933422732);
#1292=VECTOR('',#4962,0.6400000000007);
#1293=VECTOR('',#4965,0.6399999999999);
#1294=VECTOR('',#4966,0.5);
#1295=VECTOR('',#4967,0.1);
#1296=VECTOR('',#4970,2.65);
#1297=VECTOR('',#4971,0.1);
#1298=VECTOR('',#4974,0.5);
#1299=VECTOR('',#4981,0.5);
#1300=VECTOR('',#4984,11.96281612035);
#1301=VECTOR('',#4991,0.05304325234117);
#1302=VECTOR('',#4992,0.5);
#1303=VECTOR('',#4993,0.05304325234117);
#1304=VECTOR('',#4996,3.11968526529);
#1305=VECTOR('',#4997,0.1);
#1306=VECTOR('',#5000,0.5);
#1307=VECTOR('',#5001,0.1);
#1308=VECTOR('',#5004,3.11968526529);
#1309=VECTOR('',#5015,1.99856330108801);
#1310=VECTOR('',#5026,7.81080401954803);
#1311=VECTOR('',#5029,9.75460449476589);
#1312=VECTOR('',#5030,17.73443423775);
#1313=VECTOR('',#5031,9.75460449518156);
#1314=VECTOR('',#5036,9.75460449376965);
#1315=VECTOR('',#5039,2.11138867702801);
#1316=VECTOR('',#5040,9.75460450765024);
#1317=VECTOR('',#5051,2.11138949992186);
#1318=VECTOR('',#5054,39.72741207086);
#1319=VECTOR('',#5057,20.72038991484);
#1320=VECTOR('',#5060,10.0020958575304);
#1321=VECTOR('',#5063,10.00209585857);
#1322=VECTOR('',#5066,10.00209585687);
#1323=VECTOR('',#5071,9.75460449518154);
#1324=VECTOR('',#5076,9.75460449476264);
#1325=VECTOR('',#5079,9.75460449518182);
#1326=VECTOR('',#5090,0.9000000000019);
#1327=VECTOR('',#5095,0.8);
#1328=VECTOR('',#5104,0.9000000000019);
#1329=VECTOR('',#5109,0.8);
#1330=VECTOR('',#5118,0.9000000000019);
#1331=VECTOR('',#5123,0.8);
#1332=VECTOR('',#5132,0.9000000000019);
#1333=VECTOR('',#5137,0.8);
#1334=VECTOR('',#5142,0.1);
#1335=VECTOR('',#5143,1.79574668268001);
#1336=VECTOR('',#5144,0.1);
#1337=VECTOR('',#5147,0.250044033411016);
#1338=VECTOR('',#5148,0.1);
#1339=VECTOR('',#5151,0.250044033441002);
#1340=VECTOR('',#5152,0.1);
#1341=VECTOR('',#5155,1.79574668267701);
#1342=VECTOR('',#5156,0.1);
#1343=VECTOR('',#5159,0.499999999999802);
#1344=VECTOR('',#5164,0.1);
#1345=VECTOR('',#5165,0.250044033403793);
#1346=VECTOR('',#5166,0.1);
#1347=VECTOR('',#5169,1.79574668268001);
#1348=VECTOR('',#5170,0.1);
#1349=VECTOR('',#5173,0.500000000000302);
#1350=VECTOR('',#5174,0.1);
#1351=VECTOR('',#5177,1.79574668267701);
#1352=VECTOR('',#5178,0.1);
#1353=VECTOR('',#5181,0.250044033448799);
#1354=VECTOR('',#5188,5.);
#1355=VECTOR('',#5197,3.);
#1356=VECTOR('',#5214,1.3);
#1357=CIRCLE('',#3732,2.5);
#1358=CIRCLE('',#3733,2.5);
#1359=CIRCLE('',#3735,4.);
#1360=CIRCLE('',#3737,4.);
#1361=CIRCLE('',#3743,12.5);
#1362=CIRCLE('',#3744,1.75);
#1363=CIRCLE('',#3752,12.5);
#1364=CIRCLE('',#3753,1.75);
#1365=CIRCLE('',#3755,12.5);
#1366=CIRCLE('',#3758,1.75);
#1367=CIRCLE('',#3762,1.75);
#1368=CIRCLE('',#3765,12.5);
#1369=CIRCLE('',#3774,12.5);
#1370=CIRCLE('',#3775,1.75);
#1371=CIRCLE('',#3777,12.5);
#1372=CIRCLE('',#3779,1.75);
#1373=CIRCLE('',#3784,0.8);
#1374=CIRCLE('',#3786,0.8);
#1375=CIRCLE('',#3789,0.8);
#1376=CIRCLE('',#3791,0.8);
#1377=CIRCLE('',#3795,1.749808958442);
#1378=CIRCLE('',#3796,1.749808957468);
#1379=CIRCLE('',#3798,10.89102097527);
#1380=CIRCLE('',#3800,0.2);
#1381=CIRCLE('',#3801,0.2);
#1382=CIRCLE('',#3803,10.89102097527);
#1383=CIRCLE('',#3805,1.749808958456);
#1384=CIRCLE('',#3806,1.749808957465);
#1385=CIRCLE('',#3807,5.);
#1386=CIRCLE('',#3809,0.25);
#1387=CIRCLE('',#3813,0.25);
#1388=CIRCLE('',#3819,0.249999746955);
#1389=CIRCLE('',#3821,1.99982624816518);
#1390=CIRCLE('',#3822,0.249999746955);
#1391=CIRCLE('',#3824,0.2499997472383);
#1392=CIRCLE('',#3826,1.99982625234693);
#1393=CIRCLE('',#3827,0.2499997472383);
#1394=CIRCLE('',#3829,0.25);
#1395=CIRCLE('',#3830,0.25);
#1396=CIRCLE('',#3838,120.916538319495);
#1397=CIRCLE('',#3841,0.25);
#1398=CIRCLE('',#3849,1.55);
#1399=CIRCLE('',#3850,1.55);
#1400=CIRCLE('',#3851,1.5);
#1401=CIRCLE('',#3852,11.48477651091);
#1402=CIRCLE('',#3857,11.48477651091);
#1403=CIRCLE('',#3858,1.5);
#1404=CIRCLE('',#3859,1.000000000002);
#1405=CIRCLE('',#3860,1.000000000002);
#1406=CIRCLE('',#3861,1.000000000002);
#1407=CIRCLE('',#3862,1.000000000002);
#1408=CIRCLE('',#3864,1.75);
#1409=CIRCLE('',#3871,1.75);
#1410=CIRCLE('',#3879,1.75);
#1411=CIRCLE('',#3881,0.25);
#1412=CIRCLE('',#3883,0.25);
#1413=CIRCLE('',#3884,0.25);
#1414=CIRCLE('',#3886,0.25);
#1415=CIRCLE('',#3888,120.772234368911);
#1416=CIRCLE('',#3890,120.950664030423);
#1417=CIRCLE('',#3891,0.25);
#1418=CIRCLE('',#3893,0.25);
#1419=CIRCLE('',#3895,11.24329505434);
#1420=CIRCLE('',#3896,0.199999999919117);
#1421=CIRCLE('',#3898,0.2);
#1422=CIRCLE('',#3902,271.556606819603);
#1423=CIRCLE('',#3903,279.588812653082);
#1424=CIRCLE('',#3911,1.9);
#1425=CIRCLE('',#3912,8.7);
#1426=CIRCLE('',#3913,1.9);
#1427=CIRCLE('',#3926,1.9);
#1428=CIRCLE('',#3931,1.9);
#1429=CIRCLE('',#3944,8.7);
#1430=CIRCLE('',#3949,0.2);
#1431=CIRCLE('',#3952,0.2);
#1432=CIRCLE('',#3955,0.2);
#1433=CIRCLE('',#3956,0.2);
#1434=CIRCLE('',#3958,0.2);
#1435=CIRCLE('',#3959,0.2);
#1436=CIRCLE('',#3961,0.2);
#1437=CIRCLE('',#3965,0.2);
#1438=CIRCLE('',#3967,0.2);
#1439=CIRCLE('',#3969,0.2);
#1440=CIRCLE('',#3971,0.2);
#1441=CIRCLE('',#3973,0.2);
#1442=CIRCLE('',#3976,0.5);
#1443=CIRCLE('',#3977,0.5);
#1444=CIRCLE('',#3978,0.5);
#1445=CIRCLE('',#3979,0.5);
#1446=CIRCLE('',#3982,0.5);
#1447=CIRCLE('',#3984,0.5);
#1448=CIRCLE('',#3985,0.5);
#1449=CIRCLE('',#3986,0.5);
#1450=CIRCLE('',#3999,0.2);
#1451=CIRCLE('',#4001,0.199999999937602);
#1452=CIRCLE('',#4003,271.567062719564);
#1453=CIRCLE('',#4004,279.589012419545);
#1454=CIRCLE('',#4006,120.969046833723);
#1455=CIRCLE('',#4007,11.24329505434);
#1456=CIRCLE('',#4009,0.25);
#1457=CIRCLE('',#4011,0.25);
#1458=CIRCLE('',#4012,0.25);
#1459=CIRCLE('',#4014,0.25);
#1460=CIRCLE('',#4016,0.25);
#1461=CIRCLE('',#4019,1.75);
#1462=CIRCLE('',#4028,0.25);
#1463=CIRCLE('',#4029,0.2499997469548);
#1464=CIRCLE('',#4030,0.25);
#1465=CIRCLE('',#4037,1.99982624810384);
#1466=CIRCLE('',#4038,0.2499997469548);
#1467=CIRCLE('',#4040,0.2499997472384);
#1468=CIRCLE('',#4042,1.99982625238955);
#1469=CIRCLE('',#4043,0.2499997472384);
#1470=CIRCLE('',#4047,1.99978898825299);
#1471=CIRCLE('',#4050,1.999788988253);
#1472=CIRCLE('',#4053,1.99978898825299);
#1473=CIRCLE('',#4054,1.99978898825299);
#1474=CIRCLE('',#4067,0.8000000000019);
#1475=CIRCLE('',#4068,0.8000000000019);
#1476=CIRCLE('',#4070,0.8);
#1477=CIRCLE('',#4073,0.8000000000019);
#1478=CIRCLE('',#4074,0.8000000000019);
#1479=CIRCLE('',#4076,0.8);
#1480=CIRCLE('',#4079,0.8000000000019);
#1481=CIRCLE('',#4080,0.8000000000019);
#1482=CIRCLE('',#4082,0.8);
#1483=CIRCLE('',#4085,0.8000000000019);
#1484=CIRCLE('',#4086,0.8000000000019);
#1485=CIRCLE('',#4088,0.8);
#1486=CIRCLE('',#4103,5.);
#1487=CIRCLE('',#4105,3.);
#1488=CIRCLE('',#4107,3.);
#1489=CIRCLE('',#4108,3.);
#1490=CIRCLE('',#4110,2.75);
#1491=CIRCLE('',#4111,0.25);
#1492=CIRCLE('',#4113,1.3);
#1493=CIRCLE('',#4115,1.3);
#1494=VERTEX_POINT('',#5219);
#1495=VERTEX_POINT('',#5221);
#1496=VERTEX_POINT('',#5225);
#1497=VERTEX_POINT('',#5228);
#1498=VERTEX_POINT('',#5233);
#1499=VERTEX_POINT('',#5234);
#1500=VERTEX_POINT('',#5236);
#1501=VERTEX_POINT('',#5238);
#1502=VERTEX_POINT('',#5242);
#1503=VERTEX_POINT('',#5244);
#1504=VERTEX_POINT('',#5253);
#1505=VERTEX_POINT('',#5254);
#1506=VERTEX_POINT('',#5256);
#1507=VERTEX_POINT('',#5258);
#1508=VERTEX_POINT('',#5262);
#1509=VERTEX_POINT('',#5263);
#1510=VERTEX_POINT('',#5266);
#1511=VERTEX_POINT('',#5270);
#1512=VERTEX_POINT('',#5271);
#1513=VERTEX_POINT('',#5273);
#1514=VERTEX_POINT('',#5278);
#1515=VERTEX_POINT('',#5280);
#1516=VERTEX_POINT('',#5294);
#1517=VERTEX_POINT('',#5295);
#1518=VERTEX_POINT('',#5297);
#1519=VERTEX_POINT('',#5299);
#1520=VERTEX_POINT('',#5303);
#1521=VERTEX_POINT('',#5305);
#1522=VERTEX_POINT('',#5314);
#1523=VERTEX_POINT('',#5315);
#1524=VERTEX_POINT('',#5317);
#1525=VERTEX_POINT('',#5319);
#1526=VERTEX_POINT('',#5323);
#1527=VERTEX_POINT('',#5324);
#1528=VERTEX_POINT('',#5326);
#1529=VERTEX_POINT('',#5331);
#1530=VERTEX_POINT('',#5332);
#1531=VERTEX_POINT('',#5335);
#1532=VERTEX_POINT('',#5339);
#1533=VERTEX_POINT('',#5341);
#1534=VERTEX_POINT('',#5355);
#1535=VERTEX_POINT('',#5358);
#1536=VERTEX_POINT('',#5363);
#1537=VERTEX_POINT('',#5366);
#1538=VERTEX_POINT('',#5371);
#1539=VERTEX_POINT('',#5372);
#1540=VERTEX_POINT('',#5374);
#1541=VERTEX_POINT('',#5376);
#1542=VERTEX_POINT('',#5380);
#1543=VERTEX_POINT('',#5381);
#1544=VERTEX_POINT('',#5383);
#1545=VERTEX_POINT('',#5385);
#1546=VERTEX_POINT('',#5387);
#1547=VERTEX_POINT('',#5389);
#1548=VERTEX_POINT('',#5391);
#1549=VERTEX_POINT('',#5393);
#1550=VERTEX_POINT('',#5395);
#1551=VERTEX_POINT('',#5397);
#1552=VERTEX_POINT('',#5399);
#1553=VERTEX_POINT('',#5401);
#1554=VERTEX_POINT('',#5403);
#1555=VERTEX_POINT('',#5405);
#1556=VERTEX_POINT('',#5407);
#1557=VERTEX_POINT('',#5409);
#1558=VERTEX_POINT('',#5411);
#1559=VERTEX_POINT('',#5413);
#1560=VERTEX_POINT('',#5415);
#1561=VERTEX_POINT('',#5417);
#1562=VERTEX_POINT('',#5419);
#1563=VERTEX_POINT('',#5422);
#1564=VERTEX_POINT('',#5424);
#1565=VERTEX_POINT('',#5426);
#1566=VERTEX_POINT('',#5428);
#1567=VERTEX_POINT('',#5430);
#1568=VERTEX_POINT('',#5432);
#1569=VERTEX_POINT('',#5434);
#1570=VERTEX_POINT('',#5436);
#1571=VERTEX_POINT('',#5438);
#1572=VERTEX_POINT('',#5440);
#1573=VERTEX_POINT('',#5442);
#1574=VERTEX_POINT('',#5444);
#1575=VERTEX_POINT('',#5446);
#1576=VERTEX_POINT('',#5448);
#1577=VERTEX_POINT('',#5450);
#1578=VERTEX_POINT('',#5453);
#1579=VERTEX_POINT('',#5454);
#1580=VERTEX_POINT('',#5456);
#1581=VERTEX_POINT('',#5458);
#1582=VERTEX_POINT('',#5460);
#1583=VERTEX_POINT('',#5463);
#1584=VERTEX_POINT('',#5464);
#1585=VERTEX_POINT('',#5466);
#1586=VERTEX_POINT('',#5468);
#1587=VERTEX_POINT('',#5470);
#1588=VERTEX_POINT('',#5473);
#1589=VERTEX_POINT('',#5476);
#1590=VERTEX_POINT('',#5477);
#1591=VERTEX_POINT('',#5479);
#1592=VERTEX_POINT('',#5481);
#1593=VERTEX_POINT('',#5483);
#1594=VERTEX_POINT('',#5486);
#1595=VERTEX_POINT('',#5488);
#1596=VERTEX_POINT('',#5492);
#1597=VERTEX_POINT('',#5494);
#1598=VERTEX_POINT('',#5498);
#1599=VERTEX_POINT('',#5502);
#1600=VERTEX_POINT('',#5505);
#1601=VERTEX_POINT('',#5507);
#1602=VERTEX_POINT('',#5509);
#1603=VERTEX_POINT('',#5520);
#1604=VERTEX_POINT('',#5524);
#1605=VERTEX_POINT('',#5528);
#1606=VERTEX_POINT('',#5532);
#1607=VERTEX_POINT('',#5536);
#1608=VERTEX_POINT('',#5538);
#1609=VERTEX_POINT('',#5541);
#1610=VERTEX_POINT('',#5543);
#1611=VERTEX_POINT('',#5560);
#1612=VERTEX_POINT('',#5562);
#1613=VERTEX_POINT('',#5566);
#1614=VERTEX_POINT('',#5570);
#1615=VERTEX_POINT('',#5577);
#1616=VERTEX_POINT('',#5579);
#1617=VERTEX_POINT('',#5583);
#1618=VERTEX_POINT('',#5585);
#1619=VERTEX_POINT('',#5589);
#1620=VERTEX_POINT('',#5591);
#1621=VERTEX_POINT('',#5593);
#1622=VERTEX_POINT('',#5597);
#1623=VERTEX_POINT('',#5598);
#1624=VERTEX_POINT('',#5600);
#1625=VERTEX_POINT('',#5609);
#1626=VERTEX_POINT('',#5611);
#1627=VERTEX_POINT('',#5621);
#1628=VERTEX_POINT('',#5623);
#1629=VERTEX_POINT('',#5627);
#1630=VERTEX_POINT('',#5628);
#1631=VERTEX_POINT('',#5678);
#1632=VERTEX_POINT('',#5680);
#1633=VERTEX_POINT('',#5682);
#1634=VERTEX_POINT('',#5684);
#1635=VERTEX_POINT('',#5686);
#1636=VERTEX_POINT('',#5688);
#1637=VERTEX_POINT('',#5690);
#1638=VERTEX_POINT('',#5692);
#1639=VERTEX_POINT('',#5694);
#1640=VERTEX_POINT('',#5696);
#1641=VERTEX_POINT('',#5698);
#1642=VERTEX_POINT('',#5700);
#1643=VERTEX_POINT('',#5702);
#1644=VERTEX_POINT('',#5704);
#1645=VERTEX_POINT('',#5706);
#1646=VERTEX_POINT('',#5708);
#1647=VERTEX_POINT('',#5710);
#1648=VERTEX_POINT('',#5712);
#1649=VERTEX_POINT('',#5714);
#1650=VERTEX_POINT('',#5716);
#1651=VERTEX_POINT('',#5718);
#1652=VERTEX_POINT('',#5720);
#1653=VERTEX_POINT('',#5722);
#1654=VERTEX_POINT('',#5724);
#1655=VERTEX_POINT('',#5726);
#1656=VERTEX_POINT('',#5728);
#1657=VERTEX_POINT('',#5731);
#1658=VERTEX_POINT('',#5733);
#1659=VERTEX_POINT('',#5735);
#1660=VERTEX_POINT('',#5737);
#1661=VERTEX_POINT('',#5740);
#1662=VERTEX_POINT('',#5742);
#1663=VERTEX_POINT('',#5774);
#1664=VERTEX_POINT('',#5787);
#1665=VERTEX_POINT('',#5789);
#1666=VERTEX_POINT('',#5791);
#1667=VERTEX_POINT('',#5793);
#1668=VERTEX_POINT('',#5795);
#1669=VERTEX_POINT('',#5829);
#1670=VERTEX_POINT('',#5831);
#1671=VERTEX_POINT('',#5859);
#1672=VERTEX_POINT('',#5872);
#1673=VERTEX_POINT('',#5874);
#1674=VERTEX_POINT('',#5876);
#1675=VERTEX_POINT('',#5878);
#1676=VERTEX_POINT('',#5880);
#1677=VERTEX_POINT('',#5889);
#1678=VERTEX_POINT('',#5891);
#1679=VERTEX_POINT('',#5951);
#1680=VERTEX_POINT('',#5955);
#1681=VERTEX_POINT('',#5960);
#1682=VERTEX_POINT('',#5987);
#1683=VERTEX_POINT('',#5993);
#1684=VERTEX_POINT('',#6059);
#1685=VERTEX_POINT('',#6061);
#1686=VERTEX_POINT('',#6065);
#1687=VERTEX_POINT('',#6070);
#1688=VERTEX_POINT('',#6104);
#1689=VERTEX_POINT('',#6108);
#1690=VERTEX_POINT('',#6112);
#1691=VERTEX_POINT('',#6116);
#1692=VERTEX_POINT('',#6117);
#1693=VERTEX_POINT('',#6119);
#1694=VERTEX_POINT('',#6121);
#1695=VERTEX_POINT('',#6126);
#1696=VERTEX_POINT('',#6127);
#1697=VERTEX_POINT('',#6129);
#1698=VERTEX_POINT('',#6131);
#1699=VERTEX_POINT('',#6134);
#1700=VERTEX_POINT('',#6136);
#1701=VERTEX_POINT('',#6138);
#1702=VERTEX_POINT('',#6140);
#1703=VERTEX_POINT('',#6142);
#1704=VERTEX_POINT('',#6144);
#1705=VERTEX_POINT('',#6146);
#1706=VERTEX_POINT('',#6148);
#1707=VERTEX_POINT('',#6150);
#1708=VERTEX_POINT('',#6152);
#1709=VERTEX_POINT('',#6156);
#1710=VERTEX_POINT('',#6161);
#1711=VERTEX_POINT('',#6165);
#1712=VERTEX_POINT('',#6167);
#1713=VERTEX_POINT('',#6171);
#1714=VERTEX_POINT('',#6173);
#1715=VERTEX_POINT('',#6175);
#1716=VERTEX_POINT('',#6181);
#1717=VERTEX_POINT('',#6182);
#1718=VERTEX_POINT('',#6185);
#1719=VERTEX_POINT('',#6187);
#1720=VERTEX_POINT('',#6191);
#1721=VERTEX_POINT('',#6193);
#1722=VERTEX_POINT('',#6200);
#1723=VERTEX_POINT('',#6202);
#1724=VERTEX_POINT('',#6206);
#1725=VERTEX_POINT('',#6208);
#1726=VERTEX_POINT('',#6212);
#1727=VERTEX_POINT('',#6219);
#1728=VERTEX_POINT('',#6221);
#1729=VERTEX_POINT('',#6223);
#1730=VERTEX_POINT('',#6230);
#1731=VERTEX_POINT('',#6235);
#1732=VERTEX_POINT('',#6241);
#1733=VERTEX_POINT('',#6248);
#1734=VERTEX_POINT('',#6250);
#1735=VERTEX_POINT('',#6258);
#1736=VERTEX_POINT('',#6260);
#1737=VERTEX_POINT('',#6262);
#1738=VERTEX_POINT('',#6264);
#1739=VERTEX_POINT('',#6269);
#1740=VERTEX_POINT('',#6271);
#1741=VERTEX_POINT('',#6275);
#1742=VERTEX_POINT('',#6277);
#1743=VERTEX_POINT('',#6281);
#1744=VERTEX_POINT('',#6285);
#1745=VERTEX_POINT('',#6298);
#1746=VERTEX_POINT('',#6301);
#1747=VERTEX_POINT('',#6305);
#1748=VERTEX_POINT('',#6309);
#1749=VERTEX_POINT('',#6313);
#1750=VERTEX_POINT('',#6317);
#1751=VERTEX_POINT('',#6321);
#1752=VERTEX_POINT('',#6323);
#1753=VERTEX_POINT('',#6327);
#1754=VERTEX_POINT('',#6331);
#1755=VERTEX_POINT('',#6333);
#1756=VERTEX_POINT('',#6345);
#1757=VERTEX_POINT('',#6355);
#1758=VERTEX_POINT('',#6356);
#1759=VERTEX_POINT('',#6358);
#1760=VERTEX_POINT('',#6360);
#1761=VERTEX_POINT('',#6362);
#1762=VERTEX_POINT('',#6364);
#1763=VERTEX_POINT('',#6366);
#1764=VERTEX_POINT('',#6368);
#1765=VERTEX_POINT('',#6372);
#1766=VERTEX_POINT('',#6374);
#1767=VERTEX_POINT('',#6378);
#1768=VERTEX_POINT('',#6382);
#1769=VERTEX_POINT('',#6384);
#1770=VERTEX_POINT('',#6386);
#1771=VERTEX_POINT('',#6388);
#1772=VERTEX_POINT('',#6390);
#1773=VERTEX_POINT('',#6407);
#1774=VERTEX_POINT('',#6411);
#1775=VERTEX_POINT('',#6413);
#1776=VERTEX_POINT('',#6417);
#1777=VERTEX_POINT('',#6468);
#1778=VERTEX_POINT('',#6470);
#1779=VERTEX_POINT('',#6535);
#1780=VERTEX_POINT('',#6601);
#1781=VERTEX_POINT('',#6605);
#1782=VERTEX_POINT('',#6613);
#1783=VERTEX_POINT('',#6614);
#1784=VERTEX_POINT('',#6617);
#1785=VERTEX_POINT('',#6632);
#1786=VERTEX_POINT('',#6637);
#1787=VERTEX_POINT('',#6639);
#1788=VERTEX_POINT('',#6643);
#1789=VERTEX_POINT('',#6647);
#1790=VERTEX_POINT('',#6654);
#1791=VERTEX_POINT('',#6658);
#1792=VERTEX_POINT('',#6662);
#1793=VERTEX_POINT('',#6668);
#1794=VERTEX_POINT('',#6670);
#1795=VERTEX_POINT('',#6674);
#1796=VERTEX_POINT('',#6678);
#1797=VERTEX_POINT('',#6684);
#1798=VERTEX_POINT('',#6686);
#1799=VERTEX_POINT('',#6688);
#1800=VERTEX_POINT('',#6690);
#1801=VERTEX_POINT('',#6692);
#1802=VERTEX_POINT('',#6694);
#1803=VERTEX_POINT('',#6830);
#1804=VERTEX_POINT('',#6831);
#1805=VERTEX_POINT('',#6836);
#1806=VERTEX_POINT('',#6841);
#1807=VERTEX_POINT('',#6842);
#1808=VERTEX_POINT('',#6847);
#1809=VERTEX_POINT('',#6852);
#1810=VERTEX_POINT('',#6853);
#1811=VERTEX_POINT('',#6858);
#1812=VERTEX_POINT('',#6863);
#1813=VERTEX_POINT('',#6864);
#1814=VERTEX_POINT('',#6869);
#1815=VERTEX_POINT('',#6874);
#1816=VERTEX_POINT('',#6876);
#1817=VERTEX_POINT('',#6880);
#1818=VERTEX_POINT('',#6884);
#1819=VERTEX_POINT('',#6888);
#1820=VERTEX_POINT('',#6895);
#1821=VERTEX_POINT('',#6897);
#1822=VERTEX_POINT('',#6901);
#1823=VERTEX_POINT('',#6905);
#1824=VERTEX_POINT('',#6909);
#1825=VERTEX_POINT('',#6916);
#1826=VERTEX_POINT('',#6920);
#1827=VERTEX_POINT('',#6923);
#1828=VERTEX_POINT('',#6924);
#1829=VERTEX_POINT('',#6929);
#1830=VERTEX_POINT('',#6933);
#1831=VERTEX_POINT('',#6936);
#1832=EDGE_CURVE('',#1494,#1494,#1357,.T.);
#1833=EDGE_CURVE('',#1494,#1495,#705,.T.);
#1834=EDGE_CURVE('',#1495,#1495,#1358,.T.);
#1835=EDGE_CURVE('',#1496,#1496,#1359,.T.);
#1836=EDGE_CURVE('',#1496,#1497,#706,.T.);
#1837=EDGE_CURVE('',#1497,#1497,#1360,.T.);
#1838=EDGE_CURVE('',#1498,#1499,#707,.T.);
#1839=EDGE_CURVE('',#1500,#1499,#77,.T.);
#1840=EDGE_CURVE('',#1501,#1500,#78,.T.);
#1841=EDGE_CURVE('',#1498,#1501,#708,.T.);
#1842=EDGE_CURVE('',#1502,#1499,#1361,.T.);
#1843=EDGE_CURVE('',#1498,#1503,#709,.T.);
#1844=EDGE_CURVE('',#1503,#1502,#1362,.T.);
#1845=EDGE_CURVE('',#1500,#1502,#710,.T.);
#1846=EDGE_CURVE('',#1503,#1501,#711,.T.);
#1847=EDGE_CURVE('',#1504,#1505,#712,.T.);
#1848=EDGE_CURVE('',#1504,#1506,#713,.T.);
#1849=EDGE_CURVE('',#1507,#1506,#79,.T.);
#1850=EDGE_CURVE('',#1505,#1507,#714,.T.);
#1851=EDGE_CURVE('',#1508,#1509,#715,.T.);
#1852=EDGE_CURVE('',#1508,#1504,#716,.T.);
#1853=EDGE_CURVE('',#1505,#1510,#717,.T.);
#1854=EDGE_CURVE('',#1509,#1510,#718,.T.);
#1855=EDGE_CURVE('',#1511,#1512,#1363,.T.);
#1856=EDGE_CURVE('',#1512,#1513,#1364,.T.);
#1857=EDGE_CURVE('',#1513,#1508,#719,.T.);
#1858=EDGE_CURVE('',#1509,#1511,#720,.T.);
#1859=EDGE_CURVE('',#1511,#1514,#721,.T.);
#1860=EDGE_CURVE('',#1515,#1514,#1365,.T.);
#1861=EDGE_CURVE('',#1515,#1512,#722,.T.);
#1862=EDGE_CURVE('',#1510,#1514,#723,.T.);
#1863=EDGE_CURVE('',#1507,#1515,#1366,.T.);
#1864=EDGE_CURVE('',#1506,#1513,#47,.T.);
#1865=EDGE_CURVE('',#1516,#1517,#1367,.T.);
#1866=EDGE_CURVE('',#1518,#1516,#724,.T.);
#1867=EDGE_CURVE('',#1518,#1519,#80,.T.);
#1868=EDGE_CURVE('',#1519,#1517,#725,.T.);
#1869=EDGE_CURVE('',#1520,#1516,#1368,.T.);
#1870=EDGE_CURVE('',#1517,#1521,#726,.T.);
#1871=EDGE_CURVE('',#1520,#1521,#727,.T.);
#1872=EDGE_CURVE('',#1520,#1518,#81,.T.);
#1873=EDGE_CURVE('',#1519,#1521,#728,.T.);
#1874=EDGE_CURVE('',#1522,#1523,#729,.T.);
#1875=EDGE_CURVE('',#1524,#1522,#730,.T.);
#1876=EDGE_CURVE('',#1525,#1524,#82,.T.);
#1877=EDGE_CURVE('',#1525,#1523,#731,.T.);
#1878=EDGE_CURVE('',#1526,#1527,#732,.T.);
#1879=EDGE_CURVE('',#1526,#1528,#733,.T.);
#1880=EDGE_CURVE('',#1528,#1522,#734,.T.);
#1881=EDGE_CURVE('',#1523,#1527,#735,.T.);
#1882=EDGE_CURVE('',#1529,#1530,#1369,.T.);
#1883=EDGE_CURVE('',#1530,#1526,#736,.T.);
#1884=EDGE_CURVE('',#1527,#1531,#737,.T.);
#1885=EDGE_CURVE('',#1531,#1529,#1370,.T.);
#1886=EDGE_CURVE('',#1532,#1529,#738,.T.);
#1887=EDGE_CURVE('',#1533,#1532,#1371,.T.);
#1888=EDGE_CURVE('',#1533,#1530,#739,.T.);
#1889=EDGE_CURVE('',#1531,#1525,#48,.T.);
#1890=EDGE_CURVE('',#1532,#1524,#1372,.T.);
#1891=EDGE_CURVE('',#1533,#1528,#740,.T.);
#1892=EDGE_CURVE('',#1534,#1534,#1373,.T.);
#1893=EDGE_CURVE('',#1534,#1535,#741,.T.);
#1894=EDGE_CURVE('',#1535,#1535,#1374,.T.);
#1895=EDGE_CURVE('',#1536,#1536,#1375,.T.);
#1896=EDGE_CURVE('',#1536,#1537,#742,.T.);
#1897=EDGE_CURVE('',#1537,#1537,#1376,.T.);
#1898=EDGE_CURVE('',#1538,#1539,#743,.T.);
#1899=EDGE_CURVE('',#1540,#1539,#744,.T.);
#1900=EDGE_CURVE('',#1541,#1540,#745,.T.);
#1901=EDGE_CURVE('',#1538,#1541,#746,.T.);
#1902=EDGE_CURVE('',#1542,#1543,#747,.T.);
#1903=EDGE_CURVE('',#1544,#1542,#748,.T.);
#1904=EDGE_CURVE('',#1545,#1544,#749,.T.);
#1905=EDGE_CURVE('',#1545,#1546,#750,.T.);
#1906=EDGE_CURVE('',#1547,#1546,#1377,.T.);
#1907=EDGE_CURVE('',#1548,#1547,#751,.T.);
#1908=EDGE_CURVE('',#1549,#1548,#1378,.T.);
#1909=EDGE_CURVE('',#1549,#1550,#752,.T.);
#1910=EDGE_CURVE('',#1551,#1550,#753,.T.);
#1911=EDGE_CURVE('',#1551,#1552,#754,.T.);
#1912=EDGE_CURVE('',#1552,#1553,#755,.T.);
#1913=EDGE_CURVE('',#1553,#1554,#756,.T.);
#1914=EDGE_CURVE('',#1554,#1555,#757,.T.);
#1915=EDGE_CURVE('',#1556,#1555,#83,.T.);
#1916=EDGE_CURVE('',#1557,#1556,#1379,.T.);
#1917=EDGE_CURVE('',#1558,#1557,#84,.T.);
#1918=EDGE_CURVE('',#1559,#1558,#758,.T.);
#1919=EDGE_CURVE('',#1560,#1559,#1380,.T.);
#1920=EDGE_CURVE('',#1560,#1561,#759,.T.);
#1921=EDGE_CURVE('',#1562,#1561,#760,.T.);
#1922=EDGE_CURVE('',#1562,#1539,#761,.T.);
#1923=EDGE_CURVE('',#1538,#1563,#762,.T.);
#1924=EDGE_CURVE('',#1564,#1563,#1381,.T.);
#1925=EDGE_CURVE('',#1565,#1564,#763,.T.);
#1926=EDGE_CURVE('',#1566,#1565,#85,.T.);
#1927=EDGE_CURVE('',#1567,#1566,#1382,.T.);
#1928=EDGE_CURVE('',#1568,#1567,#86,.T.);
#1929=EDGE_CURVE('',#1568,#1569,#764,.T.);
#1930=EDGE_CURVE('',#1569,#1570,#765,.T.);
#1931=EDGE_CURVE('',#1571,#1570,#766,.T.);
#1932=EDGE_CURVE('',#1571,#1572,#767,.T.);
#1933=EDGE_CURVE('',#1572,#1573,#768,.T.);
#1934=EDGE_CURVE('',#1573,#1574,#769,.T.);
#1935=EDGE_CURVE('',#1575,#1574,#1383,.T.);
#1936=EDGE_CURVE('',#1576,#1575,#770,.T.);
#1937=EDGE_CURVE('',#1577,#1576,#1384,.T.);
#1938=EDGE_CURVE('',#1577,#1543,#771,.T.);
#1939=EDGE_CURVE('',#1578,#1579,#772,.T.);
#1940=EDGE_CURVE('',#1580,#1578,#773,.T.);
#1941=EDGE_CURVE('',#1581,#1580,#774,.T.);
#1942=EDGE_CURVE('',#1582,#1581,#775,.T.);
#1943=EDGE_CURVE('',#1579,#1582,#776,.T.);
#1944=EDGE_CURVE('',#1583,#1584,#777,.T.);
#1945=EDGE_CURVE('',#1585,#1583,#778,.T.);
#1946=EDGE_CURVE('',#1586,#1585,#779,.T.);
#1947=EDGE_CURVE('',#1587,#1586,#780,.T.);
#1948=EDGE_CURVE('',#1584,#1587,#781,.T.);
#1949=EDGE_CURVE('',#1588,#1588,#1385,.T.);
#1950=EDGE_CURVE('',#1589,#1590,#782,.T.);
#1951=EDGE_CURVE('',#1589,#1591,#783,.T.);
#1952=EDGE_CURVE('',#1591,#1592,#784,.T.);
#1953=EDGE_CURVE('',#1592,#1593,#785,.T.);
#1954=EDGE_CURVE('',#1542,#1593,#786,.T.);
#1955=EDGE_CURVE('',#1594,#1543,#1386,.T.);
#1956=EDGE_CURVE('',#1595,#1594,#787,.T.);
#1957=EDGE_CURVE('',#1595,#1590,#788,.T.);
#1958=EDGE_CURVE('',#1590,#1596,#789,.T.);
#1959=EDGE_CURVE('',#1597,#1596,#790,.T.);
#1960=EDGE_CURVE('',#1589,#1597,#791,.T.);
#1961=EDGE_CURVE('',#1595,#1598,#792,.T.);
#1962=EDGE_CURVE('',#1596,#1598,#793,.T.);
#1963=EDGE_CURVE('',#1599,#1598,#794,.T.);
#1964=EDGE_CURVE('',#1545,#1599,#1387,.T.);
#1965=EDGE_CURVE('',#1544,#1600,#795,.T.);
#1966=EDGE_CURVE('',#1601,#1600,#796,.T.);
#1967=EDGE_CURVE('',#1602,#1601,#797,.T.);
#1968=EDGE_CURVE('',#1602,#1597,#798,.T.);
#1969=EDGE_CURVE('',#1591,#1602,#799,.T.);
#1970=EDGE_CURVE('',#1592,#1601,#800,.T.);
#1971=EDGE_CURVE('',#1593,#1600,#801,.T.);
#1972=EDGE_CURVE('',#1603,#1599,#802,.T.);
#1973=EDGE_CURVE('',#1603,#1546,#1388,.T.);
#1974=EDGE_CURVE('',#1603,#1604,#1389,.T.);
#1975=EDGE_CURVE('',#1547,#1604,#1390,.T.);
#1976=EDGE_CURVE('',#1605,#1604,#803,.T.);
#1977=EDGE_CURVE('',#1605,#1548,#1391,.T.);
#1978=EDGE_CURVE('',#1605,#1606,#1392,.T.);
#1979=EDGE_CURVE('',#1549,#1606,#1393,.T.);
#1980=EDGE_CURVE('',#1553,#1607,#1394,.T.);
#1981=EDGE_CURVE('',#1608,#1607,#804,.T.);
#1982=EDGE_CURVE('',#1608,#1550,#1395,.T.);
#1983=EDGE_CURVE('',#1609,#1606,#805,.T.);
#1984=EDGE_CURVE('',#1610,#1609,#49,.T.);
#1985=EDGE_CURVE('',#1610,#1554,#87,.T.);
#1986=EDGE_CURVE('',#1611,#1552,#806,.T.);
#1987=EDGE_CURVE('',#1611,#1612,#807,.T.);
#1988=EDGE_CURVE('',#1612,#1607,#808,.T.);
#1989=EDGE_CURVE('',#1612,#1613,#809,.T.);
#1990=EDGE_CURVE('',#1613,#1608,#810,.T.);
#1991=EDGE_CURVE('',#1613,#1614,#811,.T.);
#1992=EDGE_CURVE('',#1614,#1551,#812,.T.);
#1993=EDGE_CURVE('',#1614,#1611,#813,.T.);
#1994=EDGE_CURVE('',#1615,#1610,#814,.T.);
#1995=EDGE_CURVE('',#1615,#1616,#815,.T.);
#1996=EDGE_CURVE('',#1555,#1616,#1396,.T.);
#1997=EDGE_CURVE('',#1609,#1617,#88,.T.);
#1998=EDGE_CURVE('',#1617,#1618,#816,.T.);
#1999=EDGE_CURVE('',#1618,#1615,#1397,.T.);
#2000=EDGE_CURVE('',#1619,#1606,#817,.T.);
#2001=EDGE_CURVE('',#1619,#1620,#818,.T.);
#2002=EDGE_CURVE('',#1621,#1620,#819,.T.);
#2003=EDGE_CURVE('',#1617,#1621,#820,.T.);
#2004=EDGE_CURVE('',#1622,#1623,#821,.T.);
#2005=EDGE_CURVE('',#1624,#1623,#50,.T.);
#2006=EDGE_CURVE('',#1624,#1625,#89,.T.);
#2007=EDGE_CURVE('',#1626,#1625,#51,.T.);
#2008=EDGE_CURVE('',#1626,#1618,#822,.T.);
#2009=EDGE_CURVE('',#1621,#1627,#823,.T.);
#2010=EDGE_CURVE('',#1627,#1628,#90,.T.);
#2011=EDGE_CURVE('',#1622,#1628,#91,.T.);
#2012=EDGE_CURVE('',#1629,#1630,#824,.T.);
#2013=EDGE_CURVE('',#1629,#1623,#52,.T.);
#2014=EDGE_CURVE('',#1622,#1630,#53,.T.);
#2015=EDGE_CURVE('',#1631,#1630,#1398,.T.);
#2016=EDGE_CURVE('',#1631,#1632,#825,.T.);
#2017=EDGE_CURVE('',#1633,#1632,#1399,.T.);
#2018=EDGE_CURVE('',#1633,#1634,#826,.T.);
#2019=EDGE_CURVE('',#1635,#1634,#1400,.T.);
#2020=EDGE_CURVE('',#1635,#1636,#827,.T.);
#2021=EDGE_CURVE('',#1636,#1637,#828,.T.);
#2022=EDGE_CURVE('',#1638,#1637,#1401,.T.);
#2023=EDGE_CURVE('',#1638,#1639,#829,.T.);
#2024=EDGE_CURVE('',#1639,#1640,#830,.T.);
#2025=EDGE_CURVE('',#1641,#1640,#831,.T.);
#2026=EDGE_CURVE('',#1641,#1642,#832,.T.);
#2027=EDGE_CURVE('',#1643,#1642,#92,.T.);
#2028=EDGE_CURVE('',#1644,#1643,#833,.T.);
#2029=EDGE_CURVE('',#1645,#1644,#93,.T.);
#2030=EDGE_CURVE('',#1646,#1645,#834,.T.);
#2031=EDGE_CURVE('',#1647,#1646,#94,.T.);
#2032=EDGE_CURVE('',#1648,#1647,#835,.T.);
#2033=EDGE_CURVE('',#1649,#1648,#95,.T.);
#2034=EDGE_CURVE('',#1649,#1650,#836,.T.);
#2035=EDGE_CURVE('',#1651,#1650,#837,.T.);
#2036=EDGE_CURVE('',#1651,#1652,#838,.T.);
#2037=EDGE_CURVE('',#1652,#1653,#839,.T.);
#2038=EDGE_CURVE('',#1654,#1653,#1402,.T.);
#2039=EDGE_CURVE('',#1654,#1655,#840,.T.);
#2040=EDGE_CURVE('',#1655,#1656,#841,.T.);
#2041=EDGE_CURVE('',#1629,#1656,#1403,.T.);
#2042=EDGE_CURVE('',#1657,#1657,#1404,.T.);
#2043=EDGE_CURVE('',#1658,#1658,#1405,.T.);
#2044=EDGE_CURVE('',#1659,#1659,#1406,.T.);
#2045=EDGE_CURVE('',#1660,#1660,#1407,.T.);
#2046=EDGE_CURVE('',#1661,#1628,#1408,.T.);
#2047=EDGE_CURVE('',#1661,#1662,#54,.T.);
#2048=EDGE_CURVE('',#1631,#1662,#55,.T.);
#2049=EDGE_CURVE('',#1627,#1663,#56,.T.);
#2050=EDGE_CURVE('',#1663,#1661,#96,.T.);
#2051=EDGE_CURVE('',#1664,#1662,#842,.T.);
#2052=EDGE_CURVE('',#1663,#1665,#843,.T.);
#2053=EDGE_CURVE('',#1665,#1666,#844,.T.);
#2054=EDGE_CURVE('',#1666,#1667,#845,.T.);
#2055=EDGE_CURVE('',#1668,#1667,#97,.T.);
#2056=EDGE_CURVE('',#1664,#1668,#57,.T.);
#2057=EDGE_CURVE('',#1632,#1664,#58,.T.);
#2058=EDGE_CURVE('',#1669,#1668,#1409,.T.);
#2059=EDGE_CURVE('',#1669,#1670,#98,.T.);
#2060=EDGE_CURVE('',#1670,#1633,#59,.T.);
#2061=EDGE_CURVE('',#1667,#1671,#60,.T.);
#2062=EDGE_CURVE('',#1671,#1669,#99,.T.);
#2063=EDGE_CURVE('',#1671,#1672,#846,.T.);
#2064=EDGE_CURVE('',#1673,#1672,#847,.T.);
#2065=EDGE_CURVE('',#1674,#1673,#848,.T.);
#2066=EDGE_CURVE('',#1674,#1675,#849,.T.);
#2067=EDGE_CURVE('',#1676,#1675,#61,.T.);
#2068=EDGE_CURVE('',#1676,#1677,#100,.T.);
#2069=EDGE_CURVE('',#1678,#1677,#62,.T.);
#2070=EDGE_CURVE('',#1678,#1670,#850,.T.);
#2071=EDGE_CURVE('',#1634,#1678,#63,.T.);
#2072=EDGE_CURVE('',#1676,#1677,#1410,.T.);
#2073=EDGE_CURVE('',#1635,#1675,#64,.T.);
#2074=EDGE_CURVE('',#1674,#1636,#1411,.T.);
#2075=EDGE_CURVE('',#1679,#1674,#1412,.T.);
#2076=EDGE_CURVE('',#1636,#1679,#1413,.T.);
#2077=EDGE_CURVE('',#1680,#1679,#851,.T.);
#2078=EDGE_CURVE('',#1680,#1637,#1414,.T.);
#2079=EDGE_CURVE('',#1680,#1568,#1415,.T.);
#2080=EDGE_CURVE('',#1681,#1679,#852,.T.);
#2081=EDGE_CURVE('',#1569,#1681,#101,.T.);
#2082=EDGE_CURVE('',#1567,#1682,#1416,.T.);
#2083=EDGE_CURVE('',#1682,#1680,#1417,.T.);
#2084=EDGE_CURVE('',#1637,#1682,#1418,.T.);
#2085=EDGE_CURVE('',#1638,#1683,#65,.T.);
#2086=EDGE_CURVE('',#1683,#1682,#1419,.T.);
#2087=EDGE_CURVE('',#1684,#1683,#1420,.T.);
#2088=EDGE_CURVE('',#1684,#1685,#102,.T.);
#2089=EDGE_CURVE('',#1638,#1685,#1421,.T.);
#2090=EDGE_CURVE('',#1686,#1685,#853,.T.);
#2091=EDGE_CURVE('',#1686,#1639,#103,.T.);
#2092=EDGE_CURVE('',#1565,#1684,#1422,.T.);
#2093=EDGE_CURVE('',#1564,#1687,#854,.T.);
#2094=EDGE_CURVE('',#1686,#1687,#855,.T.);
#2095=EDGE_CURVE('',#1683,#1566,#1423,.T.);
#2096=EDGE_CURVE('',#1687,#1688,#104,.T.);
#2097=EDGE_CURVE('',#1639,#1688,#856,.T.);
#2098=EDGE_CURVE('',#1688,#1689,#857,.T.);
#2099=EDGE_CURVE('',#1689,#1640,#858,.T.);
#2100=EDGE_CURVE('',#1689,#1690,#859,.T.);
#2101=EDGE_CURVE('',#1690,#1641,#860,.T.);
#2102=EDGE_CURVE('',#1691,#1692,#861,.T.);
#2103=EDGE_CURVE('',#1693,#1692,#862,.T.);
#2104=EDGE_CURVE('',#1694,#1693,#863,.T.);
#2105=EDGE_CURVE('',#1694,#1690,#864,.T.);
#2106=EDGE_CURVE('',#1691,#1689,#865,.T.);
#2107=EDGE_CURVE('',#1695,#1696,#866,.T.);
#2108=EDGE_CURVE('',#1697,#1696,#867,.T.);
#2109=EDGE_CURVE('',#1697,#1698,#868,.T.);
#2110=EDGE_CURVE('',#1692,#1698,#869,.T.);
#2111=EDGE_CURVE('',#1699,#1691,#870,.T.);
#2112=EDGE_CURVE('',#1700,#1699,#871,.T.);
#2113=EDGE_CURVE('',#1701,#1700,#872,.T.);
#2114=EDGE_CURVE('',#1701,#1702,#873,.T.);
#2115=EDGE_CURVE('',#1703,#1702,#874,.T.);
#2116=EDGE_CURVE('',#1703,#1704,#875,.T.);
#2117=EDGE_CURVE('',#1705,#1704,#1424,.T.);
#2118=EDGE_CURVE('',#1705,#1706,#876,.T.);
#2119=EDGE_CURVE('',#1707,#1706,#1425,.T.);
#2120=EDGE_CURVE('',#1707,#1708,#877,.T.);
#2121=EDGE_CURVE('',#1695,#1708,#1426,.T.);
#2122=EDGE_CURVE('',#1695,#1709,#66,.T.);
#2123=EDGE_CURVE('',#1710,#1709,#878,.T.);
#2124=EDGE_CURVE('',#1710,#1696,#879,.T.);
#2125=EDGE_CURVE('',#1711,#1710,#880,.T.);
#2126=EDGE_CURVE('',#1712,#1711,#881,.T.);
#2127=EDGE_CURVE('',#1712,#1697,#882,.T.);
#2128=EDGE_CURVE('',#1712,#1713,#883,.T.);
#2129=EDGE_CURVE('',#1714,#1713,#884,.T.);
#2130=EDGE_CURVE('',#1715,#1714,#885,.T.);
#2131=EDGE_CURVE('',#1698,#1715,#886,.T.);
#2132=EDGE_CURVE('',#1715,#1693,#887,.T.);
#2133=EDGE_CURVE('',#1716,#1717,#888,.T.);
#2134=EDGE_CURVE('',#1694,#1717,#889,.T.);
#2135=EDGE_CURVE('',#1714,#1718,#890,.T.);
#2136=EDGE_CURVE('',#1718,#1719,#891,.T.);
#2137=EDGE_CURVE('',#1716,#1719,#892,.T.);
#2138=EDGE_CURVE('',#1720,#1699,#893,.T.);
#2139=EDGE_CURVE('',#1720,#1721,#894,.T.);
#2140=EDGE_CURVE('',#1721,#1717,#895,.T.);
#2141=EDGE_CURVE('',#1700,#1716,#896,.T.);
#2142=EDGE_CURVE('',#1719,#1701,#897,.T.);
#2143=EDGE_CURVE('',#1722,#1718,#898,.T.);
#2144=EDGE_CURVE('',#1722,#1723,#899,.T.);
#2145=EDGE_CURVE('',#1723,#1702,#900,.T.);
#2146=EDGE_CURVE('',#1723,#1724,#901,.T.);
#2147=EDGE_CURVE('',#1725,#1724,#902,.T.);
#2148=EDGE_CURVE('',#1703,#1725,#903,.T.);
#2149=EDGE_CURVE('',#1726,#1725,#904,.T.);
#2150=EDGE_CURVE('',#1726,#1704,#67,.T.);
#2151=EDGE_CURVE('',#1727,#1726,#105,.T.);
#2152=EDGE_CURVE('',#1727,#1728,#1427,.T.);
#2153=EDGE_CURVE('',#1729,#1728,#106,.T.);
#2154=EDGE_CURVE('',#1705,#1729,#68,.T.);
#2155=EDGE_CURVE('',#1707,#1730,#69,.T.);
#2156=EDGE_CURVE('',#1730,#1731,#905,.T.);
#2157=EDGE_CURVE('',#1731,#1706,#70,.T.);
#2158=EDGE_CURVE('',#1732,#1729,#906,.T.);
#2159=EDGE_CURVE('',#1732,#1708,#71,.T.);
#2160=EDGE_CURVE('',#1733,#1732,#107,.T.);
#2161=EDGE_CURVE('',#1733,#1734,#1428,.T.);
#2162=EDGE_CURVE('',#1709,#1734,#108,.T.);
#2163=EDGE_CURVE('',#1711,#1734,#907,.T.);
#2164=EDGE_CURVE('',#1733,#1728,#908,.T.);
#2165=EDGE_CURVE('',#1727,#1724,#909,.T.);
#2166=EDGE_CURVE('',#1735,#1722,#910,.T.);
#2167=EDGE_CURVE('',#1735,#1736,#911,.T.);
#2168=EDGE_CURVE('',#1737,#1736,#912,.T.);
#2169=EDGE_CURVE('',#1737,#1738,#913,.T.);
#2170=EDGE_CURVE('',#1713,#1738,#914,.T.);
#2171=EDGE_CURVE('',#1739,#1738,#915,.T.);
#2172=EDGE_CURVE('',#1739,#1740,#916,.T.);
#2173=EDGE_CURVE('',#1735,#1740,#917,.T.);
#2174=EDGE_CURVE('',#1740,#1741,#918,.T.);
#2175=EDGE_CURVE('',#1742,#1741,#919,.T.);
#2176=EDGE_CURVE('',#1742,#1736,#920,.T.);
#2177=EDGE_CURVE('',#1742,#1743,#921,.T.);
#2178=EDGE_CURVE('',#1743,#1737,#922,.T.);
#2179=EDGE_CURVE('',#1744,#1743,#923,.T.);
#2180=EDGE_CURVE('',#1744,#1739,#924,.T.);
#2181=EDGE_CURVE('',#1744,#1741,#925,.T.);
#2182=EDGE_CURVE('',#1731,#1730,#1429,.T.);
#2183=EDGE_CURVE('',#1690,#1721,#926,.T.);
#2184=EDGE_CURVE('',#1642,#1745,#927,.T.);
#2185=EDGE_CURVE('',#1650,#1721,#928,.T.);
#2186=EDGE_CURVE('',#1746,#1649,#929,.T.);
#2187=EDGE_CURVE('',#1746,#1745,#930,.T.);
#2188=EDGE_CURVE('',#1747,#1643,#931,.T.);
#2189=EDGE_CURVE('',#1745,#1747,#1430,.T.);
#2190=EDGE_CURVE('',#1644,#1748,#932,.T.);
#2191=EDGE_CURVE('',#1747,#1748,#933,.T.);
#2192=EDGE_CURVE('',#1749,#1645,#934,.T.);
#2193=EDGE_CURVE('',#1748,#1749,#1431,.T.);
#2194=EDGE_CURVE('',#1749,#1750,#935,.T.);
#2195=EDGE_CURVE('',#1646,#1750,#936,.T.);
#2196=EDGE_CURVE('',#1749,#1751,#1432,.T.);
#2197=EDGE_CURVE('',#1752,#1751,#937,.T.);
#2198=EDGE_CURVE('',#1752,#1750,#1433,.T.);
#2199=EDGE_CURVE('',#1753,#1752,#1434,.T.);
#2200=EDGE_CURVE('',#1750,#1753,#1435,.T.);
#2201=EDGE_CURVE('',#1754,#1752,#938,.T.);
#2202=EDGE_CURVE('',#1754,#1755,#1436,.T.);
#2203=EDGE_CURVE('',#1753,#1755,#939,.T.);
#2204=EDGE_CURVE('',#1753,#1647,#940,.T.);
#2205=EDGE_CURVE('',#1648,#1755,#941,.T.);
#2206=EDGE_CURVE('',#1755,#1746,#1437,.T.);
#2207=EDGE_CURVE('',#1746,#1754,#1438,.T.);
#2208=EDGE_CURVE('',#1756,#1754,#942,.T.);
#2209=EDGE_CURVE('',#1756,#1745,#1439,.T.);
#2210=EDGE_CURVE('',#1747,#1756,#1440,.T.);
#2211=EDGE_CURVE('',#1751,#1748,#1441,.T.);
#2212=EDGE_CURVE('',#1751,#1756,#943,.T.);
#2213=EDGE_CURVE('',#1757,#1758,#944,.T.);
#2214=EDGE_CURVE('',#1759,#1758,#1442,.T.);
#2215=EDGE_CURVE('',#1759,#1760,#945,.T.);
#2216=EDGE_CURVE('',#1761,#1760,#1443,.T.);
#2217=EDGE_CURVE('',#1761,#1762,#946,.T.);
#2218=EDGE_CURVE('',#1763,#1762,#1444,.T.);
#2219=EDGE_CURVE('',#1763,#1764,#947,.T.);
#2220=EDGE_CURVE('',#1757,#1764,#1445,.T.);
#2221=EDGE_CURVE('',#1765,#1758,#948,.T.);
#2222=EDGE_CURVE('',#1757,#1766,#949,.T.);
#2223=EDGE_CURVE('',#1766,#1765,#950,.T.);
#2224=EDGE_CURVE('',#1765,#1767,#1446,.T.);
#2225=EDGE_CURVE('',#1759,#1767,#951,.T.);
#2226=EDGE_CURVE('',#1768,#1766,#1447,.T.);
#2227=EDGE_CURVE('',#1769,#1768,#952,.T.);
#2228=EDGE_CURVE('',#1770,#1769,#1448,.T.);
#2229=EDGE_CURVE('',#1771,#1770,#953,.T.);
#2230=EDGE_CURVE('',#1772,#1771,#1449,.T.);
#2231=EDGE_CURVE('',#1767,#1772,#954,.T.);
#2232=EDGE_CURVE('',#1772,#1760,#955,.T.);
#2233=EDGE_CURVE('',#1761,#1771,#956,.T.);
#2234=EDGE_CURVE('',#1770,#1762,#957,.T.);
#2235=EDGE_CURVE('',#1763,#1769,#958,.T.);
#2236=EDGE_CURVE('',#1768,#1764,#959,.T.);
#2237=EDGE_CURVE('',#1651,#1720,#960,.T.);
#2238=EDGE_CURVE('',#1773,#1652,#961,.T.);
#2239=EDGE_CURVE('',#1720,#1773,#962,.T.);
#2240=EDGE_CURVE('',#1774,#1773,#109,.T.);
#2241=EDGE_CURVE('',#1774,#1775,#963,.T.);
#2242=EDGE_CURVE('',#1652,#1775,#110,.T.);
#2243=EDGE_CURVE('',#1776,#1775,#964,.T.);
#2244=EDGE_CURVE('',#1776,#1653,#1450,.T.);
#2245=EDGE_CURVE('',#1776,#1777,#111,.T.);
#2246=EDGE_CURVE('',#1778,#1777,#1451,.T.);
#2247=EDGE_CURVE('',#1653,#1778,#72,.T.);
#2248=EDGE_CURVE('',#1777,#1558,#1452,.T.);
#2249=EDGE_CURVE('',#1774,#1559,#965,.T.);
#2250=EDGE_CURVE('',#1557,#1778,#1453,.T.);
#2251=EDGE_CURVE('',#1779,#1556,#1454,.T.);
#2252=EDGE_CURVE('',#1779,#1778,#1455,.T.);
#2253=EDGE_CURVE('',#1779,#1654,#1456,.T.);
#2254=EDGE_CURVE('',#1654,#1616,#1457,.T.);
#2255=EDGE_CURVE('',#1779,#1616,#1458,.T.);
#2256=EDGE_CURVE('',#1615,#1655,#1459,.T.);
#2257=EDGE_CURVE('',#1655,#1618,#1460,.T.);
#2258=EDGE_CURVE('',#1656,#1626,#73,.T.);
#2259=EDGE_CURVE('',#1624,#1625,#1461,.T.);
#2260=EDGE_CURVE('',#1560,#1773,#966,.T.);
#2261=EDGE_CURVE('',#1688,#1563,#967,.T.);
#2262=EDGE_CURVE('',#1541,#1780,#968,.T.);
#2263=EDGE_CURVE('',#1561,#1780,#969,.T.);
#2264=EDGE_CURVE('',#1781,#1780,#970,.T.);
#2265=EDGE_CURVE('',#1781,#1562,#971,.T.);
#2266=EDGE_CURVE('',#1781,#1540,#972,.T.);
#2267=EDGE_CURVE('',#1782,#1783,#973,.T.);
#2268=EDGE_CURVE('',#1782,#1570,#1462,.T.);
#2269=EDGE_CURVE('',#1784,#1681,#74,.T.);
#2270=EDGE_CURVE('',#1785,#1784,#974,.T.);
#2271=EDGE_CURVE('',#1785,#1574,#1463,.T.);
#2272=EDGE_CURVE('',#1573,#1783,#1464,.T.);
#2273=EDGE_CURVE('',#1786,#1783,#975,.T.);
#2274=EDGE_CURVE('',#1786,#1787,#976,.T.);
#2275=EDGE_CURVE('',#1787,#1782,#977,.T.);
#2276=EDGE_CURVE('',#1787,#1788,#978,.T.);
#2277=EDGE_CURVE('',#1788,#1571,#979,.T.);
#2278=EDGE_CURVE('',#1788,#1789,#980,.T.);
#2279=EDGE_CURVE('',#1789,#1572,#981,.T.);
#2280=EDGE_CURVE('',#1789,#1786,#982,.T.);
#2281=EDGE_CURVE('',#1785,#1790,#1465,.T.);
#2282=EDGE_CURVE('',#1575,#1790,#1466,.T.);
#2283=EDGE_CURVE('',#1791,#1790,#983,.T.);
#2284=EDGE_CURVE('',#1791,#1576,#1467,.T.);
#2285=EDGE_CURVE('',#1791,#1792,#1468,.T.);
#2286=EDGE_CURVE('',#1577,#1792,#1469,.T.);
#2287=EDGE_CURVE('',#1594,#1792,#984,.T.);
#2288=EDGE_CURVE('',#1793,#1792,#985,.T.);
#2289=EDGE_CURVE('',#1793,#1794,#986,.T.);
#2290=EDGE_CURVE('',#1603,#1794,#987,.T.);
#2291=EDGE_CURVE('',#1794,#1795,#1470,.T.);
#2292=EDGE_CURVE('',#1795,#1604,#988,.T.);
#2293=EDGE_CURVE('',#1795,#1796,#989,.T.);
#2294=EDGE_CURVE('',#1605,#1796,#990,.T.);
#2295=EDGE_CURVE('',#1796,#1619,#1471,.T.);
#2296=EDGE_CURVE('',#1620,#1797,#112,.T.);
#2297=EDGE_CURVE('',#1798,#1793,#1472,.T.);
#2298=EDGE_CURVE('',#1799,#1798,#991,.T.);
#2299=EDGE_CURVE('',#1800,#1799,#1473,.T.);
#2300=EDGE_CURVE('',#1801,#1800,#992,.T.);
#2301=EDGE_CURVE('',#1802,#1801,#113,.T.);
#2302=EDGE_CURVE('',#1797,#1802,#993,.T.);
#2303=EDGE_CURVE('',#1621,#1665,#75,.T.);
#2304=EDGE_CURVE('',#1797,#1665,#994,.T.);
#2305=EDGE_CURVE('',#1666,#1802,#995,.T.);
#2306=EDGE_CURVE('',#1666,#1672,#76,.T.);
#2307=EDGE_CURVE('',#1801,#1672,#996,.T.);
#2308=EDGE_CURVE('',#1673,#1784,#114,.T.);
#2309=EDGE_CURVE('',#1785,#1800,#997,.T.);
#2310=EDGE_CURVE('',#1799,#1790,#998,.T.);
#2311=EDGE_CURVE('',#1791,#1798,#999,.T.);
#2312=EDGE_CURVE('',#1803,#1804,#1474,.T.);
#2313=EDGE_CURVE('',#1804,#1803,#1475,.T.);
#2314=EDGE_CURVE('',#1804,#1657,#1000,.T.);
#2315=EDGE_CURVE('',#1805,#1805,#1476,.T.);
#2316=EDGE_CURVE('',#1805,#1803,#1001,.T.);
#2317=EDGE_CURVE('',#1806,#1807,#1477,.T.);
#2318=EDGE_CURVE('',#1807,#1806,#1478,.T.);
#2319=EDGE_CURVE('',#1807,#1658,#1002,.T.);
#2320=EDGE_CURVE('',#1808,#1808,#1479,.T.);
#2321=EDGE_CURVE('',#1808,#1806,#1003,.T.);
#2322=EDGE_CURVE('',#1809,#1810,#1480,.T.);
#2323=EDGE_CURVE('',#1810,#1809,#1481,.T.);
#2324=EDGE_CURVE('',#1810,#1659,#1004,.T.);
#2325=EDGE_CURVE('',#1811,#1811,#1482,.T.);
#2326=EDGE_CURVE('',#1811,#1809,#1005,.T.);
#2327=EDGE_CURVE('',#1812,#1813,#1483,.T.);
#2328=EDGE_CURVE('',#1813,#1812,#1484,.T.);
#2329=EDGE_CURVE('',#1813,#1660,#1006,.T.);
#2330=EDGE_CURVE('',#1814,#1814,#1485,.T.);
#2331=EDGE_CURVE('',#1814,#1812,#1007,.T.);
#2332=EDGE_CURVE('',#1815,#1579,#1008,.T.);
#2333=EDGE_CURVE('',#1815,#1816,#1009,.T.);
#2334=EDGE_CURVE('',#1816,#1578,#1010,.T.);
#2335=EDGE_CURVE('',#1816,#1817,#1011,.T.);
#2336=EDGE_CURVE('',#1817,#1580,#1012,.T.);
#2337=EDGE_CURVE('',#1817,#1818,#1013,.T.);
#2338=EDGE_CURVE('',#1818,#1581,#1014,.T.);
#2339=EDGE_CURVE('',#1818,#1819,#1015,.T.);
#2340=EDGE_CURVE('',#1819,#1582,#1016,.T.);
#2341=EDGE_CURVE('',#1819,#1815,#1017,.T.);
#2342=EDGE_CURVE('',#1820,#1584,#1018,.T.);
#2343=EDGE_CURVE('',#1820,#1821,#1019,.T.);
#2344=EDGE_CURVE('',#1821,#1583,#1020,.T.);
#2345=EDGE_CURVE('',#1821,#1822,#1021,.T.);
#2346=EDGE_CURVE('',#1822,#1585,#1022,.T.);
#2347=EDGE_CURVE('',#1822,#1823,#1023,.T.);
#2348=EDGE_CURVE('',#1823,#1586,#1024,.T.);
#2349=EDGE_CURVE('',#1823,#1824,#1025,.T.);
#2350=EDGE_CURVE('',#1824,#1587,#1026,.T.);
#2351=EDGE_CURVE('',#1824,#1820,#1027,.T.);
#2352=EDGE_CURVE('',#1825,#1825,#1486,.T.);
#2353=EDGE_CURVE('',#1825,#1588,#1028,.T.);
#2354=EDGE_CURVE('',#1826,#1826,#1487,.T.);
#2355=EDGE_CURVE('',#1827,#1828,#1488,.T.);
#2356=EDGE_CURVE('',#1828,#1826,#1029,.T.);
#2357=EDGE_CURVE('',#1828,#1827,#1489,.T.);
#2358=EDGE_CURVE('',#1829,#1829,#1490,.T.);
#2359=EDGE_CURVE('',#1829,#1827,#1491,.T.);
#2360=EDGE_CURVE('',#1830,#1830,#1492,.T.);
#2361=EDGE_CURVE('',#1831,#1831,#1493,.T.);
#2362=EDGE_CURVE('',#1831,#1830,#1030,.T.);
#2363=ORIENTED_EDGE('',*,*,#1832,.F.);
#2364=ORIENTED_EDGE('',*,*,#1833,.T.);
#2365=ORIENTED_EDGE('',*,*,#1834,.F.);
#2366=ORIENTED_EDGE('',*,*,#1833,.F.);
#2367=ORIENTED_EDGE('',*,*,#1835,.T.);
#2368=ORIENTED_EDGE('',*,*,#1832,.T.);
#2369=ORIENTED_EDGE('',*,*,#1835,.F.);
#2370=ORIENTED_EDGE('',*,*,#1836,.T.);
#2371=ORIENTED_EDGE('',*,*,#1837,.F.);
#2372=ORIENTED_EDGE('',*,*,#1836,.F.);
#2373=ORIENTED_EDGE('',*,*,#1837,.T.);
#2374=ORIENTED_EDGE('',*,*,#1834,.T.);
#2375=ORIENTED_EDGE('',*,*,#1838,.T.);
#2376=ORIENTED_EDGE('',*,*,#1839,.F.);
#2377=ORIENTED_EDGE('',*,*,#1840,.F.);
#2378=ORIENTED_EDGE('',*,*,#1841,.F.);
#2379=ORIENTED_EDGE('',*,*,#1842,.T.);
#2380=ORIENTED_EDGE('',*,*,#1838,.F.);
#2381=ORIENTED_EDGE('',*,*,#1843,.T.);
#2382=ORIENTED_EDGE('',*,*,#1844,.T.);
#2383=ORIENTED_EDGE('',*,*,#1842,.F.);
#2384=ORIENTED_EDGE('',*,*,#1845,.F.);
#2385=ORIENTED_EDGE('',*,*,#1839,.T.);
#2386=ORIENTED_EDGE('',*,*,#1844,.F.);
#2387=ORIENTED_EDGE('',*,*,#1846,.T.);
#2388=ORIENTED_EDGE('',*,*,#1840,.T.);
#2389=ORIENTED_EDGE('',*,*,#1845,.T.);
#2390=ORIENTED_EDGE('',*,*,#1843,.F.);
#2391=ORIENTED_EDGE('',*,*,#1841,.T.);
#2392=ORIENTED_EDGE('',*,*,#1846,.F.);
#2393=ORIENTED_EDGE('',*,*,#1847,.F.);
#2394=ORIENTED_EDGE('',*,*,#1848,.T.);
#2395=ORIENTED_EDGE('',*,*,#1849,.F.);
#2396=ORIENTED_EDGE('',*,*,#1850,.F.);
#2397=ORIENTED_EDGE('',*,*,#1851,.F.);
#2398=ORIENTED_EDGE('',*,*,#1852,.T.);
#2399=ORIENTED_EDGE('',*,*,#1847,.T.);
#2400=ORIENTED_EDGE('',*,*,#1853,.T.);
#2401=ORIENTED_EDGE('',*,*,#1854,.F.);
#2402=ORIENTED_EDGE('',*,*,#1855,.T.);
#2403=ORIENTED_EDGE('',*,*,#1856,.T.);
#2404=ORIENTED_EDGE('',*,*,#1857,.T.);
#2405=ORIENTED_EDGE('',*,*,#1851,.T.);
#2406=ORIENTED_EDGE('',*,*,#1858,.T.);
#2407=ORIENTED_EDGE('',*,*,#1855,.F.);
#2408=ORIENTED_EDGE('',*,*,#1859,.T.);
#2409=ORIENTED_EDGE('',*,*,#1860,.F.);
#2410=ORIENTED_EDGE('',*,*,#1861,.T.);
#2411=ORIENTED_EDGE('',*,*,#1858,.F.);
#2412=ORIENTED_EDGE('',*,*,#1854,.T.);
#2413=ORIENTED_EDGE('',*,*,#1862,.T.);
#2414=ORIENTED_EDGE('',*,*,#1859,.F.);
#2415=ORIENTED_EDGE('',*,*,#1853,.F.);
#2416=ORIENTED_EDGE('',*,*,#1850,.T.);
#2417=ORIENTED_EDGE('',*,*,#1863,.T.);
#2418=ORIENTED_EDGE('',*,*,#1860,.T.);
#2419=ORIENTED_EDGE('',*,*,#1862,.F.);
#2420=ORIENTED_EDGE('',*,*,#1856,.F.);
#2421=ORIENTED_EDGE('',*,*,#1861,.F.);
#2422=ORIENTED_EDGE('',*,*,#1863,.F.);
#2423=ORIENTED_EDGE('',*,*,#1849,.T.);
#2424=ORIENTED_EDGE('',*,*,#1864,.T.);
#2425=ORIENTED_EDGE('',*,*,#1857,.F.);
#2426=ORIENTED_EDGE('',*,*,#1864,.F.);
#2427=ORIENTED_EDGE('',*,*,#1848,.F.);
#2428=ORIENTED_EDGE('',*,*,#1852,.F.);
#2429=ORIENTED_EDGE('',*,*,#1865,.F.);
#2430=ORIENTED_EDGE('',*,*,#1866,.F.);
#2431=ORIENTED_EDGE('',*,*,#1867,.T.);
#2432=ORIENTED_EDGE('',*,*,#1868,.T.);
#2433=ORIENTED_EDGE('',*,*,#1869,.T.);
#2434=ORIENTED_EDGE('',*,*,#1865,.T.);
#2435=ORIENTED_EDGE('',*,*,#1870,.T.);
#2436=ORIENTED_EDGE('',*,*,#1871,.F.);
#2437=ORIENTED_EDGE('',*,*,#1869,.F.);
#2438=ORIENTED_EDGE('',*,*,#1872,.T.);
#2439=ORIENTED_EDGE('',*,*,#1866,.T.);
#2440=ORIENTED_EDGE('',*,*,#1871,.T.);
#2441=ORIENTED_EDGE('',*,*,#1873,.F.);
#2442=ORIENTED_EDGE('',*,*,#1867,.F.);
#2443=ORIENTED_EDGE('',*,*,#1872,.F.);
#2444=ORIENTED_EDGE('',*,*,#1870,.F.);
#2445=ORIENTED_EDGE('',*,*,#1868,.F.);
#2446=ORIENTED_EDGE('',*,*,#1873,.T.);
#2447=ORIENTED_EDGE('',*,*,#1874,.F.);
#2448=ORIENTED_EDGE('',*,*,#1875,.F.);
#2449=ORIENTED_EDGE('',*,*,#1876,.F.);
#2450=ORIENTED_EDGE('',*,*,#1877,.T.);
#2451=ORIENTED_EDGE('',*,*,#1878,.F.);
#2452=ORIENTED_EDGE('',*,*,#1879,.T.);
#2453=ORIENTED_EDGE('',*,*,#1880,.T.);
#2454=ORIENTED_EDGE('',*,*,#1874,.T.);
#2455=ORIENTED_EDGE('',*,*,#1881,.T.);
#2456=ORIENTED_EDGE('',*,*,#1882,.T.);
#2457=ORIENTED_EDGE('',*,*,#1883,.T.);
#2458=ORIENTED_EDGE('',*,*,#1878,.T.);
#2459=ORIENTED_EDGE('',*,*,#1884,.T.);
#2460=ORIENTED_EDGE('',*,*,#1885,.T.);
#2461=ORIENTED_EDGE('',*,*,#1882,.F.);
#2462=ORIENTED_EDGE('',*,*,#1886,.F.);
#2463=ORIENTED_EDGE('',*,*,#1887,.F.);
#2464=ORIENTED_EDGE('',*,*,#1888,.T.);
#2465=ORIENTED_EDGE('',*,*,#1885,.F.);
#2466=ORIENTED_EDGE('',*,*,#1889,.T.);
#2467=ORIENTED_EDGE('',*,*,#1876,.T.);
#2468=ORIENTED_EDGE('',*,*,#1890,.F.);
#2469=ORIENTED_EDGE('',*,*,#1886,.T.);
#2470=ORIENTED_EDGE('',*,*,#1884,.F.);
#2471=ORIENTED_EDGE('',*,*,#1881,.F.);
#2472=ORIENTED_EDGE('',*,*,#1877,.F.);
#2473=ORIENTED_EDGE('',*,*,#1889,.F.);
#2474=ORIENTED_EDGE('',*,*,#1880,.F.);
#2475=ORIENTED_EDGE('',*,*,#1891,.F.);
#2476=ORIENTED_EDGE('',*,*,#1887,.T.);
#2477=ORIENTED_EDGE('',*,*,#1890,.T.);
#2478=ORIENTED_EDGE('',*,*,#1875,.T.);
#2479=ORIENTED_EDGE('',*,*,#1883,.F.);
#2480=ORIENTED_EDGE('',*,*,#1888,.F.);
#2481=ORIENTED_EDGE('',*,*,#1891,.T.);
#2482=ORIENTED_EDGE('',*,*,#1879,.F.);
#2483=ORIENTED_EDGE('',*,*,#1892,.T.);
#2484=ORIENTED_EDGE('',*,*,#1892,.F.);
#2485=ORIENTED_EDGE('',*,*,#1893,.T.);
#2486=ORIENTED_EDGE('',*,*,#1894,.F.);
#2487=ORIENTED_EDGE('',*,*,#1893,.F.);
#2488=ORIENTED_EDGE('',*,*,#1894,.T.);
#2489=ORIENTED_EDGE('',*,*,#1895,.T.);
#2490=ORIENTED_EDGE('',*,*,#1895,.F.);
#2491=ORIENTED_EDGE('',*,*,#1896,.T.);
#2492=ORIENTED_EDGE('',*,*,#1897,.F.);
#2493=ORIENTED_EDGE('',*,*,#1896,.F.);
#2494=ORIENTED_EDGE('',*,*,#1897,.T.);
#2495=ORIENTED_EDGE('',*,*,#1898,.T.);
#2496=ORIENTED_EDGE('',*,*,#1899,.F.);
#2497=ORIENTED_EDGE('',*,*,#1900,.F.);
#2498=ORIENTED_EDGE('',*,*,#1901,.F.);
#2499=ORIENTED_EDGE('',*,*,#1902,.F.);
#2500=ORIENTED_EDGE('',*,*,#1903,.F.);
#2501=ORIENTED_EDGE('',*,*,#1904,.F.);
#2502=ORIENTED_EDGE('',*,*,#1905,.T.);
#2503=ORIENTED_EDGE('',*,*,#1906,.F.);
#2504=ORIENTED_EDGE('',*,*,#1907,.F.);
#2505=ORIENTED_EDGE('',*,*,#1908,.F.);
#2506=ORIENTED_EDGE('',*,*,#1909,.T.);
#2507=ORIENTED_EDGE('',*,*,#1910,.F.);
#2508=ORIENTED_EDGE('',*,*,#1911,.T.);
#2509=ORIENTED_EDGE('',*,*,#1912,.T.);
#2510=ORIENTED_EDGE('',*,*,#1913,.T.);
#2511=ORIENTED_EDGE('',*,*,#1914,.T.);
#2512=ORIENTED_EDGE('',*,*,#1915,.F.);
#2513=ORIENTED_EDGE('',*,*,#1916,.F.);
#2514=ORIENTED_EDGE('',*,*,#1917,.F.);
#2515=ORIENTED_EDGE('',*,*,#1918,.F.);
#2516=ORIENTED_EDGE('',*,*,#1919,.F.);
#2517=ORIENTED_EDGE('',*,*,#1920,.T.);
#2518=ORIENTED_EDGE('',*,*,#1921,.F.);
#2519=ORIENTED_EDGE('',*,*,#1922,.T.);
#2520=ORIENTED_EDGE('',*,*,#1898,.F.);
#2521=ORIENTED_EDGE('',*,*,#1923,.T.);
#2522=ORIENTED_EDGE('',*,*,#1924,.F.);
#2523=ORIENTED_EDGE('',*,*,#1925,.F.);
#2524=ORIENTED_EDGE('',*,*,#1926,.F.);
#2525=ORIENTED_EDGE('',*,*,#1927,.F.);
#2526=ORIENTED_EDGE('',*,*,#1928,.F.);
#2527=ORIENTED_EDGE('',*,*,#1929,.T.);
#2528=ORIENTED_EDGE('',*,*,#1930,.T.);
#2529=ORIENTED_EDGE('',*,*,#1931,.F.);
#2530=ORIENTED_EDGE('',*,*,#1932,.T.);
#2531=ORIENTED_EDGE('',*,*,#1933,.T.);
#2532=ORIENTED_EDGE('',*,*,#1934,.T.);
#2533=ORIENTED_EDGE('',*,*,#1935,.F.);
#2534=ORIENTED_EDGE('',*,*,#1936,.F.);
#2535=ORIENTED_EDGE('',*,*,#1937,.F.);
#2536=ORIENTED_EDGE('',*,*,#1938,.T.);
#2537=ORIENTED_EDGE('',*,*,#1939,.F.);
#2538=ORIENTED_EDGE('',*,*,#1940,.F.);
#2539=ORIENTED_EDGE('',*,*,#1941,.F.);
#2540=ORIENTED_EDGE('',*,*,#1942,.F.);
#2541=ORIENTED_EDGE('',*,*,#1943,.F.);
#2542=ORIENTED_EDGE('',*,*,#1944,.F.);
#2543=ORIENTED_EDGE('',*,*,#1945,.F.);
#2544=ORIENTED_EDGE('',*,*,#1946,.F.);
#2545=ORIENTED_EDGE('',*,*,#1947,.F.);
#2546=ORIENTED_EDGE('',*,*,#1948,.F.);
#2547=ORIENTED_EDGE('',*,*,#1949,.F.);
#2548=ORIENTED_EDGE('',*,*,#1950,.F.);
#2549=ORIENTED_EDGE('',*,*,#1951,.T.);
#2550=ORIENTED_EDGE('',*,*,#1952,.T.);
#2551=ORIENTED_EDGE('',*,*,#1953,.T.);
#2552=ORIENTED_EDGE('',*,*,#1954,.F.);
#2553=ORIENTED_EDGE('',*,*,#1902,.T.);
#2554=ORIENTED_EDGE('',*,*,#1955,.F.);
#2555=ORIENTED_EDGE('',*,*,#1956,.F.);
#2556=ORIENTED_EDGE('',*,*,#1957,.T.);
#2557=ORIENTED_EDGE('',*,*,#1958,.T.);
#2558=ORIENTED_EDGE('',*,*,#1959,.F.);
#2559=ORIENTED_EDGE('',*,*,#1960,.F.);
#2560=ORIENTED_EDGE('',*,*,#1950,.T.);
#2561=ORIENTED_EDGE('',*,*,#1958,.F.);
#2562=ORIENTED_EDGE('',*,*,#1957,.F.);
#2563=ORIENTED_EDGE('',*,*,#1961,.T.);
#2564=ORIENTED_EDGE('',*,*,#1962,.F.);
#2565=ORIENTED_EDGE('',*,*,#1959,.T.);
#2566=ORIENTED_EDGE('',*,*,#1962,.T.);
#2567=ORIENTED_EDGE('',*,*,#1963,.F.);
#2568=ORIENTED_EDGE('',*,*,#1964,.F.);
#2569=ORIENTED_EDGE('',*,*,#1904,.T.);
#2570=ORIENTED_EDGE('',*,*,#1965,.T.);
#2571=ORIENTED_EDGE('',*,*,#1966,.F.);
#2572=ORIENTED_EDGE('',*,*,#1967,.F.);
#2573=ORIENTED_EDGE('',*,*,#1968,.T.);
#2574=ORIENTED_EDGE('',*,*,#1968,.F.);
#2575=ORIENTED_EDGE('',*,*,#1969,.F.);
#2576=ORIENTED_EDGE('',*,*,#1951,.F.);
#2577=ORIENTED_EDGE('',*,*,#1960,.T.);
#2578=ORIENTED_EDGE('',*,*,#1969,.T.);
#2579=ORIENTED_EDGE('',*,*,#1967,.T.);
#2580=ORIENTED_EDGE('',*,*,#1970,.F.);
#2581=ORIENTED_EDGE('',*,*,#1952,.F.);
#2582=ORIENTED_EDGE('',*,*,#1970,.T.);
#2583=ORIENTED_EDGE('',*,*,#1966,.T.);
#2584=ORIENTED_EDGE('',*,*,#1971,.F.);
#2585=ORIENTED_EDGE('',*,*,#1953,.F.);
#2586=ORIENTED_EDGE('',*,*,#1903,.T.);
#2587=ORIENTED_EDGE('',*,*,#1954,.T.);
#2588=ORIENTED_EDGE('',*,*,#1971,.T.);
#2589=ORIENTED_EDGE('',*,*,#1965,.F.);
#2590=ORIENTED_EDGE('',*,*,#1964,.T.);
#2591=ORIENTED_EDGE('',*,*,#1972,.F.);
#2592=ORIENTED_EDGE('',*,*,#1973,.T.);
#2593=ORIENTED_EDGE('',*,*,#1905,.F.);
#2594=ORIENTED_EDGE('',*,*,#1906,.T.);
#2595=ORIENTED_EDGE('',*,*,#1973,.F.);
#2596=ORIENTED_EDGE('',*,*,#1974,.T.);
#2597=ORIENTED_EDGE('',*,*,#1975,.F.);
#2598=ORIENTED_EDGE('',*,*,#1907,.T.);
#2599=ORIENTED_EDGE('',*,*,#1975,.T.);
#2600=ORIENTED_EDGE('',*,*,#1976,.F.);
#2601=ORIENTED_EDGE('',*,*,#1977,.T.);
#2602=ORIENTED_EDGE('',*,*,#1908,.T.);
#2603=ORIENTED_EDGE('',*,*,#1977,.F.);
#2604=ORIENTED_EDGE('',*,*,#1978,.T.);
#2605=ORIENTED_EDGE('',*,*,#1979,.F.);
#2606=ORIENTED_EDGE('',*,*,#1980,.T.);
#2607=ORIENTED_EDGE('',*,*,#1981,.F.);
#2608=ORIENTED_EDGE('',*,*,#1982,.T.);
#2609=ORIENTED_EDGE('',*,*,#1909,.F.);
#2610=ORIENTED_EDGE('',*,*,#1979,.T.);
#2611=ORIENTED_EDGE('',*,*,#1983,.F.);
#2612=ORIENTED_EDGE('',*,*,#1984,.F.);
#2613=ORIENTED_EDGE('',*,*,#1985,.T.);
#2614=ORIENTED_EDGE('',*,*,#1913,.F.);
#2615=ORIENTED_EDGE('',*,*,#1912,.F.);
#2616=ORIENTED_EDGE('',*,*,#1986,.F.);
#2617=ORIENTED_EDGE('',*,*,#1987,.T.);
#2618=ORIENTED_EDGE('',*,*,#1988,.T.);
#2619=ORIENTED_EDGE('',*,*,#1980,.F.);
#2620=ORIENTED_EDGE('',*,*,#1981,.T.);
#2621=ORIENTED_EDGE('',*,*,#1988,.F.);
#2622=ORIENTED_EDGE('',*,*,#1989,.T.);
#2623=ORIENTED_EDGE('',*,*,#1990,.T.);
#2624=ORIENTED_EDGE('',*,*,#1910,.T.);
#2625=ORIENTED_EDGE('',*,*,#1982,.F.);
#2626=ORIENTED_EDGE('',*,*,#1990,.F.);
#2627=ORIENTED_EDGE('',*,*,#1991,.T.);
#2628=ORIENTED_EDGE('',*,*,#1992,.T.);
#2629=ORIENTED_EDGE('',*,*,#1911,.F.);
#2630=ORIENTED_EDGE('',*,*,#1992,.F.);
#2631=ORIENTED_EDGE('',*,*,#1993,.T.);
#2632=ORIENTED_EDGE('',*,*,#1986,.T.);
#2633=ORIENTED_EDGE('',*,*,#1987,.F.);
#2634=ORIENTED_EDGE('',*,*,#1993,.F.);
#2635=ORIENTED_EDGE('',*,*,#1991,.F.);
#2636=ORIENTED_EDGE('',*,*,#1989,.F.);
#2637=ORIENTED_EDGE('',*,*,#1994,.F.);
#2638=ORIENTED_EDGE('',*,*,#1995,.T.);
#2639=ORIENTED_EDGE('',*,*,#1996,.F.);
#2640=ORIENTED_EDGE('',*,*,#1914,.F.);
#2641=ORIENTED_EDGE('',*,*,#1985,.F.);
#2642=ORIENTED_EDGE('',*,*,#1997,.T.);
#2643=ORIENTED_EDGE('',*,*,#1998,.T.);
#2644=ORIENTED_EDGE('',*,*,#1999,.T.);
#2645=ORIENTED_EDGE('',*,*,#1994,.T.);
#2646=ORIENTED_EDGE('',*,*,#1984,.T.);
#2647=ORIENTED_EDGE('',*,*,#1997,.F.);
#2648=ORIENTED_EDGE('',*,*,#1983,.T.);
#2649=ORIENTED_EDGE('',*,*,#2000,.F.);
#2650=ORIENTED_EDGE('',*,*,#2001,.T.);
#2651=ORIENTED_EDGE('',*,*,#2002,.F.);
#2652=ORIENTED_EDGE('',*,*,#2003,.F.);
#2653=ORIENTED_EDGE('',*,*,#2004,.T.);
#2654=ORIENTED_EDGE('',*,*,#2005,.F.);
#2655=ORIENTED_EDGE('',*,*,#2006,.T.);
#2656=ORIENTED_EDGE('',*,*,#2007,.F.);
#2657=ORIENTED_EDGE('',*,*,#2008,.T.);
#2658=ORIENTED_EDGE('',*,*,#1998,.F.);
#2659=ORIENTED_EDGE('',*,*,#2003,.T.);
#2660=ORIENTED_EDGE('',*,*,#2009,.T.);
#2661=ORIENTED_EDGE('',*,*,#2010,.T.);
#2662=ORIENTED_EDGE('',*,*,#2011,.F.);
#2663=ORIENTED_EDGE('',*,*,#2012,.F.);
#2664=ORIENTED_EDGE('',*,*,#2013,.T.);
#2665=ORIENTED_EDGE('',*,*,#2004,.F.);
#2666=ORIENTED_EDGE('',*,*,#2014,.T.);
#2667=ORIENTED_EDGE('',*,*,#2015,.F.);
#2668=ORIENTED_EDGE('',*,*,#2016,.T.);
#2669=ORIENTED_EDGE('',*,*,#2017,.F.);
#2670=ORIENTED_EDGE('',*,*,#2018,.T.);
#2671=ORIENTED_EDGE('',*,*,#2019,.F.);
#2672=ORIENTED_EDGE('',*,*,#2020,.T.);
#2673=ORIENTED_EDGE('',*,*,#2021,.T.);
#2674=ORIENTED_EDGE('',*,*,#2022,.F.);
#2675=ORIENTED_EDGE('',*,*,#2023,.T.);
#2676=ORIENTED_EDGE('',*,*,#2024,.T.);
#2677=ORIENTED_EDGE('',*,*,#2025,.F.);
#2678=ORIENTED_EDGE('',*,*,#2026,.T.);
#2679=ORIENTED_EDGE('',*,*,#2027,.F.);
#2680=ORIENTED_EDGE('',*,*,#2028,.F.);
#2681=ORIENTED_EDGE('',*,*,#2029,.F.);
#2682=ORIENTED_EDGE('',*,*,#2030,.F.);
#2683=ORIENTED_EDGE('',*,*,#2031,.F.);
#2684=ORIENTED_EDGE('',*,*,#2032,.F.);
#2685=ORIENTED_EDGE('',*,*,#2033,.F.);
#2686=ORIENTED_EDGE('',*,*,#2034,.T.);
#2687=ORIENTED_EDGE('',*,*,#2035,.F.);
#2688=ORIENTED_EDGE('',*,*,#2036,.T.);
#2689=ORIENTED_EDGE('',*,*,#2037,.T.);
#2690=ORIENTED_EDGE('',*,*,#2038,.F.);
#2691=ORIENTED_EDGE('',*,*,#2039,.T.);
#2692=ORIENTED_EDGE('',*,*,#2040,.T.);
#2693=ORIENTED_EDGE('',*,*,#2041,.F.);
#2694=ORIENTED_EDGE('',*,*,#2012,.T.);
#2695=ORIENTED_EDGE('',*,*,#2042,.F.);
#2696=ORIENTED_EDGE('',*,*,#2043,.F.);
#2697=ORIENTED_EDGE('',*,*,#2044,.F.);
#2698=ORIENTED_EDGE('',*,*,#2045,.F.);
#2699=ORIENTED_EDGE('',*,*,#2046,.F.);
#2700=ORIENTED_EDGE('',*,*,#2047,.T.);
#2701=ORIENTED_EDGE('',*,*,#2048,.F.);
#2702=ORIENTED_EDGE('',*,*,#2015,.T.);
#2703=ORIENTED_EDGE('',*,*,#2014,.F.);
#2704=ORIENTED_EDGE('',*,*,#2011,.T.);
#2705=ORIENTED_EDGE('',*,*,#2046,.T.);
#2706=ORIENTED_EDGE('',*,*,#2010,.F.);
#2707=ORIENTED_EDGE('',*,*,#2049,.T.);
#2708=ORIENTED_EDGE('',*,*,#2050,.T.);
#2709=ORIENTED_EDGE('',*,*,#2051,.T.);
#2710=ORIENTED_EDGE('',*,*,#2047,.F.);
#2711=ORIENTED_EDGE('',*,*,#2050,.F.);
#2712=ORIENTED_EDGE('',*,*,#2052,.T.);
#2713=ORIENTED_EDGE('',*,*,#2053,.T.);
#2714=ORIENTED_EDGE('',*,*,#2054,.T.);
#2715=ORIENTED_EDGE('',*,*,#2055,.F.);
#2716=ORIENTED_EDGE('',*,*,#2056,.F.);
#2717=ORIENTED_EDGE('',*,*,#2051,.F.);
#2718=ORIENTED_EDGE('',*,*,#2057,.F.);
#2719=ORIENTED_EDGE('',*,*,#2016,.F.);
#2720=ORIENTED_EDGE('',*,*,#2048,.T.);
#2721=ORIENTED_EDGE('',*,*,#2058,.F.);
#2722=ORIENTED_EDGE('',*,*,#2059,.T.);
#2723=ORIENTED_EDGE('',*,*,#2060,.T.);
#2724=ORIENTED_EDGE('',*,*,#2017,.T.);
#2725=ORIENTED_EDGE('',*,*,#2057,.T.);
#2726=ORIENTED_EDGE('',*,*,#2056,.T.);
#2727=ORIENTED_EDGE('',*,*,#2058,.T.);
#2728=ORIENTED_EDGE('',*,*,#2055,.T.);
#2729=ORIENTED_EDGE('',*,*,#2061,.T.);
#2730=ORIENTED_EDGE('',*,*,#2062,.T.);
#2731=ORIENTED_EDGE('',*,*,#2062,.F.);
#2732=ORIENTED_EDGE('',*,*,#2063,.T.);
#2733=ORIENTED_EDGE('',*,*,#2064,.F.);
#2734=ORIENTED_EDGE('',*,*,#2065,.F.);
#2735=ORIENTED_EDGE('',*,*,#2066,.T.);
#2736=ORIENTED_EDGE('',*,*,#2067,.F.);
#2737=ORIENTED_EDGE('',*,*,#2068,.T.);
#2738=ORIENTED_EDGE('',*,*,#2069,.F.);
#2739=ORIENTED_EDGE('',*,*,#2070,.T.);
#2740=ORIENTED_EDGE('',*,*,#2059,.F.);
#2741=ORIENTED_EDGE('',*,*,#2070,.F.);
#2742=ORIENTED_EDGE('',*,*,#2071,.F.);
#2743=ORIENTED_EDGE('',*,*,#2018,.F.);
#2744=ORIENTED_EDGE('',*,*,#2060,.F.);
#2745=ORIENTED_EDGE('',*,*,#2019,.T.);
#2746=ORIENTED_EDGE('',*,*,#2071,.T.);
#2747=ORIENTED_EDGE('',*,*,#2069,.T.);
#2748=ORIENTED_EDGE('',*,*,#2072,.F.);
#2749=ORIENTED_EDGE('',*,*,#2067,.T.);
#2750=ORIENTED_EDGE('',*,*,#2073,.F.);
#2751=ORIENTED_EDGE('',*,*,#2066,.F.);
#2752=ORIENTED_EDGE('',*,*,#2074,.T.);
#2753=ORIENTED_EDGE('',*,*,#2020,.F.);
#2754=ORIENTED_EDGE('',*,*,#2073,.T.);
#2755=ORIENTED_EDGE('',*,*,#2074,.F.);
#2756=ORIENTED_EDGE('',*,*,#2075,.F.);
#2757=ORIENTED_EDGE('',*,*,#2076,.F.);
#2758=ORIENTED_EDGE('',*,*,#2077,.F.);
#2759=ORIENTED_EDGE('',*,*,#2078,.T.);
#2760=ORIENTED_EDGE('',*,*,#2021,.F.);
#2761=ORIENTED_EDGE('',*,*,#2076,.T.);
#2762=ORIENTED_EDGE('',*,*,#2079,.F.);
#2763=ORIENTED_EDGE('',*,*,#2077,.T.);
#2764=ORIENTED_EDGE('',*,*,#2080,.F.);
#2765=ORIENTED_EDGE('',*,*,#2081,.F.);
#2766=ORIENTED_EDGE('',*,*,#1929,.F.);
#2767=ORIENTED_EDGE('',*,*,#2079,.T.);
#2768=ORIENTED_EDGE('',*,*,#1928,.T.);
#2769=ORIENTED_EDGE('',*,*,#2082,.T.);
#2770=ORIENTED_EDGE('',*,*,#2083,.T.);
#2771=ORIENTED_EDGE('',*,*,#2078,.F.);
#2772=ORIENTED_EDGE('',*,*,#2083,.F.);
#2773=ORIENTED_EDGE('',*,*,#2084,.F.);
#2774=ORIENTED_EDGE('',*,*,#2085,.F.);
#2775=ORIENTED_EDGE('',*,*,#2022,.T.);
#2776=ORIENTED_EDGE('',*,*,#2084,.T.);
#2777=ORIENTED_EDGE('',*,*,#2086,.F.);
#2778=ORIENTED_EDGE('',*,*,#2085,.T.);
#2779=ORIENTED_EDGE('',*,*,#2087,.F.);
#2780=ORIENTED_EDGE('',*,*,#2088,.T.);
#2781=ORIENTED_EDGE('',*,*,#2089,.F.);
#2782=ORIENTED_EDGE('',*,*,#2090,.F.);
#2783=ORIENTED_EDGE('',*,*,#2091,.T.);
#2784=ORIENTED_EDGE('',*,*,#2023,.F.);
#2785=ORIENTED_EDGE('',*,*,#2089,.T.);
#2786=ORIENTED_EDGE('',*,*,#2092,.F.);
#2787=ORIENTED_EDGE('',*,*,#1925,.T.);
#2788=ORIENTED_EDGE('',*,*,#2093,.T.);
#2789=ORIENTED_EDGE('',*,*,#2094,.F.);
#2790=ORIENTED_EDGE('',*,*,#2090,.T.);
#2791=ORIENTED_EDGE('',*,*,#2088,.F.);
#2792=ORIENTED_EDGE('',*,*,#2095,.T.);
#2793=ORIENTED_EDGE('',*,*,#1926,.T.);
#2794=ORIENTED_EDGE('',*,*,#2092,.T.);
#2795=ORIENTED_EDGE('',*,*,#2087,.T.);
#2796=ORIENTED_EDGE('',*,*,#2095,.F.);
#2797=ORIENTED_EDGE('',*,*,#2086,.T.);
#2798=ORIENTED_EDGE('',*,*,#2082,.F.);
#2799=ORIENTED_EDGE('',*,*,#1927,.T.);
#2800=ORIENTED_EDGE('',*,*,#2094,.T.);
#2801=ORIENTED_EDGE('',*,*,#2096,.T.);
#2802=ORIENTED_EDGE('',*,*,#2097,.F.);
#2803=ORIENTED_EDGE('',*,*,#2091,.F.);
#2804=ORIENTED_EDGE('',*,*,#2097,.T.);
#2805=ORIENTED_EDGE('',*,*,#2098,.T.);
#2806=ORIENTED_EDGE('',*,*,#2099,.T.);
#2807=ORIENTED_EDGE('',*,*,#2024,.F.);
#2808=ORIENTED_EDGE('',*,*,#2100,.T.);
#2809=ORIENTED_EDGE('',*,*,#2101,.T.);
#2810=ORIENTED_EDGE('',*,*,#2025,.T.);
#2811=ORIENTED_EDGE('',*,*,#2099,.F.);
#2812=ORIENTED_EDGE('',*,*,#2102,.T.);
#2813=ORIENTED_EDGE('',*,*,#2103,.F.);
#2814=ORIENTED_EDGE('',*,*,#2104,.F.);
#2815=ORIENTED_EDGE('',*,*,#2105,.T.);
#2816=ORIENTED_EDGE('',*,*,#2100,.F.);
#2817=ORIENTED_EDGE('',*,*,#2106,.F.);
#2818=ORIENTED_EDGE('',*,*,#2107,.T.);
#2819=ORIENTED_EDGE('',*,*,#2108,.F.);
#2820=ORIENTED_EDGE('',*,*,#2109,.T.);
#2821=ORIENTED_EDGE('',*,*,#2110,.F.);
#2822=ORIENTED_EDGE('',*,*,#2102,.F.);
#2823=ORIENTED_EDGE('',*,*,#2111,.F.);
#2824=ORIENTED_EDGE('',*,*,#2112,.F.);
#2825=ORIENTED_EDGE('',*,*,#2113,.F.);
#2826=ORIENTED_EDGE('',*,*,#2114,.T.);
#2827=ORIENTED_EDGE('',*,*,#2115,.F.);
#2828=ORIENTED_EDGE('',*,*,#2116,.T.);
#2829=ORIENTED_EDGE('',*,*,#2117,.F.);
#2830=ORIENTED_EDGE('',*,*,#2118,.T.);
#2831=ORIENTED_EDGE('',*,*,#2119,.F.);
#2832=ORIENTED_EDGE('',*,*,#2120,.T.);
#2833=ORIENTED_EDGE('',*,*,#2121,.F.);
#2834=ORIENTED_EDGE('',*,*,#2107,.F.);
#2835=ORIENTED_EDGE('',*,*,#2122,.T.);
#2836=ORIENTED_EDGE('',*,*,#2123,.F.);
#2837=ORIENTED_EDGE('',*,*,#2124,.T.);
#2838=ORIENTED_EDGE('',*,*,#2108,.T.);
#2839=ORIENTED_EDGE('',*,*,#2124,.F.);
#2840=ORIENTED_EDGE('',*,*,#2125,.F.);
#2841=ORIENTED_EDGE('',*,*,#2126,.F.);
#2842=ORIENTED_EDGE('',*,*,#2127,.T.);
#2843=ORIENTED_EDGE('',*,*,#2109,.F.);
#2844=ORIENTED_EDGE('',*,*,#2127,.F.);
#2845=ORIENTED_EDGE('',*,*,#2128,.T.);
#2846=ORIENTED_EDGE('',*,*,#2129,.F.);
#2847=ORIENTED_EDGE('',*,*,#2130,.F.);
#2848=ORIENTED_EDGE('',*,*,#2131,.F.);
#2849=ORIENTED_EDGE('',*,*,#2110,.T.);
#2850=ORIENTED_EDGE('',*,*,#2131,.T.);
#2851=ORIENTED_EDGE('',*,*,#2132,.T.);
#2852=ORIENTED_EDGE('',*,*,#2103,.T.);
#2853=ORIENTED_EDGE('',*,*,#2133,.T.);
#2854=ORIENTED_EDGE('',*,*,#2134,.F.);
#2855=ORIENTED_EDGE('',*,*,#2104,.T.);
#2856=ORIENTED_EDGE('',*,*,#2132,.F.);
#2857=ORIENTED_EDGE('',*,*,#2130,.T.);
#2858=ORIENTED_EDGE('',*,*,#2135,.T.);
#2859=ORIENTED_EDGE('',*,*,#2136,.T.);
#2860=ORIENTED_EDGE('',*,*,#2137,.F.);
#2861=ORIENTED_EDGE('',*,*,#2112,.T.);
#2862=ORIENTED_EDGE('',*,*,#2138,.F.);
#2863=ORIENTED_EDGE('',*,*,#2139,.T.);
#2864=ORIENTED_EDGE('',*,*,#2140,.T.);
#2865=ORIENTED_EDGE('',*,*,#2133,.F.);
#2866=ORIENTED_EDGE('',*,*,#2141,.F.);
#2867=ORIENTED_EDGE('',*,*,#2113,.T.);
#2868=ORIENTED_EDGE('',*,*,#2141,.T.);
#2869=ORIENTED_EDGE('',*,*,#2137,.T.);
#2870=ORIENTED_EDGE('',*,*,#2142,.T.);
#2871=ORIENTED_EDGE('',*,*,#2114,.F.);
#2872=ORIENTED_EDGE('',*,*,#2142,.F.);
#2873=ORIENTED_EDGE('',*,*,#2136,.F.);
#2874=ORIENTED_EDGE('',*,*,#2143,.F.);
#2875=ORIENTED_EDGE('',*,*,#2144,.T.);
#2876=ORIENTED_EDGE('',*,*,#2145,.T.);
#2877=ORIENTED_EDGE('',*,*,#2115,.T.);
#2878=ORIENTED_EDGE('',*,*,#2145,.F.);
#2879=ORIENTED_EDGE('',*,*,#2146,.T.);
#2880=ORIENTED_EDGE('',*,*,#2147,.F.);
#2881=ORIENTED_EDGE('',*,*,#2148,.F.);
#2882=ORIENTED_EDGE('',*,*,#2116,.F.);
#2883=ORIENTED_EDGE('',*,*,#2148,.T.);
#2884=ORIENTED_EDGE('',*,*,#2149,.F.);
#2885=ORIENTED_EDGE('',*,*,#2150,.T.);
#2886=ORIENTED_EDGE('',*,*,#2117,.T.);
#2887=ORIENTED_EDGE('',*,*,#2150,.F.);
#2888=ORIENTED_EDGE('',*,*,#2151,.F.);
#2889=ORIENTED_EDGE('',*,*,#2152,.T.);
#2890=ORIENTED_EDGE('',*,*,#2153,.F.);
#2891=ORIENTED_EDGE('',*,*,#2154,.F.);
#2892=ORIENTED_EDGE('',*,*,#2120,.F.);
#2893=ORIENTED_EDGE('',*,*,#2155,.T.);
#2894=ORIENTED_EDGE('',*,*,#2156,.T.);
#2895=ORIENTED_EDGE('',*,*,#2157,.T.);
#2896=ORIENTED_EDGE('',*,*,#2118,.F.);
#2897=ORIENTED_EDGE('',*,*,#2154,.T.);
#2898=ORIENTED_EDGE('',*,*,#2158,.F.);
#2899=ORIENTED_EDGE('',*,*,#2159,.T.);
#2900=ORIENTED_EDGE('',*,*,#2121,.T.);
#2901=ORIENTED_EDGE('',*,*,#2159,.F.);
#2902=ORIENTED_EDGE('',*,*,#2160,.F.);
#2903=ORIENTED_EDGE('',*,*,#2161,.T.);
#2904=ORIENTED_EDGE('',*,*,#2162,.F.);
#2905=ORIENTED_EDGE('',*,*,#2122,.F.);
#2906=ORIENTED_EDGE('',*,*,#2125,.T.);
#2907=ORIENTED_EDGE('',*,*,#2123,.T.);
#2908=ORIENTED_EDGE('',*,*,#2162,.T.);
#2909=ORIENTED_EDGE('',*,*,#2163,.F.);
#2910=ORIENTED_EDGE('',*,*,#2164,.T.);
#2911=ORIENTED_EDGE('',*,*,#2152,.F.);
#2912=ORIENTED_EDGE('',*,*,#2165,.T.);
#2913=ORIENTED_EDGE('',*,*,#2146,.F.);
#2914=ORIENTED_EDGE('',*,*,#2144,.F.);
#2915=ORIENTED_EDGE('',*,*,#2166,.F.);
#2916=ORIENTED_EDGE('',*,*,#2167,.T.);
#2917=ORIENTED_EDGE('',*,*,#2168,.F.);
#2918=ORIENTED_EDGE('',*,*,#2169,.T.);
#2919=ORIENTED_EDGE('',*,*,#2170,.F.);
#2920=ORIENTED_EDGE('',*,*,#2128,.F.);
#2921=ORIENTED_EDGE('',*,*,#2126,.T.);
#2922=ORIENTED_EDGE('',*,*,#2163,.T.);
#2923=ORIENTED_EDGE('',*,*,#2161,.F.);
#2924=ORIENTED_EDGE('',*,*,#2164,.F.);
#2925=ORIENTED_EDGE('',*,*,#2160,.T.);
#2926=ORIENTED_EDGE('',*,*,#2158,.T.);
#2927=ORIENTED_EDGE('',*,*,#2153,.T.);
#2928=ORIENTED_EDGE('',*,*,#2135,.F.);
#2929=ORIENTED_EDGE('',*,*,#2129,.T.);
#2930=ORIENTED_EDGE('',*,*,#2170,.T.);
#2931=ORIENTED_EDGE('',*,*,#2171,.F.);
#2932=ORIENTED_EDGE('',*,*,#2172,.T.);
#2933=ORIENTED_EDGE('',*,*,#2173,.F.);
#2934=ORIENTED_EDGE('',*,*,#2166,.T.);
#2935=ORIENTED_EDGE('',*,*,#2143,.T.);
#2936=ORIENTED_EDGE('',*,*,#2173,.T.);
#2937=ORIENTED_EDGE('',*,*,#2174,.T.);
#2938=ORIENTED_EDGE('',*,*,#2175,.F.);
#2939=ORIENTED_EDGE('',*,*,#2176,.T.);
#2940=ORIENTED_EDGE('',*,*,#2167,.F.);
#2941=ORIENTED_EDGE('',*,*,#2168,.T.);
#2942=ORIENTED_EDGE('',*,*,#2176,.F.);
#2943=ORIENTED_EDGE('',*,*,#2177,.T.);
#2944=ORIENTED_EDGE('',*,*,#2178,.T.);
#2945=ORIENTED_EDGE('',*,*,#2171,.T.);
#2946=ORIENTED_EDGE('',*,*,#2169,.F.);
#2947=ORIENTED_EDGE('',*,*,#2178,.F.);
#2948=ORIENTED_EDGE('',*,*,#2179,.F.);
#2949=ORIENTED_EDGE('',*,*,#2180,.T.);
#2950=ORIENTED_EDGE('',*,*,#2180,.F.);
#2951=ORIENTED_EDGE('',*,*,#2181,.T.);
#2952=ORIENTED_EDGE('',*,*,#2174,.F.);
#2953=ORIENTED_EDGE('',*,*,#2172,.F.);
#2954=ORIENTED_EDGE('',*,*,#2177,.F.);
#2955=ORIENTED_EDGE('',*,*,#2175,.T.);
#2956=ORIENTED_EDGE('',*,*,#2181,.F.);
#2957=ORIENTED_EDGE('',*,*,#2179,.T.);
#2958=ORIENTED_EDGE('',*,*,#2147,.T.);
#2959=ORIENTED_EDGE('',*,*,#2165,.F.);
#2960=ORIENTED_EDGE('',*,*,#2151,.T.);
#2961=ORIENTED_EDGE('',*,*,#2149,.T.);
#2962=ORIENTED_EDGE('',*,*,#2119,.T.);
#2963=ORIENTED_EDGE('',*,*,#2157,.F.);
#2964=ORIENTED_EDGE('',*,*,#2182,.T.);
#2965=ORIENTED_EDGE('',*,*,#2155,.F.);
#2966=ORIENTED_EDGE('',*,*,#2156,.F.);
#2967=ORIENTED_EDGE('',*,*,#2182,.F.);
#2968=ORIENTED_EDGE('',*,*,#2183,.F.);
#2969=ORIENTED_EDGE('',*,*,#2105,.F.);
#2970=ORIENTED_EDGE('',*,*,#2134,.T.);
#2971=ORIENTED_EDGE('',*,*,#2140,.F.);
#2972=ORIENTED_EDGE('',*,*,#2184,.F.);
#2973=ORIENTED_EDGE('',*,*,#2026,.F.);
#2974=ORIENTED_EDGE('',*,*,#2101,.F.);
#2975=ORIENTED_EDGE('',*,*,#2183,.T.);
#2976=ORIENTED_EDGE('',*,*,#2185,.F.);
#2977=ORIENTED_EDGE('',*,*,#2034,.F.);
#2978=ORIENTED_EDGE('',*,*,#2186,.F.);
#2979=ORIENTED_EDGE('',*,*,#2187,.T.);
#2980=ORIENTED_EDGE('',*,*,#2188,.T.);
#2981=ORIENTED_EDGE('',*,*,#2027,.T.);
#2982=ORIENTED_EDGE('',*,*,#2184,.T.);
#2983=ORIENTED_EDGE('',*,*,#2189,.T.);
#2984=ORIENTED_EDGE('',*,*,#2190,.F.);
#2985=ORIENTED_EDGE('',*,*,#2028,.T.);
#2986=ORIENTED_EDGE('',*,*,#2188,.F.);
#2987=ORIENTED_EDGE('',*,*,#2191,.T.);
#2988=ORIENTED_EDGE('',*,*,#2192,.T.);
#2989=ORIENTED_EDGE('',*,*,#2029,.T.);
#2990=ORIENTED_EDGE('',*,*,#2190,.T.);
#2991=ORIENTED_EDGE('',*,*,#2193,.T.);
#2992=ORIENTED_EDGE('',*,*,#2194,.T.);
#2993=ORIENTED_EDGE('',*,*,#2195,.F.);
#2994=ORIENTED_EDGE('',*,*,#2030,.T.);
#2995=ORIENTED_EDGE('',*,*,#2192,.F.);
#2996=ORIENTED_EDGE('',*,*,#2194,.F.);
#2997=ORIENTED_EDGE('',*,*,#2196,.T.);
#2998=ORIENTED_EDGE('',*,*,#2197,.F.);
#2999=ORIENTED_EDGE('',*,*,#2198,.T.);
#3000=ORIENTED_EDGE('',*,*,#2199,.F.);
#3001=ORIENTED_EDGE('',*,*,#2200,.F.);
#3002=ORIENTED_EDGE('',*,*,#2198,.F.);
#3003=ORIENTED_EDGE('',*,*,#2199,.T.);
#3004=ORIENTED_EDGE('',*,*,#2201,.F.);
#3005=ORIENTED_EDGE('',*,*,#2202,.T.);
#3006=ORIENTED_EDGE('',*,*,#2203,.F.);
#3007=ORIENTED_EDGE('',*,*,#2204,.F.);
#3008=ORIENTED_EDGE('',*,*,#2203,.T.);
#3009=ORIENTED_EDGE('',*,*,#2205,.F.);
#3010=ORIENTED_EDGE('',*,*,#2032,.T.);
#3011=ORIENTED_EDGE('',*,*,#2204,.T.);
#3012=ORIENTED_EDGE('',*,*,#2031,.T.);
#3013=ORIENTED_EDGE('',*,*,#2195,.T.);
#3014=ORIENTED_EDGE('',*,*,#2200,.T.);
#3015=ORIENTED_EDGE('',*,*,#2186,.T.);
#3016=ORIENTED_EDGE('',*,*,#2033,.T.);
#3017=ORIENTED_EDGE('',*,*,#2205,.T.);
#3018=ORIENTED_EDGE('',*,*,#2206,.T.);
#3019=ORIENTED_EDGE('',*,*,#2202,.F.);
#3020=ORIENTED_EDGE('',*,*,#2207,.F.);
#3021=ORIENTED_EDGE('',*,*,#2206,.F.);
#3022=ORIENTED_EDGE('',*,*,#2187,.F.);
#3023=ORIENTED_EDGE('',*,*,#2207,.T.);
#3024=ORIENTED_EDGE('',*,*,#2208,.F.);
#3025=ORIENTED_EDGE('',*,*,#2209,.T.);
#3026=ORIENTED_EDGE('',*,*,#2209,.F.);
#3027=ORIENTED_EDGE('',*,*,#2210,.F.);
#3028=ORIENTED_EDGE('',*,*,#2189,.F.);
#3029=ORIENTED_EDGE('',*,*,#2211,.T.);
#3030=ORIENTED_EDGE('',*,*,#2191,.F.);
#3031=ORIENTED_EDGE('',*,*,#2210,.T.);
#3032=ORIENTED_EDGE('',*,*,#2212,.F.);
#3033=ORIENTED_EDGE('',*,*,#2196,.F.);
#3034=ORIENTED_EDGE('',*,*,#2193,.F.);
#3035=ORIENTED_EDGE('',*,*,#2211,.F.);
#3036=ORIENTED_EDGE('',*,*,#2197,.T.);
#3037=ORIENTED_EDGE('',*,*,#2212,.T.);
#3038=ORIENTED_EDGE('',*,*,#2208,.T.);
#3039=ORIENTED_EDGE('',*,*,#2201,.T.);
#3040=ORIENTED_EDGE('',*,*,#2213,.T.);
#3041=ORIENTED_EDGE('',*,*,#2214,.F.);
#3042=ORIENTED_EDGE('',*,*,#2215,.T.);
#3043=ORIENTED_EDGE('',*,*,#2216,.F.);
#3044=ORIENTED_EDGE('',*,*,#2217,.T.);
#3045=ORIENTED_EDGE('',*,*,#2218,.F.);
#3046=ORIENTED_EDGE('',*,*,#2219,.T.);
#3047=ORIENTED_EDGE('',*,*,#2220,.F.);
#3048=ORIENTED_EDGE('',*,*,#2221,.T.);
#3049=ORIENTED_EDGE('',*,*,#2213,.F.);
#3050=ORIENTED_EDGE('',*,*,#2222,.T.);
#3051=ORIENTED_EDGE('',*,*,#2223,.T.);
#3052=ORIENTED_EDGE('',*,*,#2224,.T.);
#3053=ORIENTED_EDGE('',*,*,#2225,.F.);
#3054=ORIENTED_EDGE('',*,*,#2214,.T.);
#3055=ORIENTED_EDGE('',*,*,#2221,.F.);
#3056=ORIENTED_EDGE('',*,*,#2224,.F.);
#3057=ORIENTED_EDGE('',*,*,#2223,.F.);
#3058=ORIENTED_EDGE('',*,*,#2226,.F.);
#3059=ORIENTED_EDGE('',*,*,#2227,.F.);
#3060=ORIENTED_EDGE('',*,*,#2228,.F.);
#3061=ORIENTED_EDGE('',*,*,#2229,.F.);
#3062=ORIENTED_EDGE('',*,*,#2230,.F.);
#3063=ORIENTED_EDGE('',*,*,#2231,.F.);
#3064=ORIENTED_EDGE('',*,*,#2225,.T.);
#3065=ORIENTED_EDGE('',*,*,#2231,.T.);
#3066=ORIENTED_EDGE('',*,*,#2232,.T.);
#3067=ORIENTED_EDGE('',*,*,#2215,.F.);
#3068=ORIENTED_EDGE('',*,*,#2230,.T.);
#3069=ORIENTED_EDGE('',*,*,#2233,.F.);
#3070=ORIENTED_EDGE('',*,*,#2216,.T.);
#3071=ORIENTED_EDGE('',*,*,#2232,.F.);
#3072=ORIENTED_EDGE('',*,*,#2234,.T.);
#3073=ORIENTED_EDGE('',*,*,#2217,.F.);
#3074=ORIENTED_EDGE('',*,*,#2233,.T.);
#3075=ORIENTED_EDGE('',*,*,#2229,.T.);
#3076=ORIENTED_EDGE('',*,*,#2228,.T.);
#3077=ORIENTED_EDGE('',*,*,#2235,.F.);
#3078=ORIENTED_EDGE('',*,*,#2218,.T.);
#3079=ORIENTED_EDGE('',*,*,#2234,.F.);
#3080=ORIENTED_EDGE('',*,*,#2236,.T.);
#3081=ORIENTED_EDGE('',*,*,#2219,.F.);
#3082=ORIENTED_EDGE('',*,*,#2235,.T.);
#3083=ORIENTED_EDGE('',*,*,#2227,.T.);
#3084=ORIENTED_EDGE('',*,*,#2226,.T.);
#3085=ORIENTED_EDGE('',*,*,#2222,.F.);
#3086=ORIENTED_EDGE('',*,*,#2220,.T.);
#3087=ORIENTED_EDGE('',*,*,#2236,.F.);
#3088=ORIENTED_EDGE('',*,*,#2035,.T.);
#3089=ORIENTED_EDGE('',*,*,#2185,.T.);
#3090=ORIENTED_EDGE('',*,*,#2139,.F.);
#3091=ORIENTED_EDGE('',*,*,#2237,.F.);
#3092=ORIENTED_EDGE('',*,*,#2238,.T.);
#3093=ORIENTED_EDGE('',*,*,#2036,.F.);
#3094=ORIENTED_EDGE('',*,*,#2237,.T.);
#3095=ORIENTED_EDGE('',*,*,#2239,.T.);
#3096=ORIENTED_EDGE('',*,*,#2238,.F.);
#3097=ORIENTED_EDGE('',*,*,#2240,.F.);
#3098=ORIENTED_EDGE('',*,*,#2241,.T.);
#3099=ORIENTED_EDGE('',*,*,#2242,.F.);
#3100=ORIENTED_EDGE('',*,*,#2037,.F.);
#3101=ORIENTED_EDGE('',*,*,#2242,.T.);
#3102=ORIENTED_EDGE('',*,*,#2243,.F.);
#3103=ORIENTED_EDGE('',*,*,#2244,.T.);
#3104=ORIENTED_EDGE('',*,*,#2245,.T.);
#3105=ORIENTED_EDGE('',*,*,#2246,.F.);
#3106=ORIENTED_EDGE('',*,*,#2247,.F.);
#3107=ORIENTED_EDGE('',*,*,#2244,.F.);
#3108=ORIENTED_EDGE('',*,*,#2248,.F.);
#3109=ORIENTED_EDGE('',*,*,#2245,.F.);
#3110=ORIENTED_EDGE('',*,*,#2243,.T.);
#3111=ORIENTED_EDGE('',*,*,#2241,.F.);
#3112=ORIENTED_EDGE('',*,*,#2249,.T.);
#3113=ORIENTED_EDGE('',*,*,#1918,.T.);
#3114=ORIENTED_EDGE('',*,*,#2248,.T.);
#3115=ORIENTED_EDGE('',*,*,#1917,.T.);
#3116=ORIENTED_EDGE('',*,*,#2250,.T.);
#3117=ORIENTED_EDGE('',*,*,#2246,.T.);
#3118=ORIENTED_EDGE('',*,*,#2250,.F.);
#3119=ORIENTED_EDGE('',*,*,#1916,.T.);
#3120=ORIENTED_EDGE('',*,*,#2251,.F.);
#3121=ORIENTED_EDGE('',*,*,#2252,.T.);
#3122=ORIENTED_EDGE('',*,*,#2247,.T.);
#3123=ORIENTED_EDGE('',*,*,#2252,.F.);
#3124=ORIENTED_EDGE('',*,*,#2253,.T.);
#3125=ORIENTED_EDGE('',*,*,#2038,.T.);
#3126=ORIENTED_EDGE('',*,*,#2254,.F.);
#3127=ORIENTED_EDGE('',*,*,#2253,.F.);
#3128=ORIENTED_EDGE('',*,*,#2255,.T.);
#3129=ORIENTED_EDGE('',*,*,#2039,.F.);
#3130=ORIENTED_EDGE('',*,*,#2254,.T.);
#3131=ORIENTED_EDGE('',*,*,#1995,.F.);
#3132=ORIENTED_EDGE('',*,*,#2256,.T.);
#3133=ORIENTED_EDGE('',*,*,#2257,.F.);
#3134=ORIENTED_EDGE('',*,*,#2256,.F.);
#3135=ORIENTED_EDGE('',*,*,#1999,.F.);
#3136=ORIENTED_EDGE('',*,*,#2008,.F.);
#3137=ORIENTED_EDGE('',*,*,#2258,.F.);
#3138=ORIENTED_EDGE('',*,*,#2040,.F.);
#3139=ORIENTED_EDGE('',*,*,#2257,.T.);
#3140=ORIENTED_EDGE('',*,*,#2041,.T.);
#3141=ORIENTED_EDGE('',*,*,#2258,.T.);
#3142=ORIENTED_EDGE('',*,*,#2007,.T.);
#3143=ORIENTED_EDGE('',*,*,#2259,.F.);
#3144=ORIENTED_EDGE('',*,*,#2005,.T.);
#3145=ORIENTED_EDGE('',*,*,#2013,.F.);
#3146=ORIENTED_EDGE('',*,*,#2259,.T.);
#3147=ORIENTED_EDGE('',*,*,#2006,.F.);
#3148=ORIENTED_EDGE('',*,*,#2251,.T.);
#3149=ORIENTED_EDGE('',*,*,#1915,.T.);
#3150=ORIENTED_EDGE('',*,*,#1996,.T.);
#3151=ORIENTED_EDGE('',*,*,#2255,.F.);
#3152=ORIENTED_EDGE('',*,*,#2260,.F.);
#3153=ORIENTED_EDGE('',*,*,#1919,.T.);
#3154=ORIENTED_EDGE('',*,*,#2249,.F.);
#3155=ORIENTED_EDGE('',*,*,#2240,.T.);
#3156=ORIENTED_EDGE('',*,*,#2111,.T.);
#3157=ORIENTED_EDGE('',*,*,#2106,.T.);
#3158=ORIENTED_EDGE('',*,*,#2098,.F.);
#3159=ORIENTED_EDGE('',*,*,#2261,.T.);
#3160=ORIENTED_EDGE('',*,*,#1923,.F.);
#3161=ORIENTED_EDGE('',*,*,#1901,.T.);
#3162=ORIENTED_EDGE('',*,*,#2262,.T.);
#3163=ORIENTED_EDGE('',*,*,#2263,.F.);
#3164=ORIENTED_EDGE('',*,*,#1920,.F.);
#3165=ORIENTED_EDGE('',*,*,#2260,.T.);
#3166=ORIENTED_EDGE('',*,*,#2239,.F.);
#3167=ORIENTED_EDGE('',*,*,#2138,.T.);
#3168=ORIENTED_EDGE('',*,*,#2264,.F.);
#3169=ORIENTED_EDGE('',*,*,#2265,.T.);
#3170=ORIENTED_EDGE('',*,*,#1921,.T.);
#3171=ORIENTED_EDGE('',*,*,#2263,.T.);
#3172=ORIENTED_EDGE('',*,*,#1900,.T.);
#3173=ORIENTED_EDGE('',*,*,#2266,.F.);
#3174=ORIENTED_EDGE('',*,*,#2264,.T.);
#3175=ORIENTED_EDGE('',*,*,#2262,.F.);
#3176=ORIENTED_EDGE('',*,*,#1922,.F.);
#3177=ORIENTED_EDGE('',*,*,#2265,.F.);
#3178=ORIENTED_EDGE('',*,*,#2266,.T.);
#3179=ORIENTED_EDGE('',*,*,#1899,.T.);
#3180=ORIENTED_EDGE('',*,*,#2093,.F.);
#3181=ORIENTED_EDGE('',*,*,#1924,.T.);
#3182=ORIENTED_EDGE('',*,*,#2261,.F.);
#3183=ORIENTED_EDGE('',*,*,#2096,.F.);
#3184=ORIENTED_EDGE('',*,*,#2267,.F.);
#3185=ORIENTED_EDGE('',*,*,#2268,.T.);
#3186=ORIENTED_EDGE('',*,*,#1930,.F.);
#3187=ORIENTED_EDGE('',*,*,#2081,.T.);
#3188=ORIENTED_EDGE('',*,*,#2269,.F.);
#3189=ORIENTED_EDGE('',*,*,#2270,.F.);
#3190=ORIENTED_EDGE('',*,*,#2271,.T.);
#3191=ORIENTED_EDGE('',*,*,#1934,.F.);
#3192=ORIENTED_EDGE('',*,*,#2272,.T.);
#3193=ORIENTED_EDGE('',*,*,#2267,.T.);
#3194=ORIENTED_EDGE('',*,*,#2273,.F.);
#3195=ORIENTED_EDGE('',*,*,#2274,.T.);
#3196=ORIENTED_EDGE('',*,*,#2275,.T.);
#3197=ORIENTED_EDGE('',*,*,#1931,.T.);
#3198=ORIENTED_EDGE('',*,*,#2268,.F.);
#3199=ORIENTED_EDGE('',*,*,#2275,.F.);
#3200=ORIENTED_EDGE('',*,*,#2276,.T.);
#3201=ORIENTED_EDGE('',*,*,#2277,.T.);
#3202=ORIENTED_EDGE('',*,*,#1932,.F.);
#3203=ORIENTED_EDGE('',*,*,#2277,.F.);
#3204=ORIENTED_EDGE('',*,*,#2278,.T.);
#3205=ORIENTED_EDGE('',*,*,#2279,.T.);
#3206=ORIENTED_EDGE('',*,*,#1933,.F.);
#3207=ORIENTED_EDGE('',*,*,#2279,.F.);
#3208=ORIENTED_EDGE('',*,*,#2280,.T.);
#3209=ORIENTED_EDGE('',*,*,#2273,.T.);
#3210=ORIENTED_EDGE('',*,*,#2272,.F.);
#3211=ORIENTED_EDGE('',*,*,#2274,.F.);
#3212=ORIENTED_EDGE('',*,*,#2280,.F.);
#3213=ORIENTED_EDGE('',*,*,#2278,.F.);
#3214=ORIENTED_EDGE('',*,*,#2276,.F.);
#3215=ORIENTED_EDGE('',*,*,#1935,.T.);
#3216=ORIENTED_EDGE('',*,*,#2271,.F.);
#3217=ORIENTED_EDGE('',*,*,#2281,.T.);
#3218=ORIENTED_EDGE('',*,*,#2282,.F.);
#3219=ORIENTED_EDGE('',*,*,#1936,.T.);
#3220=ORIENTED_EDGE('',*,*,#2282,.T.);
#3221=ORIENTED_EDGE('',*,*,#2283,.F.);
#3222=ORIENTED_EDGE('',*,*,#2284,.T.);
#3223=ORIENTED_EDGE('',*,*,#1937,.T.);
#3224=ORIENTED_EDGE('',*,*,#2284,.F.);
#3225=ORIENTED_EDGE('',*,*,#2285,.T.);
#3226=ORIENTED_EDGE('',*,*,#2286,.F.);
#3227=ORIENTED_EDGE('',*,*,#1955,.T.);
#3228=ORIENTED_EDGE('',*,*,#1938,.F.);
#3229=ORIENTED_EDGE('',*,*,#2286,.T.);
#3230=ORIENTED_EDGE('',*,*,#2287,.F.);
#3231=ORIENTED_EDGE('',*,*,#1961,.F.);
#3232=ORIENTED_EDGE('',*,*,#1956,.T.);
#3233=ORIENTED_EDGE('',*,*,#2287,.T.);
#3234=ORIENTED_EDGE('',*,*,#2288,.F.);
#3235=ORIENTED_EDGE('',*,*,#2289,.T.);
#3236=ORIENTED_EDGE('',*,*,#2290,.F.);
#3237=ORIENTED_EDGE('',*,*,#1972,.T.);
#3238=ORIENTED_EDGE('',*,*,#1963,.T.);
#3239=ORIENTED_EDGE('',*,*,#1974,.F.);
#3240=ORIENTED_EDGE('',*,*,#2290,.T.);
#3241=ORIENTED_EDGE('',*,*,#2291,.T.);
#3242=ORIENTED_EDGE('',*,*,#2292,.T.);
#3243=ORIENTED_EDGE('',*,*,#1976,.T.);
#3244=ORIENTED_EDGE('',*,*,#2292,.F.);
#3245=ORIENTED_EDGE('',*,*,#2293,.T.);
#3246=ORIENTED_EDGE('',*,*,#2294,.F.);
#3247=ORIENTED_EDGE('',*,*,#1978,.F.);
#3248=ORIENTED_EDGE('',*,*,#2294,.T.);
#3249=ORIENTED_EDGE('',*,*,#2295,.T.);
#3250=ORIENTED_EDGE('',*,*,#2000,.T.);
#3251=ORIENTED_EDGE('',*,*,#2296,.F.);
#3252=ORIENTED_EDGE('',*,*,#2001,.F.);
#3253=ORIENTED_EDGE('',*,*,#2295,.F.);
#3254=ORIENTED_EDGE('',*,*,#2293,.F.);
#3255=ORIENTED_EDGE('',*,*,#2291,.F.);
#3256=ORIENTED_EDGE('',*,*,#2289,.F.);
#3257=ORIENTED_EDGE('',*,*,#2297,.F.);
#3258=ORIENTED_EDGE('',*,*,#2298,.F.);
#3259=ORIENTED_EDGE('',*,*,#2299,.F.);
#3260=ORIENTED_EDGE('',*,*,#2300,.F.);
#3261=ORIENTED_EDGE('',*,*,#2301,.F.);
#3262=ORIENTED_EDGE('',*,*,#2302,.F.);
#3263=ORIENTED_EDGE('',*,*,#2303,.F.);
#3264=ORIENTED_EDGE('',*,*,#2002,.T.);
#3265=ORIENTED_EDGE('',*,*,#2296,.T.);
#3266=ORIENTED_EDGE('',*,*,#2304,.T.);
#3267=ORIENTED_EDGE('',*,*,#2049,.F.);
#3268=ORIENTED_EDGE('',*,*,#2009,.F.);
#3269=ORIENTED_EDGE('',*,*,#2303,.T.);
#3270=ORIENTED_EDGE('',*,*,#2052,.F.);
#3271=ORIENTED_EDGE('',*,*,#2053,.F.);
#3272=ORIENTED_EDGE('',*,*,#2304,.F.);
#3273=ORIENTED_EDGE('',*,*,#2302,.T.);
#3274=ORIENTED_EDGE('',*,*,#2305,.F.);
#3275=ORIENTED_EDGE('',*,*,#2306,.F.);
#3276=ORIENTED_EDGE('',*,*,#2305,.T.);
#3277=ORIENTED_EDGE('',*,*,#2301,.T.);
#3278=ORIENTED_EDGE('',*,*,#2307,.T.);
#3279=ORIENTED_EDGE('',*,*,#2061,.F.);
#3280=ORIENTED_EDGE('',*,*,#2054,.F.);
#3281=ORIENTED_EDGE('',*,*,#2306,.T.);
#3282=ORIENTED_EDGE('',*,*,#2063,.F.);
#3283=ORIENTED_EDGE('',*,*,#2308,.F.);
#3284=ORIENTED_EDGE('',*,*,#2064,.T.);
#3285=ORIENTED_EDGE('',*,*,#2307,.F.);
#3286=ORIENTED_EDGE('',*,*,#2300,.T.);
#3287=ORIENTED_EDGE('',*,*,#2309,.F.);
#3288=ORIENTED_EDGE('',*,*,#2270,.T.);
#3289=ORIENTED_EDGE('',*,*,#2308,.T.);
#3290=ORIENTED_EDGE('',*,*,#2269,.T.);
#3291=ORIENTED_EDGE('',*,*,#2080,.T.);
#3292=ORIENTED_EDGE('',*,*,#2075,.T.);
#3293=ORIENTED_EDGE('',*,*,#2065,.T.);
#3294=ORIENTED_EDGE('',*,*,#2281,.F.);
#3295=ORIENTED_EDGE('',*,*,#2309,.T.);
#3296=ORIENTED_EDGE('',*,*,#2299,.T.);
#3297=ORIENTED_EDGE('',*,*,#2310,.T.);
#3298=ORIENTED_EDGE('',*,*,#2283,.T.);
#3299=ORIENTED_EDGE('',*,*,#2310,.F.);
#3300=ORIENTED_EDGE('',*,*,#2298,.T.);
#3301=ORIENTED_EDGE('',*,*,#2311,.F.);
#3302=ORIENTED_EDGE('',*,*,#2285,.F.);
#3303=ORIENTED_EDGE('',*,*,#2311,.T.);
#3304=ORIENTED_EDGE('',*,*,#2297,.T.);
#3305=ORIENTED_EDGE('',*,*,#2288,.T.);
#3306=ORIENTED_EDGE('',*,*,#2072,.T.);
#3307=ORIENTED_EDGE('',*,*,#2068,.F.);
#3308=ORIENTED_EDGE('',*,*,#2312,.F.);
#3309=ORIENTED_EDGE('',*,*,#2313,.F.);
#3310=ORIENTED_EDGE('',*,*,#2314,.T.);
#3311=ORIENTED_EDGE('',*,*,#2042,.T.);
#3312=ORIENTED_EDGE('',*,*,#2314,.F.);
#3313=ORIENTED_EDGE('',*,*,#2315,.T.);
#3314=ORIENTED_EDGE('',*,*,#2316,.T.);
#3315=ORIENTED_EDGE('',*,*,#2312,.T.);
#3316=ORIENTED_EDGE('',*,*,#2313,.T.);
#3317=ORIENTED_EDGE('',*,*,#2316,.F.);
#3318=ORIENTED_EDGE('',*,*,#2315,.F.);
#3319=ORIENTED_EDGE('',*,*,#2317,.F.);
#3320=ORIENTED_EDGE('',*,*,#2318,.F.);
#3321=ORIENTED_EDGE('',*,*,#2319,.T.);
#3322=ORIENTED_EDGE('',*,*,#2043,.T.);
#3323=ORIENTED_EDGE('',*,*,#2319,.F.);
#3324=ORIENTED_EDGE('',*,*,#2320,.T.);
#3325=ORIENTED_EDGE('',*,*,#2321,.T.);
#3326=ORIENTED_EDGE('',*,*,#2317,.T.);
#3327=ORIENTED_EDGE('',*,*,#2318,.T.);
#3328=ORIENTED_EDGE('',*,*,#2321,.F.);
#3329=ORIENTED_EDGE('',*,*,#2320,.F.);
#3330=ORIENTED_EDGE('',*,*,#2322,.F.);
#3331=ORIENTED_EDGE('',*,*,#2323,.F.);
#3332=ORIENTED_EDGE('',*,*,#2324,.T.);
#3333=ORIENTED_EDGE('',*,*,#2044,.T.);
#3334=ORIENTED_EDGE('',*,*,#2324,.F.);
#3335=ORIENTED_EDGE('',*,*,#2325,.T.);
#3336=ORIENTED_EDGE('',*,*,#2326,.T.);
#3337=ORIENTED_EDGE('',*,*,#2322,.T.);
#3338=ORIENTED_EDGE('',*,*,#2323,.T.);
#3339=ORIENTED_EDGE('',*,*,#2326,.F.);
#3340=ORIENTED_EDGE('',*,*,#2325,.F.);
#3341=ORIENTED_EDGE('',*,*,#2327,.F.);
#3342=ORIENTED_EDGE('',*,*,#2328,.F.);
#3343=ORIENTED_EDGE('',*,*,#2329,.T.);
#3344=ORIENTED_EDGE('',*,*,#2045,.T.);
#3345=ORIENTED_EDGE('',*,*,#2329,.F.);
#3346=ORIENTED_EDGE('',*,*,#2330,.T.);
#3347=ORIENTED_EDGE('',*,*,#2331,.T.);
#3348=ORIENTED_EDGE('',*,*,#2327,.T.);
#3349=ORIENTED_EDGE('',*,*,#2328,.T.);
#3350=ORIENTED_EDGE('',*,*,#2331,.F.);
#3351=ORIENTED_EDGE('',*,*,#2330,.F.);
#3352=ORIENTED_EDGE('',*,*,#1939,.T.);
#3353=ORIENTED_EDGE('',*,*,#2332,.F.);
#3354=ORIENTED_EDGE('',*,*,#2333,.T.);
#3355=ORIENTED_EDGE('',*,*,#2334,.T.);
#3356=ORIENTED_EDGE('',*,*,#1940,.T.);
#3357=ORIENTED_EDGE('',*,*,#2334,.F.);
#3358=ORIENTED_EDGE('',*,*,#2335,.T.);
#3359=ORIENTED_EDGE('',*,*,#2336,.T.);
#3360=ORIENTED_EDGE('',*,*,#1941,.T.);
#3361=ORIENTED_EDGE('',*,*,#2336,.F.);
#3362=ORIENTED_EDGE('',*,*,#2337,.T.);
#3363=ORIENTED_EDGE('',*,*,#2338,.T.);
#3364=ORIENTED_EDGE('',*,*,#1942,.T.);
#3365=ORIENTED_EDGE('',*,*,#2338,.F.);
#3366=ORIENTED_EDGE('',*,*,#2339,.T.);
#3367=ORIENTED_EDGE('',*,*,#2340,.T.);
#3368=ORIENTED_EDGE('',*,*,#1943,.T.);
#3369=ORIENTED_EDGE('',*,*,#2340,.F.);
#3370=ORIENTED_EDGE('',*,*,#2341,.T.);
#3371=ORIENTED_EDGE('',*,*,#2332,.T.);
#3372=ORIENTED_EDGE('',*,*,#2333,.F.);
#3373=ORIENTED_EDGE('',*,*,#2341,.F.);
#3374=ORIENTED_EDGE('',*,*,#2339,.F.);
#3375=ORIENTED_EDGE('',*,*,#2337,.F.);
#3376=ORIENTED_EDGE('',*,*,#2335,.F.);
#3377=ORIENTED_EDGE('',*,*,#1944,.T.);
#3378=ORIENTED_EDGE('',*,*,#2342,.F.);
#3379=ORIENTED_EDGE('',*,*,#2343,.T.);
#3380=ORIENTED_EDGE('',*,*,#2344,.T.);
#3381=ORIENTED_EDGE('',*,*,#1945,.T.);
#3382=ORIENTED_EDGE('',*,*,#2344,.F.);
#3383=ORIENTED_EDGE('',*,*,#2345,.T.);
#3384=ORIENTED_EDGE('',*,*,#2346,.T.);
#3385=ORIENTED_EDGE('',*,*,#1946,.T.);
#3386=ORIENTED_EDGE('',*,*,#2346,.F.);
#3387=ORIENTED_EDGE('',*,*,#2347,.T.);
#3388=ORIENTED_EDGE('',*,*,#2348,.T.);
#3389=ORIENTED_EDGE('',*,*,#1947,.T.);
#3390=ORIENTED_EDGE('',*,*,#2348,.F.);
#3391=ORIENTED_EDGE('',*,*,#2349,.T.);
#3392=ORIENTED_EDGE('',*,*,#2350,.T.);
#3393=ORIENTED_EDGE('',*,*,#1948,.T.);
#3394=ORIENTED_EDGE('',*,*,#2350,.F.);
#3395=ORIENTED_EDGE('',*,*,#2351,.T.);
#3396=ORIENTED_EDGE('',*,*,#2342,.T.);
#3397=ORIENTED_EDGE('',*,*,#2343,.F.);
#3398=ORIENTED_EDGE('',*,*,#2351,.F.);
#3399=ORIENTED_EDGE('',*,*,#2349,.F.);
#3400=ORIENTED_EDGE('',*,*,#2347,.F.);
#3401=ORIENTED_EDGE('',*,*,#2345,.F.);
#3402=ORIENTED_EDGE('',*,*,#2352,.T.);
#3403=ORIENTED_EDGE('',*,*,#2353,.T.);
#3404=ORIENTED_EDGE('',*,*,#1949,.T.);
#3405=ORIENTED_EDGE('',*,*,#2353,.F.);
#3406=ORIENTED_EDGE('',*,*,#2352,.F.);
#3407=ORIENTED_EDGE('',*,*,#2354,.F.);
#3408=ORIENTED_EDGE('',*,*,#2355,.T.);
#3409=ORIENTED_EDGE('',*,*,#2356,.T.);
#3410=ORIENTED_EDGE('',*,*,#2354,.T.);
#3411=ORIENTED_EDGE('',*,*,#2356,.F.);
#3412=ORIENTED_EDGE('',*,*,#2357,.T.);
#3413=ORIENTED_EDGE('',*,*,#2358,.T.);
#3414=ORIENTED_EDGE('',*,*,#2359,.T.);
#3415=ORIENTED_EDGE('',*,*,#2357,.F.);
#3416=ORIENTED_EDGE('',*,*,#2355,.F.);
#3417=ORIENTED_EDGE('',*,*,#2359,.F.);
#3418=ORIENTED_EDGE('',*,*,#2358,.F.);
#3419=ORIENTED_EDGE('',*,*,#2360,.F.);
#3420=ORIENTED_EDGE('',*,*,#2361,.T.);
#3421=ORIENTED_EDGE('',*,*,#2362,.T.);
#3422=ORIENTED_EDGE('',*,*,#2360,.T.);
#3423=ORIENTED_EDGE('',*,*,#2362,.F.);
#3424=ORIENTED_EDGE('',*,*,#2361,.F.);
#3425=CYLINDRICAL_SURFACE('',#3731,2.5);
#3426=CYLINDRICAL_SURFACE('',#3736,4.);
#3427=CYLINDRICAL_SURFACE('',#3745,12.5);
#3428=CYLINDRICAL_SURFACE('',#3746,1.75);
#3429=CYLINDRICAL_SURFACE('',#3754,12.5);
#3430=CYLINDRICAL_SURFACE('',#3759,1.75);
#3431=CYLINDRICAL_SURFACE('',#3761,1.75);
#3432=CYLINDRICAL_SURFACE('',#3766,12.5);
#3433=CYLINDRICAL_SURFACE('',#3776,12.5);
#3434=CYLINDRICAL_SURFACE('',#3778,1.75);
#3435=CYLINDRICAL_SURFACE('',#3785,0.8);
#3436=CYLINDRICAL_SURFACE('',#3790,0.8);
#3437=CYLINDRICAL_SURFACE('',#3818,0.25);
#3438=CYLINDRICAL_SURFACE('',#3823,0.25);
#3439=CYLINDRICAL_SURFACE('',#3828,0.25);
#3440=CYLINDRICAL_SURFACE('',#3839,0.25);
#3441=CYLINDRICAL_SURFACE('',#3847,0.25);
#3442=CYLINDRICAL_SURFACE('',#3865,1.75);
#3443=CYLINDRICAL_SURFACE('',#3869,0.2);
#3444=CYLINDRICAL_SURFACE('',#3873,1.75);
#3445=CYLINDRICAL_SURFACE('',#3877,0.25);
#3446=CYLINDRICAL_SURFACE('',#3880,0.25);
#3447=CYLINDRICAL_SURFACE('',#3885,0.25);
#3448=CYLINDRICAL_SURFACE('',#3899,0.2);
#3449=CYLINDRICAL_SURFACE('',#3905,0.2);
#3450=CYLINDRICAL_SURFACE('',#3924,1.9);
#3451=CYLINDRICAL_SURFACE('',#3929,1.9);
#3452=CYLINDRICAL_SURFACE('',#3943,8.7);
#3453=CYLINDRICAL_SURFACE('',#3948,0.2);
#3454=CYLINDRICAL_SURFACE('',#3951,0.2);
#3455=CYLINDRICAL_SURFACE('',#3954,0.2);
#3456=CYLINDRICAL_SURFACE('',#3960,0.2);
#3457=CYLINDRICAL_SURFACE('',#3963,0.2);
#3458=CYLINDRICAL_SURFACE('',#3964,0.2);
#3459=CYLINDRICAL_SURFACE('',#3968,0.2);
#3460=CYLINDRICAL_SURFACE('',#3972,0.2);
#3461=CYLINDRICAL_SURFACE('',#3981,0.5);
#3462=CYLINDRICAL_SURFACE('',#3988,0.5);
#3463=CYLINDRICAL_SURFACE('',#3990,0.5);
#3464=CYLINDRICAL_SURFACE('',#3992,0.5);
#3465=CYLINDRICAL_SURFACE('',#3995,0.2);
#3466=CYLINDRICAL_SURFACE('',#3998,0.2);
#3467=CYLINDRICAL_SURFACE('',#4013,0.25);
#3468=CYLINDRICAL_SURFACE('',#4017,0.25);
#3469=CYLINDRICAL_SURFACE('',#4020,1.75);
#3470=CYLINDRICAL_SURFACE('',#4021,0.2);
#3471=CYLINDRICAL_SURFACE('',#4026,0.2);
#3472=CYLINDRICAL_SURFACE('',#4027,0.25);
#3473=CYLINDRICAL_SURFACE('',#4039,0.25);
#3474=CYLINDRICAL_SURFACE('',#4044,0.25);
#3475=CYLINDRICAL_SURFACE('',#4046,2.);
#3476=CYLINDRICAL_SURFACE('',#4049,2.);
#3477=CYLINDRICAL_SURFACE('',#4056,2.);
#3478=CYLINDRICAL_SURFACE('',#4058,2.);
#3479=CYLINDRICAL_SURFACE('',#4061,0.25);
#3480=CYLINDRICAL_SURFACE('',#4062,2.);
#3481=CYLINDRICAL_SURFACE('',#4064,2.);
#3482=CYLINDRICAL_SURFACE('',#4065,1.75);
#3483=CYLINDRICAL_SURFACE('',#4069,0.8);
#3484=CYLINDRICAL_SURFACE('',#4075,0.8);
#3485=CYLINDRICAL_SURFACE('',#4081,0.8);
#3486=CYLINDRICAL_SURFACE('',#4087,0.8);
#3487=CYLINDRICAL_SURFACE('',#4102,5.);
#3488=CYLINDRICAL_SURFACE('',#4106,3.);
#3489=CYLINDRICAL_SURFACE('',#4114,1.3);
#3490=ADVANCED_FACE('',(#255),#3425,.T.);
#3491=ADVANCED_FACE('',(#256,#122),#134,.T.);
#3492=ADVANCED_FACE('',(#257),#3426,.F.);
#3493=ADVANCED_FACE('',(#258,#123),#135,.F.);
#3494=ADVANCED_FACE('',(#259),#136,.F.);
#3495=ADVANCED_FACE('',(#260),#137,.T.);
#3496=ADVANCED_FACE('',(#261),#3427,.T.);
#3497=ADVANCED_FACE('',(#262),#3428,.T.);
#3498=ADVANCED_FACE('',(#263),#138,.F.);
#3499=ADVANCED_FACE('',(#264),#139,.F.);
#3500=ADVANCED_FACE('',(#265),#140,.T.);
#3501=ADVANCED_FACE('',(#266),#141,.T.);
#3502=ADVANCED_FACE('',(#267),#3429,.T.);
#3503=ADVANCED_FACE('',(#268),#142,.T.);
#3504=ADVANCED_FACE('',(#269),#143,.F.);
#3505=ADVANCED_FACE('',(#270),#3430,.T.);
#3506=ADVANCED_FACE('',(#271),#144,.F.);
#3507=ADVANCED_FACE('',(#272),#3431,.T.);
#3508=ADVANCED_FACE('',(#273),#145,.T.);
#3509=ADVANCED_FACE('',(#274),#3432,.T.);
#3510=ADVANCED_FACE('',(#275),#146,.F.);
#3511=ADVANCED_FACE('',(#276),#147,.F.);
#3512=ADVANCED_FACE('',(#277),#148,.F.);
#3513=ADVANCED_FACE('',(#278),#149,.T.);
#3514=ADVANCED_FACE('',(#279),#150,.T.);
#3515=ADVANCED_FACE('',(#280),#3433,.T.);
#3516=ADVANCED_FACE('',(#281),#3434,.T.);
#3517=ADVANCED_FACE('',(#282),#151,.F.);
#3518=ADVANCED_FACE('',(#283),#152,.F.);
#3519=ADVANCED_FACE('',(#284),#153,.T.);
#3520=ADVANCED_FACE('',(#285),#154,.T.);
#3521=ADVANCED_FACE('',(#286),#3435,.F.);
#3522=ADVANCED_FACE('',(#287),#155,.T.);
#3523=ADVANCED_FACE('',(#288),#156,.T.);
#3524=ADVANCED_FACE('',(#289),#3436,.F.);
#3525=ADVANCED_FACE('',(#290),#157,.T.);
#3526=ADVANCED_FACE('',(#291),#158,.F.);
#3527=ADVANCED_FACE('',(#292,#124,#125,#126),#159,.T.);
#3528=ADVANCED_FACE('',(#293),#160,.F.);
#3529=ADVANCED_FACE('',(#294),#161,.T.);
#3530=ADVANCED_FACE('',(#295),#162,.T.);
#3531=ADVANCED_FACE('',(#296),#163,.F.);
#3532=ADVANCED_FACE('',(#297),#164,.T.);
#3533=ADVANCED_FACE('',(#298),#165,.F.);
#3534=ADVANCED_FACE('',(#299),#166,.T.);
#3535=ADVANCED_FACE('',(#300),#167,.F.);
#3536=ADVANCED_FACE('',(#301),#3437,.T.);
#3537=ADVANCED_FACE('',(#302),#36,.T.);
#3538=ADVANCED_FACE('',(#303),#3438,.T.);
#3539=ADVANCED_FACE('',(#304),#37,.T.);
#3540=ADVANCED_FACE('',(#305),#3439,.T.);
#3541=ADVANCED_FACE('',(#306),#168,.F.);
#3542=ADVANCED_FACE('',(#307),#169,.F.);
#3543=ADVANCED_FACE('',(#308),#170,.F.);
#3544=ADVANCED_FACE('',(#309),#171,.F.);
#3545=ADVANCED_FACE('',(#310),#172,.T.);
#3546=ADVANCED_FACE('',(#311),#173,.T.);
#3547=ADVANCED_FACE('',(#312),#3440,.T.);
#3548=ADVANCED_FACE('',(#313),#174,.T.);
#3549=ADVANCED_FACE('',(#314),#175,.T.);
#3550=ADVANCED_FACE('',(#315),#3441,.T.);
#3551=ADVANCED_FACE('',(#316,#127,#128,#129,#130),#176,.T.);
#3552=ADVANCED_FACE('',(#317),#38,.T.);
#3553=ADVANCED_FACE('',(#318),#3442,.T.);
#3554=ADVANCED_FACE('',(#319),#177,.T.);
#3555=ADVANCED_FACE('',(#320),#3443,.T.);
#3556=ADVANCED_FACE('',(#321),#39,.T.);
#3557=ADVANCED_FACE('',(#322),#3444,.T.);
#3558=ADVANCED_FACE('',(#323),#178,.T.);
#3559=ADVANCED_FACE('',(#324),#3445,.T.);
#3560=ADVANCED_FACE('',(#325),#40,.T.);
#3561=ADVANCED_FACE('',(#326),#3446,.T.);
#3562=ADVANCED_FACE('',(#327),#28,.T.);
#3563=ADVANCED_FACE('',(#328),#3447,.T.);
#3564=ADVANCED_FACE('',(#329),#179,.T.);
#3565=ADVANCED_FACE('',(#330),#22,.T.);
#3566=ADVANCED_FACE('',(#331),#29,.T.);
#3567=ADVANCED_FACE('',(#332),#41,.T.);
#3568=ADVANCED_FACE('',(#333),#23,.T.);
#3569=ADVANCED_FACE('',(#334),#3448,.T.);
#3570=ADVANCED_FACE('',(#335),#180,.F.);
#3571=ADVANCED_FACE('',(#336),#24,.T.);
#3572=ADVANCED_FACE('',(#337),#16,.F.);
#3573=ADVANCED_FACE('',(#338),#3449,.T.);
#3574=ADVANCED_FACE('',(#339),#181,.T.);
#3575=ADVANCED_FACE('',(#340),#182,.T.);
#3576=ADVANCED_FACE('',(#341),#183,.F.);
#3577=ADVANCED_FACE('',(#342),#184,.T.);
#3578=ADVANCED_FACE('',(#343),#185,.F.);
#3579=ADVANCED_FACE('',(#344),#186,.T.);
#3580=ADVANCED_FACE('',(#345),#187,.T.);
#3581=ADVANCED_FACE('',(#346),#188,.T.);
#3582=ADVANCED_FACE('',(#347),#189,.T.);
#3583=ADVANCED_FACE('',(#348),#190,.F.);
#3584=ADVANCED_FACE('',(#349),#191,.T.);
#3585=ADVANCED_FACE('',(#350),#192,.T.);
#3586=ADVANCED_FACE('',(#351),#193,.T.);
#3587=ADVANCED_FACE('',(#352),#194,.F.);
#3588=ADVANCED_FACE('',(#353),#3450,.T.);
#3589=ADVANCED_FACE('',(#354),#195,.F.);
#3590=ADVANCED_FACE('',(#355),#3451,.T.);
#3591=ADVANCED_FACE('',(#356),#196,.F.);
#3592=ADVANCED_FACE('',(#357),#197,.F.);
#3593=ADVANCED_FACE('',(#358),#198,.F.);
#3594=ADVANCED_FACE('',(#359),#199,.T.);
#3595=ADVANCED_FACE('',(#360),#200,.T.);
#3596=ADVANCED_FACE('',(#361),#201,.T.);
#3597=ADVANCED_FACE('',(#362),#202,.T.);
#3598=ADVANCED_FACE('',(#363),#203,.F.);
#3599=ADVANCED_FACE('',(#364),#204,.F.);
#3600=ADVANCED_FACE('',(#365),#205,.F.);
#3601=ADVANCED_FACE('',(#366),#3452,.F.);
#3602=ADVANCED_FACE('',(#367),#206,.T.);
#3603=ADVANCED_FACE('',(#368),#207,.F.);
#3604=ADVANCED_FACE('',(#369),#208,.T.);
#3605=ADVANCED_FACE('',(#370),#3453,.T.);
#3606=ADVANCED_FACE('',(#371),#209,.F.);
#3607=ADVANCED_FACE('',(#372),#3454,.T.);
#3608=ADVANCED_FACE('',(#373),#210,.F.);
#3609=ADVANCED_FACE('',(#374),#3455,.T.);
#3610=ADVANCED_FACE('',(#375),#30,.T.);
#3611=ADVANCED_FACE('',(#376),#3456,.T.);
#3612=ADVANCED_FACE('',(#377),#211,.F.);
#3613=ADVANCED_FACE('',(#378),#3457,.T.);
#3614=ADVANCED_FACE('',(#379),#3458,.T.);
#3615=ADVANCED_FACE('',(#380),#31,.T.);
#3616=ADVANCED_FACE('',(#381),#3459,.T.);
#3617=ADVANCED_FACE('',(#382),#32,.T.);
#3618=ADVANCED_FACE('',(#383),#3460,.T.);
#3619=ADVANCED_FACE('',(#384),#33,.T.);
#3620=ADVANCED_FACE('',(#385,#131),#212,.T.);
#3621=ADVANCED_FACE('',(#386),#213,.F.);
#3622=ADVANCED_FACE('',(#387),#3461,.F.);
#3623=ADVANCED_FACE('',(#388),#214,.T.);
#3624=ADVANCED_FACE('',(#389),#215,.F.);
#3625=ADVANCED_FACE('',(#390),#3462,.F.);
#3626=ADVANCED_FACE('',(#391),#216,.F.);
#3627=ADVANCED_FACE('',(#392),#3463,.F.);
#3628=ADVANCED_FACE('',(#393),#217,.F.);
#3629=ADVANCED_FACE('',(#394),#3464,.F.);
#3630=ADVANCED_FACE('',(#395),#218,.T.);
#3631=ADVANCED_FACE('',(#396),#219,.T.);
#3632=ADVANCED_FACE('',(#397),#3465,.T.);
#3633=ADVANCED_FACE('',(#398),#3466,.T.);
#3634=ADVANCED_FACE('',(#399),#25,.T.);
#3635=ADVANCED_FACE('',(#400),#220,.F.);
#3636=ADVANCED_FACE('',(#401),#26,.T.);
#3637=ADVANCED_FACE('',(#402),#17,.F.);
#3638=ADVANCED_FACE('',(#403),#42,.T.);
#3639=ADVANCED_FACE('',(#404),#34,.T.);
#3640=ADVANCED_FACE('',(#405),#3467,.T.);
#3641=ADVANCED_FACE('',(#406),#35,.T.);
#3642=ADVANCED_FACE('',(#407),#3468,.T.);
#3643=ADVANCED_FACE('',(#408),#43,.T.);
#3644=ADVANCED_FACE('',(#409),#3469,.T.);
#3645=ADVANCED_FACE('',(#410),#27,.T.);
#3646=ADVANCED_FACE('',(#411),#3470,.T.);
#3647=ADVANCED_FACE('',(#412),#221,.F.);
#3648=ADVANCED_FACE('',(#413),#222,.F.);
#3649=ADVANCED_FACE('',(#414),#223,.T.);
#3650=ADVANCED_FACE('',(#415),#224,.F.);
#3651=ADVANCED_FACE('',(#416),#3471,.T.);
#3652=ADVANCED_FACE('',(#417),#3472,.T.);
#3653=ADVANCED_FACE('',(#418),#225,.F.);
#3654=ADVANCED_FACE('',(#419),#226,.F.);
#3655=ADVANCED_FACE('',(#420),#227,.F.);
#3656=ADVANCED_FACE('',(#421),#228,.F.);
#3657=ADVANCED_FACE('',(#422),#229,.T.);
#3658=ADVANCED_FACE('',(#423),#44,.T.);
#3659=ADVANCED_FACE('',(#424),#3473,.T.);
#3660=ADVANCED_FACE('',(#425),#45,.T.);
#3661=ADVANCED_FACE('',(#426),#3474,.T.);
#3662=ADVANCED_FACE('',(#427),#230,.T.);
#3663=ADVANCED_FACE('',(#428),#3475,.T.);
#3664=ADVANCED_FACE('',(#429),#231,.T.);
#3665=ADVANCED_FACE('',(#430),#3476,.T.);
#3666=ADVANCED_FACE('',(#431),#232,.T.);
#3667=ADVANCED_FACE('',(#432),#3477,.T.);
#3668=ADVANCED_FACE('',(#433),#14,.F.);
#3669=ADVANCED_FACE('',(#434),#233,.T.);
#3670=ADVANCED_FACE('',(#435),#3478,.T.);
#3671=ADVANCED_FACE('',(#436),#15,.F.);
#3672=ADVANCED_FACE('',(#437),#234,.T.);
#3673=ADVANCED_FACE('',(#438),#3479,.T.);
#3674=ADVANCED_FACE('',(#439),#3480,.T.);
#3675=ADVANCED_FACE('',(#440),#235,.T.);
#3676=ADVANCED_FACE('',(#441),#3481,.T.);
#3677=ADVANCED_FACE('',(#442),#3482,.T.);
#3678=ADVANCED_FACE('',(#443),#18,.F.);
#3679=ADVANCED_FACE('',(#444),#3483,.F.);
#3680=ADVANCED_FACE('',(#445),#236,.T.);
#3681=ADVANCED_FACE('',(#446),#19,.F.);
#3682=ADVANCED_FACE('',(#447),#3484,.F.);
#3683=ADVANCED_FACE('',(#448),#237,.T.);
#3684=ADVANCED_FACE('',(#449),#20,.F.);
#3685=ADVANCED_FACE('',(#450),#3485,.F.);
#3686=ADVANCED_FACE('',(#451),#238,.T.);
#3687=ADVANCED_FACE('',(#452),#21,.F.);
#3688=ADVANCED_FACE('',(#453),#3486,.F.);
#3689=ADVANCED_FACE('',(#454),#239,.T.);
#3690=ADVANCED_FACE('',(#455),#240,.F.);
#3691=ADVANCED_FACE('',(#456),#241,.F.);
#3692=ADVANCED_FACE('',(#457),#242,.F.);
#3693=ADVANCED_FACE('',(#458),#243,.F.);
#3694=ADVANCED_FACE('',(#459),#244,.F.);
#3695=ADVANCED_FACE('',(#460),#245,.T.);
#3696=ADVANCED_FACE('',(#461),#246,.F.);
#3697=ADVANCED_FACE('',(#462),#247,.F.);
#3698=ADVANCED_FACE('',(#463),#248,.F.);
#3699=ADVANCED_FACE('',(#464),#249,.F.);
#3700=ADVANCED_FACE('',(#465),#250,.F.);
#3701=ADVANCED_FACE('',(#466),#251,.T.);
#3702=ADVANCED_FACE('',(#467),#3487,.T.);
#3703=ADVANCED_FACE('',(#468,#132),#252,.T.);
#3704=ADVANCED_FACE('',(#469),#3488,.T.);
#3705=ADVANCED_FACE('',(#470),#46,.T.);
#3706=ADVANCED_FACE('',(#471,#133),#253,.F.);
#3707=ADVANCED_FACE('',(#472),#3489,.F.);
#3708=ADVANCED_FACE('',(#473),#254,.F.);
#3709=CLOSED_SHELL('',(#3490,#3491,#3492,#3493));
#3710=CLOSED_SHELL('',(#3494,#3495,#3496,#3497,#3498));
#3711=CLOSED_SHELL('',(#3499,#3500,#3501,#3502,#3503,#3504,#3505,#3506));
#3712=CLOSED_SHELL('',(#3507,#3508,#3509,#3510,#3511));
#3713=CLOSED_SHELL('',(#3512,#3513,#3514,#3515,#3516,#3517,#3518,#3519));
#3714=CLOSED_SHELL('',(#3520,#3521,#3522));
#3715=CLOSED_SHELL('',(#3523,#3524,#3525));
#3716=CLOSED_SHELL('',(#3526,#3527,#3528,#3529,#3530,#3531,#3532,#3533,
#3534,#3535,#3536,#3537,#3538,#3539,#3540,#3541,#3542,#3543,#3544,#3545,
#3546,#3547,#3548,#3549,#3550,#3551,#3552,#3553,#3554,#3555,#3556,#3557,
#3558,#3559,#3560,#3561,#3562,#3563,#3564,#3565,#3566,#3567,#3568,#3569,
#3570,#3571,#3572,#3573,#3574,#3575,#3576,#3577,#3578,#3579,#3580,#3581,
#3582,#3583,#3584,#3585,#3586,#3587,#3588,#3589,#3590,#3591,#3592,#3593,
#3594,#3595,#3596,#3597,#3598,#3599,#3600,#3601,#3602,#3603,#3604,#3605,
#3606,#3607,#3608,#3609,#3610,#3611,#3612,#3613,#3614,#3615,#3616,#3617,
#3618,#3619,#3620,#3621,#3622,#3623,#3624,#3625,#3626,#3627,#3628,#3629,
#3630,#3631,#3632,#3633,#3634,#3635,#3636,#3637,#3638,#3639,#3640,#3641,
#3642,#3643,#3644,#3645,#3646,#3647,#3648,#3649,#3650,#3651,#3652,#3653,
#3654,#3655,#3656,#3657,#3658,#3659,#3660,#3661,#3662,#3663,#3664,#3665,
#3666,#3667,#3668,#3669,#3670,#3671,#3672,#3673,#3674,#3675,#3676,#3677,
#3678,#3679,#3680,#3681,#3682,#3683,#3684,#3685,#3686,#3687,#3688,#3689,
#3690,#3691,#3692,#3693,#3694,#3695,#3696,#3697,#3698,#3699,#3700,#3701,
#3702,#3703,#3704,#3705,#3706,#3707,#3708));
#3717=BREP_WITH_VOIDS('Cuerpo1',#3716,(#115,#116,#117,#118,#119,#120,#121));
#3718=DERIVED_UNIT_ELEMENT(#3720,1.);
#3719=DERIVED_UNIT_ELEMENT(#6945,-3.);
#3720=(
MASS_UNIT()
NAMED_UNIT(*)
SI_UNIT(.KILO.,.GRAM.)
);
#3721=DERIVED_UNIT((#3718,#3719));
#3722=MEASURE_REPRESENTATION_ITEM('density measure',
POSITIVE_RATIO_MEASURE(1637.),#3721);
#3723=PROPERTY_DEFINITION_REPRESENTATION(#3728,#3725);
#3724=PROPERTY_DEFINITION_REPRESENTATION(#3729,#3726);
#3725=REPRESENTATION('material name',(#3727),#6942);
#3726=REPRESENTATION('density',(#3722),#6942);
#3727=DESCRIPTIVE_REPRESENTATION_ITEM('PPS \X2\58516599\X0\',
'PPS \X2\58516599\X0\');
#3728=PROPERTY_DEFINITION('material property','material name',#6952);
#3729=PROPERTY_DEFINITION('material property','density of part',#6952);
#3730=AXIS2_PLACEMENT_3D('',#5217,#4117,#4118);
#3731=AXIS2_PLACEMENT_3D('',#5218,#4119,#4120);
#3732=AXIS2_PLACEMENT_3D('',#5220,#4121,#4122);
#3733=AXIS2_PLACEMENT_3D('',#5223,#4124,#4125);
#3734=AXIS2_PLACEMENT_3D('',#5224,#4126,#4127);
#3735=AXIS2_PLACEMENT_3D('',#5226,#4128,#4129);
#3736=AXIS2_PLACEMENT_3D('',#5227,#4130,#4131);
#3737=AXIS2_PLACEMENT_3D('',#5230,#4133,#4134);
#3738=AXIS2_PLACEMENT_3D('',#5231,#4135,#4136);
#3739=AXIS2_PLACEMENT_3D('',#5232,#4137,#4138);
#3740=AXIS2_PLACEMENT_3D('',#5237,#4140,#4141);
#3741=AXIS2_PLACEMENT_3D('',#5239,#4142,#4143);
#3742=AXIS2_PLACEMENT_3D('',#5241,#4145,#4146);
#3743=AXIS2_PLACEMENT_3D('',#5243,#4147,#4148);
#3744=AXIS2_PLACEMENT_3D('',#5246,#4150,#4151);
#3745=AXIS2_PLACEMENT_3D('',#5247,#4152,#4153);
#3746=AXIS2_PLACEMENT_3D('',#5249,#4155,#4156);
#3747=AXIS2_PLACEMENT_3D('',#5251,#4158,#4159);
#3748=AXIS2_PLACEMENT_3D('',#5252,#4160,#4161);
#3749=AXIS2_PLACEMENT_3D('',#5259,#4164,#4165);
#3750=AXIS2_PLACEMENT_3D('',#5261,#4167,#4168);
#3751=AXIS2_PLACEMENT_3D('',#5269,#4173,#4174);
#3752=AXIS2_PLACEMENT_3D('',#5272,#4175,#4176);
#3753=AXIS2_PLACEMENT_3D('',#5274,#4177,#4178);
#3754=AXIS2_PLACEMENT_3D('',#5277,#4181,#4182);
#3755=AXIS2_PLACEMENT_3D('',#5281,#4184,#4185);
#3756=AXIS2_PLACEMENT_3D('',#5283,#4187,#4188);
#3757=AXIS2_PLACEMENT_3D('',#5285,#4190,#4191);
#3758=AXIS2_PLACEMENT_3D('',#5286,#4192,#4193);
#3759=AXIS2_PLACEMENT_3D('',#5287,#4194,#4195);
#3760=AXIS2_PLACEMENT_3D('',#5292,#4196,#4197);
#3761=AXIS2_PLACEMENT_3D('',#5293,#4198,#4199);
#3762=AXIS2_PLACEMENT_3D('',#5296,#4200,#4201);
#3763=AXIS2_PLACEMENT_3D('',#5300,#4203,#4204);
#3764=AXIS2_PLACEMENT_3D('',#5302,#4206,#4207);
#3765=AXIS2_PLACEMENT_3D('',#5304,#4208,#4209);
#3766=AXIS2_PLACEMENT_3D('',#5308,#4212,#4213);
#3767=AXIS2_PLACEMENT_3D('',#5309,#4214,#4215);
#3768=AXIS2_PLACEMENT_3D('',#5310,#4216,#4217);
#3769=AXIS2_PLACEMENT_3D('',#5312,#4219,#4220);
#3770=AXIS2_PLACEMENT_3D('',#5313,#4221,#4222);
#3771=AXIS2_PLACEMENT_3D('',#5320,#4225,#4226);
#3772=AXIS2_PLACEMENT_3D('',#5322,#4228,#4229);
#3773=AXIS2_PLACEMENT_3D('',#5330,#4234,#4235);
#3774=AXIS2_PLACEMENT_3D('',#5333,#4236,#4237);
#3775=AXIS2_PLACEMENT_3D('',#5337,#4240,#4241);
#3776=AXIS2_PLACEMENT_3D('',#5338,#4242,#4243);
#3777=AXIS2_PLACEMENT_3D('',#5342,#4245,#4246);
#3778=AXIS2_PLACEMENT_3D('',#5344,#4248,#4249);
#3779=AXIS2_PLACEMENT_3D('',#5349,#4250,#4251);
#3780=AXIS2_PLACEMENT_3D('',#5350,#4252,#4253);
#3781=AXIS2_PLACEMENT_3D('',#5351,#4254,#4255);
#3782=AXIS2_PLACEMENT_3D('',#5353,#4257,#4258);
#3783=AXIS2_PLACEMENT_3D('',#5354,#4259,#4260);
#3784=AXIS2_PLACEMENT_3D('',#5356,#4261,#4262);
#3785=AXIS2_PLACEMENT_3D('',#5357,#4263,#4264);
#3786=AXIS2_PLACEMENT_3D('',#5360,#4266,#4267);
#3787=AXIS2_PLACEMENT_3D('',#5361,#4268,#4269);
#3788=AXIS2_PLACEMENT_3D('',#5362,#4270,#4271);
#3789=AXIS2_PLACEMENT_3D('',#5364,#4272,#4273);
#3790=AXIS2_PLACEMENT_3D('',#5365,#4274,#4275);
#3791=AXIS2_PLACEMENT_3D('',#5368,#4277,#4278);
#3792=AXIS2_PLACEMENT_3D('',#5369,#4279,#4280);
#3793=AXIS2_PLACEMENT_3D('',#5370,#4281,#4282);
#3794=AXIS2_PLACEMENT_3D('',#5379,#4287,#4288);
#3795=AXIS2_PLACEMENT_3D('',#5390,#4293,#4294);
#3796=AXIS2_PLACEMENT_3D('',#5394,#4296,#4297);
#3797=AXIS2_PLACEMENT_3D('',#5408,#4304,#4305);
#3798=AXIS2_PLACEMENT_3D('',#5410,#4306,#4307);
#3799=AXIS2_PLACEMENT_3D('',#5412,#4308,#4309);
#3800=AXIS2_PLACEMENT_3D('',#5416,#4311,#4312);
#3801=AXIS2_PLACEMENT_3D('',#5425,#4317,#4318);
#3802=AXIS2_PLACEMENT_3D('',#5429,#4320,#4321);
#3803=AXIS2_PLACEMENT_3D('',#5431,#4322,#4323);
#3804=AXIS2_PLACEMENT_3D('',#5433,#4324,#4325);
#3805=AXIS2_PLACEMENT_3D('',#5447,#4332,#4333);
#3806=AXIS2_PLACEMENT_3D('',#5451,#4335,#4336);
#3807=AXIS2_PLACEMENT_3D('',#5474,#4348,#4349);
#3808=AXIS2_PLACEMENT_3D('',#5475,#4350,#4351);
#3809=AXIS2_PLACEMENT_3D('',#5487,#4357,#4358);
#3810=AXIS2_PLACEMENT_3D('',#5491,#4361,#4362);
#3811=AXIS2_PLACEMENT_3D('',#5497,#4366,#4367);
#3812=AXIS2_PLACEMENT_3D('',#5501,#4370,#4371);
#3813=AXIS2_PLACEMENT_3D('',#5504,#4373,#4374);
#3814=AXIS2_PLACEMENT_3D('',#5512,#4379,#4380);
#3815=AXIS2_PLACEMENT_3D('',#5514,#4382,#4383);
#3816=AXIS2_PLACEMENT_3D('',#5516,#4385,#4386);
#3817=AXIS2_PLACEMENT_3D('',#5518,#4388,#4389);
#3818=AXIS2_PLACEMENT_3D('',#5519,#4390,#4391);
#3819=AXIS2_PLACEMENT_3D('',#5522,#4393,#4394);
#3820=AXIS2_PLACEMENT_3D('',#5523,#4395,#4396);
#3821=AXIS2_PLACEMENT_3D('',#5525,#4397,#4398);
#3822=AXIS2_PLACEMENT_3D('',#5526,#4399,#4400);
#3823=AXIS2_PLACEMENT_3D('',#5527,#4401,#4402);
#3824=AXIS2_PLACEMENT_3D('',#5530,#4404,#4405);
#3825=AXIS2_PLACEMENT_3D('',#5531,#4406,#4407);
#3826=AXIS2_PLACEMENT_3D('',#5533,#4408,#4409);
#3827=AXIS2_PLACEMENT_3D('',#5534,#4410,#4411);
#3828=AXIS2_PLACEMENT_3D('',#5535,#4412,#4413);
#3829=AXIS2_PLACEMENT_3D('',#5537,#4414,#4415);
#3830=AXIS2_PLACEMENT_3D('',#5540,#4417,#4418);
#3831=AXIS2_PLACEMENT_3D('',#5558,#4420,#4421);
#3832=AXIS2_PLACEMENT_3D('',#5559,#4422,#4423);
#3833=AXIS2_PLACEMENT_3D('',#5565,#4427,#4428);
#3834=AXIS2_PLACEMENT_3D('',#5569,#4431,#4432);
#3835=AXIS2_PLACEMENT_3D('',#5573,#4435,#4436);
#3836=AXIS2_PLACEMENT_3D('',#5575,#4438,#4439);
#3837=AXIS2_PLACEMENT_3D('',#5576,#4440,#4441);
#3838=AXIS2_PLACEMENT_3D('',#5581,#4444,#4445);
#3839=AXIS2_PLACEMENT_3D('',#5582,#4446,#4447);
#3840=AXIS2_PLACEMENT_3D('',#5584,#4448,#4449);
#3841=AXIS2_PLACEMENT_3D('',#5587,#4451,#4452);
#3842=AXIS2_PLACEMENT_3D('',#5588,#4453,#4454);
#3843=AXIS2_PLACEMENT_3D('',#5596,#4459,#4460);
#3844=AXIS2_PLACEMENT_3D('',#5610,#4462,#4463);
#3845=AXIS2_PLACEMENT_3D('',#5624,#4466,#4467);
#3846=AXIS2_PLACEMENT_3D('',#5625,#4468,#4469);
#3847=AXIS2_PLACEMENT_3D('',#5626,#4470,#4471);
#3848=AXIS2_PLACEMENT_3D('',#5677,#4473,#4474);
#3849=AXIS2_PLACEMENT_3D('',#5679,#4475,#4476);
#3850=AXIS2_PLACEMENT_3D('',#5683,#4478,#4479);
#3851=AXIS2_PLACEMENT_3D('',#5687,#4481,#4482);
#3852=AXIS2_PLACEMENT_3D('',#5693,#4485,#4486);
#3853=AXIS2_PLACEMENT_3D('',#5703,#4491,#4492);
#3854=AXIS2_PLACEMENT_3D('',#5707,#4494,#4495);
#3855=AXIS2_PLACEMENT_3D('',#5711,#4497,#4498);
#3856=AXIS2_PLACEMENT_3D('',#5715,#4500,#4501);
#3857=AXIS2_PLACEMENT_3D('',#5725,#4506,#4507);
#3858=AXIS2_PLACEMENT_3D('',#5730,#4510,#4511);
#3859=AXIS2_PLACEMENT_3D('',#5732,#4512,#4513);
#3860=AXIS2_PLACEMENT_3D('',#5734,#4514,#4515);
#3861=AXIS2_PLACEMENT_3D('',#5736,#4516,#4517);
#3862=AXIS2_PLACEMENT_3D('',#5738,#4518,#4519);
#3863=AXIS2_PLACEMENT_3D('',#5739,#4520,#4521);
#3864=AXIS2_PLACEMENT_3D('',#5741,#4522,#4523);
#3865=AXIS2_PLACEMENT_3D('',#5773,#4524,#4525);
#3866=AXIS2_PLACEMENT_3D('',#5785,#4526,#4527);
#3867=AXIS2_PLACEMENT_3D('',#5786,#4528,#4529);
#3868=AXIS2_PLACEMENT_3D('',#5796,#4534,#4535);
#3869=AXIS2_PLACEMENT_3D('',#5805,#4536,#4537);
#3870=AXIS2_PLACEMENT_3D('',#5828,#4538,#4539);
#3871=AXIS2_PLACEMENT_3D('',#5830,#4540,#4541);
#3872=AXIS2_PLACEMENT_3D('',#5832,#4542,#4543);
#3873=AXIS2_PLACEMENT_3D('',#5858,#4544,#4545);
#3874=AXIS2_PLACEMENT_3D('',#5870,#4546,#4547);
#3875=AXIS2_PLACEMENT_3D('',#5871,#4548,#4549);
#3876=AXIS2_PLACEMENT_3D('',#5890,#4554,#4555);
#3877=AXIS2_PLACEMENT_3D('',#5901,#4557,#4558);
#3878=AXIS2_PLACEMENT_3D('',#5924,#4559,#4560);
#3879=AXIS2_PLACEMENT_3D('',#5925,#4561,#4562);
#3880=AXIS2_PLACEMENT_3D('',#5948,#4563,#4564);
#3881=AXIS2_PLACEMENT_3D('',#5949,#4565,#4566);
#3882=AXIS2_PLACEMENT_3D('',#5950,#4567,#4568);
#3883=AXIS2_PLACEMENT_3D('',#5952,#4569,#4570);
#3884=AXIS2_PLACEMENT_3D('',#5953,#4571,#4572);
#3885=AXIS2_PLACEMENT_3D('',#5954,#4573,#4574);
#3886=AXIS2_PLACEMENT_3D('',#5957,#4576,#4577);
#3887=AXIS2_PLACEMENT_3D('',#5958,#4578,#4579);
#3888=AXIS2_PLACEMENT_3D('',#5959,#4580,#4581);
#3889=AXIS2_PLACEMENT_3D('',#5962,#4583,#4584);
#3890=AXIS2_PLACEMENT_3D('',#5988,#4585,#4586);
#3891=AXIS2_PLACEMENT_3D('',#5989,#4587,#4588);
#3892=AXIS2_PLACEMENT_3D('',#5990,#4589,#4590);
#3893=AXIS2_PLACEMENT_3D('',#5991,#4591,#4592);
#3894=AXIS2_PLACEMENT_3D('',#5992,#4593,#4594);
#3895=AXIS2_PLACEMENT_3D('',#6022,#4595,#4596);
#3896=AXIS2_PLACEMENT_3D('',#6060,#4597,#4598);
#3897=AXIS2_PLACEMENT_3D('',#6062,#4599,#4600);
#3898=AXIS2_PLACEMENT_3D('',#6063,#4601,#4602);
#3899=AXIS2_PLACEMENT_3D('',#6064,#4603,#4604);
#3900=AXIS2_PLACEMENT_3D('',#6067,#4606,#4607);
#3901=AXIS2_PLACEMENT_3D('',#6068,#4608,#4609);
#3902=AXIS2_PLACEMENT_3D('',#6069,#4610,#4611);
#3903=AXIS2_PLACEMENT_3D('',#6101,#4614,#4615);
#3904=AXIS2_PLACEMENT_3D('',#6102,#4616,#4617);
#3905=AXIS2_PLACEMENT_3D('',#6103,#4618,#4619);
#3906=AXIS2_PLACEMENT_3D('',#6105,#4620,#4621);
#3907=AXIS2_PLACEMENT_3D('',#6107,#4623,#4624);
#3908=AXIS2_PLACEMENT_3D('',#6111,#4627,#4628);
#3909=AXIS2_PLACEMENT_3D('',#6115,#4631,#4632);
#3910=AXIS2_PLACEMENT_3D('',#6125,#4638,#4639);
#3911=AXIS2_PLACEMENT_3D('',#6147,#4650,#4651);
#3912=AXIS2_PLACEMENT_3D('',#6151,#4653,#4654);
#3913=AXIS2_PLACEMENT_3D('',#6154,#4656,#4657);
#3914=AXIS2_PLACEMENT_3D('',#6155,#4658,#4659);
#3915=AXIS2_PLACEMENT_3D('',#6164,#4662,#4663);
#3916=AXIS2_PLACEMENT_3D('',#6170,#4667,#4668);
#3917=AXIS2_PLACEMENT_3D('',#6178,#4673,#4674);
#3918=AXIS2_PLACEMENT_3D('',#6180,#4676,#4677);
#3919=AXIS2_PLACEMENT_3D('',#6190,#4683,#4684);
#3920=AXIS2_PLACEMENT_3D('',#6197,#4689,#4690);
#3921=AXIS2_PLACEMENT_3D('',#6199,#4692,#4693);
#3922=AXIS2_PLACEMENT_3D('',#6205,#4697,#4698);
#3923=AXIS2_PLACEMENT_3D('',#6211,#4702,#4703);
#3924=AXIS2_PLACEMENT_3D('',#6218,#4705,#4706);
#3925=AXIS2_PLACEMENT_3D('',#6220,#4707,#4708);
#3926=AXIS2_PLACEMENT_3D('',#6222,#4709,#4710);
#3927=AXIS2_PLACEMENT_3D('',#6224,#4711,#4712);
#3928=AXIS2_PLACEMENT_3D('',#6229,#4713,#4714);
#3929=AXIS2_PLACEMENT_3D('',#6247,#4717,#4718);
#3930=AXIS2_PLACEMENT_3D('',#6249,#4719,#4720);
#3931=AXIS2_PLACEMENT_3D('',#6251,#4721,#4722);
#3932=AXIS2_PLACEMENT_3D('',#6252,#4723,#4724);
#3933=AXIS2_PLACEMENT_3D('',#6253,#4725,#4726);
#3934=AXIS2_PLACEMENT_3D('',#6255,#4728,#4729);
#3935=AXIS2_PLACEMENT_3D('',#6267,#4737,#4738);
#3936=AXIS2_PLACEMENT_3D('',#6268,#4739,#4740);
#3937=AXIS2_PLACEMENT_3D('',#6274,#4744,#4745);
#3938=AXIS2_PLACEMENT_3D('',#6280,#4749,#4750);
#3939=AXIS2_PLACEMENT_3D('',#6284,#4753,#4754);
#3940=AXIS2_PLACEMENT_3D('',#6288,#4757,#4758);
#3941=AXIS2_PLACEMENT_3D('',#6290,#4760,#4761);
#3942=AXIS2_PLACEMENT_3D('',#6291,#4762,#4763);
#3943=AXIS2_PLACEMENT_3D('',#6292,#4764,#4765);
#3944=AXIS2_PLACEMENT_3D('',#6293,#4766,#4767);
#3945=AXIS2_PLACEMENT_3D('',#6294,#4768,#4769);
#3946=AXIS2_PLACEMENT_3D('',#6295,#4770,#4771);
#3947=AXIS2_PLACEMENT_3D('',#6297,#4773,#4774);
#3948=AXIS2_PLACEMENT_3D('',#6304,#4779,#4780);
#3949=AXIS2_PLACEMENT_3D('',#6307,#4782,#4783);
#3950=AXIS2_PLACEMENT_3D('',#6308,#4784,#4785);
#3951=AXIS2_PLACEMENT_3D('',#6312,#4788,#4789);
#3952=AXIS2_PLACEMENT_3D('',#6315,#4791,#4792);
#3953=AXIS2_PLACEMENT_3D('',#6316,#4793,#4794);
#3954=AXIS2_PLACEMENT_3D('',#6320,#4797,#4798);
#3955=AXIS2_PLACEMENT_3D('',#6322,#4799,#4800);
#3956=AXIS2_PLACEMENT_3D('',#6325,#4802,#4803);
#3957=AXIS2_PLACEMENT_3D('',#6326,#4804,#4805);
#3958=AXIS2_PLACEMENT_3D('',#6328,#4806,#4807);
#3959=AXIS2_PLACEMENT_3D('',#6329,#4808,#4809);
#3960=AXIS2_PLACEMENT_3D('',#6330,#4810,#4811);
#3961=AXIS2_PLACEMENT_3D('',#6334,#4813,#4814);
#3962=AXIS2_PLACEMENT_3D('',#6336,#4816,#4817);
#3963=AXIS2_PLACEMENT_3D('',#6339,#4820,#4821);
#3964=AXIS2_PLACEMENT_3D('',#6340,#4822,#4823);
#3965=AXIS2_PLACEMENT_3D('',#6341,#4824,#4825);
#3966=AXIS2_PLACEMENT_3D('',#6342,#4826,#4827);
#3967=AXIS2_PLACEMENT_3D('',#6343,#4828,#4829);
#3968=AXIS2_PLACEMENT_3D('',#6344,#4830,#4831);
#3969=AXIS2_PLACEMENT_3D('',#6347,#4833,#4834);
#3970=AXIS2_PLACEMENT_3D('',#6348,#4835,#4836);
#3971=AXIS2_PLACEMENT_3D('',#6349,#4837,#4838);
#3972=AXIS2_PLACEMENT_3D('',#6350,#4839,#4840);
#3973=AXIS2_PLACEMENT_3D('',#6351,#4841,#4842);
#3974=AXIS2_PLACEMENT_3D('',#6353,#4844,#4845);
#3975=AXIS2_PLACEMENT_3D('',#6354,#4846,#4847);
#3976=AXIS2_PLACEMENT_3D('',#6359,#4849,#4850);
#3977=AXIS2_PLACEMENT_3D('',#6363,#4852,#4853);
#3978=AXIS2_PLACEMENT_3D('',#6367,#4855,#4856);
#3979=AXIS2_PLACEMENT_3D('',#6370,#4858,#4859);
#3980=AXIS2_PLACEMENT_3D('',#6371,#4860,#4861);
#3981=AXIS2_PLACEMENT_3D('',#6377,#4865,#4866);
#3982=AXIS2_PLACEMENT_3D('',#6379,#4867,#4868);
#3983=AXIS2_PLACEMENT_3D('',#6381,#4870,#4871);
#3984=AXIS2_PLACEMENT_3D('',#6383,#4872,#4873);
#3985=AXIS2_PLACEMENT_3D('',#6387,#4875,#4876);
#3986=AXIS2_PLACEMENT_3D('',#6391,#4878,#4879);
#3987=AXIS2_PLACEMENT_3D('',#6393,#4881,#4882);
#3988=AXIS2_PLACEMENT_3D('',#6395,#4884,#4885);
#3989=AXIS2_PLACEMENT_3D('',#6397,#4887,#4888);
#3990=AXIS2_PLACEMENT_3D('',#6399,#4890,#4891);
#3991=AXIS2_PLACEMENT_3D('',#6401,#4893,#4894);
#3992=AXIS2_PLACEMENT_3D('',#6403,#4896,#4897);
#3993=AXIS2_PLACEMENT_3D('',#6404,#4898,#4899);
#3994=AXIS2_PLACEMENT_3D('',#6406,#4901,#4902);
#3995=AXIS2_PLACEMENT_3D('',#6410,#4905,#4906);
#3996=AXIS2_PLACEMENT_3D('',#6412,#4907,#4908);
#3997=AXIS2_PLACEMENT_3D('',#6415,#4910,#4911);
#3998=AXIS2_PLACEMENT_3D('',#6416,#4912,#4913);
#3999=AXIS2_PLACEMENT_3D('',#6419,#4915,#4916);
#4000=AXIS2_PLACEMENT_3D('',#6469,#4917,#4918);
#4001=AXIS2_PLACEMENT_3D('',#6471,#4919,#4920);
#4002=AXIS2_PLACEMENT_3D('',#6502,#4921,#4922);
#4003=AXIS2_PLACEMENT_3D('',#6503,#4923,#4924);
#4004=AXIS2_PLACEMENT_3D('',#6533,#4926,#4927);
#4005=AXIS2_PLACEMENT_3D('',#6534,#4928,#4929);
#4006=AXIS2_PLACEMENT_3D('',#6536,#4930,#4931);
#4007=AXIS2_PLACEMENT_3D('',#6537,#4932,#4933);
#4008=AXIS2_PLACEMENT_3D('',#6538,#4934,#4935);
#4009=AXIS2_PLACEMENT_3D('',#6539,#4936,#4937);
#4010=AXIS2_PLACEMENT_3D('',#6540,#4938,#4939);
#4011=AXIS2_PLACEMENT_3D('',#6541,#4940,#4941);
#4012=AXIS2_PLACEMENT_3D('',#6542,#4942,#4943);
#4013=AXIS2_PLACEMENT_3D('',#6543,#4944,#4945);
#4014=AXIS2_PLACEMENT_3D('',#6544,#4946,#4947);
#4015=AXIS2_PLACEMENT_3D('',#6545,#4948,#4949);
#4016=AXIS2_PLACEMENT_3D('',#6546,#4950,#4951);
#4017=AXIS2_PLACEMENT_3D('',#6547,#4952,#4953);
#4018=AXIS2_PLACEMENT_3D('',#6570,#4954,#4955);
#4019=AXIS2_PLACEMENT_3D('',#6571,#4956,#4957);
#4020=AXIS2_PLACEMENT_3D('',#6572,#4958,#4959);
#4021=AXIS2_PLACEMENT_3D('',#6597,#4960,#4961);
#4022=AXIS2_PLACEMENT_3D('',#6599,#4963,#4964);
#4023=AXIS2_PLACEMENT_3D('',#6604,#4968,#4969);
#4024=AXIS2_PLACEMENT_3D('',#6608,#4972,#4973);
#4025=AXIS2_PLACEMENT_3D('',#6610,#4975,#4976);
#4026=AXIS2_PLACEMENT_3D('',#6611,#4977,#4978);
#4027=AXIS2_PLACEMENT_3D('',#6612,#4979,#4980);
#4028=AXIS2_PLACEMENT_3D('',#6616,#4982,#4983);
#4029=AXIS2_PLACEMENT_3D('',#6634,#4985,#4986);
#4030=AXIS2_PLACEMENT_3D('',#6635,#4987,#4988);
#4031=AXIS2_PLACEMENT_3D('',#6636,#4989,#4990);
#4032=AXIS2_PLACEMENT_3D('',#6642,#4994,#4995);
#4033=AXIS2_PLACEMENT_3D('',#6646,#4998,#4999);
#4034=AXIS2_PLACEMENT_3D('',#6650,#5002,#5003);
#4035=AXIS2_PLACEMENT_3D('',#6652,#5005,#5006);
#4036=AXIS2_PLACEMENT_3D('',#6653,#5007,#5008);
#4037=AXIS2_PLACEMENT_3D('',#6655,#5009,#5010);
#4038=AXIS2_PLACEMENT_3D('',#6656,#5011,#5012);
#4039=AXIS2_PLACEMENT_3D('',#6657,#5013,#5014);
#4040=AXIS2_PLACEMENT_3D('',#6660,#5016,#5017);
#4041=AXIS2_PLACEMENT_3D('',#6661,#5018,#5019);
#4042=AXIS2_PLACEMENT_3D('',#6663,#5020,#5021);
#4043=AXIS2_PLACEMENT_3D('',#6664,#5022,#5023);
#4044=AXIS2_PLACEMENT_3D('',#6665,#5024,#5025);
#4045=AXIS2_PLACEMENT_3D('',#6667,#5027,#5028);
#4046=AXIS2_PLACEMENT_3D('',#6673,#5032,#5033);
#4047=AXIS2_PLACEMENT_3D('',#6675,#5034,#5035);
#4048=AXIS2_PLACEMENT_3D('',#6677,#5037,#5038);
#4049=AXIS2_PLACEMENT_3D('',#6681,#5041,#5042);
#4050=AXIS2_PLACEMENT_3D('',#6682,#5043,#5044);
#4051=AXIS2_PLACEMENT_3D('',#6683,#5045,#5046);
#4052=AXIS2_PLACEMENT_3D('',#6685,#5047,#5048);
#4053=AXIS2_PLACEMENT_3D('',#6687,#5049,#5050);
#4054=AXIS2_PLACEMENT_3D('',#6691,#5052,#5053);
#4055=AXIS2_PLACEMENT_3D('',#6695,#5055,#5056);
#4056=AXIS2_PLACEMENT_3D('',#6697,#5058,#5059);
#4057=AXIS2_PLACEMENT_3D('',#6757,#5061,#5062);
#4058=AXIS2_PLACEMENT_3D('',#6759,#5064,#5065);
#4059=AXIS2_PLACEMENT_3D('',#6819,#5067,#5068);
#4060=AXIS2_PLACEMENT_3D('',#6820,#5069,#5070);
#4061=AXIS2_PLACEMENT_3D('',#6822,#5072,#5073);
#4062=AXIS2_PLACEMENT_3D('',#6823,#5074,#5075);
#4063=AXIS2_PLACEMENT_3D('',#6825,#5077,#5078);
#4064=AXIS2_PLACEMENT_3D('',#6827,#5080,#5081);
#4065=AXIS2_PLACEMENT_3D('',#6828,#5082,#5083);
#4066=AXIS2_PLACEMENT_3D('',#6829,#5084,#5085);
#4067=AXIS2_PLACEMENT_3D('',#6832,#5086,#5087);
#4068=AXIS2_PLACEMENT_3D('',#6833,#5088,#5089);
#4069=AXIS2_PLACEMENT_3D('',#6835,#5091,#5092);
#4070=AXIS2_PLACEMENT_3D('',#6837,#5093,#5094);
#4071=AXIS2_PLACEMENT_3D('',#6839,#5096,#5097);
#4072=AXIS2_PLACEMENT_3D('',#6840,#5098,#5099);
#4073=AXIS2_PLACEMENT_3D('',#6843,#5100,#5101);
#4074=AXIS2_PLACEMENT_3D('',#6844,#5102,#5103);
#4075=AXIS2_PLACEMENT_3D('',#6846,#5105,#5106);
#4076=AXIS2_PLACEMENT_3D('',#6848,#5107,#5108);
#4077=AXIS2_PLACEMENT_3D('',#6850,#5110,#5111);
#4078=AXIS2_PLACEMENT_3D('',#6851,#5112,#5113);
#4079=AXIS2_PLACEMENT_3D('',#6854,#5114,#5115);
#4080=AXIS2_PLACEMENT_3D('',#6855,#5116,#5117);
#4081=AXIS2_PLACEMENT_3D('',#6857,#5119,#5120);
#4082=AXIS2_PLACEMENT_3D('',#6859,#5121,#5122);
#4083=AXIS2_PLACEMENT_3D('',#6861,#5124,#5125);
#4084=AXIS2_PLACEMENT_3D('',#6862,#5126,#5127);
#4085=AXIS2_PLACEMENT_3D('',#6865,#5128,#5129);
#4086=AXIS2_PLACEMENT_3D('',#6866,#5130,#5131);
#4087=AXIS2_PLACEMENT_3D('',#6868,#5133,#5134);
#4088=AXIS2_PLACEMENT_3D('',#6870,#5135,#5136);
#4089=AXIS2_PLACEMENT_3D('',#6872,#5138,#5139);
#4090=AXIS2_PLACEMENT_3D('',#6873,#5140,#5141);
#4091=AXIS2_PLACEMENT_3D('',#6879,#5145,#5146);
#4092=AXIS2_PLACEMENT_3D('',#6883,#5149,#5150);
#4093=AXIS2_PLACEMENT_3D('',#6887,#5153,#5154);
#4094=AXIS2_PLACEMENT_3D('',#6891,#5157,#5158);
#4095=AXIS2_PLACEMENT_3D('',#6893,#5160,#5161);
#4096=AXIS2_PLACEMENT_3D('',#6894,#5162,#5163);
#4097=AXIS2_PLACEMENT_3D('',#6900,#5167,#5168);
#4098=AXIS2_PLACEMENT_3D('',#6904,#5171,#5172);
#4099=AXIS2_PLACEMENT_3D('',#6908,#5175,#5176);
#4100=AXIS2_PLACEMENT_3D('',#6912,#5179,#5180);
#4101=AXIS2_PLACEMENT_3D('',#6914,#5182,#5183);
#4102=AXIS2_PLACEMENT_3D('',#6915,#5184,#5185);
#4103=AXIS2_PLACEMENT_3D('',#6917,#5186,#5187);
#4104=AXIS2_PLACEMENT_3D('',#6919,#5189,#5190);
#4105=AXIS2_PLACEMENT_3D('',#6921,#5191,#5192);
#4106=AXIS2_PLACEMENT_3D('',#6922,#5193,#5194);
#4107=AXIS2_PLACEMENT_3D('',#6925,#5195,#5196);
#4108=AXIS2_PLACEMENT_3D('',#6927,#5198,#5199);
#4109=AXIS2_PLACEMENT_3D('',#6928,#5200,#5201);
#4110=AXIS2_PLACEMENT_3D('',#6930,#5202,#5203);
#4111=AXIS2_PLACEMENT_3D('',#6931,#5204,#5205);
#4112=AXIS2_PLACEMENT_3D('',#6932,#5206,#5207);
#4113=AXIS2_PLACEMENT_3D('',#6934,#5208,#5209);
#4114=AXIS2_PLACEMENT_3D('',#6935,#5210,#5211);
#4115=AXIS2_PLACEMENT_3D('',#6937,#5212,#5213);
#4116=AXIS2_PLACEMENT_3D('',#6939,#5215,#5216);
#4117=DIRECTION('axis',(0.,0.,1.));
#4118=DIRECTION('refdir',(1.,0.,0.));
#4119=DIRECTION('center_axis',(0.,1.,0.));
#4120=DIRECTION('ref_axis',(0.,0.,-1.));
#4121=DIRECTION('center_axis',(0.,1.,0.));
#4122=DIRECTION('ref_axis',(0.,0.,1.));
#4123=DIRECTION('',(0.,-1.,0.));
#4124=DIRECTION('center_axis',(0.,-1.,0.));
#4125=DIRECTION('ref_axis',(0.,0.,-1.));
#4126=DIRECTION('center_axis',(0.,-1.,0.));
#4127=DIRECTION('ref_axis',(1.,0.,0.));
#4128=DIRECTION('center_axis',(0.,-1.,0.));
#4129=DIRECTION('ref_axis',(1.,0.,0.));
#4130=DIRECTION('center_axis',(0.,-1.,0.));
#4131=DIRECTION('ref_axis',(1.,0.,0.));
#4132=DIRECTION('',(0.,-1.,0.));
#4133=DIRECTION('center_axis',(0.,1.,0.));
#4134=DIRECTION('ref_axis',(-1.,0.,0.));
#4135=DIRECTION('center_axis',(0.,-1.,0.));
#4136=DIRECTION('ref_axis',(1.,0.,0.));
#4137=DIRECTION('center_axis',(-0.928476690885266,-0.371390676354087,0.));
#4138=DIRECTION('ref_axis',(-0.371390676354087,0.928476690885266,0.));
#4139=DIRECTION('',(8.268433068725E-12,2.222697061485E-13,1.));
#4140=DIRECTION('center_axis',(0.928477648608858,0.371388281863457,-1.13258801903615E-5));
#4141=DIRECTION('ref_axis',(0.332298376801553,-0.830765773065714,-0.446549010834847));
#4142=DIRECTION('center_axis',(0.928476690885266,0.371390676354087,0.));
#4143=DIRECTION('ref_axis',(0.371390676354087,-0.928476690885266,0.));
#4144=DIRECTION('',(0.37135946738142,-0.92839866846385,0.0129637332871007));
#4145=DIRECTION('center_axis',(0.,-1.,0.));
#4146=DIRECTION('ref_axis',(1.,0.,0.));
#4147=DIRECTION('center_axis',(0.,1.,0.));
#4148=DIRECTION('ref_axis',(0.527196073658479,0.,-0.849743667183866));
#4149=DIRECTION('',(1.,0.,1.049692900969E-13));
#4150=DIRECTION('center_axis',(0.,1.,0.));
#4151=DIRECTION('ref_axis',(-0.954664763338524,0.,-0.297683035525708));
#4152=DIRECTION('center_axis',(0.,-1.,0.));
#4153=DIRECTION('ref_axis',(1.,0.,0.));
#4154=DIRECTION('',(-2.881991270339E-12,1.,2.013618354822E-12));
#4155=DIRECTION('center_axis',(0.,-1.,0.));
#4156=DIRECTION('ref_axis',(1.,0.,0.));
#4157=DIRECTION('',(-0.00432954646145786,-0.999893152392715,0.0139620494769608));
#4158=DIRECTION('center_axis',(0.,-0.0139621803391501,-0.999902524009304));
#4159=DIRECTION('ref_axis',(-1.,0.,0.));
#4160=DIRECTION('center_axis',(0.,-0.371390676354087,-0.928476690885266));
#4161=DIRECTION('ref_axis',(0.,0.928476690885266,-0.371390676354087));
#4162=DIRECTION('',(0.,-0.928476690884935,0.371390676354914));
#4163=DIRECTION('',(-1.,-5.13251107808E-12,4.584481147772E-13));
#4164=DIRECTION('center_axis',(0.,0.371390676354087,0.928476690885266));
#4165=DIRECTION('ref_axis',(0.,-0.928476690885266,0.371390676354087));
#4166=DIRECTION('',(-1.,0.,5.527352654119E-13));
#4167=DIRECTION('center_axis',(-1.,0.,0.));
#4168=DIRECTION('ref_axis',(0.,0.,-1.));
#4169=DIRECTION('',(0.,0.,1.));
#4170=DIRECTION('',(0.,-0.999902524009324,0.0139621803377303));
#4171=DIRECTION('',(0.,7.367364227294E-14,1.));
#4172=DIRECTION('',(0.,-1.,0.));
#4173=DIRECTION('center_axis',(0.,-1.,0.));
#4174=DIRECTION('ref_axis',(1.,0.,0.));
#4175=DIRECTION('center_axis',(0.,1.,0.));
#4176=DIRECTION('ref_axis',(0.8,0.,-0.6));
#4177=DIRECTION('center_axis',(0.,1.,0.));
#4178=DIRECTION('ref_axis',(0.410992508976286,0.,0.911638720966468));
#4179=DIRECTION('',(1.,0.,-3.041059187909E-12));
#4180=DIRECTION('',(-1.,0.,0.));
#4181=DIRECTION('center_axis',(0.,-1.,0.));
#4182=DIRECTION('ref_axis',(1.,0.,0.));
#4183=DIRECTION('',(0.,-1.,0.));
#4184=DIRECTION('center_axis',(0.,-1.,0.));
#4185=DIRECTION('ref_axis',(0.721541139086407,0.,-0.692371565422707));
#4186=DIRECTION('',(0.,1.,0.));
#4187=DIRECTION('center_axis',(0.,0.,-1.));
#4188=DIRECTION('ref_axis',(1.,0.,0.));
#4189=DIRECTION('',(-1.,0.,0.));
#4190=DIRECTION('center_axis',(0.,-1.,0.));
#4191=DIRECTION('ref_axis',(1.,0.,0.));
#4192=DIRECTION('center_axis',(0.,-1.,0.));
#4193=DIRECTION('ref_axis',(0.975570626288578,0.,-0.219686033062895));
#4194=DIRECTION('center_axis',(0.,-1.,0.));
#4195=DIRECTION('ref_axis',(1.,0.,0.));
#4196=DIRECTION('center_axis',(0.,-0.0139621803391501,-0.999902524009304));
#4197=DIRECTION('ref_axis',(-1.,0.,0.));
#4198=DIRECTION('center_axis',(0.,-1.,0.));
#4199=DIRECTION('ref_axis',(1.,0.,0.));
#4200=DIRECTION('center_axis',(0.,1.,0.));
#4201=DIRECTION('ref_axis',(-0.977170902439421,0.,0.212454765599005));
#4202=DIRECTION('',(-2.919746614492E-12,1.,-1.988448125387E-12));
#4203=DIRECTION('center_axis',(0.928476690885266,0.371390676354087,0.));
#4204=DIRECTION('ref_axis',(0.371390676354087,-0.928476690885266,0.));
#4205=DIRECTION('',(0.00432954646145786,0.999893152392715,0.0139620494769608));
#4206=DIRECTION('center_axis',(0.,-1.,0.));
#4207=DIRECTION('ref_axis',(1.,0.,0.));
#4208=DIRECTION('center_axis',(0.,1.,0.));
#4209=DIRECTION('ref_axis',(0.518162636914399,0.,0.855282106503998));
#4210=DIRECTION('',(-1.,2.332650891052E-14,-1.492896570273E-12));
#4211=DIRECTION('',(4.445394122984E-14,-2.222697061492E-13,1.));
#4212=DIRECTION('center_axis',(0.,-1.,0.));
#4213=DIRECTION('ref_axis',(1.,0.,0.));
#4214=DIRECTION('center_axis',(0.928477648040526,0.371388283284503,1.131910508454E-5));
#4215=DIRECTION('ref_axis',(0.332299133486783,-0.830767652835664,0.446544950577044));
#4216=DIRECTION('center_axis',(-0.928476690885266,-0.371390676354087,0.));
#4217=DIRECTION('ref_axis',(-0.371390676354087,0.928476690885266,0.));
#4218=DIRECTION('',(-0.37135946738142,0.92839866846385,0.0129637332870907));
#4219=DIRECTION('center_axis',(0.,-0.0139621803391501,0.999902524009304));
#4220=DIRECTION('ref_axis',(1.,0.,0.));
#4221=DIRECTION('center_axis',(0.,-0.371390676354087,0.928476690885266));
#4222=DIRECTION('ref_axis',(0.,0.928476690885266,0.371390676354087));
#4223=DIRECTION('',(0.,0.928476690884935,0.371390676354914));
#4224=DIRECTION('',(1.,0.,5.527352654119E-13));
#4225=DIRECTION('center_axis',(0.,0.371390676354087,-0.928476690885266));
#4226=DIRECTION('ref_axis',(0.,0.928476690885266,0.371390676354087));
#4227=DIRECTION('',(1.,5.127241559519E-12,4.558133554968E-13));
#4228=DIRECTION('center_axis',(-1.,0.,0.));
#4229=DIRECTION('ref_axis',(0.,0.,-1.));
#4230=DIRECTION('',(0.,0.,1.));
#4231=DIRECTION('',(0.,-1.,0.));
#4232=DIRECTION('',(0.,-7.367364227294E-14,1.));
#4233=DIRECTION('',(0.,0.999902524009324,0.0139621803377303));
#4234=DIRECTION('center_axis',(0.,-1.,0.));
#4235=DIRECTION('ref_axis',(1.,0.,0.));
#4236=DIRECTION('center_axis',(0.,1.,0.));
#4237=DIRECTION('ref_axis',(0.721541139086407,0.,0.692371565422707));
#4238=DIRECTION('',(1.,0.,0.));
#4239=DIRECTION('',(-1.,0.,-3.040996317637E-12));
#4240=DIRECTION('center_axis',(0.,1.,0.));
#4241=DIRECTION('ref_axis',(0.954662629699987,0.,0.297689877984296));
#4242=DIRECTION('center_axis',(0.,-1.,0.));
#4243=DIRECTION('ref_axis',(1.,0.,0.));
#4244=DIRECTION('',(0.,1.,0.));
#4245=DIRECTION('center_axis',(0.,-1.,0.));
#4246=DIRECTION('ref_axis',(0.8,0.,0.6));
#4247=DIRECTION('',(0.,1.,0.));
#4248=DIRECTION('center_axis',(0.,-1.,0.));
#4249=DIRECTION('ref_axis',(1.,0.,0.));
#4250=DIRECTION('center_axis',(0.,-1.,0.));
#4251=DIRECTION('ref_axis',(1.,0.,0.));
#4252=DIRECTION('center_axis',(0.,-0.0139621803391501,0.999902524009304));
#4253=DIRECTION('ref_axis',(1.,0.,0.));
#4254=DIRECTION('center_axis',(0.,-1.,0.));
#4255=DIRECTION('ref_axis',(1.,0.,0.));
#4256=DIRECTION('',(1.,0.,0.));
#4257=DIRECTION('center_axis',(0.,0.,1.));
#4258=DIRECTION('ref_axis',(-1.,0.,0.));
#4259=DIRECTION('center_axis',(0.,1.,0.));
#4260=DIRECTION('ref_axis',(-1.,0.,0.));
#4261=DIRECTION('center_axis',(0.,1.,0.));
#4262=DIRECTION('ref_axis',(-1.,0.,0.));
#4263=DIRECTION('center_axis',(0.,1.,0.));
#4264=DIRECTION('ref_axis',(-1.,0.,0.));
#4265=DIRECTION('',(0.,1.,0.));
#4266=DIRECTION('center_axis',(0.,-1.,0.));
#4267=DIRECTION('ref_axis',(1.,0.,0.));
#4268=DIRECTION('center_axis',(0.,-1.,0.));
#4269=DIRECTION('ref_axis',(1.,0.,0.));
#4270=DIRECTION('center_axis',(0.,1.,0.));
#4271=DIRECTION('ref_axis',(-1.,0.,0.));
#4272=DIRECTION('center_axis',(0.,1.,0.));
#4273=DIRECTION('ref_axis',(-1.,0.,0.));
#4274=DIRECTION('center_axis',(0.,1.,0.));
#4275=DIRECTION('ref_axis',(-1.,0.,0.));
#4276=DIRECTION('',(0.,1.,0.));
#4277=DIRECTION('center_axis',(0.,-1.,0.));
#4278=DIRECTION('ref_axis',(1.,0.,0.));
#4279=DIRECTION('center_axis',(0.,-1.,0.));
#4280=DIRECTION('ref_axis',(1.,0.,0.));
#4281=DIRECTION('center_axis',(0.,0.,1.));
#4282=DIRECTION('ref_axis',(-1.,0.,0.));
#4283=DIRECTION('',(-1.,0.,0.));
#4284=DIRECTION('',(0.,-1.,0.));
#4285=DIRECTION('',(-1.,0.,0.));
#4286=DIRECTION('',(0.,1.,0.));
#4287=DIRECTION('center_axis',(0.,-1.,0.));
#4288=DIRECTION('ref_axis',(1.,0.,0.));
#4289=DIRECTION('',(-1.,0.,0.));
#4290=DIRECTION('',(0.,0.,1.));
#4291=DIRECTION('',(1.,0.,0.));
#4292=DIRECTION('',(1.455507492456E-14,1.862211308997E-9,-1.));
#4293=DIRECTION('center_axis',(-1.399538059371E-5,0.999999999890203,-4.87065203167901E-6));
#4294=DIRECTION('ref_axis',(-0.707103338685599,-1.33402681923827E-5,-0.707110223544899));
#4295=DIRECTION('',(-0.707106781185185,1.90080370141996E-7,0.707106781187885));
#4296=DIRECTION('center_axis',(-6.44982851447089E-6,0.999999999890082,-1.33504710483098E-5));
#4297=DIRECTION('ref_axis',(4.86677245769419E-6,-1.33504396585816E-5,-0.99999999989904));
#4298=DIRECTION('',(0.999999999999998,-6.27732108705099E-8,-6.19253114909399E-13));
#4299=DIRECTION('',(0.,0.,-1.));
#4300=DIRECTION('',(1.,0.,0.));
#4301=DIRECTION('',(0.,0.,-1.));
#4302=DIRECTION('',(1.,6.626208608412E-13,-7.23828076881E-11));
#4303=DIRECTION('',(-5.771636821818E-9,1.427292520934E-8,1.));
#4304=DIRECTION('center_axis',(-1.88547566776873E-7,-0.999999999999976,
1.09868370690553E-7));
#4305=DIRECTION('ref_axis',(0.983437956139624,-2.05337937584222E-7,-0.181245100413436));
#4306=DIRECTION('center_axis',(0.,1.,0.));
#4307=DIRECTION('ref_axis',(0.796632701238613,0.,-0.60446367907201));
#4308=DIRECTION('center_axis',(-1.70054460906923E-10,-1.,3.5002414191428E-10));
#4309=DIRECTION('ref_axis',(0.999999473594229,-1.69695223547456E-10,0.00102606591606347));
#4310=DIRECTION('',(-1.,-2.09468648221E-9,1.94187297893E-11));
#4311=DIRECTION('center_axis',(0.,-1.,0.));
#4312=DIRECTION('ref_axis',(1.,0.,-4.884981308351E-14));
#4313=DIRECTION('',(0.,0.,1.));
#4314=DIRECTION('',(1.,0.,0.));
#4315=DIRECTION('',(0.,0.,1.));
#4316=DIRECTION('',(0.,0.,1.));
#4317=DIRECTION('center_axis',(0.,-1.,0.));
#4318=DIRECTION('ref_axis',(-1.073168220955E-9,0.,-1.));
#4319=DIRECTION('',(1.,2.088979043465E-9,2.775327957086E-11));
#4320=DIRECTION('center_axis',(-1.56275559111489E-10,-1.,-3.21662933991286E-10));
#4321=DIRECTION('ref_axis',(0.999999474327914,-1.55945659672647E-10,-0.00102535062106708));
#4322=DIRECTION('center_axis',(0.,1.,0.));
#4323=DIRECTION('ref_axis',(0.512450809586294,0.,0.858716581739489));
#4324=DIRECTION('center_axis',(-1.8718712878009E-7,-0.999999999999977,-1.09076479270396E-7));
#4325=DIRECTION('ref_axis',(0.983438009982874,-2.03856482992847E-7,0.181244808259116));
#4326=DIRECTION('',(-1.74099003944E-9,4.777124316304E-9,1.));
#4327=DIRECTION('',(-1.,-2.523003915633E-12,-2.630945671916E-10));
#4328=DIRECTION('',(0.,0.,1.));
#4329=DIRECTION('',(-1.,0.,0.));
#4330=DIRECTION('',(0.,0.,1.));
#4331=DIRECTION('',(-1.,2.30478184271E-9,-1.857759344803E-14));
#4332=DIRECTION('center_axis',(-4.87064790648502E-6,0.999999999890203,1.399537116638E-5));
#4333=DIRECTION('ref_axis',(-0.707110223542599,-1.33402586093403E-5,0.707103338687899));
#4334=DIRECTION('',(0.707106781187885,1.90080435914496E-7,0.707106781185185));
#4335=DIRECTION('center_axis',(-1.33504593671298E-5,0.999999999890082,6.44982407150189E-6));
#4336=DIRECTION('ref_axis',(-0.99999999989904,-1.33504279774137E-5,-4.8667739347762E-6));
#4337=DIRECTION('',(-4.99421008331999E-13,-5.07181105657699E-8,-0.999999999999999));
#4338=DIRECTION('',(0.707106781186998,0.,-0.707106781186097));
#4339=DIRECTION('',(-0.693712473485855,0.,-0.720252042086753));
#4340=DIRECTION('',(-0.720252042092494,0.,-0.693712473479894));
#4341=DIRECTION('',(-0.707106781185998,0.,0.707106781187098));
#4342=DIRECTION('',(0.707106781185598,0.,0.707106781187497));
#4343=DIRECTION('',(0.693712473484019,0.,-0.72025204208852));
#4344=DIRECTION('',(-0.707106781186998,0.,-0.707106781186097));
#4345=DIRECTION('',(-0.707106781185597,0.,0.707106781187498));
#4346=DIRECTION('',(0.707106781185998,0.,0.707106781187098));
#4347=DIRECTION('',(0.720252042094604,0.,-0.693712473477703));
#4348=DIRECTION('center_axis',(0.,-1.,0.));
#4349=DIRECTION('ref_axis',(1.,0.,0.));
#4350=DIRECTION('center_axis',(0.,0.,1.));
#4351=DIRECTION('ref_axis',(-1.,0.,0.));
#4352=DIRECTION('',(0.,1.,0.));
#4353=DIRECTION('',(1.,0.,0.));
#4354=DIRECTION('',(0.,-1.,0.));
#4355=DIRECTION('',(1.,0.,0.));
#4356=DIRECTION('',(0.,1.,0.));
#4357=DIRECTION('center_axis',(0.,0.,1.));
#4358=DIRECTION('ref_axis',(-0.999902524008897,-0.01396218036832,0.));
#4359=DIRECTION('',(0.0139621803385702,-0.999902524009312,0.));
#4360=DIRECTION('',(1.,1.737071430502E-14,0.));
#4361=DIRECTION('center_axis',(-1.,0.,0.));
#4362=DIRECTION('ref_axis',(0.,0.,1.));
#4363=DIRECTION('',(0.,0.,-1.));
#4364=DIRECTION('',(0.,1.,0.));
#4365=DIRECTION('',(0.,0.,-1.));
#4366=DIRECTION('center_axis',(0.,-1.,0.));
#4367=DIRECTION('ref_axis',(1.,0.,0.));
#4368=DIRECTION('',(0.,0.,-1.));
#4369=DIRECTION('',(-1.,0.,0.));
#4370=DIRECTION('center_axis',(0.,0.,-1.));
#4371=DIRECTION('ref_axis',(1.,0.,0.));
#4372=DIRECTION('',(-0.0139621803385702,0.999902524009312,0.));
#4373=DIRECTION('center_axis',(0.,0.,-1.));
#4374=DIRECTION('ref_axis',(2.84217094304E-14,-1.,0.));
#4375=DIRECTION('',(0.,1.,0.));
#4376=DIRECTION('',(1.,0.,0.));
#4377=DIRECTION('',(0.,-1.,0.));
#4378=DIRECTION('',(-1.,0.,0.));
#4379=DIRECTION('center_axis',(0.,-1.,0.));
#4380=DIRECTION('ref_axis',(1.,0.,0.));
#4381=DIRECTION('',(0.,0.,-1.));
#4382=DIRECTION('center_axis',(1.,0.,0.));
#4383=DIRECTION('ref_axis',(0.,0.,1.));
#4384=DIRECTION('',(0.,0.,-1.));
#4385=DIRECTION('center_axis',(0.,-1.,0.));
#4386=DIRECTION('ref_axis',(-1.,0.,0.));
#4387=DIRECTION('',(0.,0.,-1.));
#4388=DIRECTION('center_axis',(1.,0.,0.));
#4389=DIRECTION('ref_axis',(0.,-1.,0.));
#4390=DIRECTION('center_axis',(0.,0.,-1.));
#4391=DIRECTION('ref_axis',(0.,-1.,0.));
#4392=DIRECTION('',(-7.49178407145798E-8,-1.046564013747E-9,0.999999999999997));
#4393=DIRECTION('center_axis',(4.3779103262698E-6,4.87071330262978E-6,0.999999999978555));
#4394=DIRECTION('ref_axis',(-0.999902537324313,-0.0139612260435502,4.44548477292216E-6));
#4395=DIRECTION('center_axis',(-1.399538059371E-5,0.999999999890203,-4.87065203167901E-6));
#4396=DIRECTION('ref_axis',(-0.999831802560932,-1.39036974162273E-5,0.0183402942845698));
#4397=DIRECTION('center_axis',(0.00174535536378819,-0.99999821554068,0.000722945439806849));
#4398=DIRECTION('ref_axis',(-0.707108565908829,-0.00174535561820442,-0.707102842415533));
#4399=DIRECTION('center_axis',(0.707110114022574,6.45222032102077E-6,-0.707103448305374));
#4400=DIRECTION('ref_axis',(-2.42588246401686E-6,-0.999999999930347,-1.15507658262478E-5));
#4401=DIRECTION('center_axis',(0.707106781186548,0.,-0.707106781186548));
#4402=DIRECTION('ref_axis',(0.,-1.,0.));
#4403=DIRECTION('',(-0.707106745994097,5.13153897129998E-10,0.707106816378997));
#4404=DIRECTION('center_axis',(-0.707103685163302,4.87955243254001E-6,0.707109877179402));
#4405=DIRECTION('ref_axis',(-0.707041008350039,-0.0139612458255299,-0.707034720594654));
#4406=DIRECTION('center_axis',(-6.44982851447089E-6,0.999999999890082,-1.33504710483098E-5));
#4407=DIRECTION('ref_axis',(-0.719956385145912,-1.39090799355583E-5,-0.694019310462013));
#4408=DIRECTION('center_axis',(0.000722950792459629,-0.999998215549957,
0.00174534783175389));
#4409=DIRECTION('ref_axis',(-4.04877898857783E-6,-0.00174535121491392,-0.999998476865212));
#4410=DIRECTION('center_axis',(0.999999999968099,6.44989142058999E-6,4.71186488098499E-6));
#4411=DIRECTION('ref_axis',(6.44993790529714E-6,-0.999999999930535,-9.86550985818238E-6));
#4412=DIRECTION('center_axis',(1.,0.,0.));
#4413=DIRECTION('ref_axis',(0.,-1.,0.));
#4414=DIRECTION('center_axis',(1.,0.,0.));
#4415=DIRECTION('ref_axis',(0.,-1.,3.552713678801E-14));
#4416=DIRECTION('',(1.,0.,0.));
#4417=DIRECTION('center_axis',(-1.,0.,0.));
#4418=DIRECTION('ref_axis',(0.,-0.812173009368622,-0.583416663160315));
#4419=DIRECTION('',(-0.999999999999998,8.33897944004799E-10,5.70869268025299E-8));
#4420=DIRECTION('center_axis',(-0.928449259394289,-0.37145924773085,-2.32972876159376E-6));
#4421=DIRECTION('ref_axis',(0.371419685984416,-0.92835028463754,-0.0146002012532733));
#4422=DIRECTION('center_axis',(1.,0.,0.));
#4423=DIRECTION('ref_axis',(0.,0.,1.));
#4424=DIRECTION('',(0.,-1.,0.));
#4425=DIRECTION('',(0.,0.,-1.));
#4426=DIRECTION('',(0.,-1.,-6.630789755104E-12));
#4427=DIRECTION('center_axis',(0.,0.,-1.));
#4428=DIRECTION('ref_axis',(1.,0.,0.));
#4429=DIRECTION('',(-1.,0.,0.));
#4430=DIRECTION('',(0.,-1.,-6.56381208081E-12));
#4431=DIRECTION('center_axis',(-1.,0.,0.));
#4432=DIRECTION('ref_axis',(0.,0.,-1.));
#4433=DIRECTION('',(0.,0.,1.));
#4434=DIRECTION('',(0.,-1.,0.));
#4435=DIRECTION('center_axis',(0.,0.,1.));
#4436=DIRECTION('ref_axis',(-1.,0.,0.));
#4437=DIRECTION('',(1.,0.,0.));
#4438=DIRECTION('center_axis',(0.,-1.,0.));
#4439=DIRECTION('ref_axis',(1.,0.,0.));
#4440=DIRECTION('center_axis',(-0.928476690885266,-0.371390676354087,0.));
#4441=DIRECTION('ref_axis',(-0.371390676354087,0.928476690885266,0.));
#4442=DIRECTION('',(-0.34666182975118,0.86665457437915,-0.358797191322979));
#4443=DIRECTION('',(-1.273699654038E-8,3.147227126961E-8,1.));
#4444=DIRECTION('center_axis',(-0.928476693248249,-0.371390670446616,-9.57392950232829E-8));
#4445=DIRECTION('ref_axis',(-0.0208681066571964,0.0521705249842835,-0.99842013123104));
#4446=DIRECTION('center_axis',(0.3466618297517,-0.866654574379099,0.3587971913226));
#4447=DIRECTION('ref_axis',(-0.928476690885245,-0.371390676354141,5.32074384551606E-14));
#4448=DIRECTION('center_axis',(0.,0.0139621803391501,0.999902524009304));
#4449=DIRECTION('ref_axis',(0.36957938103617,-0.929108586557924,0.0129736462591966));
#4450=DIRECTION('',(0.3466618296727,-0.866654574402501,0.358797191342401));
#4451=DIRECTION('center_axis',(-0.34666182978709,0.866654574374676,-0.35879719129909));
#4452=DIRECTION('ref_axis',(-2.4218127503417E-13,-0.3825170021594,-0.923948452598404));
#4453=DIRECTION('center_axis',(0.,-0.0139621803391501,-0.999902524009304));
#4454=DIRECTION('ref_axis',(-1.,0.,0.));
#4455=DIRECTION('',(0.00578322774252103,-0.999885801660405,0.0139620168602801));
#4456=DIRECTION('',(1.,0.,3.125482798946E-14));
#4457=DIRECTION('',(0.0139608155596096,0.999805076574568,-0.0139608196260796));
#4458=DIRECTION('',(1.,-9.648249232896E-13,-1.094284422986E-12));
#4459=DIRECTION('center_axis',(0.,-0.382517002178996,-0.923948452590291));
#4460=DIRECTION('ref_axis',(0.,-0.923948452590291,0.382517002178996));
#4461=DIRECTION('',(-1.,0.,1.520719672727E-14));
#4462=DIRECTION('center_axis',(0.,0.382517002178996,0.923948452590291));
#4463=DIRECTION('ref_axis',(0.,-0.923948452590291,0.382517002178996));
#4464=DIRECTION('',(-1.,-5.180384164647E-13,1.70687016707E-12));
#4465=DIRECTION('',(3.05192913911492E-8,-0.923948452302976,0.38251700287299));
#4466=DIRECTION('center_axis',(1.67883892761035E-6,0.382514605977782,0.923949444618505));
#4467=DIRECTION('ref_axis',(0.000197578083422825,-0.923949426712535,0.382514598205715));
#4468=DIRECTION('center_axis',(-0.000130157390147921,-0.382474600076666,
-0.92396599686095));
#4469=DIRECTION('ref_axis',(0.968520052370076,0.229959741493397,-0.0953279888036814));
#4470=DIRECTION('center_axis',(1.,0.,0.));
#4471=DIRECTION('ref_axis',(0.,-1.,0.));
#4472=DIRECTION('',(1.,0.,3.162398887779E-14));
#4473=DIRECTION('center_axis',(0.,-1.,0.));
#4474=DIRECTION('ref_axis',(1.,0.,0.));
#4475=DIRECTION('center_axis',(0.,1.,0.));
#4476=DIRECTION('ref_axis',(0.945649992374305,0.,0.325186241902202));
#4477=DIRECTION('',(0.,0.,1.));
#4478=DIRECTION('center_axis',(0.,1.,0.));
#4479=DIRECTION('ref_axis',(0.548801620616293,0.,0.83595261899759));
#4480=DIRECTION('',(-1.,0.,3.154512606263E-14));
#4481=DIRECTION('center_axis',(0.,1.,0.));
#4482=DIRECTION('ref_axis',(-0.61538327568378,0.,0.788228027926374));
#4483=DIRECTION('',(-1.,0.,-8.988849713028E-13));
#4484=DIRECTION('',(-6.43826916304199E-8,8.36097306011298E-14,-0.999999999999998));
#4485=DIRECTION('center_axis',(0.,-1.,0.));
#4486=DIRECTION('ref_axis',(0.676000127171733,0.,0.736901504994936));
#4487=DIRECTION('',(1.,-2.16831878678E-13,-1.080520888759E-9));
#4488=DIRECTION('',(2.575717417114E-14,-1.865174681358E-14,1.));
#4489=DIRECTION('',(-1.,0.,0.));
#4490=DIRECTION('',(1.990332870909E-13,2.479758986706E-13,-1.));
#4491=DIRECTION('center_axis',(0.,-1.,0.));
#4492=DIRECTION('ref_axis',(-0.990196874143789,0.,0.139678740099805));
#4493=DIRECTION('',(-1.,2.029375223139E-14,7.087891404345E-14));
#4494=DIRECTION('center_axis',(0.,-1.,0.));
#4495=DIRECTION('ref_axis',(0.707106781186547,0.,0.707106781186548));
#4496=DIRECTION('',(1.900014885992E-14,0.,1.));
#4497=DIRECTION('center_axis',(0.,-1.,0.));
#4498=DIRECTION('ref_axis',(0.707106781186547,0.,-0.707106781186548));
#4499=DIRECTION('',(1.,0.,1.775703320246E-14));
#4500=DIRECTION('center_axis',(0.,-1.,0.));
#4501=DIRECTION('ref_axis',(-0.990196874143789,0.,-0.139678740099805));
#4502=DIRECTION('',(1.011480639314E-12,1.239879493353E-12,-1.));
#4503=DIRECTION('',(1.,0.,0.));
#4504=DIRECTION('',(0.,-1.678657213225E-13,1.));
#4505=DIRECTION('',(-1.,6.483054152289E-13,-8.430576760963E-10));
#4506=DIRECTION('center_axis',(0.,-1.,0.));
#4507=DIRECTION('ref_axis',(0.674623400752474,0.,-0.738162087320371));
#4508=DIRECTION('',(5.773047504185E-14,0.,-1.));
#4509=DIRECTION('',(1.,0.,-9.004347729773E-13));
#4510=DIRECTION('center_axis',(0.,1.,0.));
#4511=DIRECTION('ref_axis',(0.61538327568378,0.,-0.788228027926374));
#4512=DIRECTION('center_axis',(0.,-1.,0.));
#4513=DIRECTION('ref_axis',(1.,0.,0.));
#4514=DIRECTION('center_axis',(0.,-1.,0.));
#4515=DIRECTION('ref_axis',(1.,0.,0.));
#4516=DIRECTION('center_axis',(0.,-1.,0.));
#4517=DIRECTION('ref_axis',(1.,0.,0.));
#4518=DIRECTION('center_axis',(0.,-1.,0.));
#4519=DIRECTION('ref_axis',(1.,0.,0.));
#4520=DIRECTION('center_axis',(0.,-1.,0.));
#4521=DIRECTION('ref_axis',(0.564164898496931,0.,-0.825662138712892));
#4522=DIRECTION('center_axis',(0.,1.,0.));
#4523=DIRECTION('ref_axis',(0.961268445979258,0.,0.275613814538788));
#4524=DIRECTION('center_axis',(0.,-1.,0.));
#4525=DIRECTION('ref_axis',(1.,0.,0.));
#4526=DIRECTION('center_axis',(0.923948452590291,-0.382517002178996,0.));
#4527=DIRECTION('ref_axis',(0.382517002178996,0.923948452590291,0.));
#4528=DIRECTION('center_axis',(0.923948452590291,-0.382517002178996,0.));
#4529=DIRECTION('ref_axis',(-0.382517002178996,-0.923948452590291,0.));
#4530=DIRECTION('',(0.,0.,-1.));
#4531=DIRECTION('',(0.3825170020582,0.923948452640301,-1.175103358514E-8));
#4532=DIRECTION('',(-8.483205444247E-12,-3.828604905369E-11,1.));
#4533=DIRECTION('',(-0.382517002037987,-0.923948452648669,3.64889844399588E-9));
#4534=DIRECTION('center_axis',(0.923948452590291,-0.382517002178996,0.));
#4535=DIRECTION('ref_axis',(0.382517002178996,0.923948452590291,0.));
#4536=DIRECTION('center_axis',(0.,0.,1.));
#4537=DIRECTION('ref_axis',(0.,-1.,0.));
#4538=DIRECTION('center_axis',(0.,-1.,0.));
#4539=DIRECTION('ref_axis',(0.564164898496931,0.,0.825662138712893));
#4540=DIRECTION('center_axis',(0.,1.,0.));
#4541=DIRECTION('ref_axis',(-0.574632873166101,0.,0.818411303121402));
#4542=DIRECTION('center_axis',(-1.06492917128177E-5,-0.382513533153588,
0.923949888706607));
#4543=DIRECTION('ref_axis',(0.967333268586075,0.234224823261355,0.0969797899294834));
#4544=DIRECTION('center_axis',(0.,-1.,0.));
#4545=DIRECTION('ref_axis',(1.,0.,0.));
#4546=DIRECTION('center_axis',(-1.69554729939614E-6,-0.382514582213467,
0.923949454456889));
#4547=DIRECTION('ref_axis',(0.000197027473502224,-0.923949436652225,-0.382514574480779));
#4548=DIRECTION('center_axis',(0.,-0.382517002178996,0.923948452590291));
#4549=DIRECTION('ref_axis',(0.,0.923948452590291,0.382517002178996));
#4550=DIRECTION('',(-2.61381412255492E-8,0.923948452311671,0.382517002851988));
#4551=DIRECTION('',(1.,-1.076180931587E-12,1.107829481311E-12));
#4552=DIRECTION('',(-0.346661829681897,0.866654574399693,0.358797191340297));
#4553=DIRECTION('',(1.,2.643324227602E-12,-1.942644061743E-13));
#4554=DIRECTION('center_axis',(0.,0.382517002178996,-0.923948452590291));
#4555=DIRECTION('ref_axis',(0.,0.923948452590291,0.382517002178996));
#4556=DIRECTION('',(1.,0.,1.512799257765E-14));
#4557=DIRECTION('center_axis',(-1.,0.,0.));
#4558=DIRECTION('ref_axis',(0.,-1.,0.));
#4559=DIRECTION('center_axis',(0.,-1.,0.));
#4560=DIRECTION('ref_axis',(0.823421346446998,0.,0.567430424118599));
#4561=DIRECTION('center_axis',(0.,1.,0.));
#4562=DIRECTION('ref_axis',(-0.557406162872919,0.,0.830239946998028));
#4563=DIRECTION('center_axis',(-1.,0.,0.));
#4564=DIRECTION('ref_axis',(0.,-1.,0.));
#4565=DIRECTION('center_axis',(1.,0.,0.));
#4566=DIRECTION('ref_axis',(0.,-0.382517002159316,0.923948452598439));
#4567=DIRECTION('center_axis',(0.,-1.,0.));
#4568=DIRECTION('ref_axis',(1.,0.,0.));
#4569=DIRECTION('center_axis',(-0.3466618297517,0.866654574379099,0.3587971913226));
#4570=DIRECTION('ref_axis',(-0.928476690885235,-0.371390676354166,1.7055801215804E-14));
#4571=DIRECTION('center_axis',(0.,0.,-1.));
#4572=DIRECTION('ref_axis',(0.,-1.,0.));
#4573=DIRECTION('center_axis',(0.,0.,-1.));
#4574=DIRECTION('ref_axis',(0.,-1.,0.));
#4575=DIRECTION('',(-2.48319558211799E-8,6.21553402802499E-8,0.999999999999998));
#4576=DIRECTION('center_axis',(0.,0.,1.));
#4577=DIRECTION('ref_axis',(-0.928476690913535,-0.371390676283414,0.));
#4578=DIRECTION('center_axis',(-0.928476690885266,-0.371390676354087,0.));
#4579=DIRECTION('ref_axis',(-0.371390676354087,0.928476690885266,0.));
#4580=DIRECTION('center_axis',(-0.928476693008788,-0.371390671045268,1.02226031312535E-7));
#4581=DIRECTION('ref_axis',(-0.0253138539290507,0.0632849104838803,0.997674410268353));
#4582=DIRECTION('',(0.346661829751297,-0.866654574378392,-0.358797191324697));
#4583=DIRECTION('center_axis',(-0.928449252036283,-0.371459266121922,2.33035404137511E-6));
#4584=DIRECTION('ref_axis',(0.371419704074572,-0.928350276508159,0.0146002579560215));
#4585=DIRECTION('center_axis',(0.929329824318086,0.36838173201221,0.0253175265893037));
#4586=DIRECTION('ref_axis',(-0.0454244842079683,0.0460114453282325,0.997907592482013));
#4587=DIRECTION('center_axis',(-0.370802038639104,0.927008799325511,-0.0562186278217307));
#4588=DIRECTION('ref_axis',(-0.52402737765489,-0.258819045560548,-0.811423446249409));
#4589=DIRECTION('center_axis',(0.,0.,1.));
#4590=DIRECTION('ref_axis',(1.,0.,0.));
#4591=DIRECTION('center_axis',(0.840047684359571,-2.18845457199093E-6,-0.542512569437182));
#4592=DIRECTION('ref_axis',(-1.83840585528055E-6,-0.999999999997605,1.18726463980807E-6));
#4593=DIRECTION('center_axis',(0.,-1.,0.));
#4594=DIRECTION('ref_axis',(0.689409562573713,0.,0.724371765761147));
#4595=DIRECTION('center_axis',(0.,-1.,0.));
#4596=DIRECTION('ref_axis',(0.810423448504616,0.,0.585844547737611));
#4597=DIRECTION('center_axis',(-0.313896280944804,0.949457278780526,2.40769510518064E-5));
#4598=DIRECTION('ref_axis',(-0.78281865215802,-0.258790199771555,-0.565882134667369));
#4599=DIRECTION('center_axis',(-1.14253746019071E-11,-4.36381900725605E-11,
1.));
#4600=DIRECTION('ref_axis',(0.999963664707025,-0.00852462701214089,1.10529601637201E-11));
#4601=DIRECTION('center_axis',(1.,0.,0.));
#4602=DIRECTION('ref_axis',(0.,-1.,0.));
#4603=DIRECTION('center_axis',(1.,0.,0.));
#4604=DIRECTION('ref_axis',(0.,-1.,0.));
#4605=DIRECTION('',(-1.,-9.539090421182E-14,-4.653214839601E-14));
#4606=DIRECTION('center_axis',(-0.903125516849572,-0.429376642139734,0.));
#4607=DIRECTION('ref_axis',(0.429376642139734,-0.903125516849572,0.));
#4608=DIRECTION('center_axis',(0.,0.,1.));
#4609=DIRECTION('ref_axis',(-1.,0.,0.));
#4610=DIRECTION('center_axis',(1.44095752215764E-7,4.78357434232669E-8,
-0.999999999999988));
#4611=DIRECTION('ref_axis',(0.949463830305325,0.313876464460013,1.5182821885002E-7));
#4612=DIRECTION('',(1.259139178228E-10,-1.,2.522962073175E-11));
#4613=DIRECTION('',(0.631271398369308,0.77556200371141,0.));
#4614=DIRECTION('center_axis',(-0.0311345660978448,-0.00758292444686356,
0.999486437151967));
#4615=DIRECTION('ref_axis',(0.947941551130885,0.316839260912473,0.0319327165147162));
#4616=DIRECTION('center_axis',(0.,-1.,0.));
#4617=DIRECTION('ref_axis',(1.,0.,0.));
#4618=DIRECTION('center_axis',(-0.631271398369587,-0.775562003711184,0.));
#4619=DIRECTION('ref_axis',(0.,0.,-1.));
#4620=DIRECTION('center_axis',(-0.334991041886825,-0.942221312567053,0.));
#4621=DIRECTION('ref_axis',(0.942221312567053,-0.334991041886825,0.));
#4622=DIRECTION('',(0.631271398369587,0.775562003711184,2.30568306967195E-11));
#4623=DIRECTION('center_axis',(0.775562003711184,-0.631271398369587,0.));
#4624=DIRECTION('ref_axis',(-0.631271398369587,-0.775562003711184,0.));
#4625=DIRECTION('',(3.869920257265E-14,-2.791417890486E-14,1.));
#4626=DIRECTION('',(-0.428425135926005,-0.526350881280506,0.734443090158808));
#4627=DIRECTION('center_axis',(0.,-0.812817127573981,-0.582518941427987));
#4628=DIRECTION('ref_axis',(0.,-0.582518941427987,0.812817127573982));
#4629=DIRECTION('',(1.,0.,0.));
#4630=DIRECTION('',(0.588634747898317,-0.470907798318614,0.657080648816719));
#4631=DIRECTION('center_axis',(0.,0.,1.));
#4632=DIRECTION('ref_axis',(-1.,0.,0.));
#4633=DIRECTION('',(1.,0.,0.));
#4634=DIRECTION('',(0.,1.,0.));
#4635=DIRECTION('',(-1.,0.,0.));
#4636=DIRECTION('',(0.,-1.,0.));
#4637=DIRECTION('',(0.,-1.,0.));
#4638=DIRECTION('center_axis',(0.,-1.,0.));
#4639=DIRECTION('ref_axis',(1.,0.,0.));
#4640=DIRECTION('',(-1.,0.,1.06782650388E-13));
#4641=DIRECTION('',(0.,-2.64754340953E-14,1.));
#4642=DIRECTION('',(1.,0.,0.));
#4643=DIRECTION('',(1.184237892934E-14,0.,1.));
#4644=DIRECTION('',(0.,0.,1.));
#4645=DIRECTION('',(-1.,0.,0.));
#4646=DIRECTION('',(0.,0.,1.));
#4647=DIRECTION('',(-1.,0.,0.));
#4648=DIRECTION('',(0.,2.64754340953E-14,1.));
#4649=DIRECTION('',(1.,0.,1.066909127159E-13));
#4650=DIRECTION('center_axis',(0.,-1.,0.));
#4651=DIRECTION('ref_axis',(-1.,0.,0.));
#4652=DIRECTION('',(-1.75500198549E-14,0.,1.));
#4653=DIRECTION('center_axis',(0.,1.,0.));
#4654=DIRECTION('ref_axis',(1.,0.,0.));
#4655=DIRECTION('',(0.,0.,1.));
#4656=DIRECTION('center_axis',(0.,-1.,0.));
#4657=DIRECTION('ref_axis',(-1.,0.,0.));
#4658=DIRECTION('center_axis',(0.,-0.0139621803391501,0.999902524009304));
#4659=DIRECTION('ref_axis',(1.,0.,0.));
#4660=DIRECTION('',(1.,-1.787728132981E-13,0.));
#4661=DIRECTION('',(0.,0.999902524009324,0.0139621803377303));
#4662=DIRECTION('center_axis',(1.,0.,0.));
#4663=DIRECTION('ref_axis',(0.,0.,-1.));
#4664=DIRECTION('',(0.,0.928476690884935,0.371390676354914));
#4665=DIRECTION('',(0.,-4.320818562646E-13,1.));
#4666=DIRECTION('',(0.,1.,0.));
#4667=DIRECTION('center_axis',(0.,0.,1.));
#4668=DIRECTION('ref_axis',(-1.,0.,0.));
#4669=DIRECTION('',(1.,0.,0.));
#4670=DIRECTION('',(0.,-1.,0.));
#4671=DIRECTION('',(1.,0.,0.));
#4672=DIRECTION('',(0.,-1.,0.));
#4673=DIRECTION('center_axis',(1.,0.,0.));
#4674=DIRECTION('ref_axis',(0.,0.,-1.));
#4675=DIRECTION('',(-1.184237892934E-14,0.,-1.));
#4676=DIRECTION('center_axis',(0.,1.,0.));
#4677=DIRECTION('ref_axis',(1.,0.,0.));
#4678=DIRECTION('',(1.,0.,0.));
#4679=DIRECTION('',(0.,0.,-1.));
#4680=DIRECTION('',(0.,0.,-1.));
#4681=DIRECTION('',(-1.,0.,0.));
#4682=DIRECTION('',(0.,0.,-1.));
#4683=DIRECTION('center_axis',(0.,0.,-1.));
#4684=DIRECTION('ref_axis',(1.,0.,0.));
#4685=DIRECTION('',(0.,1.,0.));
#4686=DIRECTION('',(1.,0.,0.));
#4687=DIRECTION('',(0.,1.,0.));
#4688=DIRECTION('',(0.,-1.,0.));
#4689=DIRECTION('center_axis',(1.,0.,0.));
#4690=DIRECTION('ref_axis',(0.,0.,-1.));
#4691=DIRECTION('',(0.,1.,0.));
#4692=DIRECTION('center_axis',(0.,0.,-1.));
#4693=DIRECTION('ref_axis',(1.,0.,0.));
#4694=DIRECTION('',(0.,1.,0.));
#4695=DIRECTION('',(-1.,0.,0.));
#4696=DIRECTION('',(0.,1.,0.));
#4697=DIRECTION('center_axis',(1.,0.,0.));
#4698=DIRECTION('ref_axis',(0.,0.,-1.));
#4699=DIRECTION('',(0.,-4.320818562646E-13,-1.));
#4700=DIRECTION('',(0.,-0.928476690884935,0.371390676354914));
#4701=DIRECTION('',(0.,-0.999902524009324,0.0139621803377303));
#4702=DIRECTION('center_axis',(0.,-0.0139621803391501,-0.999902524009304));
#4703=DIRECTION('ref_axis',(-1.,0.,0.));
#4704=DIRECTION('',(-1.,1.787728132981E-13,0.));
#4705=DIRECTION('center_axis',(0.,1.,0.));
#4706=DIRECTION('ref_axis',(-1.,0.,0.));
#4707=DIRECTION('center_axis',(0.,-0.371390676354087,-0.928476690885266));
#4708=DIRECTION('ref_axis',(0.,-0.928476690885266,0.371390676354087));
#4709=DIRECTION('center_axis',(0.,1.,0.));
#4710=DIRECTION('ref_axis',(-0.942600941291625,0.,-0.333921346242109));
#4711=DIRECTION('center_axis',(0.928476690885266,-0.371390676354087,0.));
#4712=DIRECTION('ref_axis',(-0.371390676354087,-0.928476690885266,0.));
#4713=DIRECTION('center_axis',(0.999902524009304,-0.0139621803391501,0.));
#4714=DIRECTION('ref_axis',(0.,0.,-1.));
#4715=DIRECTION('',(0.,0.,-1.));
#4716=DIRECTION('',(0.,0.,-1.));
#4717=DIRECTION('center_axis',(0.,1.,0.));
#4718=DIRECTION('ref_axis',(-1.,0.,0.));
#4719=DIRECTION('center_axis',(0.928476690885266,-0.371390676354087,0.));
#4720=DIRECTION('ref_axis',(-0.371390676354087,-0.928476690885266,0.));
#4721=DIRECTION('center_axis',(0.,1.,0.));
#4722=DIRECTION('ref_axis',(0.333921346242109,0.,-0.942600941291625));
#4723=DIRECTION('center_axis',(0.,-0.371390676354087,0.928476690885266));
#4724=DIRECTION('ref_axis',(0.,0.928476690885266,0.371390676354087));
#4725=DIRECTION('center_axis',(0.,-0.371390676354087,0.928476690885266));
#4726=DIRECTION('ref_axis',(0.,0.928476690885266,0.371390676354087));
#4727=DIRECTION('',(1.,0.,0.));
#4728=DIRECTION('center_axis',(0.,-1.,0.));
#4729=DIRECTION('ref_axis',(1.,0.,0.));
#4730=DIRECTION('',(0.,0.,-1.));
#4731=DIRECTION('',(-1.,0.,0.));
#4732=DIRECTION('',(0.,0.,-1.));
#4733=DIRECTION('',(1.,0.,0.));
#4734=DIRECTION('',(0.,0.,-1.));
#4735=DIRECTION('',(-1.,0.,0.));
#4736=DIRECTION('',(0.,0.,-1.));
#4737=DIRECTION('center_axis',(0.928476690885266,-0.371390676354087,0.));
#4738=DIRECTION('ref_axis',(0.371390676354087,0.928476690885266,0.));
#4739=DIRECTION('center_axis',(1.,0.,0.));
#4740=DIRECTION('ref_axis',(0.,0.,1.));
#4741=DIRECTION('',(6.90628044391195E-12,0.996194698091692,0.0871557427482693));
#4742=DIRECTION('',(0.,-6.825693393975E-14,-1.));
#4743=DIRECTION('',(-6.90628044386133E-12,-0.996194698091748,0.0871557427476243));
#4744=DIRECTION('center_axis',(0.,0.087155742747664,0.996194698091745));
#4745=DIRECTION('ref_axis',(1.,0.,0.));
#4746=DIRECTION('',(0.779705176086418,-0.623764140869514,0.0545722910400913));
#4747=DIRECTION('',(-1.,-7.106030643658E-14,0.));
#4748=DIRECTION('',(0.173007208809898,0.981172637986287,-0.0858414827856489));
#4749=DIRECTION('center_axis',(-0.984807753012213,0.173648177666902,0.));
#4750=DIRECTION('ref_axis',(0.,0.,1.));
#4751=DIRECTION('',(0.,0.,1.));
#4752=DIRECTION('',(0.173007208809898,0.981172637986287,0.0858414827856489));
#4753=DIRECTION('center_axis',(0.,0.087155742747664,-0.996194698091745));
#4754=DIRECTION('ref_axis',(-1.,0.,0.));
#4755=DIRECTION('',(1.,7.10603064366E-14,1.679958331517E-14));
#4756=DIRECTION('',(-0.779705176086418,0.623764140869515,0.0545722910400913));
#4757=DIRECTION('center_axis',(-0.624695047554424,-0.78086880944303,0.));
#4758=DIRECTION('ref_axis',(0.78086880944303,-0.624695047554424,0.));
#4759=DIRECTION('',(-8.701473677413E-14,0.,-1.));
#4760=DIRECTION('center_axis',(0.,-1.,0.));
#4761=DIRECTION('ref_axis',(1.,0.,0.));
#4762=DIRECTION('center_axis',(0.,-0.371390676354087,-0.928476690885266));
#4763=DIRECTION('ref_axis',(0.,0.928476690885266,-0.371390676354087));
#4764=DIRECTION('center_axis',(0.,1.,0.));
#4765=DIRECTION('ref_axis',(1.,0.,0.));
#4766=DIRECTION('center_axis',(0.,-1.,0.));
#4767=DIRECTION('ref_axis',(0.920743983458279,0.,-0.390167293510591));
#4768=DIRECTION('center_axis',(0.,1.,0.));
#4769=DIRECTION('ref_axis',(1.,0.,0.));
#4770=DIRECTION('center_axis',(1.,0.,0.));
#4771=DIRECTION('ref_axis',(0.,0.,1.));
#4772=DIRECTION('',(0.,0.,-1.));
#4773=DIRECTION('center_axis',(-0.624695047554424,-0.78086880944303,0.));
#4774=DIRECTION('ref_axis',(0.78086880944303,-0.624695047554424,0.));
#4775=DIRECTION('',(0.776174285737298,-0.620939428589899,-0.1094883746461));
#4776=DIRECTION('',(-0.588634747898317,0.470907798318614,0.657080648816719));
#4777=DIRECTION('',(-0.776174285737483,0.620939428589686,-0.109488374645998));
#4778=DIRECTION('',(5.213551924694E-14,1.296782116162E-13,1.));
#4779=DIRECTION('center_axis',(0.776174285737298,-0.620939428589899,-0.1094883746461));
#4780=DIRECTION('ref_axis',(2.71449529520851E-14,-0.173648177666903,0.984807753012213));
#4781=DIRECTION('',(-0.776174285737531,0.620939428589625,0.109488374646004));
#4782=DIRECTION('center_axis',(-0.776174285740276,0.620939428588081,0.109488374635297));
#4783=DIRECTION('ref_axis',(-0.62469504755198,-0.780868809444985,-1.11088221954603E-12));
#4784=DIRECTION('center_axis',(0.,0.173648177666902,-0.984807753012213));
#4785=DIRECTION('ref_axis',(1.,0.,0.));
#4786=DIRECTION('',(-0.171087869745994,-0.970287525247864,-0.171087869745794));
#4787=DIRECTION('',(1.,-9.5692562146E-14,-7.873915546659E-14));
#4788=DIRECTION('center_axis',(-0.171087869746004,-0.970287525247825,-0.171087869746004));
#4789=DIRECTION('ref_axis',(0.984807753012214,-0.173648177666898,8.36136715420821E-16));
#4790=DIRECTION('',(0.171087869745705,0.970287525246626,0.171087869753105));
#4791=DIRECTION('center_axis',(0.171087869746004,0.970287525247825,0.171087869746004));
#4792=DIRECTION('ref_axis',(-4.65558494533447E-12,-0.173648177666101,0.984807753012354));
#4793=DIRECTION('center_axis',(-0.984807753012213,0.173648177666902,0.));
#4794=DIRECTION('ref_axis',(0.,0.,-1.));
#4795=DIRECTION('',(-4.494528925336E-14,-1.762241527763E-13,-1.));
#4796=DIRECTION('',(-0.171087869745894,-0.970287525247864,0.171087869745894));
#4797=DIRECTION('center_axis',(0.,0.,-1.));
#4798=DIRECTION('ref_axis',(0.984807753012213,-0.173648177666902,0.));
#4799=DIRECTION('center_axis',(-2.912843921622E-10,-1.499956825413E-10,
-1.));
#4800=DIRECTION('ref_axis',(0.984807753012213,-0.173648177666902,-2.60812650801585E-10));
#4801=DIRECTION('',(-2.487362248671E-14,0.,1.));
#4802=DIRECTION('center_axis',(0.,0.,1.));
#4803=DIRECTION('ref_axis',(-1.42108547152E-12,-1.,0.));
#4804=DIRECTION('center_axis',(-5.00044450291171E-12,-0.1736481776509,-0.984807753015035));
#4805=DIRECTION('ref_axis',(-1.68309810533174E-12,0.984807753015035,-0.1736481776509));
#4806=DIRECTION('center_axis',(-1.,-8.690791666294E-12,6.610005473864E-12));
#4807=DIRECTION('ref_axis',(-5.00044450277978E-12,-0.173648177666902,-0.984807753012213));
#4808=DIRECTION('center_axis',(0.1710878697715,0.970287525246099,-0.1710878697303));
#4809=DIRECTION('ref_axis',(0.984807753007885,-0.173648177691448,4.94761870362126E-12));
#4810=DIRECTION('center_axis',(-1.,0.,0.));
#4811=DIRECTION('ref_axis',(0.,-0.173648177666902,-0.984807753012213));
#4812=DIRECTION('',(1.,0.,0.));
#4813=DIRECTION('center_axis',(1.,0.,0.));
#4814=DIRECTION('ref_axis',(0.,-1.,1.940669847045E-11));
#4815=DIRECTION('',(-1.,-1.695340667941E-14,-1.243249823157E-14));
#4816=DIRECTION('center_axis',(0.,0.173648177666902,0.984807753012213));
#4817=DIRECTION('ref_axis',(-1.,0.,0.));
#4818=DIRECTION('',(0.171087869746104,0.970287525247825,-0.171087869745904));
#4819=DIRECTION('',(0.776174285737483,-0.620939428589686,0.109488374645998));
#4820=DIRECTION('center_axis',(0.171087869746004,0.970287525247825,-0.171087869746004));
#4821=DIRECTION('ref_axis',(0.984807753012214,-0.173648177666898,-8.36136715420821E-16));
#4822=DIRECTION('center_axis',(0.776174285737298,-0.620939428589899,0.1094883746461));
#4823=DIRECTION('ref_axis',(-0.624695047554462,-0.780868809443,3.25434124093249E-15));
#4824=DIRECTION('center_axis',(-0.776174285749405,0.620939428577004,-0.109488374633401));
#4825=DIRECTION('ref_axis',(-9.15452436078823E-12,-0.173648177661998,-0.984807753013078));
#4826=DIRECTION('center_axis',(0.,-0.1736481776509,-0.984807753015035));
#4827=DIRECTION('ref_axis',(0.,-0.984807753015035,0.1736481776509));
#4828=DIRECTION('center_axis',(0.,0.,1.));
#4829=DIRECTION('ref_axis',(-0.624695047551376,-0.780868809445469,0.));
#4830=DIRECTION('center_axis',(0.,0.,-1.));
#4831=DIRECTION('ref_axis',(0.,-1.,0.));
#4832=DIRECTION('',(0.,0.,-1.));
#4833=DIRECTION('center_axis',(0.,0.,-1.));
#4834=DIRECTION('ref_axis',(0.,-1.,0.));
#4835=DIRECTION('center_axis',(0.,-0.1736481776509,0.984807753015035));
#4836=DIRECTION('ref_axis',(-0.63051842015564,-0.764382454287936,-0.13478125025829));
#4837=DIRECTION('center_axis',(1.,-1.088853402041E-14,0.));
#4838=DIRECTION('ref_axis',(-1.89077409000037E-15,-0.173648177656993,0.98480775301396));
#4839=DIRECTION('center_axis',(-1.,0.,0.));
#4840=DIRECTION('ref_axis',(0.,-1.,0.));
#4841=DIRECTION('center_axis',(-1.,0.,0.));
#4842=DIRECTION('ref_axis',(0.,-1.,0.));
#4843=DIRECTION('',(-1.,0.,-7.951147732644E-13));
#4844=DIRECTION('center_axis',(0.,-1.,1.49995571518958E-10));
#4845=DIRECTION('ref_axis',(2.42583730880598E-11,-1.49995571518958E-10,
-1.));
#4846=DIRECTION('center_axis',(0.,-1.,0.));
#4847=DIRECTION('ref_axis',(1.,0.,0.));
#4848=DIRECTION('',(0.,0.,1.));
#4849=DIRECTION('center_axis',(0.,-1.,0.));
#4850=DIRECTION('ref_axis',(0.,0.,1.));
#4851=DIRECTION('',(1.,0.,0.));
#4852=DIRECTION('center_axis',(0.,-1.,0.));
#4853=DIRECTION('ref_axis',(1.,0.,0.));
#4854=DIRECTION('',(0.,0.,-1.));
#4855=DIRECTION('center_axis',(0.,-1.,0.));
#4856=DIRECTION('ref_axis',(0.,0.,-1.));
#4857=DIRECTION('',(-1.,0.,0.));
#4858=DIRECTION('center_axis',(0.,-1.,0.));
#4859=DIRECTION('ref_axis',(-1.,0.,0.));
#4860=DIRECTION('center_axis',(-1.,0.,0.));
#4861=DIRECTION('ref_axis',(0.,0.,-1.));
#4862=DIRECTION('',(0.,-1.,0.));
#4863=DIRECTION('',(0.,1.,0.));
#4864=DIRECTION('',(0.,0.,1.));
#4865=DIRECTION('center_axis',(0.,1.,0.));
#4866=DIRECTION('ref_axis',(-1.,0.,0.));
#4867=DIRECTION('center_axis',(0.,1.,0.));
#4868=DIRECTION('ref_axis',(-1.,0.,0.));
#4869=DIRECTION('',(0.,1.,0.));
#4870=DIRECTION('center_axis',(0.,-1.,0.));
#4871=DIRECTION('ref_axis',(1.,0.,0.));
#4872=DIRECTION('center_axis',(0.,1.,0.));
#4873=DIRECTION('ref_axis',(0.,0.,-1.));
#4874=DIRECTION('',(-1.,0.,0.));
#4875=DIRECTION('center_axis',(0.,1.,0.));
#4876=DIRECTION('ref_axis',(1.,0.,0.));
#4877=DIRECTION('',(0.,0.,-1.));
#4878=DIRECTION('center_axis',(0.,1.,0.));
#4879=DIRECTION('ref_axis',(0.,0.,1.));
#4880=DIRECTION('',(1.,0.,0.));
#4881=DIRECTION('center_axis',(0.,0.,1.));
#4882=DIRECTION('ref_axis',(-1.,0.,0.));
#4883=DIRECTION('',(0.,-1.,0.));
#4884=DIRECTION('center_axis',(0.,1.,0.));
#4885=DIRECTION('ref_axis',(0.,0.,1.));
#4886=DIRECTION('',(0.,1.,0.));
#4887=DIRECTION('center_axis',(1.,0.,0.));
#4888=DIRECTION('ref_axis',(0.,0.,1.));
#4889=DIRECTION('',(0.,-1.,0.));
#4890=DIRECTION('center_axis',(0.,1.,0.));
#4891=DIRECTION('ref_axis',(1.,0.,0.));
#4892=DIRECTION('',(0.,1.,0.));
#4893=DIRECTION('center_axis',(0.,0.,-1.));
#4894=DIRECTION('ref_axis',(1.,0.,0.));
#4895=DIRECTION('',(0.,-1.,0.));
#4896=DIRECTION('center_axis',(0.,1.,0.));
#4897=DIRECTION('ref_axis',(0.,0.,-1.));
#4898=DIRECTION('center_axis',(0.,-0.812817127573981,0.582518941427987));
#4899=DIRECTION('ref_axis',(0.,0.582518941427987,0.812817127573982));
#4900=DIRECTION('',(0.428425135926005,0.526350881280506,0.734443090158808));
#4901=DIRECTION('center_axis',(0.775562003711184,-0.631271398369587,0.));
#4902=DIRECTION('ref_axis',(-0.631271398369587,-0.775562003711184,0.));
#4903=DIRECTION('',(-0.631271398370023,-0.775562003710829,1.67820022496206E-11));
#4904=DIRECTION('',(2.950021179718E-13,-2.360016943775E-13,1.));
#4905=DIRECTION('center_axis',(0.631271398369587,0.775562003711184,0.));
#4906=DIRECTION('ref_axis',(0.,0.,1.));
#4907=DIRECTION('center_axis',(0.334991041886745,0.942221312567081,0.));
#4908=DIRECTION('ref_axis',(0.942221312567081,-0.334991041886745,0.));
#4909=DIRECTION('',(-0.631271398369308,-0.77556200371141,0.));
#4910=DIRECTION('center_axis',(-0.903125516849557,-0.429376642139766,0.));
#4911=DIRECTION('ref_axis',(0.429376642139766,-0.903125516849557,0.));
#4912=DIRECTION('center_axis',(1.,0.,0.));
#4913=DIRECTION('ref_axis',(0.,0.,1.));
#4914=DIRECTION('',(1.,-5.537325659781E-13,-1.744955565057E-14));
#4915=DIRECTION('center_axis',(1.,0.,0.));
#4916=DIRECTION('ref_axis',(0.,0.,1.));
#4917=DIRECTION('center_axis',(-1.1889327607102E-11,-4.46831805941646E-11,
-1.));
#4918=DIRECTION('ref_axis',(0.999978053878571,-0.00662508575232498,-1.15930367793517E-11));
#4919=DIRECTION('center_axis',(-0.313897252943241,0.949456957476592,-2.2225659791634E-5));
#4920=DIRECTION('ref_axis',(-4.05424093559924E-6,2.20684513695832E-5,0.999999999748273));
#4921=DIRECTION('center_axis',(0.,0.,-1.));
#4922=DIRECTION('ref_axis',(1.,0.,0.));
#4923=DIRECTION('center_axis',(1.25142994721101E-7,4.15700625159857E-8,
0.999999999999991));
#4924=DIRECTION('ref_axis',(0.947913746287675,0.318527125373725,-1.31865957462562E-7));
#4925=DIRECTION('',(-9.566023028923E-11,1.,1.872706068546E-11));
#4926=DIRECTION('center_axis',(-0.0311345160648861,-0.00758289455922363,
-0.999486438937272));
#4927=DIRECTION('ref_axis',(0.949499863730802,0.312136976519155,-0.0319455265204627));
#4928=DIRECTION('center_axis',(0.,-1.,0.));
#4929=DIRECTION('ref_axis',(1.,0.,0.));
#4930=DIRECTION('center_axis',(0.92933943867035,0.368370589223661,-0.0251260169324741));
#4931=DIRECTION('ref_axis',(-0.0495339141876708,0.0569521000540757,-0.99714735603354));
#4932=DIRECTION('center_axis',(0.,-1.,0.));
#4933=DIRECTION('ref_axis',(0.542521589537175,0.,-0.840041859008262));
#4934=DIRECTION('center_axis',(0.,-1.,0.));
#4935=DIRECTION('ref_axis',(0.689409485733582,0.,-0.724371838892539));
#4936=DIRECTION('center_axis',(0.840032943626797,1.51760418767699E-5,0.542535393676198));
#4937=DIRECTION('ref_axis',(-0.524045648635751,-0.258819047342998,0.811411645762123));
#4938=DIRECTION('center_axis',(0.,0.,1.));
#4939=DIRECTION('ref_axis',(1.,0.,0.));
#4940=DIRECTION('center_axis',(0.,0.,-1.));
#4941=DIRECTION('ref_axis',(1.42108547152E-14,-1.,0.));
#4942=DIRECTION('center_axis',(0.37080322536231,-0.927008827194926,-0.0562103403618616));
#4943=DIRECTION('ref_axis',(-0.52404564863581,-0.258819047342963,0.811411645762097));
#4944=DIRECTION('center_axis',(0.,0.,1.));
#4945=DIRECTION('ref_axis',(-0.928476690885266,-0.371390676354087,0.));
#4946=DIRECTION('center_axis',(0.,0.,1.));
#4947=DIRECTION('ref_axis',(-0.928476690885266,-0.371390676354087,0.));
#4948=DIRECTION('center_axis',(0.,-0.382517002159318,-0.923948452598438));
#4949=DIRECTION('ref_axis',(0.937990178957998,0.320297661136108,-0.132604043863984));
#4950=DIRECTION('center_axis',(1.,0.,0.));
#4951=DIRECTION('ref_axis',(0.,-1.,0.));
#4952=DIRECTION('center_axis',(1.,0.,0.));
#4953=DIRECTION('ref_axis',(0.,-1.,0.));
#4954=DIRECTION('center_axis',(0.,-1.,0.));
#4955=DIRECTION('ref_axis',(-0.823421346446998,0.,-0.567430424118599));
#4956=DIRECTION('center_axis',(0.,1.,0.));
#4957=DIRECTION('ref_axis',(0.557406162872919,0.,-0.830239946998028));
#4958=DIRECTION('center_axis',(0.,-1.,0.));
#4959=DIRECTION('ref_axis',(1.,0.,0.));
#4960=DIRECTION('center_axis',(0.,1.,0.));
#4961=DIRECTION('ref_axis',(0.,0.,1.));
#4962=DIRECTION('',(1.293409823687E-12,-1.,0.));
#4963=DIRECTION('center_axis',(-1.,0.,0.));
#4964=DIRECTION('ref_axis',(0.,0.,-1.));
#4965=DIRECTION('',(1.554312234475E-13,1.,0.));
#4966=DIRECTION('',(0.,0.,-1.));
#4967=DIRECTION('',(0.,1.,0.));
#4968=DIRECTION('center_axis',(0.,0.,-1.));
#4969=DIRECTION('ref_axis',(1.,0.,0.));
#4970=DIRECTION('',(1.,0.,0.));
#4971=DIRECTION('',(0.,-1.,0.));
#4972=DIRECTION('center_axis',(0.,-1.,0.));
#4973=DIRECTION('ref_axis',(1.,0.,0.));
#4974=DIRECTION('',(0.,0.,1.));
#4975=DIRECTION('center_axis',(-1.,0.,0.));
#4976=DIRECTION('ref_axis',(0.,0.,-1.));
#4977=DIRECTION('center_axis',(0.,-1.,0.));
#4978=DIRECTION('ref_axis',(0.,0.,-1.));
#4979=DIRECTION('center_axis',(-1.,0.,0.));
#4980=DIRECTION('ref_axis',(0.,-1.,0.));
#4981=DIRECTION('',(-1.,0.,0.));
#4982=DIRECTION('center_axis',(1.,0.,0.));
#4983=DIRECTION('ref_axis',(0.,-0.812173009368622,0.583416663160315));
#4984=DIRECTION('',(0.999999999999999,-6.83034923448699E-10,4.89157232297799E-8));
#4985=DIRECTION('center_axis',(0.999999999978555,4.87070917729978E-6,-4.3779035488398E-6));
#4986=DIRECTION('ref_axis',(4.44547793853197E-6,-0.0139612260381298,0.999902537324388));
#4987=DIRECTION('center_axis',(-1.,0.,0.));
#4988=DIRECTION('ref_axis',(0.,-1.,-3.552713678801E-14));
#4989=DIRECTION('center_axis',(0.,0.,1.));
#4990=DIRECTION('ref_axis',(-1.,0.,0.));
#4991=DIRECTION('',(0.,-1.,6.630789755104E-12));
#4992=DIRECTION('',(1.,0.,0.));
#4993=DIRECTION('',(1.33955348588E-13,-1.,6.56381208081E-12));
#4994=DIRECTION('center_axis',(1.,0.,0.));
#4995=DIRECTION('ref_axis',(0.,0.,1.));
#4996=DIRECTION('',(0.,0.,-1.));
#4997=DIRECTION('',(0.,-1.,0.));
#4998=DIRECTION('center_axis',(0.,0.,-1.));
#4999=DIRECTION('ref_axis',(1.,0.,0.));
#5000=DIRECTION('',(-1.,0.,0.));
#5001=DIRECTION('',(0.,-1.,0.));
#5002=DIRECTION('center_axis',(-1.,0.,0.));
#5003=DIRECTION('ref_axis',(0.,0.,-1.));
#5004=DIRECTION('',(0.,0.,1.));
#5005=DIRECTION('center_axis',(0.,-1.,0.));
#5006=DIRECTION('ref_axis',(1.,0.,0.));
#5007=DIRECTION('center_axis',(-4.87064790648502E-6,0.999999999890203,1.399537116638E-5));
#5008=DIRECTION('ref_axis',(0.0183402942809675,-1.3903688066226E-5,0.999831802560998));
#5009=DIRECTION('center_axis',(0.00072294478646414,-0.999998215546867,-0.0017453520897213));
#5010=DIRECTION('ref_axis',(-0.707102600827639,-0.00174535308809645,0.70710880750093));
#5011=DIRECTION('center_axis',(-0.707103448307574,6.45221657175577E-6,-0.707110114020374));
#5012=DIRECTION('ref_axis',(-1.15507556113302E-5,-0.999999999930347,2.42587755147548E-6));
#5013=DIRECTION('center_axis',(-0.707106781186548,0.,-0.707106781186548));
#5014=DIRECTION('ref_axis',(0.,-1.,0.));
#5015=DIRECTION('',(0.707106816377797,9.03965896095196E-10,0.707106745995297));
#5016=DIRECTION('center_axis',(0.707109877179502,4.87954731430301E-6,0.707103685163202));
#5017=DIRECTION('ref_axis',(-0.707034720516179,-0.01396125376617,0.707041008271717));
#5018=DIRECTION('center_axis',(-1.33504593671298E-5,0.999999999890082,6.44982407150189E-6));
#5019=DIRECTION('ref_axis',(-0.694019310461809,-1.39090686297121E-5,0.71995638514611));
#5020=DIRECTION('center_axis',(0.00174534949392557,-0.999998215546812,-0.000722951129263851));
#5021=DIRECTION('ref_axis',(-0.999998476860439,-0.00174535312401069,4.39033138332788E-6));
#5022=DIRECTION('center_axis',(4.71185557961499E-6,6.44988697744099E-6,
-0.999999999968099));
#5023=DIRECTION('ref_axis',(-9.86551060424735E-6,-0.999999999930535,-6.44993346205989E-6));
#5024=DIRECTION('center_axis',(0.,0.,-1.));
#5025=DIRECTION('ref_axis',(0.,-1.,0.));
#5026=DIRECTION('',(8.74328872519397E-8,1.274485115883E-9,0.999999999999996));
#5027=DIRECTION('center_axis',(-0.999902524009304,-0.0139621803391501,0.));
#5028=DIRECTION('ref_axis',(0.,0.,1.));
#5029=DIRECTION('',(0.0139620168603101,-0.999885801660411,-0.00578322774150606));
#5030=DIRECTION('',(0.,0.,-1.));
#5031=DIRECTION('',(-0.0139620068385406,0.999885801800246,-0.00578322775969426));
#5032=DIRECTION('center_axis',(-0.0139619468495801,0.999885802638007,-0.00578322774223004));
#5033=DIRECTION('ref_axis',(-0.707037855252524,-0.0139621803391425,-0.707037855252524));
#5034=DIRECTION('center_axis',(-3.97619582800689E-13,-1.,-1.83542370100946E-13));
#5035=DIRECTION('ref_axis',(-0.707104429035914,4.10943054321076E-13,-0.707109133329357));
#5036=DIRECTION('',(0.0139619964392105,-0.999885801658736,0.00578327733203321));
#5037=DIRECTION('center_axis',(-0.707037855252524,-0.0139621803391505,-0.707037855252524));
#5038=DIRECTION('ref_axis',(-0.707106781186548,0.,0.707106781186548));
#5039=DIRECTION('',(0.707106781181297,5.46894356856398E-10,-0.707106781191797));
#5040=DIRECTION('',(-0.00578310605843086,0.999885800459476,-0.0139621532662397));
#5041=DIRECTION('center_axis',(-0.00578322774223004,0.999885802638007,-0.0139619468495801));
#5042=DIRECTION('ref_axis',(7.08797170262399E-18,-0.0139621803391413,-0.999902524009304));
#5043=DIRECTION('center_axis',(-9.01946587628757E-14,-1.,-2.78403696928324E-13));
#5044=DIRECTION('ref_axis',(3.3264408736515E-6,2.78403396899584E-13,-0.999999999994467));
#5045=DIRECTION('center_axis',(0.,1.,0.));
#5046=DIRECTION('ref_axis',(-1.,0.,0.));
#5047=DIRECTION('center_axis',(0.,-1.,0.));
#5048=DIRECTION('ref_axis',(0.707106781186487,0.,-0.707106781186608));
#5049=DIRECTION('center_axis',(-3.23425256262927E-13,-1.,1.33967127557799E-13));
#5050=DIRECTION('ref_axis',(-0.999999999994467,3.23424810627609E-13,-3.32643938135434E-6));
#5051=DIRECTION('',(-0.707106781186548,-1.26198186511708E-14,-0.707106781186548));
#5052=DIRECTION('center_axis',(-9.01946587648207E-14,-1.,2.78403696931482E-13));
#5053=DIRECTION('ref_axis',(-0.707109133327863,2.60637954150634E-13,0.707104429037408));
#5054=DIRECTION('',(-1.,0.,0.));
#5055=DIRECTION('center_axis',(0.,-1.,0.));
#5056=DIRECTION('ref_axis',(0.707106781186487,0.,0.707106781186608));
#5057=DIRECTION('',(0.,5.498715427045E-13,1.));
#5058=DIRECTION('center_axis',(-0.0139608196270594,-0.999805076517759,0.0139608196270594));
#5059=DIRECTION('ref_axis',(4.62412226565068E-17,-0.0139621803391467,-0.999902524009304));
#5060=DIRECTION('',(-0.0139608196351595,-0.999805076548861,0.0139608173915395));
#5061=DIRECTION('center_axis',(0.999902524009304,-0.0139621803391501,0.));
#5062=DIRECTION('ref_axis',(0.,0.,-1.));
#5063=DIRECTION('',(0.01396081965106,0.999805076524003,0.01396081915591));
#5064=DIRECTION('center_axis',(0.0139608196270594,0.999805076517759,0.0139608196270594));
#5065=DIRECTION('ref_axis',(4.62412226565068E-17,-0.0139621803391467,0.999902524009304));
#5066=DIRECTION('',(-0.01396081557913,-0.999805076574299,-0.01396081962588));
#5067=DIRECTION('center_axis',(0.,-0.0139621803391501,0.999902524009304));
#5068=DIRECTION('ref_axis',(1.,0.,0.));
#5069=DIRECTION('center_axis',(0.,0.0139621803391501,-0.999902524009304));
#5070=DIRECTION('ref_axis',(0.36957938103617,-0.929108586557924,-0.0129736462591966));
#5071=DIRECTION('',(-0.00578322775949127,0.999885801800247,0.0139620068385007));
#5072=DIRECTION('center_axis',(-0.3466618297517,0.866654574379099,0.3587971913226));
#5073=DIRECTION('ref_axis',(-0.928476690885235,-0.371390676354166,1.7055801215804E-14));
#5074=DIRECTION('center_axis',(-0.00578322774223004,0.999885802638007,0.0139619468495801));
#5075=DIRECTION('ref_axis',(-0.707037855252524,-0.0139621803391425,0.707037855252524));
#5076=DIRECTION('',(0.00578327733230021,-0.999885801658737,-0.0139619964390205));
#5077=DIRECTION('center_axis',(-0.707037855252524,-0.0139621803391505,0.707037855252524));
#5078=DIRECTION('ref_axis',(0.707106781186548,0.,0.707106781186548));
#5079=DIRECTION('',(-0.0139619892417303,0.999885801801019,0.00578327010847111));
#5080=DIRECTION('center_axis',(-0.0139619468495801,0.999885802638007,0.00578322774223004));
#5081=DIRECTION('ref_axis',(-0.999902524009304,-0.0139621803391413,-7.08797170262399E-18));
#5082=DIRECTION('center_axis',(0.,-1.,0.));
#5083=DIRECTION('ref_axis',(1.,0.,0.));
#5084=DIRECTION('center_axis',(0.,-1.,0.));
#5085=DIRECTION('ref_axis',(0.,0.,-1.));
#5086=DIRECTION('center_axis',(0.,-1.,0.));
#5087=DIRECTION('ref_axis',(0.,0.,-1.));
#5088=DIRECTION('center_axis',(0.,-1.,0.));
#5089=DIRECTION('ref_axis',(0.,0.,-1.));
#5090=DIRECTION('',(-8.65956056235493E-17,-0.707106781186548,0.707106781186547));
#5091=DIRECTION('center_axis',(0.,-1.,0.));
#5092=DIRECTION('ref_axis',(1.,0.,0.));
#5093=DIRECTION('center_axis',(0.,1.,0.));
#5094=DIRECTION('ref_axis',(1.,0.,0.));
#5095=DIRECTION('',(0.,-1.,0.));
#5096=DIRECTION('center_axis',(0.,-1.,0.));
#5097=DIRECTION('ref_axis',(1.,0.,0.));
#5098=DIRECTION('center_axis',(0.,-1.,0.));
#5099=DIRECTION('ref_axis',(0.,0.,-1.));
#5100=DIRECTION('center_axis',(0.,-1.,0.));
#5101=DIRECTION('ref_axis',(0.,0.,-1.));
#5102=DIRECTION('center_axis',(0.,-1.,0.));
#5103=DIRECTION('ref_axis',(0.,0.,-1.));
#5104=DIRECTION('',(-8.65956056235493E-17,-0.707106781186548,0.707106781186547));
#5105=DIRECTION('center_axis',(0.,-1.,0.));
#5106=DIRECTION('ref_axis',(1.,0.,0.));
#5107=DIRECTION('center_axis',(0.,1.,0.));
#5108=DIRECTION('ref_axis',(1.,0.,0.));
#5109=DIRECTION('',(0.,-1.,0.));
#5110=DIRECTION('center_axis',(0.,-1.,0.));
#5111=DIRECTION('ref_axis',(1.,0.,0.));
#5112=DIRECTION('center_axis',(0.,-1.,0.));
#5113=DIRECTION('ref_axis',(0.,0.,-1.));
#5114=DIRECTION('center_axis',(0.,-1.,0.));
#5115=DIRECTION('ref_axis',(0.,0.,-1.));
#5116=DIRECTION('center_axis',(0.,-1.,0.));
#5117=DIRECTION('ref_axis',(0.,0.,-1.));
#5118=DIRECTION('',(-8.65956056235493E-17,-0.707106781186548,0.707106781186547));
#5119=DIRECTION('center_axis',(0.,-1.,0.));
#5120=DIRECTION('ref_axis',(1.,0.,0.));
#5121=DIRECTION('center_axis',(0.,1.,0.));
#5122=DIRECTION('ref_axis',(1.,0.,0.));
#5123=DIRECTION('',(0.,-1.,0.));
#5124=DIRECTION('center_axis',(0.,-1.,0.));
#5125=DIRECTION('ref_axis',(1.,0.,0.));
#5126=DIRECTION('center_axis',(0.,-1.,0.));
#5127=DIRECTION('ref_axis',(0.,0.,-1.));
#5128=DIRECTION('center_axis',(0.,-1.,0.));
#5129=DIRECTION('ref_axis',(0.,0.,-1.));
#5130=DIRECTION('center_axis',(0.,-1.,0.));
#5131=DIRECTION('ref_axis',(0.,0.,-1.));
#5132=DIRECTION('',(-8.65956056235493E-17,-0.707106781186548,0.707106781186547));
#5133=DIRECTION('center_axis',(0.,-1.,0.));
#5134=DIRECTION('ref_axis',(1.,0.,0.));
#5135=DIRECTION('center_axis',(0.,1.,0.));
#5136=DIRECTION('ref_axis',(1.,0.,0.));
#5137=DIRECTION('',(0.,-1.,0.));
#5138=DIRECTION('center_axis',(0.,-1.,0.));
#5139=DIRECTION('ref_axis',(1.,0.,0.));
#5140=DIRECTION('center_axis',(-0.707106781186548,0.,-0.707106781186548));
#5141=DIRECTION('ref_axis',(0.707106781186548,0.,-0.707106781186548));
#5142=DIRECTION('',(0.,-1.,0.));
#5143=DIRECTION('',(-0.707106781186998,0.,0.707106781186097));
#5144=DIRECTION('',(-3.552713678801E-14,-1.,0.));
#5145=DIRECTION('center_axis',(-0.720252042090678,0.,0.693712473481779));
#5146=DIRECTION('ref_axis',(-0.693712473481779,0.,-0.720252042090678));
#5147=DIRECTION('',(0.693712473485855,0.,0.720252042086753));
#5148=DIRECTION('',(0.,-1.,0.));
#5149=DIRECTION('center_axis',(-0.693712473481779,0.,0.720252042090678));
#5150=DIRECTION('ref_axis',(-0.720252042090678,0.,-0.693712473481779));
#5151=DIRECTION('',(0.720252042092494,0.,0.693712473479894));
#5152=DIRECTION('',(0.,-1.,0.));
#5153=DIRECTION('center_axis',(0.707106781186548,0.,0.707106781186548));
#5154=DIRECTION('ref_axis',(-0.707106781186548,0.,0.707106781186548));
#5155=DIRECTION('',(0.707106781185998,0.,-0.707106781187098));
#5156=DIRECTION('',(0.,-1.,0.));
#5157=DIRECTION('center_axis',(0.707106781186498,0.,-0.707106781186598));
#5158=DIRECTION('ref_axis',(0.707106781186598,0.,0.707106781186498));
#5159=DIRECTION('',(-0.707106781185598,0.,-0.707106781187497));
#5160=DIRECTION('center_axis',(0.,-1.,0.));
#5161=DIRECTION('ref_axis',(1.,0.,0.));
#5162=DIRECTION('center_axis',(-0.720252042090678,0.,-0.693712473481779));
#5163=DIRECTION('ref_axis',(0.693712473481779,0.,-0.720252042090678));
#5164=DIRECTION('',(9.947598300642E-13,-1.,-9.769962616702E-13));
#5165=DIRECTION('',(-0.69371247348402,0.,0.72025204208852));
#5166=DIRECTION('',(0.,-1.,1.7763568394E-14));
#5167=DIRECTION('center_axis',(-0.707106781186548,0.,0.707106781186548));
#5168=DIRECTION('ref_axis',(-0.707106781186548,0.,-0.707106781186548));
#5169=DIRECTION('',(0.707106781186998,0.,0.707106781186097));
#5170=DIRECTION('',(0.,-1.,0.));
#5171=DIRECTION('center_axis',(0.707106781186498,0.,0.707106781186598));
#5172=DIRECTION('ref_axis',(-0.707106781186598,0.,0.707106781186498));
#5173=DIRECTION('',(0.707106781185597,0.,-0.707106781187498));
#5174=DIRECTION('',(0.,-1.,0.));
#5175=DIRECTION('center_axis',(0.707106781186548,0.,-0.707106781186548));
#5176=DIRECTION('ref_axis',(0.707106781186548,0.,0.707106781186548));
#5177=DIRECTION('',(-0.707106781185998,0.,-0.707106781187098));
#5178=DIRECTION('',(0.,-1.,0.));
#5179=DIRECTION('center_axis',(-0.693712473481779,0.,-0.720252042090678));
#5180=DIRECTION('ref_axis',(0.720252042090678,0.,-0.693712473481779));
#5181=DIRECTION('',(-0.720252042094603,0.,0.693712473477703));
#5182=DIRECTION('center_axis',(0.,-1.,0.));
#5183=DIRECTION('ref_axis',(1.,0.,0.));
#5184=DIRECTION('center_axis',(0.,-1.,0.));
#5185=DIRECTION('ref_axis',(1.,0.,0.));
#5186=DIRECTION('center_axis',(0.,1.,0.));
#5187=DIRECTION('ref_axis',(-1.,0.,0.));
#5188=DIRECTION('',(0.,1.,0.));
#5189=DIRECTION('center_axis',(0.,-1.,0.));
#5190=DIRECTION('ref_axis',(1.,0.,0.));
#5191=DIRECTION('center_axis',(0.,-1.,0.));
#5192=DIRECTION('ref_axis',(1.,0.,0.));
#5193=DIRECTION('center_axis',(0.,-1.,0.));
#5194=DIRECTION('ref_axis',(1.,0.,0.));
#5195=DIRECTION('center_axis',(0.,1.,0.));
#5196=DIRECTION('ref_axis',(-0.992156741674205,0.,0.124999999801701));
#5197=DIRECTION('',(0.,1.,0.));
#5198=DIRECTION('center_axis',(0.,1.,0.));
#5199=DIRECTION('ref_axis',(-0.992156741674205,0.,0.124999999801701));
#5200=DIRECTION('center_axis',(0.,-1.,0.));
#5201=DIRECTION('ref_axis',(-0.0417598220655115,0.,-0.99912767815783));
#5202=DIRECTION('center_axis',(0.,1.,0.));
#5203=DIRECTION('ref_axis',(-0.992156741649234,0.,0.124999999999904));
#5204=DIRECTION('center_axis',(-0.99912767815783,0.,0.041759822065511));
#5205=DIRECTION('ref_axis',(0.041759822065511,0.,0.99912767815783));
#5206=DIRECTION('center_axis',(0.,1.,0.));
#5207=DIRECTION('ref_axis',(1.,0.,0.));
#5208=DIRECTION('center_axis',(0.,-1.,0.));
#5209=DIRECTION('ref_axis',(0.,0.,-1.));
#5210=DIRECTION('center_axis',(0.,-1.,0.));
#5211=DIRECTION('ref_axis',(0.,0.,1.));
#5212=DIRECTION('center_axis',(0.,1.,0.));
#5213=DIRECTION('ref_axis',(0.,0.,1.));
#5214=DIRECTION('',(0.,-1.,0.));
#5215=DIRECTION('center_axis',(0.,1.,0.));
#5216=DIRECTION('ref_axis',(0.,0.,-1.));
#5217=CARTESIAN_POINT('',(0.,0.,0.));
#5218=CARTESIAN_POINT('Origin',(-25.5,-22.8,0.));
#5219=CARTESIAN_POINT('',(-25.5,-22.6,2.5));
#5220=CARTESIAN_POINT('Origin',(-25.5,-22.6,0.));
#5221=CARTESIAN_POINT('',(-25.5,-22.8,2.5));
#5222=CARTESIAN_POINT('',(-25.5,-22.8,2.5));
#5223=CARTESIAN_POINT('Origin',(-25.5,-22.8,0.));
#5224=CARTESIAN_POINT('Origin',(0.,-22.6,0.));
#5225=CARTESIAN_POINT('',(-29.5,-22.6,0.));
#5226=CARTESIAN_POINT('Origin',(-25.5,-22.6,0.));
#5227=CARTESIAN_POINT('Origin',(-25.5,-21.9,0.));
#5228=CARTESIAN_POINT('',(-29.5,-22.8,0.));
#5229=CARTESIAN_POINT('',(-29.5,-21.9,-4.89858719658941E-16));
#5230=CARTESIAN_POINT('Origin',(-25.5,-22.8,0.));
#5231=CARTESIAN_POINT('Origin',(0.,-22.8,0.));
#5232=CARTESIAN_POINT('Origin',(-18.27152330911,-24.47860932365,-11.03035421759));
#5233=CARTESIAN_POINT('',(-19.02296703857,-22.6,-10.77094531217));
#5234=CARTESIAN_POINT('',(-19.02296703857,-22.6,-10.6910263313));
#5235=CARTESIAN_POINT('',(-19.02296703857,-22.6,-10.77094531217));
#5236=CARTESIAN_POINT('',(-18.91004907927,-22.88229489826,-10.6217958398));
#5237=CARTESIAN_POINT('Origin',(-99.5590190286404,178.745645583229,120.794901281015));
#5238=CARTESIAN_POINT('',(-18.8722943709,-22.97668166913,-10.76568550207));
#5239=CARTESIAN_POINT('Origin',(-17.2,-27.1574175964252,-10.25));
#5240=CARTESIAN_POINT('',(-19.02296703857,-22.6,-10.77094531217));
#5241=CARTESIAN_POINT('Origin',(0.,-22.6,0.));
#5242=CARTESIAN_POINT('',(-18.91004907927,-22.6,-10.6217958398));
#5243=CARTESIAN_POINT('Origin',(-25.5,-22.6,0.));
#5244=CARTESIAN_POINT('',(-18.87066333584,-22.6,-10.77094531217));
#5245=CARTESIAN_POINT('',(-19.02296703857,-22.6,-10.77094531217));
#5246=CARTESIAN_POINT('Origin',(-17.2,-22.6,-10.25));
#5247=CARTESIAN_POINT('Origin',(-25.5,-24.1,0.));
#5248=CARTESIAN_POINT('',(-18.91004907927,-22.88229489826,-10.6217958398));
#5249=CARTESIAN_POINT('Origin',(-17.2,-25.6,-10.25));
#5250=CARTESIAN_POINT('',(-18.87066333584,-22.59999999997,-10.77094531217));
#5251=CARTESIAN_POINT('Origin',(10.47799999808,-24.1,-10.75));
#5252=CARTESIAN_POINT('Origin',(-6.,-24.29291398713,-10.55728496301));
#5253=CARTESIAN_POINT('',(-14.85,-23.80067738531,-10.75417960374));
#5254=CARTESIAN_POINT('',(-14.85,-24.1,-10.63445055786));
#5255=CARTESIAN_POINT('',(-14.85,-23.80067738531,-10.75417960374));
#5256=CARTESIAN_POINT('',(-15.52420080941,-23.80067738535,-10.75417960374));
#5257=CARTESIAN_POINT('',(-14.85,-23.80067738531,-10.75417960374));
#5258=CARTESIAN_POINT('',(-15.49275140399,-24.1,-10.63445055786));
#5259=CARTESIAN_POINT('Origin',(-17.2,-25.061126394655,-10.25));
#5260=CARTESIAN_POINT('',(-14.85,-24.1,-10.63445055786));
#5261=CARTESIAN_POINT('Origin',(-14.85,-28.5,8.));
#5262=CARTESIAN_POINT('',(-14.85,-22.6,-10.77094531217));
#5263=CARTESIAN_POINT('',(-14.85,-22.6,-7.5));
#5264=CARTESIAN_POINT('',(-14.85,-22.6,-10.77094531217));
#5265=CARTESIAN_POINT('',(-14.85,-22.6,-10.77094531217));
#5266=CARTESIAN_POINT('',(-14.85,-24.1,-7.5));
#5267=CARTESIAN_POINT('',(-14.85,-24.1,-10.63445055786));
#5268=CARTESIAN_POINT('',(-14.85,-22.6,-7.5));
#5269=CARTESIAN_POINT('Origin',(0.,-22.6,0.));
#5270=CARTESIAN_POINT('',(-15.5,-22.6,-7.5));
#5271=CARTESIAN_POINT('',(-16.4807357621966,-22.6,-8.65464456793453));
#5272=CARTESIAN_POINT('Origin',(-25.5,-22.6,0.));
#5273=CARTESIAN_POINT('',(-15.52933666416,-22.6,-10.77094531217));
#5274=CARTESIAN_POINT('Origin',(-17.2,-22.6,-10.25));
#5275=CARTESIAN_POINT('',(-15.52933666416,-22.6,-10.77094531217));
#5276=CARTESIAN_POINT('',(-14.85,-22.6,-7.5));
#5277=CARTESIAN_POINT('Origin',(-25.5,-24.1,0.));
#5278=CARTESIAN_POINT('',(-15.5,-24.1,-7.5));
#5279=CARTESIAN_POINT('',(-15.5,-22.6,-7.5));
#5280=CARTESIAN_POINT('',(-16.48073576142,-24.1,-8.654644567784));
#5281=CARTESIAN_POINT('Origin',(-25.5,-24.1,0.));
#5282=CARTESIAN_POINT('',(-16.4807357614203,-24.1,-8.65464456778425));
#5283=CARTESIAN_POINT('Origin',(-16.79632355184,-25.6,-7.5));
#5284=CARTESIAN_POINT('',(-14.85,-24.1,-7.5));
#5285=CARTESIAN_POINT('Origin',(0.,-24.1,0.));
#5286=CARTESIAN_POINT('Origin',(-17.2,-24.1,-10.25));
#5287=CARTESIAN_POINT('Origin',(-17.2,-25.6,-10.25));
#5288=CARTESIAN_POINT('Ctrl Pts',(-15.52420080941,-23.80067738535,-10.75417960374));
#5289=CARTESIAN_POINT('Ctrl Pts',(-15.5258821825,-23.40045145945,-10.75976817504));
#5290=CARTESIAN_POINT('Ctrl Pts',(-15.5275940401,-23.00022566392,-10.76535674453));
#5291=CARTESIAN_POINT('Ctrl Pts',(-15.52933666416,-22.59999999997,-10.77094531217));
#5292=CARTESIAN_POINT('Origin',(10.47799999808,-24.1,-10.75));
#5293=CARTESIAN_POINT('Origin',(-17.2,-25.6,10.25));
#5294=CARTESIAN_POINT('',(-18.91004907927,-22.6,10.6217958398));
#5295=CARTESIAN_POINT('',(-18.87066333584,-22.6,10.77094531217));
#5296=CARTESIAN_POINT('Origin',(-17.2,-22.6,10.25));
#5297=CARTESIAN_POINT('',(-18.91004907927,-22.88229489826,10.6217958398));
#5298=CARTESIAN_POINT('',(-18.91004907927,-22.88229489826,10.6217958398));
#5299=CARTESIAN_POINT('',(-18.8722943709,-22.97668166918,10.76568550207));
#5300=CARTESIAN_POINT('Origin',(-17.2,-27.1574175964252,10.25));
#5301=CARTESIAN_POINT('',(-18.8722943709,-22.97668166913,10.76568550207));
#5302=CARTESIAN_POINT('Origin',(0.,-22.6,0.));
#5303=CARTESIAN_POINT('',(-19.02296703857,-22.6,10.6910263313));
#5304=CARTESIAN_POINT('Origin',(-25.5,-22.6,0.));
#5305=CARTESIAN_POINT('',(-19.02296703857,-22.6,10.77094531217));
#5306=CARTESIAN_POINT('',(-18.87066333584,-22.6,10.77094531217));
#5307=CARTESIAN_POINT('',(-19.02296703857,-22.6,10.6910263313));
#5308=CARTESIAN_POINT('Origin',(-25.5,-24.1,0.));
#5309=CARTESIAN_POINT('Origin',(-99.5542107193942,178.733621191073,-120.787128872214));
#5310=CARTESIAN_POINT('Origin',(-18.27152330911,-24.47860932365,11.03035421759));
#5311=CARTESIAN_POINT('',(-18.8722943709,-22.97668166918,10.76568550207));
#5312=CARTESIAN_POINT('Origin',(-36.47799999808,-24.1,10.75));
#5313=CARTESIAN_POINT('Origin',(-6.,-24.29291398713,10.55728496301));
#5314=CARTESIAN_POINT('',(-14.85,-24.1,10.63445055786));
#5315=CARTESIAN_POINT('',(-14.85,-23.80067738531,10.75417960374));
#5316=CARTESIAN_POINT('',(-14.85,-24.1,10.63445055786));
#5317=CARTESIAN_POINT('',(-15.492751404,-24.1,10.63445055786));
#5318=CARTESIAN_POINT('',(-15.49275140399,-24.1,10.63445055786));
#5319=CARTESIAN_POINT('',(-15.52420080941,-23.80067738535,10.75417960374));
#5320=CARTESIAN_POINT('Origin',(-17.2,-25.061126394655,10.25));
#5321=CARTESIAN_POINT('',(-15.52420080941,-23.80067738531,10.75417960374));
#5322=CARTESIAN_POINT('Origin',(-14.85,-28.5,8.));
#5323=CARTESIAN_POINT('',(-14.85,-22.6,7.5));
#5324=CARTESIAN_POINT('',(-14.85,-22.6,10.77094531217));
#5325=CARTESIAN_POINT('',(-14.85,-22.6,7.5));
#5326=CARTESIAN_POINT('',(-14.85,-24.1,7.5));
#5327=CARTESIAN_POINT('',(-14.85,-22.6,7.5));
#5328=CARTESIAN_POINT('',(-14.85,-24.1,7.5));
#5329=CARTESIAN_POINT('',(-14.85,-23.80067738531,10.75417960374));
#5330=CARTESIAN_POINT('Origin',(0.,-22.6,0.));
#5331=CARTESIAN_POINT('',(-16.48073576142,-22.6,8.654644567784));
#5332=CARTESIAN_POINT('',(-15.5,-22.6,7.5));
#5333=CARTESIAN_POINT('Origin',(-25.5,-22.6,0.));
#5334=CARTESIAN_POINT('',(-15.5,-22.6,7.5));
#5335=CARTESIAN_POINT('',(-15.5293366648254,-22.59999999999,10.7709453126596));
#5336=CARTESIAN_POINT('',(-14.85,-22.6,10.77094531217));
#5337=CARTESIAN_POINT('Origin',(-17.2,-22.6,10.25));
#5338=CARTESIAN_POINT('Origin',(-25.5,-24.1,0.));
#5339=CARTESIAN_POINT('',(-16.48073576142,-24.1,8.654644567784));
#5340=CARTESIAN_POINT('',(-16.48073576142,-24.1,8.654644567784));
#5341=CARTESIAN_POINT('',(-15.5,-24.1,7.5));
#5342=CARTESIAN_POINT('Origin',(-25.5,-24.1,0.));
#5343=CARTESIAN_POINT('',(-15.5,-24.1,7.5));
#5344=CARTESIAN_POINT('Origin',(-17.2,-25.6,10.25));
#5345=CARTESIAN_POINT('Ctrl Pts',(-15.52933666416,-22.59999999997,10.77094531217));
#5346=CARTESIAN_POINT('Ctrl Pts',(-15.5275940401,-23.00022566392,10.76535674453));
#5347=CARTESIAN_POINT('Ctrl Pts',(-15.5258821825,-23.40045145945,10.75976817504));
#5348=CARTESIAN_POINT('Ctrl Pts',(-15.52420080941,-23.80067738535,10.75417960374));
#5349=CARTESIAN_POINT('Origin',(-17.2,-24.1,10.25));
#5350=CARTESIAN_POINT('Origin',(-36.47799999808,-24.1,10.75));
#5351=CARTESIAN_POINT('Origin',(0.,-24.1,0.));
#5352=CARTESIAN_POINT('',(-15.5,-24.1,7.5));
#5353=CARTESIAN_POINT('Origin',(-8.8,-25.6,7.5));
#5354=CARTESIAN_POINT('Origin',(0.,-23.1,0.));
#5355=CARTESIAN_POINT('',(-31.8,-23.1,9.35));
#5356=CARTESIAN_POINT('Origin',(-32.6,-23.1,9.35));
#5357=CARTESIAN_POINT('Origin',(-32.6,-15.1,9.35));
#5358=CARTESIAN_POINT('',(-31.8,-22.6,9.35));
#5359=CARTESIAN_POINT('',(-31.8,-15.1,9.35));
#5360=CARTESIAN_POINT('Origin',(-32.6,-22.6,9.35));
#5361=CARTESIAN_POINT('Origin',(0.,-22.6,0.));
#5362=CARTESIAN_POINT('Origin',(0.,-23.1,0.));
#5363=CARTESIAN_POINT('',(-31.8,-23.1,-9.35));
#5364=CARTESIAN_POINT('Origin',(-32.6,-23.1,-9.35));
#5365=CARTESIAN_POINT('Origin',(-32.6,-15.1,-9.35));
#5366=CARTESIAN_POINT('',(-31.8,-22.6,-9.35));
#5367=CARTESIAN_POINT('',(-31.8,-15.1,-9.35));
#5368=CARTESIAN_POINT('Origin',(-32.6,-22.6,-9.35));
#5369=CARTESIAN_POINT('Origin',(0.,-22.6,0.));
#5370=CARTESIAN_POINT('Origin',(-14.69956091374,-24.1,0.25));
#5371=CARTESIAN_POINT('',(-13.85,-24.1,0.25));
#5372=CARTESIAN_POINT('',(-16.5,-24.1,0.25));
#5373=CARTESIAN_POINT('',(-13.85,-24.1,0.25));
#5374=CARTESIAN_POINT('',(-16.5,-24.,0.25));
#5375=CARTESIAN_POINT('',(-16.5,-24.,0.25));
#5376=CARTESIAN_POINT('',(-13.85,-24.,0.25));
#5377=CARTESIAN_POINT('',(-13.85,-24.,0.25));
#5378=CARTESIAN_POINT('',(-13.85,-24.1,0.25));
#5379=CARTESIAN_POINT('Origin',(0.,-24.1,0.));
#5380=CARTESIAN_POINT('',(-31.,-24.1,1.));
#5381=CARTESIAN_POINT('',(-35.2238310995,-24.1,1.));
#5382=CARTESIAN_POINT('',(-31.,-24.1,1.));
#5383=CARTESIAN_POINT('',(-31.,-24.1,-1.));
#5384=CARTESIAN_POINT('',(-31.,-24.1,-1.));
#5385=CARTESIAN_POINT('',(-35.2238310995,-24.1,-1.));
#5386=CARTESIAN_POINT('',(-35.2238310995,-24.1,-1.));
#5387=CARTESIAN_POINT('',(-35.223830892202,-24.0999999660615,-8.8108043363697));
#5388=CARTESIAN_POINT('',(-35.2238310995,-24.1,-1.));
#5389=CARTESIAN_POINT('',(-34.7113178848282,-24.099999074508,-10.0481199143333));
#5390=CARTESIAN_POINT('Origin',(-33.47402172684,-24.09997546716,-8.810812016691));
#5391=CARTESIAN_POINT('',(-33.2981198898338,-24.0999999609156,-11.4613180092394));
#5392=CARTESIAN_POINT('',(-33.29812026642,-24.09999998325,-11.46131792898));
#5393=CARTESIAN_POINT('',(-32.0608042369483,-24.0999990756543,-11.9738308178152));
#5394=CARTESIAN_POINT('Origin',(-32.06081253547,-24.09997545084,-10.22402150842));
#5395=CARTESIAN_POINT('',(-25.75,-24.1,-11.9738310995));
#5396=CARTESIAN_POINT('',(-32.06080401954,-24.09999960385,-11.9738310995));
#5397=CARTESIAN_POINT('',(-25.75,-24.1,-9.));
#5398=CARTESIAN_POINT('',(-25.75,-24.1,-9.));
#5399=CARTESIAN_POINT('',(-25.25,-24.1,-9.));
#5400=CARTESIAN_POINT('',(-25.75,-24.1,-9.));
#5401=CARTESIAN_POINT('',(-25.25,-24.1,-11.9738310995));
#5402=CARTESIAN_POINT('',(-25.25,-24.1,-9.));
#5403=CARTESIAN_POINT('',(-20.03851648074,-24.1,-11.97383109988));
#5404=CARTESIAN_POINT('',(-25.25,-24.1,-11.9738310995));
#5405=CARTESIAN_POINT('',(-20.038516487857,-24.0999999830372,-9.55759802866129));
#5406=CARTESIAN_POINT('',(-20.03851648074,-24.1,-11.97383109988));
#5407=CARTESIAN_POINT('',(-19.9188877696165,-24.1000000003715,-9.35230047703352));
#5408=CARTESIAN_POINT('Origin',(-19.7691417511073,-24.1000000515442,-9.56446296677156));
#5409=CARTESIAN_POINT('',(-16.8238561851518,-24.0999999994323,-6.58322614509294));
#5410=CARTESIAN_POINT('Origin',(-25.5,-24.1,0.));
#5411=CARTESIAN_POINT('',(-16.6525512903743,-24.1000000025577,-6.49999999986169));
#5412=CARTESIAN_POINT('Origin',(-16.6525775486291,-24.10000000007,-6.69997334484856));
#5413=CARTESIAN_POINT('',(-14.05000000016,-24.1,-6.5));
#5414=CARTESIAN_POINT('',(-14.05000000005,-24.1,-6.499999999989));
#5415=CARTESIAN_POINT('',(-13.85,-24.1,-6.7));
#5416=CARTESIAN_POINT('Origin',(-14.05,-24.1,-6.7));
#5417=CARTESIAN_POINT('',(-13.85,-24.1,-0.25));
#5418=CARTESIAN_POINT('',(-13.85,-24.1,-6.7));
#5419=CARTESIAN_POINT('',(-16.5,-24.1,-0.25));
#5420=CARTESIAN_POINT('',(-16.5,-24.1,-0.25));
#5421=CARTESIAN_POINT('',(-16.5,-24.1,-0.25));
#5422=CARTESIAN_POINT('',(-13.85,-24.1,6.7));
#5423=CARTESIAN_POINT('',(-13.85,-24.1,0.25));
#5424=CARTESIAN_POINT('',(-14.05000000007,-24.1,6.499999999986));
#5425=CARTESIAN_POINT('Origin',(-14.05,-24.1,6.7));
#5426=CARTESIAN_POINT('',(-16.6525512933423,-24.1000000025477,6.49999999980989));
#5427=CARTESIAN_POINT('',(-16.65255129282,-24.10000000543,6.499999999913));
#5428=CARTESIAN_POINT('',(-16.8238561831474,-24.0999999992331,6.58322614543394));
#5429=CARTESIAN_POINT('Origin',(-16.6525775292927,-24.1000000000643,6.69997337541049));
#5430=CARTESIAN_POINT('',(-19.9188874608218,-24.1000000003375,9.35230029610739));
#5431=CARTESIAN_POINT('Origin',(-25.5,-24.1,0.));
#5432=CARTESIAN_POINT('',(-20.0385164794561,-24.1000000055959,9.55759650183108));
#5433=CARTESIAN_POINT('Origin',(-19.7691417553583,-24.1000000511724,9.56446296441175));
#5434=CARTESIAN_POINT('',(-20.0385164807589,-24.0999999999925,11.9738311017833));
#5435=CARTESIAN_POINT('',(-20.03851647658,-24.10000001153,9.557596502121));
#5436=CARTESIAN_POINT('',(-25.25,-24.1,11.9738310995));
#5437=CARTESIAN_POINT('',(-20.03851648078,-24.09999999999,11.97383110087));
#5438=CARTESIAN_POINT('',(-25.25,-24.1,9.));
#5439=CARTESIAN_POINT('',(-25.25,-24.1,9.));
#5440=CARTESIAN_POINT('',(-25.75,-24.1,9.));
#5441=CARTESIAN_POINT('',(-25.25,-24.1,9.));
#5442=CARTESIAN_POINT('',(-25.75,-24.1,11.9738310995));
#5443=CARTESIAN_POINT('',(-25.75,-24.1,9.));
#5444=CARTESIAN_POINT('',(-32.06080433638,-24.0999999660627,11.973830892199));
#5445=CARTESIAN_POINT('',(-25.75,-24.1,11.9738310995));
#5446=CARTESIAN_POINT('',(-33.2981199143328,-24.0999990745089,11.4613178848283));
#5447=CARTESIAN_POINT('Origin',(-32.06081201669,-24.09997546718,10.22402172682));
#5448=CARTESIAN_POINT('',(-34.7113180092427,-24.0999999609156,10.0481198898354));
#5449=CARTESIAN_POINT('',(-34.71131792898,-24.09999998325,10.04812026642));
#5450=CARTESIAN_POINT('',(-35.2238308178183,-24.0999990756542,8.81080423696163));
#5451=CARTESIAN_POINT('Origin',(-33.47402150843,-24.09997545086,8.810812535474));
#5452=CARTESIAN_POINT('',(-35.2238310995,-24.09999960385,8.810804019542));
#5453=CARTESIAN_POINT('',(-19.30949763423,-24.1,-6.544055756367));
#5454=CARTESIAN_POINT('',(-18.03971297761,-24.1,-7.813840412983));
#5455=CARTESIAN_POINT('',(-19.30949763423,-24.1,-6.544055756367));
#5456=CARTESIAN_POINT('',(-19.13603896933,-24.1,-6.363961030691));
#5457=CARTESIAN_POINT('',(-19.13603896933,-24.1,-6.363961030691));
#5458=CARTESIAN_POINT('',(-18.95594424363,-24.1,-6.190502365774));
#5459=CARTESIAN_POINT('',(-18.95594424363,-24.1,-6.190502365774));
#5460=CARTESIAN_POINT('',(-17.68615958702,-24.1,-7.460287022389));
#5461=CARTESIAN_POINT('',(-17.68615958702,-24.1,-7.460287022389));
#5462=CARTESIAN_POINT('',(-18.03971297761,-24.1,-7.813840412983));
#5463=CARTESIAN_POINT('',(-19.30949763423,-24.1,6.544055756364));
#5464=CARTESIAN_POINT('',(-19.13603896934,-24.1,6.363961030693));
#5465=CARTESIAN_POINT('',(-19.30949763423,-24.1,6.544055756364));
#5466=CARTESIAN_POINT('',(-18.03971297761,-24.1,7.81384041298));
#5467=CARTESIAN_POINT('',(-18.03971297761,-24.1,7.81384041298));
#5468=CARTESIAN_POINT('',(-17.68615958702,-24.1,7.460287022386));
#5469=CARTESIAN_POINT('',(-17.68615958702,-24.1,7.460287022386));
#5470=CARTESIAN_POINT('',(-18.95594424363,-24.1,6.190502365771));
#5471=CARTESIAN_POINT('',(-18.95594424363,-24.1,6.190502365771));
#5472=CARTESIAN_POINT('',(-19.13603896934,-24.1,6.363961030693));
#5473=CARTESIAN_POINT('',(-30.5,-24.1,-6.12323399573677E-16));
#5474=CARTESIAN_POINT('Origin',(-25.5,-24.1,0.));
#5475=CARTESIAN_POINT('Origin',(-31.,-24.1,1.));
#5476=CARTESIAN_POINT('',(-34.89170390772,-22.6,1.));
#5477=CARTESIAN_POINT('',(-34.89170390772,-21.6,1.));
#5478=CARTESIAN_POINT('',(-34.89170390772,-22.6,1.));
#5479=CARTESIAN_POINT('',(-31.7,-22.6,1.));
#5480=CARTESIAN_POINT('',(-34.89170390772,-22.6,1.));
#5481=CARTESIAN_POINT('',(-31.7,-23.3,1.));
#5482=CARTESIAN_POINT('',(-31.7,-22.6,1.));
#5483=CARTESIAN_POINT('',(-31.,-23.3,1.));
#5484=CARTESIAN_POINT('',(-31.7,-23.3,1.));
#5485=CARTESIAN_POINT('',(-31.,-24.1,1.));
#5486=CARTESIAN_POINT('',(-35.4738067305,-23.85349054509,1.));
#5487=CARTESIAN_POINT('Origin',(-35.2238310995,-23.85,1.));
#5488=CARTESIAN_POINT('',(-35.50527343913,-21.6,1.));
#5489=CARTESIAN_POINT('',(-35.50527343913,-21.6,1.));
#5490=CARTESIAN_POINT('',(-35.50527343913,-21.6,1.));
#5491=CARTESIAN_POINT('Origin',(-34.89170390772,-14.1,-8.867873692769));
#5492=CARTESIAN_POINT('',(-34.89170390772,-21.6,-1.));
#5493=CARTESIAN_POINT('',(-34.89170390772,-21.6,1.));
#5494=CARTESIAN_POINT('',(-34.89170390772,-22.6,-1.));
#5495=CARTESIAN_POINT('',(-34.89170390772,-22.6,-1.));
#5496=CARTESIAN_POINT('',(-34.89170390772,-22.6,1.));
#5497=CARTESIAN_POINT('Origin',(0.,-21.6,0.));
#5498=CARTESIAN_POINT('',(-35.50527343913,-21.6,-1.));
#5499=CARTESIAN_POINT('',(-35.50527343913,-21.6,1.));
#5500=CARTESIAN_POINT('',(-34.89170390772,-21.6,-1.));
#5501=CARTESIAN_POINT('Origin',(-37.31355992167,-24.1,-1.));
#5502=CARTESIAN_POINT('',(-35.4738067305,-23.85349054509,-1.));
#5503=CARTESIAN_POINT('',(-35.4738067305,-23.85349054508,-1.));
#5504=CARTESIAN_POINT('Origin',(-35.2238310995,-23.85,-1.));
#5505=CARTESIAN_POINT('',(-31.,-23.3,-1.));
#5506=CARTESIAN_POINT('',(-31.,-24.1,-1.));
#5507=CARTESIAN_POINT('',(-31.7,-23.3,-1.));
#5508=CARTESIAN_POINT('',(-31.7,-23.3,-1.));
#5509=CARTESIAN_POINT('',(-31.7,-22.6,-1.));
#5510=CARTESIAN_POINT('',(-31.7,-22.6,-1.));
#5511=CARTESIAN_POINT('',(-31.7,-22.6,-1.));
#5512=CARTESIAN_POINT('Origin',(0.,-22.6,0.));
#5513=CARTESIAN_POINT('',(-31.7,-22.6,1.));
#5514=CARTESIAN_POINT('Origin',(-31.7,-24.1,-1.));
#5515=CARTESIAN_POINT('',(-31.7,-23.3,1.));
#5516=CARTESIAN_POINT('Origin',(-31.,-23.3,-1.));
#5517=CARTESIAN_POINT('',(-31.,-23.3,1.));
#5518=CARTESIAN_POINT('Origin',(-31.,-22.6,1.));
#5519=CARTESIAN_POINT('Origin',(-35.2238310995,-23.85,9.045235337506));
#5520=CARTESIAN_POINT('',(-35.4738052675852,-23.8534905240823,-8.81080426646357));
#5521=CARTESIAN_POINT('',(-35.47380614533,-23.85349053691,-8.810804019377));
#5522=CARTESIAN_POINT('Origin',(-35.22382900851,-23.85000020942,-8.81080557375));
#5523=CARTESIAN_POINT('Origin',(-33.47402522568,-23.84997572029,-8.810813234353));
#5524=CARTESIAN_POINT('',(-34.8880756992175,-23.853490505702,-10.224877554015));
#5525=CARTESIAN_POINT('Origin',(-33.4739811876981,-23.8500000974778,-8.81079497071526));
#5526=CARTESIAN_POINT('Origin',(-34.71131751432,-23.84999906314,-10.04811718691));
#5527=CARTESIAN_POINT('Origin',(-34.87708590383,-23.85,-9.882352291573));
#5528=CARTESIAN_POINT('',(-33.4748794917966,-23.8534905184326,-11.638075564393));
#5529=CARTESIAN_POINT('',(-33.47488149883,-23.85349053514,-11.63807479744));
#5530=CARTESIAN_POINT('Origin',(-33.298117689,-23.85000020252,-11.46131755213));
#5531=CARTESIAN_POINT('Origin',(-32.06081414793,-23.84997570368,-10.22402484604));
#5532=CARTESIAN_POINT('',(-32.0608043604019,-23.8534905067308,-12.2238039987967));
#5533=CARTESIAN_POINT('Origin',(-32.060795922696,-23.8500001073052,-10.2239807924565));
#5534=CARTESIAN_POINT('Origin',(-32.06080590294,-23.84999906433,-11.97382863311));
#5535=CARTESIAN_POINT('Origin',(-32.29523533751,-23.85,-11.9738310995));
#5536=CARTESIAN_POINT('',(-25.25,-24.05304325234,-12.11968526529));
#5537=CARTESIAN_POINT('Origin',(-25.25,-23.85,-11.9738310995));
#5538=CARTESIAN_POINT('',(-25.75,-24.05304325234,-12.11968526529));
#5539=CARTESIAN_POINT('',(-25.75,-24.05304325234,-12.11968526529));
#5540=CARTESIAN_POINT('Origin',(-25.75,-23.85,-11.9738310995));
#5541=CARTESIAN_POINT('',(-20.09798789903,-23.85349054508,-12.2238067305));
#5542=CARTESIAN_POINT('',(-20.09798789903,-23.85349054508,-12.2238067305));
#5543=CARTESIAN_POINT('',(-20.03868787289,-24.09957151954,-11.98846177388));
#5544=CARTESIAN_POINT('Ctrl Pts',(-20.0386878728921,-24.0995715195434,-11.9884617738801));
#5545=CARTESIAN_POINT('Ctrl Pts',(-20.0391510912633,-24.0984134736132,-12.0082158381822));
#5546=CARTESIAN_POINT('Ctrl Pts',(-20.038399706072,-24.0947614675261,-12.0287766174986));
#5547=CARTESIAN_POINT('Ctrl Pts',(-20.0353743530611,-24.0808841850456,-12.0731174728517));
#5548=CARTESIAN_POINT('Ctrl Pts',(-20.0327336091715,-24.069182724024,-12.0964432415579));
#5549=CARTESIAN_POINT('Ctrl Pts',(-20.0296083124734,-24.0424079260182,-12.1351097466097));
#5550=CARTESIAN_POINT('Ctrl Pts',(-20.0287680977367,-24.0253349142473,-12.15372535026));
#5551=CARTESIAN_POINT('Ctrl Pts',(-20.0331747693734,-23.9869380949355,-12.1844308534778));
#5552=CARTESIAN_POINT('Ctrl Pts',(-20.0387299759151,-23.9656555253468,-12.1965272841));
#5553=CARTESIAN_POINT('Ctrl Pts',(-20.0564317095762,-23.9214011911942,-12.2148486906525));
#5554=CARTESIAN_POINT('Ctrl Pts',(-20.0708563629976,-23.8955765448478,-12.2209398111088));
#5555=CARTESIAN_POINT('Ctrl Pts',(-20.0905984007325,-23.8646485328469,-12.223467437028));
#5556=CARTESIAN_POINT('Ctrl Pts',(-20.0942760287306,-23.8590502780908,-12.2237290969403));
#5557=CARTESIAN_POINT('Ctrl Pts',(-20.0979878990219,-23.8534905450746,-12.2238067305025));
#5558=CARTESIAN_POINT('Origin',(-20.1545379465088,-23.8100084546977,-11.9726599542657));
#5559=CARTESIAN_POINT('Origin',(-25.25,-24.1,-12.11968526529));
#5560=CARTESIAN_POINT('',(-25.25,-24.,-9.));
#5561=CARTESIAN_POINT('',(-25.25,-24.,-9.));
#5562=CARTESIAN_POINT('',(-25.25,-24.,-12.11968526529));
#5563=CARTESIAN_POINT('',(-25.25,-24.,-9.));
#5564=CARTESIAN_POINT('',(-25.25,-24.,-12.11968526529));
#5565=CARTESIAN_POINT('Origin',(-25.75,-24.1,-12.11968526529));
#5566=CARTESIAN_POINT('',(-25.75,-24.,-12.11968526529));
#5567=CARTESIAN_POINT('',(-25.25,-24.,-12.11968526529));
#5568=CARTESIAN_POINT('',(-25.75,-24.,-12.11968526529));
#5569=CARTESIAN_POINT('Origin',(-25.75,-24.1,-9.));
#5570=CARTESIAN_POINT('',(-25.75,-24.,-9.));
#5571=CARTESIAN_POINT('',(-25.75,-24.,-12.11968526529));
#5572=CARTESIAN_POINT('',(-25.75,-24.,-9.));
#5573=CARTESIAN_POINT('Origin',(-25.25,-24.1,-9.));
#5574=CARTESIAN_POINT('',(-25.75,-24.,-9.));
#5575=CARTESIAN_POINT('Origin',(0.,-24.,0.));
#5576=CARTESIAN_POINT('Origin',(-19.66423834544,-25.03569533818,-11.03035421759));
#5577=CARTESIAN_POINT('',(-19.50137741309,-25.44284766907,-11.4323420419));
#5578=CARTESIAN_POINT('',(-19.50137741309,-25.44284766907,-11.4323420419));
#5579=CARTESIAN_POINT('',(-19.5013774200717,-25.4428476524435,-9.64769051327942));
#5580=CARTESIAN_POINT('',(-19.50137741309,-25.44284766907,-11.4323420419));
#5581=CARTESIAN_POINT('Origin',(-16.9780782182413,-31.7511268965869,111.077816397071));
#5582=CARTESIAN_POINT('Origin',(-49.91883031559,51.27393018808,-43.15484343095));
#5583=CARTESIAN_POINT('',(-19.80745145457,-24.10014621397,-12.22036254384));
#5584=CARTESIAN_POINT('Origin',(-20.0397512452756,-23.4237674876931,-12.229807186223));
#5585=CARTESIAN_POINT('',(-19.26925824036,-25.44562925054,-11.66332915504));
#5586=CARTESIAN_POINT('',(-19.80745145482,-24.10014621405,-12.22036254383));
#5587=CARTESIAN_POINT('Origin',(-19.26925824036,-25.35,-11.43234204189));
#5588=CARTESIAN_POINT('Origin',(11.47799999808,-14.1,-12.36));
#5589=CARTESIAN_POINT('',(-32.11721711887,-14.1,-12.36));
#5590=CARTESIAN_POINT('',(-32.11721711887,-14.1,-12.36));
#5591=CARTESIAN_POINT('',(7.610194951981,-14.1,-12.36));
#5592=CARTESIAN_POINT('',(-32.11721711887,-14.1,-12.36));
#5593=CARTESIAN_POINT('',(7.47055753581344,-24.100146214214,-12.2203625438414));
#5594=CARTESIAN_POINT('',(7.470557536514,-24.10014621408,-12.22036254386));
#5595=CARTESIAN_POINT('',(-19.80745145482,-24.10014621405,-12.22036254383));
#5596=CARTESIAN_POINT('Origin',(-5.714721252088,-24.85007310849,-11.90989090797));
#5597=CARTESIAN_POINT('',(6.226981265017,-25.44562925054,-11.66332915504));
#5598=CARTESIAN_POINT('',(-16.20059163231,-25.44562925054,-11.66332915504));
#5599=CARTESIAN_POINT('',(6.226981265017,-25.44562925054,-11.66332915504));
#5600=CARTESIAN_POINT('',(-16.22453921497,-25.35,-11.70291990725));
#5601=CARTESIAN_POINT('Ctrl Pts',(-16.2245392149728,-25.3500000000004,-11.7029199072468));
#5602=CARTESIAN_POINT('Ctrl Pts',(-16.218991214367,-25.3589970811836,-11.6991950928236));
#5603=CARTESIAN_POINT('Ctrl Pts',(-16.2142615486245,-25.3682553660447,-11.6953621394153));
#5604=CARTESIAN_POINT('Ctrl Pts',(-16.2055535400591,-25.389484464767,-11.6865732387148));
#5605=CARTESIAN_POINT('Ctrl Pts',(-16.2014693927527,-25.4048566009937,-11.6802091353387));
#5606=CARTESIAN_POINT('Ctrl Pts',(-16.1993425216597,-25.4265721226774,-11.6712188542987));
#5607=CARTESIAN_POINT('Ctrl Pts',(-16.1993852749887,-25.4364616389205,-11.6671245694978));
#5608=CARTESIAN_POINT('Ctrl Pts',(-16.2005916323146,-25.44562925054,-11.6633291550415));
#5609=CARTESIAN_POINT('',(-18.17546078503,-25.35,-11.70291990725));
#5610=CARTESIAN_POINT('Origin',(-17.2,-28.8594468805084,-10.25));
#5611=CARTESIAN_POINT('',(-18.19940836769,-25.44562925054,-11.66332915504));
#5612=CARTESIAN_POINT('Ctrl Pts',(-18.1994083676854,-25.44562925054,-11.6633291550415));
#5613=CARTESIAN_POINT('Ctrl Pts',(-18.2006147250113,-25.4364616389205,-11.6671245694978));
#5614=CARTESIAN_POINT('Ctrl Pts',(-18.2006574783403,-25.4265721226774,-11.6712188542987));
#5615=CARTESIAN_POINT('Ctrl Pts',(-18.1985306072473,-25.4048566009937,-11.6802091353387));
#5616=CARTESIAN_POINT('Ctrl Pts',(-18.1944464599409,-25.389484464767,-11.6865732387148));
#5617=CARTESIAN_POINT('Ctrl Pts',(-18.1857384513754,-25.3682553660447,-11.6953621394153));
#5618=CARTESIAN_POINT('Ctrl Pts',(-18.181008785633,-25.3589970811836,-11.6991950928236));
#5619=CARTESIAN_POINT('Ctrl Pts',(-18.1754607850272,-25.3500000000004,-11.7029199072468));
#5620=CARTESIAN_POINT('',(-18.19940836769,-25.44562925054,-11.66332915504));
#5621=CARTESIAN_POINT('',(7.4705575547018,-24.6661256742718,-11.9860456115766));
#5622=CARTESIAN_POINT('',(7.470557536514,-24.10014621408,-12.22036254386));
#5623=CARTESIAN_POINT('',(6.24439247196,-25.4,-11.68221978046));
#5624=CARTESIAN_POINT('Origin',(7.25076736249733,-28.8665622607502,-10.2470665743529));
#5625=CARTESIAN_POINT('Origin',(6.52627807547989,-25.4188205937462,-11.6744687272889));
#5626=CARTESIAN_POINT('Origin',(-94.55907776703,-25.35,-11.43234204189));
#5627=CARTESIAN_POINT('',(-16.27692508648,-25.6,-11.43234204189));
#5628=CARTESIAN_POINT('',(6.247718953597,-25.6,-11.43234204189));
#5629=CARTESIAN_POINT('',(-16.27692508648,-25.6,-11.43234204189));
#5630=CARTESIAN_POINT('Ctrl Pts',(-16.2769250864749,-25.6,-11.43234204189));
#5631=CARTESIAN_POINT('Ctrl Pts',(-16.2766636238706,-25.6,-11.4331018200244));
#5632=CARTESIAN_POINT('Ctrl Pts',(-16.2764022614002,-25.5999965364232,-11.4338616300014));
#5633=CARTESIAN_POINT('Ctrl Pts',(-16.2761410069414,-25.5999896083982,-11.4346214481489));
#5634=CARTESIAN_POINT('Ctrl Pts',(-16.2700264498162,-25.5998274607188,-11.4524046909257));
#5635=CARTESIAN_POINT('Ctrl Pts',(-16.2639829125366,-25.5977678906298,-11.4701597138309));
#5636=CARTESIAN_POINT('Ctrl Pts',(-16.2581072732401,-25.5938208027837,-11.487581666526));
#5637=CARTESIAN_POINT('Ctrl Pts',(-16.252266844686,-25.5898973685157,-11.5048992152819));
#5638=CARTESIAN_POINT('Ctrl Pts',(-16.2466149584833,-25.5841241502873,-11.5218201291301));
#5639=CARTESIAN_POINT('Ctrl Pts',(-16.2412401625073,-25.5765555801946,-11.5380424159797));
#5640=CARTESIAN_POINT('Ctrl Pts',(-16.2348918286773,-25.5676161135099,-11.5572030488424));
#5641=CARTESIAN_POINT('Ctrl Pts',(-16.2289817087978,-25.5562468454676,-11.5752287664633));
#5642=CARTESIAN_POINT('Ctrl Pts',(-16.2236375359396,-25.5426630112115,-11.5916560843059));
#5643=CARTESIAN_POINT('Ctrl Pts',(-16.2208753050678,-25.5356419646745,-11.6001468359508));
#5644=CARTESIAN_POINT('Ctrl Pts',(-16.2182642682576,-25.5280293313972,-11.6082101159872));
#5645=CARTESIAN_POINT('Ctrl Pts',(-16.2158220632024,-25.5198580313019,-11.6157766329633));
#5646=CARTESIAN_POINT('Ctrl Pts',(-16.2109455138051,-25.5035417320343,-11.630885312605));
#5647=CARTESIAN_POINT('Ctrl Pts',(-16.2068085411227,-25.485217214855,-11.6438100109248));
#5648=CARTESIAN_POINT('Ctrl Pts',(-16.2035129410116,-25.4653305910128,-11.6541501904703));
#5649=CARTESIAN_POINT('Ctrl Pts',(-16.2024506090603,-25.4589201664468,-11.6574833324607));
#5650=CARTESIAN_POINT('Ctrl Pts',(-16.2014757029502,-25.452347671426,-11.6605477117574));
#5651=CARTESIAN_POINT('Ctrl Pts',(-16.2005916323118,-25.4456292505396,-11.6633291550397));
#5652=CARTESIAN_POINT('Ctrl Pts',(6.22698126501679,-25.4456292505399,-11.6633291550399));
#5653=CARTESIAN_POINT('Ctrl Pts',(6.2246371869711,-25.4592322680154,-11.6576974713129));
#5654=CARTESIAN_POINT('Ctrl Pts',(6.2230099949171,-25.4724753353264,-11.6508011862036));
#5655=CARTESIAN_POINT('Ctrl Pts',(6.22201978432389,-25.485110981572,-11.6426848216197));
#5656=CARTESIAN_POINT('Ctrl Pts',(6.22144587540289,-25.4924343834349,-11.637980717187));
#5657=CARTESIAN_POINT('Ctrl Pts',(6.22108609955532,-25.4995535987441,-11.6328674782661));
#5658=CARTESIAN_POINT('Ctrl Pts',(6.22092555343037,-25.5064199820524,-11.6273609352283));
#5659=CARTESIAN_POINT('Ctrl Pts',(6.2206818206561,-25.5168441679583,-11.6190011880735));
#5660=CARTESIAN_POINT('Ctrl Pts',(6.22089754439259,-25.5266869816414,-11.6097292051906));
#5661=CARTESIAN_POINT('Ctrl Pts',(6.22151572759909,-25.5357618059325,-11.5996533041683));
#5662=CARTESIAN_POINT('Ctrl Pts',(6.22200730692315,-25.5429781067704,-11.5916409470519));
#5663=CARTESIAN_POINT('Ctrl Pts',(6.22275325077648,-25.5497089862477,-11.5831214743135));
#5664=CARTESIAN_POINT('Ctrl Pts',(6.22372403411121,-25.5558748580177,-11.5741703140618));
#5665=CARTESIAN_POINT('Ctrl Pts',(6.22534584849415,-25.5661757142049,-11.5592162868129));
#5666=CARTESIAN_POINT('Ctrl Pts',(6.227595268289,-25.5749045237916,-11.5430546011932));
#5667=CARTESIAN_POINT('Ctrl Pts',(6.23033026017698,-25.5818087413091,-11.5259599078844));
#5668=CARTESIAN_POINT('Ctrl Pts',(6.23129111250186,-25.5842343183218,-11.5199542316405));
#5669=CARTESIAN_POINT('Ctrl Pts',(6.23231188587646,-25.586434743575,-11.5138338494734));
#5670=CARTESIAN_POINT('Ctrl Pts',(6.23338639650816,-25.5883992826543,-11.5076123066573));
#5671=CARTESIAN_POINT('Ctrl Pts',(6.23593914621238,-25.5930665017638,-11.4928315859135));
#5672=CARTESIAN_POINT('Ctrl Pts',(6.23879529854419,-25.5963988409263,-11.4774787621917));
#5673=CARTESIAN_POINT('Ctrl Pts',(6.24184825219748,-25.5982595184624,-11.4617920623276));
#5674=CARTESIAN_POINT('Ctrl Pts',(6.24373817442361,-25.5994113655687,-11.4520812556483));
#5675=CARTESIAN_POINT('Ctrl Pts',(6.24570349375756,-25.6,-11.4422433072825));
#5676=CARTESIAN_POINT('Ctrl Pts',(6.247718953597,-25.6,-11.43234204189));
#5677=CARTESIAN_POINT('Origin',(0.,-25.6,0.));
#5678=CARTESIAN_POINT('',(8.71575748818,-25.6,-9.745961325052));
#5679=CARTESIAN_POINT('Origin',(7.25,-25.6,-10.25));
#5680=CARTESIAN_POINT('',(8.71575748818,-25.6,9.745961325052));
#5681=CARTESIAN_POINT('',(8.71575748818,-25.6,-9.745961325051));
#5682=CARTESIAN_POINT('',(6.247718953597,-25.6,11.43234204189));
#5683=CARTESIAN_POINT('Origin',(7.25,-25.6,10.25));
#5684=CARTESIAN_POINT('',(-16.27692508647,-25.6,11.43234204189));
#5685=CARTESIAN_POINT('',(6.247718953597,-25.6,11.43234204189));
#5686=CARTESIAN_POINT('',(-18.12307491352,-25.6,11.43234204189));
#5687=CARTESIAN_POINT('Origin',(-17.2,-25.6,10.25));
#5688=CARTESIAN_POINT('',(-19.26925824036,-25.6,11.43234204189));
#5689=CARTESIAN_POINT('',(-18.12307491352,-25.6,11.43234204189));
#5690=CARTESIAN_POINT('',(-19.2692585563309,-25.5999999999998,9.64769152996614));
#5691=CARTESIAN_POINT('',(-19.26925824036,-25.6,11.43234204189));
#5692=CARTESIAN_POINT('',(-16.17208000201,-25.6,6.700000001727));
#5693=CARTESIAN_POINT('Origin',(-25.5,-25.6,0.));
#5694=CARTESIAN_POINT('',(-14.55,-25.6,6.699999999974));
#5695=CARTESIAN_POINT('',(-16.17208000201,-25.6,6.700000001727));
#5696=CARTESIAN_POINT('',(-14.55,-25.6,10.7));
#5697=CARTESIAN_POINT('',(-14.55,-25.6,6.699999999974));
#5698=CARTESIAN_POINT('',(-8.175,-25.6,10.7));
#5699=CARTESIAN_POINT('',(-8.175,-25.6,10.7));
#5700=CARTESIAN_POINT('',(-8.174999999998,-25.6,9.06673901958));
#5701=CARTESIAN_POINT('',(-8.175,-25.6,10.7));
#5702=CARTESIAN_POINT('',(-7.898255832545,-25.6,9.242286694057));
#5703=CARTESIAN_POINT('Origin',(-7.85484378812587,-25.6,9.03920137167957));
#5704=CARTESIAN_POINT('',(4.006123771775,-25.6,9.242286694054));
#5705=CARTESIAN_POINT('',(4.006123771775,-25.6,9.242286694056));
#5706=CARTESIAN_POINT('',(4.203085322377,-25.6,9.045325143454));
#5707=CARTESIAN_POINT('Origin',(4.00000000000118,-25.6,9.03920137167718));
#5708=CARTESIAN_POINT('',(4.203085322377,-25.6,-9.045325143455));
#5709=CARTESIAN_POINT('',(4.203085322377,-25.6,-9.045325143455));
#5710=CARTESIAN_POINT('',(4.006123771774,-25.6,-9.242286694057));
#5711=CARTESIAN_POINT('Origin',(4.0000000000002,-25.6,-9.03920137168021));
#5712=CARTESIAN_POINT('',(-7.898255832545,-25.6,-9.242286694058));
#5713=CARTESIAN_POINT('',(-7.898255832545,-25.6,-9.242286694058));
#5714=CARTESIAN_POINT('',(-8.175000000002,-25.6,-9.06673901958));
#5715=CARTESIAN_POINT('Origin',(-7.85484378814087,-25.6,-9.03920137168086));
#5716=CARTESIAN_POINT('',(-8.175,-25.6,-10.7));
#5717=CARTESIAN_POINT('',(-8.175000000002,-25.6,-9.06673901958));
#5718=CARTESIAN_POINT('',(-14.55,-25.6,-10.7));
#5719=CARTESIAN_POINT('',(-14.55,-25.6,-10.7));
#5720=CARTESIAN_POINT('',(-14.55,-25.6,-6.699999999981));
#5721=CARTESIAN_POINT('',(-14.55,-25.6,-10.7));
#5722=CARTESIAN_POINT('',(-16.1720800011982,-25.5999999999994,-6.70000000047848));
#5723=CARTESIAN_POINT('',(-14.55,-25.6,-6.699999999981));
#5724=CARTESIAN_POINT('',(-19.2692566469996,-25.5999999999915,-9.64769033373625));
#5725=CARTESIAN_POINT('Origin',(-25.5,-25.6,0.));
#5726=CARTESIAN_POINT('',(-19.26925824036,-25.6,-11.43234204189));
#5727=CARTESIAN_POINT('',(-19.26925824036,-25.6,-9.647691965643));
#5728=CARTESIAN_POINT('',(-18.12307491353,-25.6,-11.43234204189));
#5729=CARTESIAN_POINT('',(-19.26925824036,-25.6,-11.43234204189));
#5730=CARTESIAN_POINT('Origin',(-17.2,-25.6,-10.25));
#5731=CARTESIAN_POINT('',(7.25,-25.6,11.25));
#5732=CARTESIAN_POINT('Origin',(7.25,-25.6,10.25));
#5733=CARTESIAN_POINT('',(7.25,-25.6,-9.249999999998));
#5734=CARTESIAN_POINT('Origin',(7.25,-25.6,-10.25));
#5735=CARTESIAN_POINT('',(-17.2,-25.6,-9.249999999998));
#5736=CARTESIAN_POINT('Origin',(-17.2,-25.6,-10.25));
#5737=CARTESIAN_POINT('',(-17.2,-25.6,11.25));
#5738=CARTESIAN_POINT('Origin',(-17.2,-25.6,10.25));
#5739=CARTESIAN_POINT('Origin',(7.25,-25.4,-10.25));
#5740=CARTESIAN_POINT('',(8.932219780464,-25.4,-9.767675824557));
#5741=CARTESIAN_POINT('Origin',(7.25,-25.4,-10.25));
#5742=CARTESIAN_POINT('',(8.900547178697,-25.47650340044,-9.715968838717));
#5743=CARTESIAN_POINT('Ctrl Pts',(8.93221978046392,-25.4000000000012,-9.76767582455787));
#5744=CARTESIAN_POINT('Ctrl Pts',(8.93098899577231,-25.4029728916761,-9.76338317148532));
#5745=CARTESIAN_POINT('Ctrl Pts',(8.92972599705602,-25.4060235945283,-9.75928205084825));
#5746=CARTESIAN_POINT('Ctrl Pts',(8.92427223275167,-25.4191968575757,-9.74290309346997));
#5747=CARTESIAN_POINT('Ctrl Pts',(8.91856252450586,-25.4329883389174,-9.7297168473237));
#5748=CARTESIAN_POINT('Ctrl Pts',(8.90919918099885,-25.4556049721522,-9.71822750946976));
#5749=CARTESIAN_POINT('Ctrl Pts',(8.90453458756643,-25.466872037039,-9.71533983171965));
#5750=CARTESIAN_POINT('Ctrl Pts',(8.90054717869843,-25.4765034004358,-9.7159688387197));
#5751=CARTESIAN_POINT('Ctrl Pts',(8.71575748818,-25.6,-9.74596132505101));
#5752=CARTESIAN_POINT('Ctrl Pts',(8.72988414706114,-25.6,-9.74360026569787));
#5753=CARTESIAN_POINT('Ctrl Pts',(8.74399176957901,-25.5984989850406,-9.74125932785576));
#5754=CARTESIAN_POINT('Ctrl Pts',(8.7577840104457,-25.5955345450765,-9.73898500805716));
#5755=CARTESIAN_POINT('Ctrl Pts',(8.76962850986306,-25.5929887435807,-9.73703186789743));
#5756=CARTESIAN_POINT('Ctrl Pts',(8.7812403194945,-25.5893645029308,-9.73512786762894));
#5757=CARTESIAN_POINT('Ctrl Pts',(8.79243829219594,-25.5847159113193,-9.73330242327267));
#5758=CARTESIAN_POINT('Ctrl Pts',(8.80360532647959,-25.5800801631102,-9.73148202236146));
#5759=CARTESIAN_POINT('Ctrl Pts',(8.81436549227699,-25.574421801799,-9.72973970799804));
#5760=CARTESIAN_POINT('Ctrl Pts',(8.82452150766528,-25.5678406869915,-9.72810111619094));
#5761=CARTESIAN_POINT('Ctrl Pts',(8.83468344539535,-25.5612557344967,-9.72646156886139));
#5762=CARTESIAN_POINT('Ctrl Pts',(8.84423967508327,-25.5537474038397,-9.72492589479684));
#5763=CARTESIAN_POINT('Ctrl Pts',(8.85302206616262,-25.5454595335657,-9.72351969033845));
#5764=CARTESIAN_POINT('Ctrl Pts',(8.85451294017816,-25.5440526080115,-9.72328097702352));
#5765=CARTESIAN_POINT('Ctrl Pts',(8.85598159992579,-25.5426233095678,-9.72304599381402));
#5766=CARTESIAN_POINT('Ctrl Pts',(8.85742733355996,-25.5411724493065,-9.72281486456765));
#5767=CARTESIAN_POINT('Ctrl Pts',(8.86709995346816,-25.531465529916,-9.72126850409229));
#5768=CARTESIAN_POINT('Ctrl Pts',(8.87574908128388,-25.520785062452,-9.71989460964508));
#5769=CARTESIAN_POINT('Ctrl Pts',(8.88321158691017,-25.5093582013256,-9.71871141888595));
#5770=CARTESIAN_POINT('Ctrl Pts',(8.89000171517859,-25.4989609089631,-9.71763483450224));
#5771=CARTESIAN_POINT('Ctrl Pts',(8.89580975311573,-25.4879463873107,-9.71671615958431));
#5772=CARTESIAN_POINT('Ctrl Pts',(8.90054717869596,-25.4765034004396,-9.71596883871715));
#5773=CARTESIAN_POINT('Origin',(7.25,-25.6,-10.25));
#5774=CARTESIAN_POINT('',(8.99975230802751,-25.2368789520983,-10.2205575125114));
#5775=CARTESIAN_POINT('Ctrl Pts',(7.47055755408247,-24.6661256762257,-11.9860456115371));
#5776=CARTESIAN_POINT('Ctrl Pts',(7.68010826813097,-24.732009855551,-11.95942304319));
#5777=CARTESIAN_POINT('Ctrl Pts',(7.88352140484263,-24.7967364810173,-11.8949918705458));
#5778=CARTESIAN_POINT('Ctrl Pts',(8.25488610094646,-24.9230576571094,-11.6978434657416));
#5779=CARTESIAN_POINT('Ctrl Pts',(8.42130573775132,-24.9826632255365,-11.5672620351293));
#5780=CARTESIAN_POINT('Ctrl Pts',(8.71148541579642,-25.092667574437,-11.2389588194266));
#5781=CARTESIAN_POINT('Ctrl Pts',(8.8288534340838,-25.1414792563128,-11.0395214449596));
#5782=CARTESIAN_POINT('Ctrl Pts',(8.97047817873179,-25.207995206427,-10.6289131445487));
#5783=CARTESIAN_POINT('Ctrl Pts',(9.00319145883729,-25.2298592437518,-10.4249445169847));
#5784=CARTESIAN_POINT('Ctrl Pts',(8.99975230816516,-25.2368789515877,-10.2205575124915));
#5785=CARTESIAN_POINT('Origin',(7.25,-29.4633079163095,-10.25));
#5786=CARTESIAN_POINT('Origin',(9.159890908007,-24.8500731084,-8.610278747912));
#5787=CARTESIAN_POINT('',(8.900547178697,-25.47650340044,9.715968838717));
#5788=CARTESIAN_POINT('',(8.900547178697,-25.47650340044,9.715968838717));
#5789=CARTESIAN_POINT('',(9.470362543759,-24.1001462145,-10.220557527));
#5790=CARTESIAN_POINT('',(8.999752307416,-25.23687895403,-10.22055751254));
#5791=CARTESIAN_POINT('',(9.47036254365005,-24.1001462149727,10.2205575025829));
#5792=CARTESIAN_POINT('',(9.470362543759,-24.1001462145,-10.220557527));
#5793=CARTESIAN_POINT('',(8.99975230807872,-25.236878952109,10.2205575070284));
#5794=CARTESIAN_POINT('',(9.470362543586,-24.10014621528,10.22055750258));
#5795=CARTESIAN_POINT('',(8.932219780464,-25.4,9.767675824557));
#5796=CARTESIAN_POINT('Origin',(7.25,-29.4633079163095,10.25));
#5797=CARTESIAN_POINT('Ctrl Pts',(8.90054717869843,-25.4765034004358,9.7159688387197));
#5798=CARTESIAN_POINT('Ctrl Pts',(8.90453458756641,-25.4668720370391,9.71533983171888));
#5799=CARTESIAN_POINT('Ctrl Pts',(8.90919918099885,-25.4556049721522,9.71822750946976));
#5800=CARTESIAN_POINT('Ctrl Pts',(8.91856252450586,-25.4329883389174,9.7297168473237));
#5801=CARTESIAN_POINT('Ctrl Pts',(8.92427223275167,-25.4191968575757,9.74290309346997));
#5802=CARTESIAN_POINT('Ctrl Pts',(8.92972599705602,-25.4060235945283,9.75928205084826));
#5803=CARTESIAN_POINT('Ctrl Pts',(8.93098899577231,-25.4029728916761,9.76338317148532));
#5804=CARTESIAN_POINT('Ctrl Pts',(8.93221978046392,-25.4000000000012,9.76767582455787));
#5805=CARTESIAN_POINT('Origin',(8.71575748818,-25.4,-44.58557800793));
#5806=CARTESIAN_POINT('Ctrl Pts',(8.71575748818,-25.6,9.74596132505101));
#5807=CARTESIAN_POINT('Ctrl Pts',(8.72982942936907,-25.6,9.74360941094032));
#5808=CARTESIAN_POINT('Ctrl Pts',(8.74388275859166,-25.598510659284,9.74127654592438));
#5809=CARTESIAN_POINT('Ctrl Pts',(8.75762528830061,-25.5955686255846,9.73901179620389));
#5810=CARTESIAN_POINT('Ctrl Pts',(8.76952109686028,-25.5930219423753,9.73705138355201));
#5811=CARTESIAN_POINT('Ctrl Pts',(8.7811838435925,-25.5893875197356,9.73514184079689));
#5812=CARTESIAN_POINT('Ctrl Pts',(8.79242905132403,-25.5847199810661,9.73330794323466));
#5813=CARTESIAN_POINT('Ctrl Pts',(8.80358607474556,-25.580089044982,9.73148842699782));
#5814=CARTESIAN_POINT('Ctrl Pts',(8.81433671257041,-25.5744372090045,9.72974271536347));
#5815=CARTESIAN_POINT('Ctrl Pts',(8.82448530454748,-25.5678638196514,9.72810376359136));
#5816=CARTESIAN_POINT('Ctrl Pts',(8.83464320191675,-25.5612844030616,9.72646330904045));
#5817=CARTESIAN_POINT('Ctrl Pts',(8.84419708942359,-25.5537821894764,9.72492994493791));
#5818=CARTESIAN_POINT('Ctrl Pts',(8.85297829885235,-25.5455006842541,9.7235255443277));
#5819=CARTESIAN_POINT('Ctrl Pts',(8.85448166219488,-25.5440828714263,9.72328510769846));
#5820=CARTESIAN_POINT('Ctrl Pts',(8.85596246089366,-25.5426423105647,9.72304842203127));
#5821=CARTESIAN_POINT('Ctrl Pts',(8.85741995666697,-25.5411798322076,9.72281556054146));
#5822=CARTESIAN_POINT('Ctrl Pts',(8.86710062522835,-25.5314660693878,9.72126889746026));
#5823=CARTESIAN_POINT('Ctrl Pts',(8.87575605222512,-25.5207767765474,9.71989159540867));
#5824=CARTESIAN_POINT('Ctrl Pts',(8.88322344157997,-25.5093396289176,9.71870766640913));
#5825=CARTESIAN_POINT('Ctrl Pts',(8.89000812868891,-25.4989481166501,9.71763197751181));
#5826=CARTESIAN_POINT('Ctrl Pts',(8.89581241237078,-25.4879399640298,9.71671574009147));
#5827=CARTESIAN_POINT('Ctrl Pts',(8.90054717869642,-25.4765034004398,9.71596883871732));
#5828=CARTESIAN_POINT('Origin',(7.25,-25.4,10.25));
#5829=CARTESIAN_POINT('',(6.244392471959,-25.4,11.68221978046));
#5830=CARTESIAN_POINT('Origin',(7.25,-25.4,10.25));
#5831=CARTESIAN_POINT('',(6.226981265017,-25.44562925054,11.66332915504));
#5832=CARTESIAN_POINT('Origin',(6.52002716174047,-25.4194647445078,11.6741645894063));
#5833=CARTESIAN_POINT('Ctrl Pts',(6.2269812650168,-25.4456292505399,11.6633291550399));
#5834=CARTESIAN_POINT('Ctrl Pts',(6.22468466593547,-25.4589567408495,11.6578115402583));
#5835=CARTESIAN_POINT('Ctrl Pts',(6.2230847527143,-25.4718900624781,11.6510996610531));
#5836=CARTESIAN_POINT('Ctrl Pts',(6.22209237565976,-25.4842002809739,11.6432671744679));
#5837=CARTESIAN_POINT('Ctrl Pts',(6.22145810466589,-25.4920682727662,11.6382610943412));
#5838=CARTESIAN_POINT('Ctrl Pts',(6.22107218777379,-25.4996818244817,11.6327980446901));
#5839=CARTESIAN_POINT('Ctrl Pts',(6.22091213807761,-25.506983803712,11.6269069341048));
#5840=CARTESIAN_POINT('Ctrl Pts',(6.22065776512117,-25.5185891118693,11.6175439721496));
#5841=CARTESIAN_POINT('Ctrl Pts',(6.22097395689075,-25.5294094506334,11.6070948501029));
#5842=CARTESIAN_POINT('Ctrl Pts',(6.2217740254809,-25.5392389601568,11.5957089808172));
#5843=CARTESIAN_POINT('Ctrl Pts',(6.22226496771286,-25.5452705946989,11.5887223247371));
#5844=CARTESIAN_POINT('Ctrl Pts',(6.22293809678628,-25.5509295833554,11.5813838778296));
#5845=CARTESIAN_POINT('Ctrl Pts',(6.22377324587703,-25.5561741030606,11.573736343119));
#5846=CARTESIAN_POINT('Ctrl Pts',(6.22538271700361,-25.5662811643408,11.5589982724648));
#5847=CARTESIAN_POINT('Ctrl Pts',(6.22759367452746,-25.5748526294298,11.5431152254045));
#5848=CARTESIAN_POINT('Ctrl Pts',(6.2302808017829,-25.581673661834,11.5262967834196));
#5849=CARTESIAN_POINT('Ctrl Pts',(6.23126031684785,-25.5841600732925,11.5201661034305));
#5850=CARTESIAN_POINT('Ctrl Pts',(6.23230311149199,-25.5864134673706,11.5139113398148));
#5851=CARTESIAN_POINT('Ctrl Pts',(6.23340311132926,-25.5884219836522,11.5075438448605));
#5852=CARTESIAN_POINT('Ctrl Pts',(6.23583982054237,-25.5928712298814,11.4934386303926));
#5853=CARTESIAN_POINT('Ctrl Pts',(6.23855730678776,-25.5961147610059,11.4787798552186));
#5854=CARTESIAN_POINT('Ctrl Pts',(6.24146387128118,-25.5980156035898,11.4637818260295));
#5855=CARTESIAN_POINT('Ctrl Pts',(6.2434689442864,-25.5993268864327,11.4534355414291));
#5856=CARTESIAN_POINT('Ctrl Pts',(6.24556397827793,-25.6,11.4429286991561));
#5857=CARTESIAN_POINT('Ctrl Pts',(6.247718953597,-25.6,11.43234204189));
#5858=CARTESIAN_POINT('Origin',(7.25,-25.6,10.25));
#5859=CARTESIAN_POINT('',(7.47055755184479,-24.6661256734631,11.9860456119333));
#5860=CARTESIAN_POINT('Ctrl Pts',(8.99975230807305,-25.2368789517828,10.2205575070173));
#5861=CARTESIAN_POINT('Ctrl Pts',(9.00319201223159,-25.2298689777034,10.4249773669124));
#5862=CARTESIAN_POINT('Ctrl Pts',(8.97046504751678,-25.2079836583795,10.6289944951624));
#5863=CARTESIAN_POINT('Ctrl Pts',(8.82879692281847,-25.1414564283611,11.0396358444643));
#5864=CARTESIAN_POINT('Ctrl Pts',(8.71141376137295,-25.0926362591599,11.2390627314537));
#5865=CARTESIAN_POINT('Ctrl Pts',(8.42122823171269,-24.9826357176243,11.5673284418804));
#5866=CARTESIAN_POINT('Ctrl Pts',(8.25481534505139,-24.9230327446855,11.6978896333204));
#5867=CARTESIAN_POINT('Ctrl Pts',(7.88348079058182,-24.7967243433204,11.895004696469));
#5868=CARTESIAN_POINT('Ctrl Pts',(7.68008902280595,-24.7319983791967,11.9594254885776));
#5869=CARTESIAN_POINT('Ctrl Pts',(7.47055755125241,-24.6661256753326,11.9860456118966));
#5870=CARTESIAN_POINT('Origin',(7.25076517540182,-28.8665490283125,10.247072175213));
#5871=CARTESIAN_POINT('Origin',(-5.714721252088,-24.8500731086,11.90989090792));
#5872=CARTESIAN_POINT('',(7.470557536319,-24.10014621408,12.22036254386));
#5873=CARTESIAN_POINT('',(7.47055755233,-24.66612567174,11.98604561278));
#5874=CARTESIAN_POINT('',(-19.80745145484,-24.10014621405,12.22036254383));
#5875=CARTESIAN_POINT('',(-19.80745145484,-24.10014621405,12.22036254383));
#5876=CARTESIAN_POINT('',(-19.26925824036,-25.44562925054,11.66332915504));
#5877=CARTESIAN_POINT('',(-19.26925824036,-25.44562925054,11.66332915504));
#5878=CARTESIAN_POINT('',(-18.19940836769,-25.44562925054,11.66332915504));
#5879=CARTESIAN_POINT('',(-19.26925824036,-25.44562925054,11.66332915504));
#5880=CARTESIAN_POINT('',(-18.17546078503,-25.35,11.70291990724));
#5881=CARTESIAN_POINT('Ctrl Pts',(-18.1754607850331,-25.3499999999993,11.7029199072429));
#5882=CARTESIAN_POINT('Ctrl Pts',(-18.1810087856388,-25.3589970811822,11.6991950928197));
#5883=CARTESIAN_POINT('Ctrl Pts',(-18.1857384513811,-25.3682553660429,11.6953621394116));
#5884=CARTESIAN_POINT('Ctrl Pts',(-18.1944464599468,-25.3894844647651,11.6865732387112));
#5885=CARTESIAN_POINT('Ctrl Pts',(-18.1985306072534,-25.404856600992,11.6802091353349));
#5886=CARTESIAN_POINT('Ctrl Pts',(-18.2006574783466,-25.4265721226761,11.6712188542948));
#5887=CARTESIAN_POINT('Ctrl Pts',(-18.2006147250177,-25.4364616389194,11.6671245694938));
#5888=CARTESIAN_POINT('Ctrl Pts',(-18.1994083676918,-25.4456292505392,11.6633291550374));
#5889=CARTESIAN_POINT('',(-16.22453921497,-25.35,11.70291990725));
#5890=CARTESIAN_POINT('Origin',(-17.2,-28.8594468804976,10.25));
#5891=CARTESIAN_POINT('',(-16.20059163231,-25.44562925054,11.66332915504));
#5892=CARTESIAN_POINT('Ctrl Pts',(-16.2005916323082,-25.4456292505391,11.6633291550374));
#5893=CARTESIAN_POINT('Ctrl Pts',(-16.1993852749823,-25.4364616389194,11.6671245694938));
#5894=CARTESIAN_POINT('Ctrl Pts',(-16.1993425216534,-25.4265721226761,11.6712188542948));
#5895=CARTESIAN_POINT('Ctrl Pts',(-16.2014693927466,-25.404856600992,11.6802091353349));
#5896=CARTESIAN_POINT('Ctrl Pts',(-16.2055535400532,-25.3894844647651,11.6865732387112));
#5897=CARTESIAN_POINT('Ctrl Pts',(-16.2142615486192,-25.3682553660421,11.695362139412));
#5898=CARTESIAN_POINT('Ctrl Pts',(-16.2189912143621,-25.3589970811803,11.6991950928205));
#5899=CARTESIAN_POINT('Ctrl Pts',(-16.2245392149685,-25.3499999999966,11.702919907244));
#5900=CARTESIAN_POINT('',(-16.20059163231,-25.44562925054,11.66332915504));
#5901=CARTESIAN_POINT('Origin',(68.55920810255,-25.35,11.43234204189));
#5902=CARTESIAN_POINT('Ctrl Pts',(-16.2769250864744,-25.6,11.4323420418915));
#5903=CARTESIAN_POINT('Ctrl Pts',(-16.2766636238701,-25.6,11.4331018200259));
#5904=CARTESIAN_POINT('Ctrl Pts',(-16.2764022614002,-25.5999965364232,11.4338616300014));
#5905=CARTESIAN_POINT('Ctrl Pts',(-16.2761410069414,-25.5999896083982,11.4346214481489));
#5906=CARTESIAN_POINT('Ctrl Pts',(-16.2700264498162,-25.5998274607188,11.4524046909256));
#5907=CARTESIAN_POINT('Ctrl Pts',(-16.2639829125366,-25.5977678906298,11.4701597138309));
#5908=CARTESIAN_POINT('Ctrl Pts',(-16.2581072732401,-25.5938208027837,11.487581666526));
#5909=CARTESIAN_POINT('Ctrl Pts',(-16.252266844686,-25.5898973685156,11.504899215282));
#5910=CARTESIAN_POINT('Ctrl Pts',(-16.2466149584833,-25.5841241502872,11.5218201291301));
#5911=CARTESIAN_POINT('Ctrl Pts',(-16.2412401625073,-25.5765555801946,11.5380424159797));
#5912=CARTESIAN_POINT('Ctrl Pts',(-16.2348918286774,-25.5676161135101,11.557203048842));
#5913=CARTESIAN_POINT('Ctrl Pts',(-16.2289817087981,-25.5562468454681,11.5752287664625));
#5914=CARTESIAN_POINT('Ctrl Pts',(-16.2236375359399,-25.5426630112125,11.5916560843048));
#5915=CARTESIAN_POINT('Ctrl Pts',(-16.220875305068,-25.5356419646751,11.6001468359501));
#5916=CARTESIAN_POINT('Ctrl Pts',(-16.2182642682577,-25.5280293313975,11.6082101159869));
#5917=CARTESIAN_POINT('Ctrl Pts',(-16.2158220632024,-25.5198580313019,11.6157766329634));
#5918=CARTESIAN_POINT('Ctrl Pts',(-16.2109455138051,-25.5035417320341,11.6308853126052));
#5919=CARTESIAN_POINT('Ctrl Pts',(-16.2068085411226,-25.4852172148547,11.6438100109251));
#5920=CARTESIAN_POINT('Ctrl Pts',(-16.2035129410115,-25.4653305910123,11.6541501904706));
#5921=CARTESIAN_POINT('Ctrl Pts',(-16.2024506090602,-25.4589201664465,11.6574833324609));
#5922=CARTESIAN_POINT('Ctrl Pts',(-16.2014757029502,-25.4523476714258,11.6605477117575));
#5923=CARTESIAN_POINT('Ctrl Pts',(-16.2005916323118,-25.4456292505396,11.6633291550397));
#5924=CARTESIAN_POINT('Origin',(-17.2,-25.35,10.25));
#5925=CARTESIAN_POINT('Origin',(-17.2,-25.35,10.25));
#5926=CARTESIAN_POINT('Ctrl Pts',(-18.1230749135251,-25.6,11.43234204189));
#5927=CARTESIAN_POINT('Ctrl Pts',(-18.1233363761294,-25.6,11.4331018200244));
#5928=CARTESIAN_POINT('Ctrl Pts',(-18.1235977385998,-25.5999965364232,11.4338616300014));
#5929=CARTESIAN_POINT('Ctrl Pts',(-18.1238589930586,-25.5999896083982,11.4346214481489));
#5930=CARTESIAN_POINT('Ctrl Pts',(-18.1299735501838,-25.5998274607188,11.4524046909257));
#5931=CARTESIAN_POINT('Ctrl Pts',(-18.1360170874634,-25.5977678906298,11.4701597138309));
#5932=CARTESIAN_POINT('Ctrl Pts',(-18.1418927267599,-25.5938208027837,11.487581666526));
#5933=CARTESIAN_POINT('Ctrl Pts',(-18.147733155314,-25.5898973685157,11.5048992152819));
#5934=CARTESIAN_POINT('Ctrl Pts',(-18.1533850415167,-25.5841241502872,11.5218201291301));
#5935=CARTESIAN_POINT('Ctrl Pts',(-18.1587598374927,-25.5765555801946,11.5380424159797));
#5936=CARTESIAN_POINT('Ctrl Pts',(-18.1651081713226,-25.5676161135101,11.5572030488419));
#5937=CARTESIAN_POINT('Ctrl Pts',(-18.1710182912019,-25.5562468454681,11.5752287664623));
#5938=CARTESIAN_POINT('Ctrl Pts',(-18.17636246406,-25.5426630112126,11.5916560843047));
#5939=CARTESIAN_POINT('Ctrl Pts',(-18.179124694932,-25.5356419646752,11.60014683595));
#5940=CARTESIAN_POINT('Ctrl Pts',(-18.1817357317423,-25.5280293313976,11.6082101159869));
#5941=CARTESIAN_POINT('Ctrl Pts',(-18.1841779367977,-25.5198580313019,11.6157766329634));
#5942=CARTESIAN_POINT('Ctrl Pts',(-18.1890544861949,-25.5035417320341,11.6308853126052));
#5943=CARTESIAN_POINT('Ctrl Pts',(-18.1931914588774,-25.4852172148547,11.6438100109251));
#5944=CARTESIAN_POINT('Ctrl Pts',(-18.1964870589885,-25.4653305910123,11.6541501904706));
#5945=CARTESIAN_POINT('Ctrl Pts',(-18.1975493909397,-25.4589201664465,11.6574833324609));
#5946=CARTESIAN_POINT('Ctrl Pts',(-18.1985242970498,-25.4523476714258,11.6605477117575));
#5947=CARTESIAN_POINT('Ctrl Pts',(-18.1994083676882,-25.4456292505396,11.6633291550397));
#5948=CARTESIAN_POINT('Origin',(68.55920810255,-25.35,11.43234204189));
#5949=CARTESIAN_POINT('Origin',(-19.26925824036,-25.35,11.43234204189));
#5950=CARTESIAN_POINT('Origin',(-19.26925824036,-25.35,11.43234204189));
#5951=CARTESIAN_POINT('',(-19.50137741308,-25.44284766908,11.43234204189));
#5952=CARTESIAN_POINT('Origin',(-19.26925824036,-25.35,11.43234204189));
#5953=CARTESIAN_POINT('Origin',(-19.26925824036,-25.35,11.43234204189));
#5954=CARTESIAN_POINT('Origin',(-19.26925824036,-25.35,44.58557800793));
#5955=CARTESIAN_POINT('',(-19.5013774559095,-25.4428475621894,9.64769144460205));
#5956=CARTESIAN_POINT('',(-19.50137736877,-25.44284778001,9.647691551425));
#5957=CARTESIAN_POINT('Origin',(-19.26925824036,-25.35,9.647691362717));
#5958=CARTESIAN_POINT('Origin',(-19.66423834544,-25.03569533818,11.03035421759));
#5959=CARTESIAN_POINT('Origin',(-16.9813057777309,-31.743060052765,-110.933771198673));
#5960=CARTESIAN_POINT('',(-20.03868787289,-24.09957151954,11.98846177388));
#5961=CARTESIAN_POINT('',(-20.0386878729,-24.09957151954,11.98846177388));
#5962=CARTESIAN_POINT('Origin',(-20.1545381142253,-23.8100080521541,11.9726599433806));
#5963=CARTESIAN_POINT('Ctrl Pts',(-19.33562977716,-25.42514779425,9.416440548738));
#5964=CARTESIAN_POINT('Ctrl Pts',(-19.40315800943,-25.25369328002,9.40573819723));
#5965=CARTESIAN_POINT('Ctrl Pts',(-19.55344651539,-24.87205116643,9.380991332884));
#5966=CARTESIAN_POINT('Ctrl Pts',(-19.7376905838,-24.40401618419,9.348095518383));
#5967=CARTESIAN_POINT('Ctrl Pts',(-19.85440555412,-24.1074398569,9.325980242961));
#5968=CARTESIAN_POINT('Ctrl Pts',(-19.88843387464,-24.02096545301,9.31942333955));
#5969=CARTESIAN_POINT('Ctrl Pts',(-19.45613126698,-25.47037392957,9.465721695935));
#5970=CARTESIAN_POINT('Ctrl Pts',(-19.52386799533,-25.29895514752,9.454476741806));
#5971=CARTESIAN_POINT('Ctrl Pts',(-19.67461479302,-24.91739602054,9.428510133016));
#5972=CARTESIAN_POINT('Ctrl Pts',(-19.85940425451,-24.44947247857,9.394084796032));
#5973=CARTESIAN_POINT('Ctrl Pts',(-19.97645608543,-24.15297169818,9.370983096044));
#5974=CARTESIAN_POINT('Ctrl Pts',(-20.01058186276,-24.06651974765,9.364137087374));
#5975=CARTESIAN_POINT('Ctrl Pts',(-19.51515488903,-25.48652988155,9.589211942856));
#5976=CARTESIAN_POINT('Ctrl Pts',(-19.58343685889,-25.31514367337,9.577702122853));
#5977=CARTESIAN_POINT('Ctrl Pts',(-19.73540150277,-24.93366019794,9.55113356959));
#5978=CARTESIAN_POINT('Ctrl Pts',(-19.92169613811,-24.46583824616,9.515934955364));
#5979=CARTESIAN_POINT('Ctrl Pts',(-20.03970758993,-24.16940633517,9.492325154922));
#5980=CARTESIAN_POINT('Ctrl Pts',(-20.0741136699,-24.08297485337,9.485329426174));
#5981=CARTESIAN_POINT('Ctrl Pts',(-19.48121790557,-25.46499819193,9.721042558894));
#5982=CARTESIAN_POINT('Ctrl Pts',(-19.55009103478,-25.29362402465,9.709686887142));
#5983=CARTESIAN_POINT('Ctrl Pts',(-19.70338348969,-24.91216851374,9.683455261848));
#5984=CARTESIAN_POINT('Ctrl Pts',(-19.89134023173,-24.44438411469,9.648652075644));
#5985=CARTESIAN_POINT('Ctrl Pts',(-20.01042221047,-24.14797766121,9.625283515665));
#5986=CARTESIAN_POINT('Ctrl Pts',(-20.04514192765,-24.06155374566,9.618357311536));
#5987=CARTESIAN_POINT('',(-19.4002654621721,-25.4147048933974,9.44483578766696));
#5988=CARTESIAN_POINT('Origin',(-13.9061443884813,-30.9798196959416,-111.252749888528));
#5989=CARTESIAN_POINT('Origin',(-19.26925824036,-25.35,9.647691362717));
#5990=CARTESIAN_POINT('Origin',(-19.26925824036,-25.35,9.647691362717));
#5991=CARTESIAN_POINT('Origin',(-19.26925824036,-25.35,9.647691362717));
#5992=CARTESIAN_POINT('Origin',(-25.5,-25.35,0.));
#5993=CARTESIAN_POINT('',(-16.3881704086106,-25.4147047045663,6.58682357701598));
#5994=CARTESIAN_POINT('Ctrl Pts',(-16.17208000201,-25.5999999999983,6.700000001727));
#5995=CARTESIAN_POINT('Ctrl Pts',(-16.1836198595824,-25.5999998749117,6.69401006009344));
#5996=CARTESIAN_POINT('Ctrl Pts',(-16.195258743682,-25.5990055037614,6.68794768816519));
#5997=CARTESIAN_POINT('Ctrl Pts',(-16.2153609563125,-25.5954789248478,6.67745467469864));
#5998=CARTESIAN_POINT('Ctrl Pts',(-16.2238500265861,-25.5934236608522,6.67301659956432));
#5999=CARTESIAN_POINT('Ctrl Pts',(-16.2351248453941,-25.5899116837977,6.66711917180173));
#6000=CARTESIAN_POINT('Ctrl Pts',(-16.237993643853,-25.5889489149077,6.66561836350815));
#6001=CARTESIAN_POINT('Ctrl Pts',(-16.2552641960813,-25.5827266068169,6.65658316242733));
#6002=CARTESIAN_POINT('Ctrl Pts',(-16.2693130563976,-25.5758538941131,6.64921914330543));
#6003=CARTESIAN_POINT('Ctrl Pts',(-16.2903420982704,-25.562478300318,6.6382056748934));
#6004=CARTESIAN_POINT('Ctrl Pts',(-16.2977149721344,-25.557142181447,6.6343462727116));
#6005=CARTESIAN_POINT('Ctrl Pts',(-16.3111853700246,-25.5460447262144,6.62727529660841));
#6006=CARTESIAN_POINT('Ctrl Pts',(-16.3173378180333,-25.5403947099095,6.62404459547293));
#6007=CARTESIAN_POINT('Ctrl Pts',(-16.3299831548974,-25.5274423425692,6.61740669620882));
#6008=CARTESIAN_POINT('Ctrl Pts',(-16.3363969332008,-25.5200194890344,6.6140407446565));
#6009=CARTESIAN_POINT('Ctrl Pts',(-16.3464033194405,-25.5068924255645,6.60878453345359));
#6010=CARTESIAN_POINT('Ctrl Pts',(-16.3502343060448,-25.5014187428444,6.60677108121691));
#6011=CARTESIAN_POINT('Ctrl Pts',(-16.3548922298044,-25.4941631860963,6.60432628232673));
#6012=CARTESIAN_POINT('Ctrl Pts',(-16.3559162005957,-25.4925273039775,6.60378908146011));
#6013=CARTESIAN_POINT('Ctrl Pts',(-16.3623788467781,-25.4819370732321,6.60040042557615));
#6014=CARTESIAN_POINT('Ctrl Pts',(-16.3672965894425,-25.4726327927563,6.59781995984507));
#6015=CARTESIAN_POINT('Ctrl Pts',(-16.3727983563648,-25.4604954504487,6.59492960375937));
#6016=CARTESIAN_POINT('Ctrl Pts',(-16.3739070382493,-25.4579421804474,6.59434696611162));
#6017=CARTESIAN_POINT('Ctrl Pts',(-16.3788971999195,-25.4459298994796,6.59172367311374));
#6018=CARTESIAN_POINT('Ctrl Pts',(-16.3822886543124,-25.4362179430489,6.58993860347184));
#6019=CARTESIAN_POINT('Ctrl Pts',(-16.3862245375186,-25.4224698846338,6.58785715057579));
#6020=CARTESIAN_POINT('Ctrl Pts',(-16.3872401481247,-25.4186012243743,6.58731873307613));
#6021=CARTESIAN_POINT('Ctrl Pts',(-16.3881703829609,-25.4147047732993,6.58682357297323));
#6022=CARTESIAN_POINT('Origin',(-25.5,-25.41470476128,0.));
#6023=CARTESIAN_POINT('Ctrl Pts',(-16.4214987389413,-25.4257240822498,6.700000001727));
#6024=CARTESIAN_POINT('Ctrl Pts',(-16.4162522566182,-25.4415936781437,6.700000001727));
#6025=CARTESIAN_POINT('Ctrl Pts',(-16.4020343480356,-25.4730055747887,6.700000001727));
#6026=CARTESIAN_POINT('Ctrl Pts',(-16.3716682471867,-25.5146658886026,6.700000001727));
#6027=CARTESIAN_POINT('Ctrl Pts',(-16.3323289775061,-25.5501770556095,6.700000001727));
#6028=CARTESIAN_POINT('Ctrl Pts',(-16.2851246820703,-25.577706565767,6.700000001727));
#6029=CARTESIAN_POINT('Ctrl Pts',(-16.2309466161452,-25.5957814723124,6.700000001727));
#6030=CARTESIAN_POINT('Ctrl Pts',(-16.1923327435558,-25.5999997804427,6.700000001727));
#6031=CARTESIAN_POINT('Ctrl Pts',(-16.1720800011168,-25.5999999999984,6.700000001727));
#6032=CARTESIAN_POINT('Ctrl Pts',(-16.4214987399022,-25.4257240825696,6.58284238954761));
#6033=CARTESIAN_POINT('Ctrl Pts',(-16.4162522575573,-25.4415936785299,6.58284238954761));
#6034=CARTESIAN_POINT('Ctrl Pts',(-16.4020343489158,-25.4730055753057,6.58284238954761));
#6035=CARTESIAN_POINT('Ctrl Pts',(-16.3716682479413,-25.5146658892841,6.58284238954761));
#6036=CARTESIAN_POINT('Ctrl Pts',(-16.3323289781078,-25.5501770564321,6.58284238954761));
#6037=CARTESIAN_POINT('Ctrl Pts',(-16.2851246824895,-25.5777065666973,6.58284238954761));
#6038=CARTESIAN_POINT('Ctrl Pts',(-16.2309466163579,-25.5957814733113,6.58284238954761));
#6039=CARTESIAN_POINT('Ctrl Pts',(-16.1923327436277,-25.5999997814551,6.58284238954761));
#6040=CARTESIAN_POINT('Ctrl Pts',(-16.1720800011148,-25.6000000010103,6.58284238954761));
#6041=CARTESIAN_POINT('Ctrl Pts',(-16.3428433038748,-25.3997183428669,6.49999963128831));
#6042=CARTESIAN_POINT('Ctrl Pts',(-16.3393877595087,-25.4101704143378,6.49999963128831));
#6043=CARTESIAN_POINT('Ctrl Pts',(-16.330002462108,-25.4309273344526,6.49999963128831));
#6044=CARTESIAN_POINT('Ctrl Pts',(-16.3097619743799,-25.4587298107525,6.49999963128831));
#6045=CARTESIAN_POINT('Ctrl Pts',(-16.2831994549105,-25.4827422187936,6.49999963128831));
#6046=CARTESIAN_POINT('Ctrl Pts',(-16.2508638857767,-25.5016313285709,6.49999963128831));
#6047=CARTESIAN_POINT('Ctrl Pts',(-16.213266541631,-25.5141986818784,6.49999963128831));
#6048=CARTESIAN_POINT('Ctrl Pts',(-16.1862491999798,-25.5171565904396,6.49999963128831));
#6049=CARTESIAN_POINT('Ctrl Pts',(-16.1720800011153,-25.5171569197436,6.49999963128831));
#6050=CARTESIAN_POINT('Ctrl Pts',(-16.23160796626,-25.3629407546689,6.50000000000078));
#6051=CARTESIAN_POINT('Ctrl Pts',(-16.2306851850543,-25.3657313065281,6.50000000000078));
#6052=CARTESIAN_POINT('Ctrl Pts',(-16.2281342168497,-25.3714198475689,6.50000000000078));
#6053=CARTESIAN_POINT('Ctrl Pts',(-16.2222134769393,-25.3796244253556,6.50000000000078));
#6054=CARTESIAN_POINT('Ctrl Pts',(-16.2137199710277,-25.387375168394,6.50000000000078));
#6055=CARTESIAN_POINT('Ctrl Pts',(-16.2024119098931,-25.3940449337265,6.50000000000078));
#6056=CARTESIAN_POINT('Ctrl Pts',(-16.1882631956391,-25.3988234477273,6.50000000000078));
#6057=CARTESIAN_POINT('Ctrl Pts',(-16.1776457891324,-25.3999988860572,6.50000000000078));
#6058=CARTESIAN_POINT('Ctrl Pts',(-16.1720800011157,-25.3999993705691,6.50000000000078));
#6059=CARTESIAN_POINT('',(-16.23160764787,-25.3629417744,6.500000000001));
#6060=CARTESIAN_POINT('Origin',(-16.23160671705,-25.3629465383961,6.69999999986093));
#6061=CARTESIAN_POINT('',(-16.17208000141,-25.4,6.5));
#6062=CARTESIAN_POINT('Origin',(-16.1723087326598,-25.350220210857,6.50000000000195));
#6063=CARTESIAN_POINT('Origin',(-16.17208000174,-25.4,6.7));
#6064=CARTESIAN_POINT('Origin',(-16.93934910465,-25.4,6.7));
#6065=CARTESIAN_POINT('',(-14.64508681443,-25.4,6.5));
#6066=CARTESIAN_POINT('',(-14.64508681443,-25.4,6.5));
#6067=CARTESIAN_POINT('Origin',(-14.645086814431,-25.4,6.7));
#6068=CARTESIAN_POINT('Origin',(-8.8,-25.6,6.5));
#6069=CARTESIAN_POINT('Origin',(-274.064783703527,-110.598169423695,6.49995877004482));
#6070=CARTESIAN_POINT('',(-14.05,-24.66889334227,6.5));
#6071=CARTESIAN_POINT('',(-14.05000000007,-24.1,6.499999999986));
#6072=CARTESIAN_POINT('',(-14.64508681443,-25.4,6.5));
#6073=CARTESIAN_POINT('Ctrl Pts',(-16.86108535035,-24.07870244423,6.640243964381));
#6074=CARTESIAN_POINT('Ctrl Pts',(-16.83634348249,-24.15247152847,6.640489309298));
#6075=CARTESIAN_POINT('Ctrl Pts',(-16.75200336925,-24.404315396,6.641321757705));
#6076=CARTESIAN_POINT('Ctrl Pts',(-16.60269809366,-24.85240029749,6.642772202356));
#6077=CARTESIAN_POINT('Ctrl Pts',(-16.47542514424,-25.23708523962,6.643980034029));
#6078=CARTESIAN_POINT('Ctrl Pts',(-16.40736498823,-25.44356010884,6.64461778435));
#6079=CARTESIAN_POINT('Ctrl Pts',(-16.40402029193,-25.45370879237,6.644649105763));
#6080=CARTESIAN_POINT('Ctrl Pts',(-16.82685520842,-24.06718417893,6.524886939774));
#6081=CARTESIAN_POINT('Ctrl Pts',(-16.80225029479,-24.1410112147,6.525085859605));
#6082=CARTESIAN_POINT('Ctrl Pts',(-16.71837510746,-24.39305104131,6.525761861028));
#6083=CARTESIAN_POINT('Ctrl Pts',(-16.5698813161,-24.84147350973,6.526946001413));
#6084=CARTESIAN_POINT('Ctrl Pts',(-16.44328571029,-25.22643511766,6.527939516055));
#6085=CARTESIAN_POINT('Ctrl Pts',(-16.37558362006,-25.43305488917,6.528466152819));
#6086=CARTESIAN_POINT('Ctrl Pts',(-16.37225651023,-25.4432106863,6.528492022186));
#6087=CARTESIAN_POINT('Ctrl Pts',(-16.72430669585,-24.03267713589,6.470991831185));
#6088=CARTESIAN_POINT('Ctrl Pts',(-16.69975669716,-24.10655820252,6.471051668143));
#6089=CARTESIAN_POINT('Ctrl Pts',(-16.61606891676,-24.35878073069,6.471256508142));
#6090=CARTESIAN_POINT('Ctrl Pts',(-16.46790797553,-24.80751792816,6.471624060556));
#6091=CARTESIAN_POINT('Ctrl Pts',(-16.34159694212,-25.19273748422,6.471942733813));
#6092=CARTESIAN_POINT('Ctrl Pts',(-16.27404712355,-25.39949235473,6.472114465334));
#6093=CARTESIAN_POINT('Ctrl Pts',(-16.27072749705,-25.40965478421,6.472122907935));
#6094=CARTESIAN_POINT('Ctrl Pts',(-16.61641806367,-23.9963731702,6.511657311538));
#6095=CARTESIAN_POINT('Ctrl Pts',(-16.59180721564,-24.07027116498,6.511570822984));
#6096=CARTESIAN_POINT('Ctrl Pts',(-16.50791423071,-24.32255093447,6.511279142093));
#6097=CARTESIAN_POINT('Ctrl Pts',(-16.35940309182,-24.77138673811,6.510781315062));
#6098=CARTESIAN_POINT('Ctrl Pts',(-16.23280909478,-25.15668711061,6.510379063795));
#6099=CARTESIAN_POINT('Ctrl Pts',(-16.16511223896,-25.36348430832,6.510170056801));
#6100=CARTESIAN_POINT('Ctrl Pts',(-16.16178539691,-25.37364881575,6.510159800244));
#6101=CARTESIAN_POINT('Origin',(-281.857708928842,-112.684712745132,-2.34480415042111));
#6102=CARTESIAN_POINT('Origin',(-25.5,-24.75735238064,0.));
#6103=CARTESIAN_POINT('Origin',(26.41469928494,25.04488006494,6.7));
#6104=CARTESIAN_POINT('',(-13.85,-24.74,6.7));
#6105=CARTESIAN_POINT('Origin',(-14.05,-24.6688933422705,6.7));
#6106=CARTESIAN_POINT('',(-14.55,-25.6,6.699999999974));
#6107=CARTESIAN_POINT('Origin',(-14.2,-25.17,8.));
#6108=CARTESIAN_POINT('',(-13.85,-24.74,9.5));
#6109=CARTESIAN_POINT('',(-13.85,-24.74,6.7));
#6110=CARTESIAN_POINT('',(-13.85,-24.74,9.5));
#6111=CARTESIAN_POINT('Origin',(-11.55,-25.17,10.1));
#6112=CARTESIAN_POINT('',(-9.25,-24.74,9.5));
#6113=CARTESIAN_POINT('',(-13.85,-24.74,9.5));
#6114=CARTESIAN_POINT('',(-9.25,-24.74,9.5));
#6115=CARTESIAN_POINT('Origin',(-9.3,-28.5,9.5));
#6116=CARTESIAN_POINT('',(-13.85,-22.6,9.5));
#6117=CARTESIAN_POINT('',(-10.8,-22.6,9.5));
#6118=CARTESIAN_POINT('',(-13.85,-22.6,9.5));
#6119=CARTESIAN_POINT('',(-10.8,-23.35,9.5));
#6120=CARTESIAN_POINT('',(-10.8,-23.35,9.5));
#6121=CARTESIAN_POINT('',(-9.25,-23.35,9.5));
#6122=CARTESIAN_POINT('',(-9.25,-23.35,9.5));
#6123=CARTESIAN_POINT('',(-9.25,-23.35,9.5));
#6124=CARTESIAN_POINT('',(-13.85,-22.6,9.5));
#6125=CARTESIAN_POINT('Origin',(0.,-22.6,0.));
#6126=CARTESIAN_POINT('',(5.513439224893,-22.6,10.77094531217));
#6127=CARTESIAN_POINT('',(-13.85,-22.6,10.77094531217));
#6128=CARTESIAN_POINT('',(5.513439224893,-22.6,10.77094531217));
#6129=CARTESIAN_POINT('',(-13.85,-22.6,10.1));
#6130=CARTESIAN_POINT('',(-13.85,-22.6,10.1));
#6131=CARTESIAN_POINT('',(-10.8,-22.6,10.1));
#6132=CARTESIAN_POINT('',(-13.85,-22.6,10.1));
#6133=CARTESIAN_POINT('',(-10.8,-22.6,9.5));
#6134=CARTESIAN_POINT('',(-13.85,-22.6,-9.5));
#6135=CARTESIAN_POINT('',(-13.85,-22.6,-9.5));
#6136=CARTESIAN_POINT('',(-10.8,-22.6,-9.5));
#6137=CARTESIAN_POINT('',(-10.8,-22.6,-9.5));
#6138=CARTESIAN_POINT('',(-10.8,-22.6,-10.1));
#6139=CARTESIAN_POINT('',(-10.8,-22.6,-10.1));
#6140=CARTESIAN_POINT('',(-13.85,-22.6,-10.1));
#6141=CARTESIAN_POINT('',(-10.8,-22.6,-10.1));
#6142=CARTESIAN_POINT('',(-13.85,-22.6,-10.77094531217));
#6143=CARTESIAN_POINT('',(-13.85,-22.6,-10.77094531217));
#6144=CARTESIAN_POINT('',(5.513439224892,-22.6,-10.77094531217));
#6145=CARTESIAN_POINT('',(-13.85,-22.6,-10.77094531217));
#6146=CARTESIAN_POINT('',(8.020945312174,-22.6,-8.263439224894));
#6147=CARTESIAN_POINT('Origin',(7.25,-22.6,-10.));
#6148=CARTESIAN_POINT('',(8.020945312174,-22.6,-4.619634445917));
#6149=CARTESIAN_POINT('',(8.020945312174,-22.6,-8.263439224894));
#6150=CARTESIAN_POINT('',(8.020945312174,-22.6,2.119634445918));
#6151=CARTESIAN_POINT('Origin',(0.,-22.6,-1.25));
#6152=CARTESIAN_POINT('',(8.020945312174,-22.6,8.263439224894));
#6153=CARTESIAN_POINT('',(8.020945312174,-22.6,2.119634445918));
#6154=CARTESIAN_POINT('Origin',(7.25,-22.6,10.));
#6155=CARTESIAN_POINT('Origin',(-36.47799999808,-24.1,10.75));
#6156=CARTESIAN_POINT('',(5.506092569743,-23.80067738531,10.75417960374));
#6157=CARTESIAN_POINT('Ctrl Pts',(5.513439224894,-22.6,10.77094531217));
#6158=CARTESIAN_POINT('Ctrl Pts',(5.510958183409,-23.00022559837,10.76535674544));
#6159=CARTESIAN_POINT('Ctrl Pts',(5.508509433795,-23.4004513943,10.75976817595));
#6160=CARTESIAN_POINT('Ctrl Pts',(5.506092569743,-23.8006773853,10.75417960374));
#6161=CARTESIAN_POINT('',(-13.85,-23.80067738531,10.75417960374));
#6162=CARTESIAN_POINT('',(-13.85,-23.80067738531,10.75417960374));
#6163=CARTESIAN_POINT('',(-13.85,-23.80067738531,10.75417960374));
#6164=CARTESIAN_POINT('Origin',(-13.85,-20.5,11.29445867557));
#6165=CARTESIAN_POINT('',(-13.85,-24.1,10.63445055786));
#6166=CARTESIAN_POINT('',(-13.85,-24.1,10.63445055786));
#6167=CARTESIAN_POINT('',(-13.85,-24.1,10.1));
#6168=CARTESIAN_POINT('',(-13.85,-24.1,10.1));
#6169=CARTESIAN_POINT('',(-13.85,-24.1,10.1));
#6170=CARTESIAN_POINT('Origin',(-9.3,-28.5,10.1));
#6171=CARTESIAN_POINT('',(-8.25,-24.1,10.1));
#6172=CARTESIAN_POINT('',(-13.85,-24.1,10.1));
#6173=CARTESIAN_POINT('',(-8.25,-23.35,10.1));
#6174=CARTESIAN_POINT('',(-8.25,-23.35,10.1));
#6175=CARTESIAN_POINT('',(-10.8,-23.35,10.1));
#6176=CARTESIAN_POINT('',(-10.8,-23.35,10.1));
#6177=CARTESIAN_POINT('',(-10.8,-22.6,10.1));
#6178=CARTESIAN_POINT('Origin',(-10.8,-22.5,9.3));
#6179=CARTESIAN_POINT('',(-10.8,-23.35,10.1));
#6180=CARTESIAN_POINT('Origin',(0.,-23.35,0.));
#6181=CARTESIAN_POINT('',(-10.8,-23.35,-9.5));
#6182=CARTESIAN_POINT('',(-9.25,-23.35,-9.5));
#6183=CARTESIAN_POINT('',(-10.8,-23.35,-9.5));
#6184=CARTESIAN_POINT('',(-9.25,-23.35,9.5));
#6185=CARTESIAN_POINT('',(-8.25,-23.35,-10.1));
#6186=CARTESIAN_POINT('',(-8.25,-23.35,10.1));
#6187=CARTESIAN_POINT('',(-10.8,-23.35,-10.1));
#6188=CARTESIAN_POINT('',(-8.25,-23.35,-10.1));
#6189=CARTESIAN_POINT('',(-10.8,-23.35,-9.5));
#6190=CARTESIAN_POINT('Origin',(-13.8,-28.5,-9.5));
#6191=CARTESIAN_POINT('',(-13.85,-24.74,-9.5));
#6192=CARTESIAN_POINT('',(-13.85,-24.74,-9.5));
#6193=CARTESIAN_POINT('',(-9.25,-24.74,-9.5));
#6194=CARTESIAN_POINT('',(-13.85,-24.74,-9.5));
#6195=CARTESIAN_POINT('',(-9.25,-24.74,-9.5));
#6196=CARTESIAN_POINT('',(-10.8,-22.6,-9.5));
#6197=CARTESIAN_POINT('Origin',(-10.8,-22.5,-8.5));
#6198=CARTESIAN_POINT('',(-10.8,-23.35,-10.1));
#6199=CARTESIAN_POINT('Origin',(-13.8,-28.5,-10.1));
#6200=CARTESIAN_POINT('',(-8.25,-24.1,-10.1));
#6201=CARTESIAN_POINT('',(-8.25,-24.1,-10.1));
#6202=CARTESIAN_POINT('',(-13.85,-24.1,-10.1));
#6203=CARTESIAN_POINT('',(-8.25,-24.1,-10.1));
#6204=CARTESIAN_POINT('',(-13.85,-24.1,-10.1));
#6205=CARTESIAN_POINT('Origin',(-13.85,-20.5,-10.1));
#6206=CARTESIAN_POINT('',(-13.85,-24.1,-10.63445055786));
#6207=CARTESIAN_POINT('',(-13.85,-24.1,-10.1));
#6208=CARTESIAN_POINT('',(-13.85,-23.80067738531,-10.75417960374));
#6209=CARTESIAN_POINT('',(-13.85,-23.80067738531,-10.75417960374));
#6210=CARTESIAN_POINT('',(-13.85,-22.6,-10.77094531217));
#6211=CARTESIAN_POINT('Origin',(10.47799999808,-24.1,-10.75));
#6212=CARTESIAN_POINT('',(5.506092569743,-23.8006773853,-10.75417960374));
#6213=CARTESIAN_POINT('',(5.506092569743,-23.80067738531,-10.75417960374));
#6214=CARTESIAN_POINT('Ctrl Pts',(5.506092569743,-23.8006773853,-10.75417960374));
#6215=CARTESIAN_POINT('Ctrl Pts',(5.508509433795,-23.4004513943,-10.75976817595));
#6216=CARTESIAN_POINT('Ctrl Pts',(5.510958183409,-23.00022559837,-10.76535674544));
#6217=CARTESIAN_POINT('Ctrl Pts',(5.513439224894,-22.6,-10.77094531217));
#6218=CARTESIAN_POINT('Origin',(7.25,-15.1,-10.));
#6219=CARTESIAN_POINT('',(5.459058211546,-24.1,-10.63445055786));
#6220=CARTESIAN_POINT('Origin',(7.25,-25.6861263946551,-10.));
#6221=CARTESIAN_POINT('',(7.88445055786,-24.1,-8.209058211546));
#6222=CARTESIAN_POINT('Origin',(7.25,-24.1,-10.));
#6223=CARTESIAN_POINT('',(8.004179603737,-23.8006773853,-8.256092569743));
#6224=CARTESIAN_POINT('Origin',(7.25,-25.6861263946501,-10.));
#6225=CARTESIAN_POINT('Ctrl Pts',(8.020945312174,-22.6,-8.263439224894));
#6226=CARTESIAN_POINT('Ctrl Pts',(8.015356745442,-23.00022559837,-8.260958183409));
#6227=CARTESIAN_POINT('Ctrl Pts',(8.009768175951,-23.4004513943,-8.258509433795));
#6228=CARTESIAN_POINT('Ctrl Pts',(8.004179603737,-23.8006773853,-8.256092569743));
#6229=CARTESIAN_POINT('Origin',(8.,-24.1,13.22799999808));
#6230=CARTESIAN_POINT('',(8.010472656087,-23.35,2.144455453542));
#6231=CARTESIAN_POINT('Ctrl Pts',(8.020945312174,-22.6,2.119634445918));
#6232=CARTESIAN_POINT('Ctrl Pts',(8.017454443379,-22.84999881351,2.127943972706));
#6233=CARTESIAN_POINT('Ctrl Pts',(8.013963557896,-23.09999882217,2.136217380052));
#6234=CARTESIAN_POINT('Ctrl Pts',(8.010472656087,-23.34999999999,2.144455453542));
#6235=CARTESIAN_POINT('',(8.010472656087,-23.34999999999,-4.644455453542));
#6236=CARTESIAN_POINT('',(8.010472656087,-23.35,2.144455453542));
#6237=CARTESIAN_POINT('Ctrl Pts',(8.010472656087,-23.34999999999,-4.644455453542));
#6238=CARTESIAN_POINT('Ctrl Pts',(8.013963557896,-23.09999882217,-4.636217380052));
#6239=CARTESIAN_POINT('Ctrl Pts',(8.017454443379,-22.84999881351,-4.627943972706));
#6240=CARTESIAN_POINT('Ctrl Pts',(8.020945312174,-22.6,-4.619634445918));
#6241=CARTESIAN_POINT('',(8.004179603737,-23.8006773853,8.256092569743));
#6242=CARTESIAN_POINT('',(8.004179603737,-23.80067738531,8.256092569743));
#6243=CARTESIAN_POINT('Ctrl Pts',(8.004179603737,-23.8006773853,8.256092569743));
#6244=CARTESIAN_POINT('Ctrl Pts',(8.009768175951,-23.4004513943,8.258509433795));
#6245=CARTESIAN_POINT('Ctrl Pts',(8.015356745442,-23.00022559837,8.260958183409));
#6246=CARTESIAN_POINT('Ctrl Pts',(8.020945312174,-22.6,8.263439224894));
#6247=CARTESIAN_POINT('Origin',(7.25,-15.1,10.));
#6248=CARTESIAN_POINT('',(7.88445055786,-24.1,8.209058211546));
#6249=CARTESIAN_POINT('Origin',(7.25,-25.6861263946501,10.));
#6250=CARTESIAN_POINT('',(5.459058211546,-24.1,10.63445055786));
#6251=CARTESIAN_POINT('Origin',(7.25,-24.1,10.));
#6252=CARTESIAN_POINT('Origin',(7.25,-25.6861263946551,10.));
#6253=CARTESIAN_POINT('Origin',(-6.,-24.29291398713,10.55728496301));
#6254=CARTESIAN_POINT('',(-13.85,-24.1,10.63445055786));
#6255=CARTESIAN_POINT('Origin',(0.,-24.1,0.));
#6256=CARTESIAN_POINT('',(7.88445055786,-24.1,8.209058211546));
#6257=CARTESIAN_POINT('',(5.459058211546,-24.1,-10.63445055786));
#6258=CARTESIAN_POINT('',(-8.25,-24.1,-8.55));
#6259=CARTESIAN_POINT('',(-8.25,-24.1,-8.55));
#6260=CARTESIAN_POINT('',(3.602653961417,-24.1,-8.55));
#6261=CARTESIAN_POINT('',(-8.25,-24.1,-8.55));
#6262=CARTESIAN_POINT('',(3.602653961417,-24.1,8.55));
#6263=CARTESIAN_POINT('',(3.602653961417,-24.1,8.55));
#6264=CARTESIAN_POINT('',(-8.25,-24.1,8.55));
#6265=CARTESIAN_POINT('',(3.602653961417,-24.1,8.55));
#6266=CARTESIAN_POINT('',(-8.25,-24.1,10.1));
#6267=CARTESIAN_POINT('Origin',(7.807284963672,-24.29291398547,0.));
#6268=CARTESIAN_POINT('Origin',(-8.25,-28.5,-8.));
#6269=CARTESIAN_POINT('',(-8.250000000001,-24.25937515251,8.536056480907));
#6270=CARTESIAN_POINT('',(-8.250000000001,-24.25937515251,8.536056480907));
#6271=CARTESIAN_POINT('',(-8.250000000001,-24.25937515251,-8.536056480907));
#6272=CARTESIAN_POINT('',(-8.250000000001,-24.25937515251,8.536056480907));
#6273=CARTESIAN_POINT('',(-8.25,-24.1,-8.55));
#6274=CARTESIAN_POINT('Origin',(15.28038505291,-24.1,-8.55));
#6275=CARTESIAN_POINT('',(-5.949218940643,-26.1,-8.375022672948));
#6276=CARTESIAN_POINT('',(-8.250000000001,-24.25937515251,-8.536056480907));
#6277=CARTESIAN_POINT('',(3.25,-26.1,-8.375022672948));
#6278=CARTESIAN_POINT('',(3.25,-26.1,-8.375022672948));
#6279=CARTESIAN_POINT('',(3.25,-26.1,-8.375022672948));
#6280=CARTESIAN_POINT('Origin',(3.25,-26.1,9.19119748141));
#6281=CARTESIAN_POINT('',(3.25,-26.1,8.375022672948));
#6282=CARTESIAN_POINT('',(3.25,-26.1,-8.375022672948));
#6283=CARTESIAN_POINT('',(3.25,-26.1,8.375022672948));
#6284=CARTESIAN_POINT('Origin',(-12.45948361381,-24.1,8.55));
#6285=CARTESIAN_POINT('',(-5.949218940641,-26.1,8.375022672948));
#6286=CARTESIAN_POINT('',(-5.949218940641,-26.1,8.375022672948));
#6287=CARTESIAN_POINT('',(-5.949218940641,-26.1,8.375022672948));
#6288=CARTESIAN_POINT('Origin',(-6.675304952446,-25.51913119056,0.));
#6289=CARTESIAN_POINT('',(-5.949218940641,-26.1,8.375022672948));
#6290=CARTESIAN_POINT('Origin',(0.,-26.1,0.));
#6291=CARTESIAN_POINT('Origin',(-6.,-24.29291398713,-10.55728496301));
#6292=CARTESIAN_POINT('Origin',(0.,-14.1,-1.25));
#6293=CARTESIAN_POINT('Origin',(0.,-23.35,-1.25));
#6294=CARTESIAN_POINT('Origin',(0.,-23.35,0.));
#6295=CARTESIAN_POINT('Origin',(-9.25,-28.5,-8.));
#6296=CARTESIAN_POINT('',(-9.25,-24.74,9.5));
#6297=CARTESIAN_POINT('Origin',(-7.3,-26.3,0.));
#6298=CARTESIAN_POINT('',(-5.854782797638,-27.45617376189,8.739445504476));
#6299=CARTESIAN_POINT('',(-8.175,-25.6,9.06673901958));
#6300=CARTESIAN_POINT('',(-8.175,-25.6,-10.7));
#6301=CARTESIAN_POINT('',(-5.854782797639,-27.45617376189,-8.739445504476));
#6302=CARTESIAN_POINT('',(-5.854782797639,-27.45617376189,-8.739445504476));
#6303=CARTESIAN_POINT('',(-5.854782797639,-27.45617376189,-8.739445504476));
#6304=CARTESIAN_POINT('Origin',(-68.43879748832,22.86716296016,17.58526987995));
#6305=CARTESIAN_POINT('',(-5.729843788129,-27.33472963553,8.936407055079));
#6306=CARTESIAN_POINT('',(-5.729843788129,-27.33472963553,8.936407055079));
#6307=CARTESIAN_POINT('Origin',(-5.729843788128,-27.3,8.739445504476));
#6308=CARTESIAN_POINT('Origin',(-12.45948361381,-25.51317591117,9.257596123494));
#6309=CARTESIAN_POINT('',(3.700244132796,-27.33472963553,8.936407055078));
#6310=CARTESIAN_POINT('',(4.006123771775,-25.6,9.242286694056));
#6311=CARTESIAN_POINT('',(-5.729843788129,-27.33472963553,8.936407055079));
#6312=CARTESIAN_POINT('Origin',(9.273509863644,4.307560615258,14.31271123532));
#6313=CARTESIAN_POINT('',(3.897205683399,-27.33472963553,8.739445504462));
#6314=CARTESIAN_POINT('',(3.897205683399,-27.33472963553,8.739445504462));
#6315=CARTESIAN_POINT('Origin',(3.700244132797,-27.3,8.739445504473));
#6316=CARTESIAN_POINT('Origin',(4.196961550602,-25.63472963553,11.72799999808));
#6317=CARTESIAN_POINT('',(3.897205683398,-27.33472963553,-8.739445504476));
#6318=CARTESIAN_POINT('',(3.897205683399,-27.33472963553,8.739445504462));
#6319=CARTESIAN_POINT('',(4.203085322377,-25.6,-9.045325143455));
#6320=CARTESIAN_POINT('Origin',(3.700244132796,-27.3,8.862768494933));
#6321=CARTESIAN_POINT('',(3.700244132796,-27.5,8.739445504487));
#6322=CARTESIAN_POINT('Origin',(3.700244132796,-27.3,8.739445504476));
#6323=CARTESIAN_POINT('',(3.700244132796,-27.5,-8.739445504476));
#6324=CARTESIAN_POINT('',(3.700244132796,-27.5,-8.739445504474));
#6325=CARTESIAN_POINT('Origin',(3.700244132796,-27.3,-8.739445504476));
#6326=CARTESIAN_POINT('Origin',(3.700244132796,-27.3,-8.739445504476));
#6327=CARTESIAN_POINT('',(3.700244132795,-27.33472963553,-8.936407055078));
#6328=CARTESIAN_POINT('Origin',(3.700244132796,-27.3,-8.739445504476));
#6329=CARTESIAN_POINT('Origin',(3.700244132796,-27.3,-8.739445504476));
#6330=CARTESIAN_POINT('Origin',(4.131359705143,-27.3,-8.739445504476));
#6331=CARTESIAN_POINT('',(-5.729843788128,-27.5,-8.739445504472));
#6332=CARTESIAN_POINT('',(-5.729843788128,-27.5,-8.739445504474));
#6333=CARTESIAN_POINT('',(-5.729843788129,-27.33472963553,-8.936407055079));
#6334=CARTESIAN_POINT('Origin',(-5.729843788128,-27.3,-8.739445504476));
#6335=CARTESIAN_POINT('',(3.700244132795,-27.33472963553,-8.936407055079));
#6336=CARTESIAN_POINT('Origin',(15.28038505291,-25.51317591117,-9.257596123494));
#6337=CARTESIAN_POINT('',(3.700244132795,-27.33472963553,-8.936407055079));
#6338=CARTESIAN_POINT('',(-7.898255832545,-25.6,-9.242286694058));
#6339=CARTESIAN_POINT('Origin',(3.678829320238,-27.42144943713,-8.718030691918));
#6340=CARTESIAN_POINT('Origin',(-68.46322228031,22.88670279374,-17.58871527981));
#6341=CARTESIAN_POINT('Origin',(-5.729843788128,-27.3,-8.739445504476));
#6342=CARTESIAN_POINT('Origin',(-5.729843788128,-27.3,-8.739445504476));
#6343=CARTESIAN_POINT('Origin',(-5.729843788128,-27.3,-8.739445504476));
#6344=CARTESIAN_POINT('Origin',(-5.729843788128,-27.3,44.58557800793));
#6345=CARTESIAN_POINT('',(-5.729843788128,-27.5,8.739445504476));
#6346=CARTESIAN_POINT('',(-5.729843788128,-27.5,8.73944550448));
#6347=CARTESIAN_POINT('Origin',(-5.729843788128,-27.3,8.739445504476));
#6348=CARTESIAN_POINT('Origin',(-5.729843788128,-27.3,8.739445504476));
#6349=CARTESIAN_POINT('Origin',(-5.729843788128,-27.3,8.739445504476));
#6350=CARTESIAN_POINT('Origin',(4.178018218637,-27.3,8.739445504476));
#6351=CARTESIAN_POINT('Origin',(3.700244132796,-27.3,8.739445504476));
#6352=CARTESIAN_POINT('',(3.700244132796,-27.5,8.739445504487));
#6353=CARTESIAN_POINT('Origin',(3.700244132796,-27.3,8.739445504476));
#6354=CARTESIAN_POINT('Origin',(0.,-27.5,0.));
#6355=CARTESIAN_POINT('',(-4.,-27.5,-5.5));
#6356=CARTESIAN_POINT('',(-4.,-27.5,5.5));
#6357=CARTESIAN_POINT('',(-4.,-27.5,-5.5));
#6358=CARTESIAN_POINT('',(-3.5,-27.5,6.));
#6359=CARTESIAN_POINT('Origin',(-3.5,-27.5,5.5));
#6360=CARTESIAN_POINT('',(1.5,-27.5,6.));
#6361=CARTESIAN_POINT('',(-3.5,-27.5,6.));
#6362=CARTESIAN_POINT('',(2.,-27.5,5.5));
#6363=CARTESIAN_POINT('Origin',(1.5,-27.5,5.5));
#6364=CARTESIAN_POINT('',(2.,-27.5,-5.5));
#6365=CARTESIAN_POINT('',(2.,-27.5,5.5));
#6366=CARTESIAN_POINT('',(1.5,-27.5,-6.));
#6367=CARTESIAN_POINT('Origin',(1.5,-27.5,-5.5));
#6368=CARTESIAN_POINT('',(-3.5,-27.5,-6.));
#6369=CARTESIAN_POINT('',(1.5,-27.5,-6.));
#6370=CARTESIAN_POINT('Origin',(-3.5,-27.5,-5.5));
#6371=CARTESIAN_POINT('Origin',(-4.,-27.5,6.));
#6372=CARTESIAN_POINT('',(-4.,-27.35,5.5));
#6373=CARTESIAN_POINT('',(-4.,-27.35,5.5));
#6374=CARTESIAN_POINT('',(-4.,-27.35,-5.5));
#6375=CARTESIAN_POINT('',(-4.,-27.5,-5.5));
#6376=CARTESIAN_POINT('',(-4.,-27.35,-5.5));
#6377=CARTESIAN_POINT('Origin',(-3.5,-75.91176,5.5));
#6378=CARTESIAN_POINT('',(-3.5,-27.35,6.));
#6379=CARTESIAN_POINT('Origin',(-3.5,-27.35,5.5));
#6380=CARTESIAN_POINT('',(-3.5,-27.5,6.));
#6381=CARTESIAN_POINT('Origin',(0.,-27.35,0.));
#6382=CARTESIAN_POINT('',(-3.5,-27.35,-6.));
#6383=CARTESIAN_POINT('Origin',(-3.5,-27.35,-5.5));
#6384=CARTESIAN_POINT('',(1.5,-27.35,-6.));
#6385=CARTESIAN_POINT('',(1.5,-27.35,-6.));
#6386=CARTESIAN_POINT('',(2.,-27.35,-5.5));
#6387=CARTESIAN_POINT('Origin',(1.5,-27.35,-5.5));
#6388=CARTESIAN_POINT('',(2.,-27.35,5.5));
#6389=CARTESIAN_POINT('',(2.,-27.35,5.5));
#6390=CARTESIAN_POINT('',(1.5,-27.35,6.));
#6391=CARTESIAN_POINT('Origin',(1.5,-27.35,5.5));
#6392=CARTESIAN_POINT('',(-3.5,-27.35,6.));
#6393=CARTESIAN_POINT('Origin',(2.,-27.5,6.));
#6394=CARTESIAN_POINT('',(1.5,-27.35,6.));
#6395=CARTESIAN_POINT('Origin',(1.5,-75.91176,5.5));
#6396=CARTESIAN_POINT('',(2.,-27.5,5.5));
#6397=CARTESIAN_POINT('Origin',(2.,-27.5,-6.));
#6398=CARTESIAN_POINT('',(2.,-27.35,-5.5));
#6399=CARTESIAN_POINT('Origin',(1.5,-75.91176,-5.5));
#6400=CARTESIAN_POINT('',(1.5,-27.5,-6.));
#6401=CARTESIAN_POINT('Origin',(-4.,-27.5,-6.));
#6402=CARTESIAN_POINT('',(-3.5,-27.35,-6.));
#6403=CARTESIAN_POINT('Origin',(-3.5,-75.91176,-5.5));
#6404=CARTESIAN_POINT('Origin',(-11.55,-25.17,-10.1));
#6405=CARTESIAN_POINT('',(-14.55,-25.6,-10.7));
#6406=CARTESIAN_POINT('Origin',(-14.2,-25.17,-8.));
#6407=CARTESIAN_POINT('',(-13.85,-24.74,-6.7));
#6408=CARTESIAN_POINT('',(-13.85,-24.74,-6.7));
#6409=CARTESIAN_POINT('',(-13.85,-24.74,-9.5));
#6410=CARTESIAN_POINT('Origin',(-55.75931007024,-75.91176,-6.7));
#6411=CARTESIAN_POINT('',(-14.05,-24.66889334227,-6.5));
#6412=CARTESIAN_POINT('Origin',(-14.05,-24.6688933422781,-6.7));
#6413=CARTESIAN_POINT('',(-14.64508681443,-25.4,-6.5));
#6414=CARTESIAN_POINT('',(-14.05,-24.66889334227,-6.5));
#6415=CARTESIAN_POINT('Origin',(-14.6450868144248,-25.4,-6.7));
#6416=CARTESIAN_POINT('Origin',(-16.89269059115,-25.4,-6.7));
#6417=CARTESIAN_POINT('',(-16.17208000135,-25.4,-6.5));
#6418=CARTESIAN_POINT('',(-16.17208000122,-25.4,-6.5));
#6419=CARTESIAN_POINT('Origin',(-16.17208000135,-25.4,-6.7));
#6420=CARTESIAN_POINT('Ctrl Pts',(-16.2077774519,-25.342097016,-6.501443653577));
#6421=CARTESIAN_POINT('Ctrl Pts',(-16.20961205278,-25.34553235633,-6.501443653577));
#6422=CARTESIAN_POINT('Ctrl Pts',(-16.21072047823,-25.35116295826,-6.501443653577));
#6423=CARTESIAN_POINT('Ctrl Pts',(-16.20762800806,-25.35848260215,-6.501443653577));
#6424=CARTESIAN_POINT('Ctrl Pts',(-16.20552292478,-25.36180921167,-6.501443653577));
#6425=CARTESIAN_POINT('Ctrl Pts',(-16.20228019726,-25.36542082574,-6.501443653577));
#6426=CARTESIAN_POINT('Ctrl Pts',(-16.19747916279,-25.36918155798,-6.501443653577));
#6427=CARTESIAN_POINT('Ctrl Pts',(-16.19081297622,-25.37268580551,-6.501443653577));
#6428=CARTESIAN_POINT('Ctrl Pts',(-16.18216008768,-25.37534132422,-6.501443653577));
#6429=CARTESIAN_POINT('Ctrl Pts',(-16.16749504477,-25.37683010734,-6.501443653577));
#6430=CARTESIAN_POINT('Ctrl Pts',(-16.15611538999,-25.37412577998,-6.501443653577));
#6431=CARTESIAN_POINT('Ctrl Pts',(-16.150302453,-25.37006058605,-6.501443653577));
#6432=CARTESIAN_POINT('Ctrl Pts',(-16.32791219776,-25.24498959861,-6.48187705833));
#6433=CARTESIAN_POINT('Ctrl Pts',(-16.37471334041,-25.29611448247,-6.48187705833));
#6434=CARTESIAN_POINT('Ctrl Pts',(-16.37995823209,-25.36801678517,-6.48187705833));
#6435=CARTESIAN_POINT('Ctrl Pts',(-16.35130610236,-25.43483063421,-6.48187705833));
#6436=CARTESIAN_POINT('Ctrl Pts',(-16.33444977521,-25.46110313494,-6.48187705833));
#6437=CARTESIAN_POINT('Ctrl Pts',(-16.31238873702,-25.48532534379,-6.48187705833));
#6438=CARTESIAN_POINT('Ctrl Pts',(-16.28475612024,-25.5066561608,-6.48187705833));
#6439=CARTESIAN_POINT('Ctrl Pts',(-16.25176664719,-25.523742047,-6.48187705833));
#6440=CARTESIAN_POINT('Ctrl Pts',(-16.21365220096,-25.53525627277,-6.48187705833));
#6441=CARTESIAN_POINT('Ctrl Pts',(-16.15318719906,-25.54129320023,-6.48187705833));
#6442=CARTESIAN_POINT('Ctrl Pts',(-16.10614412069,-25.53031361959,-6.48187705833));
#6443=CARTESIAN_POINT('Ctrl Pts',(-16.07603043048,-25.51559149771,-6.48187705833));
#6444=CARTESIAN_POINT('Ctrl Pts',(-16.40449060667,-25.18308967564,-6.608196449208));
#6445=CARTESIAN_POINT('Ctrl Pts',(-16.47995511559,-25.26461366957,-6.608196449208));
#6446=CARTESIAN_POINT('Ctrl Pts',(-16.48783674654,-25.37876004882,-6.608196449208));
#6447=CARTESIAN_POINT('Ctrl Pts',(-16.44289192774,-25.4834977436,-6.608196449208));
#6448=CARTESIAN_POINT('Ctrl Pts',(-16.41663260249,-25.52439681907,-6.608196449208));
#6449=CARTESIAN_POINT('Ctrl Pts',(-16.38257606476,-25.56175699681,-6.608196449208));
#6450=CARTESIAN_POINT('Ctrl Pts',(-16.34038973804,-25.59428764719,-6.608196449208));
#6451=CARTESIAN_POINT('Ctrl Pts',(-16.29062081137,-25.62003098111,-6.608196449208));
#6452=CARTESIAN_POINT('Ctrl Pts',(-16.23372645934,-25.6371920802,-6.608196449208));
#6453=CARTESIAN_POINT('Ctrl Pts',(-16.14406683965,-25.64612816605,-6.608196449208));
#6454=CARTESIAN_POINT('Ctrl Pts',(-16.07429055271,-25.62987362749,-6.608196449208));
#6455=CARTESIAN_POINT('Ctrl Pts',(-16.02868664772,-25.60835837862,-6.608196449208));
#6456=CARTESIAN_POINT('Ctrl Pts',(-16.36635670096,-25.21391410592,-6.763026969739));
#6457=CARTESIAN_POINT('Ctrl Pts',(-16.4275476552,-25.2803001933,-6.763026969738));
#6458=CARTESIAN_POINT('Ctrl Pts',(-16.43411626374,-25.37341020402,-6.763026969739));
#6459=CARTESIAN_POINT('Ctrl Pts',(-16.39728474839,-25.45926288436,-6.763026969739));
#6460=CARTESIAN_POINT('Ctrl Pts',(-16.37570785319,-25.49287833472,-6.763026969739));
#6461=CARTESIAN_POINT('Ctrl Pts',(-16.34762473871,-25.52369617143,-6.763026969739));
#6462=CARTESIAN_POINT('Ctrl Pts',(-16.31268575247,-25.55064961805,-6.763026969739));
#6463=CARTESIAN_POINT('Ctrl Pts',(-16.27127252437,-25.57208178516,-6.763026969739));
#6464=CARTESIAN_POINT('Ctrl Pts',(-16.22373004015,-25.58643089928,-6.763026969739));
#6465=CARTESIAN_POINT('Ctrl Pts',(-16.14860852354,-25.59392328534,-6.763026969739));
#6466=CARTESIAN_POINT('Ctrl Pts',(-16.09015273861,-25.58029552829,-6.763026969739));
#6467=CARTESIAN_POINT('Ctrl Pts',(-16.05226252732,-25.56216306665,-6.763026969738));
#6468=CARTESIAN_POINT('',(-16.23160760085,-25.36294190402,-6.500000000001));
#6469=CARTESIAN_POINT('Origin',(-16.1722542544283,-25.3501625710524,-6.50000000000215));
#6470=CARTESIAN_POINT('',(-16.3881704093856,-25.4147047407815,-6.58682359465326));
#6471=CARTESIAN_POINT('Origin',(-16.2316067900018,-25.3629463177103,-6.69999999988813));
#6472=CARTESIAN_POINT('Ctrl Pts',(-16.1720800016248,-25.5999999999985,-6.70000000129976));
#6473=CARTESIAN_POINT('Ctrl Pts',(-16.1837435487544,-25.5999999230222,-6.69394196041717));
#6474=CARTESIAN_POINT('Ctrl Pts',(-16.1955698772605,-25.5989836250816,-6.6877789220501));
#6475=CARTESIAN_POINT('Ctrl Pts',(-16.2139454760629,-25.5957060263611,-6.6781861321261));
#6476=CARTESIAN_POINT('Ctrl Pts',(-16.2204903226402,-25.5942050447741,-6.67476616854743));
#6477=CARTESIAN_POINT('Ctrl Pts',(-16.2312447841845,-25.5911665939811,-6.66914367898178));
#6478=CARTESIAN_POINT('Ctrl Pts',(-16.2354700328241,-25.5898258367805,-6.66693397091021));
#6479=CARTESIAN_POINT('Ctrl Pts',(-16.251227244662,-25.584254481166,-6.65869273231906));
#6480=CARTESIAN_POINT('Ctrl Pts',(-16.262619131443,-25.5790665315277,-6.65272479548757));
#6481=CARTESIAN_POINT('Ctrl Pts',(-16.2841044709521,-25.5668318924616,-6.64147673232447));
#6482=CARTESIAN_POINT('Ctrl Pts',(-16.2942341483273,-25.5599232835762,-6.63617725615488));
#6483=CARTESIAN_POINT('Ctrl Pts',(-16.3065531374786,-25.5498807465372,-6.62971278618743));
#6484=CARTESIAN_POINT('Ctrl Pts',(-16.3091383227117,-25.5476758613485,-6.6283560192419));
#6485=CARTESIAN_POINT('Ctrl Pts',(-16.3188916154431,-25.5389728170926,-6.62323756211878));
#6486=CARTESIAN_POINT('Ctrl Pts',(-16.3258134567279,-25.5319785019728,-6.61960464175913));
#6487=CARTESIAN_POINT('Ctrl Pts',(-16.3353465398013,-25.5210394582097,-6.61459648419001));
#6488=CARTESIAN_POINT('Ctrl Pts',(-16.3382710983679,-25.517483035038,-6.61305954865119));
#6489=CARTESIAN_POINT('Ctrl Pts',(-16.3466354850518,-25.5066998439901,-6.60866478195648));
#6490=CARTESIAN_POINT('Ctrl Pts',(-16.3518143541582,-25.499204691878,-6.60594401399308));
#6491=CARTESIAN_POINT('Ctrl Pts',(-16.3587290263587,-25.4879391645329,-6.60231590602613));
#6492=CARTESIAN_POINT('Ctrl Pts',(-16.3607931087897,-25.4843849175377,-6.60123226180092));
#6493=CARTESIAN_POINT('Ctrl Pts',(-16.3677668981589,-25.471680737385,-6.59757038338501));
#6494=CARTESIAN_POINT('Ctrl Pts',(-16.3722264337224,-25.4622498348298,-6.59522733660237));
#6495=CARTESIAN_POINT('Ctrl Pts',(-16.3767174214975,-25.4510799123778,-6.59286498360714));
#6496=CARTESIAN_POINT('Ctrl Pts',(-16.3772937157983,-25.449608661664,-6.59256178078647));
#6497=CARTESIAN_POINT('Ctrl Pts',(-16.3814932279532,-25.4385982671699,-6.59035183705001));
#6498=CARTESIAN_POINT('Ctrl Pts',(-16.3845989766684,-25.4288098819074,-6.58871523257459));
#6499=CARTESIAN_POINT('Ctrl Pts',(-16.387499993465,-25.4174621790558,-6.58717909881095));
#6500=CARTESIAN_POINT('Ctrl Pts',(-16.3878405303082,-25.4160852059455,-6.58699861730666));
#6501=CARTESIAN_POINT('Ctrl Pts',(-16.3881704092108,-25.4147047404496,-6.58682359426129));
#6502=CARTESIAN_POINT('Origin',(-16.79632355184,-25.6,-6.5));
#6503=CARTESIAN_POINT('Origin',(-274.074703080692,-110.601475839699,-6.49996418937255));
#6504=CARTESIAN_POINT('',(-14.05,-24.66889334227,-6.5));
#6505=CARTESIAN_POINT('Ctrl Pts',(-16.61641806454,-23.99637316741,-6.511657311538));
#6506=CARTESIAN_POINT('Ctrl Pts',(-16.59565893542,-24.05870576882,-6.511584358952));
#6507=CARTESIAN_POINT('Ctrl Pts',(-16.51373127544,-24.30501771263,-6.511299030936));
#6508=CARTESIAN_POINT('Ctrl Pts',(-16.36517502358,-24.75383936524,-6.510799816891));
#6509=CARTESIAN_POINT('Ctrl Pts',(-16.23476376683,-25.15071607053,-6.510385098652));
#6510=CARTESIAN_POINT('Ctrl Pts',(-16.16511219165,-25.36348445279,-6.510170056655));
#6511=CARTESIAN_POINT('Ctrl Pts',(-16.16178532592,-25.37364903244,-6.510159800023));
#6512=CARTESIAN_POINT('Ctrl Pts',(-16.72430669651,-24.03267713301,-6.470991831261));
#6513=CARTESIAN_POINT('Ctrl Pts',(-16.70359889346,-24.09499545563,-6.471042303507));
#6514=CARTESIAN_POINT('Ctrl Pts',(-16.62187196993,-24.34125142829,-6.471242212009));
#6515=CARTESIAN_POINT('Ctrl Pts',(-16.47366689229,-24.78997426352,-6.471609565747));
#6516=CARTESIAN_POINT('Ctrl Pts',(-16.3435473684,-25.18676766622,-6.471937775341));
#6517=CARTESIAN_POINT('Ctrl Pts',(-16.27404707611,-25.3994924991,-6.472114465529));
#6518=CARTESIAN_POINT('Ctrl Pts',(-16.270727426,-25.40965500079,-6.47212290819));
#6519=CARTESIAN_POINT('Ctrl Pts',(-16.82685520893,-24.06718417601,-6.524886939599));
#6520=CARTESIAN_POINT('Ctrl Pts',(-16.80610108537,-24.12945692389,-6.525054727516));
#6521=CARTESIAN_POINT('Ctrl Pts',(-16.72419117784,-24.37553424902,-6.525715209737));
#6522=CARTESIAN_POINT('Ctrl Pts',(-16.57565320524,-24.82394168113,-6.526900579302));
#6523=CARTESIAN_POINT('Ctrl Pts',(-16.44524053311,-25.22046920046,-6.52792430983));
#6524=CARTESIAN_POINT('Ctrl Pts',(-16.37558357238,-25.4330550334,-6.528466153013));
#6525=CARTESIAN_POINT('Ctrl Pts',(-16.37225643888,-25.4432109027,-6.528492022564));
#6526=CARTESIAN_POINT('Ctrl Pts',(-16.86108535109,-24.07870244138,-6.640243963882));
#6527=CARTESIAN_POINT('Ctrl Pts',(-16.84021570731,-24.14092630745,-6.640450911083));
#6528=CARTESIAN_POINT('Ctrl Pts',(-16.75785147153,-24.38681202174,-6.641264451489));
#6529=CARTESIAN_POINT('Ctrl Pts',(-16.60850097599,-24.83488116391,-6.642716915805));
#6530=CARTESIAN_POINT('Ctrl Pts',(-16.47739030603,-25.23112350639,-6.643961619197));
#6531=CARTESIAN_POINT('Ctrl Pts',(-16.40736494053,-25.44356025304,-6.644617784303));
#6532=CARTESIAN_POINT('Ctrl Pts',(-16.40402022043,-25.45370900868,-6.644649105941));
#6533=CARTESIAN_POINT('Origin',(-281.857899606868,-112.684773725523,2.34479461929509));
#6534=CARTESIAN_POINT('Origin',(-25.5,-24.75735238064,0.));
#6535=CARTESIAN_POINT('',(-19.4002690833463,-25.4147045623007,-9.44483802003215));
#6536=CARTESIAN_POINT('Origin',(-13.9268173555794,-30.9894413413523,111.271664729567));
#6537=CARTESIAN_POINT('Origin',(-25.5,-25.41470476128,0.));
#6538=CARTESIAN_POINT('Origin',(-25.5,-25.35,0.));
#6539=CARTESIAN_POINT('Origin',(-19.26925824036,-25.35,-9.647691362717));
#6540=CARTESIAN_POINT('Origin',(-19.26925824036,-25.35,-9.647691362717));
#6541=CARTESIAN_POINT('Origin',(-19.26925824036,-25.35,-9.647691362717));
#6542=CARTESIAN_POINT('Origin',(-19.26925824036,-25.35,-9.647691362717));
#6543=CARTESIAN_POINT('Origin',(-19.26925824036,-25.35,-44.58557800793));
#6544=CARTESIAN_POINT('Origin',(-19.26925824036,-25.35,-11.43234204189));
#6545=CARTESIAN_POINT('Origin',(-19.26925824036,-25.35,-11.43234204189));
#6546=CARTESIAN_POINT('Origin',(-19.26925824036,-25.35,-11.43234204189));
#6547=CARTESIAN_POINT('Origin',(-94.55907776703,-25.35,-11.43234204189));
#6548=CARTESIAN_POINT('Ctrl Pts',(-18.1230749135256,-25.6,-11.4323420418915));
#6549=CARTESIAN_POINT('Ctrl Pts',(-18.1233363761299,-25.6,-11.4331018200259));
#6550=CARTESIAN_POINT('Ctrl Pts',(-18.1235977385998,-25.5999965364232,-11.4338616300014));
#6551=CARTESIAN_POINT('Ctrl Pts',(-18.1238589930586,-25.5999896083982,-11.4346214481489));
#6552=CARTESIAN_POINT('Ctrl Pts',(-18.1299735501838,-25.5998274607188,-11.4524046909256));
#6553=CARTESIAN_POINT('Ctrl Pts',(-18.1360170874634,-25.5977678906298,-11.4701597138309));
#6554=CARTESIAN_POINT('Ctrl Pts',(-18.1418927267599,-25.5938208027837,-11.487581666526));
#6555=CARTESIAN_POINT('Ctrl Pts',(-18.147733155314,-25.5898973685156,-11.504899215282));
#6556=CARTESIAN_POINT('Ctrl Pts',(-18.1533850415167,-25.5841241502872,-11.5218201291301));
#6557=CARTESIAN_POINT('Ctrl Pts',(-18.1587598374927,-25.5765555801946,-11.5380424159797));
#6558=CARTESIAN_POINT('Ctrl Pts',(-18.1651081713226,-25.5676161135101,-11.557203048842));
#6559=CARTESIAN_POINT('Ctrl Pts',(-18.1710182912019,-25.5562468454681,-11.5752287664625));
#6560=CARTESIAN_POINT('Ctrl Pts',(-18.1763624640601,-25.5426630112125,-11.5916560843048));
#6561=CARTESIAN_POINT('Ctrl Pts',(-18.179124694932,-25.5356419646751,-11.6001468359501));
#6562=CARTESIAN_POINT('Ctrl Pts',(-18.1817357317423,-25.5280293313975,-11.6082101159869));
#6563=CARTESIAN_POINT('Ctrl Pts',(-18.1841779367977,-25.5198580313019,-11.6157766329634));
#6564=CARTESIAN_POINT('Ctrl Pts',(-18.1890544861949,-25.5035417320341,-11.6308853126052));
#6565=CARTESIAN_POINT('Ctrl Pts',(-18.1931914588774,-25.4852172148547,-11.6438100109251));
#6566=CARTESIAN_POINT('Ctrl Pts',(-18.1964870589885,-25.4653305910123,-11.6541501904706));
#6567=CARTESIAN_POINT('Ctrl Pts',(-18.1975493909398,-25.4589201664465,-11.6574833324609));
#6568=CARTESIAN_POINT('Ctrl Pts',(-18.1985242970498,-25.4523476714258,-11.6605477117575));
#6569=CARTESIAN_POINT('Ctrl Pts',(-18.1994083676882,-25.4456292505396,-11.6633291550397));
#6570=CARTESIAN_POINT('Origin',(-17.2,-25.35,-10.25));
#6571=CARTESIAN_POINT('Origin',(-17.2,-25.35,-10.25));
#6572=CARTESIAN_POINT('Origin',(-17.2,-25.6,-10.25));
#6573=CARTESIAN_POINT('Ctrl Pts',(-19.88843397502,-24.02096520674,-9.319423310017));
#6574=CARTESIAN_POINT('Ctrl Pts',(-19.83090072861,-24.16717145949,-9.330509381186));
#6575=CARTESIAN_POINT('Ctrl Pts',(-19.6936227295,-24.51597847927,-9.356216862695));
#6576=CARTESIAN_POINT('Ctrl Pts',(-19.50934312751,-24.98405423502,-9.388364974479));
#6577=CARTESIAN_POINT('Ctrl Pts',(-19.38258055748,-25.30593954266,-9.408999468196));
#6578=CARTESIAN_POINT('Ctrl Pts',(-19.33562998249,-25.42514728399,-9.416440530151));
#6579=CARTESIAN_POINT('Ctrl Pts',(-20.01058196479,-24.06651950173,-9.364137059608));
#6580=CARTESIAN_POINT('Ctrl Pts',(-19.95288394405,-24.21268779182,-9.375711934663));
#6581=CARTESIAN_POINT('Ctrl Pts',(-19.81520763444,-24.56140714584,-9.402575418149));
#6582=CARTESIAN_POINT('Ctrl Pts',(-19.63037760456,-25.02937432056,-9.436243180139));
#6583=CARTESIAN_POINT('Ctrl Pts',(-19.50322701165,-25.35119052231,-9.457903359834));
#6584=CARTESIAN_POINT('Ctrl Pts',(-19.45613147498,-25.47037342008,-9.465721678966));
#6585=CARTESIAN_POINT('Ctrl Pts',(-20.07411377078,-24.08297460629,-9.485329401602));
#6586=CARTESIAN_POINT('Ctrl Pts',(-20.0159418296,-24.22910828919,-9.497157415809));
#6587=CARTESIAN_POINT('Ctrl Pts',(-19.87713829358,-24.57774772611,-9.524614109984));
#6588=CARTESIAN_POINT('Ctrl Pts',(-19.6908063994,-25.04561591715,-9.559044762911));
#6589=CARTESIAN_POINT('Ctrl Pts',(-19.56262972529,-25.36736912119,-9.58120945623));
#6590=CARTESIAN_POINT('Ctrl Pts',(-19.51515509678,-25.48652937128,-9.589211929634));
#6591=CARTESIAN_POINT('Ctrl Pts',(-20.04514202421,-24.06155349626,-9.618357287922));
#6592=CARTESIAN_POINT('Ctrl Pts',(-19.98643980189,-24.20767438664,-9.630067754103));
#6593=CARTESIAN_POINT('Ctrl Pts',(-19.84638137731,-24.55628428228,-9.657238453731));
#6594=CARTESIAN_POINT('Ctrl Pts',(-19.65839726512,-25.0241158841,-9.691268318262));
#6595=CARTESIAN_POINT('Ctrl Pts',(-19.5291037552,-25.3458458011,-9.713147249227));
#6596=CARTESIAN_POINT('Ctrl Pts',(-19.48121810933,-25.4649976795,-9.721042547547));
#6597=CARTESIAN_POINT('Origin',(-14.05,-75.91176,-6.7));
#6598=CARTESIAN_POINT('',(-13.85,-24.1,-6.7));
#6599=CARTESIAN_POINT('Origin',(-13.85,-28.5,8.));
#6600=CARTESIAN_POINT('',(-13.85,-24.74,6.7));
#6601=CARTESIAN_POINT('',(-13.85,-24.,-0.25));
#6602=CARTESIAN_POINT('',(-13.85,-24.,0.25));
#6603=CARTESIAN_POINT('',(-13.85,-24.1,-0.25));
#6604=CARTESIAN_POINT('Origin',(-16.5,-24.1,-0.25));
#6605=CARTESIAN_POINT('',(-16.5,-24.,-0.25));
#6606=CARTESIAN_POINT('',(-16.5,-24.,-0.25));
#6607=CARTESIAN_POINT('',(-16.5,-24.,-0.25));
#6608=CARTESIAN_POINT('Origin',(0.,-24.,0.));
#6609=CARTESIAN_POINT('',(-16.5,-24.,-0.25));
#6610=CARTESIAN_POINT('Origin',(-16.5,-24.1,0.25));
#6611=CARTESIAN_POINT('Origin',(-14.05,34.88478748248,6.7));
#6612=CARTESIAN_POINT('Origin',(68.55920810255,-23.85,11.9738310995));
#6613=CARTESIAN_POINT('',(-25.25,-24.05304325234,12.11968526529));
#6614=CARTESIAN_POINT('',(-25.75,-24.05304325234,12.11968526529));
#6615=CARTESIAN_POINT('',(-25.25,-24.05304325234,12.11968526529));
#6616=CARTESIAN_POINT('Origin',(-25.25,-23.85,11.9738310995));
#6617=CARTESIAN_POINT('',(-20.09798789903,-23.85349054508,12.2238067305));
#6618=CARTESIAN_POINT('Ctrl Pts',(-20.097987899032,-23.8534905450814,12.2238067305024));
#6619=CARTESIAN_POINT('Ctrl Pts',(-20.0934113056561,-23.8603454821612,12.2237110113044));
#6620=CARTESIAN_POINT('Ctrl Pts',(-20.0888782209499,-23.8672734308487,12.223334769803));
#6621=CARTESIAN_POINT('Ctrl Pts',(-20.0693543035802,-23.8982530957625,12.2203038527087));
#6622=CARTESIAN_POINT('Ctrl Pts',(-20.0558954343487,-23.9227418793037,12.2142936423757));
#6623=CARTESIAN_POINT('Ctrl Pts',(-20.0382805303154,-23.9667791393871,12.1960621050382));
#6624=CARTESIAN_POINT('Ctrl Pts',(-20.0326460561915,-23.9891668445998,12.1831256479792));
#6625=CARTESIAN_POINT('Ctrl Pts',(-20.028649155098,-24.0291379391503,12.1501296845723));
#6626=CARTESIAN_POINT('Ctrl Pts',(-20.0299029571465,-24.0466792940874,12.1300668747338));
#6627=CARTESIAN_POINT('Ctrl Pts',(-20.0333567664329,-24.072221608671,12.0905875845936));
#6628=CARTESIAN_POINT('Ctrl Pts',(-20.0357998652257,-24.0827851929875,12.06822449082));
#6629=CARTESIAN_POINT('Ctrl Pts',(-20.0384953242917,-24.0952180417909,12.0262000572813));
#6630=CARTESIAN_POINT('Ctrl Pts',(-20.0391213570529,-24.0984878091602,12.0069478149225));
#6631=CARTESIAN_POINT('Ctrl Pts',(-20.0386878728997,-24.0995715195434,11.98846177388));
#6632=CARTESIAN_POINT('',(-32.0608042664712,-23.8534905240824,12.2238052675868));
#6633=CARTESIAN_POINT('',(-32.06080401938,-23.85349053691,12.22380614533));
#6634=CARTESIAN_POINT('Origin',(-32.06080557376,-23.85000020942,11.97382900852));
#6635=CARTESIAN_POINT('Origin',(-25.75,-23.85,11.9738310995));
#6636=CARTESIAN_POINT('Origin',(-25.25,-24.1,12.11968526529));
#6637=CARTESIAN_POINT('',(-25.75,-24.,12.11968526529));
#6638=CARTESIAN_POINT('',(-25.75,-24.,12.11968526529));
#6639=CARTESIAN_POINT('',(-25.25,-24.,12.11968526529));
#6640=CARTESIAN_POINT('',(-25.75,-24.,12.11968526529));
#6641=CARTESIAN_POINT('',(-25.25,-24.,12.11968526529));
#6642=CARTESIAN_POINT('Origin',(-25.25,-24.1,9.));
#6643=CARTESIAN_POINT('',(-25.25,-24.,9.));
#6644=CARTESIAN_POINT('',(-25.25,-24.,12.11968526529));
#6645=CARTESIAN_POINT('',(-25.25,-24.,9.));
#6646=CARTESIAN_POINT('Origin',(-25.75,-24.1,9.));
#6647=CARTESIAN_POINT('',(-25.75,-24.,9.));
#6648=CARTESIAN_POINT('',(-25.25,-24.,9.));
#6649=CARTESIAN_POINT('',(-25.75,-24.,9.));
#6650=CARTESIAN_POINT('Origin',(-25.75,-24.1,12.11968526529));
#6651=CARTESIAN_POINT('',(-25.75,-24.,9.));
#6652=CARTESIAN_POINT('Origin',(0.,-24.,0.));
#6653=CARTESIAN_POINT('Origin',(-32.06081323435,-23.84997572031,10.22402522566));
#6654=CARTESIAN_POINT('',(-33.4748773119607,-23.8534905069433,11.6380759412506));
#6655=CARTESIAN_POINT('Origin',(-32.0607949707231,-23.8500001040255,10.2239811877448));
#6656=CARTESIAN_POINT('Origin',(-33.29811718691,-23.84999906314,11.46131751432));
#6657=CARTESIAN_POINT('Origin',(-33.13235229157,-23.85,11.62708590383));
#6658=CARTESIAN_POINT('',(-34.8880765346627,-23.8534905241016,10.2248785214189));
#6659=CARTESIAN_POINT('',(-34.88807697947,-23.85349053692,10.22487931677));
#6660=CARTESIAN_POINT('Origin',(-34.71131755213,-23.85000020252,10.048117689));
#6661=CARTESIAN_POINT('Origin',(-33.47402484604,-23.8499757037,8.810814147929));
#6662=CARTESIAN_POINT('',(-35.4738039987946,-23.8534905070119,8.81080470258794));
#6663=CARTESIAN_POINT('Origin',(-33.4739807924195,-23.8500001040148,8.81079592268798));
#6664=CARTESIAN_POINT('Origin',(-35.22382863311,-23.84999906433,8.810805902955));
#6665=CARTESIAN_POINT('Origin',(-35.2238310995,-23.85,9.045235337506));
#6666=CARTESIAN_POINT('',(-35.4738067305,-23.85349054508,1.));
#6667=CARTESIAN_POINT('Origin',(-35.61,-14.1,-14.22799999808));
#6668=CARTESIAN_POINT('',(-35.61,-14.1,8.86721711887));
#6669=CARTESIAN_POINT('',(-35.61,-14.1,8.86721711887));
#6670=CARTESIAN_POINT('',(-35.61,-14.1,-8.867217118878));
#6671=CARTESIAN_POINT('',(-35.61,-14.1,8.86721711887));
#6672=CARTESIAN_POINT('',(-35.47380614533,-23.85349053691,-8.810804019377));
#6673=CARTESIAN_POINT('Origin',(-32.74669395621,-75.91176,-8.509543295297));
#6674=CARTESIAN_POINT('',(-35.02427066249,-14.1,-10.28129282937));
#6675=CARTESIAN_POINT('Origin',(-33.6102110117611,-14.1000000000008,-8.86722377104684));
#6676=CARTESIAN_POINT('',(-35.02427066249,-14.1,-10.28129282937));
#6677=CARTESIAN_POINT('Origin',(-36.30155043064,-14.1,-9.004013061219));
#6678=CARTESIAN_POINT('',(-33.531293410366,-14.0999999994154,-11.7742700815054));
#6679=CARTESIAN_POINT('',(-35.02427066249,-14.1,-10.28129282937));
#6680=CARTESIAN_POINT('',(-33.47488149883,-23.85349053514,-11.63807479744));
#6681=CARTESIAN_POINT('Origin',(-31.7595432953,-75.91176,-9.496693956207));
#6682=CARTESIAN_POINT('Origin',(-32.1172237710498,-14.1000000000005,-10.3602110117581));
#6683=CARTESIAN_POINT('Origin',(13.25675936622,-14.1,-22.25));
#6684=CARTESIAN_POINT('',(9.60999999999974,-14.1000000000323,-10.3601949580699));
#6685=CARTESIAN_POINT('Origin',(7.6098050290139,-14.1,-10.3598050290099));
#6686=CARTESIAN_POINT('',(-35.02427066249,-14.1,10.28129282937));
#6687=CARTESIAN_POINT('Origin',(-33.6102110117611,-14.1000000000007,8.86722377104685));
#6688=CARTESIAN_POINT('',(-33.53129282937,-14.1,11.77427066249));
#6689=CARTESIAN_POINT('',(-33.53129282937,-14.1,11.77427066249));
#6690=CARTESIAN_POINT('',(-32.11721711888,-14.1,12.36));
#6691=CARTESIAN_POINT('Origin',(-32.1172237710498,-14.1000000000005,10.3602110117581));
#6692=CARTESIAN_POINT('',(7.610194951981,-14.1,12.36));
#6693=CARTESIAN_POINT('',(7.610194951981,-14.1,12.36));
#6694=CARTESIAN_POINT('',(9.61,-14.1,10.36019495405));
#6695=CARTESIAN_POINT('Origin',(7.60980502901396,-14.1,10.359805029014));
#6696=CARTESIAN_POINT('',(9.61,-14.10000000001,-10.36019496079));
#6697=CARTESIAN_POINT('Origin',(8.590209849994,56.11176,-11.34020984999));
#6698=CARTESIAN_POINT('Ctrl Pts',(7.47055753581203,-24.1001462143695,-12.220362543834));
#6699=CARTESIAN_POINT('Ctrl Pts',(7.73528735757152,-24.1025492978345,-12.2203289829847));
#6700=CARTESIAN_POINT('Ctrl Pts',(7.99761518586524,-24.101956588501,-12.1677843106182));
#6701=CARTESIAN_POINT('Ctrl Pts',(8.48239656542353,-24.1035441976736,-11.9649748665795));
#6702=CARTESIAN_POINT('Ctrl Pts',(8.70062498831135,-24.1036848109949,-11.8186040977815));
#6703=CARTESIAN_POINT('Ctrl Pts',(9.06873708880171,-24.1036809906635,-11.4504636889031));
#6704=CARTESIAN_POINT('Ctrl Pts',(9.2151132057212,-24.1035534691986,-11.2321697090201));
#6705=CARTESIAN_POINT('Ctrl Pts',(9.41784368945279,-24.1019258260981,-10.7473683075186));
#6706=CARTESIAN_POINT('Ctrl Pts',(9.47032748893996,-24.1026563778813,-10.4851494405626));
#6707=CARTESIAN_POINT('Ctrl Pts',(9.47036254383938,-24.1001462142738,-10.2205575270022));
#6708=CARTESIAN_POINT('',(9.61,-14.10000000001,-10.36019496079));
#6709=CARTESIAN_POINT('Ctrl Pts',(9.494343420203,-24.04071153615,-10.17811805186));
#6710=CARTESIAN_POINT('Ctrl Pts',(9.321168312897,-24.45916935857,-10.18174909113));
#6711=CARTESIAN_POINT('Ctrl Pts',(9.147993205591,-24.87762718099,-10.1853801304));
#6712=CARTESIAN_POINT('Ctrl Pts',(8.974818098285,-25.29608500341,-10.18901116967));
#6713=CARTESIAN_POINT('Ctrl Pts',(9.494679503127,-24.0407759955,-10.19226339364));
#6714=CARTESIAN_POINT('Ctrl Pts',(9.321475801859,-24.45921651932,-10.19468418574));
#6715=CARTESIAN_POINT('Ctrl Pts',(9.148272100591,-24.87765704313,-10.19710497783));
#6716=CARTESIAN_POINT('Ctrl Pts',(8.975068399323,-25.29609756694,-10.19952576992));
#6717=CARTESIAN_POINT('Ctrl Pts',(9.496807503427,-24.04152295724,-10.35794764859));
#6718=CARTESIAN_POINT('Ctrl Pts',(9.323423616548,-24.45976302297,-10.34619280638));
#6719=CARTESIAN_POINT('Ctrl Pts',(9.150039729669,-24.8780030887,-10.33443796417));
#6720=CARTESIAN_POINT('Ctrl Pts',(8.97665584279,-25.29624315442,-10.32268312196));
#6721=CARTESIAN_POINT('Ctrl Pts',(9.460579456489,-24.0427727062,-10.67494401445));
#6722=CARTESIAN_POINT('Ctrl Pts',(9.290298780233,-24.46067738355,-10.63606709948));
#6723=CARTESIAN_POINT('Ctrl Pts',(9.120018103977,-24.8785820609,-10.5971901845));
#6724=CARTESIAN_POINT('Ctrl Pts',(8.949737427722,-25.29648673825,-10.55831326953));
#6725=CARTESIAN_POINT('Ctrl Pts',(9.309640782191,-24.04402227079,-11.10660958651));
#6726=CARTESIAN_POINT('Ctrl Pts',(9.152279062379,-24.46159160924,-11.0307983964));
#6727=CARTESIAN_POINT('Ctrl Pts',(8.994917342566,-24.87916094769,-10.95498720629));
#6728=CARTESIAN_POINT('Ctrl Pts',(8.837555622754,-25.29673028614,-10.87917601618));
#6729=CARTESIAN_POINT('Ctrl Pts',(9.066312978462,-24.04466182072,-11.49361853469));
#6730=CARTESIAN_POINT('Ctrl Pts',(8.929774361956,-24.46205952661,-11.38469276333));
#6731=CARTESIAN_POINT('Ctrl Pts',(8.793235745449,-24.8794572325,-11.27576699196));
#6732=CARTESIAN_POINT('Ctrl Pts',(8.656697128942,-25.29685493839,-11.16684122059));
#6733=CARTESIAN_POINT('Ctrl Pts',(8.742871786918,-24.04466117971,-11.81691571662));
#6734=CARTESIAN_POINT('Ctrl Pts',(8.63400991285,-24.46205905762,-11.68032552239));
#6735=CARTESIAN_POINT('Ctrl Pts',(8.525148038782,-24.87945693554,-11.54373532817));
#6736=CARTESIAN_POINT('Ctrl Pts',(8.416286164714,-25.29685481345,-11.40714513394));
#6737=CARTESIAN_POINT('Ctrl Pts',(8.355748056441,-24.04402018015,-12.06003263129));
#6738=CARTESIAN_POINT('Ctrl Pts',(8.280010581807,-24.46159007965,-11.90263737576));
#6739=CARTESIAN_POINT('Ctrl Pts',(8.204273107173,-24.87915997916,-11.74524212023));
#6740=CARTESIAN_POINT('Ctrl Pts',(8.128535632539,-25.29672987866,-11.58784686469));
#6741=CARTESIAN_POINT('Ctrl Pts',(7.924476844648,-24.04277095544,-12.21065330128));
#6742=CARTESIAN_POINT('Ctrl Pts',(7.885639900751,-24.46067610263,-12.04036630169));
#6743=CARTESIAN_POINT('Ctrl Pts',(7.846802956854,-24.87858124983,-11.87007930209));
#6744=CARTESIAN_POINT('Ctrl Pts',(7.807966012957,-25.29648639702,-11.6997923025));
#6745=CARTESIAN_POINT('Ctrl Pts',(7.607823797492,-24.04152228143,-12.24677952443));
#6746=CARTESIAN_POINT('Ctrl Pts',(7.596079551449,-24.45976252852,-12.07339802998));
#6747=CARTESIAN_POINT('Ctrl Pts',(7.584335305405,-24.87800277561,-11.90001653553));
#6748=CARTESIAN_POINT('Ctrl Pts',(7.572591059362,-25.2962430227,-11.72663504108));
#6749=CARTESIAN_POINT('Ctrl Pts',(7.442257640188,-24.04077599195,-12.24468445673));
#6750=CARTESIAN_POINT('Ctrl Pts',(7.444678924594,-24.45921651671,-12.07148033158));
#6751=CARTESIAN_POINT('Ctrl Pts',(7.447100208999,-24.87765704148,-11.89827620642));
#6752=CARTESIAN_POINT('Ctrl Pts',(7.449521493405,-25.29609756625,-11.72507208126));
#6753=CARTESIAN_POINT('Ctrl Pts',(7.428108757492,-24.04071153026,-12.24435139093));
#6754=CARTESIAN_POINT('Ctrl Pts',(7.431740592061,-24.45916935426,-12.07117560156));
#6755=CARTESIAN_POINT('Ctrl Pts',(7.435372426631,-24.87762717826,-11.89799981218));
#6756=CARTESIAN_POINT('Ctrl Pts',(7.439004261201,-25.29608500226,-11.72482402281));
#6757=CARTESIAN_POINT('Origin',(9.61,-14.1,14.22799999808));
#6758=CARTESIAN_POINT('',(9.470362543586,-24.10014621528,10.22055750258));
#6759=CARTESIAN_POINT('Origin',(6.746693956207,-75.91176,9.496693956207));
#6760=CARTESIAN_POINT('Ctrl Pts',(9.47036254384258,-24.1001462140482,10.2205575025917));
#6761=CARTESIAN_POINT('Ctrl Pts',(9.47032728915839,-24.1026709166071,10.4851463693342));
#6762=CARTESIAN_POINT('Ctrl Pts',(9.41784523083588,-24.101921317604,10.7473669063819));
#6763=CARTESIAN_POINT('Ctrl Pts',(9.21511300265471,-24.1035548353716,11.2321680960379));
#6764=CARTESIAN_POINT('Ctrl Pts',(9.06874096531628,-24.1036788635935,11.4504572609286));
#6765=CARTESIAN_POINT('Ctrl Pts',(8.70064535281646,-24.103683414338,11.8185863805244));
#6766=CARTESIAN_POINT('Ctrl Pts',(8.4824299320617,-24.1035436739104,11.9649537440212));
#6767=CARTESIAN_POINT('Ctrl Pts',(7.99764845427966,-24.1019579370343,12.1677776802208));
#6768=CARTESIAN_POINT('Ctrl Pts',(7.73531057362456,-24.1025424101475,12.220329079098));
#6769=CARTESIAN_POINT('Ctrl Pts',(7.47055753631647,-24.1001462143597,12.2203625438382));
#6770=CARTESIAN_POINT('',(7.610194951981,-14.1,12.36));
#6771=CARTESIAN_POINT('Ctrl Pts',(8.974817272886,-25.29608500329,10.18901083924));
#6772=CARTESIAN_POINT('Ctrl Pts',(9.147992285422,-24.8776271786,10.18537976195));
#6773=CARTESIAN_POINT('Ctrl Pts',(9.321167297958,-24.45916935391,10.18174868466));
#6774=CARTESIAN_POINT('Ctrl Pts',(9.494342310493,-24.04071152923,10.17811760737));
#6775=CARTESIAN_POINT('Ctrl Pts',(8.975067893369,-25.29609756727,10.19952550269));
#6776=CARTESIAN_POINT('Ctrl Pts',(9.148271536635,-24.8776570418,10.19710467984));
#6777=CARTESIAN_POINT('Ctrl Pts',(9.321475179901,-24.45921651634,10.19468385699));
#6778=CARTESIAN_POINT('Ctrl Pts',(9.494678823166,-24.04077599087,10.19226303415));
#6779=CARTESIAN_POINT('Ctrl Pts',(8.976658572942,-25.2962431626,10.32268635057));
#6780=CARTESIAN_POINT('Ctrl Pts',(9.150042774229,-24.87800310604,10.33444156436));
#6781=CARTESIAN_POINT('Ctrl Pts',(9.323426975517,-24.45976304948,10.34619677815));
#6782=CARTESIAN_POINT('Ctrl Pts',(9.496811176805,-24.04152299291,10.35795199194));
#6783=CARTESIAN_POINT('Ctrl Pts',(8.949734138632,-25.29648676023,10.55833435005));
#6784=CARTESIAN_POINT('Ctrl Pts',(9.120014436098,-24.87858211107,10.59721369156));
#6785=CARTESIAN_POINT('Ctrl Pts',(9.290294733563,-24.4606774619,10.63609303307));
#6786=CARTESIAN_POINT('Ctrl Pts',(9.460575031029,-24.04277281273,10.67497237457));
#6787=CARTESIAN_POINT('Ctrl Pts',(8.837535563684,-25.29673031344,10.87921842377));
#6788=CARTESIAN_POINT('Ctrl Pts',(8.994894973992,-24.8791610105,10.95503449559));
#6789=CARTESIAN_POINT('Ctrl Pts',(9.152254384299,-24.46159170755,11.03085056742));
#6790=CARTESIAN_POINT('Ctrl Pts',(9.309613794607,-24.0440224046,11.10666663924));
#6791=CARTESIAN_POINT('Ctrl Pts',(8.656676303882,-25.2968549455,11.16686709616));
#6792=CARTESIAN_POINT('Ctrl Pts',(8.793212523029,-24.87945724732,11.27579584643));
#6793=CARTESIAN_POINT('Ctrl Pts',(8.929748742177,-24.46205954914,11.38472459669));
#6794=CARTESIAN_POINT('Ctrl Pts',(9.066284961324,-24.04466185096,11.49365334696));
#6795=CARTESIAN_POINT('Ctrl Pts',(8.416247982767,-25.29685480687,11.40717663076));
#6796=CARTESIAN_POINT('Ctrl Pts',(8.52510546151,-24.87945691781,11.5437704513));
#6797=CARTESIAN_POINT('Ctrl Pts',(8.633962940253,-24.46205902874,11.68036427184));
#6798=CARTESIAN_POINT('Ctrl Pts',(8.742820418995,-24.04466113967,11.81695809238));
#6799=CARTESIAN_POINT('Ctrl Pts',(8.128499275225,-25.29672985546,11.58786229671));
#6800=CARTESIAN_POINT('Ctrl Pts',(8.204232564839,-24.87915992193,11.74525932946));
#6801=CARTESIAN_POINT('Ctrl Pts',(8.279965854454,-24.46158998839,11.90265636221));
#6802=CARTESIAN_POINT('Ctrl Pts',(8.355699144068,-24.04402005485,12.06005339496));
#6803=CARTESIAN_POINT('Ctrl Pts',(7.807952258778,-25.29648638422,11.69979405125));
#6804=CARTESIAN_POINT('Ctrl Pts',(7.846787619555,-24.87858121733,11.87008125264));
#6805=CARTESIAN_POINT('Ctrl Pts',(7.885622980333,-24.46067605044,12.04036845403));
#6806=CARTESIAN_POINT('Ctrl Pts',(7.92445834111,-24.04277088355,12.21065565541));
#6807=CARTESIAN_POINT('Ctrl Pts',(7.572589979343,-25.29624302113,11.72663372688));
#6808=CARTESIAN_POINT('Ctrl Pts',(7.584334101117,-24.87800276978,11.90001507031));
#6809=CARTESIAN_POINT('Ctrl Pts',(7.59607822289,-24.45976251843,12.07339641375));
#6810=CARTESIAN_POINT('Ctrl Pts',(7.607822344664,-24.04152226708,12.24677775718));
#6811=CARTESIAN_POINT('Ctrl Pts',(7.449521148515,-25.29609756736,11.72507232279));
#6812=CARTESIAN_POINT('Ctrl Pts',(7.447099824404,-24.87765704201,11.89827647598));
#6813=CARTESIAN_POINT('Ctrl Pts',(7.444678500293,-24.45921651667,12.07148062917));
#6814=CARTESIAN_POINT('Ctrl Pts',(7.442257176182,-24.04077599133,12.24468478236));
#6815=CARTESIAN_POINT('Ctrl Pts',(7.439003678225,-25.29608500327,11.72482441235));
#6816=CARTESIAN_POINT('Ctrl Pts',(7.43537177654,-24.87762717855,11.8980002468));
#6817=CARTESIAN_POINT('Ctrl Pts',(7.431739874856,-24.45916935382,12.07117608125));
#6818=CARTESIAN_POINT('Ctrl Pts',(7.428107973172,-24.0407115291,12.2443519157));
#6819=CARTESIAN_POINT('Origin',(-37.47799999808,-14.1,12.36));
#6820=CARTESIAN_POINT('Origin',(-20.0397512452727,-23.4237674877191,12.2298071862227));
#6821=CARTESIAN_POINT('',(-32.06080401938,-23.85349053691,12.22380614533));
#6822=CARTESIAN_POINT('Origin',(0.9554457596433,-75.91176,-9.500354804857));
#6823=CARTESIAN_POINT('Origin',(-31.7595432953,-75.91176,9.496693956207));
#6824=CARTESIAN_POINT('',(-33.53129282937,-14.1,11.77427066249));
#6825=CARTESIAN_POINT('Origin',(-32.25401306122,-14.1,13.05155043064));
#6826=CARTESIAN_POINT('',(-34.88807697947,-23.85349053692,10.22487931677));
#6827=CARTESIAN_POINT('Origin',(-32.74669395621,-75.91176,8.509543295297));
#6828=CARTESIAN_POINT('Origin',(-17.2,-25.6,10.25));
#6829=CARTESIAN_POINT('Origin',(7.25,-25.5,10.25));
#6830=CARTESIAN_POINT('',(6.45,-25.4,10.25));
#6831=CARTESIAN_POINT('',(7.25,-25.4,11.0500000000019));
#6832=CARTESIAN_POINT('Origin',(7.25,-25.4,10.25));
#6833=CARTESIAN_POINT('Origin',(7.25,-25.4,10.25));
#6834=CARTESIAN_POINT('',(7.25,-25.5,11.1500000000019));
#6835=CARTESIAN_POINT('Origin',(7.25,-25.6,10.25));
#6836=CARTESIAN_POINT('',(6.45,-22.6,10.25));
#6837=CARTESIAN_POINT('Origin',(7.25,-22.6,10.25));
#6838=CARTESIAN_POINT('',(6.45,-25.6,10.25));
#6839=CARTESIAN_POINT('Origin',(0.,-22.6,0.));
#6840=CARTESIAN_POINT('Origin',(7.25,-25.5,-10.25));
#6841=CARTESIAN_POINT('',(6.45,-25.4,-10.25));
#6842=CARTESIAN_POINT('',(7.25,-25.4,-9.4499999999981));
#6843=CARTESIAN_POINT('Origin',(7.25,-25.4,-10.25));
#6844=CARTESIAN_POINT('Origin',(7.25,-25.4,-10.25));
#6845=CARTESIAN_POINT('',(7.25,-25.5,-9.3499999999981));
#6846=CARTESIAN_POINT('Origin',(7.25,-25.6,-10.25));
#6847=CARTESIAN_POINT('',(6.45,-22.6,-10.25));
#6848=CARTESIAN_POINT('Origin',(7.25,-22.6,-10.25));
#6849=CARTESIAN_POINT('',(6.45,-25.6,-10.25));
#6850=CARTESIAN_POINT('Origin',(0.,-22.6,0.));
#6851=CARTESIAN_POINT('Origin',(-17.2,-25.5,-10.25));
#6852=CARTESIAN_POINT('',(-18.,-25.4,-10.25));
#6853=CARTESIAN_POINT('',(-17.2,-25.4,-9.4499999999981));
#6854=CARTESIAN_POINT('Origin',(-17.2,-25.4,-10.25));
#6855=CARTESIAN_POINT('Origin',(-17.2,-25.4,-10.25));
#6856=CARTESIAN_POINT('',(-17.2,-25.5,-9.3499999999981));
#6857=CARTESIAN_POINT('Origin',(-17.2,-25.6,-10.25));
#6858=CARTESIAN_POINT('',(-18.,-22.6,-10.25));
#6859=CARTESIAN_POINT('Origin',(-17.2,-22.6,-10.25));
#6860=CARTESIAN_POINT('',(-18.,-25.6,-10.25));
#6861=CARTESIAN_POINT('Origin',(0.,-22.6,0.));
#6862=CARTESIAN_POINT('Origin',(-17.2,-25.5,10.25));
#6863=CARTESIAN_POINT('',(-18.,-25.4,10.25));
#6864=CARTESIAN_POINT('',(-17.2,-25.4,11.0500000000019));
#6865=CARTESIAN_POINT('Origin',(-17.2,-25.4,10.25));
#6866=CARTESIAN_POINT('Origin',(-17.2,-25.4,10.25));
#6867=CARTESIAN_POINT('',(-17.2,-25.5,11.1500000000019));
#6868=CARTESIAN_POINT('Origin',(-17.2,-25.6,10.25));
#6869=CARTESIAN_POINT('',(-18.,-22.6,10.25));
#6870=CARTESIAN_POINT('Origin',(-17.2,-22.6,10.25));
#6871=CARTESIAN_POINT('',(-18.,-25.6,10.25));
#6872=CARTESIAN_POINT('Origin',(0.,-22.6,0.));
#6873=CARTESIAN_POINT('Origin',(-19.30949763423,-24.1,-6.544055756366));
#6874=CARTESIAN_POINT('',(-18.03971297761,-24.,-7.813840412983));
#6875=CARTESIAN_POINT('',(-18.03971297761,-24.,-7.813840412983));
#6876=CARTESIAN_POINT('',(-19.30949763423,-24.,-6.544055756367));
#6877=CARTESIAN_POINT('',(-18.03971297761,-24.,-7.813840412983));
#6878=CARTESIAN_POINT('',(-19.30949763423,-24.,-6.544055756367));
#6879=CARTESIAN_POINT('Origin',(-19.13603896932,-24.1,-6.363961030679));
#6880=CARTESIAN_POINT('',(-19.13603896933,-24.,-6.363961030691));
#6881=CARTESIAN_POINT('',(-19.30949763423,-24.,-6.544055756367));
#6882=CARTESIAN_POINT('',(-19.13603896933,-24.,-6.363961030691));
#6883=CARTESIAN_POINT('Origin',(-18.95594424363,-24.1,-6.190502365772));
#6884=CARTESIAN_POINT('',(-18.95594424363,-24.,-6.190502365774));
#6885=CARTESIAN_POINT('',(-19.13603896933,-24.,-6.363961030691));
#6886=CARTESIAN_POINT('',(-18.95594424363,-24.,-6.190502365774));
#6887=CARTESIAN_POINT('Origin',(-17.68615958702,-24.1,-7.460287022388));
#6888=CARTESIAN_POINT('',(-17.68615958702,-24.,-7.460287022389));
#6889=CARTESIAN_POINT('',(-18.95594424363,-24.,-6.190502365774));
#6890=CARTESIAN_POINT('',(-17.68615958702,-24.,-7.460287022389));
#6891=CARTESIAN_POINT('Origin',(-18.03971297761,-24.1,-7.813840412981));
#6892=CARTESIAN_POINT('',(-17.68615958702,-24.,-7.460287022389));
#6893=CARTESIAN_POINT('Origin',(0.,-24.,0.));
#6894=CARTESIAN_POINT('Origin',(-19.30949763423,-24.1,6.544055756366));
#6895=CARTESIAN_POINT('',(-19.13603896934,-24.,6.363961030693));
#6896=CARTESIAN_POINT('',(-19.13603896934,-24.,6.363961030693));
#6897=CARTESIAN_POINT('',(-19.30949763423,-24.,6.544055756364));
#6898=CARTESIAN_POINT('',(-19.13603896934,-24.,6.363961030693));
#6899=CARTESIAN_POINT('',(-19.30949763423,-24.,6.544055756364));
#6900=CARTESIAN_POINT('Origin',(-18.03971297761,-24.1,7.813840412981));
#6901=CARTESIAN_POINT('',(-18.03971297761,-24.,7.81384041298));
#6902=CARTESIAN_POINT('',(-19.30949763423,-24.,6.544055756364));
#6903=CARTESIAN_POINT('',(-18.03971297761,-24.,7.81384041298));
#6904=CARTESIAN_POINT('Origin',(-17.68615958702,-24.1,7.460287022388));
#6905=CARTESIAN_POINT('',(-17.68615958702,-24.,7.460287022386));
#6906=CARTESIAN_POINT('',(-18.03971297761,-24.,7.81384041298));
#6907=CARTESIAN_POINT('',(-17.68615958702,-24.,7.460287022386));
#6908=CARTESIAN_POINT('Origin',(-18.95594424363,-24.1,6.190502365772));
#6909=CARTESIAN_POINT('',(-18.95594424363,-24.,6.190502365771));
#6910=CARTESIAN_POINT('',(-17.68615958702,-24.,7.460287022386));
#6911=CARTESIAN_POINT('',(-18.95594424363,-24.,6.190502365771));
#6912=CARTESIAN_POINT('Origin',(-19.13603896932,-24.1,6.363961030679));
#6913=CARTESIAN_POINT('',(-18.95594424363,-24.,6.190502365771));
#6914=CARTESIAN_POINT('Origin',(0.,-24.,0.));
#6915=CARTESIAN_POINT('Origin',(-25.5,-21.9,0.));
#6916=CARTESIAN_POINT('',(-30.5,-24.3,-6.12323399573677E-16));
#6917=CARTESIAN_POINT('Origin',(-25.5,-24.3,0.));
#6918=CARTESIAN_POINT('',(-30.5,-21.9,-6.12323399573677E-16));
#6919=CARTESIAN_POINT('Origin',(0.,-24.3,0.));
#6920=CARTESIAN_POINT('',(-28.5,-24.3,-3.67394039744206E-16));
#6921=CARTESIAN_POINT('Origin',(-25.5,-24.3,0.));
#6922=CARTESIAN_POINT('Origin',(-25.5,-28.5,0.));
#6923=CARTESIAN_POINT('',(-25.3747205338035,-27.95,2.99738303447349));
#6924=CARTESIAN_POINT('',(-28.5,-27.95,-3.67394039744206E-16));
#6925=CARTESIAN_POINT('Origin',(-25.5,-27.95,0.));
#6926=CARTESIAN_POINT('',(-28.5,-28.5,-3.67394039744206E-16));
#6927=CARTESIAN_POINT('Origin',(-25.5,-27.95,0.));
#6928=CARTESIAN_POINT('Origin',(-25.5,-27.95,0.));
#6929=CARTESIAN_POINT('',(-25.38516048932,-28.2,2.747601114934));
#6930=CARTESIAN_POINT('Origin',(-25.5,-28.2,0.));
#6931=CARTESIAN_POINT('Origin',(-25.3851604893198,-27.95,2.74760111493403));
#6932=CARTESIAN_POINT('Origin',(0.,-28.2,0.));
#6933=CARTESIAN_POINT('',(-25.5,-28.2,-1.3));
#6934=CARTESIAN_POINT('Origin',(-25.5,-28.2,0.));
#6935=CARTESIAN_POINT('Origin',(-25.5,-28.2,0.));
#6936=CARTESIAN_POINT('',(-25.5,-22.8,-1.3));
#6937=CARTESIAN_POINT('Origin',(-25.5,-22.8,0.));
#6938=CARTESIAN_POINT('',(-25.5,-28.2,-1.3));
#6939=CARTESIAN_POINT('Origin',(0.,-22.8,0.));
#6940=UNCERTAINTY_MEASURE_WITH_UNIT(LENGTH_MEASURE(0.01),#6944,
'DISTANCE_ACCURACY_VALUE',
'Maximum model space distance between geometric entities at asserted c
onnectivities');
#6941=UNCERTAINTY_MEASURE_WITH_UNIT(LENGTH_MEASURE(0.01),#6944,
'DISTANCE_ACCURACY_VALUE',
'Maximum model space distance between geometric entities at asserted c
onnectivities');
#6942=(
GEOMETRIC_REPRESENTATION_CONTEXT(3)
GLOBAL_UNCERTAINTY_ASSIGNED_CONTEXT((#6940))
GLOBAL_UNIT_ASSIGNED_CONTEXT((#6944,#6946,#6947))
REPRESENTATION_CONTEXT('','3D')
);
#6943=(
GEOMETRIC_REPRESENTATION_CONTEXT(3)
GLOBAL_UNCERTAINTY_ASSIGNED_CONTEXT((#6941))
GLOBAL_UNIT_ASSIGNED_CONTEXT((#6944,#6946,#6947))
REPRESENTATION_CONTEXT('','3D')
);
#6944=(
LENGTH_UNIT()
NAMED_UNIT(*)
SI_UNIT(.MILLI.,.METRE.)
);
#6945=(
LENGTH_UNIT()
NAMED_UNIT(*)
SI_UNIT($,.METRE.)
);
#6946=(
NAMED_UNIT(*)
PLANE_ANGLE_UNIT()
SI_UNIT($,.RADIAN.)
);
#6947=(
NAMED_UNIT(*)
SI_UNIT($,.STERADIAN.)
SOLID_ANGLE_UNIT()
);
#6948=SHAPE_DEFINITION_REPRESENTATION(#6949,#6950);
#6949=PRODUCT_DEFINITION_SHAPE('',$,#6952);
#6950=SHAPE_REPRESENTATION('',(#3730),#6942);
#6951=PRODUCT_DEFINITION_CONTEXT('part definition',#6956,'design');
#6952=PRODUCT_DEFINITION('XG-ZIJI_16','XG-ZIJI_16',#6953,#6951);
#6953=PRODUCT_DEFINITION_FORMATION('',$,#6958);
#6954=PRODUCT_RELATED_PRODUCT_CATEGORY('XG-ZIJI_16','XG-ZIJI_16',(#6958));
#6955=APPLICATION_PROTOCOL_DEFINITION('international standard',
'automotive_design',2009,#6956);
#6956=APPLICATION_CONTEXT(
'Core Data for Automotive Mechanical Design Process');
#6957=PRODUCT_CONTEXT('part definition',#6956,'mechanical');
#6958=PRODUCT('XG-ZIJI_16','XG-ZIJI_16',$,(#6957));
#6959=PRESENTATION_STYLE_ASSIGNMENT((#6961));
#6960=PRESENTATION_STYLE_ASSIGNMENT((#6962));
#6961=SURFACE_STYLE_USAGE(.BOTH.,#6963);
#6962=SURFACE_STYLE_USAGE(.BOTH.,#6964);
#6963=SURFACE_SIDE_STYLE('',(#6965));
#6964=SURFACE_SIDE_STYLE('',(#6966));
#6965=SURFACE_STYLE_FILL_AREA(#6967);
#6966=SURFACE_STYLE_FILL_AREA(#6968);
#6967=FILL_AREA_STYLE('Acero - Satinado',(#6969));
#6968=FILL_AREA_STYLE('Opaque(25,25,25)',(#6970));
#6969=FILL_AREA_STYLE_COLOUR('Acero - Satinado',#6971);
#6970=FILL_AREA_STYLE_COLOUR('Opaque(25,25,25)',#6972);
#6971=COLOUR_RGB('Acero - Satinado',0.627450980392157,0.627450980392157,
0.627450980392157);
#6972=COLOUR_RGB('Opaque(25,25,25)',0.0980392156862745,0.0980392156862745,
0.0980392156862745);
ENDSEC;
END-ISO-10303-21;
